Date,Year,State,Horizon,Outcome,Prediction_PRICE,Prediction_PRICE+SGE,Prediction_PRICE+FX,Prediction_PRICE+SGE+FX
2019-01-02,2019,PERSIST,20,0.0007042253521127861,-0.0213342486048781,-0.018348908018919523,-0.020116725800234832,-0.016531782987683194
2019-01-03,2019,PERSIST,20,-0.014578271433529966,-0.023672617527487283,-0.0221900642669996,-0.018108935373743563,-0.015040605529698447
2019-01-04,2019,PERSIST,20,0.0024647887323943074,-0.02127130174626411,-0.02026549257161514,-0.01438470036312221,-0.011728912564970235
2019-01-07,2019,PERSIST,20,0.002467395135706596,-0.017349647890335388,-0.017438228296700373,-0.012782732145482213,-0.012003974794173602
2019-01-08,2019,PERSIST,20,0.006367173682348959,-0.013391725659952933,-0.008943407392010355,-0.012053742165485043,-0.007017277054562427
2019-01-09,2019,PERSIST,20,0.005657708628005631,-0.010393554826371113,-0.006082936037262122,-0.008957512902210689,-0.004153625463457647
2019-01-10,2019,PERSIST,20,0.013162575595873305,-0.014117199674384089,-0.0031931655951610146,-0.017020602988410665,-0.005713708699614527
2019-01-11,2019,PERSIST,20,0.0257142857142858,-0.013164631830038452,-0.004510643360019028,-0.017143944350899,-0.008633054583148598
2019-01-14,2019,PERSIST,20,0.026737967914438387,-0.011132945263742621,-0.0051712696366675625,-0.014724629941954576,-0.009052385195923392
2019-01-15,2019,PERSIST,20,0.036007130124777076,-0.008897313426819368,-0.0009609734615259168,-0.013076182308656573,-0.0053925921628274354
2019-01-16,2019,PERSIST,20,0.029579472558802555,-0.008430599616937618,-0.004480524205374196,-0.013456395711683054,-0.010300233794557483
2019-01-17,2019,PERSIST,20,0.019935920256318962,-0.007595898643198363,-0.004582027667137559,-0.013285943368780941,-0.011437195415751741
2019-01-18,2019,PERSIST,20,0.019292604501607746,-0.00524930966007283,-0.0009300318147243171,-0.009251967003276742,-0.0055609618053278735
2019-01-21,2019,PERSIST,20,0.020378977475866922,-0.003362984499684557,0.0030706763711057274,-0.007179303560465838,-0.0011829152374509266
2019-01-22,2019,PERSIST,20,0.017094017094017033,-0.002614281596614464,0.0009010355650716749,-0.005687137378241697,-0.0027425691259769687
2019-01-23,2019,PERSIST,20,0.015357142857142847,-0.002800641701486707,0.004471475946797587,-0.0066960083096143635,0.00018296583531252075
2019-01-24,2019,PULLBACK,20,0.009642857142857286,-0.0030693712681939354,0.0035925955981995295,-0.00799570833410259,-0.0018562963662465248
2019-01-25,2019,PULLBACK,20,-0.007449450159631055,-0.0007811436379332234,0.005057949630052187,-0.005896349483710322,-0.0007378101644130528
2019-01-28,2019,PERSIST,20,-0.01555869872701554,-0.004766200828570778,0.0031173746633471368,-0.010583328428326657,-0.0032522491386620007
2019-01-29,2019,PERSIST,20,-0.02324762240225431,-0.004009404653874065,0.0019500953958500392,-0.008144268175458488,-0.0027600657177465557
2019-01-30,2019,PERSIST,20,-0.02111189303307537,-0.0038838705149980956,0.0052040932445771015,-0.008832855515851811,-0.0002418466503401051
2019-01-31,2019,PULLBACK,20,-0.01972525537160974,0.007998247670203674,0.016226316466382232,0.00022459792975539766,0.007645163641533657
2019-02-01,2019,PULLBACK,20,-0.013347383210396857,0.008552805409812491,0.016344191325673274,0.0009476287917747489,0.00759972192045081
2019-02-11,2019,PULLBACK,20,-0.016174402250351605,0.006329529716379862,0.010695313904026326,0.0013711272681440389,0.005073561065752548
2019-02-12,2019,PERSIST,20,-0.009490333919156435,-0.011621731831571395,0.0024057462438125156,-0.00965316447638617,0.006101880898829244
2019-02-13,2019,PERSIST,20,-0.007735583684950753,-0.01545666172018456,-0.004228998370222493,-0.015395392779844003,-0.003181161833955011
2019-02-14,2019,PERSIST,20,-0.016502808988763995,-0.015693819435092266,-0.00918465847671281,-0.012343358221831267,-0.004552616743006249
2019-02-15,2019,PERSIST,20,-0.02263231197771587,-0.01863963557678531,-0.011460302781670945,-0.013691885343105883,-0.0045512636621555125
2019-02-18,2019,PERSIST,20,-0.02256944444444442,-0.015711669745818675,-0.009926549803320375,-0.009228599186081425,-0.0013583993476141577
2019-02-19,2019,PERSIST,20,-0.029593943565037972,-0.015907907204684154,-0.006600596274633993,-0.009106886164049345,0.002660868435730773
2019-02-20,2019,PERSIST,20,-0.019383869851159474,-0.014443159632447364,-0.008980419327034646,-0.010202056679878845,-0.0032673180610895136
2019-02-21,2019,PERSIST,20,-0.013612565445026203,-0.011292863494781109,-0.003550527054450177,-0.008974076979390297,-0.00019873037714189697
2019-02-22,2019,PERSIST,20,-0.001402032947774301,-0.011573383166907767,-0.004135171710249664,-0.010516108872507077,-0.002330721162346619
2019-02-25,2019,PERSIST,20,0.0003503854239663706,-0.013442195529646251,-0.006087844473759613,-0.015468543795495657,-0.00791666587246053
2019-02-26,2019,PERSIST,20,-0.0021008403361343353,-0.013320149966133753,-0.009271968134354092,-0.016613751069968024,-0.012996553303988098
2019-02-27,2019,PERSIST,20,-0.000703482237073394,-0.015279713395648799,-0.009960479092787928,-0.019242277234653795,-0.014342750299312873
2019-02-28,2019,PERSIST,20,-0.006367173682348737,-0.01291852775415808,-0.010958936839258165,-0.016534244584994903,-0.015337458119678814
2019-03-01,2019,PERSIST,20,-0.0032165832737669486,-0.01243171103319246,-0.013730961302796295,-0.014783785793123609,-0.016748024131867836
2019-03-04,2019,PULLBACK,20,0.0021551724137931494,-0.009968058925413546,-0.010168848557022032,-0.01180112047567138,-0.011971996519874946
2019-03-05,2019,PULLBACK,20,0.008654886404615869,-0.010791848490147977,-0.010958900954199158,-0.013305577365597726,-0.013946609631958566
2019-03-06,2019,PULLBACK,20,0.004313443565780117,-0.007472532018358258,-0.008876748271668828,-0.009750389304736626,-0.011922825931785124
2019-03-07,2019,PULLBACK,20,0.006108515989938779,-0.00803028252912515,-0.0070822779609046056,-0.007989461073228732,-0.007152078929272063
2019-03-08,2019,PULLBACK,20,0.0024919900320397037,-0.005655940677361228,-0.0077356370130105614,-0.004389128972935109,-0.006634149880364833
2019-03-11,2019,PULLBACK,20,0.007505360972122954,-0.004334811309624929,-0.00453035585557755,-0.004847371623334848,-0.005365450808761014
2019-03-12,2019,PULLBACK,20,0.0035486160397444344,-0.002844680050360385,-0.006464895763893536,-0.005379884963859919,-0.00947804781182587
2019-03-13,2019,PULLBACK,20,-0.006378454996456506,-0.006440454250732102,-0.011891785383555736,-0.008587294168640174,-0.014650872174819593
2019-03-14,2019,PULLBACK,20,-0.004284184219921494,-0.006141970456297645,-0.008373786325732588,-0.008914873869099352,-0.011552148604520251
2019-03-15,2019,PULLBACK,20,-0.008193801211257568,-0.004552325761228673,-0.011235161129895343,-0.006791758437320575,-0.013750054215060826
2019-03-18,2019,PULLBACK,20,-0.015275310834813594,-0.003616290235414945,-0.005774193780414984,-0.006174741953253215,-0.008626238192391899
2019-03-19,2019,PULLBACK,20,-0.02163120567375887,-0.0021561127970286084,-0.003273842028517796,-0.004371849128421228,-0.005957799191245672
2019-03-20,2019,PULLBACK,20,-0.024708789269325848,-0.0009646899538289875,-0.0023327790548839673,-0.0025010216732645916,-0.003988927112667466
2019-03-21,2019,PULLBACK,20,-0.02158527954706302,-0.002134566365458816,-0.0006510315325002182,-0.0030746805020873055,-0.002052761274314546
2019-03-22,2019,PULLBACK,20,-0.027378027378027525,-0.004199176672992937,-0.003766817785550133,-0.0044074711744230026,-0.004062300677589405
2019-03-25,2019,PULLBACK,20,-0.03467600700525397,-0.0030230309578377842,-0.004086716865649211,-0.0010744309814917515,-0.0018972075039077156
2019-03-26,2019,PULLBACK,20,-0.029824561403508754,-0.006073712230816873,-0.007628839274212767,-0.003375150378155976,-0.004442336514379744
2019-03-27,2019,PULLBACK,20,-0.023583245336149306,-0.007409226145146044,-0.006898202263744243,-0.004546081650060112,-0.003415369470564471
2019-03-28,2019,PERSIST,20,-0.011035955856176671,0.0043569798711304425,0.011241276717805119,0.010296113909644824,0.01927021703010635
2019-03-29,2019,WEAK,20,-0.006812477590534272,0.0004353171822574055,-0.0025474928604035125,0.0003253460336593959,-0.0026615087315300196
2019-04-01,2019,START,20,0.0028673835125447855,0.015227330811700199,0.00967283732851014,0.015208748592518868,0.009678651519642877
2019-04-02,2019,START,20,-0.002145155523775588,0.015647054803588835,0.008260018855971264,0.015626234411482837,0.008271850611845547
2019-04-03,2019,START,20,0.0014316392269149159,0.014679789362665372,0.008587889413128071,0.014626166835356735,0.008632961560284372
2019-04-04,2019,START,20,0.0,0.015280776727800848,0.01407083163916001,0.015287818523279012,0.014073034874232702
2019-04-08,2019,START,20,-0.0035511363636362425,0.0036629755971392232,0.0026694285018102545,0.0037017936422830008,0.0026790194905113203
2019-04-09,2019,START,20,0.0007094714437745342,0.002653643934524123,-0.006056386680730954,0.0026847313833304578,-0.0060847103502647965
2019-04-10,2019,START,20,0.012376237623762387,0.0019106569705688147,-0.005340378467445557,0.0019804740023886777,-0.00538790849388957
2019-04-11,2019,PERSIST,20,0.01925820256776034,0.005229511776417695,-0.000602916550504401,0.00776646737829406,0.0018657255767874671
2019-04-12,2019,WEAK,20,0.02258874148440282,-0.005111407349602026,-0.007924610357123257,-0.005043108582283741,-0.007856559954346752
2019-04-15,2019,WEAK,20,0.020474137931034697,-0.003727499730807781,-0.006051874429109755,-0.002884934550194348,-0.0052851342370715485
2019-04-16,2019,WEAK,20,0.024170274170274286,-0.0039393942088790275,-0.003842508880333255,-0.003215487706821187,-0.003223904431199914
2019-04-17,2019,WEAK,20,0.02754621239579569,-0.00027909394636815095,-0.002804353203360137,0.00035521310494634085,-0.0022031123450634424
2019-04-18,2019,WEAK,20,0.023525153818313438,0.002785280868321166,0.00234103472834179,0.0040384341961512225,0.0034036016541728583
2019-04-19,2019,WEAK,20,0.025678119349005435,0.0020480210203581996,0.003208893171173246,0.0020437854315770885,0.00338645182328882
2019-04-22,2019,WEAK,20,0.03031396607722847,-0.0002967193750824245,0.0013334501438831026,0.0003038180563559598,0.0018775826152818166
2019-04-23,2019,WEAK,20,0.037010159651669206,0.0023745018828103424,0.0001667768863223998,0.002979511101378094,0.0008072968231876984
2019-04-24,2019,WEAK,20,0.03182640144665472,0.002507532165798106,0.002061114465640438,0.0026249056059461026,0.0022675794744420885
2019-04-25,2019,WEAK,20,0.027397260273972712,0.0001920100778642353,0.0013160937626012816,0.00041660344615474497,0.0015864584312267537
2019-04-26,2019,WEAK,20,0.02591792656587466,-0.0010333370760954776,-0.002367600588530131,-0.0007949966723297542,-0.0021274953129884204
2019-04-29,2019,WEAK,20,0.03826714801444031,-0.006229404803863704,-0.006041831192831879,-0.005671556021794846,-0.005777315644823146
2019-04-30,2019,WEAK,20,0.03859899928520383,-0.006109167603525688,-0.00739974434631041,-0.005795992314322823,-0.006894148480173695
2019-05-06,2019,START,20,0.05517735578645633,-0.0002222894127298959,-0.00840773180823665,-0.0002972969565508931,-0.008359516370930613
2019-05-07,2019,WEAK,20,0.05182273052180131,-0.005271801004852521,-0.00881789520445618,-0.0056157933388358,-0.008979623510032796
2019-05-08,2019,START,20,0.05535714285714288,0.0014156582189249513,-0.00538893086340608,0.0011655023571157488,-0.0052290046953064415
2019-05-09,2019,WEAK,20,0.05488239486813962,-0.006515964497836793,-0.006590328392656734,-0.007706236222851957,-0.007511493635271816
2019-05-10,2019,WEAK,20,0.04714640198511155,-0.007255713322234221,-0.008313352592116387,-0.009078760899657291,-0.009888984541458078
2019-05-13,2019,START,20,0.028292001397135946,-0.00010200780957867958,-0.00285116263207415,-0.0004966363445088835,-0.0025976795054837615
2019-05-14,2019,PERSIST,20,0.03778866340097964,0.00965566682734532,0.009570673180636407,0.02444636263329918,0.027903074714194346
2019-05-15,2019,PERSIST,20,0.04698457223001418,0.005228961118702696,0.013745786485794415,0.019358008359362293,0.03194542170369109
2019-05-16,2019,START,20,0.05596620908130934,6.973055751594709e-05,-0.0017279774561875221,-0.0004656774642616279,-0.0013910770348817183
2019-05-17,2019,START,20,0.053539978865797755,0.0017640375006961785,0.0028631236009191707,0.0011415773664981933,0.0032603468508455927
2019-05-20,2019,START,20,0.051146384479717755,0.007877950764793525,0.008219700543057411,0.007204604913709153,0.008635368549890719
2019-05-21,2019,START,20,0.0785007072135786,0.013175806671917967,0.014098817267549916,0.012417895617509521,0.014568323439907393
2019-05-22,2019,START,20,0.08427362482369549,0.010124768690635149,0.016626099230321358,0.009477674717820694,0.0170605544396306
2019-05-23,2019,START,20,0.08896672504378289,0.009616329906728421,0.011804900797460806,0.008961128283150176,0.012231679568970531
2019-05-24,2019,START,20,0.1014695591322603,0.007618414752305892,0.011501814189098609,0.007048083813033009,0.011881654508875971
2019-05-27,2019,PERSIST,20,0.09779179810725558,-0.003348649667460412,-0.0014898814198222952,0.012776489498823358,0.018615550948968336
2019-05-28,2019,PERSIST,20,0.09228070175438585,-0.002444168572570923,-0.0028106418859408927,0.012646173310541959,0.015690043215987957
2019-05-29,2019,PERSIST,20,0.09614035087719297,-0.004062612873405761,-0.0029396586376716025,0.011065963148163514,0.015830983468505148
2019-05-30,2019,PERSIST,20,0.060500695410292016,-0.004232311426449867,-0.00016143222510360024,0.012032979446869147,0.020295479386614794
2019-05-31,2019,PERSIST,20,0.050240880935994436,-0.009577906502259818,-0.012938585122761286,0.006413682407469584,0.006713872824086982
2019-06-03,2019,PERSIST,20,0.07707979626485573,-0.009903455580674549,-0.014679183018161023,0.006653612556642828,0.0054251905678880975
2019-06-04,2019,PERSIST,20,0.06761807679238863,-0.008444366607963112,-0.00856500418773449,0.004775187181103119,0.007840145670564652
2019-06-05,2019,PERSIST,20,0.05922165820642977,-0.009806469123306214,-0.010814770646409393,0.0021586719751950584,0.0037564595952604175
2019-06-06,2019,PERSIST,20,0.04425675675675689,-0.005603396191014732,-0.004052838692022113,0.005707508504427951,0.009863445064827675
2019-06-10,2019,PERSIST,20,0.043669600541638376,-0.007220453032401076,-0.0007320734191653532,0.001756763994595384,0.01076743417550547
2019-06-11,2019,PERSIST,20,0.04755434782608692,-0.00850827440662415,-0.0028791456908537167,0.0005133225338601775,0.00849067764304948
2019-06-12,2019,PERSIST,20,0.058327714093054484,-0.010086356788197783,-0.006273737983077564,-0.0065146535451379335,-0.0016006969020566884
2019-06-13,2019,PERSIST,20,0.042531815137307305,-0.013992738586264274,0.00015080932907179934,-0.009238801395199269,0.007398713443410896
2019-06-14,2019,PERSIST,20,0.03933333333333322,-0.01251696539846475,-0.005455506382825525,-0.00802010006056599,0.0008511297377073804
2019-06-17,2019,PERSIST,20,0.043463724506853874,-0.008201806524369486,0.004608103263885666,-0.006725247623791342,0.007332730514171701
2019-06-18,2019,PERSIST,20,0.04328859060402679,-0.007615698908275188,0.00017831153444046802,-0.006750174631899019,0.0020495884193025803
2019-06-19,2019,PERSIST,20,0.031803278688524506,-0.010296173857865278,0.0008930067267225502,-0.01099680935948931,0.0009512998396055787
2019-06-20,2019,PERSIST,20,0.03577235772357712,-0.007926218662335012,-0.004464098604044087,-0.00949501265755812,-0.005825681726480052
2019-06-21,2019,PERSIST,20,0.011579285944033568,-0.013337946072690444,-0.004354686811268601,-0.016810037376559492,-0.00782175456516071
2019-06-24,2019,PERSIST,20,-0.00571791613723005,-0.007725554984761341,-0.002865559460405249,-0.010511107813755758,-0.006042918252334259
2019-06-25,2019,PERSIST,20,0.0025542784163474774,-0.010017414803612226,-0.002192841102218575,-0.01143916834300061,-0.0031072257389795216
2019-06-26,2019,PERSIST,20,0.008994539029874682,-0.003150596607466055,0.008166792792520576,-0.006008510944869478,0.005143319845935766
2019-06-27,2019,PERSIST,20,0.001920614596670811,-0.009468934094043533,9.149768178617207e-05,-0.013288778425219056,-0.003928195996848911
2019-06-28,2019,PERSIST,20,0.031803278688524506,-0.019438965006501344,-0.014059353484566002,-0.02409191212178713,-0.01926962587291674
2019-07-01,2019,PERSIST,20,0.029816513761467878,-0.010734877340488547,-0.009923271631033903,-0.01856228215792279,-0.020083672658320853
2019-07-02,2019,PERSIST,20,-0.004413619167717653,-0.015684207807610547,-0.015298845497064756,-0.023753238913747667,-0.025165673718680948
2019-07-03,2019,PERSIST,20,-0.005410566518141313,-0.008289995825488308,-0.014321778962797505,-0.014796089788008782,-0.022619580510192135
2019-07-04,2019,PERSIST,20,0.01821086261980831,-0.004936525994314045,0.0017348859224920743,-0.012708850199179698,-0.007533131077720502
2019-07-05,2019,PERSIST,20,0.04788094467809767,-0.004289782407990685,0.0022828238379251006,-0.013063322182964616,-0.007943827351519953
2019-07-08,2019,PERSIST,20,0.08076548816088214,0.0032092648864571263,0.005557942878412735,-0.004459712445680734,-0.0038245170658881833
2019-07-09,2019,PERSIST,20,0.08495460440985725,0.0026995010623601344,0.00918309764197655,-0.006879893125481679,-0.0021041322136449887
2019-07-10,2019,PERSIST,20,0.07773176170755014,-0.0024750049138521912,0.0007269891746694932,-0.010407392552571355,-0.008862767649999166
2019-07-11,2019,PERSIST,20,0.0934789592033407,-0.0032281930708215334,-0.007171195821504743,-0.01250760960801398,-0.018746748697774467
2019-07-12,2019,PERSIST,20,0.09108402822322015,-0.0019021887035307466,-0.0019169850662331955,-0.01112035472324272,-0.013642678020028005
2019-07-15,2019,PERSIST,20,0.10349247036206344,-0.004662879006944037,0.0019519385021894153,-0.012916478974573136,-0.007383057548967443
2019-07-16,2019,PERSIST,20,0.083628176262464,-0.0024756745137940496,-0.0075637143620381625,-0.011124348349476988,-0.018818170661216896
2019-07-17,2019,PERSIST,20,0.09151572926596763,-0.0045848279640001745,-0.005365953345971199,-0.011015744893567799,-0.01336574934339068
2019-07-18,2019,PERSIST,20,0.07880690737833596,-0.00781221954883406,-0.014807116410531021,-0.013147379069627617,-0.02214663875508713
2019-07-19,2019,PERSIST,20,0.07917329093799697,-0.004379752843779585,-0.005553511657448638,-0.007636758887042838,-0.009611812238934148
2019-07-22,2019,PERSIST,20,0.08434504792332276,-0.004367038959821382,0.0011365326311514393,-0.007565502118780003,-0.0025223773693467226
2019-07-23,2019,PULLBACK,20,0.08248407643312095,0.006066689722314573,0.011059122936464015,0.007228982178144608,0.013227612690018358
2019-07-24,2019,PERSIST,20,0.08086596625278575,-0.005506153779248256,0.009243302053091863,-0.008412135607149731,0.007323160678073579
2019-07-25,2019,PERSIST,20,0.08594249201277959,-0.008262222370388608,0.0004965271855990085,-0.011753072588922811,-0.0029077310980543496
2019-07-26,2019,PERSIST,20,0.11884334286622189,-0.011113345353611102,-0.0027874209014082055,-0.013953891228307057,-0.005503345700405414
2019-07-29,2019,PERSIST,20,0.11708558701877192,-0.018426736904988927,-0.0068618007419868655,-0.01847459418789255,-0.0053856581308069085
2019-07-30,2019,PERSIST,20,0.12191260291323625,-0.01423797166721439,-0.01856396065855074,-0.013322038425852134,-0.017841965943629332
2019-07-31,2019,PERSIST,20,0.12959999999999994,-0.019080375820260693,-0.021705560345052954,-0.017040539284437665,-0.019792949051001252
2019-08-01,2019,PULLBACK,20,0.09915280828365236,0.009226422095183956,0.01360729892042201,0.010332459359105655,0.01522098904323112
2019-08-02,2019,PERSIST,20,0.08119790058660081,-0.01212124877500229,-0.014162563446708888,-0.007399264861483944,-0.008213504379430726
2019-08-05,2019,PERSIST,20,0.05342136854741897,-0.00955128794435535,-0.011892862442067479,-0.0061821246427451555,-0.0074636629330132424
2019-08-06,2019,PERSIST,20,0.0630603705917514,-0.012001842251609857,-0.0061131599594527394,0.00020699657123764495,0.009608158006852871
2019-08-07,2019,PERSIST,20,0.04699970440437484,-0.010143381994644846,-0.011361804819313953,-0.0012260403398387486,-0.00024611867535949405
2019-08-08,2019,PERSIST,20,0.01762632197414815,-0.0055111824082177616,-0.012772327678431936,0.00735982010570144,0.0020067474519098183
2019-08-09,2019,PERSIST,20,0.009994121105232123,-0.013986841024645279,-0.0019529348969580529,-0.0013027753122090997,0.014758795096748614
2019-08-12,2019,PERSIST,20,-0.018002322880371624,-0.021967886729689808,-0.011145343899302156,-0.008549077137630558,0.006249031382488779
2019-08-13,2019,PERSIST,20,0.008311071534579773,-0.025810247923036753,-0.027553930541912783,-0.011487068736847017,-0.00965358689668494
2019-08-14,2019,PERSIST,20,-0.011644832605531286,-0.024447769371443447,-0.013061004309931984,-0.01970312816732979,-0.006452789309347937
2019-08-15,2019,PERSIST,20,-0.00640279394644927,-0.02533255667590601,-0.031359687146425626,-0.017149653869929934,-0.021702295572125725
2019-08-16,2019,PERSIST,20,0.003241013553329397,-0.023426920571919255,-0.026006046717122255,-0.015244434507560335,-0.01623888963677883
2019-08-19,2019,PERSIST,20,0.0038302887448438128,-0.020930081431750843,-0.015577283568383421,-0.013826138700803665,-0.006248502162145883
2019-08-20,2019,PERSIST,20,-0.003530450132391838,-0.028348966215283072,-0.021458124117648858,-0.01932048759131988,-0.009461141588060516
2019-08-21,2019,PERSIST,20,0.003534609720176718,-0.020950938498792537,-0.03063969376231234,-0.012118467932521033,-0.020598496910909855
2019-08-22,2019,PERSIST,20,0.011179758752574154,-0.02272173121462407,-0.028258543516815046,-0.013405333400276952,-0.017071863377649286
2019-08-23,2019,PERSIST,20,-0.01647259301334847,-0.025383144015844634,-0.032015202482112905,-0.01415541093470098,-0.018553076941026807
2019-08-26,2019,PERSIST,20,-0.008829393335232139,-0.018103286005643197,-0.03657342245828357,-0.0049415056641419555,-0.021323115150370706
2019-08-27,2019,PERSIST,20,-0.02794242167654537,-0.01139052018752676,-0.02053446879354577,0.0025879282205864516,-0.004152403355327641
2019-08-28,2019,PERSIST,20,-0.029461756373937553,-0.00801190367736912,-0.015268295616965091,0.005755891698339309,0.0010039530148625436
2019-08-29,2019,PERSIST,20,-0.029403368541250363,-0.013708952806424882,-0.013699086482357528,0.0007350123947723643,0.004542914964133005
2019-08-30,2019,PERSIST,20,-0.02855511136493427,-0.007022289840169477,-0.02137673156378727,0.001183052837268989,-0.013144750725660223
2019-09-02,2019,PERSIST,20,-0.02136752136752129,-0.016266738473109922,-0.019775520172025357,-0.007114131749544788,-0.009194330187490427
2019-09-03,2019,PERSIST,20,-0.032892887264548754,-0.01838668634063087,-0.014161379961872826,-0.014851862313449767,-0.009279212303734026
2019-09-04,2019,PERSIST,20,-0.04263128176171649,-0.013885661138771488,-0.010088341641441192,-0.008185305058491526,-0.002925520064574992
2019-09-05,2019,PERSIST,20,-0.028002309468822206,-0.015739321654130042,-0.00010429897619963768,-0.013728719469955556,0.0038212478078757176
2019-09-06,2019,PERSIST,20,-0.02124563445867289,0.004579434114570027,0.023852588479345717,0.0019355193180653789,0.02186549485798633
2019-09-09,2019,PERSIST,20,-0.007687758722649374,-0.0001844163648029168,0.007834771035234455,-0.005287741561322735,0.0024131974292964063
2019-09-10,2019,PULLBACK,20,-0.009125699146305455,-0.007794865488440363,-0.0041764595334487994,-0.005235835373264809,-0.00023212779798106875
2019-09-11,2019,PERSIST,20,-0.008247422680412342,-0.007063638780060763,0.00966153562708311,-0.004561010798090552,0.014899917797552937
2019-09-12,2019,PULLBACK,20,-0.015231400117164617,-0.010621873893088982,-0.006821236110095854,-0.005878734341610623,-0.0011849336436578657
2019-09-16,2019,PULLBACK,20,-0.01644640234948591,-0.0080548766010042,0.006036705593512718,-0.004303675199757153,0.010598576581047505
2019-09-17,2019,PULLBACK,20,-0.012914587613736428,-0.013230681438087224,-0.009679523337350858,-0.009476093407501475,-0.005245451151883358
2019-09-18,2019,PERSIST,20,-0.005904930617065207,0.019536242927446018,0.02559747186466689,0.015707612380903454,0.021520232044059617
2019-09-19,2019,PERSIST,20,-0.005576753742295271,0.01321333937853551,0.016613935182215035,0.009504846892401985,0.01234839270700757
2019-09-20,2019,PERSIST,20,-0.012510910677916653,0.012836242685975274,0.011259199734105475,0.010778738740418407,0.008622605937031073
2019-09-23,2019,PERSIST,20,-0.028587929540860535,0.014841520073985846,0.015563388836643027,0.012872256142457439,0.01334660463957968
2019-09-24,2019,PULLBACK,20,-0.03534482758620683,0.02007231529476932,0.015149851628340965,0.02060391629409694,0.016250061079787614
2019-09-25,2019,PULLBACK,20,-0.022938443670150965,0.017322051835294068,0.016161571560277505,0.016718533991972817,0.015305416701391657
2019-09-26,2019,PULLBACK,20,-0.008756567425569295,0.001958001787073921,0.009990887769710317,0.0026015377447506844,0.011388853985543127
2019-09-27,2019,PULLBACK,20,-0.0026470588235293357,0.005553554260273623,0.009897254563259362,0.004824707662132617,0.00945928945269269
2019-09-30,2019,PULLBACK,20,-0.008230452674897082,0.0019502095427251006,0.004264521511034455,0.003026135697360528,0.005340071389040947
2019-10-08,2019,PULLBACK,20,-0.033478893740902516,0.001725450508919325,0.0025915436958110927,0.00205589047673598,0.0028479670651560193
2019-10-09,2019,PULLBACK,20,-0.03226744186046504,0.0072913742297279135,0.0029306167991600754,0.005864965699340011,0.0007152057563088142
2019-10-10,2019,PULLBACK,20,-0.040695959893836564,0.008605604812784183,0.012142988393797315,0.008130514161966477,0.011628914891502362
2019-10-11,2019,PULLBACK,20,-0.03177903177903185,0.0033596431271663927,0.006824491096109036,0.003092780812409744,0.006613352688640096
2019-10-14,2019,PULLBACK,20,-0.03360095153137077,0.0036407690393059937,0.0015929446818618524,0.003031820627189218,0.0003147807715603197
2019-10-15,2019,PULLBACK,20,-0.028903456495828372,0.004120103414505279,-0.003285200972159111,0.003926607417389015,-0.004046572425467691
2019-10-16,2019,PULLBACK,20,-0.029708853238265,0.0008411592421538271,-0.012527093661415068,0.0008405571137779495,-0.013258437158106078
2019-10-17,2019,PULLBACK,20,-0.027621027621027583,0.006139984028969661,-0.0058049922959584836,0.007442151939756873,-0.004977425068815583
2019-10-18,2019,PULLBACK,20,-0.027067221891731164,0.0030922420509441606,-0.007820159790532508,0.0037325351084042313,-0.007575234844494901
2019-10-21,2019,PULLBACK,20,-0.017020005971931984,0.0008421236622285506,-0.0066950361710108874,0.0031861771332166704,-0.004416411898207099
2019-10-22,2019,PULLBACK,20,-0.019625334522747506,0.001164376812667302,-0.014751933677460756,0.003587110538130532,-0.012415025773550541
2019-10-23,2019,PULLBACK,20,-0.019008019008019073,0.006316146470970806,-0.010002177907459345,0.007918204418493726,-0.00874831200170165
2019-10-24,2019,PULLBACK,20,-0.03246753246753242,0.0027634487318240674,-0.015493111590446695,0.0037498884411040654,-0.014981584853900179
2019-10-25,2019,PULLBACK,20,-0.03682969946965231,0.004970688571584135,-0.01373232786938508,0.006015401321870146,-0.01334142280040193
2019-10-28,2019,PULLBACK,20,-0.03269916765755054,0.008819178009438924,-0.009659528965175522,0.007621675882879023,-0.01145512286705589
2019-10-29,2019,PULLBACK,20,-0.025915996425379895,0.005957599078656418,-0.008122972264709096,0.005318869845540164,-0.009045383513873382
2019-10-30,2019,PULLBACK,20,-0.030014858841010517,0.005226575481212049,-0.009657503109640371,0.004501760995057396,-0.010885337575488208
2019-10-31,2019,PULLBACK,20,-0.03886925795053009,0.004353325770191396,-0.010628144256747392,0.002365558221755208,-0.013879729521208323
2019-11-01,2019,PULLBACK,20,-0.03538779121203184,0.009204144603906826,-0.016818149262205186,0.0071893280685000885,-0.02038474309612113
2019-11-04,2019,PULLBACK,20,-0.02845287492590398,0.0007408341008547603,-0.016702517940765847,-0.0012964562119788837,-0.019734161562518605
2019-11-05,2019,PULLBACK,20,0.001807228915662762,-0.011134823177468334,-0.020405578767671215,-0.013094138653909914,-0.022968267929979486
2019-11-06,2019,PULLBACK,20,-0.003604686091919551,-0.012365480454175121,-0.021265112945358364,-0.016152266404822976,-0.02539265523972012
2019-11-07,2019,WEAK,20,0.019059329849369755,0.006850236240398788,0.006018789897664148,0.010089600402178663,0.008895745668137757
2019-11-08,2019,WEAK,20,0.0036809815950920033,0.017201996371769387,0.011950249458420862,0.019690071792045703,0.014132553763251544
2019-11-11,2019,WEAK,20,0.008615384615384691,0.014416085133971562,0.016136154165861494,0.01746267271601128,0.01869626578147588
2019-11-12,2019,WEAK,20,0.007364222154035094,0.018085659781122573,0.014772188126686969,0.020006735915702317,0.01674607072784519
2019-11-13,2019,WEAK,20,0.011328842620943025,0.017015783141239423,0.02168191907740449,0.01919733420596842,0.023729407293787533
2019-11-14,2019,WEAK,20,-0.004276114844227297,0.012575953104440197,0.008640370770922662,0.014837508520044628,0.010902954913778207
2019-11-15,2019,WEAK,20,0.0033628859675940426,0.01440238047091847,0.01262366464571793,0.016554920684513013,0.014859603062985205
2019-11-18,2019,WEAK,20,0.0,0.014255888793291975,0.009833624584240357,0.01648347453668468,0.012108911357384115
2019-11-19,2019,WEAK,20,-0.0012132241431604962,0.008777744831829117,0.0078093757345140576,0.010688706327496328,0.009802610840141215
2019-11-20,2019,WEAK,20,-0.0036330608537693543,0.008130781507180797,0.0018701499838165536,0.010073768343742304,0.0038521350351243804
2019-11-21,2019,WEAK,20,0.005491153142159755,0.009032220632990388,0.003968684605544158,0.01043969447632697,0.00544020363962311
2019-11-22,2019,WEAK,20,0.00978892627714889,0.012158070159991118,0.0059794854591087455,0.013831811009590935,0.007933397599122212
2019-11-25,2019,WEAK,20,0.019668100799016708,0.01525227536532015,0.009011125552946786,0.01622574426252108,0.010068145683462952
2019-11-26,2019,WEAK,20,0.023853211009174258,0.01946726444491774,0.017889502827412158,0.021077531803773322,0.019127269679138473
2019-11-27,2019,WEAK,20,0.027267156862745168,0.01836495706664136,0.016684170728195235,0.020328711688998392,0.01837584258467621
2019-11-28,2019,WEAK,20,0.030637254901960898,0.019299994631775057,0.01716703029798342,0.020784985712815382,0.018553994827909016
2019-11-29,2019,WEAK,20,0.030877407520635947,0.02187634828222203,0.02079975692521285,0.02298706543210569,0.02189042594146175
2019-12-02,2019,WEAK,20,0.029591214154972567,0.017631704637144335,0.018686707968194324,0.01870264493703029,0.01965702428401362
2019-12-03,2019,WEAK,20,0.013529765484064926,0.014542209772984826,0.014909383441637648,0.01523717086076077,0.015429319878705043
2019-12-04,2019,START,20,0.02261079288513712,0.00562275692871271,-0.002469664733968511,0.005382051716710702,-0.0023206965513679796
2019-12-05,2019,WEAK,20,0.05460030165912522,0.008138071564495598,0.0038145465269132906,0.008513021410740644,0.004333075837303543
2019-12-06,2019,START,20,0.06112469437652823,0.010034248271096178,0.00523436427897917,0.009863872207921865,0.005323108262755396
2019-12-09,2019,START,20,0.08206223306894445,0.01115078238598529,-0.003002240111396307,0.010956843155934004,-0.0028940328112243945
2019-12-10,2019,START,20,0.047822113920194864,0.011619483509259936,-0.005269755313677321,0.011491650693257405,-0.005207634279540324
2019-12-11,2019,START,20,0.03330305782621856,0.013718284905620416,-0.00924549854999758,0.013655850058394205,-0.00923596268838383
2019-12-12,2019,START,20,0.050000000000000044,0.010061082855033364,0.0016987307276109254,0.0100194731152465,0.001742812971557768
2019-12-13,2019,WEAK,20,0.026203534430225384,0.0037649116238572065,0.0012967337451290353,0.004460973659070078,0.002067087197796128
2019-12-16,2019,START,20,0.032199270959902826,0.010424341341670513,0.0005047097609331176,0.010419931209163224,0.0005186847878302647
2019-12-17,2019,START,20,0.03644093531733961,0.009647236652486447,-0.0029859690413035923,0.009731220935832507,-0.0030473681404116423
2019-12-18,2019,WEAK,20,0.03372835004557895,7.176426579610061e-05,-0.001452109000357541,0.001467404651375701,2.5509681317015774e-06
2019-12-19,2019,WEAK,20,0.03367718446601953,0.000704285785032913,-0.0017311798326874323,0.0022910873030078252,-0.00027879879920538657
2019-12-20,2019,START,20,0.03756437443199023,0.006964476314869101,0.004369767905529245,0.007051241097812228,0.004331771018018526
2019-12-23,2019,START,20,0.02742616033755274,0.011166642064759433,0.004681067668862964,0.011290219911032804,0.004583976603886042
2019-12-24,2019,START,20,0.0238948626045401,0.008633451161998387,0.0033963633316635867,0.008701441879304278,0.003353778481788772
2019-12-25,2019,START,20,0.04682373993438693,0.007909421665830075,0.00395637326614922,0.00795917384871734,0.003925843902632347
2019-12-26,2019,START,20,0.0431034482758621,0.0077038994303103925,0.004770183058424076,0.007806351237800809,0.0047031222550534485
2019-12-27,2019,START,20,0.02580071174377241,0.006140391113387777,-0.0024048262503722495,0.006338561412162226,-0.0025445853959818777
2019-12-30,2019,START,20,0.021629629629629665,0.007286700445162459,0.0018000345690480646,0.007488601558053694,0.0016592549346899962
2019-12-31,2019,START,20,0.03233461880747557,0.006320780552795283,-0.0007553884422557885,0.006597273183680539,-0.0009397002263520681
2020-01-02,2020,START,20,0.029186320754716943,0.011833240793091733,0.01368968120329682,0.008691968327522902,0.010140896618233697
2020-01-03,2020,START,20,-0.00486270022883295,0.012125372941933908,0.019663870619883297,0.0081574433334747,0.0151398372202321
2020-01-06,2020,PERSIST,20,-0.001728110599078292,0.01511206270639674,0.0225937856579379,0.009616042351157535,0.016396300210137174
2020-01-07,2020,PERSIST,20,-0.02058077248378909,0.011984997798919154,0.01894047168410113,0.008139081611808175,0.014319111790818694
2020-01-08,2020,PERSIST,20,0.015988372093023395,0.011797918472612828,0.010787587818088938,0.00474989526705391,0.0014432735360125747
2020-01-09,2020,PERSIST,20,0.0281277468502783,0.022810251700110154,0.02186553338641171,0.015725060221825023,0.011780555722986325
2020-01-10,2020,PERSIST,20,0.026584867075664542,0.020569517823101083,0.014359735658096843,0.012773392759103677,0.0032259099144674314
2020-01-13,2020,PERSIST,20,0.05789786223277926,0.007196221361929597,0.011037776114549824,-0.00044946393943654656,0.0009042741970266346
2020-01-14,2020,PERSIST,20,0.05002942907592689,0.013034965187449829,0.008244286786972956,0.004954608053182293,-0.002140235665416681
2020-01-15,2020,PERSIST,20,0.05801347787869915,0.006601011223268231,0.005090478043556789,-0.0002497751189180454,-0.00411908809698518
2020-01-16,2020,PERSIST,20,0.09582598471487369,0.020668651865762312,0.016801964993293186,0.012685140697978367,0.0074797511229045335
2020-01-17,2020,PERSIST,20,0.07983563252127968,0.018620321775785608,0.014233235009326207,0.009628451638980887,0.0020988682338016276
2020-01-20,2020,PERSIST,20,0.07065693430656927,0.021060615135087987,0.016271903104320248,0.01186796907764854,0.0040972905833726175
2020-01-21,2020,PERSIST,20,0.07509533587562345,0.027178280444256218,0.021696337620674272,0.017050445234722884,0.00857914776694603
2020-01-22,2020,PERSIST,20,0.06534422403733964,0.024363762000316494,0.019939447429094696,0.016753176551060196,0.00931628048892202
2020-01-23,2020,PERSIST,20,0.011111111111111072,0.025262695611231772,0.018945023547873897,0.01773438704060612,0.008706469120839652
2020-02-03,2020,PERSIST,20,0.006554573952693099,0.02853168779195437,0.022581943046169263,0.020340005950133938,0.01177405613527589
2020-02-04,2020,PERSIST,20,0.043076033535703884,0.0326968717973795,0.034687958551722964,0.030252602697557408,0.03160585327011001
2020-02-05,2020,PERSIST,20,0.04495359628770301,0.02709904709025776,0.029091048350837687,0.023740483133189334,0.024551631645683997
2020-02-06,2020,PERSIST,20,0.05660919540229892,0.02825590539549526,0.02412707037527096,0.02466423092046883,0.0193696970697552
2020-02-07,2020,PERSIST,20,0.06445144657691215,0.02177499100422238,0.014482299380842521,0.019365240174485095,0.010485122457312654
2020-02-10,2020,PERSIST,20,0.04828973843058337,0.0150741317277194,0.011125864058685358,0.01391704668553467,0.008674107869396614
2020-02-11,2020,PULLBACK,20,0.0447201384881708,-0.016733234322361755,-0.0051339285272536915,-0.01598267587048304,-0.0034500026459429144
2020-02-12,2020,PULLBACK,20,0.042602187679907866,-0.015482009218305934,-0.0064535899876777755,-0.015553727864529172,-0.006334140156405835
2020-02-13,2020,PULLBACK,20,-0.006580829756795414,-0.006253706762988982,-0.0010236849777408158,-0.0052185513518369754,0.0005563844775054866
2020-02-14,2020,PERSIST,20,-0.031062980906241044,2.2453471954514068e-05,0.018751231190858624,0.00247343797823032,0.023384915537010338
2020-02-17,2020,PERSIST,20,-0.05663062037564026,0.002276752575742856,0.004034970538499353,0.005938882319436848,0.009047411868247592
2020-02-18,2020,PERSIST,20,-0.05136121246140901,0.0017503881462134852,0.0035462335220562387,0.005718742055541041,0.00910654803970537
2020-02-19,2020,PERSIST,20,-0.07651345291479827,-0.0028477474564218654,-0.00042572951511111404,0.003413902708450564,0.008098878998742178
2020-02-20,2020,PERSIST,20,-0.081417889781224,-0.0016888644093082561,-0.0028444645354729244,0.004789281613585683,0.0052327129392044855
2020-02-21,2020,PERSIST,20,-0.10810085836909866,0.0010925330315910116,0.0011915778711565801,0.007943338173094443,0.010308662789837955
2020-02-24,2020,PERSIST,20,-0.03506387605327532,0.0009316449506349446,0.0018289551707580606,0.0067684967202587985,0.009478005312867355
2020-02-25,2020,PERSIST,20,-0.01799836378511044,0.003001790334411898,0.004621426451744112,0.009629236193372288,0.012731763110162789
2020-02-26,2020,PERSIST,20,-0.026466575716234675,0.00013545238473949492,-0.005625947576520601,0.006435810598359877,0.0016658688922817563
2020-02-27,2020,PERSIST,20,-0.012869660460021914,-0.007961133939216939,-0.006659942063030371,-0.003453402139109576,-0.0009634296779404833
2020-02-28,2020,PERSIST,20,0.013524936601859716,-0.010896306880491431,-0.014123591372677387,-0.00626285295033979,-0.009199254593005433
2020-03-02,2020,PERSIST,20,0.014439411098527755,-0.010473230913302562,-0.015883794668360186,-0.007641287070698928,-0.013053120231458892
2020-03-03,2020,PERSIST,20,-0.028547671840354782,-0.006761153742982614,-0.00277432094079996,-0.008747300896130494,-0.003959053888574973
2020-03-04,2020,PERSIST,20,-0.021371079655842506,-0.007697758037615108,-0.009254752810907395,-0.0109731314445525,-0.013429095028058884
2020-03-05,2020,PERSIST,20,-0.025836279575741194,-0.008742853362944383,-0.009516753247810497,-0.012461008054354133,-0.014247775941236147
2020-03-06,2020,PERSIST,20,-0.008073196986006503,0.0011546316010943615,-0.005356766292790216,-0.0049713901724571475,-0.013128144434823234
2020-03-09,2020,PERSIST,20,-0.0010967918837400115,0.010071477377112604,0.004295296183328676,0.004274134982354199,-0.003419865176519883
2020-03-10,2020,PERSIST,20,0.0057995028997515075,0.00962617066370926,0.003130817866806579,0.0031249774785339145,-0.006654056776648532
2020-03-11,2020,PERSIST,20,0.016289342904472814,0.0029065742263460655,-0.007953748734160267,-0.001552778120241948,-0.015815625372119044
2020-03-12,2020,PERSIST,20,0.058467741935483764,0.006161947712099689,-0.007214760498859886,0.0023595000278549497,-0.013889768074720229
2020-03-13,2020,PERSIST,20,0.08764705882352941,0.0062232288727658396,-0.003082743500804315,0.0033530261664696677,-0.008826321126849243
2020-03-16,2020,PULLBACK,20,0.12006033182503772,-0.04398952374591543,-0.04129100668683149,-0.04333624127573679,-0.03974304190419952
2020-03-17,2020,WEAK,20,0.09526627218934913,0.026113004345575747,0.025648272182978972,0.02581102502831985,0.025630908779843514
2020-03-18,2020,PULLBACK,20,0.11987860394537186,-0.06330690759373434,-0.0773438931829091,-0.0653144176169422,-0.08098748820197063
2020-03-19,2020,PULLBACK,20,0.09556828459451294,-0.06337469251412077,-0.06433104401389225,-0.06528057135848352,-0.06713437956536533
2020-03-20,2020,PULLBACK,20,0.10496240601503759,-0.05380622616929566,-0.05309617848439098,-0.054547262989473946,-0.05468333969052784
2020-03-23,2020,PULLBACK,20,0.03830985915492957,-0.04777861470040874,-0.04195690392223106,-0.04507168296223891,-0.038380911970539756
2020-03-24,2020,PULLBACK,20,0.0372118855873369,-0.03496627875619499,-0.05568132759388249,-0.02996520915554691,-0.0513967353212363
2020-03-25,2020,PULLBACK,20,0.04848654708520184,-0.03283716265992473,-0.06354834485740903,-0.02883594188783506,-0.05841484102258612
2020-03-26,2020,PULLBACK,20,0.043828016643550516,-0.03474651568361967,-0.05011950422183584,-0.03184107315198782,-0.0459248504088904
2020-03-27,2020,PULLBACK,20,0.033361134278565574,-0.033740315176419566,-0.06014478382143578,-0.028544754464454834,-0.053467807445839524
2020-03-30,2020,PERSIST,20,0.04074797655595863,0.06593207031083698,0.04275509837858247,0.06275701865187554,0.03497937649937756
2020-03-31,2020,PERSIST,20,0.06362339514978621,0.046573231148052285,0.019537150342552243,0.04559515137681118,0.012685391308241582
2020-04-01,2020,PULLBACK,20,0.06296086216676122,-0.05326872607521295,-0.06366491407602728,-0.047828507527699675,-0.05537663845620361
2020-04-02,2020,PULLBACK,20,0.041876046901172526,-0.05410142857719381,-0.0607527136243501,-0.04817709054462531,-0.05277354105136585
2020-04-03,2020,PULLBACK,20,0.024145415084102062,-0.04727104380988315,-0.05522533550915452,-0.04108833507357476,-0.046787500957708186
2020-04-07,2020,PERSIST,20,0.02964589623936309,0.05333639466169957,0.0424010316165391,0.055259144640608604,0.0442591335815775
2020-04-08,2020,PERSIST,20,0.027182866556836993,0.0533921899271255,0.056996361068053975,0.055921146779352844,0.06032130702178767
2020-04-09,2020,PERSIST,20,0.020103232817169303,0.06171521715939693,0.048591100883719075,0.060802308130393966,0.04653320706464508
2020-04-10,2020,PERSIST,20,0.026394557823129272,0.05968804392216298,0.056594667389815105,0.05779564719952997,0.053606054895042256
2020-04-13,2020,PERSIST,20,0.03244997295835583,0.038696421408244155,0.032705850104656105,0.035769388087847014,0.02729926402202626
2020-04-14,2020,PERSIST,20,0.050363587395636955,0.017901873557522867,0.0044562583889466816,0.01136026992103995,-0.006922519476460394
2020-04-15,2020,PERSIST,20,0.0448406266882766,-0.003715004761374964,-0.017367156886204743,-0.007128811443262759,-0.023925118830995656
2020-04-16,2020,PERSIST,20,0.059078590785907936,-0.0013623846271149966,-0.051598761814249376,-0.005162069247146402,-0.0617547082898015
2020-04-17,2020,PERSIST,20,0.07044578976334614,-0.0004799815269063458,-0.032301161181622094,-0.002335016635204203,-0.03883303224669044
2020-04-20,2020,PERSIST,20,0.04681545998911263,0.0030225124047884785,-0.03974917257829812,-0.0017998877692345548,-0.050558529210391084
2020-04-21,2020,PERSIST,20,0.04584915897992414,-0.0022812827466591364,-0.03729490135395652,-0.011343107198064615,-0.05328021040020291
2020-04-22,2020,PERSIST,20,0.03694779116465874,0.0007823744787512467,-0.040178141889099676,-0.0034968991830741855,-0.04934870304488283
2020-04-23,2020,PERSIST,20,0.027800053461641383,0.004485478491708325,-0.009919878357972296,0.002559524998142993,-0.013845301539602917
2020-04-24,2020,PERSIST,20,0.023119851182567208,0.00896227606708385,0.003486178508985827,0.0070988357086897635,0.0011306198336222418
2020-04-27,2020,PERSIST,20,0.03766478342749524,0.015612694464318871,0.0061639573428474,0.011646978655854576,-0.00019496923222270604
2020-04-28,2020,PERSIST,20,0.04076159828372217,0.01438110329915408,0.018205195674090905,0.012891555094256034,0.016095145917503887
2020-04-29,2020,PERSIST,20,0.042113733905579265,0.013502873783970186,0.00995203810201913,0.010562657044511002,0.005987670318304897
2020-04-30,2020,PERSIST,20,0.02774813233724638,-0.0010688036548347993,0.0007918113564479584,-0.003987404171175494,-0.0034976183341037543
2020-05-06,2020,PERSIST,20,0.022240085744908766,-0.002758343068220228,-0.007707331781800234,-0.004830596917418005,-0.011254654349768306
2020-05-07,2020,PERSIST,20,0.018543046357615944,0.004987514296524716,-0.001391690379181969,0.0052125801707090195,-0.0015223865268472834
2020-05-08,2020,PERSIST,20,0.006131698213809766,0.011344303172051361,0.0016081421643786356,0.011671342892286494,0.0018877308333965863
2020-05-11,2020,PERSIST,20,0.013900026730820692,0.007422726387154657,0.01537807129765088,0.006005291766364123,0.014081087452412296
2020-05-12,2020,PERSIST,20,0.018109187749667077,0.0067627614329538776,0.010654216040277649,0.007524493180422344,0.011903165861187021
2020-05-13,2020,PERSIST,20,0.019088016967126142,0.011028207144731565,0.01465002773542584,0.013198947685818002,0.018213265564688285
2020-05-14,2020,PERSIST,20,0.00838135149292829,0.011957048179571533,0.016057755410952477,0.013831635634840902,0.019364606117298417
2020-05-15,2020,PERSIST,20,-0.01025641025641022,0.011467878098048948,0.01358333338626826,0.013614065832393841,0.016825190278369692
2020-05-18,2020,PERSIST,20,-0.006721820062047468,0.01646122383684679,0.02621328489483722,0.017015610942630058,0.02858369979456324
2020-05-19,2020,PERSIST,20,-0.016888433981576245,0.023670394157178854,0.03272296512943172,0.025241720497495564,0.03570112816272689
2020-05-20,2020,PERSIST,20,-0.011053984575835507,0.01559461071695142,0.03188976166204069,0.015160478355429129,0.032980569413942715
2020-05-21,2020,PERSIST,20,-0.002340093603744098,0.01567967864061654,0.02615039213348282,0.015309337144746296,0.026460031187758734
2020-05-22,2020,PERSIST,20,0.009338521400778177,0.01712566966339235,0.029645037542942107,0.018812546750586707,0.03311834024782418
2020-05-25,2020,PERSIST,20,0.005938548928479115,0.004399312586426257,0.023271430012971592,0.006729622363953136,0.02782529898679134
2020-05-26,2020,PERSIST,20,0.01768530559167747,0.015149219182162476,0.028326548570032216,0.016593715650447705,0.032975731231879565
2020-05-27,2020,PERSIST,20,0.01740259740259731,0.014651987213744845,0.03548692341398046,0.016671151685390684,0.040471094447960626
2020-05-28,2020,PERSIST,20,0.013481980814104233,0.013020347913158765,0.032947425062657396,0.016619288114957203,0.04063682059346068
2020-05-29,2020,PERSIST,20,0.01262561195568157,0.006952840577247536,0.022380993481696573,0.01068302038539752,0.028994125751844936
2020-06-01,2020,PERSIST,20,0.00411840411840414,0.008738331066318075,0.014774102649632396,0.009863076979696768,0.017307028897541384
2020-06-02,2020,PERSIST,20,0.016874350986500586,0.011917082071075802,0.024893358310245695,0.01335272508620304,0.0282426382844205
2020-06-03,2020,PERSIST,20,0.02542595019659233,0.015880299578450118,0.030859497946290903,0.01749832592420559,0.03499109987211833
2020-06-04,2020,PERSIST,20,0.016644993498049265,0.014153017088122713,0.030905601838963657,0.013356356585504398,0.03160108869928336
2020-06-05,2020,PERSIST,20,0.041070482246952755,0.01594758799950135,0.026347158299015013,0.014486535305532174,0.026026656755943168
2020-06-08,2020,PERSIST,20,0.04060110730292643,0.011104647069191112,0.026068548763225636,0.012626594057343307,0.029503700546033833
2020-06-09,2020,PERSIST,20,0.029557938791525018,0.013452669412659216,0.025606376891789025,0.01252155334251383,0.026263918907911875
2020-06-10,2020,PERSIST,20,0.02445369406867859,0.01589550378629853,0.021927718579558546,0.013223388116447453,0.019895864477035993
2020-06-11,2020,PERSIST,20,0.0202597402597402,0.01555702381884449,0.012830048031794158,0.011366016553955856,0.00758991459965502
2020-06-12,2020,PERSIST,20,0.022797927461139844,0.01334727089034943,0.005527524821986979,0.009012027260996577,-0.0009760766737845939
2020-06-15,2020,PULLBACK,20,0.025247267048412292,0.029332012115772806,0.02050705816735769,0.028012109707437803,0.01872095200842247
2020-06-16,2020,PULLBACK,20,0.016397709526288384,0.023623731790538043,0.012042404695748375,0.02237220461986423,0.00968867557434983
2020-06-17,2020,PULLBACK,20,0.017936054068105056,0.025906933446400132,0.013008912584310035,0.024619525538535865,0.011068643749452265
2020-06-18,2020,PULLBACK,20,0.027104508730779076,0.020894807942435256,0.011428620604702502,0.02021984392343012,0.010115867820244156
2020-06-19,2020,PULLBACK,20,0.044204574659470586,0.022663315968410563,0.011300317856591857,0.020882976408677166,0.008440088997785155
2020-06-22,2020,PERSIST,20,0.04106776180698146,0.010493474457839934,0.013650997978005338,0.007124982943222216,0.009749333919994736
2020-06-23,2020,PERSIST,20,0.04370048556095063,0.014621310448486755,0.019417528052419974,0.010291109223335966,0.014154117439392797
2020-06-24,2020,PERSIST,20,0.06331376053101878,0.009481962831692763,0.017843411736412663,0.005395513855694127,0.01322808634910408
2020-06-29,2020,PERSIST,20,0.09746738296239443,0.013037498869584923,0.01763848107654346,0.008333142411975827,0.012061802260338903
2020-06-30,2020,PERSIST,20,0.07430025445292632,0.010874299375056608,0.01615861503594348,0.006509890781332869,0.010849122713521096
2020-07-01,2020,PERSIST,20,0.08049218149192527,0.008806715575247266,0.01177761727137264,0.00601948698162926,0.008192211581788712
2020-07-02,2020,PERSIST,20,0.06739851927495533,0.00680309107879561,0.013329230007531286,0.004437412282732708,0.010530524847864431
2020-07-03,2020,PERSIST,20,0.07668711656441718,0.000740986990492523,0.005544503969895184,-0.0015170318813683128,0.002754854464600217
2020-07-06,2020,PERSIST,20,0.07776925044768501,-0.0005226369119599528,0.0036904198393267664,-0.0019765240580774425,0.0020698759830088936
2020-07-07,2020,PERSIST,20,0.09417154492237234,0.002255850455890549,0.00571487210153245,-0.0017256977265333114,0.0009566389577293152
2020-07-08,2020,PERSIST,20,0.09779579427413232,-0.007859290198676577,-0.00477009954611332,-0.011306531115152441,-0.009144063695071373
2020-07-09,2020,PERSIST,20,0.11839430894308944,-0.0032508000968195063,-0.006149010804037687,-0.005708253019056404,-0.009162545881204551
2020-07-10,2020,PERSIST,20,0.10081259522600305,-0.0019305679194164928,-0.0056186793476183175,-0.0048986135536831996,-0.010078000138616813
2020-07-13,2020,PERSIST,20,0.10056008146639517,0.0044907066137869385,0.0044261137808004995,0.003472235395371526,0.0032989999977344076
2020-07-14,2020,PERSIST,20,0.02254305977710236,0.005346257720207229,0.012155993355532718,0.0039633426183363464,0.011019796547953205
2020-07-15,2020,PERSIST,20,0.03274942878903264,0.002356493306704551,0.007340932049777399,0.00018061220005170277,0.004917727387122126
2020-07-16,2020,PERSIST,20,0.06069142125480176,0.0025842313429134426,0.006287829926540287,-0.0006040203371866166,0.002459829701572866
2020-07-17,2020,PERSIST,20,0.04494382022471899,0.002207336808924735,0.0019687972413613437,-0.0009410182973513207,-0.001912760349167368
2020-07-20,2020,PERSIST,20,0.06622684597817807,-0.0002670782915447003,-0.0024632890063808616,-0.003708340589841282,-0.007173466097210493
2020-07-21,2020,PERSIST,20,0.03790302731971451,0.002643887977234195,4.954702871202976e-05,-0.0009840182944805828,-0.004669055517988144
2020-07-22,2020,PERSIST,20,0.002218934911242698,0.008905706745583273,0.0008002767308365067,0.0026220973722328412,-0.007865910468994253
2020-07-23,2020,PERSIST,20,0.0012242899118513062,0.011997812762390099,0.014673485930538575,0.008984549842808083,0.011161351981905179
2020-07-24,2020,PERSIST,20,-0.02953181272509009,0.019066054856467885,0.02124706300342939,0.01469178833018626,0.016165535002943945
2020-07-27,2020,PERSIST,20,-0.052913752913753,0.018317928196888697,0.020355100758259293,0.011853106993330993,0.01201432667350641
2020-07-28,2020,PERSIST,20,-0.037896731406916184,0.012193788763068978,0.015355315709089858,0.005070680254167928,0.005689999108145431
2020-07-29,2020,PERSIST,20,-0.026809015421114912,0.007227535688570921,0.01186851638053004,0.0016414019728348966,0.004148107503578698
2020-07-30,2020,PERSIST,20,-0.023678545802439666,0.0035220120830396946,0.017839485417795026,-0.002043516840560717,0.011552443090959853
2020-07-31,2020,PERSIST,20,-0.017568850902184185,0.001034990971210372,0.0037754472335232193,-0.004244367315420414,-0.0029465893212436284
2020-08-03,2020,PERSIST,20,-0.01519107524329455,-0.00936222243872929,0.0005424458549919131,-0.014786769542341708,-0.006243265050709927
2020-08-04,2020,PERSIST,20,-0.03814840660618757,-0.006367394281625928,0.0032286026268025445,-0.009248796901758734,0.0008288270103743341
2020-08-05,2020,PERSIST,20,-0.05723517193630279,-0.0030682894544412365,-9.3542143224358e-05,-0.008341422777711766,-0.006247058349623302
2020-08-06,2020,PERSIST,20,-0.07723761926397088,0.0014454444248695082,0.0075665712102084975,-0.005933511433869593,-0.0009676045956875656
2020-08-07,2020,PERSIST,20,-0.05905420991926191,-0.00592838527710704,0.006505279119562654,-0.012220425968730336,-0.0010403108817883672
2020-08-10,2020,PERSIST,20,-0.060837381448068606,-0.001233199188241687,0.007829064279543954,-0.00812411042867228,-0.00011781915703883844
2020-08-11,2020,PERSIST,20,0.005945008669804297,0.0050720387427640595,0.014853812735917071,0.00023879977839441234,0.009347750913361846
2020-08-12,2020,PERSIST,20,0.009095378564405232,0.02041540324552471,0.024902687530649812,0.013176640446838393,0.014618367455114786
2020-08-13,2020,PERSIST,20,-0.01062288749396434,0.013333871971554865,0.0028629996779046055,0.006387906103980481,-0.006669632963981535
2020-08-14,2020,PERSIST,20,-0.0009775171065492527,0.010792560460688608,0.005462381815267748,0.002939848915310972,-0.004705952713756394
2020-08-17,2020,PERSIST,20,-0.024750118990956693,0.01081071900695129,-0.0019208534231971745,0.003102478347330294,-0.012203291842142415
2020-08-18,2020,PERSIST,20,-0.0331989566042209,0.018739299740879366,0.0008574072174108098,0.008672215086444002,-0.012645700272423989
2020-08-19,2020,PERSIST,20,0.002952029520295163,0.04999386905876213,0.027107368435792534,0.03889937494755724,0.012544968028369451
2020-08-20,2020,PERSIST,20,-0.005380288579114767,0.04774468626133305,0.032797916247677014,0.03600612458904794,0.014858118016781583
2020-08-21,2020,PULLBACK,20,0.010638297872340496,-0.046674079166733946,-0.05724331325540278,-0.04901310407379355,-0.059999090795348764
2020-08-24,2020,PULLBACK,20,-0.020920502092050097,-0.052644378658769475,-0.050800909163719404,-0.05643820821586562,-0.05502190669279203
2020-08-25,2020,PULLBACK,20,-0.020187099950763288,-0.05749509051622722,-0.05500530135174089,-0.06046754627648198,-0.0584270505969525
2020-08-26,2020,PULLBACK,20,-0.04436860068259396,-0.059497977788250354,-0.04790003495846649,-0.06257809542930097,-0.051748560631983145
2020-08-27,2020,PULLBACK,20,-0.04409603135717777,-0.0499511813677292,-0.046951611451405716,-0.05225078968749672,-0.05041223881311232
2020-08-28,2020,PULLBACK,20,-0.05219913001449972,-0.045908159288459205,-0.04728766019453317,-0.04965624111863182,-0.05179249478863496
2020-08-31,2020,PULLBACK,20,-0.04362496987225839,-0.03813053494028531,-0.04246399107333593,-0.0413669293366885,-0.04676977727627235
2020-09-01,2020,PULLBACK,20,-0.03627569528415964,-0.03510938070513213,-0.04313609699666395,-0.03902053471361888,-0.048558362273538914
2020-09-02,2020,PULLBACK,20,-0.030110159118726942,-0.03332801734300579,-0.0321584350354899,-0.03793575705359161,-0.03730249509894714
2020-09-03,2020,PULLBACK,20,-0.010585918266863614,-0.04096061966291937,-0.038414062070550994,-0.045679907239995,-0.043892589947041344
2020-09-04,2020,PULLBACK,20,-0.01642559450845804,-0.044561612967605316,-0.03774428456530337,-0.048981371429493714,-0.043293468674359445
2020-09-07,2020,PULLBACK,20,-0.03201970443349744,-0.0518180251846908,-0.043884550783468576,-0.05523790419712729,-0.048220370834981555
2020-09-08,2020,PULLBACK,20,-0.02782565870475251,-0.05442629229364259,-0.054587321606901995,-0.0585548836245928,-0.060256827974001
2020-09-09,2020,PERSIST,20,-0.03239951278928144,0.023713028997949127,0.04617343514966549,0.01608291967492587,0.03827803626513076
2020-09-10,2020,PERSIST,20,-0.03513909224011702,0.03082379629970032,0.01035586750937903,0.0245413219422679,0.0005712913198773822
2020-09-11,2020,PULLBACK,20,-0.03277886497064575,-0.027800239775473613,-0.036678346739845144,-0.029106423532200606,-0.03829309050334706
2020-09-14,2020,PULLBACK,20,-0.030746705710102518,-0.02498839495154089,-0.032179872496607996,-0.026912528527266374,-0.03470383185821031
2020-09-15,2020,PULLBACK,20,-0.025018395879322974,-0.01926920029885599,-0.0220352551113781,-0.02120966369756829,-0.024460289435664247
2020-09-16,2020,PULLBACK,20,-0.030414520480745666,-0.017540568535794315,-0.01740592669298287,-0.02010439503747726,-0.02089992644301824
2020-09-17,2020,PULLBACK,20,-0.029505778214900413,-0.014905104125609508,-0.02012394810450597,-0.01914389502179085,-0.025850903396958808
2020-09-18,2020,PULLBACK,20,-0.028641370869033067,-0.01611054583835592,-0.022062280525704914,-0.020865081377750894,-0.028576469845385734
2020-09-21,2020,PERSIST,20,-0.0010055304172951196,0.012662744106170618,0.005414655886527633,0.004927807461470049,-0.0056054907096179975
2020-09-22,2020,PULLBACK,20,-0.016834170854271413,-0.029886859952957527,-0.033245326128159655,-0.03489746281216857,-0.039338050309019615
2020-09-23,2020,WEAK,20,-0.0035714285714285587,0.009608253538681343,0.006784031971506747,0.011531978464972451,0.008606573595698042
2020-09-24,2020,WEAK,20,0.003075345976422339,0.014997763997118677,0.01104189599117228,0.016122087736216196,0.012355501479580562
2020-09-25,2020,PULLBACK,20,0.004589495155532752,-0.03806719931085642,-0.04909377555347169,-0.03974344382633343,-0.05207325978057457
2020-09-28,2020,PULLBACK,20,0.0005040322580645018,-0.03640761774928253,-0.04204334523820895,-0.03872350189782638,-0.04537893671456955
2020-09-29,2020,PULLBACK,20,-0.008531994981179403,-0.02689850215467565,-0.031116343508369046,-0.027815022755607714,-0.033013681873900615
2020-09-30,2020,PULLBACK,20,0.01009591115598174,-0.02679782634486439,-0.034317128842525704,-0.02665435672092084,-0.03464809278868444
2020-10-09,2020,PULLBACK,20,-0.0012440905697934657,-0.0254408366488887,-0.03882067954975234,-0.02436377472431413,-0.038034205051810356
2020-10-12,2020,PULLBACK,20,-0.039381854436689845,-0.02114560006073856,-0.04556435098892749,-0.023394006472910497,-0.04905087894145101
2020-10-13,2020,PULLBACK,20,-0.011704834605598013,-0.023110949755757053,-0.038829818130515954,-0.026276989854314804,-0.04313863603401895
2020-10-14,2020,PULLBACK,20,-0.021023302938196542,-0.02852383950405871,-0.045928767936747036,-0.03090826888482742,-0.04892875487346221
2020-10-15,2020,PULLBACK,20,-0.02139979859013086,-0.02973018421571333,-0.044705779388947375,-0.032869488937852305,-0.04911818954307009
2020-10-16,2020,PULLBACK,20,-0.012392513909964653,-0.025992788926664824,-0.04195826561008405,-0.030979489467812954,-0.04884548817316847
2020-10-19,2020,PULLBACK,20,-0.01694486595852307,-0.026820427936157708,-0.04364608361210078,-0.03100841998956886,-0.04949205561643287
2020-10-20,2020,PULLBACK,20,-0.027945619335347338,-0.03038633391336404,-0.04070878899276523,-0.03605677188044786,-0.04836595933570274
2020-10-21,2020,PULLBACK,20,-0.030943396226415176,-0.028947860544167706,-0.04063658483983654,-0.03420444980048595,-0.048056840838985176
2020-10-22,2020,WEAK,20,-0.027826966860612146,0.008768672400045844,0.00702609812680634,0.011532565355361919,0.009587637798794665
2020-10-23,2020,WEAK,20,-0.02432227007854071,0.009106038062912273,0.007102186471591267,0.011571664529761772,0.009261846058395747
2020-10-26,2020,WEAK,20,-0.04939516129032262,0.013391924902367264,0.01079212684959927,0.015052783516287886,0.012413588858157259
2020-10-27,2020,WEAK,20,-0.06265727226975337,0.014232403241022863,0.01679824713284482,0.015489254273861868,0.017951464442651742
2020-10-28,2020,WEAK,20,-0.05008944543828253,0.007723044805128407,0.009240655608247538,0.009348922795951469,0.010296289226753281
2020-10-29,2020,WEAK,20,-0.04864311315924219,0.00986236540546712,0.007812996268674696,0.011550482173358504,0.00922441886645045
2020-10-30,2020,START,20,-0.06591722023505364,0.024724836688697367,0.009314202445245487,0.022078002976813886,0.006058666735576007
2020-11-02,2020,START,20,-0.07614213197969544,0.018902382087514286,-0.0008806078269336451,0.016018327301162417,-0.0038860408979269553
2020-11-03,2020,START,20,-0.06801007556675065,0.021507088039306836,0.0021727354107225205,0.018231521328284993,-0.0018882902943450214
2020-11-04,2020,WEAK,20,-0.05618830675778286,0.006307802969136092,0.004406458090924916,0.008877502702370274,0.007002391758072086
2020-11-05,2020,WEAK,20,-0.06246876561719139,0.01063754263314089,0.012986804110547668,0.013606490158616553,0.01597622735565112
2020-11-06,2020,START,20,-0.06875934230194325,0.011433691354698607,0.009754117580673904,0.006669303754194314,0.004630335295094545
2020-11-09,2020,WEAK,20,-0.015308770108977687,0.012546496948613593,0.009284478796198339,0.015266056769409937,0.012012303139683305
2020-11-10,2020,WEAK,20,-0.022142121524201808,0.022940740752233905,0.018471634771296097,0.025179497109739907,0.020628841274059156
2020-11-11,2020,WEAK,20,-0.030789133247089318,0.017034382203372472,0.018209967874169123,0.019769270720372593,0.020570120898427982
2020-11-12,2020,WEAK,20,-0.03678929765886285,0.005830380413536316,0.004050586706993348,0.008170296389088312,0.006193866291437578
2020-11-13,2020,WEAK,20,-0.041741357234314935,0.008540408403245457,0.007431035076909729,0.010574439576325244,0.00919469877664998
2020-11-16,2020,WEAK,20,-0.03936197581682532,0.0098538402089852,0.011530930037413763,0.012234155734169156,0.013736023277331883
2020-11-17,2020,WEAK,20,-0.020461020461020496,0.01054030029615959,0.015414855552666742,0.012780013993705189,0.017700082660813344
2020-11-18,2020,WEAK,20,-0.013759086188992686,0.017688935749742406,0.015652063743498455,0.02003587734514862,0.018073911496330846
2020-11-19,2020,WEAK,20,-0.004944054124382036,0.017942957267115547,0.017081079401315567,0.020041942241118726,0.01914555272350901
2020-11-20,2020,WEAK,20,0.007011165930927099,0.012999337818096696,0.012277373654026928,0.014864276265249336,0.013923120808086905
2020-11-23,2020,WEAK,20,0.01802757158006374,0.011650740238818652,0.012026877409587994,0.013828790600867941,0.013987833750605538
2020-11-24,2020,WEAK,20,0.02604026845637586,0.02285198415424979,0.016858737439643744,0.02502437284218219,0.01916656996229397
2020-11-25,2020,WEAK,20,0.03416733925208493,0.027365781051143526,0.02640604086029766,0.029525230258563843,0.028555597482965944
2020-11-26,2020,WEAK,20,0.03175457481162547,0.02312375357409363,0.026916416086816126,0.02583874423245788,0.029268050920282652
2020-11-27,2020,WEAK,20,0.05990153172866508,0.023756942072825835,0.0252732070544956,0.02672664986467407,0.02791493563412122
2020-11-30,2020,WEAK,20,0.05824175824175826,0.036374444092118416,0.03225688369442125,0.0387319958549173,0.034630545582354635
2020-12-01,2020,WEAK,20,0.03702702702702698,0.03461487594771363,0.03939273614310817,0.03665883903631703,0.04155757277850085
2020-12-02,2020,WEAK,20,0.03700724054706361,0.031948712901557715,0.035807538688420945,0.034030322199963305,0.03791825002710798
2020-12-03,2020,WEAK,20,0.0386460554371002,0.026685966150179187,0.026959182138942984,0.029306989068969808,0.029426730268398253
2020-12-04,2020,WEAK,20,0.04949170679507753,0.02481222383552619,0.02101663878615956,0.026436623532390548,0.022766783044445606
2020-12-07,2020,WEAK,20,0.03583662714097491,0.02414741824133882,0.024368724782325275,0.025801736283191302,0.026206321412155693
2020-12-08,2020,WEAK,20,0.0239599789362821,0.012243529138908402,0.014272009530031892,0.014692267814297846,0.01613205653494454
2020-12-09,2020,WEAK,20,0.038441003737319734,0.014977333712173071,0.009227797940237106,0.017190078495534857,0.011204323121347032
2020-12-10,2020,WEAK,20,-0.003739316239316337,0.01937318840905472,0.014983090407623837,0.0215465176967776,0.016941738685848706
2020-12-11,2020,WEAK,20,0.007215392838054502,0.021579828440944006,0.020734348407212538,0.023469244218334254,0.022607942545356464
2020-12-14,2020,WEAK,20,0.018478843063738593,0.02088176221646284,0.021489285755807587,0.02242523676059188,0.02299796582474782
2020-12-15,2020,WEAK,20,0.003701745108408261,0.018333133245332887,0.01951534524807896,0.019617041899577976,0.020492067937497863
2020-12-16,2020,WEAK,20,-0.0018425901553040802,0.01470246714592788,0.019207766861432354,0.015929537105237694,0.020234305819084898
2020-12-17,2020,WEAK,20,-0.021705020920501972,0.0103058099246382,0.014723426033424377,0.01178680338071722,0.016072476022902682
2020-12-18,2020,WEAK,20,-0.021918514698298086,0.006867050919851518,0.007538169216789252,0.008515301679939245,0.009108699791676549
2020-12-21,2020,START,20,-0.01302083333333326,0.015743454139643787,0.014644747417816295,0.013115791749189044,0.011657975030533178
2020-12-22,2020,START,20,-0.0023547880690737433,0.024843185831007933,0.025267169038142658,0.022512675952042347,0.021625919396430174
2020-12-23,2020,START,20,-0.00858480749219559,0.027628508369714665,0.01549629081161548,0.025033296838205755,0.011961742992730008
2020-12-24,2020,START,20,-0.007042253521126751,0.027339507937331683,0.007220769054109755,0.02422682185785175,0.0032960808996461526
2020-12-25,2020,START,20,-0.02038709677419359,0.02786810558212407,0.0071008645613752554,0.02412780805777093,0.0025916751883044015
2020-12-28,2020,START,20,-0.01947040498442365,0.033961769916664,0.015495715789413902,0.029890265403163654,0.010155834240819086
2020-12-29,2020,START,20,-0.018243419338024536,0.028340854984408356,0.01319199750667049,0.024616113184169428,0.009415983737641236
2020-12-30,2020,START,20,-0.026894233255753797,0.023816172103452538,0.009095882286285169,0.020676410429716404,0.005716831886685545
2020-12-31,2020,START,20,-0.03053630998203738,0.02077964435978443,0.011515881263946898,0.018533543563832904,0.009087159047384625
2021-01-04,2021,START,20,-0.02752995156767779,0.022564035319100582,0.013463693796544812,0.018166776431520756,0.008977553508982323
2021-01-05,2021,START,20,-0.044772322564233025,0.023559702710355773,0.024455069966177873,0.01784761372127651,0.018293408582170052
2021-01-06,2021,START,20,-0.03677037798920024,0.016376460201674384,0.018542456498932373,0.01136736107458872,0.013416989874779935
2021-01-07,2021,START,20,-0.05398457583547556,0.01792250268433242,0.02141117887056917,0.012869669806586026,0.015744180516302716
2021-01-08,2021,START,20,-0.0058981233243967646,0.02147177060269179,0.02154542917401169,0.017355237088073634,0.016613049960202728
2021-01-11,2021,START,20,-0.007163703900238794,0.030686820206201497,0.034472727463650946,0.026956495988610767,0.02931430187650367
2021-01-12,2021,START,20,-0.01603996844596367,0.032461550401439256,0.035534346012743565,0.02871066032109666,0.03193933398013421
2021-01-13,2021,START,20,-0.039778714436248586,0.030752356853283147,0.03916468544845882,0.02599478358931464,0.034720231874490456
2021-01-14,2021,WEAK,20,-0.04298523206751048,0.005257620274635388,0.00936847767042215,0.004174311013682188,0.008184240470374403
2021-01-15,2021,WEAK,20,-0.020582731889869033,0.004389327027209456,0.010262853117568775,0.0033859021948799937,0.009184281526228414
2021-01-18,2021,WEAK,20,-0.023464276298444497,0.004840408813825919,0.013078236940598554,0.0039373512650334236,0.011856105146955129
2021-01-19,2021,WEAK,20,-0.021372031662269086,0.00696908220836349,0.007157181216206937,0.00628641500410221,0.006398135250462383
2021-01-20,2021,WEAK,20,-0.03383162863886702,0.0017092763067017753,0.007398960308752723,0.0003989971845895421,0.006292117691092424
2021-01-21,2021,START,20,-0.04224612962477037,0.012314473736140311,0.024683932141895525,0.008242687517977052,0.020699486153628897
2021-01-22,2021,WEAK,20,-0.061728395061728336,-0.001134407560788901,-0.0012159093149190685,-0.002764181639421232,-0.0028037000683709323
2021-01-25,2021,WEAK,20,-0.06743940990516328,0.0018118646306139424,0.002829481647452569,0.0009589191973361729,0.0018605992495905228
2021-01-26,2021,WEAK,20,-0.05904156738151978,0.0017258817302701838,0.004374772189612842,0.0007087999013146897,0.003351601890459588
2021-01-27,2021,WEAK,20,-0.06610034510220342,0.003343405366820363,0.004991534297876938,0.0019740034672580268,0.003648644409023968
2021-01-28,2021,WEAK,20,-0.07866064310390641,0.006410241335132396,0.008139418161650465,0.005738768430441306,0.007508019926287699
2021-01-29,2021,WEAK,20,-0.06749602964531498,0.004917050203935467,0.0111152970958384,0.003968899095543468,0.010105195829793625
2021-02-01,2021,WEAK,20,-0.08545216251638277,0.0039287632529765235,0.010743711611079681,0.0026105643334490133,0.009169780097204826
2021-02-02,2021,WEAK,20,-0.05539280958721693,0.008849305151337026,0.01345919847657237,0.008679573487897788,0.013143004795629132
2021-02-03,2021,WEAK,20,-0.04991991457554723,0.011446405491075083,0.017244562968744125,0.01135238121443006,0.017009739578605187
2021-02-04,2021,WEAK,20,-0.03451086956521743,0.012376664831946629,0.017583403688980682,0.01216498908770797,0.01733382426390491
2021-02-05,2021,WEAK,20,-0.03640776699029136,0.016778468500309236,0.017992890248145793,0.01669811144811622,0.018015068971757198
2021-02-08,2021,WEAK,20,-0.0454302512025655,0.0050698698658869544,0.008978848496335675,0.004755705509602301,0.009175441738568315
2021-02-09,2021,WEAK,20,-0.04596472474612512,0.0017330355649648748,0.006853582515314006,0.0007676363464998818,0.0058367649757243446
2021-02-10,2021,WEAK,20,-0.009053497942386857,-0.000503859197226689,0.003472218015905057,-0.0013509408991098683,0.0025995034578920814
2021-02-18,2021,WEAK,20,-0.01653348029760271,0.01141415860738441,0.010928891432225503,0.01048543155943221,0.009880165579243334
2021-02-19,2021,WEAK,20,-0.02265283842794763,0.013009782918005797,0.014919626047815156,0.012589948759852256,0.014351647205500941
2021-02-22,2021,WEAK,20,-0.03590712742980562,0.008755279081835847,0.009887435916769664,0.007963845771237318,0.009285775785755006
2021-02-23,2021,WEAK,20,-0.038285252089511945,0.005776839650908926,0.006712514749242711,0.004869352690061676,0.005991265951010596
2021-02-24,2021,WEAK,20,-0.026058631921824116,0.0050230007027798045,0.0055347652685956965,0.00423875667190759,0.004783715990510148
2021-02-25,2021,WEAK,20,-0.018904109589041096,0.008331712704588302,0.012259476573082047,0.0075568234815794055,0.011138283603468926
2021-02-26,2021,WEAK,20,0.002239641657334923,0.01423068284038962,0.012007991331343237,0.014157562568213993,0.011922035922465221
2021-03-01,2021,WEAK,20,0.005084745762711895,0.01598433337534647,0.012231590395801609,0.0154206803720999,0.011894352998606774
2021-03-02,2021,WEAK,20,-0.01491277433877325,0.022667455491565215,0.016172849485168058,0.022298965706195863,0.015907269850870393
2021-03-03,2021,WEAK,20,0.005685048322910724,0.02023920787493838,0.02077030010700446,0.02006381947184413,0.020818312786852887
2021-03-04,2021,WEAK,20,0.03922699740409574,0.024068700003301212,0.024393744549824216,0.023653184668030125,0.024043735039899705
2021-03-05,2021,WEAK,20,0.02384331535623052,0.02918939032553606,0.028875529534525025,0.029386118449420812,0.028904436035571364
2021-03-08,2021,WEAK,20,0.03238750358268838,0.02747043158449404,0.02784714524880303,0.028323966476748643,0.02859016592966889
2021-03-09,2021,WEAK,20,0.0138144911192557,0.02526218886259952,0.027366210856723475,0.02618921570129698,0.028184180953605444
2021-03-10,2021,WEAK,20,0.02304017982579376,0.020053974533563702,0.018899778070312883,0.020610042352632463,0.019631628131458564
2021-03-11,2021,WEAK,20,0.017450042217844075,0.012994200335823007,0.013914987759668693,0.012954865372945336,0.0139408929093409
2021-03-12,2021,WEAK,20,0.0019591379792891495,0.014391690483741539,0.010235798608926153,0.013941089085863625,0.009803461468595044
2021-03-15,2021,WEAK,20,0.011758118701007847,0.013446619818951936,0.007538621911534,0.01346520299580383,0.007655745367285749
2021-03-16,2021,WEAK,20,0.007843137254901933,0.01503267538956379,0.011453945364156417,0.015328118123413533,0.011600342435843009
2021-03-17,2021,WEAK,20,0.009136212624584639,0.01515293596459305,0.011219425619192602,0.015866397236219933,0.012011884857458292
2021-03-18,2021,WEAK,20,0.02857943401513019,0.0034149207583659353,0.0024538139949338757,0.003676364133627906,0.0031907856835552044
2021-03-19,2021,WEAK,20,0.017872102764590947,0.0034694677010326993,0.003503986621855735,0.0035296345714573283,0.0034653175765597642
2021-03-22,2021,WEAK,20,0.02408288994679353,0.010204145255158729,0.003900612994647326,0.010504293832854492,0.004091973938225731
2021-03-23,2021,WEAK,20,0.03252032520325199,0.012029851463265276,0.011070310193627435,0.012235011314926374,0.011132780471887031
2021-03-24,2021,WEAK,20,0.02341137123745818,0.01124635325648332,0.009466596150629485,0.011756847571315556,0.00996553679373045
2021-03-25,2021,WEAK,20,0.01954761239877123,0.0077515478147119204,0.006998471454724349,0.008604736105619685,0.008008935693919469
2021-03-26,2021,WEAK,20,0.02067039106145252,0.004098437867286478,0.004295607589235176,0.004614371744860526,0.0049241606462368396
2021-03-29,2021,WEAK,20,0.021922428330522825,0.002843074286566951,0.0032309016513228797,0.003333414522692205,0.003698149077636828
2021-03-30,2021,WEAK,20,0.04655812624964306,0.003488486927716801,0.000549436756646189,0.004741661889861319,0.001961747258713749
2021-03-31,2021,WEAK,20,0.024024872809496944,0.009545277140310544,0.0063115937334176685,0.010845984980878203,0.007458930714770631
2021-04-01,2021,START,20,0.016930335831251808,0.022654162540961028,0.007570100890307525,0.025082379448823498,0.010248395337981053
2021-04-02,2021,START,20,0.030219018574993095,0.02475567276998638,0.010968123727883396,0.0258754494225749,0.012209878745411195
2021-04-06,2021,START,20,0.033870072182121236,0.021288071979317282,0.014307207718474352,0.022722234953346614,0.015854716274731548
2021-04-07,2021,START,20,0.03754171301446041,0.018456011031296862,0.01692823944219102,0.016932797609864245,0.015798956905695827
2021-04-08,2021,START,20,0.023070585004119737,0.011460031108870072,0.008072484250451099,0.012075444867852878,0.009164705078711359
2021-04-09,2021,START,20,0.028769017980636136,0.014975177424552441,0.0065266410503353744,0.01675126786874763,0.007588626738504351
2021-04-12,2021,START,20,0.038826815642458046,0.02152122730865802,0.025769411701390577,0.02358507535631864,0.02712047994912256
2021-04-13,2021,START,20,0.04620918649695627,0.017847624282649133,0.01812917318129436,0.019060606584563246,0.019572556619768474
2021-04-14,2021,START,20,0.05697609783212898,0.01952342403570352,0.018039851788168335,0.019981267672553392,0.018579856244761793
2021-04-15,2021,START,20,0.04115226337448563,0.018920508527675038,0.022910969557029502,0.018971818674764784,0.02302364180099916
2021-04-16,2021,START,20,0.03677472078452748,0.01845401874628976,0.021210452266834705,0.01845997548682835,0.021445507580032497
2021-04-19,2021,START,20,0.0455418381344308,0.018193964537295184,0.026086027893199713,0.016855512583301393,0.024955458472159818
2021-04-20,2021,START,20,0.04894722450095701,0.017096641295799627,0.028728823283351586,0.01531984288502092,0.02686890710674898
2021-04-21,2021,START,20,0.029052402932392196,0.019941098380398616,0.019316918101120736,0.01732579327178088,0.016353148126416635
2021-04-22,2021,START,20,0.0503812636165577,0.02002717404832457,0.028767208922222464,0.016363121860767566,0.024808868591493102
2021-04-23,2021,START,20,0.047110380717611644,0.021615206110720007,0.03289344078378513,0.018361032494897334,0.0291292131821815
2021-04-26,2021,START,20,0.046798029556650356,0.02494381906316746,0.03979557200177391,0.020759530791073167,0.035111818254798956
2021-04-27,2021,START,20,0.05500550055005493,0.02226049310552014,0.039088356757627306,0.01756649407057668,0.03467868027039525
2021-04-28,2021,START,20,0.04776200873362435,0.027642594974230973,0.04223939900909267,0.021790994983104668,0.035512328664124446
2021-04-29,2021,START,20,0.056582942313000206,0.03001408114101635,0.038209480691075874,0.0232810061922099,0.031195143856310704
2021-04-30,2021,START,20,0.0376637554585153,0.021205226193976492,0.031223697730754917,0.015764738523320918,0.026036303383398914
2021-05-06,2021,START,20,-0.0002691065662002723,0.0163079768843369,0.030548222509087678,0.01072493884493108,0.025387827532509604
2021-05-07,2021,START,20,0.009398496240601517,0.01852780481917649,0.038391184006130924,0.011746533573200978,0.03145066253516192
2021-05-10,2021,START,20,0.018225676762262166,0.015665354251838418,0.03512965662526917,0.008107105178545848,0.027518125201498555
2021-05-11,2021,START,20,0.014228187919463009,0.016598127277517735,0.03100485158579312,0.009049796838434702,0.022756787246509178
2021-05-12,2021,PERSIST,20,0.012906695348211983,0.007140092208862192,0.008752266120725435,0.00415469548881069,0.005803994792177246
2021-05-13,2021,PERSIST,20,0.020435600968002232,0.0028909476602532284,0.007066426156915738,0.000812255825260802,0.004783284455095807
2021-05-14,2021,PERSIST,20,-0.016133298069293867,-0.0022804383325880084,0.0008973109215873057,-0.004230027417977956,-0.0011175503736852582
2021-05-17,2021,PERSIST,20,-0.022350775703392056,-0.00012910327257275103,0.0006277037186067989,-0.0022369549631190548,-0.001335277375726725
2021-05-18,2021,PERSIST,20,-0.03214756258234519,-0.0011839346498281646,0.0024277058237124403,-0.0030801254843447917,0.0007196399601537887
2021-05-19,2021,PERSIST,20,-0.047556489753021514,-0.004956815125851284,-0.0030220776336672443,-0.0074907011852139915,-0.005529807862268333
2021-05-20,2021,PERSIST,20,-0.05143007084754647,-0.0030236267317746736,-0.0005297108768982971,-0.005137501632521719,-0.002539075173541334
2021-05-21,2021,PERSIST,20,-0.050573514077163706,-0.005688726499180126,0.0007959053973213815,-0.007273986507446621,-0.000767103371666657
2021-05-24,2021,PERSIST,20,-0.0395778364116095,-0.003802801065419404,0.0014853187308738018,-0.004912371319170961,0.00043473352073580243
2021-05-25,2021,PERSIST,20,-0.058335493907181735,-0.0008384740275436675,0.0067981213632452705,-0.0021900917594296844,0.005581434173765328
2021-05-26,2021,PERSIST,20,-0.05231493591420344,-0.004208405959248722,0.00069204013627417,-0.005969673337772373,-0.0008558394850345912
2021-05-27,2021,PERSIST,20,-0.054117647058823604,-0.0072913849025070315,-0.0020318251994165927,-0.0096591378530156,-0.004343116275318537
2021-05-28,2021,PERSIST,20,-0.05656934306569339,-0.00568404627971251,-0.0022242351940188485,-0.007726035352409555,-0.004231840277905443
2021-05-31,2021,PERSIST,20,-0.06329773378483983,-0.010117701403248039,-0.009293815538730054,-0.012939513343766376,-0.012164343794111413
2021-06-01,2021,PERSIST,20,-0.05694879832810862,-0.01021052124779494,-0.011743436193385755,-0.012752091969582826,-0.014240941562527303
2021-06-02,2021,PERSIST,20,-0.04260915307732771,-0.010641898294331674,-0.007657079635569181,-0.012414151761202176,-0.00965997276800245
2021-06-03,2021,PERSIST,20,-0.017227456258411822,-0.009020322080097568,-0.012364386778126272,-0.010994956774458074,-0.01436127982489617
2021-06-04,2021,PERSIST,20,-0.02873104549082206,-0.0005739875055487242,-0.0018830439795982055,-0.0016631062243614696,-0.0029360127100650467
2021-06-07,2021,PERSIST,20,-0.03237694130034219,-0.0023270725275617975,-0.0034428055382876646,-0.0024792706725487563,-0.0035930587839313214
2021-06-08,2021,PERSIST,20,-0.025939650608787668,-0.00403263454174059,-0.003808118029529757,-0.0043971919634870635,-0.004128642912685594
2021-06-09,2021,PERSIST,20,-0.022033448367401065,0.0008725857140593207,-0.00010100000464416999,0.0005622173632129401,-0.00010990497110762408
2021-06-10,2021,PERSIST,20,-0.02740447957839265,-0.0006227057687734541,-0.0010835015051650753,-0.0021313353072490793,-0.0025965345218995576
2021-06-11,2021,PERSIST,20,-0.009677419354838679,0.0024867352048186953,-0.001221333869391869,0.0009335626071390625,-0.0026959395997257695
2021-06-15,2021,PULLBACK,20,-0.009413663259817184,0.003195378573665458,0.005244762462674642,-0.0023693551118986163,0.0005765634536949796
2021-06-16,2021,PULLBACK,20,0.011434794445956964,0.003904839272348707,0.00545535004909396,-0.0009884726499512792,0.0008326020932201516
2021-06-17,2021,PULLBACK,20,0.026206896551724146,0.005041810545099214,0.00884138506751935,0.005321266668786859,0.009947323546218793
2021-06-18,2021,PULLBACK,20,0.023513139695712226,0.007122368706345833,0.010498401388286456,0.006838525176189677,0.010478443955987755
2021-06-21,2021,PULLBACK,20,0.017298187808896248,0.009638097849270498,0.008506457517813638,0.009875317176607022,0.008868767001679611
2021-06-22,2021,PULLBACK,20,0.012362637362637319,0.008525990567214288,0.01542739729489017,0.008693332663488346,0.015004694058549463
2021-06-23,2021,PULLBACK,20,0.009636563876651794,0.007039561905171935,0.007664948706800404,0.01149067685780468,0.01202160135347147
2021-06-24,2021,PULLBACK,20,0.014352746342809697,0.004900429137263587,0.012336179220520282,0.009075512024328818,0.016436935546909948
2021-06-25,2021,PULLBACK,20,0.017412935323383172,0.004597751738551354,0.00625261267642885,0.010631075863224756,0.01228267437638405
2021-06-28,2021,PULLBACK,20,0.015473887814313247,0.004823857700334928,0.002370935442348312,0.010672706793533616,0.008385710100398947
2021-06-29,2021,PULLBACK,20,0.027530589543937722,0.007800133155426767,0.004517993132018312,0.014281217621558153,0.011444693765311424
2021-06-30,2021,PULLBACK,20,0.028808864265928102,0.010069112177751631,0.006837770325053786,0.015343954455390791,0.012558632454297922
2021-07-01,2021,PULLBACK,20,0.022252747252747174,0.004545962937198377,0.000444264217188994,0.010110496476400513,0.005454053561171294
2021-07-02,2021,PULLBACK,20,0.009312517118597707,0.0021747200640022633,-0.0008091625476266753,0.008636179166736,0.005749013712613188
2021-07-05,2021,PULLBACK,20,0.008490824431662602,0.003944341211324838,-0.00171461210557009,0.008086604207719311,0.0023254206301791067
2021-07-06,2021,PULLBACK,20,0.0016322089227420733,0.00325321587063377,0.0011880359353289944,0.007220878287005908,0.0048500745582035565
2021-07-07,2021,PULLBACK,20,0.0024456521739129045,0.002517097373058526,0.0027653682863912716,0.008304835147684507,0.00871999365557833
2021-07-08,2021,PULLBACK,20,-0.004885993485342133,0.001988331161887588,-0.004427213970464688,0.006693989897647476,0.0009784824888416565
2021-07-09,2021,PULLBACK,20,-0.036846383094012336,0.002087380932701402,-0.0017807740518202314,0.009803032546835995,0.006262414343973034
2021-07-12,2021,PULLBACK,20,-0.03447339847991315,0.001440202659498709,-0.0015317261269290118,0.008427673436538873,0.005924943621297757
2021-07-13,2021,PULLBACK,20,-0.03828400760249795,-0.0011380007730393393,-0.008631940959983148,0.005080660683225223,-0.002225034839572572
2021-07-14,2021,PULLBACK,20,-0.037685060565275874,-0.0013538176412343974,-0.004230887685879942,0.004072408002029954,0.0012052245429811249
2021-07-15,2021,PERSIST,20,-0.03521505376344092,0.004329193149391831,0.0017325888677408568,0.005456328339950287,0.002787293341203251
2021-07-16,2021,PERSIST,20,-0.01756756756756772,0.0012905639982299447,-0.0016394461546606395,0.0022385993332948427,-0.0008541671972626379
2021-07-19,2021,PERSIST,20,-0.01619433198380571,0.0029632259063298444,-0.002406606664199031,0.00425421342687957,-0.00129354384453189
2021-07-20,2021,PERSIST,20,-0.007327001356852159,0.003938400444591851,-0.002856326851461916,0.005491832090820947,-0.0014392035833933562
2021-07-21,2021,PERSIST,20,-0.0038178347422961334,0.004999745146540363,-0.00010358503819650651,0.006100269481226276,0.0008468678337824383
2021-07-22,2021,START,20,-0.006258503401360471,0.019034716256760332,0.008637441960180042,0.016738035389106003,0.005845602116976165
2021-07-23,2021,PERSIST,20,-0.012224938875305624,0.002177241528876085,-0.005572467662898135,0.0032417538545811675,-0.004571881062349022
2021-07-26,2021,PERSIST,20,0.0005442176870749105,0.0037737667009068374,-0.0040512788007140525,0.004913903998593714,-0.0029396690770042283
2021-07-27,2021,PERSIST,20,-0.006224627875507371,0.002879702770128289,-0.0019694259838677897,0.004440215473969709,-0.0006995227379633789
2021-07-28,2021,PERSIST,20,-0.01561658589122239,-0.00011630885626926976,-0.007850511647981234,0.0022129274288774665,-0.005619599476356358
2021-07-29,2021,PERSIST,20,-0.015049717817790964,0.0018143389373859245,-0.008896641826923792,0.0029289122543737322,-0.007933581821279095
2021-07-30,2021,PERSIST,20,0.005698778833107099,0.0029972865107583888,-0.0034364946969409668,0.0033439774952885156,-0.003328962921632029
2021-08-02,2021,START,20,0.0019011406844107182,0.01602586947753909,0.008949858282004114,0.014260771552198587,0.006755747501214766
2021-08-03,2021,START,20,0.0021727322107549796,0.010187055102266045,0.005636879212832577,0.00965443514954689,0.005605287683126785
2021-08-04,2021,START,20,0.0,0.013541990862130388,0.008815956605275944,0.012182855127840944,0.007229787996301869
2021-08-05,2021,START,20,0.0035460992907800915,0.01484183244045398,0.012207485421600456,0.013595945144883484,0.01077735221696689
2021-08-06,2021,WEAK,20,0.043600562587904346,-0.0027957599906860606,-0.004511431097843832,-0.0035464582705602254,-0.005196346965633854
2021-08-09,2021,WEAK,20,0.043294911442226525,0.01069549936309049,0.01058749744061239,0.010631821977675055,0.010355485607882589
2021-08-10,2021,WEAK,20,0.033032185206098186,0.014688238416896007,0.014753760145186694,0.014823333599931737,0.014862776913285351
2021-08-11,2021,WEAK,20,0.017622377622377616,0.016216688324055487,0.01797372720487833,0.016377268154537276,0.01815943632141663
2021-08-12,2021,WEAK,20,0.0161604903872945,0.01501975663708827,0.01910015337220715,0.015304086300067568,0.019366284047467163
2021-08-13,2021,WEAK,20,0.0013755158184320937,0.012521943127483923,0.016861026990412194,0.012735713566984372,0.017072637860476494
2021-08-16,2021,WEAK,20,-0.0010973936899862924,0.00427243222443573,0.01254798524577468,0.0038822241529640066,0.012053952820011447
2021-08-17,2021,WEAK,20,0.0016402405686168908,0.0018728340349480873,0.003599198211035146,0.0010686593829863195,0.0026712284571721086
2021-08-18,2021,WEAK,20,-0.003832466465918505,1.23483581812708e-05,-0.00025896164874179665,-0.0004974520205952868,-0.0008101197898493927
2021-08-19,2021,WEAK,20,-0.01533406352683464,0.0011472984113462675,-0.0011559873418608363,0.0010354447801407,-0.0011704812276878114
2021-08-20,2021,WEAK,20,-0.0011001100110010764,0.0009019449391882233,0.0012739673055590767,0.0008896582282817355,0.0011913079380152878
2021-08-23,2021,WEAK,20,-0.01767745444655966,0.0024332906443228844,0.0012144828232144756,0.0024810328102931834,0.0012371057230355087
2021-08-24,2021,START,20,-0.025599128540305105,0.01751974058899819,0.025429234021430103,0.01698780462457893,0.024514869377115972
2021-08-25,2021,WEAK,20,-0.018052516411378616,0.004289052233943035,0.006805392595829005,0.003251511440047334,0.005667444969975905
2021-08-26,2021,WEAK,20,-0.023192360163710735,0.004929253838790151,0.007472639251970082,0.0045100207237047975,0.006952981936948424
2021-08-27,2021,WEAK,20,-0.040744738262277314,0.0014045370899267572,0.004224429579613801,0.0015542430030981047,0.0043676248041137075
2021-08-30,2021,START,20,-0.037679587964218,0.015574819916701513,0.02631936088803462,0.014690234684778187,0.0252941582310449
2021-08-31,2021,START,20,-0.02981029810298097,0.0176594681707206,0.025616394250746716,0.016965620137201765,0.024590825202358425
2021-09-01,2021,START,20,-0.027649769585253448,0.01508055126007455,0.030622403242767073,0.014123838828648505,0.029891107809031054
2021-09-02,2021,START,20,-0.026909486273443806,0.014181614116283043,0.02860643306565515,0.013221086553762496,0.027694568603797265
2021-09-03,2021,START,20,-0.0320754716981132,0.018824610961745626,0.02825893732516033,0.017509684703296842,0.026402499944572888
2021-09-06,2021,START,20,-0.021018593371058936,0.020170604298633713,0.029422645433703855,0.017142429173409177,0.02585126126419176
2021-09-07,2021,START,20,-0.004919376878928627,0.02136118408948391,0.019942334722339795,0.018025515585252786,0.016335595801723727
2021-09-08,2021,START,20,-0.012919186366135205,0.02330000017657897,0.023653636871444693,0.02078748795930973,0.020867719150330487
2021-09-09,2021,START,20,-0.017274472168905874,0.02017797887897346,0.013638974405797904,0.0180935157798466,0.011670682080737481
2021-09-10,2021,PERSIST,20,-0.01813186813186818,0.00653437749641202,0.0012467744533650026,0.006898420329353571,0.0015614588060937646
2021-09-13,2021,PERSIST,20,-0.01235924196649274,0.009429386471255982,0.005959225707306065,0.00986840719326122,0.0062717315995033315
2021-09-14,2021,PULLBACK,20,-0.01719432314410485,-0.011303431142748635,-0.008494058470283405,-0.012905819602627945,-0.010242476154539201
2021-09-15,2021,PULLBACK,20,-0.009068425391591028,-0.012941489164327729,-0.008474134526754187,-0.01649105816205746,-0.012503504538363958
2021-09-16,2021,WEAK,20,0.009454949944382562,-0.005426117577247511,-0.005252116941661996,-0.006662629554494049,-0.006482444056052226
2021-09-17,2021,WEAK,20,-0.009911894273127775,0.000760327271645756,-0.0018535019048006814,-0.00017334098159260398,-0.0027701701724164632
2021-09-22,2021,PULLBACK,20,-0.0005537098560355336,-0.010327950829395255,-0.011121960074310457,-0.011359579960074724,-0.012818643782489116
2021-09-23,2021,WEAK,20,0.012576858580212624,0.0011604581465698206,-0.0010483192755876567,0.0007769434191843561,-0.0015135144907722576
2021-09-24,2021,PULLBACK,20,0.0011142061281337323,-0.009287652090955592,-0.012816174987007357,-0.008136962854215883,-0.011544858579267235
2021-09-27,2021,WEAK,20,0.006983240223463749,0.00027673768385556093,0.0021469777289044455,-0.00011408413343043454,0.0018167732288582
2021-09-28,2021,WEAK,20,0.012658227848101333,0.0054671407927096,0.004844251496728831,0.0048403094170955735,0.004031970975150086
2021-09-29,2021,WEAK,20,0.008732394366197216,0.008228669002284174,0.005269906472435121,0.008203719270982958,0.005356671513287993
2021-09-30,2021,WEAK,20,0.010055865921787754,0.01007113294548394,0.012741035703348585,0.010194488833611655,0.012789591237912111
2021-10-08,2021,WEAK,20,0.02397546696403685,0.0047411582396424835,0.008055199447684727,0.004387396467724333,0.007766597983504689
2021-10-11,2021,WEAK,20,0.026536312849162025,0.0061670789544526,0.005989911121442105,0.005832752176934231,0.005699047263073133
2021-10-12,2021,WEAK,20,0.023391812865497075,0.0037445038817668693,0.006779510829433637,0.0035505591271039853,0.0065463362242064735
2021-10-13,2021,WEAK,20,0.022846132672722286,0.005133150158498166,0.0048199224723702114,0.005079643209030206,0.004661442943843123
2021-10-14,2021,WEAK,20,0.024443834111507856,-0.0009668704269865259,0.0017739817568364394,-0.0018384957003673337,0.0009904955757388083
2021-10-15,2021,WEAK,20,0.03842940685045937,-0.002732714764243003,-0.00515784262148704,-0.003570540209645194,-0.005710940985204907
2021-10-18,2021,WEAK,20,0.0418526785714286,0.0033542741332015045,0.002622513276776658,0.0026888781601347896,0.0019763992435210868
2021-10-19,2021,WEAK,20,0.04001119194180203,0.003170920650898448,0.002787441143353784,0.002486766532853639,0.002162164093850672
2021-10-20,2021,WEAK,20,0.04004449388209119,0.0021952177549465074,0.00246971829298066,0.0008162941780417141,0.0011906949965176578
2021-10-21,2021,WEAK,20,0.036934184948625326,0.002176133315578144,0.0016397774876177025,0.0011577855697513886,0.0008166852666304448
2021-10-22,2021,WEAK,20,0.02773155851358844,0.0008600957277948079,0.003717021416632074,-0.00010504094559518444,0.002756657633180767
2021-10-25,2021,WEAK,20,0.005785123966942196,-0.0025236805787582544,0.001140691074159243,-0.0036605436472183766,1.538889934344376e-05
2021-10-26,2021,START,20,0.005283648498331406,0.015189420335919756,0.013384793617297254,0.011290329551430136,0.008930614154824488
2021-10-27,2021,WEAK,20,0.001108033240997175,7.846579281003491e-05,-0.0010803393614305726,-0.0017141847985195533,-0.0030328708437594417
2021-10-28,2021,START,20,-0.0027601435274634545,0.013916895011283535,0.009952929049353089,0.009874540075566061,0.0054920566874815495
2021-10-29,2021,START,20,0.006677796327211993,0.01632602892897409,0.01861327177360888,0.01262629163505433,0.014308592223584
2021-11-01,2021,START,20,-0.0036061026352288694,0.015429163430904795,0.0199064589112931,0.012859348960084624,0.017240560805151607
2021-11-02,2021,START,20,-0.007777777777777772,0.01838348185018885,0.020610410420473478,0.014740391996425073,0.016650383660906952
2021-11-03,2021,START,20,0.00027925160569663987,0.017029223247371945,0.01934199635295188,0.013413030466496244,0.015674984250046715
2021-11-04,2021,START,20,-0.014933628318584136,0.020869632166239042,0.016797469063711906,0.016426627110177207,0.011647643420033136
2021-11-05,2021,START,20,-0.023686359923768108,0.01623404106545678,0.013386898418503082,0.012830811933596534,0.01063259072665873
2021-11-08,2021,START,20,-0.025034013605442107,0.016669705256577436,0.01576807776099197,0.01239568480693513,0.011678496986576055
2021-11-09,2021,PERSIST,20,-0.023945578231292397,0.009781073795430244,0.006962497039244517,0.008485289989315858,0.005492847419174579
2021-11-10,2021,PERSIST,20,-0.037136706135629804,0.005156576761416263,0.0008561046969793838,0.003671097986734529,-0.0007733861887902274
2021-11-11,2021,PERSIST,20,-0.03994638069705092,0.004114099590267126,-0.0033225250995714394,0.003222555378093463,-0.004352516695147239
2021-11-12,2021,PERSIST,20,-0.0383480825958703,0.0008682845566880277,0.0008118161092037176,-0.0003249711380500335,-0.0008056246606724824
2021-11-15,2021,PERSIST,20,-0.03802892340653452,-0.003644315384319521,-0.002512196565358488,-0.004792089013341855,-0.00399300600673411
2021-11-16,2021,PERSIST,20,-0.041700295937584175,-0.003334233559480645,-0.006729940564118252,-0.004249856270006653,-0.007812316776805321
2021-11-17,2021,PERSIST,20,-0.04465240641711232,-0.0017489212662791295,-0.0027617982331999014,-0.0009912654124776827,-0.002057367346067588
2021-11-18,2021,PERSIST,20,-0.03186930905195495,-0.0015576570455395847,-0.002134137457307397,-0.0014842936236755281,-0.002227869098861128
2021-11-19,2021,PERSIST,20,-0.022396114409066303,0.0002773207663704872,-0.0006015957968251214,0.0005278866365794779,-0.0002468835507114936
2021-11-22,2021,PERSIST,20,-0.01342098055327301,0.0008966586911798476,0.0015928329914707672,0.0018055782007808767,0.0025869696725644258
2021-11-23,2021,START,20,-0.005255878284923909,0.025327392211756936,0.0396483119521648,0.023670291139450027,0.03772017203257293
2021-11-24,2021,START,20,0.0016602102933038765,0.02629910441296662,0.03941855413132254,0.024866813933594738,0.038160450456648454
2021-11-25,2021,WEAK,20,0.006365900913368527,0.00023717741065564673,0.0027747474227133983,-2.0206624649422996e-05,0.0024393823070835165
2021-11-26,2021,START,20,0.004975124378109541,0.0249799775405235,0.0373158731898441,0.02294198144581716,0.035593606696621455
2021-11-29,2021,START,20,0.010579064587973308,0.023676207600355104,0.03717198359723797,0.021462467208877782,0.03538545514624015
2021-11-30,2021,WEAK,20,0.013157894736842257,-0.0020735332424379627,0.003264995830782295,-0.002624384911772558,0.0025259615722747096
2021-12-01,2021,START,20,0.01005025125628145,0.016765760397927112,0.024266360197537147,0.014512753174436007,0.02210119271406168
2021-12-02,2021,WEAK,20,0.02386299831555294,-0.0019137598254507409,-0.0015696898200040963,-0.002664979009976909,-0.0022451963466405714
2021-12-03,2021,WEAK,20,0.008923591745677584,0.002734814033429117,0.0019119652725670352,0.002079879475273817,0.001179851677214673
2021-12-06,2021,WEAK,20,0.013675690761931314,0.001641001617705673,0.005316963207321746,0.0009803244769078603,0.004540014863966873
2021-12-07,2021,WEAK,20,0.011151379983272758,0.0032828808447056697,0.00514713191263599,0.0027498890364124617,0.00455130971978634
2021-12-08,2021,WEAK,20,0.005589714924538747,0.0026913766906796026,0.005824518674027919,0.0019249257689808264,0.005042263019703026
2021-12-09,2021,WEAK,20,0.005305780508237934,0.006852486488182411,0.008372931087057948,0.00576718814226293,0.007060725918352193
2021-12-10,2021,WEAK,20,0.01115448968209698,0.00674125532629432,0.008787659567468336,0.006309153132837993,0.008336315061827936
2021-12-13,2021,WEAK,20,0.01586859688195985,0.004437774508242995,0.00588171128231957,0.004110962738178512,0.005678910921256958
2021-12-14,2021,WEAK,20,0.024985962942167372,0.0056872608416922285,0.008729980758117043,0.005334969826858496,0.008279432283869322
2021-12-15,2021,WEAK,20,0.02071088720962777,0.00921178253556859,0.010735897054777146,0.008819835752387746,0.01032970311943982
2021-12-16,2021,WEAK,20,0.0055325034578146415,0.006421311429661159,0.011227928956186259,0.006114786545107767,0.010883051964349244
2021-12-17,2021,WEAK,20,0.0049682583494341515,0.0013181585469250279,0.006781777223319031,0.0008751883315639047,0.006338565696287386
2021-12-20,2021,WEAK,20,0.006940588561910044,-0.0012703549805937113,0.000492873494557974,-0.0017746455319318482,0.00012136880970970137
2021-12-21,2021,PULLBACK,20,0.02280311457174644,-0.008730675193299547,-0.00982127520429215,-0.008968031161056093,-0.009675490563951743
2021-12-22,2021,WEAK,20,0.013535911602210016,-0.0050570952129349875,-0.002648443045238302,-0.005749927595860181,-0.003358230378653157
2021-12-23,2021,PERSIST,20,0.0066006600660066805,0.012136021262644084,0.009161427581620148,0.012443189661337008,0.009306772251852011
2021-12-24,2021,PERSIST,20,0.009075907590759158,0.011214047257906985,0.00995797492622146,0.01179523698706231,0.010345593779087912
2021-12-27,2021,PERSIST,20,0.012396694214876103,0.009328011660432105,0.008829620674042457,0.00963066887807912,0.009125126997469505
2021-12-28,2021,PERSIST,20,0.000828958275766789,0.0072795090067427175,0.003665046393764467,0.007653569862683976,0.004032718027923543
2021-12-29,2021,PERSIST,20,-0.007186290768380288,0.006989123445922023,0.00435572802777077,0.007884139879773891,0.00513584996838504
2021-12-30,2021,PERSIST,20,-0.007403345215245327,0.004114504380253181,0.0015899424692698595,0.004991553920682319,0.002177389421243686
2021-12-31,2021,PERSIST,20,0.005804311774461057,0.004226847338381201,-0.0012191250358031414,0.005041806619114889,-0.0004452666161347396
2022-01-04,2022,PERSIST,20,0.005781938325991165,0.003409328995081111,-5.510918904878294e-05,0.0043197937596928925,0.0006778498834234328
2022-01-05,2022,PERSIST,20,0.011304108078301622,0.0021772711507091376,-0.0004323329850494592,0.0034495788916929747,0.000703019327701877
2022-01-06,2022,PERSIST,20,0.015564202334630295,0.004838234657214127,0.0021495181825165414,0.006592198217930816,0.00390842252940353
2022-01-07,2022,START,20,0.03166666666666673,0.010843943683516693,0.012277228457161449,0.013190305860992107,0.014942101414003891
2022-01-10,2022,START,20,0.02868174296745729,0.013426619829975471,0.00737107212799868,0.012391685587172083,0.005694783636713871
2022-01-11,2022,PERSIST,20,0.012332145793368054,0.002198035544591692,-0.003950310904974346,0.0034526529543735117,-0.0026802613116857846
2022-01-12,2022,PERSIST,20,0.01670775130101343,0.0021181134043969617,-0.0009351528619391865,0.00323252076041308,-1.4779614648954484e-05
2022-01-13,2022,PERSIST,20,0.0340005483959418,-0.0009177406530103821,-0.0040728055591694266,-0.00040531278587774473,-0.003665462743285209
2022-01-14,2022,PERSIST,20,0.03521320495185698,0.0018795202150969255,-0.003270894831926399,0.0025210277100644204,-0.0027557850141598957
2022-01-17,2022,PERSIST,20,0.04147212304311987,0.005813539405965781,0.0032428695370965883,0.006238710464738518,0.0034464466416799077
2022-01-18,2022,PERSIST,20,0.043010752688172005,0.0052510800844525855,0.005468103542701797,0.005397277891432217,0.005318733078433575
2022-01-19,2022,PERSIST,20,0.031810766721044104,0.0027165578703052667,0.0024234185173157563,0.00357888683163042,0.003180033999595825
2022-01-20,2022,PERSIST,20,0.0357045516489507,-0.0010947840516282621,-0.004466153476115826,-0.0009437701650418666,-0.004482224154761894
2022-01-21,2022,PERSIST,20,0.03770491803278686,0.003924389048648457,0.001593883521107284,0.0040732534516376585,0.001716898852485195
2022-01-24,2022,PERSIST,20,0.029435813573180702,0.0032893160628748273,0.0024377089351708854,0.003249105845082004,0.0024070869307485122
2022-01-25,2022,PERSIST,20,0.041088435374149634,0.0016676739669074965,0.00045402383727271775,0.0012066650074417974,-0.00010148396524709176
2022-01-26,2022,PERSIST,20,0.05742683600220877,0.003237403589437058,0.0023130677710944203,0.0026985159041844832,0.0016551439625417975
2022-01-27,2022,PULLBACK,20,0.07182628062360807,-0.0037948661886952548,-0.008489905141015806,-0.007125693529768771,-0.011226544543077498
2022-01-28,2022,PULLBACK,20,0.08756906077348048,-0.0032309032350632443,-0.005504975869956309,-0.003611269689311065,-0.005985911342562061
2022-02-07,2022,WEAK,20,0.07914262159934049,-0.0074129788849175236,-0.00595928056906816,-0.00803013157350908,-0.006716440484118309
2022-02-08,2022,START,20,0.10758280865042447,0.011174518452841843,0.015949604198770898,0.010045951631033324,0.01502161641979878
2022-02-09,2022,START,20,0.06052344601962911,0.010225733786239121,0.015134297364671227,0.008523090791987223,0.013743171355660746
2022-02-10,2022,START,20,0.07963875205254523,0.007352799914043742,0.01587637297597934,0.00509955201500503,0.014502551364609673
2022-02-11,2022,START,20,0.05573505654281097,0.00933841420443031,0.01512980601342653,0.0065776082945425635,0.012215942632489967
2022-02-14,2022,START,20,0.03967828418230557,0.011486309249731354,0.007336108827206111,0.007933036408257706,0.0033604959879495666
2022-02-15,2022,PERSIST,20,0.03519220357336228,0.011920686109737877,0.011221152554072718,0.01167182381135587,0.010952356155707403
2022-02-16,2022,START,20,0.031788793103448176,0.011363274825638904,0.0239749270886272,0.007120864800651487,0.019188894433237978
2022-02-17,2022,PERSIST,20,0.0236011667992575,0.01448138948784137,0.015294932312279987,0.014037202658147481,0.015023079735049575
2022-02-18,2022,PERSIST,20,0.020196651607759852,0.01283148634302312,0.014048791661264055,0.01202418295517572,0.013567297421005488
2022-02-21,2022,PERSIST,20,0.016350210970464296,0.009510545055454258,0.014914707603069548,0.008964585305632313,0.014259800743100624
2022-02-22,2022,PERSIST,20,0.015331747290510345,0.00456215472899771,0.00676313795262697,0.003930764104589583,0.006212564349937333
2022-02-23,2022,PERSIST,20,0.02371541501976271,0.004420909788264189,0.004990637028776093,0.003068281133506438,0.0039067163203553605
2022-02-24,2022,PERSIST,20,0.02947368421052632,0.0031658863714397966,0.0005078520625732456,0.0011183784861802813,-0.00170286334832638
2022-02-25,2022,PERSIST,20,0.028436018957346043,0.004502271564005896,0.009198427913904784,0.0032882568933693037,0.007852056888890086
2022-02-28,2022,PERSIST,20,0.021975112523166418,0.006890084976329641,0.009100751619344061,0.005810690536177571,0.008167648913549548
2022-03-01,2022,PERSIST,20,0.003659174072137894,0.005833623010421874,0.007197391831827426,0.005257350767029337,0.0065689571384842105
2022-03-02,2022,PERSIST,20,0.0033942558746735685,0.00302672726670309,0.0009550265503934448,0.002099323259102804,0.0003933304452198162
2022-03-03,2022,PERSIST,20,0.0,-0.007729642557732621,-0.001786139840030598,-0.008083637094636505,-0.002510213157958534
2022-03-04,2022,PERSIST,20,-0.02413004826009646,-0.009132841250674024,-0.012240929942334184,-0.011086999250766737,-0.014053244926752898
2022-03-07,2022,PERSIST,20,-0.022663610898905007,-0.01003215316745466,-0.015822914011971872,-0.012898577215353257,-0.018879559067948172
2022-03-08,2022,PERSIST,20,-0.046465645081562035,-0.010167073803713568,-0.01378799467811384,-0.013464348532144376,-0.017418948986894944
2022-03-09,2022,PERSIST,20,-0.0012853470437018677,-0.01345753642904241,-0.013538235460913857,-0.017028786359029054,-0.017659933860599566
2022-03-10,2022,PERSIST,20,-0.011153358681875836,0.0005477564549778713,0.003897352655983892,-0.0026445538982169973,0.0004795571062376266
2022-03-11,2022,PERSIST,20,-0.0017852588625349997,-0.0025226172331853803,-0.0034783505325241522,-0.005557480829011434,-0.006952309462849527
2022-03-14,2022,PERSIST,20,0.01598762248581731,0.001186248846231407,0.000616427929395604,-0.00020941475594425955,-0.0013573994228972888
2022-03-15,2022,PERSIST,20,0.029811715481171674,0.009849075394417154,0.013335238184936284,0.011094504740171547,0.014391126487158125
2022-03-16,2022,PERSIST,20,0.034725848563968764,0.005946453012310305,0.009527785678332058,0.007947429159951776,0.011718241365475732
2022-03-17,2022,PERSIST,20,0.020466321243523433,0.008371812664414583,0.00045972406836123714,0.008819905831708701,0.001676185851597089
2022-03-18,2022,PERSIST,20,0.015108101067986324,0.011737879815885654,0.009521312453313818,0.012196437957808556,0.010076132635183473
2022-03-21,2022,PERSIST,20,0.017384535547483093,0.014473501452063478,0.014540849247100227,0.01557676561915445,0.016034233222655986
2022-03-22,2022,PERSIST,20,0.026034886748242503,0.019615315327839375,0.015040585325108043,0.02027286014856897,0.016269728722240206
2022-03-23,2022,PERSIST,20,0.010038610038610063,0.020398887828436102,0.020939505024678375,0.021355745597337387,0.022097252321524024
2022-03-24,2022,PERSIST,20,-0.004089979550102263,0.018621758299359806,0.01498051117779082,0.02046510820189694,0.016786571473397092
2022-03-25,2022,PERSIST,20,-0.0017921146953405742,0.016435781211946963,0.01898072666369911,0.01776695545972141,0.020489736130787545
2022-03-28,2022,PERSIST,20,0.0028497409326424528,0.018517574662909653,0.019655700162144327,0.020333111142036692,0.021670714576034495
2022-03-29,2022,PERSIST,20,0.025260416666666563,0.01878528382629114,0.018531622547230384,0.020949348542499965,0.020629068403127802
2022-03-30,2022,PERSIST,20,0.021597710122300384,0.024934704063443853,0.022011049746446278,0.026487486284108325,0.02383869220580822
2022-03-31,2022,PERSIST,20,0.01298701298701288,0.02239719363784592,0.024529325579403415,0.02345362329366067,0.025499411619827834
2022-04-01,2022,PERSIST,20,0.02602811035918795,0.021032278350682054,0.02022777894982705,0.021843785335523676,0.021022799843303044
2022-04-06,2022,PULLBACK,20,0.021104742053152714,0.0014160373391560602,0.009950677627493791,0.005951686141124004,0.015361977918344429
2022-04-07,2022,PULLBACK,20,0.0038880248833592645,0.0020443125414202927,0.011327355556958591,0.004929583758285583,0.014935448994699623
2022-04-08,2022,PULLBACK,20,0.008751608751608853,0.0019148466023490378,0.011079021956789146,0.004954486082152937,0.01492040604415133
2022-04-11,2022,PULLBACK,20,-0.0038451679056651367,-0.004071364852160173,-0.0021553753156105665,0.00030546826315355335,0.0019383050389169872
2022-04-12,2022,PULLBACK,20,-0.00945324476239151,-0.0010933249859117057,0.0005236883572708826,0.0038657920926713366,0.00577358930212084
2022-04-13,2022,PERSIST,20,-0.017258883248730927,0.010307734348390525,0.01198872572884034,0.010676844121317941,0.01252994270223412
2022-04-14,2022,PERSIST,20,-0.024631792788217366,0.003549543170033968,0.007430499612606581,0.0030485202484934887,0.006819968907887889
2022-04-15,2022,PERSIST,20,-0.028009084027252107,-0.0007164552213588689,0.0007789654097904745,-0.0001896499796652637,0.0011831240516673607
2022-04-18,2022,PERSIST,20,-0.017517136329017524,0.00027400537180051303,0.00016167778388508484,0.0012937309011201276,0.0010343760572294595
2022-04-19,2022,PERSIST,20,-0.005645368231973258,0.0016018725571813257,0.0039039057611935236,0.0027408615306336107,0.0049679641368103565
2022-04-20,2022,PERSIST,20,-0.012496812037745442,0.0032224607918378174,0.006273130202185607,0.005998828769046317,0.009031057404776286
2022-04-21,2022,PERSIST,20,-0.01243339253996445,0.003074682018335816,0.00034753816529923404,0.006203922178208611,0.0035908233751598185
2022-04-22,2022,PERSIST,20,-0.00917431192660556,-0.0017303118831753113,-0.0017490259976566608,0.002507360765013407,0.0026483381297162777
2022-04-25,2022,PERSIST,20,0.004363449691991761,0.005436399852356946,0.006028447966085832,0.011461101994756391,0.012373699201449219
2022-04-26,2022,PULLBACK,20,-0.0015388561169531467,-0.005451229677172653,5.396747317688508e-05,0.011630178216420012,0.018485646603198798
2022-04-27,2022,PERSIST,20,0.0005166623611470023,0.007467780791977548,0.006555848855875577,0.01584323304438245,0.0157319782952348
2022-04-28,2022,PERSIST,20,-0.023114046228092433,0.005068566325322408,0.0058614406930820534,0.013560460800849033,0.014584202907761603
2022-04-29,2022,PERSIST,20,-0.012735608762098893,0.0016576042435258848,-0.0012488374412474102,0.012900235111920833,0.01055403827068774
2022-05-05,2022,PERSIST,20,-0.00846153846153841,0.0002401705992599954,-0.0030421465707042086,0.011109375825457232,0.008346312852166214
2022-05-06,2022,PERSIST,20,-0.023338406900050734,0.0029092018996252846,-0.002594668503090721,0.015345807526398659,0.010464262729109863
2022-05-09,2022,PERSIST,20,-0.012503189589180841,0.00012539121000583638,-0.003740184265311506,0.013346821957267652,0.0099329947168195
2022-05-10,2022,PERSIST,20,0.004647560030983655,0.002654043726582479,-0.0013980921722194315,0.01788712894367815,0.01441387988942723
2022-05-11,2022,PERSIST,20,-0.012503189589180841,0.0035103733631406224,0.0014954261413600168,0.018508414823269544,0.016836345614095805
2022-05-12,2022,PERSIST,20,0.013896037056098764,0.004817720107871398,-0.0011986164476028805,0.020010429574640144,0.01480234640939667
2022-05-13,2022,PULLBACK,20,-0.0030951766830021876,-0.00024735188212151796,-0.00328145585977457,0.03631574944602125,0.03516083075268525
2022-05-16,2022,PULLBACK,20,-0.010330578512396715,-0.001088148295812008,-0.0029067957198366345,0.03464055878513423,0.03476562306930697
2022-05-17,2022,PULLBACK,20,0.0005206977349647701,-0.0045983650495667406,-0.0032101256887312976,0.031378360448502896,0.03418899390743285
2022-05-18,2022,PULLBACK,20,0.004413291796469432,5.1748611869310325e-05,0.0004897097126564062,0.02907277685207235,0.030974392938998667
2022-05-19,2022,PULLBACK,20,-0.0005167958656331351,-0.0011221315146959113,-0.0036452444384378765,0.03256382639895715,0.03158352107552603
2022-05-20,2022,PULLBACK,20,-0.004129032258064491,-0.005022504833589489,-0.003659093338835538,0.0250296974147521,0.027300373758523747
2022-05-23,2022,PULLBACK,20,-0.0064566115702479054,-0.007862511483859764,-0.009280379161049991,0.01614376279813516,0.015320214094263363
2022-05-24,2022,PULLBACK,20,-0.008478931140801671,-0.01036293333315915,-0.011006833412970946,0.009169498777174987,0.009678931736464204
2022-05-25,2022,PULLBACK,20,-0.016975308641975273,-0.012131829759983517,-0.009529106190364142,0.0041484294246547145,0.007631405506816317
2022-05-26,2022,PULLBACK,20,-0.018144646051622693,-0.017831790470593006,-0.017569194618383698,0.00042622419611647484,0.0015779660269424293
2022-05-27,2022,PERSIST,20,-0.014898535833547388,0.015351591672854057,0.016155553985565778,0.023301217116518762,0.024282392250254907
2022-05-30,2022,PULLBACK,20,-0.011102504518461176,-0.013452959892056696,-0.016279591355569518,-0.0003134958177350173,-0.002183192294923376
2022-05-31,2022,PULLBACK,20,-0.0049401976079043175,-0.01344539374703931,-0.016054043787712045,-0.004056658184148027,-0.006256658032515346
2022-06-01,2022,PULLBACK,20,-0.020123839009287936,-0.014669791380647237,-0.012119635067166797,-0.010472622186202629,-0.007200806014872103
2022-06-02,2022,PULLBACK,20,-0.01887768295836567,-0.015324882526482394,-0.01603370789902831,-0.007662766356921391,-0.008270254926704561
2022-06-06,2022,PULLBACK,20,-0.013246753246753284,-0.016042873958529366,-0.015763041395686718,-0.014578467030692538,-0.014075943332820976
2022-06-07,2022,WEAK,20,-0.035400516795865644,0.005475254552371295,0.003694998991485457,0.0037657162676785214,0.0019325291147671451
2022-06-08,2022,WEAK,20,-0.05422770496016449,0.0033886949999110496,0.0016641013903024903,0.001020684534062973,-0.00047990034240990263
2022-06-09,2022,WEAK,20,-0.05167958656330751,0.0019743257880959777,2.226268287106297e-05,0.0006880316762328002,-0.0010693536905893048
2022-06-10,2022,WEAK,20,-0.06979695431472077,0.002719046994620467,0.0006585697663323261,0.0008914595926149582,-0.0012062679543906616
2022-06-13,2022,START,20,-0.05459249676584743,0.004573934215324345,0.005552567107422746,-0.001789686065800892,-0.001016468402151428
2022-06-14,2022,START,20,-0.04645093945720247,0.007600681407888357,0.011975283310206534,0.006488021695454357,0.01042498969161768
2022-06-15,2022,PULLBACK,20,-0.04787926099401518,-0.015292439024962017,-0.017093573778843255,-0.015212505802190182,-0.016698688101862393
2022-06-16,2022,PERSIST,20,-0.06048074437839246,0.016071035636221975,0.01333213020702144,0.014971330290918284,0.011773810762851174
2022-06-17,2022,PERSIST,20,-0.05997931747673213,0.020186898294048194,0.015633373099415437,0.018037328375640156,0.013205710304371707
2022-06-20,2022,PULLBACK,20,-0.061155739828971156,-0.01614153284249737,-0.0205324628354754,-0.013665241387370117,-0.017571739823331475
2022-06-21,2022,PULLBACK,20,-0.0569274759552898,-0.01568143768050623,-0.010435587570981453,-0.01328774586457224,-0.007946093144819436
2022-06-22,2022,WEAK,20,-0.06582016066338425,-0.0021976798015336425,-0.0009417541993301717,-0.001640526376784937,-0.0004855750328617587
2022-06-23,2022,PULLBACK,20,-0.04578754578754585,-0.016477880389488695,-0.018292106320800722,-0.009016124860664724,-0.010446378573329727
2022-06-24,2022,WEAK,20,-0.048412285268089494,0.00356257822152337,0.002585286717273129,0.0031561250422096113,0.002179504739294947
2022-06-27,2022,WEAK,20,-0.04485006518904833,0.0021540716406763727,0.0026170546248700075,-0.00028460335111581744,0.0001644209070631019
2022-06-28,2022,WEAK,20,-0.044386422976501305,0.00039617393958190673,-0.00018349312257703084,-0.0005527606724707403,-0.00098291766950662
2022-06-29,2022,WEAK,20,-0.03553697413117329,0.00020200855245977286,0.0012066230320457064,0.0008942588219296954,0.0019213569850133217
2022-06-30,2022,WEAK,20,-0.01948393891521849,-0.002224353393762075,4.9780842348181795e-05,-0.001594552842260482,0.0007864300563125131
2022-07-01,2022,WEAK,20,-0.01238798102266736,0.003934346160224987,0.005091736434201898,0.0037013020524543734,0.004606578489232831
2022-07-04,2022,WEAK,20,-0.002369044485390881,0.002486906986977004,0.005602868577144347,0.003529833868551114,0.006760364988355724
2022-07-05,2022,WEAK,20,0.0021430484864719546,0.00023303809067180868,0.0027639119303683865,0.0010775651844158135,0.00357659680246018
2022-07-06,2022,WEAK,20,0.019565217391304346,0.011469990320272572,0.010523263295063217,0.0127008245166196,0.011566681964423212
2022-07-07,2022,WEAK,20,0.03242506811989099,0.01836508428501546,0.01859971964269126,0.019066465304364594,0.019196061734461808
2022-07-08,2022,WEAK,20,0.026193724420191078,0.019044061713067842,0.021451826457352236,0.019126732126899738,0.021574504797596407
2022-07-11,2022,WEAK,20,0.03612479474548436,0.024927772530202084,0.026094576532409455,0.024038684267396755,0.025073562924895185
2022-07-12,2022,WEAK,20,0.039135194307608145,0.019156070940373682,0.020599019260409895,0.017949674200032698,0.01980603512962737
2022-07-13,2022,WEAK,20,0.03416233943700475,0.019069131333171584,0.019995349176050867,0.018740812546209067,0.01960676972558446
2022-07-14,2022,WEAK,20,0.04071526822558469,0.019653730482303695,0.021515839336265025,0.021308585221517917,0.022985073480953674
2022-07-15,2022,WEAK,20,0.04675467546754675,0.025456128030549304,0.024991253609313764,0.027828479743801347,0.0271890049375094
2022-07-18,2022,WEAK,20,0.04581838255589288,0.02165454759500217,0.023343847490168698,0.02305243377638411,0.02485106503048474
2022-07-19,2022,WEAK,20,0.042723263506063924,0.02063950884666375,0.02162975339422172,0.02263626231710026,0.023632695821994888
2022-07-20,2022,WEAK,20,0.043550624133148474,0.021869690701862697,0.02290665902801691,0.023411658218605046,0.02437375346943533
2022-07-21,2022,WEAK,20,0.029887578831916617,0.026343031024220507,0.025335161734742206,0.028290796350580235,0.02725657602619092
2022-07-22,2022,WEAK,20,0.02653172866520781,0.016434507259883158,0.020005347659289338,0.01829833173579573,0.021984533654147032
2022-07-25,2022,WEAK,20,0.02648102648102646,0.016014561835829968,0.016670736464160972,0.01794336199301789,0.018503486164697845
2022-07-26,2022,WEAK,20,0.031147540983606614,0.013735082629127926,0.013914039561402042,0.01517809221758457,0.015396304193536374
2022-07-27,2022,WEAK,20,0.02817664589542135,0.013686049817787128,0.013581295371900979,0.01533035781824266,0.015227306857291347
2022-07-28,2022,WEAK,20,0.019065520945220182,0.010440591311601508,0.011848564660465445,0.011122606975099045,0.01247379420141346
2022-07-29,2022,WEAK,20,0.0021350413664265044,0.0023677031279616687,0.004891921514192498,0.003421288611290903,0.0062205266638721505
2022-08-01,2022,WEAK,20,-0.0015831134564644467,0.004684812516768333,0.004382497150673145,0.0059801441914707,0.005546913717771048
2022-08-02,2022,WEAK,20,0.007484629778134133,0.0009813713979315965,0.000791383797335015,0.0030878595218845444,0.002916479288981969
2022-08-03,2022,START,20,-0.003997867803837818,0.007205587625727619,0.004510247775323865,0.011314425338112733,0.008407034005160626
2022-08-04,2022,START,20,-0.0182106096595408,0.011692063172064395,-0.0018505615878860598,0.013875670275993688,-0.0007781208483488115
2022-08-05,2022,START,20,-0.0029247540547726603,0.015927058346768753,0.0028639022018133046,0.01817564222111265,0.004218799985086756
2022-08-08,2022,START,20,-0.002641310089804616,0.015006786261480042,0.007650615778608889,0.018836941416340694,0.011253131146045637
2022-08-09,2022,START,20,-0.011324730050039533,0.016436912922137205,0.004597932156352829,0.016585708175012936,0.004098774237733127
2022-08-10,2022,START,20,0.0005285412262157063,0.017901573969324187,0.011734564520815335,0.016632073183064793,0.010145370646245051
2022-08-11,2022,START,20,-0.0007930214115781098,0.01695192601669776,0.005768783974633611,0.014537979931153418,0.0024391172900302327
2022-08-12,2022,START,20,-0.006305832895428298,0.020630573730706557,0.008144294886588703,0.016451545022772192,0.002892558577426942
2022-08-15,2022,START,20,-0.00607020321984697,0.01914786571773239,0.011744817031091113,0.015096689960773405,0.007595050576726166
2022-08-16,2022,START,20,-0.008194554586307246,0.020610738915708953,0.013266659549406968,0.021261405597931556,0.013552506845115714
2022-08-17,2022,START,20,-0.009037745879851067,0.021590027418861544,0.016583056327299714,0.02208634794599593,0.016884696985068656
2022-08-18,2022,START,20,-0.004792332268370503,0.022623522588237535,0.019517465963794434,0.02162799615060885,0.01846327432403151
2022-08-19,2022,START,20,0.0015987210231813709,0.019131350792397552,0.01424378305122769,0.020101009602316477,0.01532478600069765
2022-08-22,2022,START,20,-0.0026595744680850686,0.018294424965164924,0.01938472998538528,0.022458876568687225,0.024016557261562436
2022-08-23,2022,START,20,-0.005829358770535253,0.01706975919682277,0.01820574170805548,0.023314715395320436,0.02547013667683688
2022-08-24,2022,START,20,-0.006851119894598079,0.016897363662567062,0.017614129362087054,0.020337766573922236,0.0218290711774181
2022-08-25,2022,START,20,-0.015019762845849827,0.012258345908956423,0.011315307434458348,0.018860532966763037,0.018998737887737788
2022-08-26,2022,START,20,-0.00612516644474026,0.007138530522652937,0.011352061699072793,0.013619205641782246,0.01889755149640242
2022-08-29,2022,START,20,-0.010835095137420647,0.007765623735005927,0.01622697807943411,0.01664587627616453,0.026104411505769264
2022-08-30,2022,START,20,0.0026532236667551334,0.005863403177097407,0.010748213009596762,0.014152005719530264,0.019984855271741937
2022-08-31,2022,WEAK,20,0.011774150388011773,-0.009003670928886258,-0.012598109939571972,-0.0056971963160848205,-0.009186635182412044
2022-09-01,2022,WEAK,20,0.030376344086021412,-0.005446951412138494,-0.009395240186791174,-0.0020646844108953804,-0.005992751037550824
2022-09-02,2022,WEAK,20,0.014399999999999968,-0.0013016542351404435,-0.004511735285697934,0.0027756689679790726,-0.0004576399342891024
2022-09-05,2022,WEAK,20,0.0068855932203391035,-0.006061082120821103,-0.008434815348818812,-0.0025283778201778346,-0.004681390905444685
2022-09-06,2022,WEAK,20,0.015982951518380473,-0.008943834252292695,-0.011175064564262514,-0.004690150420624653,-0.006839596055276047
2022-09-07,2022,WEAK,20,0.004754358161648042,-0.004866870257016839,-0.008946070727610365,0.00044300437835896253,-0.0036773373589837274
2022-09-08,2022,START,20,0.005291005291005346,0.0044039292980455735,0.017061634751507657,0.018659525056195222,0.033550543450204806
2022-09-09,2022,WEAK,20,0.003701745108408261,-0.006973648270307445,-0.011190232577112744,-0.0017044041661408282,-0.005972043050529878
2022-09-13,2022,WEAK,20,0.008762612851832108,-0.007143756332194621,-0.011540430279501308,-0.0022769043122679742,-0.006630351134149683
2022-09-14,2022,WEAK,20,0.006130063965885002,-0.0038789908605890277,-0.009206012610173215,0.00013655827200253177,-0.005036057818885333
2022-09-15,2022,WEAK,20,0.013680257510729543,-0.004129914454863054,-0.008202488348670569,0.0013262959482872273,-0.00262431445859255
2022-09-16,2022,WEAK,20,0.020599250936329527,-0.0029009718628757626,-0.006753523186529677,0.0022845588964481535,-0.001322001678517857
2022-09-19,2022,WEAK,20,0.019420058526203876,-0.006125323421419465,-0.008446146546221701,-0.0013164279454806688,-0.0035193753663153053
2022-09-20,2022,START,20,0.020533333333333292,0.01032453649471809,0.025472351372462884,0.022389215749277828,0.03965441881296771
2022-09-21,2022,WEAK,20,0.016524520255863706,-0.00812663520349426,-0.01018354979162191,-0.003218598163218912,-0.005340608457885332
2022-09-22,2022,WEAK,20,0.014062085433802052,-0.0055007392781609415,-0.00908113776623053,-3.510750179120097e-05,-0.0036860588843328143
2022-09-23,2022,WEAK,20,0.018459069020866803,-0.006796980311310846,-0.009325934982544755,-0.0006464327941442536,-0.003196193256239265
2022-09-26,2022,WEAK,20,0.020364415862808016,-0.003385915607869457,-0.008371487365598973,0.003610413757239462,-0.0013601438405158788
2022-09-27,2022,WEAK,20,0.019503072401816812,-0.007073036668861945,-0.010161914179080318,-2.2228035169023948e-05,-0.002840557665878355
2022-09-28,2022,WEAK,20,0.007409367557554836,-0.006136188748303061,-0.009118038035541636,-0.00016548527973232318,-0.003119159710504693
2022-09-29,2022,PERSIST,20,0.0063475271092303664,0.002847845357545644,0.0028893678745376995,0.010036259458602644,0.010660425556681244
2022-09-30,2022,PERSIST,20,0.0002608922515001666,-0.0033348196220290144,-0.002592504888746916,0.005893605083182011,0.007018141076761828
2022-10-10,2022,PERSIST,20,0.007886435331230457,-0.005101042355705968,-0.007930331932905724,0.003370505447734021,0.0011063666828220005
2022-10-11,2022,PERSIST,20,0.02656496580746981,-0.0037768999723457736,-0.005249793021569254,0.005864856867762334,0.0048544069212226836
2022-10-12,2022,PERSIST,20,0.03224960671211319,-0.0039483679874923495,-0.004947500042463608,0.004879943225799177,0.004329782546679896
2022-10-13,2022,PERSIST,20,0.04547844374342791,-0.008897400994490713,-0.008097880191621802,-0.0008340635380611342,0.00016177312441826002
2022-10-14,2022,PERSIST,20,0.03894736842105262,-0.007626502202981871,-0.008755730136810755,0.0022446595027271875,0.0016207015129442882
2022-10-17,2022,PERSIST,20,0.034510010537407876,-0.009282616455970312,-0.008887325991609116,0.0006882710275974615,0.001476076423585642
2022-10-18,2022,PERSIST,20,0.03816793893129766,-0.007745817920417168,-0.008958158223145897,0.003254373629299501,0.00272803466828353
2022-10-19,2022,PERSIST,20,0.04741721854304637,-0.008976551064015877,-0.009661914835166386,0.002087207131144601,0.0019475688500549954
2022-10-20,2022,PERSIST,20,0.046043926964805415,-0.010713407993332837,-0.012481344816186637,-0.0010825327427245422,-0.00245861984398665
2022-10-21,2022,PERSIST,20,0.029882044560943566,-0.01374932140972561,-0.01725403331651138,-0.004526908285677625,-0.007740788949807384
2022-10-24,2022,PERSIST,20,0.02713987473903967,-0.009660759630411353,-0.014976046146243994,-0.0009116976021152131,-0.0057797353776940456
2022-10-25,2022,PERSIST,20,0.026914031878756184,-0.007752079586313687,-0.011058181865150389,0.0027955014455671844,-9.408738880387242e-05
2022-10-26,2022,PERSIST,20,0.03696906135291034,-0.006697624488599042,-0.009537650121109825,-0.001920885523630698,-0.004676741260797221
2022-10-27,2022,PERSIST,20,0.03610675039246458,-0.006539446929091593,-0.009050507840633396,0.00013673863017343683,-0.0021874227889125946
2022-10-28,2022,PERSIST,20,0.04386656159705815,-0.005173817750555799,-0.0082155299994707,0.0004185557834871104,-0.0024994158843695494
2022-10-31,2022,PERSIST,20,0.037289915966386644,-0.006441117950125495,-0.005245122293066755,-0.0002898701559099935,0.0009761525326125869
2022-11-01,2022,PERSIST,20,0.03380503144654079,-0.006228856871474939,-0.007838572805604821,-0.0003640451083984208,-0.0016936600142150211
2022-11-02,2022,PERSIST,20,0.03624901497241928,-0.0051946937755111035,-0.00665478592002376,0.002374817876043046,0.0014040207439344607
2022-11-03,2022,PERSIST,20,0.04494086727989477,-0.002498925314750943,-0.004531672553954532,0.0069512146235911,0.005558156380083843
2022-11-04,2022,PERSIST,20,0.03495044340114761,-0.0016482752395786046,-0.00212282033797454,0.0011873677119250473,0.0009138592449110909
2022-11-07,2022,PERSIST,20,0.01851851851851838,-0.0005252217282220653,-0.001300447041792335,0.002117654149267691,0.0016581729855358988
2022-11-08,2022,PERSIST,20,-0.000768639508070712,-0.0014005983886244133,-0.0003088399970911466,0.001983265925031002,0.0033388397387685252
2022-11-09,2022,PERSIST,20,-0.00762001524003042,0.0023506039965220937,3.0762634569533355e-05,0.005742600787759802,0.003745821519882307
2022-11-10,2022,PERSIST,20,-0.014835302992205146,0.004069129313316948,0.0054691479356604325,0.0033744158901427446,0.0048432425202815195
2022-11-11,2022,PERSIST,20,-0.0037993920972644313,0.0030232479066668923,0.003132165681744148,-0.0011218254770938314,-0.0012154116437287504
2022-11-14,2022,PERSIST,20,-0.002037178507766746,0.003720323903527561,0.007869954657435379,-1.5403626188544364e-05,0.0037952434519729437
2022-11-15,2022,PERSIST,20,0.005324543610547572,0.0026871403819219656,0.002948968339801291,-0.002832901487069144,-0.0028899839924925114
2022-11-16,2022,PERSIST,20,-0.002781992918563514,-0.002802777234728576,0.0008435980161588768,-0.007478022208062049,-0.004516800059660616
2022-11-17,2022,PERSIST,20,-0.010877814318239198,-0.005166194042525061,-0.004183397649289223,-0.008225196021887638,-0.007311448159304561
2022-11-18,2022,PERSIST,20,0.0010180707559175328,-0.007029116081021074,-0.005795040966715245,-0.009962526635086733,-0.00905090924580889
2022-11-21,2022,PERSIST,20,0.0,-0.0024382105437648766,-0.004359253656708532,-0.0053491382441564535,-0.007114279561644177
2022-11-22,2022,PERSIST,20,0.015521628498727624,-0.003220139651355411,-0.002303388180677201,-0.008308627605858643,-0.007712415294658584
2022-11-23,2022,PERSIST,20,0.008091024020227655,-0.002560630102982117,-0.001341757639110723,-0.00295582089304451,-0.0016846130704799684
2022-11-24,2022,PERSIST,20,-0.002020202020202033,-0.002587486661199829,-0.001808763514062328,-0.0045123738599082905,-0.0036399367914710726
2022-11-25,2022,PERSIST,20,-0.006039255158530432,-0.0015032412334836376,-0.001151598315980632,-0.003324396461520317,-0.0028195574989354254
2022-11-28,2022,PERSIST,20,0.00025316455696189344,-0.0031048416430008354,-0.0031955372900234306,-0.005013937511269554,-0.004977403595228775
2022-11-29,2022,PERSIST,20,0.008365019011406849,-0.003299827409363236,-0.003718956421206013,-0.008092907644102565,-0.008773299760386818
2022-11-30,2022,PERSIST,20,0.006337135614702172,-0.0010005678740015594,-0.0012932978879550867,-0.009893270212806077,-0.010672573864639556
2022-12-01,2022,PERSIST,20,-0.0015090543259557165,-0.00505293180953877,-0.005574055056444281,-0.01391592264873064,-0.015080295519369761
2022-12-02,2022,PERSIST,20,0.0037802419354839856,-0.00847410509900107,-0.010028347340844715,-0.013266335434254754,-0.015248972488877004
2022-12-05,2022,PERSIST,20,0.02432778489116516,-0.003240125884656747,-0.0033071041695168805,-0.007794962368189077,-0.008311294483399657
2022-12-06,2022,PERSIST,20,0.029743589743589816,0.0009352168459797368,0.0010906614674931147,-0.006332164863230063,-0.006643760476382429
2022-12-07,2022,PULLBACK,20,0.016124904018428587,-0.004693381866171145,0.0029151036296383853,-0.027678335349088923,-0.020312167099574636
2022-12-08,2022,PULLBACK,20,0.025012761613067758,-0.00471489944284944,-0.002272433242574803,-0.018989027176591233,-0.017055358022684583
2022-12-09,2022,PULLBACK,20,0.01779811848461743,-0.005322501803069292,-0.0006423431265555222,-0.014265527732910309,-0.009624972418598481
2022-12-12,2022,PERSIST,20,0.025006379178361904,-0.0002289188342010709,0.0028936318785114335,-0.002747060471228111,0.0007354039752245564
2022-12-13,2022,PULLBACK,20,0.012105926860025207,-0.008232952680768795,-8.027145146723841e-05,-0.014652459678503604,-0.006584566909106332
2022-12-14,2022,PERSIST,20,0.020542733958914594,0.0016792066971724213,0.0014993515488452647,-0.002868822248327018,-0.003080881046380683
2022-12-15,2022,PULLBACK,20,0.0378516624040921,-0.004809297159313395,-0.0017696344262690105,-0.017042254719697933,-0.013909289538478828
2022-12-16,2022,PULLBACK,20,0.034833460462751153,-0.002868164613930808,-0.0017363047609611744,-0.014753476189673986,-0.013971158036666365
2022-12-19,2022,PERSIST,20,0.034044715447154594,0.0019030467762627505,0.002134206652437019,-0.0019864393422040234,-0.0018896128657634858
2022-12-20,2022,PERSIST,20,0.015033826108744597,0.0012670334398389733,0.001875673587331133,-0.0035230137998432188,-0.0032190645232555177
2022-12-21,2022,PERSIST,20,0.028342111863556507,-0.00011612025874731778,0.00015419242071318742,-0.004732665643296495,-0.004811441029925796
2022-12-22,2022,PERSIST,20,0.03491902834008087,0.0018113484089358218,0.0010408795082658233,-0.0027256554591275853,-0.0035375530478594435
2022-12-23,2022,PULLBACK,20,0.03468354430379739,-0.006516804678324219,-0.003078191726206646,-0.020563380074123415,-0.017208701912000024
2022-12-26,2022,PULLBACK,20,0.033662363958491426,-0.005170979162057861,-0.005838988239599203,-0.019156344207495676,-0.020101373974693915
2022-12-27,2022,PERSIST,20,0.036701860231271866,0.003655563081865945,0.0036991685418905993,-0.0013329200197705728,-0.0016502377741579293
2022-12-28,2022,PERSIST,20,0.02745591939546599,0.0022052496515265066,0.003372208492180428,0.0015619480384867258,0.0024719980848006387
2022-12-29,2022,PERSIST,20,0.012846347607052833,0.007298198752187912,0.007712850931219486,0.0062616017201905395,0.0066864289170313635
2022-12-30,2022,PERSIST,20,0.006778809942254549,0.010570747007169534,0.008855269470202275,0.008242352060739332,0.006649176299393862
2023-01-03,2023,PERSIST,20,0.0024999999999999467,0.009540795459252828,0.011064110919973018,0.006125022756257263,0.00786364403323486
2023-01-04,2023,PERSIST,20,-0.0014940239043825798,0.0036541599646111467,0.00495889839642972,0.0008861900021716962,0.00201346093948612
2023-01-05,2023,PERSIST,20,0.006801007556674898,0.004164890941253798,0.005419307920357016,0.0018025756252435963,0.0028443369785548095
2023-01-06,2023,PERSIST,20,0.003486055776892538,0.008577286689940497,0.009414388196299101,0.004084899726754805,0.0045444256098128265
2023-01-09,2023,PERSIST,20,-0.000999250562078391,0.0068979132149884475,0.005802880253755512,0.0016977805350998545,-0.0002747694390306341
2023-01-10,2023,PERSIST,20,0.0,0.006505906314511758,0.006480838363878182,-0.0006313108432477281,-0.001441587972757851
2023-01-11,2023,PERSIST,20,-0.0044854223772737845,0.0056986717406110575,0.005216046119942738,-0.0017642287057337558,-0.0030422321987965874
2023-01-12,2023,PERSIST,20,-0.0062127236580517,0.007909924272716097,0.007618300762788376,-0.0005431148767255194,-0.0015348425365900933
2023-01-13,2023,PERSIST,20,-0.012321340561853078,0.004406957458258354,0.003973361643486273,-0.006775425426806107,-0.008142258715851164
2023-01-16,2023,PERSIST,20,-0.014742014742014864,0.0010530190398983967,9.050933769131925e-05,-0.009363903095487904,-0.012038697448552033
2023-01-17,2023,PERSIST,20,-0.0144963144963145,0.0026553906577199294,0.0017418101151973184,-0.00523148220546,-0.007032793557948426
2023-01-18,2023,PERSIST,20,-0.010861515675142042,0.003123701527868265,0.003470626419307724,-0.004009843537606643,-0.004365257622784282
2023-01-19,2023,PERSIST,20,-0.02121951219512186,0.004130229978487802,0.0035327427732551034,-0.004137389522130874,-0.0054763529033730095
2023-01-20,2023,PERSIST,20,-0.017114914425427896,0.002376738157562676,0.0022506607094340044,-0.006483160781942307,-0.007427880731482298
2023-01-30,2023,PERSIST,20,-0.017127477367261945,-0.00241458430077064,-0.0005797559645648279,-0.010735025355677705,-0.009769825660262237
2023-01-31,2023,PERSIST,20,-0.01346718903036237,-0.0021628356703637776,-0.00047319802025262085,-0.011550617715944116,-0.010843781600499623
2023-02-01,2023,PERSIST,20,-0.02521823472356932,-0.002064263901317508,-0.003906511470063047,-0.011798376849143338,-0.014784666032292355
2023-02-02,2023,PERSIST,20,-0.010051483206668155,-0.00433854541995566,-0.005652054556461627,-0.014488639357762366,-0.017041821694477273
2023-02-03,2023,PERSIST,20,0.010445162894802351,-0.00035226532194958726,0.0018503577429072548,-0.006654505375350115,-0.005363800202163957
2023-02-06,2023,PERSIST,20,0.015461346633416584,0.006216320301621864,0.005670014245076203,0.0018464443533726975,0.0006255047018820323
2023-02-07,2023,PERSIST,20,0.005486284289276888,0.008031654161528474,0.0059247663952582295,0.0027626953647323415,0.00015390468416463798
2023-02-08,2023,PERSIST,20,0.005486284289276888,0.009328603542807623,0.008434035416761989,0.005636665759375961,0.004012269723531879
2023-02-09,2023,PERSIST,20,0.015511633725294072,0.012403321476092929,0.013172707764927107,0.009765912814820612,0.010577920336632424
2023-02-10,2023,PERSIST,20,0.018858560794044577,0.012123907783710442,0.011727447804490105,0.012895962521648463,0.013296571386557097
2023-02-13,2023,PERSIST,20,0.03150787696924229,0.0160118441649064,0.013574377458133762,0.016468581387874257,0.014452601447645819
2023-02-14,2023,PERSIST,20,0.03061986557132168,0.013953620485762305,0.013480612191659129,0.016634694064661594,0.016393614962308605
2023-02-15,2023,PULLBACK,20,0.04330413016270329,-0.012591432607668016,-0.011036117518715374,-0.009488866879923822,-0.007663062770395754
2023-02-16,2023,PULLBACK,20,0.044761190297574416,-0.013547563425217755,-0.011877469352564738,-0.00885908648248677,-0.006804392396614879
2023-02-17,2023,PULLBACK,20,0.06511976047904189,-0.014725371094597725,-0.010565558096183881,-0.009259627476704974,-0.004724549856761295
2023-02-20,2023,PULLBACK,20,0.07730673316708248,-0.0145700120863344,-0.012748660577018466,-0.009039660778737161,-0.006841926111769283
2023-02-21,2023,PULLBACK,20,0.053602592869608445,-0.013502896296381376,-0.010337464356507361,-0.009421390971334997,-0.0058959535824063235
2023-02-22,2023,PULLBACK,20,0.06288994260044944,-0.014563397615489599,-0.01218950730743853,-0.010047977759290581,-0.0073832156881660765
2023-02-23,2023,PULLBACK,20,0.06653376526289567,-0.013745774486053115,-0.010985560956197543,-0.00895571708472547,-0.005767565497746933
2023-02-24,2023,PULLBACK,20,0.06144278606965203,-0.014120396727744134,-0.010033464892949604,-0.007833591253287675,-0.003287863738058161
2023-02-27,2023,PULLBACK,20,0.053771471247199276,-0.013471210922780925,-0.010284608380356957,-0.007195428141687776,-0.0033760350491233515
2023-02-28,2023,PULLBACK,20,0.054355919583023216,-0.014564194617515975,-0.011007831215021231,-0.00819875472108909,-0.004102089367137932
2023-03-01,2023,PULLBACK,20,0.054975124378109586,-0.01496266500670488,-0.012854303405974004,-0.00959742337092736,-0.007084857504291811
2023-03-02,2023,PULLBACK,20,0.05547300643883091,-0.014117026363056574,-0.008709513344766537,-0.00822001239702527,-0.0023074520557168944
2023-03-03,2023,PULLBACK,20,0.05094757568299291,-0.017651649998952863,-0.01529239628874021,-0.014423565954244006,-0.01169829010818405
2023-03-06,2023,PERSIST,20,0.046168958742632604,0.010465618227025563,0.011455083471118212,0.015175498201342398,0.017068524945400686
2023-03-07,2023,PERSIST,20,0.07366071428571419,0.007688177591289607,0.008571247030599399,0.017219053255349993,0.018969599290111785
2023-03-08,2023,PERSIST,20,0.07242063492063489,0.008478059105240871,0.009650265297034182,0.016311294928668948,0.017791378601521794
2023-03-09,2023,PERSIST,20,0.05962059620596216,0.008573087845258297,0.007331763072778272,0.016723586708213896,0.015914351466666102
2023-03-10,2023,PERSIST,20,0.04310764734534844,0.005823608630520876,0.0047379601119814565,0.011387203895736133,0.010383993330977833
2023-03-13,2023,PERSIST,20,0.048969696969696885,0.005006539023648035,0.0036942887979261214,0.010489223287566457,0.009268926295779197
2023-03-14,2023,PERSIST,20,0.047101449275362306,0.003035973681753991,0.001012179585461237,0.005275195099049942,0.003317945656333015
2023-03-15,2023,PERSIST,20,0.0513435700575815,0.0033461058553994408,0.0026751813242423175,0.004877410769678086,0.004392124997946465
2023-03-16,2023,PERSIST,20,0.028482527525131696,0.004249205620479913,0.0034346594461731206,0.005667538958126026,0.00467958693767363
2023-03-17,2023,PERSIST,20,0.007495900679316048,0.00036224639602242437,0.0002706081861241637,0.0013468825770522387,0.0007473338781848505
2023-03-20,2023,PERSIST,20,-0.001388888888888995,-0.001051479878387749,-0.005250822204007823,-0.0012067834616464935,-0.006408086714604775
2023-03-21,2023,PERSIST,20,0.017037387600567833,0.001504048504712181,0.006297875910322722,0.0006245565813215578,0.004919233245598076
2023-03-22,2023,PERSIST,20,0.01267903263676895,0.00774789384914452,0.009061143268626594,0.005790126397024549,0.006709759495390969
2023-03-23,2023,PERSIST,20,0.002336448598130758,0.006025890844104793,0.005188120480419991,0.0026020370626101464,0.001045656112421473
2023-03-24,2023,PERSIST,20,0.010077337707991463,0.005229374100425436,0.004566192744030813,0.0008495351753118859,-0.0004762940541007815
2023-03-27,2023,PERSIST,20,0.022442712024568934,0.00121843360879436,0.0036355639533909513,-0.0026650957804992045,-0.0013706233451763797
2023-03-28,2023,PERSIST,20,0.017419962335216477,0.0054507921870278935,0.003148641446561997,0.0027591068332706377,0.0008344884103215963
2023-03-29,2023,PERSIST,20,0.013911813251591632,0.007282514519806301,0.003974323284152257,0.007930448910125464,0.004899561337853624
2023-03-30,2023,PERSIST,20,0.0347254809948383,0.005763218891356477,0.005012311677982756,0.004082866179473266,0.002730450119737344
2023-03-31,2023,PERSIST,20,0.03419203747072608,0.003446283357439928,0.0009415243589665182,0.00250832268465977,-0.00044721379283440383
2023-04-03,2023,PERSIST,20,0.023004694835680795,0.012145896493055208,0.012395098645342311,0.011302305727172033,0.011657685666424337
2023-04-04,2023,PERSIST,20,0.009702009702009962,0.009835055417862545,0.007455023201472114,0.0049266883630480355,0.0020920740140500313
2023-04-06,2023,PERSIST,20,0.015957446808510634,0.0034247631609790677,0.0014747225930134996,-0.0002303181674146509,-0.00274961865944186
2023-04-07,2023,PERSIST,20,0.02371541501976271,0.0030067431947919717,0.002439245251428003,-0.001228292103147009,-0.002512468090157656
2023-04-10,2023,PERSIST,20,0.022647676862012522,0.0058282445249192676,0.005940541868998795,0.003052399229323702,0.0022969079619572616
2023-04-11,2023,PERSIST,20,0.012710885139819661,0.010026373259786305,0.007053444433302101,0.0077199064314198255,0.0046376634602804945
2023-04-12,2023,PERSIST,20,0.011534025374855705,0.01082191388434542,0.010268455699350197,0.010172016596442115,0.009218150524999968
2023-04-13,2023,PERSIST,20,-0.006846188954815036,0.009023904130805125,0.011380192198444487,0.007915600540241279,0.010195920937028929
2023-04-14,2023,PERSIST,20,0.011636025133814565,0.010133412006570473,0.010193321432338382,0.008679606069345381,0.009110404986043914
2023-04-17,2023,PERSIST,20,0.006045105789351357,0.016726887872457533,0.018641861065205434,0.015412646315836309,0.018064543400878773
2023-04-18,2023,PULLBACK,20,0.008576726935558554,-0.012492852273319453,-0.003890733915380149,-0.011790972014290147,-0.0028750427530651653
2023-04-19,2023,PERSIST,20,0.009539320614239344,0.017685225763020958,0.02431003597411843,0.018453859044422614,0.02668287067873147
2023-04-20,2023,PERSIST,20,0.011592858798979977,0.010613174679219238,0.014462344497848436,0.0118653962128257,0.017075901375700392
2023-04-21,2023,PERSIST,20,0.008624708624708655,0.013784437524806886,0.016832409592944807,0.017054228941143293,0.021358334633479366
2023-04-24,2023,PERSIST,20,0.0016241299303945134,0.018423980739418734,0.02126571781141195,0.02003875251539886,0.024549662893046113
2023-04-25,2023,PERSIST,20,-0.004158964879852234,0.014689636167530983,0.016652216205884692,0.01785763326809275,0.021301828968557184
2023-04-26,2023,PERSIST,20,-0.002776492364646055,0.012008041378843247,0.014433697302235123,0.014756772882652855,0.01828906703710099
2023-04-27,2023,PERSIST,20,0.009534883720930365,0.013050093998658868,0.015320514065182608,0.014736867289135126,0.017935438635129464
2023-04-28,2023,PERSIST,20,-0.008390022675736963,0.017938474495574005,0.021504120269625865,0.020446364427243634,0.02536378740772976
2023-05-04,2023,PERSIST,20,-0.007699275362318958,0.01557698574497363,0.01396017689748161,0.01699491325516022,0.01601104206212696
2023-05-05,2023,PERSIST,20,-0.0064249655805413974,0.0054337682981905385,0.00815884550234759,0.00669293598749288,0.009779084466242292
2023-05-08,2023,PERSIST,20,-0.003202928391672466,0.010273470303624088,0.012678592633100243,0.011264647219802821,0.014050381716105995
2023-05-09,2023,PERSIST,20,-0.005690871841566025,0.012035089514907225,0.013037008032339373,0.012915431149932918,0.014349125224821579
2023-05-10,2023,PERSIST,20,-0.014081308198955145,0.009022400864665735,0.010451520304799775,0.010419447281610095,0.012785920492398704
2023-05-11,2023,PERSIST,20,-0.0031963470319634757,0.0027630939085672235,0.006682437291018797,0.005508152225816642,0.00956604587958888
2023-05-12,2023,PERSIST,20,-0.0031948881789135575,0.006199283339506652,0.00872122097679854,0.008962143395563857,0.01221575050202976
2023-05-15,2023,PERSIST,20,-0.0004561003420752163,0.00903219115394465,0.008922548815910238,0.011987881818128793,0.012925162467274305
2023-05-16,2023,PERSIST,20,0.0022977941176469674,0.008735201277906052,0.010921873671505471,0.013090850803845862,0.016102257796354567
2023-05-17,2023,PULLBACK,20,0.00023004370830448373,-0.002612402953174958,-0.000717279216577547,0.0014893898062640206,0.003801368342167089
2023-05-18,2023,PERSIST,20,0.007626531083891885,0.006405769006664931,0.007816338728507195,0.013123811529588435,0.015495491225910124
2023-05-19,2023,PERSIST,20,0.003217651114686415,0.007740857174160159,0.007824999618691453,0.013116415234468408,0.013980012649977386
2023-05-22,2023,PERSIST,20,0.006683567642313815,0.006105043908548194,0.005024957738853751,0.010986419981642114,0.010117282515414012
2023-05-23,2023,PERSIST,20,-0.0006876002750401122,0.00889488438871734,0.008234570941629587,0.015876364449645693,0.015853405192138754
2023-05-24,2023,PERSIST,20,0.006008782066096563,0.0062662517837422434,0.0037616664976153134,0.012536674697558908,0.010371368597902325
2023-05-25,2023,PERSIST,20,0.009497336113041266,0.007009238727773896,0.005812882048166558,0.014433860852953683,0.013552955651591883
2023-05-26,2023,PULLBACK,20,0.0046403712296985145,-0.0049128110827565035,-0.0062590774525626315,-0.0010004757965866493,-0.002194641115235395
2023-05-29,2023,PULLBACK,20,0.0058004640371229765,-0.004580305320634677,-0.00836469598700567,-0.0006254144620974024,-0.004251961974335045
2023-05-30,2023,PULLBACK,20,0.0020732550103661485,-0.005573845599484211,-0.007038940346768555,-0.0006823716129573613,-0.001962947002825899
2023-05-31,2023,PERSIST,20,-0.002058083695403723,0.007614409812347174,0.004240129350276475,0.01479821236527774,0.011193600978889922
2023-06-01,2023,PULLBACK,20,-0.005476951163852162,-0.00860766157765301,-0.007985958612039691,-0.00314704475077718,-0.0023399946951012194
2023-06-02,2023,PULLBACK,20,0.008314087759815125,-0.010064301456986849,-0.00805068619551615,-0.004226433482019077,-0.001943601336262625
2023-06-05,2023,PULLBACK,20,0.0018361257746155601,-0.01066023572216067,-0.01100047635033869,-0.004679385888786138,-0.0044700887086763594
2023-06-06,2023,PULLBACK,20,-0.005265567765567858,-0.01098304554008267,-0.013946823405234546,-0.004550403679628457,-0.007330336201561923
2023-06-07,2023,PULLBACK,20,0.0059894033632803545,-0.009012208322257059,-0.015004727621262683,-0.0024448117973184585,-0.008047649445582703
2023-06-08,2023,PULLBACK,20,0.000916170407695871,-0.009243669767442692,-0.010710920664707161,-0.004077883719383251,-0.0052331071547083614
2023-06-09,2023,PERSIST,20,0.0016025641025640969,0.011217685061623819,0.009656098442219343,0.017935132787069857,0.01651736475433857
2023-06-12,2023,PULLBACK,20,0.005475701574264136,-0.015405437380722645,-0.012902938798133824,-0.009658326575999791,-0.006924150050817288
2023-06-13,2023,PERSIST,20,0.008482347546996838,0.01332604565295965,0.013245187762388195,0.020318778608632307,0.020404296813709817
2023-06-14,2023,PERSIST,20,0.01057957681692745,0.014192304322540112,0.015109650315378042,0.021176813106232525,0.022535647859913334
2023-06-15,2023,PULLBACK,20,0.011467889908256756,-0.0159348494524385,-0.015258875812275323,-0.013119518716362735,-0.012213478527678262
2023-06-16,2023,PERSIST,20,0.02245131729667804,0.021400710651588942,0.021336046872000733,0.026763586234309338,0.027141222257329813
2023-06-19,2023,PERSIST,20,0.024954212454212366,0.01943375374161967,0.019108553574864073,0.024481810608540835,0.02463873882949141
2023-06-20,2023,PERSIST,20,0.01903669724770629,0.014808186007700973,0.014039988578777522,0.020113789359911427,0.01960874682053311
2023-06-21,2023,PERSIST,20,0.022283482655639952,0.017980267673954303,0.016836703126391205,0.023005787965656003,0.022380468742015498
2023-06-26,2023,PERSIST,20,0.015603487838458108,0.018658063602172956,0.01796263890316654,0.02349382297626513,0.023366982154194214
2023-06-27,2023,PERSIST,20,0.021939953810623525,0.015937201132817453,0.015750568897549683,0.022805866906909326,0.022723921667002288
2023-06-28,2023,PERSIST,20,0.023990772779700187,0.015923511114884666,0.014624147778087262,0.023469181295689437,0.02239538679339795
2023-06-29,2023,PERSIST,20,0.01632183908045981,0.014667416124248512,0.012269070875166342,0.022646907672608404,0.020438965962697838
2023-06-30,2023,PULLBACK,20,0.010082493125572967,-0.018375178590295315,-0.01714376333211246,-0.013278490011649161,-0.011889721102438668
2023-07-03,2023,PULLBACK,20,0.014915098669114446,-0.02050887726563254,-0.018904734011006608,-0.014825691754572162,-0.012890120041338009
2023-07-04,2023,PULLBACK,20,0.010994044892350008,-0.01690718956853131,-0.017036770952059913,-0.01276557559017983,-0.01270869648803852
2023-07-05,2023,PERSIST,20,0.010309278350515427,0.012661812841185966,0.012167966904792216,0.019704695794346392,0.01985636147865265
2023-07-06,2023,PERSIST,20,0.010126582278481067,0.01611427898366701,0.0160676577429517,0.02239114813930551,0.022783873008189993
2023-07-07,2023,PULLBACK,20,0.011220517517746886,-0.0227452555989735,-0.02123363915412876,-0.01934204492334281,-0.017506142377878314
2023-07-10,2023,PERSIST,20,0.009153318077803174,0.012916864838887834,0.01260874768829387,0.01859715626682444,0.01863902019996082
2023-07-11,2023,PULLBACK,20,0.00845714285714294,-0.022190031642636554,-0.020063327799628945,-0.019318227280512447,-0.016964481087887943
2023-07-12,2023,PULLBACK,20,-0.002722940776038185,-0.02338362619358182,-0.020279809703107155,-0.0217811374082073,-0.018490767390789028
2023-07-13,2023,PERSIST,20,0.0004546487838144042,0.014779550460835872,0.014601576875409993,0.015041765234788812,0.015176190135082892
2023-07-14,2023,PERSIST,20,0.004779244424214735,0.01524406635856013,0.01768258190418225,0.0160195026291413,0.01903743648492585
2023-07-17,2023,PERSIST,20,0.0024943310657596918,0.008987802195775304,0.009205004127119786,0.011833024229242681,0.012340853296109348
2023-07-18,2023,PERSIST,20,-0.0067219359175443305,0.007982826325809881,0.006930919992592024,0.011697128366541975,0.010896625775501052
2023-07-19,2023,PERSIST,20,-0.012285012285012442,0.006696477283339764,0.005749768304260629,0.011477207183597491,0.01086567728024829
2023-07-20,2023,PERSIST,20,-0.005851901868107134,0.007244160690326605,0.009211635620504609,0.007865949247145013,0.009828526929113793
2023-07-21,2023,PERSIST,20,-0.006292134831460738,0.00628152245760366,0.007046433591197937,0.007630694329229611,0.008712451794864086
2023-07-24,2023,PERSIST,20,0.0018075011296883048,0.005089039716918683,0.005352852116976961,0.00572125151724861,0.005776393328457643
2023-07-25,2023,PERSIST,20,0.003389830508474745,0.007874524732364076,0.009031394503382233,0.005713697447284722,0.006572492744280126
2023-07-26,2023,PERSIST,20,0.004956071187204314,0.005563825545573245,0.005620574029144966,0.00361550187531596,0.0032681779876263667
2023-07-27,2023,PERSIST,20,0.007011988237955125,0.005481322157179364,0.004533432877735525,0.003151577343110081,0.0021684968663102325
2023-07-28,2023,PERSIST,20,0.006805807622504378,0.007731379276414846,0.007595432191465195,0.004477889448256071,0.004057031448383928
2023-07-31,2023,PERSIST,20,0.00813927198733877,0.013737171394614976,0.013963294755849818,0.01093220007340416,0.011164053671647994
2023-08-01,2023,PERSIST,20,0.014272768463978291,0.016106335405923648,0.015766578054513314,0.015973481953618675,0.01612605003645764
2023-08-02,2023,PERSIST,20,0.017687074829932037,0.01420509141816814,0.014743044977779065,0.013332746325375506,0.013825132689672549
2023-08-03,2023,PERSIST,20,0.018910913647755878,0.015505795102626674,0.01665112265463036,0.01430731178632936,0.01559993828536332
2023-08-04,2023,PERSIST,20,0.016983695652173836,0.017045046549373458,0.016717611538479643,0.01690921028627818,0.01709830858683811
2023-08-07,2023,PERSIST,20,0.020634920634920784,0.017680679592336105,0.017318941894154453,0.017495720414150852,0.017334878136983384
2023-08-08,2023,PERSIST,20,0.020852221214868516,0.015422122722426324,0.015605250425684575,0.017720916922737334,0.01819957845261458
2023-08-09,2023,PERSIST,20,0.025028441410694047,0.01620023841989802,0.01616284823146999,0.020191875866298604,0.02071752182662255
2023-08-10,2023,PULLBACK,20,0.02953874119518285,-0.02264457668079099,-0.017561826414288224,-0.018910400073188886,-0.013522007878422325
2023-08-11,2023,PERSIST,20,0.026953567383918298,0.01615010414288201,0.01611928198334182,0.02146380221755552,0.02216464150186219
2023-08-14,2023,PERSIST,20,0.027369373444921852,0.016490530173737052,0.01648335553729832,0.02173069085134266,0.022255959412626578
2023-08-15,2023,PERSIST,20,0.02549063839386423,0.015624314394797717,0.015632796575316986,0.021685554062075958,0.02236690286275101
2023-08-16,2023,PULLBACK,20,0.03256445047489831,-0.022790056452193973,-0.01803013978369267,-0.018833611088022336,-0.013742684773808106
2023-08-17,2023,PULLBACK,20,0.04958116368575971,-0.021939627034873562,-0.016822213510025292,-0.017320784822349278,-0.01177654656164058
2023-08-18,2023,PULLBACK,20,0.027815468113975728,-0.02281267273067133,-0.019399658522553757,-0.018378005081696507,-0.014472871680843819
2023-08-21,2023,PULLBACK,20,0.023004059539918575,-0.022049674165614472,-0.019253382632463307,-0.017701803052326416,-0.014561005562696488
2023-08-22,2023,PERSIST,20,0.030180180180179983,0.012099132180090576,0.01364463227032202,0.019863397811455782,0.022349398756407814
2023-08-23,2023,PERSIST,20,0.029813943062093617,0.012190744193351078,0.012339482257831363,0.018440535310571757,0.01922639241510959
2023-08-24,2023,PERSIST,20,0.03032345013477089,0.011255053902417263,0.011298670734296155,0.01635850874757131,0.01701811440195205
2023-08-25,2023,PERSIST,20,0.026363226678684182,0.010851186132933848,0.012890215072711,0.01794530082782528,0.02114233382862016
2023-08-28,2023,PERSIST,20,0.027136129176945634,0.010012621407110322,0.011276903268118595,0.0171156774488065,0.019235027075666794
2023-08-29,2023,PERSIST,20,0.019656019656019597,0.010262336254670594,0.010755997657030178,0.015543194755688584,0.01690998226059562
2023-08-30,2023,PERSIST,20,-0.005570409982174729,0.006763696534955337,0.007257347735579496,0.011819010184397249,0.012874121758042173
2023-08-31,2023,PERSIST,20,-0.01610017889087656,0.006621151659931756,0.007897819869208851,0.011659897275701955,0.013618763665772965
2023-09-01,2023,PERSIST,20,-0.020262747717657348,0.0072094247693327606,0.0084007923502008,0.01173260247330421,0.013670123783664891
2023-09-04,2023,PERSIST,20,-0.033103754721173106,0.005114059224119804,0.005227071968809449,0.009365992352966819,0.00993678314889935
2023-09-05,2023,PERSIST,20,-0.03019538188277071,0.005768668165394956,0.0071880880471225286,0.009699010018621614,0.011696096854000268
2023-09-06,2023,PERSIST,20,-0.02663706992230852,0.004072461572633393,0.0056510756822548466,0.008919132266837087,0.011169657878770528
2023-09-07,2023,PERSIST,20,-0.011476495254910568,0.002869180767173126,0.00399318418953093,0.008276517065339262,0.010164192383839924
2023-09-08,2023,PERSIST,20,-0.012792236435818172,0.0009954673772883758,1.4550709332220024e-05,0.006108848895120311,0.0058231260313765035
2023-09-11,2023,PERSIST,20,-0.009247027741083214,-0.0016026860846920527,-0.0013964242594614075,0.0033152575742491186,0.004039402727446158
2023-09-12,2023,PERSIST,20,0.0006599208095028342,-0.003060641497304631,-0.0027095050439838986,-0.003009184055682774,-0.0023814320964868248
2023-09-13,2023,PERSIST,20,0.005475251861585706,-0.0021387141617911776,-0.001729519373852048,-0.0036190537110705875,-0.0030334808014396003
2023-09-14,2023,PERSIST,20,-0.014236410698878266,-0.0017329282844508985,-0.0015315885877064405,-0.0013665105282508604,-0.0009454533268162717
2023-09-15,2023,PERSIST,20,0.006380638063806288,-0.0003416511702198713,0.0027015584027632,-0.00039136353321986067,0.002661928593885914
2023-09-18,2023,PERSIST,20,0.007054673721340388,0.0016673433004159143,0.002570979001810126,0.001628691565129721,0.0026048388635214713
2023-09-19,2023,PERSIST,20,0.0021862702229995534,0.00029643010053876165,0.00027953191260810537,0.0010090032495398843,0.001115742852026846
2023-09-20,2023,PERSIST,20,-0.0008707009142360222,-0.00032214147626623973,-0.0009783592145458494,0.0009462038192981119,0.00041781995738262787
2023-09-21,2023,PERSIST,20,0.01046435578809679,0.0005586973139669327,0.0010094583595971324,0.00253276041280284,0.003137439875788164
2023-09-22,2023,PERSIST,20,0.013611416026344747,0.0017427937299906307,0.001697080463038358,0.0025644231813778916,0.0031171636139619165
2023-09-25,2023,PERSIST,20,0.003493449781659441,0.0009808301703869904,0.00017931040953938007,0.0016141421904442264,0.0010105588134588553
2023-09-26,2023,PERSIST,20,0.01139101861993419,0.002900677415988747,0.004311655744893966,0.004549465024535728,0.006162944741485901
2023-09-27,2023,PERSIST,20,0.031817163343042854,0.007953967256430106,0.01062746849298583,0.009570943772744828,0.01246628193454209
2023-09-28,2023,PULLBACK,20,0.04704545454545461,-0.003921272194162976,-0.0026686430841698517,-0.0035600109471231683,-0.0021783459759970305
2023-10-09,2023,PULLBACK,20,0.03931818181818181,-0.0032083501760784713,-0.003423631564641528,-0.002669487738923488,-0.0031934415098339407
2023-10-10,2023,WEAK,20,0.04802389705882337,0.00633927946224972,0.011596992085719945,0.007329603100709282,0.013540971037821661
2023-10-11,2023,WEAK,20,0.03800366300366287,0.005606768675586046,0.006930089416482579,0.0055304809401620966,0.006994531728970576
2023-10-12,2023,PULLBACK,20,0.03603192702394531,-0.0031396730407037814,0.0011779970077728692,-0.0037168244202775745,0.00031581533017619595
2023-10-13,2023,WEAK,20,0.009823621344049904,-0.00066953463340302,0.0015291931514524655,-0.0025382598479438212,-0.000306249650250679
2023-10-16,2023,PULLBACK,20,0.016532618409293987,-0.007257005300145415,-0.012978500345911706,-0.008962210124678134,-0.014838044604884085
2023-10-17,2023,PULLBACK,20,0.014000000000000012,-0.011447434222303158,-0.018798389429726278,-0.012588631613942431,-0.01977965530837269
2023-10-18,2023,PULLBACK,20,0.0037370850736424543,-0.013516206224603491,-0.01314372274181967,-0.012636235198564934,-0.012208468215241542
2023-10-19,2023,PULLBACK,20,-0.0028316270964930945,-0.015483354698905884,-0.01448381670839146,-0.013329428539778138,-0.012033849392846175
2023-10-20,2023,PERSIST,20,-0.005032822757111699,0.024312420564882038,0.025449706653694254,0.025052535530903676,0.02610174309170055
2023-10-23,2023,PERSIST,20,-0.012680367293397388,0.02102979134895467,0.026477158201098153,0.02257021237165769,0.028194359277858842
2023-10-24,2023,PERSIST,20,-0.009851138353765276,0.01855627166533625,0.02090624448017025,0.01971141432136852,0.02225303335071811
2023-10-25,2023,PULLBACK,20,-0.018760907504362878,-0.009162701790328525,-0.007935734632987097,-0.008356375456832514,-0.006772579489787442
2023-10-26,2023,PULLBACK,20,-0.0209150326797386,-0.009579193496325555,-0.0067194113909496336,-0.008965075890277185,-0.005904727391550879
2023-10-27,2023,PERSIST,20,-0.022437971952535052,0.016408656447435256,0.01943965398421532,0.01726047757570551,0.02073756199199103
2023-10-30,2023,PERSIST,20,-0.013861815031405711,0.014248203706021072,0.01575138540806815,0.015410812806329784,0.017747885273292352
2023-10-31,2023,PERSIST,20,0.0008703220191470518,0.012521897013553707,0.014172323824627863,0.013791488860975615,0.016040989537169037
2023-11-01,2023,PERSIST,20,-0.004548408057179931,0.014004299743505217,0.01656860022705488,0.014694764956147455,0.018139016507151322
2023-11-02,2023,PERSIST,20,-0.0034744842562431932,0.008152624137853873,0.010700492660547095,0.008493873731891683,0.01139318166812297
2023-11-03,2023,PERSIST,20,0.01324072064250048,-0.0001203717584558825,-0.0001217758837934479,0.00022674279353998605,0.00016204593576460598
2023-11-06,2023,PERSIST,20,0.0015307238136890167,-0.002047969330152037,-0.005245634988629341,-0.0014883299809482502,-0.005423636827742825
2023-11-07,2023,PERSIST,20,0.0030695023021267698,-0.006307064997040358,-0.01194977230672024,-0.0052449441051711666,-0.012028203995650404
2023-11-08,2023,PERSIST,20,0.011248345831495365,-0.0031887849213266583,-0.0068798072841663,-0.0023237009865078864,-0.006602366709752881
2023-11-09,2023,PERSIST,20,0.009465111160026352,0.0003107721310761473,-0.0026609442136669497,0.0012235216941076674,-0.002453361814360477
2023-11-10,2023,PERSIST,20,0.00530621269069198,-0.0005498097955992046,-0.005794905477485234,0.0003028745723933182,-0.005720805558944964
2023-11-13,2023,PERSIST,20,-0.0015384615384614886,0.004516678763451557,0.0005994334139299536,0.005331009424328967,0.0010916365275484147
2023-11-14,2023,PERSIST,20,-0.006574621959237192,0.005518600802992296,0.0023841086972198073,0.003594320727078133,3.266952219068385e-05
2023-11-15,2023,PERSIST,20,0.005256241787122251,0.007643369982568945,0.0054485397333848525,0.005647771658273757,0.003049501929433804
2023-11-16,2023,PERSIST,20,0.00262123197902997,0.010361607667366872,0.009193299069029933,0.00756220855253913,0.006142170893825388
2023-11-17,2023,PULLBACK,20,0.006157906311853978,-0.013006750264034628,-0.012060057795289413,-0.015965900666834627,-0.01515875268103782
2023-11-20,2023,PULLBACK,20,0.015057573073516295,-0.010716719084027658,-0.008589030710576588,-0.013829346428248112,-0.011695977962637664
2023-11-21,2023,PULLBACK,20,0.01613973026752169,-0.011221720175032554,-0.01068897621355098,-0.01595412816771238,-0.015645920738223205
2023-11-22,2023,PULLBACK,20,0.021565140062249855,-0.010946093183624982,-0.010714000736700794,-0.015434478993912567,-0.01535546124002031
2023-11-23,2023,PULLBACK,20,0.02937249666221642,-0.012038201466346914,-0.00911755710551267,-0.016738627608520483,-0.014049163154535534
2023-11-24,2023,PULLBACK,20,0.02207018318252052,-0.012662535375564589,-0.010279973825269146,-0.01763562251447301,-0.015456533771044636
2023-11-27,2023,PULLBACK,20,0.018669009444322482,-0.011812957091995382,-0.007732412535877583,-0.017034767381399724,-0.013398486077671773
2023-11-28,2023,PULLBACK,20,0.010869565217391353,-0.012385337292735091,-0.010250993939045938,-0.01819819922992386,-0.016336453961383904
2023-11-29,2023,PULLBACK,20,0.01849434290687557,-0.013980812364921753,-0.011257057651939562,-0.019325695597350156,-0.01691702496889891
2023-11-30,2023,PULLBACK,20,0.010677707561560057,-0.016172041116701584,-0.012766320013957194,-0.02100690548245549,-0.01777498042292784
2023-12-01,2023,PULLBACK,20,-0.005355612682090949,-0.015822024168094865,-0.0128677500861707,-0.020237144866272982,-0.017397544267074738
2023-12-04,2023,PERSIST,20,0.017030567685589526,0.011301140000748125,0.012362122892444306,0.00527572252232809,0.005625669367928618
2023-12-05,2023,PERSIST,20,0.014207650273224015,0.016032405878186707,0.01994384047152602,0.012583182323939464,0.016410944811817582
2023-12-06,2023,PERSIST,20,0.01613958560523443,0.013371027447990963,0.014451957096879974,0.009865925308397616,0.010554518082026544
2023-12-07,2023,PERSIST,20,0.016790231138246847,0.010667886364886244,0.010770493116717975,0.00642973603815316,0.00619020280955937
2023-12-08,2023,PERSIST,20,0.02287222344402906,0.01162535908694464,0.011078065457627706,0.00775410543822891,0.006792241164861896
2023-12-11,2023,PERSIST,20,0.02289236187541266,0.013504593601562254,0.015332895022996996,0.010198880651638143,0.011667895685496203
2023-12-12,2023,WEAK,20,0.021839841164791318,-0.005793680487533138,-0.005072430039244418,-0.00893370661091194,-0.00868272872175382
2023-12-13,2023,WEAK,20,0.010239651416122042,-0.0034589666997297246,-0.003445155511176222,-0.009091078083326995,-0.009408139556779629
2023-12-14,2023,PERSIST,20,0.01612200435729849,0.01631107196225063,0.01366614686327329,0.012308886108455997,0.009382107292992381
2023-12-15,2023,START,20,0.02163934426229508,0.009474288743400018,0.017784822362204532,0.004460175580366056,0.01263399030223361
2023-12-18,2023,PERSIST,20,0.01679755671902261,0.014808728027504813,0.01524644624517929,0.01256285549104457,0.013149424292247431
2023-12-19,2023,PERSIST,20,0.006092254134029584,0.01328153858306384,0.012311480349453832,0.013236659377938331,0.011987780903381814
2023-12-20,2023,PERSIST,20,0.008922742110990312,0.013026842442311701,0.012362674046542704,0.013370524451112144,0.01251222232083776
2023-12-21,2023,PERSIST,20,0.004323389537397304,0.01281775056014311,0.014785399653501804,0.013875433791990665,0.015433102490198837
2023-12-22,2023,PERSIST,20,-0.001727488663355703,0.011442777031466954,0.010332863767990213,0.012822524478897639,0.0119132044968379
2023-12-25,2023,PERSIST,20,-0.0017248814144027458,0.012677011138029465,0.012144249242763697,0.01375706314967845,0.013406053769224654
2023-12-26,2023,PERSIST,20,-0.009247311827957017,0.013103731834940374,0.0138830571381957,0.014343043331438408,0.015535700999091333
2023-12-27,2023,PERSIST,20,-0.012390514847254841,0.013407439684398545,0.014852531052524971,0.014530429411383257,0.01642584637917398
2023-12-28,2023,PERSIST,20,-0.0004312203536006587,0.01037965701837983,0.01177178155458613,0.009809056363076815,0.011532463628127782
2023-12-29,2023,PERSIST,20,-0.0004307559767391389,0.0076675075943559885,0.008897731239911014,0.007937920013972373,0.009051406899489974
2024-01-02,2024,PERSIST,20,-0.0008587376556462578,0.007288734941627541,0.006430034199639429,0.006982416143484401,0.006054444932534748
2024-01-03,2024,PERSIST,20,0.002586206896551868,-0.0010467423496578528,-0.00028084716879441733,-0.001414653140049008,-0.0009539284119906852
2024-01-04,2024,PERSIST,20,0.0025756600128783447,-0.0003541790795295449,-0.0008965461447369223,-0.00035639626100969463,-0.0012864312604794785
2024-01-05,2024,PERSIST,20,-0.0008578168561013122,0.0008650442981809961,-0.00047326668231622,0.0010005519693800675,-0.000585140093510727
2024-01-08,2024,PERSIST,20,-0.0021500752526337763,0.002205247470333868,0.0009097615416996455,0.00159788687376527,0.0001044044157841725
2024-01-09,2024,PERSIST,20,0.0004303851947493609,0.0021418459179310054,0.0015719584828113808,0.0026140145110616735,0.0017194544345710116
2024-01-10,2024,PERSIST,20,0.004965457685665031,0.002609434962492725,0.0010983898381386166,0.0029463377225214978,0.001320843109958037
2024-01-11,2024,PERSIST,20,0.0002156566745741273,0.0035358066153977283,0.0020952444604984055,0.005614143328328217,0.004115268886976276
2024-01-12,2024,PERSIST,20,-0.004073756432247055,0.0031133366805164465,0.0019118352332236012,0.006098411046111532,0.004998457978448971
2024-01-15,2024,PERSIST,20,-0.005562687205819539,0.0038638183094628457,0.003525517080944036,0.006579702784022225,0.0065660389837797865
2024-01-16,2024,PERSIST,20,-0.004720017163698631,0.001961337463328815,0.0027358937523735798,0.005636135265366209,0.006684634003371484
2024-01-17,2024,PERSIST,20,0.0032439446366783198,0.007677037642436713,0.008925933400035325,0.011744790132644387,0.013367769978774783
2024-01-18,2024,PERSIST,20,0.0023727351164797295,0.009167900784486751,0.009024326598753886,0.01202750376687656,0.01203665929208606
2024-01-19,2024,PERSIST,20,0.00021523891519592553,0.008794683007217814,0.008292392424742704,0.011548382437163364,0.011195084920220616
2024-01-22,2024,PULLBACK,20,0.005191434133679396,-0.0037140065709844582,-0.0007431840455960851,-0.001592297943542983,0.0018471653389912131
2024-01-23,2024,PULLBACK,20,0.004319654427645814,-0.004936187436748662,0.001666543587981824,-0.004317814134395323,0.0024890991123942387
2024-01-24,2024,PULLBACK,20,0.01128717169524629,-0.005982238279463087,0.003907796851120199,-0.005049596954594039,0.005001378920324771
2024-01-25,2024,PULLBACK,20,0.022279904823707453,-0.005038492239054981,0.0017578138715239873,-0.003811339934028284,0.003410206248313331
2024-01-26,2024,PULLBACK,20,0.031492666091458066,-0.005035824380620673,-0.0013907414879359209,-0.0018621443755011836,0.0022319400810508136
2024-01-29,2024,PULLBACK,20,0.03512174100409404,-0.006040347798342477,0.0016175803799695983,-0.003167934867195142,0.004892828186050803
2024-01-30,2024,PULLBACK,20,0.04168457241082946,-0.005767017110829284,-0.00027225619654529373,-0.002943438859139175,0.002857195707162912
2024-01-31,2024,PULLBACK,20,0.0500859845227859,-0.0054400585707407795,8.629094498874322e-05,-0.004708553072442767,0.0010572841299209962
2024-02-01,2024,PERSIST,20,0.05159494754870475,0.00978961661689178,0.009564864588544383,0.010418472831155316,0.010427780247399352
2024-02-02,2024,PERSIST,20,0.05194247692637899,0.008356842375379479,0.008216671929422107,0.010108328518440022,0.009933296270861376
2024-02-05,2024,PULLBACK,20,0.047403576815341575,-0.0048137170840702,-0.00018514608438489379,-0.0026276366057006576,0.0024765944322782067
2024-02-06,2024,PULLBACK,20,0.053129705312970454,-0.0034928356432829748,-0.0020133297187930254,-0.003007170451344182,-0.001394888708021529
2024-02-07,2024,PERSIST,20,0.04812030075187956,0.009980170051627206,0.009832867153129105,0.011496312806920433,0.011443676758327446
2024-02-08,2024,PERSIST,20,0.05196205260888309,0.00936823468420925,0.009440001383289843,0.011290191197211126,0.011442785432878718
2024-02-19,2024,PULLBACK,20,0.0499461786867601,-0.003075019053265955,-0.0025310978846984655,-0.0019963454382082623,-0.00117291935525231
2024-02-20,2024,PULLBACK,20,0.04948364888123935,-0.00430593545465717,0.0024454785857434156,-0.004013158143899164,0.0027043789071867037
2024-02-21,2024,PULLBACK,20,0.071351584393188,-0.0035549612888525475,-0.0013139129406535047,-0.00489954611634762,-0.0026470410334523175
2024-02-22,2024,PERSIST,20,0.06553136451821495,0.006769373885956732,0.007018383458932317,0.006556735123568483,0.006654516238986657
2024-02-23,2024,PERSIST,20,0.06821605336776426,0.005480073372264563,0.005160123634857429,0.005674254400180807,0.005064968369559858
2024-02-26,2024,PERSIST,20,0.06714009038089075,0.005212881559957909,0.0033664668984799313,0.005578731159688838,0.003507795028786555
2024-02-27,2024,PERSIST,20,0.07101355713363455,0.0042060514319830315,0.003861032784237657,0.00494337192406255,0.004391888544920173
2024-02-28,2024,PERSIST,20,0.07526881720430101,0.006924056782075794,0.0069754537128954896,0.009003095873501383,0.009069031107956312
2024-02-29,2024,PERSIST,20,0.09465550547327739,0.007026648798153824,0.006685202255556851,0.009106793563587942,0.008772812149600006
2024-03-01,2024,PERSIST,20,0.0950063478628862,0.005732798557435626,0.0052185366009537375,0.007405949253697855,0.006917033615601598
2024-03-04,2024,PERSIST,20,0.07423672103722279,0.004625040820531768,0.0037530587789473937,0.005833553965626144,0.004721383067062477
2024-03-05,2024,PERSIST,20,0.08326394671107407,0.0030132814185543358,0.0021047855487121123,0.003951615381911647,0.0030244330681112237
2024-03-06,2024,PERSIST,20,0.09096534653465338,0.004479611950775269,0.0053031971535003304,0.005363541917189818,0.006488252874429199
2024-03-07,2024,PERSIST,20,0.10194472876151495,-0.000504545201652782,-0.000307019406093256,-0.0003927904186380725,-0.0002577317110599353
2024-03-08,2024,PERSIST,20,0.09527687296416931,0.00016696078495714948,0.0021631761826996685,0.0002683001567048855,0.002267868093250495
2024-03-11,2024,PERSIST,20,0.0956947561722099,-0.0008511048514734214,0.0013499312423213992,-0.0015323630076858284,0.0005428618688482127
2024-03-12,2024,PERSIST,20,0.12240279777823515,-0.0030854991227788125,0.0003161262301687173,-0.0037260033870455678,-0.00033654267251558576
2024-03-13,2024,PERSIST,20,0.10089869281045738,-0.005937315771227339,-0.004700887210712124,-0.005815750141773956,-0.004484429301502772
2024-03-14,2024,PERSIST,20,0.1213363394138145,-0.007763598968050008,-0.006804783135298847,-0.007636368929475014,-0.006731902535233293
2024-03-15,2024,PERSIST,20,0.12092641934822734,-0.008258244620778876,-0.008702444553435993,-0.008291111483087676,-0.008514054577445956
2024-03-18,2024,PERSIST,20,0.11154398195612059,-0.0040421906522132255,-0.002544650897453752,-0.0037244073623745972,-0.001801034063428241
2024-03-19,2024,PERSIST,20,0.12013120131201327,-0.005611811778880035,-0.006372086107688817,-0.004649761095523577,-0.0049882305966029925
2024-03-20,2024,PERSIST,20,0.09597585513078477,-0.0056627882366534436,-0.006395215356384419,-0.004778599419990549,-0.005266445329099105
2024-03-21,2024,PERSIST,20,0.07728100343920707,-0.007993446333153227,-0.010576833442731973,-0.007142548051076045,-0.009717130309734708
2024-03-22,2024,PERSIST,20,0.063859790491539,-0.006748221132297268,-0.005511374060095532,-0.003942497840646346,-0.0024387639681650117
2024-03-25,2024,PERSIST,20,0.06372252470256123,-0.006251005551336982,-0.0076125633614321925,-0.003703436745660285,-0.004676066567561021
2024-03-26,2024,PERSIST,20,0.06288929073739191,-0.006131044950994636,-0.006580418658515464,-0.004688818505724662,-0.0050568889138223015
2024-03-27,2024,PERSIST,20,0.059800000000000075,-0.007034261956354473,-0.007578883871709055,-0.005412303361397368,-0.005881959701975013
2024-03-28,2024,PERSIST,20,0.03843137254901974,-0.010537108452018239,-0.009860101247470516,-0.008151878105869948,-0.007668880029806155
2024-03-29,2024,PERSIST,20,0.009468599033816583,-0.012061802645993384,-0.014801633195266048,-0.010397473299953818,-0.012731263010164234
2024-04-01,2024,PERSIST,20,0.027447926805528544,-0.009114928202511835,-0.008843048732267404,-0.007708167477647221,-0.0070306138920749935
2024-04-02,2024,PERSIST,20,0.010376633358954779,-0.0050927426090119216,-0.002415178531509486,-0.004113881352851153,-0.0008461220853932232
2024-04-03,2024,PERSIST,20,-0.006995651351862309,-0.0051259303643398785,-0.003112299039809102,-0.004474306045618912,-0.0018594699445014864
2024-04-08,2024,PERSIST,20,-0.009845810886123019,-0.005455052715259617,-0.004925955929557227,-0.005029075397590981,-0.0038877483786229437
2024-04-09,2024,PERSIST,20,-0.0074349442379182396,-0.008917462547158334,-0.00251516563200555,-0.008592248869326587,-0.0015075821690326112
2024-04-10,2024,PERSIST,20,-0.007448789571694592,-0.009742476503647651,-0.00455529438876082,-0.008607144943182293,-0.002297307557463886
2024-04-11,2024,PERSIST,20,-0.017595307917888547,-0.009431443183049651,-0.004001697469547873,-0.007936614041471292,-0.0011103495779682358
2024-04-12,2024,PERSIST,20,0.010204081632653184,-0.01809578000140602,-0.016881821194366715,-0.01674135115960631,-0.014975427498405088
2024-04-15,2024,PERSIST,20,-0.011880826174374026,-0.014043539627941741,-0.006748772364106417,-0.0125847417434676,-0.004732950483564282
2024-04-16,2024,PERSIST,20,0.00914243920277924,-0.01604061762431387,-0.01475018795015426,-0.014965313875535563,-0.012596658957092232
2024-04-17,2024,PERSIST,20,0.02361187972698775,-0.019779963834283994,-0.017561202337068312,-0.01903759016659957,-0.015809901323277826
2024-04-18,2024,PERSIST,20,0.0065885797950218095,-0.017508706242439387,-0.015939872106908948,-0.01684082036044385,-0.014007766956916481
2024-04-19,2024,PERSIST,20,-0.01230034881586195,-0.019812784268173747,-0.016665238878692576,-0.018648681108911273,-0.015100665541875915
2024-04-22,2024,PERSIST,20,-0.007136150234741789,-0.007852670170377045,-0.005598101359254941,-0.0077376951615472575,-0.003987695553949042
2024-04-23,2024,PERSIST,20,0.00795303919712187,-0.00030552289009185343,0.004271461678711857,-0.001370286530528667,0.003862881945123591
2024-04-24,2024,PERSIST,20,0.017440758293838732,-0.0022725399844284143,-0.00340106839722607,-0.0029982695091277985,-0.0037446236606298432
2024-04-25,2024,PERSIST,20,0.014744801512287298,-0.002566419194385206,-0.0034060061510130914,-0.003089544422841748,-0.003425367680284508
2024-04-26,2024,PERSIST,20,0.005850160407623983,-0.003713809057547802,-0.005033194839452133,-0.00406416712242092,-0.005107039224250093
2024-04-29,2024,PERSIST,20,0.007175226586102701,0.0014438655899409285,0.0005575470811646551,0.0003873875956945284,0.00036638106179079713
2024-04-30,2024,PERSIST,20,0.01818529862174567,0.007128668421993067,0.004845095111002012,0.0049569489164556545,0.003444043694851767
2024-05-06,2024,PERSIST,20,0.011746873815839276,0.010231318216335635,0.011150945913060576,0.007609457027845975,0.008479804433439403
2024-05-07,2024,PERSIST,20,0.009128946367439994,0.010173533450344812,0.010096034638297838,0.007350150272144539,0.007393657830906868
2024-05-08,2024,PERSIST,20,0.027418126428027545,0.013913474779916975,0.014710588348388794,0.011382773246858175,0.012299470915854423
2024-05-09,2024,PULLBACK,20,0.015572232645403306,0.003446691453871881,0.016117208744685994,0.002044612074002376,0.014669080746738051
2024-05-10,2024,PULLBACK,20,-0.016853932584269593,0.0008424545695153041,0.009310514534071349,0.000593243229344796,0.008739591446109713
2024-05-13,2024,PULLBACK,20,-0.014446529080675452,-9.64310571712583e-05,0.012931222145299986,-0.0013059796482741868,0.01234110124075254
2024-05-14,2024,PULLBACK,20,-0.01847014925373136,0.0018964768038015698,0.007733715477041374,0.0010003372225528843,0.007298993318354111
2024-05-15,2024,PULLBACK,20,-0.035996326905417875,-1.6514222836314096e-05,0.008792013326666476,-0.0024552182923317906,0.006271582489903126
2024-05-16,2024,PULLBACK,20,-0.019237883832778357,-0.0013080752156440396,0.005454649325266771,-0.003640734316593795,0.003232809353262457
2024-05-17,2024,PULLBACK,20,-0.042761369813371974,0.0010770341569578089,0.0024452954426853676,-0.00047800703167024316,0.001590982292369307
2024-05-20,2024,PERSIST,20,-0.04469273743016766,0.008774344749472616,0.007890074931948904,0.005031713502650378,0.004465974112697215
2024-05-21,2024,PERSIST,20,-0.03400000000000003,0.011793809498297838,0.016054760361941527,0.008498771383450844,0.01314041112439623
2024-05-22,2024,PERSIST,20,0.0005576208178439401,0.013085693234535832,0.01621724583137938,0.009998148829125038,0.013025683312887362
2024-05-23,2024,PERSIST,20,0.00245886135804807,0.014304141187921579,0.019423992928338144,0.012151004206463291,0.0171889214751956
2024-05-24,2024,PERSIST,20,-0.0043208716888973875,0.008000442859234985,0.008821169739340006,0.006388239498584187,0.006749189761876103
2024-05-27,2024,PERSIST,20,-0.014905906465436991,0.008490694314812253,0.007693065298148996,0.00672894592664265,0.004894719478718525
2024-05-28,2024,PERSIST,20,-0.024590163934426368,0.009350188880104185,0.006130864837665779,0.008020957225101318,0.004584519836845424
2024-05-29,2024,PERSIST,20,-0.00881801125703563,0.008009910089006212,0.004910110296466743,0.0063230532539107305,0.002638435034479453
2024-05-30,2024,PERSIST,20,-0.0069366329208848665,0.01078223194190556,0.008192408740553693,0.008295287844844625,0.005491643436088509
2024-05-31,2024,PERSIST,20,-0.001504042113179116,0.00995688238296486,0.006304785325519328,0.008124315192932332,0.0035943928983767446
2024-06-03,2024,PERSIST,20,-0.005617977528089901,0.013306638530165223,0.01204722022738263,0.012663821550961688,0.010328536775900819
2024-06-04,2024,PERSIST,20,0.014134941575574933,0.014621625564568311,0.011085268572183156,0.01380965875777177,0.009175415254692813
2024-06-05,2024,PERSIST,20,-0.0057449962935507415,0.0150816339640216,0.01360240058733528,0.014836676937321346,0.01236015194974363
2024-06-06,2024,PERSIST,20,0.0025863661555514117,0.016458733674802474,0.01153032287773076,0.01630485815612063,0.010645612703915707
2024-06-07,2024,PERSIST,20,0.02190476190476187,0.019400724127489638,0.017898994900507025,0.018744738449677063,0.016537598085998317
2024-06-11,2024,PULLBACK,20,0.023034456501046963,-0.0011237464926535986,-0.0008562164560176489,0.001013295582670307,0.001976824785196698
2024-06-12,2024,PULLBACK,20,0.025850598745485565,-0.0001102370712066942,-0.012977664879749199,0.00164202205596847,-0.011497333426770687
2024-06-13,2024,PULLBACK,20,0.04096018289197967,-0.0011702565154917488,-0.009264623782233599,0.0021040685991487356,-0.0063446600913916055
2024-06-14,2024,PULLBACK,20,0.028291210863825134,-0.00037906567479928203,-0.012416164849726,0.002848653522008763,-0.00910480040185966
2024-06-17,2024,PULLBACK,20,0.03804656445201582,-0.0012472377289751216,-0.0068765452591343906,0.0015706155714879783,-0.004256888507756755
2024-06-18,2024,PULLBACK,20,0.05621580833804951,-0.0028325941219658644,0.002881242034890426,-0.0005549927896485894,0.004440779080323661
2024-06-19,2024,PULLBACK,20,0.04554865424430643,-0.003290742406013125,-0.01165269172540727,-0.001127204716041379,-0.00953493418815103
2024-06-20,2024,PULLBACK,20,0.01393275125394755,-0.004602463188783941,-0.012491305862753559,-0.0022463842790824643,-0.01041950653312031
2024-06-21,2024,PERSIST,20,0.02396226415094338,0.022851548602489127,0.02201291065318073,0.022599271265410895,0.02097634784073567
2024-06-24,2024,PULLBACK,20,0.024528301886792336,-0.0047298977477909735,-0.015619263317435794,-0.002667207566103352,-0.013361114596129315
2024-06-25,2024,PULLBACK,20,0.026858331757140252,-0.005057936411170277,-0.017569206846994874,-0.0030001906651432866,-0.015868955184188183
2024-06-26,2024,PULLBACK,20,0.029029793735676046,-0.0036740418806509943,-0.016863949597914388,-0.0012202942909075164,-0.01454875531358039
2024-06-27,2024,PULLBACK,20,0.005489305318947535,-0.0025231915590088498,-0.014888399245291539,-0.00026630059674633553,-0.012721887100151959
2024-06-28,2024,PULLBACK,20,0.0185010383235793,-0.0037595226825238746,-0.016959099208854557,-0.0006527687351372169,-0.014327884056409997
2024-07-01,2024,PULLBACK,20,0.0128036151383919,-0.007255075988733187,-0.009300492601711334,-0.004402330963218105,-0.0068322514278620385
2024-07-02,2024,PERSIST,20,0.018832391713747842,0.027840869573441885,0.02565851235131433,0.029064192160886935,0.0261408915339079
2024-07-03,2024,PULLBACK,20,0.022300687604534408,-0.009660287736172151,-0.015413757999482223,-0.005872212687102029,-0.012058907164445857
2024-07-04,2024,PERSIST,20,0.02050326188257201,0.029701418737130406,0.027850374804649147,0.03033149339435116,0.027942804641022417
2024-07-05,2024,PULLBACK,20,-0.006817763036668478,-0.013775479119051987,-0.015005933081403543,-0.010643627391341186,-0.011524984255796837
2024-07-08,2024,PULLBACK,20,-0.002795899347623587,-0.014356318099856132,-0.009728181696681576,-0.011314731529165038,-0.0062950701144158915
2024-07-09,2024,START,20,-0.012467435802009597,0.004768097414323059,0.00589114237674092,0.005292348470384094,0.005967277777868901
2024-07-10,2024,PERSIST,20,-0.009634982397628389,0.021222473606682255,0.020145273370601333,0.022973572158024296,0.021466953289456747
2024-07-11,2024,START,20,-0.010614934114202224,0.005283599868138226,0.0065936817677587824,0.004602003221480433,0.005828994831833953
2024-07-12,2024,PERSIST,20,-0.007703595011005149,0.021563531115770494,0.02124923317454927,0.02259556246888424,0.022320876880123065
2024-07-15,2024,START,20,-0.0014587892049598983,0.005205903019796959,0.006089644422249855,0.004192249968193295,0.0050860859682598306
2024-07-16,2024,PERSIST,20,-0.0225040185747456,0.02175895180461889,0.020413749616761283,0.023162662785797674,0.022189577964717513
2024-07-17,2024,PERSIST,20,-0.02232223222322227,0.01872207862405209,0.018796645193568825,0.019021216254018657,0.019137706817989028
2024-07-18,2024,PERSIST,20,0.00128252106998894,0.021355208621656123,0.023189780801337028,0.021508005490971868,0.023882477597344763
2024-07-19,2024,PERSIST,20,0.013819789939192972,0.03126909383695994,0.035773733336859674,0.0314451843903925,0.036317893238252165
2024-07-22,2024,PERSIST,20,0.0151012891344382,0.021479311433708747,0.02086615804953732,0.0216630951384461,0.020743012292750065
2024-07-23,2024,PERSIST,20,0.015656658684840563,0.023935243748218173,0.024650052515971032,0.024619810807039674,0.025002470631215377
2024-07-24,2024,PERSIST,20,0.02728285077950998,0.01916818169072232,0.017316366751070497,0.018891487352492027,0.016570199226742723
2024-07-25,2024,START,20,0.036144578313252795,0.022214885658637096,0.029080295986244887,0.01729397147933527,0.02379048241944859
2024-07-26,2024,PERSIST,20,0.024281742354031577,0.031171184183255884,0.025869511119515798,0.030374648018124485,0.0253208495862422
2024-07-29,2024,PERSIST,20,0.02770031604387424,0.030056041512507806,0.027579189435418767,0.029123345320356445,0.026138717526808235
2024-07-30,2024,PERSIST,20,0.024953789279112737,0.028824747580288274,0.0262248514139912,0.0267893541673504,0.023745096284064973
2024-07-31,2024,PERSIST,20,0.006907834939101853,0.027871297752964982,0.025921003159823625,0.02549741117097742,0.022704873728364505
2024-08-01,2024,PERSIST,20,0.009680365296803606,0.02864579044110948,0.024619914350559095,0.026710457392116638,0.022759532004639753
2024-08-02,2024,PERSIST,20,0.02133580705009286,0.027421950946061105,0.026883323456524118,0.022749470038441116,0.021355621984494772
2024-08-05,2024,WEAK,20,0.025420560747663634,-0.0012450153400261794,-0.007009100928349097,-0.005871878285663673,-0.012296235834360614
2024-08-06,2024,WEAK,20,0.03241002449594865,0.00019851980173808247,-0.001871840352747857,-0.004582690615953754,-0.006836559602950876
2024-08-07,2024,PULLBACK,20,0.025818521983161924,-0.008498639442086977,-0.011728219557891533,-0.012159063902513019,-0.015542915241209338
2024-08-08,2024,WEAK,20,0.01923788383277847,0.0039085677214021905,0.0035589125741163556,0.0014656855880739996,0.0012533343164518058
2024-08-09,2024,WEAK,20,0.013863216266173817,0.0027620718923312875,0.0034013324471861947,-0.0004040552719866367,0.0002210626463090802
2024-08-12,2024,PULLBACK,20,0.006574141709276837,-0.012774824648510565,0.001137423705565534,-0.01535093587733876,-0.001934006192286669
2024-08-13,2024,WEAK,20,0.011511054266398535,0.0006238536145961839,-0.0006621749914193838,-0.0048869289869831935,-0.007238058716675642
2024-08-14,2024,WEAK,20,0.01786043085987843,0.005302445064420327,0.00045824175791672403,0.000663561438294177,-0.005179459993273418
2024-08-15,2024,WEAK,20,0.027081427264409985,0.006576160311904054,0.0018597126615393983,0.0030988854907103205,-0.0023362701675046877
2024-08-16,2024,PERSIST,20,0.021628498727735535,0.034763912048924386,0.03731911152798642,0.03060057778979977,0.032916249550207444
2024-08-19,2024,PERSIST,20,0.014332365747460107,0.030432226410706892,0.029787738876733184,0.026099852255347663,0.02502018453525645
2024-08-20,2024,PERSIST,20,0.0190424374319913,0.02859557639940652,0.029796187603599745,0.02294903175286893,0.02379355683744572
2024-08-21,2024,PERSIST,20,0.027100271002709952,0.030386411330041167,0.030127858449508122,0.0256622595069114,0.025420610936904224
2024-08-22,2024,PERSIST,20,0.03978924418604657,0.021942070530970165,0.023312806779256585,0.0193276892274061,0.020791043931663464
2024-08-23,2024,PERSIST,20,0.03583061889250816,0.021990241673332755,0.021853459185794427,0.017450657356303387,0.016940144885684086
2024-08-26,2024,PERSIST,20,0.04196816208393628,0.021736842743554377,0.021713876906161375,0.017247285074021554,0.016764009465291434
2024-08-27,2024,PERSIST,20,0.03715058611361588,0.019174426831006335,0.019142141180114248,0.01532089001032058,0.015143859056043244
2024-08-28,2024,PERSIST,20,0.018956490341216936,0.021065541483367773,0.021390038117702726,0.018199762247578077,0.018549141255574858
2024-08-29,2024,PERSIST,20,0.02785817655571643,0.021021417546531154,0.020870601965316794,0.015850671177793783,0.01577310535053837
2024-08-30,2024,PERSIST,20,0.02997275204359684,0.024124075693809473,0.02552630244930328,0.021673792375323617,0.023573094029251063
2024-09-02,2024,PERSIST,20,0.029347429821363624,0.013539880706328495,0.016177576505966434,0.01206061718323357,0.014911479489274222
2024-09-03,2024,PERSIST,20,0.04307355356816922,0.004321257296546061,0.0034475828453904896,0.003730005488758379,0.0026184420761158865
2024-09-04,2024,PERSIST,20,0.05234360751413458,0.009553763816123398,0.009148468249597343,0.008264087844620169,0.007635709865941984
2024-09-05,2024,PERSIST,20,0.048275862068965614,0.00807948168784857,0.005989859761154446,0.00557366784913131,0.002985425779844261
2024-09-06,2024,PERSIST,20,0.067092069279854,0.009146971037717309,0.007546710588269667,0.0069586844896200525,0.005143337662022751
2024-09-09,2024,PERSIST,20,0.06875907111756185,0.013330808182902845,0.013144585165737944,0.011003922049886736,0.010807799455533486
2024-09-10,2024,PERSIST,20,0.07677023121387294,0.014279190629393116,0.013517049913529533,0.014011996504567569,0.013167738020114395
2024-09-11,2024,PERSIST,20,0.08447901591895812,0.013249588449292853,0.012340257266873976,0.012715190645532524,0.011913563711552848
2024-09-12,2024,PERSIST,20,0.07215392838054502,0.01396812796435758,0.015274079368631807,0.012385836473183608,0.01352145210428748
2024-09-13,2024,PERSIST,20,0.07489770503469129,0.010936171633875892,0.009892105423544167,0.009099826076323989,0.007951911668682195
2024-09-18,2024,PERSIST,20,0.07315328206045435,0.011160507950350614,0.011016198715977366,0.008772823506495211,0.008701267978622116
2024-09-19,2024,PERSIST,20,0.06673785371062468,0.011319191823751015,0.012600986665479309,0.009598213738587182,0.010775241265608975
2024-09-20,2024,PERSIST,20,0.0529463500439753,0.008640339902848248,0.008672804475139902,0.005173367611133391,0.00489403217823613
2024-09-23,2024,PERSIST,20,0.054691595317141406,0.004606771468969177,0.004294386661222097,0.0004739429444394201,-0.00010252659386331478
2024-09-24,2024,PERSIST,20,0.06761006289308158,0.004329283022990697,0.0065109710113572085,0.0006613042250354509,0.002418627301085095
2024-09-25,2024,PERSIST,20,0.0659722222222221,0.0020275035563297435,0.0018943782730532568,-0.0011484673389833165,-0.0013349444059544777
2024-09-26,2024,PERSIST,20,0.04625282559554855,0.0010333939259471229,0.0018109315724733632,-0.0043425193926575996,-0.0036970594834445547
2024-09-27,2024,PERSIST,20,0.06502480510276398,0.00369922413517101,0.006269232988987226,-0.0013710288273862362,0.0010072160801740866
2024-09-30,2024,PERSIST,20,0.056494192185849945,0.0028477316668717428,0.005193658925417824,-0.0007910083318465786,0.0015723742621854423
2024-10-08,2024,PERSIST,20,0.06313932980599635,6.990516458845603e-05,0.0011123777410531922,-0.001769489886758032,-0.00044163733170410184
2024-10-09,2024,PERSIST,20,0.038604568797591554,0.0026171302278978426,0.004786165754538946,0.0032434936083504872,0.005592281909593223
2024-10-10,2024,PERSIST,20,0.036745406824147064,0.00025673469653498355,-0.000419146656031319,-0.0006796143865111938,-0.0013578125276767503
2024-10-11,2024,PERSIST,20,0.02270363951473131,-0.0019240513035060308,-0.003796944744878272,-0.0029070401462930598,-0.004626196681282009
2024-10-14,2024,PERSIST,20,0.009349030470914066,-0.0048883610079567385,-0.006658339834848407,-0.005396585148667613,-0.0069084619639038485
2024-10-15,2024,PERSIST,20,-0.008200922603792904,-0.0015131423249868888,-0.001517021581942413,2.185719396880859e-05,0.00043465390674606117
2024-10-16,2024,PERSIST,20,-0.028348327957901875,-0.007053916098866653,-0.008859533491448366,-0.005786324201139114,-0.007240372600757607
2024-10-17,2024,PERSIST,20,-0.041939271934239186,-0.004783301613780527,-0.004048405185803124,-0.00479232611760518,-0.0038907516832504775
2024-10-18,2024,PERSIST,20,-0.041201000834028334,-0.0032585273621604325,-0.0015403937817700221,-0.003431018860423511,-0.0014199314183990612
2024-10-21,2024,PERSIST,20,-0.0343968095712861,-0.008432352026550705,-0.007109293489777865,-0.00824118974023263,-0.006532191703673936
2024-10-22,2024,PERSIST,20,-0.023502151605428567,-0.00831318888801805,-0.0066513244224886995,-0.007644112228345759,-0.005540618855317552
2024-10-23,2024,PERSIST,20,-0.01433333333333342,-0.008743392374806959,-0.006317268154008076,-0.007876542857400025,-0.005185764189441602
2024-10-24,2024,PERSIST,20,-0.004337671004337684,-0.007674961837050813,-0.004440824521233542,-0.006120290796493291,-0.002374975554240209
2024-10-25,2024,PERSIST,20,0.003842298696959734,-0.003157648137977415,-0.0009153965493688817,-0.00016888701723589278,0.0028088470934302095
2024-10-28,2024,PERSIST,20,-0.033300198807156955,-0.0090358244661592,-0.007798453686326117,-0.00649298320124945,-0.004940491268193322
2024-10-29,2024,PERSIST,20,-0.04107347406316475,-0.010393729056099931,-0.010053141877185378,-0.006475129431833084,-0.005409465740633359
2024-10-30,2024,PERSIST,20,-0.050325732899022646,-0.010216621422808941,-0.00966758086998645,-0.007749673324295095,-0.006537037627001266
2024-10-31,2024,PERSIST,20,-0.022935017450556927,-0.00568980402726231,-0.003771165802898128,-0.001426000684995844,0.001775573875375358
2024-11-01,2024,PERSIST,20,-0.026784228913658392,-0.0039182053811743205,-0.0008381646391345159,0.0010485296436978661,0.005110282015729547
2024-11-04,2024,PERSIST,20,-0.014326170248209258,0.0002289552180298627,0.002974468598720632,0.005458115169654069,0.00901365950848063
2024-11-05,2024,PERSIST,20,-0.01874585268745843,0.0010766879566827684,0.002717121511324345,0.003589670380338564,0.0058041127845872426
2024-11-06,2024,PERSIST,20,0.012276214833759624,-0.011832359286781302,-0.010998646329501933,-0.007962063765277885,-0.007042837785404073
2024-11-07,2024,PERSIST,20,-0.00995780590717299,-0.0005110903481904787,0.00048789951215475087,0.0016777949560333964,0.003082554189957407
2024-11-08,2024,PERSIST,20,0.006778512116590418,0.0019173657820604354,-0.0014140996303161329,0.005714700980403704,0.0026846400125708045
2024-11-11,2024,PERSIST,20,0.02401372212692965,0.0033748970326126287,0.0013565367498196746,0.006839276996235195,0.005084154414588563
2024-11-12,2024,PERSIST,20,0.03841515934539186,0.010309604861391115,0.011074653456439043,0.013449480406051468,0.014448651290996126
2024-11-13,2024,PULLBACK,20,0.054856743535988794,0.005388418281074628,0.008141848409768527,0.010001562831181443,0.012835768037432957
2024-11-14,2024,PULLBACK,20,0.05340570828226232,0.007230116052225786,0.02041894628909463,0.01206126834303298,0.025659110945376637
2024-11-15,2024,PULLBACK,20,0.03427279053583865,0.006975655082793046,0.00702160150489966,0.012111386836612795,0.012459407115637049
2024-11-18,2024,PULLBACK,20,0.025124763379796855,0.0063839896430915675,0.008196444213770571,0.011419366958825592,0.013207048402716236
2024-11-19,2024,PULLBACK,20,0.007118644067796609,0.0009477954521575516,0.007682912264581604,0.005348217794767701,0.011714042906317418
2024-11-20,2024,PULLBACK,20,-0.00794724382820422,-0.0013356632708937026,0.004937060271082274,0.004151328572432275,0.010975039387530505
2024-11-21,2024,PULLBACK,20,-0.015247989276139462,-0.0045317987457985116,0.003917354755145116,0.0015867001906168582,0.009923078562809395
2024-11-22,2024,PERSIST,20,-0.014977533699450984,0.02402962467911505,0.024199344014270735,0.02586103626005557,0.025903006907278658
2024-11-25,2024,PULLBACK,20,0.01593830334190227,-0.0017301198278566413,-0.0012009230465201692,0.004052606716298745,0.0058735401505657855
2024-11-26,2024,PULLBACK,20,0.012286689419795271,0.0009426024961641456,0.0011926590099687346,0.006533287627642197,0.008086319191614792
2024-11-27,2024,PULLBACK,20,0.02126564911678952,-0.00023329726520469364,0.005105235323651794,0.005587887713348718,0.011310558913154682
2024-11-28,2024,PULLBACK,20,0.012076883823779694,0.000810531921116144,0.004334230629308419,0.007287622586343997,0.011999202404417576
2024-11-29,2024,PULLBACK,20,0.014358974358974486,0.002263306266321067,0.0030090958963842167,0.007613526143864282,0.00897905678735867
2024-12-02,2024,PULLBACK,20,-0.0005070136893696731,0.0009175924100263645,0.009917033572973903,0.0063217351012804,0.01574533194728012
2019-01-02,2019,PERSIST,60,-0.016197183098591528,0.0036931773489822916,0.0077444717772954755,0.0061533241545420865,0.0110813920172392
2019-01-03,2019,PERSIST,60,-0.02811523776466507,0.004229161523709408,0.009990535924941224,0.010319301114807023,0.017636306427609254
2019-01-04,2019,PERSIST,60,-0.008450704225352101,0.002797914864860704,0.003150406100494736,0.009844122437235566,0.011940787592807535
2019-01-07,2019,PERSIST,60,-0.006344730348960215,0.0012943126728181126,-0.0041541191370440805,0.006263667114347658,0.0020192078592731863
2019-01-08,2019,PERSIST,60,0.00035373187124165817,-0.0037579026056670847,-0.0010338237830319862,-0.0014828841304716667,0.002182303852443359
2019-01-09,2019,PERSIST,60,-0.008486562942008447,-0.0030864799823015696,-0.006805765422515482,-0.0007713425981670425,-0.0034738403131314615
2019-01-10,2019,PERSIST,60,-0.00782639630024895,-0.005429667257805295,0.0032613016156997185,-0.006603732937684936,0.0028939659801929234
2019-01-11,2019,PERSIST,60,-0.005714285714285672,-0.007052164229294158,-0.004023240310627996,-0.009165099772014657,-0.005701657439594181
2019-01-14,2019,PERSIST,60,-0.011764705882353121,-0.004502187692796398,-0.0058020283497177295,-0.006283659766173899,-0.007273307465802001
2019-01-15,2019,PERSIST,60,-0.016399286987522355,-0.006103080441536752,-0.00464326398527276,-0.008407968672409626,-0.006608784046888602
2019-01-16,2019,PERSIST,60,-0.015324305060584464,-0.005006533916039198,-0.005724783215304976,-0.008050019687636755,-0.008970082270847491
2019-01-17,2019,PERSIST,60,-0.015663937344250645,-0.004642464498233089,-0.007094219906301066,-0.008255984212519786,-0.011154923314372362
2019-01-18,2019,PERSIST,60,-0.010003572704537333,-0.0019654148573177797,-0.005339970642710238,-0.004257292938254865,-0.007626136275922766
2019-01-21,2019,PERSIST,60,-0.014658562745799242,-0.0046871651404593075,-0.005441988270247618,-0.006860318713808994,-0.0074267942414466305
2019-01-22,2019,PERSIST,60,-0.015313390313390185,-0.0018930536121782374,-0.008412739948981344,-0.003511030232576545,-0.009934804274162885
2019-01-23,2019,PERSIST,60,-0.00928571428571423,-2.059877188722789e-05,-0.0003458581289448089,-0.002345563601574286,-0.0024507027848404764
2019-01-24,2019,PULLBACK,60,-0.007857142857142785,-0.03280567631569034,-0.02726000813818992,-0.02953277622695013,-0.024008976110723015
2019-01-25,2019,PULLBACK,60,-0.017382050372472535,-0.025395023581460882,-0.020330955627831892,-0.021975591191565533,-0.016853902944578412
2019-01-28,2019,PERSIST,60,-0.010608203677510586,0.004648738578543297,0.006805186669923789,0.0006710719942429055,0.0027677257761854965
2019-01-29,2019,PERSIST,60,-0.016907361747094063,0.008495817041781532,0.006640008519504011,0.005889301846838918,0.004066128902656528
2019-01-30,2019,PERSIST,60,-0.015482054890921915,0.010452083930239251,0.010425591129623789,0.007151108184713346,0.007283083044113807
2019-01-31,2019,PULLBACK,60,-0.013737231419513996,-0.012125566528247958,-0.00637713374959417,-0.0069207249401823205,-0.0012249460133155754
2019-02-01,2019,PULLBACK,60,-0.014401123990165021,-0.012952474781847096,-0.005070807755856025,-0.007829296729634599,0.00020153354335908716
2019-02-11,2019,PULLBACK,60,-0.008087201125175691,-0.016019549214507163,-0.014472888895736504,-0.01257335832873219,-0.010949964554557804
2019-02-12,2019,PERSIST,60,0.006326889279437475,0.011939476284070905,0.021306653839769964,0.014715412578156459,0.0260469014062902
2019-02-13,2019,PERSIST,60,0.004922644163150469,0.011519593291822599,0.018226998996116624,0.01279113472745461,0.020871324511652023
2019-02-14,2019,PERSIST,60,0.001404494382022392,0.012138079322614636,0.012051361550539855,0.016074678467552624,0.017580209367362026
2019-02-15,2019,PERSIST,60,-0.010793871866295213,0.013159308027168828,0.019548513933461385,0.018638090098629188,0.02702431530603467
2019-02-18,2019,PERSIST,60,-0.014236111111111116,0.014771112854314206,0.01538318324267391,0.02150277398015007,0.024311991853769043
2019-02-19,2019,PERSIST,60,-0.024432209222298717,0.0159328163269203,0.021499047256773953,0.02304119728846574,0.031167699237104853
2019-02-20,2019,PERSIST,60,-0.021114572516441665,0.017891972587865047,0.01809057276642636,0.022857588976330574,0.024807776053734028
2019-02-21,2019,PERSIST,60,-0.01012216404886579,0.013779468900648635,0.015062945253529195,0.01696342681979343,0.019729527929381308
2019-02-22,2019,PERSIST,60,0.000701016473886984,0.008218768892008453,0.013640631254252937,0.010245958398557405,0.016794430110874142
2019-02-25,2019,PERSIST,60,0.0014015416958654825,0.005829173191317531,0.012382863970939467,0.005420265895386471,0.012594039434297538
2019-02-26,2019,PERSIST,60,-0.0010504201680671121,0.005063172642670383,0.00572261529372462,0.0036078517934288465,0.004403701972240343
2019-02-27,2019,PERSIST,60,0.0024621878297572675,0.003644795976469448,0.007707182902166343,0.0016511950638858014,0.005822282280906765
2019-02-28,2019,PERSIST,60,0.008135833038556806,0.0009874697905199372,-0.003355208082557729,-0.0008943019748774489,-0.0053510999334056356
2019-03-01,2019,PERSIST,60,0.027877055039313703,0.0015089111673625005,-0.003238239422888426,0.0005997338421447453,-0.004343857734008395
2019-03-04,2019,PULLBACK,60,0.04382183908045989,-0.03957514136417082,-0.04114481181462731,-0.03840893198625627,-0.04013772125942203
2019-03-05,2019,PULLBACK,60,0.06202668589974736,-0.03961312122530506,-0.037764461945272026,-0.03804757106860451,-0.03612430952410692
2019-03-06,2019,PULLBACK,60,0.05787203450754852,-0.03115698622550929,-0.027110568969249366,-0.02969579432624245,-0.025404831689951377
2019-03-07,2019,PULLBACK,60,0.06180380883938197,-0.03308545834864905,-0.02918275181844006,-0.03307699940093769,-0.029119919324652358
2019-03-08,2019,PULLBACK,60,0.053755784976859955,-0.029057431926717163,-0.02502995316831739,-0.029793055293626473,-0.025621240104894596
2019-03-11,2019,PULLBACK,60,0.05575411007862763,-0.02976960574345787,-0.025178911770903076,-0.029365453181041338,-0.024656329609018535
2019-03-12,2019,PULLBACK,60,0.04471256210078067,-0.02631213468624085,-0.028387914581332496,-0.024629778834742082,-0.026645945575707985
2019-03-13,2019,PULLBACK,60,0.051027639971651384,-0.0359928048259514,-0.03995989647551295,-0.03459545556982321,-0.03839382267628789
2019-03-14,2019,PULLBACK,60,0.0660478400571225,-0.03594239487250371,-0.038186025578965326,-0.034153245674303334,-0.03638212240846386
2019-03-15,2019,PULLBACK,60,0.06875667972924826,-0.029929213024011782,-0.03796195263877452,-0.02845376055846164,-0.036521248650116335
2019-03-18,2019,PULLBACK,60,0.0625222024866785,-0.02752023555270944,-0.03043239282442349,-0.0258369797391341,-0.02877838442910617
2019-03-19,2019,PULLBACK,60,0.05673758865248235,-0.023143757058292275,-0.022602721035135283,-0.021655280445828467,-0.02101909727745881
2019-03-20,2019,PULLBACK,60,0.07659724673490986,-0.02018213595131898,-0.02278022860944766,-0.01909734584100812,-0.021739168944107285
2019-03-21,2019,PULLBACK,60,0.08811040339702769,-0.026996656963477448,-0.022124896801227388,-0.026288536996511836,-0.02121867741056141
2019-03-22,2019,PULLBACK,60,0.09126009126009116,-0.033538701048203924,-0.033001471489866104,-0.03329127734871108,-0.03270889513496243
2019-03-25,2019,PULLBACK,60,0.10262697022767076,-0.03140735273230382,-0.030441527166712733,-0.03248256343843278,-0.03152855038178169
2019-03-26,2019,PULLBACK,60,0.09894736842105267,-0.039014737781816064,-0.04073594810983392,-0.04059561608517467,-0.042406131719565796
2019-03-27,2019,PULLBACK,60,0.09574093629003855,-0.042312695211509044,-0.0422628421109628,-0.04401050895377787,-0.044107036861610056
2019-03-28,2019,PERSIST,60,0.11213955144179422,-0.0003547260339013328,0.008050589024819081,0.005380515101156651,0.015712566929478748
2019-03-29,2019,WEAK,60,0.09358192900681228,-0.014420912762464676,-0.019547552853428934,-0.013377956994134816,-0.018376176090639317
2019-04-01,2019,START,60,0.09390681003584223,-0.014967599984521919,-0.013022501576758508,-0.014469058888232812,-0.012699647185223284
2019-04-02,2019,START,60,0.1340722202359672,-0.011453144713414534,-0.012253877695288256,-0.010921406490336977,-0.011758397296739085
2019-04-03,2019,START,60,0.12455261274158902,-0.008013459423242001,-0.010233603072496007,-0.00671658392070276,-0.008513079831957584
2019-04-04,2019,START,60,0.11785714285714288,0.00035120834345096774,0.0012751130707471638,0.00021156454151328476,0.0014161917713513541
2019-04-08,2019,START,60,0.09765625000000022,-0.012896486053284131,-0.01638229565545053,-0.01375434390269502,-0.015954929412750684
2019-04-09,2019,START,60,0.09365023057821942,-0.015631589310241535,-0.01847756711179635,-0.016293722903551733,-0.019484685619448102
2019-04-10,2019,START,60,0.09052333804809054,-0.02008308616771073,-0.02154365051785423,-0.02161628163405596,-0.023194780191974927
2019-04-11,2019,PERSIST,60,0.119472182596291,-0.005130810595154846,-0.010226067982793588,-0.0023554116320181305,-0.007364323250456309
2019-04-12,2019,WEAK,60,0.11617067049121532,-0.013482092715813871,-0.012328985719514442,-0.014084506290849407,-0.012956121099177355
2019-04-15,2019,WEAK,60,0.11997126436781613,-0.011432792511813835,-0.005434853638381351,-0.019188779558212632,-0.012925965411892634
2019-04-16,2019,WEAK,60,0.12590187590187596,-0.011847779195303162,-0.006211269473179484,-0.01850437714163485,-0.012260925092454977
2019-04-17,2019,WEAK,60,0.12685755708590074,-0.0032588411679097522,0.001963615492114254,-0.009084900409954222,-0.003895563955778149
2019-04-18,2019,WEAK,60,0.13897937024972862,0.0016305023613267435,0.0025962689805510523,-0.009915830431533575,-0.007792902117552273
2019-04-19,2019,WEAK,60,0.1518987341772151,0.004298970033237518,0.009523380529800514,0.00436381570647476,0.00779605616370887
2019-04-22,2019,WEAK,60,0.13496932515337434,0.0008443062888975339,0.0022196173019356034,-0.004688027517492404,-0.003111240220576619
2019-04-23,2019,WEAK,60,0.13570391872278664,0.00919156961616809,0.01164654872121928,0.0036156140481214223,0.0053902488508982965
2019-04-24,2019,WEAK,60,0.13562386980108498,0.01059376400022955,0.012341329620253052,0.009520796567092297,0.010330585507351341
2019-04-25,2019,WEAK,60,0.13229992790194656,0.006863353629006256,0.010609410965720198,0.004790274874198331,0.007948507476082533
2019-04-26,2019,WEAK,60,0.12670986321094313,0.0028138340300380045,0.0072209203081704445,0.0006189365488906088,0.004871413828032035
2019-04-29,2019,WEAK,60,0.1361010830324909,-0.013198880466802686,-0.012080095990452615,-0.018317039790771473,-0.014652396394140437
2019-04-30,2019,WEAK,60,0.123302358827734,-0.013099420621324215,0.0005447971490211284,-0.01596215726155168,-0.004399207544914208
2019-05-06,2019,START,60,0.13149408814045138,-0.0007783814584927159,-0.0028146836847344797,0.0010445245321331258,-0.0009590637598261686
2019-05-07,2019,WEAK,60,0.1168691922802001,-0.013210076410833247,-0.003146173992398818,-0.009997523864922668,-0.001526937652884185
2019-05-08,2019,START,60,0.13821428571428562,-0.0034787342711417642,-0.005142651401998596,0.0024103580995888077,0.000812793640164657
2019-05-09,2019,WEAK,60,0.15431218816821102,-0.01568007952105743,-0.011411949283245217,-0.0046477351116675746,-0.0023510272222230736
2019-05-10,2019,WEAK,60,0.18114143920595516,-0.018181744067960786,-0.015308038757626851,-0.0012958720413118983,0.0001810604811405287
2019-05-13,2019,START,60,0.16870415647921755,-0.009989769896771654,-0.010682327865177869,-0.0007507341210183857,-0.0012926840396790592
2019-05-14,2019,PERSIST,60,0.18369489153254026,-6.46227321585563e-05,-0.0035881644904936488,0.01293772183287628,0.01247375106996729
2019-05-15,2019,PERSIST,60,0.19354838709677424,-0.0035929594703680272,0.00518283863612541,0.009119532738200204,0.02154342180205467
2019-05-16,2019,START,60,0.19746568109820473,-0.015585108621616878,-0.014592441513954684,-0.0030853883655641255,-0.002142506439627545
2019-05-17,2019,START,60,0.21310320535399785,-0.0089730051492354,-0.009136029456806081,0.005535439099822967,0.005497351980584356
2019-05-20,2019,START,60,0.1883597883597885,0.0010087373413073357,0.0021062468782001844,0.016688477903959564,0.01739526124055827
2019-05-21,2019,START,60,0.21463932107496464,0.013998367628176848,0.01623373116941369,0.03163039267667443,0.033500355343282384
2019-05-22,2019,START,60,0.21156558533145287,0.008229829217215628,0.008925846518699971,0.02330889749923114,0.024967547513437497
2019-05-23,2019,START,60,0.18879159369527154,0.001017862168049586,0.0017798456384649957,0.01630852406695319,0.01755155651360607
2019-05-24,2019,START,60,0.18754373687893633,-0.0009896696548660714,0.0017631619223163254,0.012342529521121253,0.015867567131804376
2019-05-27,2019,PERSIST,60,0.19137749737118814,-0.011103132709354641,-0.014618937065896353,0.003759562942022685,0.003967395030985855
2019-05-28,2019,PERSIST,60,0.19122807017543852,-0.009563921246789208,-0.01619246541975125,0.004359559116700232,0.0010157597741441149
2019-05-29,2019,PERSIST,60,0.1926315789473685,-0.006649169602769529,-0.009122864749761796,0.007276991116174485,0.008196002408081108
2019-05-30,2019,PERSIST,60,0.22426981919332412,-0.008433691573066449,-0.005703172989321438,0.006397684926127084,0.012946028251464875
2019-05-31,2019,PERSIST,60,0.20818995182381284,-0.005976975241134951,-0.005038176518978447,0.008526075618948655,0.012536742262798523
2019-06-03,2019,PERSIST,60,0.20305602716468596,-0.0015229918238554817,-0.006155193237606383,0.013318045204140342,0.011734190773249156
2019-06-04,2019,PERSIST,60,0.19945633707101584,0.00047930317161023507,0.0006661392867271542,0.012610156163434418,0.01562061536575821
2019-06-05,2019,PERSIST,60,0.18544839255499146,0.004415594362903504,0.0019484889759433341,0.015463504094628005,0.015449948595809844
2019-06-06,2019,PERSIST,60,0.18310810810810807,0.003509287805849859,-0.00011324617844395667,0.013978242477481036,0.012930221194496359
2019-06-10,2019,PERSIST,60,0.18821936357481373,-0.0014217161236916177,0.006860203559489351,0.0071284194628411955,0.01785732128748814
2019-06-11,2019,PERSIST,60,0.2082201086956521,-0.0047491238460977,-0.0016807148388003133,0.0037533813609654547,0.009232217580336401
2019-06-12,2019,PERSIST,60,0.19420094403236665,-0.003096876734617766,-0.004749309970988625,0.0008477023973874134,0.0005355651152112357
2019-06-13,2019,PERSIST,60,0.16008037508372386,-0.0042088830623779,0.0049773752361274674,0.0008989776220390544,0.012645595991971582
2019-06-14,2019,PERSIST,60,0.14533333333333331,0.0008761764576790884,0.0006823923977370807,0.005640773204572934,0.007357910977580123
2019-06-17,2019,PERSIST,60,0.13072550986292208,-0.0051909997349343625,-0.0035295422663890663,-0.003235377265231081,0.00011204660891780092
2019-06-18,2019,PERSIST,60,0.13993288590604025,-0.003936923220035788,-0.003476196674581227,-0.0023089298816317185,-0.0006025297004418244
2019-06-19,2019,PERSIST,60,0.1131147540983608,-0.008657832431055024,0.0010529431769041664,-0.008322553151607806,0.0024638394126779107
2019-06-20,2019,PERSIST,60,0.11024390243902427,-0.008701516059296593,-0.006350189886772953,-0.009196649316098145,-0.006511329972759666
2019-06-21,2019,PERSIST,60,0.09520746220649712,-0.009328141721945302,-0.00011167758008905071,-0.011297183279116732,-0.0017171947094760179
2019-06-24,2019,PERSIST,60,0.08227445997458704,-0.003666253204915936,-0.014180357636469266,-0.005182632209212026,-0.015381463097781661
2019-06-25,2019,PERSIST,60,0.0814176245210727,-0.0025474275821186394,0.003338983340408464,-0.002939311375701117,0.0036319800611777694
2019-06-26,2019,PERSIST,60,0.09444265981368449,-0.012426446395004589,-0.01356383026265449,-0.014492749576955531,-0.015092473535770375
2019-06-27,2019,PERSIST,60,0.10019206145966697,-0.018867235756380878,-0.007148668740725084,-0.02167475825112293,-0.009860133722551824
2019-06-28,2019,PERSIST,60,0.13540983606557377,-0.01697637293447588,-0.010354588791140165,-0.020320557288930056,-0.013971399901165351
2019-07-01,2019,PERSIST,60,0.1402359108781126,-0.02725465081477056,-0.0340980917757886,-0.0339215591109124,-0.04226876095219753
2019-07-02,2019,PERSIST,60,0.08575031525851196,-0.026067147329081306,-0.0243871523731697,-0.0328869191942952,-0.03270587764321653
2019-07-03,2019,PERSIST,60,0.09038828771483143,-0.01550437914063189,-0.034283667306626964,-0.02141742558140812,-0.04174397228917594
2019-07-04,2019,PERSIST,60,0.08626198083067083,-0.019486106462225906,-0.024318875225992617,-0.026738868349856462,-0.03258009883732735
2019-07-05,2019,PERSIST,60,0.10061468780329985,-0.019410398840294073,-0.018815422191309262,-0.027429998743748654,-0.028018874481361457
2019-07-08,2019,PERSIST,60,0.11417450535192986,-0.01580417574015454,-0.02860119405389158,-0.02307950047233205,-0.03715631855071387
2019-07-09,2019,PERSIST,60,0.11543450064850846,-0.02313028812184109,-0.014995761483757388,-0.031906764263058655,-0.025305334548336396
2019-07-10,2019,PERSIST,60,0.0802803440586175,-0.024767872449323207,-0.01702998084693129,-0.032101736554305586,-0.025894779289366662
2019-07-11,2019,PERSIST,60,0.08159331834243488,-0.016624609020523134,-0.026217195054585415,-0.025199324269683906,-0.036929711410417725
2019-07-12,2019,PERSIST,60,0.0785760102629891,-0.011739520122588467,-0.020276421247913182,-0.02046780480753542,-0.03101167847337971
2019-07-15,2019,PERSIST,60,0.07529637936558786,-0.012047872475577521,-0.006514639027085149,-0.019698127323194616,-0.015264900518699536
2019-07-16,2019,PERSIST,60,0.08266323576712775,-0.0065434400957577795,-0.01706056377229767,-0.014699772643792998,-0.027506481258201917
2019-07-17,2019,PERSIST,60,0.06990784874483635,-0.008547760090276052,-0.006274252048863333,-0.014852175479481066,-0.0141850392585017
2019-07-18,2019,PERSIST,60,0.05557299843014141,-0.0017462325034675917,-0.005312594737116958,-0.0070898240365769825,-0.012624459041142646
2019-07-19,2019,PERSIST,60,0.06486486486486487,0.005096782129070911,-0.002111482816012521,0.001356728032795277,-0.0067306066558818645
2019-07-22,2019,PERSIST,60,0.07444089456869007,0.005416855352266693,0.006750586306095749,0.001577416324687873,0.0024411286641880664
2019-07-23,2019,PULLBACK,60,0.07229299363057318,0.043669506896483176,0.040683102730258394,0.042784220592197685,0.039347316204023465
2019-07-24,2019,PERSIST,60,0.07863737663164594,0.010574135780601254,0.02439898436441691,0.007257180290288167,0.02167092001049648
2019-07-25,2019,PERSIST,60,0.08434504792332276,0.007709796581202994,0.01992499210491343,0.0040391266078685,0.016102262767841234
2019-07-26,2019,PERSIST,60,0.06895455989831589,0.004613896399871031,0.016014131592646277,0.001501398522590946,0.012831221865360551
2019-07-29,2019,PERSIST,60,0.0680878141902641,0.002319345352131264,0.017642188871598546,0.0022013187141603206,0.01859957037743
2019-07-30,2019,PERSIST,60,0.06554781507283103,0.007246867135339467,-0.0007246258710262763,0.007809562684253411,-0.0003554872281038117
2019-07-31,2019,PERSIST,60,0.08671999999999991,0.02288927835486683,0.011712148444814996,0.024588232235785337,0.013588575680284272
2019-08-01,2019,PULLBACK,60,0.06401004079071226,0.025504703522462986,0.02420880869263585,0.02495319981297767,0.023513729319726073
2019-08-02,2019,PERSIST,60,0.041679530719357816,0.014187264227698042,0.012563279830794723,0.0177505652191661,0.01683852691492526
2019-08-05,2019,PERSIST,60,-0.0036014405762304635,0.016317865520771444,0.02175486481796079,0.018501672862110317,0.02421374023499434
2019-08-06,2019,PERSIST,60,-0.005080693365212219,0.012265160835909476,0.024307001183176243,0.02205960248073219,0.03672729366646943
2019-08-07,2019,PERSIST,60,-0.038427431274017154,0.014046167876094303,0.01912570283298201,0.021178454125686464,0.027701160979255325
2019-08-08,2019,PERSIST,60,-0.042303172737955363,0.028246413132928416,0.009759160204781464,0.03839870703262418,0.021570016996481336
2019-08-09,2019,PERSIST,60,-0.044679600235155825,0.020868184046319137,0.044879902156536616,0.03124554350030269,0.058376279580442614
2019-08-12,2019,PERSIST,60,-0.05371660859465743,0.010758403837318586,0.031887531167631544,0.02181525834635257,0.046134203977158464
2019-08-13,2019,PERSIST,60,-0.03057287028791933,0.016712639582392462,0.020745602329531633,0.028504031424829074,0.0350880708629248
2019-08-14,2019,PERSIST,60,-0.04687045123726352,-0.005057769080748321,0.01364165813010406,-0.001590795400603526,0.018625435567564387
2019-08-15,2019,PERSIST,60,-0.04802095459837019,0.0015245642316452333,-0.001926388900676694,0.007828407269829434,0.005276965607631606
2019-08-16,2019,PERSIST,60,-0.03005303476723642,0.006520702280625932,-0.0004416841585575589,0.012730536672760999,0.006991390805237342
2019-08-19,2019,PERSIST,60,-0.02857984678845016,0.0032631616004500097,0.006291314107609308,0.00865167351242658,0.01342368801978585
2019-08-20,2019,PERSIST,60,-0.028243601059135037,-0.0053746592780917184,0.014702846993902775,0.0018987511734945006,0.02408549639937555
2019-08-21,2019,PERSIST,60,-0.03446244477172311,0.0024417029629284076,-0.01682245822489782,0.009303817821190162,-0.009051538300685218
2019-08-22,2019,PERSIST,60,-0.03824654310091202,0.0023256882367318696,0.005576570053337419,0.00969737772346463,0.014063086551014164
2019-08-23,2019,PERSIST,60,-0.0758307299062766,0.0022212428251892173,0.003560957505167937,0.011258113478134699,0.014025706590861137
2019-08-26,2019,PERSIST,60,-0.06864141270293367,0.0110610635993484,0.0034847201960055384,0.021542787304996744,0.014803748718452872
2019-08-27,2019,PERSIST,60,-0.07874682472480954,0.011928011036324234,0.004111576421363793,0.02303437886969689,0.016899813597804597
2019-08-28,2019,PERSIST,60,-0.07535410764872519,0.009746914977505957,0.00494997769875662,0.02063900574507209,0.017604927619864263
2019-08-29,2019,PERSIST,60,-0.06622894661718537,0.009910336710439605,0.023136327034673224,0.021968831925742713,0.037852870199795094
2019-08-30,2019,PERSIST,60,-0.0639634494574528,0.008990769985951903,-0.008776730733961985,0.015281789118246627,-0.0024622151539675854
2019-09-02,2019,PERSIST,60,-0.05242165242165231,0.01471655724885379,0.01783738770665598,0.0218826333927919,0.026064920864654135
2019-09-03,2019,PERSIST,60,-0.06747258926061284,0.017834881466795367,0.020016645839997235,0.020322840101683677,0.02351811508582354
2019-09-04,2019,PERSIST,60,-0.06408808582721626,0.023776310216405888,0.015891893821301656,0.02797162162938893,0.02149048577576356
2019-09-05,2019,PERSIST,60,-0.05542725173210161,0.024904853739340614,0.033543322010250565,0.026066272730697282,0.03643968687748107
2019-09-06,2019,PERSIST,60,-0.04598370197904533,0.00983263199542778,0.008383352537883547,0.006292553652549436,0.00584878655212567
2019-09-09,2019,PERSIST,60,-0.029272619751626316,0.01317461098681326,0.01811700961103467,0.0076634116407726495,0.01210195245091383
2019-09-10,2019,PULLBACK,60,-0.027671474830732956,0.007782737868215067,0.001254012974268321,0.00565882538215513,-0.0014437580382597737
2019-09-11,2019,PERSIST,60,-0.0397643593519883,0.01205111356429045,0.03323903146983898,0.013327220383517198,0.03637442688732802
2019-09-12,2019,PULLBACK,60,-0.038664323374341,-0.012061067428379812,-0.01001777731779413,-0.015461643245269753,-0.013565695908190737
2019-09-16,2019,PULLBACK,60,-0.033186490455212936,-0.011764571921705928,0.0044650613476696945,-0.014506026176284787,0.0015632217582062825
2019-09-17,2019,PULLBACK,60,-0.033460522453771624,-0.022824033264826273,-0.02293897920979225,-0.02562881508515891,-0.025821991965991345
2019-09-18,2019,PERSIST,60,-0.02834366696191326,0.009542950314041662,0.004900736984009066,0.005437344514164867,0.0005631357354257226
2019-09-19,2019,PERSIST,60,-0.03257998238919879,0.011832757405587521,0.015134788269790351,0.007787394847536357,0.010413501639838604
2019-09-20,2019,PERSIST,60,-0.03956939191155073,0.014704958175711838,0.012837858252084132,0.01200671882318675,0.009360531825046755
2019-09-23,2019,PERSIST,60,-0.04187120993358362,0.020289156323364425,0.02118553198841585,0.017753458730566215,0.018136066687979374
2019-09-24,2019,PULLBACK,60,-0.037931034482758696,0.031853546716315476,0.02812856752499338,0.0316053373693972,0.027516687198270107
2019-09-25,2019,PULLBACK,60,-0.026422764227642226,0.02305836009053322,0.02263033770077951,0.02348007417930428,0.023150789106472718
2019-09-26,2019,PULLBACK,60,-0.018096906012843084,-0.011378664048746247,-0.011499391576988371,-0.011974710844353392,-0.012408125025049219
2019-09-27,2019,PULLBACK,60,-0.008235294117647118,0.0014266912812023608,0.00038395802952422356,0.0017153916959769119,0.00049529329888893
2019-09-30,2019,PULLBACK,60,-0.00793650793650802,-0.009711630929859723,-0.009890416623077818,-0.01053635157818545,-0.010587957037157366
2019-10-08,2019,PULLBACK,60,-0.018631732168850057,-0.008442094613255062,-0.007933989308357947,-0.008804427356405374,-0.008214989074934346
2019-10-09,2019,PULLBACK,60,-0.013953488372092981,0.008278975713159588,0.00888987412704082,0.009062080210994961,0.009984418278134337
2019-10-10,2019,PULLBACK,60,0.030964317310527845,0.01223889893996119,0.017267579862370888,0.012440916722340021,0.0174562222452717
2019-10-11,2019,PULLBACK,60,0.031185031185031242,-0.005604162360645093,-0.0026115872218653944,-0.005615449268265537,-0.0026641447835155894
2019-10-14,2019,PULLBACK,60,0.05471305382099323,-0.017800101738733847,-0.01845832933715947,-0.017444324659984543,-0.017744540758178624
2019-10-15,2019,PULLBACK,60,0.025029797377830842,-0.018130752182633735,-0.01905763948085371,-0.01802717814682061,-0.01871068527604899
2019-10-16,2019,PULLBACK,60,0.01396316102198436,-0.03079648576337883,-0.04053940370868294,-0.03080262104714583,-0.04018206848103409
2019-10-17,2019,PULLBACK,60,0.016632016632016633,-0.02069106535311946,-0.02255146569191088,-0.021443842939439236,-0.023052764990882012
2019-10-18,2019,PULLBACK,60,0.0017846519928612636,-0.02892549140426439,-0.03264239887639255,-0.02930390245053823,-0.03284367416852695
2019-10-21,2019,PULLBACK,60,0.014631233203941552,-0.037042052845182166,-0.03637538047653996,-0.038502535223448334,-0.03772037715862158
2019-10-22,2019,PULLBACK,60,0.014867677668748192,-0.03536363901117306,-0.046231892133556496,-0.03687224983085878,-0.04762085528576428
2019-10-23,2019,PULLBACK,60,0.01039501039501034,-0.023476581658525023,-0.030803144626445234,-0.024408327159423163,-0.03155630544504042
2019-10-24,2019,PULLBACK,60,0.005608028335301052,-0.029980466732890006,-0.04193150642358151,-0.030576094569540923,-0.04230341742702638
2019-10-25,2019,PULLBACK,60,0.009133765468473776,-0.02517669606743754,-0.03333688504258567,-0.02578774940492076,-0.033649427934552376
2019-10-28,2019,PULLBACK,60,0.013376932223543303,-0.016384455408865788,-0.029142405716380333,-0.015553648761828692,-0.028188773674514358
2019-10-29,2019,PULLBACK,60,0.021149836163240954,-0.018129315881598725,-0.02909770516817405,-0.01771369589675405,-0.028665851965169912
2019-10-30,2019,PULLBACK,60,0.043090638930163294,-0.018745618401803908,-0.028813194823699446,-0.018284830796616035,-0.028223229073562908
2019-10-31,2019,PULLBACK,60,0.03327444051825679,-0.027532461968162586,-0.034215434770650234,-0.02624546211991475,-0.03244726201957499
2019-11-01,2019,PULLBACK,60,0.020053081686818075,-0.013511129603473691,-0.029161806913235777,-0.01211523376237922,-0.027181382102585475
2019-11-04,2019,PULLBACK,60,0.0219324244220509,-0.03762511510220895,-0.048343160915396415,-0.03632257101408887,-0.04673672562363543
2019-11-05,2019,PULLBACK,60,0.048192771084337505,-0.06983466061730245,-0.07511471248477161,-0.06874594204537873,-0.0739007709780404
2019-11-06,2019,PULLBACK,60,0.04866326224091311,-0.06691508119720369,-0.07699596864770065,-0.06473503917381847,-0.07496419871978723
2019-11-07,2019,WEAK,60,0.06947433138641257,-0.03862804165544969,-0.020384153426454166,-0.0686076095076418,-0.04867875439898905
2019-11-08,2019,WEAK,60,0.06319018404907983,-0.023044626796127024,-0.010383206954125562,-0.046068009292586365,-0.031816998816753955
2019-11-11,2019,WEAK,60,0.06892307692307709,-0.028939045054488584,-0.015703337665659244,-0.05710936947303183,-0.040872103124106614
2019-11-12,2019,WEAK,60,0.07241485118134405,-0.01884956573872184,0.005236117577898464,-0.03661937922299762,-0.014165487223251496
2019-11-13,2019,WEAK,60,0.07440293937538267,-0.02660652289975873,-0.007842509388531801,-0.04680590412204565,-0.028024228656873477
2019-11-14,2019,WEAK,60,0.07330482590103848,-0.03009635987378338,0.0020511026399530514,-0.05103390254605629,-0.020218920742585536
2019-11-15,2019,WEAK,60,0.0892693365943138,-0.024882997114194106,-0.001675722687490784,-0.04483227213294974,-0.023689601222051812
2019-11-18,2019,WEAK,60,0.08383961117861483,-0.02437831712117363,0.004041513963124976,-0.045021474426781866,-0.018358317128405043
2019-11-19,2019,WEAK,60,0.09523809523809534,-0.030051057969201284,9.390249464945322e-05,-0.047773522336373136,-0.019567776518461262
2019-11-20,2019,WEAK,60,0.1286709052376629,-0.032165697616626326,0.002402828568069946,-0.050177461014713404,-0.017126352384261724
2019-11-21,2019,WEAK,60,0.12233068944478331,-0.03193431875396408,-0.003955569386777486,-0.044988918005427404,-0.018462826690740543
2019-11-22,2019,WEAK,60,0.12174977057204028,-0.024032535472803193,0.004428002169218157,-0.03955911854192325,-0.014805013455281867
2019-11-25,2019,WEAK,60,0.12630608481868477,-0.01962620554494965,-0.001969745943208043,-0.028676122075970246,-0.012388047513554698
2019-11-26,2019,WEAK,60,0.11681957186544345,-0.017641565358963916,-0.013192122227661297,-0.032561997881049826,-0.025379137864178072
2019-11-27,2019,WEAK,60,0.08731617647058831,-0.015973021898329404,-0.008869634872913874,-0.03415436731214013,-0.025501984886638657
2019-11-28,2019,WEAK,60,0.08210784313725505,-0.009559107237042001,-0.004628297314571922,-0.023313944022158223,-0.018257465503827907
2019-11-29,2019,WEAK,60,0.10302659737083464,-0.0035619934166868893,-0.0032165709842794377,-0.013863646455388196,-0.013938414022769921
2019-12-02,2019,WEAK,60,0.0991458206223308,-0.006938769315286357,-0.010376762441614513,-0.016877641499130847,-0.019928981878029463
2019-12-03,2019,WEAK,60,0.10553217077570665,-0.013982004524456474,-0.013556492088930578,-0.020438871863246694,-0.018695754081483065
2019-12-04,2019,START,60,0.1202894181489298,-0.023811799062519318,-0.021078849214824086,-0.018360812358527212,-0.01570918962899194
2019-12-05,2019,WEAK,60,0.10015082956259413,-0.02684696627159461,-0.024159398512895842,-0.03034035492326375,-0.02924679853944073
2019-12-06,2019,START,60,0.10666259168704162,0.008087226452889944,0.008677033272494269,0.011896222747274907,0.011749587656882806
2019-12-09,2019,START,60,0.10494203782794376,-0.003947789583941243,-0.00854508391460082,0.000487359394807109,-0.004712640405782051
2019-12-10,2019,START,60,0.05756929637526653,0.0004707175580369524,-0.0016376039137062206,0.0033584912570681132,0.000527078243906208
2019-12-11,2019,START,60,0.0293672419013018,-0.0050393274363318905,-0.011885817170676962,-0.003610132420740407,-0.01166253967163245
2019-12-12,2019,START,60,0.016871165644171793,-0.011013683874529948,-0.01390662848192769,-0.010078371362712212,-0.01230371420358901
2019-12-13,2019,WEAK,60,0.029859841560024414,-0.02141034799580965,-0.012998949025432504,-0.0278196234048256,-0.020531522037326687
2019-12-16,2019,START,60,0.0009113001215066419,-0.009394255506009627,-0.012147714999700895,-0.009321202173441926,-0.011655079669848576
2019-12-17,2019,START,60,0.00728818706346801,-0.01028218920327419,-0.015487615502235546,-0.01224198044949145,-0.017809916538987038
2019-12-18,2019,WEAK,60,0.010331206320267405,-0.013621486917519885,-0.0030129693141359402,-0.026508542592205767,-0.017276036079130273
2019-12-19,2019,WEAK,60,0.0770631067961165,-0.020177828304271672,-0.011967203984875417,-0.03482916054605621,-0.026202678588895353
2019-12-20,2019,START,60,0.09088155104513773,-0.010230738062097487,-0.011641810769079377,-0.012266410613031733,-0.013033566762748616
2019-12-23,2019,START,60,0.0753465943339362,-0.00042330421267792323,0.0005746604798495939,-0.0033241598953771267,-0.003027499802489248
2019-12-24,2019,START,60,0.07676224611708493,-0.008965174326882139,-0.01012181066921227,-0.010603870150343602,-0.0117507838967964
2019-12-25,2019,START,60,0.07277065314643605,-0.008551726496183944,-0.009142520112404498,-0.009766804347499197,-0.010323164813271456
2019-12-26,2019,START,60,0.065101070154578,-0.009572215483449633,-0.009844516274296113,-0.011954992326504916,-0.012307473538825319
2019-12-27,2019,START,60,0.039442467378410395,-0.02125617890216593,-0.023457199514289886,-0.025840947697853972,-0.028603302266336138
2019-12-30,2019,START,60,0.04474074074074075,-0.021560023122198034,-0.022849614585881466,-0.026223451845382283,-0.0280161348870412
2019-12-31,2019,START,60,0.0625927024621773,-0.03078961078857712,-0.032251080284817886,-0.037173926126372055,-0.03899153834079322
2020-01-02,2020,START,60,0.08667452830188682,0.02709757183274123,0.021043992434709315,0.00927833620842912,0.003184826145612999
2020-01-03,2020,START,60,0.042048054919908484,0.011374311435012928,0.019831619224268154,-0.011134233560308102,-0.0029354614043689605
2020-01-06,2020,PERSIST,60,0.048963133640552936,0.023155026058588005,0.02836050674726489,0.013859576154346217,0.018940419901207987
2020-01-07,2020,PERSIST,60,0.03777840428531154,0.020212123589473968,0.028416888555857944,0.013707504075260661,0.021392489401027594
2020-01-08,2020,PERSIST,60,0.0683139534883721,0.02058082118919721,0.01894597967538677,0.008660460201313783,0.004742759224865851
2020-01-09,2020,PERSIST,60,0.08350424846176385,-0.0033274520475000714,0.00023422610603356618,-0.01531067594250943,-0.015094791804564951
2020-01-10,2020,PERSIST,60,0.08472100496640378,-0.0035897425777313505,-0.008635068684840427,-0.0167753724145112,-0.02555832027086422
2020-01-13,2020,PERSIST,60,0.09916864608076015,-0.008392595144074208,-0.005012210836175111,-0.021323785370598123,-0.020414984900231605
2020-01-14,2020,PERSIST,60,0.08593290170688639,-0.013767059665809324,-0.018919984585373903,-0.02743341278955008,-0.03470430617519743
2020-01-15,2020,PERSIST,60,0.06475241722824499,-0.014053351976394445,-0.016718379411721492,-0.025640125156328145,-0.030716784666419878
2020-01-16,2020,PERSIST,60,0.07995296884185765,-0.005615966320134156,-0.01269847961574922,-0.01911852332019106,-0.026868107765136828
2020-01-17,2020,PERSIST,60,0.08189022600528317,-0.007258239007779971,-0.01179786159846595,-0.022466239160551984,-0.030241920856065738
2020-01-20,2020,PERSIST,60,0.09051094890510947,-0.006702913206393844,-0.011930789186451966,-0.02225048679441688,-0.03043602138592674
2020-01-21,2020,PERSIST,60,0.09738926371369905,-0.0012566850840719773,-0.008244524907546008,-0.01838594930502595,-0.028182460807368935
2020-01-22,2020,PERSIST,60,0.09772462077012833,-0.006830314726404187,-0.009497990265760679,-0.019702140377136253,-0.025645047971575675
2020-01-23,2020,PERSIST,60,0.05897435897435899,-0.005772477471266354,-0.012062238216874063,-0.018505147777921272,-0.027624690552275503
2020-02-03,2020,PERSIST,60,0.06269592476489039,-0.0036954165144211463,-0.011852231325308127,-0.0175500537374333,-0.02828006067327478
2020-02-04,2020,PERSIST,60,0.07776814108123742,-0.0030512005361895515,0.0003496677833481378,-0.007185206508023962,-0.004335086971790102
2020-02-05,2020,PERSIST,60,0.08700696055684465,-0.011719103062294765,-0.008229848487795618,-0.017399461029557556,-0.015129695200330251
2020-02-06,2020,PERSIST,60,0.07241379310344831,-0.017680157782102017,-0.021164896162907038,-0.023754776869552498,-0.028396033706436778
2020-02-07,2020,PERSIST,60,0.08135204812374663,-0.018997183965728262,-0.026049120288977316,-0.02307280899469587,-0.032124770498380834
2020-02-10,2020,PERSIST,60,0.07818338603046837,-0.024088598822212943,-0.026091742577958,-0.026045583212622382,-0.029818375971934468
2020-02-11,2020,PULLBACK,60,0.07934218118869008,-0.04032899017074996,-0.03722421106425519,-0.04108272977353502,-0.038666191894593374
2020-02-12,2020,PULLBACK,60,0.08088658606793309,-0.04299917708647806,-0.03351778180597596,-0.04297160261708054,-0.03378210973188152
2020-02-13,2020,PULLBACK,60,0.07925608011444907,-0.012211316903407543,-0.008197307770650706,-0.01327911095210724,-0.00955678192611539
2020-02-14,2020,PERSIST,60,0.08805927614705045,-0.007223010289138491,0.009114355237865052,-0.0030776465128852133,0.016157487380023282
2020-02-17,2020,PERSIST,60,0.10984632896983504,-0.0021578059567345115,-0.0007193862683251141,0.004035974519877229,0.006899450925354655
2020-02-18,2020,PERSIST,60,0.08560202076901469,-0.002674128659837404,-0.0016636129631232822,0.004037570457377872,0.006787983428479882
2020-02-19,2020,PERSIST,60,0.09529147982062769,0.0017792448426575732,0.0024954684051076135,0.012369608717488231,0.01545274812855265
2020-02-20,2020,PERSIST,60,0.07726391581279413,0.0034350847768652173,0.003552930775158926,0.014391609304793974,0.01583012189135215
2020-02-21,2020,PERSIST,60,0.031652360515021405,0.006081372501323666,0.004898901762127997,0.017668177476647638,0.01875673691805103
2020-02-24,2020,PERSIST,60,0.04783908670834469,0.007854763362822089,0.007993794895466502,0.01772666334064925,0.01962023875490039
2020-02-25,2020,PERSIST,60,0.056176711208072216,-0.005602056481432378,-8.046346016657435e-06,0.005606979692590318,0.01231954624238947
2020-02-26,2020,PERSIST,60,0.049113233287858105,-0.0059035649595229785,-0.009999467416646465,0.004752266054213831,0.0010839865067511223
2020-02-27,2020,PERSIST,60,0.054216867469879526,-0.012056551551269305,-0.010501342724404183,-0.004432599596704152,-0.0018427275748957028
2020-02-28,2020,PERSIST,60,0.08678500986193294,-0.021143429858468718,-0.021354571377494858,-0.013306843363609773,-0.013869651805767033
2020-03-02,2020,PERSIST,60,0.09881087202718009,-0.029754436616903635,-0.03176640521496777,-0.02496475418869822,-0.027463821650534247
2020-03-03,2020,PERSIST,60,0.07677383592017728,-0.028049692619020586,-0.027602655669703626,-0.03140887438532163,-0.02940343234782978
2020-03-04,2020,PERSIST,60,0.06910907577019132,-0.02402143978639224,-0.029059683879765902,-0.029561097111869418,-0.035404622733100855
2020-03-05,2020,PERSIST,60,0.03753059559423444,-0.023166628040544722,-0.02560678664039036,-0.029455163823945554,-0.03279787164060619
2020-03-06,2020,PERSIST,60,0.03471474703982769,-0.017556152746583883,-0.026851736693910208,-0.02791712756612945,-0.038664117316357306
2020-03-09,2020,PERSIST,60,0.03482314230874706,-0.01689706024832198,-0.02234820518851414,-0.02670213779990791,-0.034075137127806784
2020-03-10,2020,PERSIST,60,0.04750069041701188,-0.02304118854650551,-0.026192052177264624,-0.03403669286864458,-0.04106491790570882
2020-03-11,2020,PERSIST,60,0.05549420209828826,-0.019491067011439874,-0.028963657539979485,-0.027033194526225716,-0.04091359454690518
2020-03-12,2020,PERSIST,60,0.1071428571428572,-0.023875658651954044,-0.03455190059727426,-0.030306759644639424,-0.044697814063679515
2020-03-13,2020,PERSIST,60,0.13235294117647056,-0.03925012972530214,-0.04428157745371614,-0.04410451958322213,-0.0530117310781369
2020-03-16,2020,PULLBACK,60,0.16440422322775272,-0.0932187336817826,-0.10175951542576193,-0.09369105637481166,-0.10276691588439923
2020-03-17,2020,WEAK,60,0.1366863905325444,0.07434081432172898,0.06000925193655721,0.07712738439110815,0.061521082847487286
2020-03-18,2020,PULLBACK,60,0.16600910470409724,-0.12263280043829122,-0.12117828543970652,-0.12028215211028755,-0.11810772538705269
2020-03-19,2020,PULLBACK,60,0.15978293638830254,-0.12020113638524502,-0.11521370048365262,-0.11793277211437042,-0.11286679035914254
2020-03-20,2020,PULLBACK,60,0.153984962406015,-0.09752619937078436,-0.08441841810484009,-0.09644369161844063,-0.08315445182874183
2020-03-23,2020,PULLBACK,60,0.09605633802816915,-0.07309284972963323,-0.06493766533579795,-0.07538517832315872,-0.06747043908855577
2020-03-24,2020,PULLBACK,60,0.08192168841988345,-0.10516134905043414,-0.0838427573475293,-0.1100979570882448,-0.08728628572502853
2020-03-25,2020,PULLBACK,60,0.09669282511210753,-0.10357260009469058,-0.13401125806322955,-0.10755762072134763,-0.13785406620562318
2020-03-26,2020,PULLBACK,60,0.08654646324549242,-0.1086109923690746,-0.12893353829023801,-0.11150004136298686,-0.1322508683301905
2020-03-27,2020,PULLBACK,60,0.08673894912427027,-0.11935038180954465,-0.143271216681689,-0.12458316238710511,-0.14834583794115855
2020-03-30,2020,PERSIST,60,0.09684621825286066,-0.041802642940952345,-0.061169057718953306,-0.04717262553410705,-0.07298804075809663
2020-03-31,2020,PERSIST,60,0.11298145506419388,-0.05040937894463167,-0.07033567300596683,-0.05206361072113119,-0.08075024609292186
2020-04-01,2020,PULLBACK,60,0.11089052750992634,-0.13438778868398643,-0.16538307678779576,-0.13963759561428774,-0.17137724139352747
2020-04-02,2020,PULLBACK,60,0.09212730318257956,-0.14017236675376515,-0.14898913312866632,-0.14591578274449518,-0.15483758462312475
2020-04-03,2020,PULLBACK,60,0.06049918610960381,-0.11493875204041137,-0.12770204448326303,-0.1209249468801445,-0.13385961403738417
2020-04-07,2020,PERSIST,60,0.07850672522646174,-0.04644337764660986,-0.060492130908536584,-0.04319141987496661,-0.05766784321525891
2020-04-08,2020,PERSIST,60,0.08374519494783095,-0.04709784751897562,-0.044029166298822475,-0.04282060867879217,-0.03897529728913694
2020-04-09,2020,PERSIST,60,0.06927465362673191,-0.04031422297347172,-0.052937399803314106,-0.041858231109856994,-0.05606536817999167
2020-04-10,2020,PERSIST,60,0.07156462585034018,-0.03864806154882523,-0.04210222593923582,-0.04184868268870489,-0.04664487303168863
2020-04-13,2020,PERSIST,60,0.06219578150351546,-0.03834415594998411,-0.044510790911223855,-0.043294663742747624,-0.05272872233970811
2020-04-14,2020,PERSIST,60,0.06329113924050622,-0.03879156829883482,-0.05227139578228042,-0.049855419042831195,-0.06956697099531492
2020-04-15,2020,PERSIST,60,0.06401944894651534,-0.024035386060231038,-0.039293895799367255,-0.029809176356331735,-0.04926190162582525
2020-04-16,2020,PERSIST,60,0.05826558265582649,-0.020618692253055834,-0.06812238764659839,-0.02704512005981414,-0.08355927710917155
2020-04-17,2020,PERSIST,60,0.07760044028618607,-0.027671688486248656,-0.05588008512058851,-0.03080911971925948,-0.065808433193116
2020-04-20,2020,PERSIST,60,0.07267283614588993,-0.029762581775625213,-0.07032220723642964,-0.03791873410739471,-0.08675227053903094
2020-04-21,2020,PERSIST,60,0.10227889310906124,-0.028940225803097724,-0.06317760120995046,-0.04426654007862151,-0.08747503615272004
2020-04-22,2020,PERSIST,60,0.08594377510040174,-0.008192023266555543,-0.044190089673272565,-0.01542958269664764,-0.058129207924080016
2020-04-23,2020,PERSIST,60,0.09168671478214363,-0.0037308343353930212,-0.017657986445222415,-0.006988210229255927,-0.02362457202092673
2020-04-24,2020,PERSIST,60,0.10682965718841353,0.0029293530626692335,-0.004365299748494686,-0.00022229401674577962,-0.007945714334346085
2020-04-27,2020,PERSIST,60,0.1541565778853915,0.0027248692519571075,-0.004127773551989639,-0.003982368030543125,-0.0137932485400941
2020-04-28,2020,PERSIST,60,0.1322070260123358,4.1271062625362204e-05,0.005424907638013058,-0.0024780101306081863,0.0022176630024319487
2020-04-29,2020,PERSIST,60,0.13063304721030033,6.446750074693905e-05,-0.004116018606092755,-0.004908337482262758,-0.010141799404908574
2020-04-30,2020,PERSIST,60,0.11552828175026675,0.00035415561320609624,0.0015143991898316166,-0.004582089730986759,-0.005005470932556658
2020-05-06,2020,PERSIST,60,0.12861736334405127,-0.0006093808293527307,-0.004749000211173776,-0.004114195331309058,-0.010140878408014864
2020-05-07,2020,PERSIST,60,0.11602649006622512,0.002862948126604851,-0.002876850732992632,0.0032436032958748965,-0.0030755069576537267
2020-05-08,2020,PERSIST,60,0.14609437483337784,0.014552055167138906,0.0053981515356700096,0.015105179271427318,0.005823122205711264
2020-05-11,2020,PERSIST,60,0.1582464581662657,0.016790156098964785,0.025294336676839276,0.014392841013052408,0.02332294028341719
2020-05-12,2020,PERSIST,60,0.1723035952063916,0.015530394074668788,0.019826149969421523,0.016818715230960374,0.021724535351432973
2020-05-13,2020,PERSIST,60,0.14925768822905616,0.019571993347121737,0.022744917745292793,0.023243378940797865,0.028160986905522774
2020-05-14,2020,PERSIST,60,0.13226820324777377,0.019979807109651783,0.022687134338203248,0.02315030733623221,0.027713498837659688
2020-05-15,2020,PERSIST,60,0.03512820512820514,0.02106031525849264,0.022696267881285342,0.024690174553079047,0.02762384273778151
2020-05-18,2020,PERSIST,60,0.05170630816959654,0.024425754122118448,0.03072250347060599,0.025363392128581273,0.0343254992992659
2020-05-19,2020,PERSIST,60,0.05987717502558865,0.017927936036193255,0.029653499508092346,0.020585529046325705,0.03418026357259089
2020-05-20,2020,PERSIST,60,0.05192802056555257,0.021706098073680243,0.035868334117948306,0.020971847587418175,0.03752634587801071
2020-05-21,2020,PERSIST,60,0.09256370254810187,0.017204553270865022,0.029441603127410915,0.0165781926317452,0.029912249941635424
2020-05-22,2020,PERSIST,60,0.09390402075226967,0.01655114519324642,0.029638620822072113,0.01940416982654898,0.03491798991429715
2020-05-25,2020,PERSIST,60,0.04957397366382654,0.010693139656870363,0.02911321372640324,0.014634405590814477,0.03603502767502155
2020-05-26,2020,PERSIST,60,0.06345903771131334,0.020015367748329918,0.030590719694686856,0.02245845268796276,0.037657409049048435
2020-05-27,2020,PERSIST,60,0.04987012987012984,0.014254498019392136,0.035226972621954095,0.017669522160763413,0.04280283938132756
2020-05-28,2020,PERSIST,60,0.05340938553279728,0.017126833157306773,0.03338305436298345,0.02321374080900236,0.045070822620600484
2020-05-29,2020,PERSIST,60,0.04663746457098705,0.01705098650168358,0.030716976179031054,0.02335986043214852,0.04076884008963787
2020-06-01,2020,PERSIST,60,0.05585585585585595,0.019268155434853156,0.023841930110533503,0.021170444476203986,0.027691940801309236
2020-06-02,2020,PERSIST,60,0.059709241952232706,0.01897172104831442,0.03196431443508148,0.021399832093203328,0.037055170798396084
2020-06-03,2020,PERSIST,60,0.08466579292267373,0.016591028394470624,0.030563117709918902,0.01932760538446965,0.0368430919482516
2020-06-04,2020,PERSIST,60,0.07906371911573462,0.00950816313948586,0.025603910721499257,0.008160766784645857,0.026661040533208294
2020-06-05,2020,PERSIST,60,0.09565447800741911,0.011574576727962462,0.02086261743139464,0.00910349015141785,0.02037545979375898
2020-06-08,2020,PERSIST,60,0.07698391774321123,0.007323586246824917,0.021599227415588007,0.009897663683018398,0.026820607666657992
2020-06-09,2020,PERSIST,60,0.06251634841747333,0.009520482559189424,0.019093952755872542,0.007945680752493179,0.02009340696177255
2020-06-10,2020,PERSIST,60,0.06113423517169614,0.012311166637173888,0.015372016951957971,0.007791802489666285,0.012283628561942202
2020-06-11,2020,PERSIST,60,0.05454545454545445,0.014352116992479284,0.010666602570959126,0.007263843012207418,0.002701676726204817
2020-06-12,2020,PERSIST,60,0.052072538860103545,0.014058421013444086,0.007969478542678411,0.006726199264862052,-0.001915900199768535
2020-06-15,2020,PULLBACK,60,0.06845393024466428,0.11072057541813501,0.09792944180143967,0.11194382758383015,0.09933271302386883
2020-06-16,2020,PULLBACK,60,0.06663196251952108,0.08616721367981506,0.08270237845075172,0.08730011317072607,0.08461341089444503
2020-06-17,2020,PULLBACK,60,0.06264621783207702,0.10139298810310583,0.08703026515616663,0.10259641963304156,0.08868784095170905
2020-06-18,2020,PULLBACK,60,0.06802189210320564,0.08611993320059141,0.07933656786704685,0.08672248006769134,0.08056576288330895
2020-06-19,2020,PULLBACK,60,0.04780262143407854,0.08868612962067275,0.08101494381771068,0.0903633005178553,0.08332876906570207
2020-06-22,2020,PERSIST,60,0.04645790554414786,0.029117541156060408,0.030961258502006497,0.02342039265530109,0.025030786445207807
2020-06-23,2020,PERSIST,60,0.03935599284436497,0.029848652834035302,0.035234235970544425,0.02252495933182575,0.027233929152757796
2020-06-24,2020,PERSIST,60,0.04288996681133517,0.0314920164735617,0.038754736686715974,0.02458058251090797,0.03173950989232527
2020-06-29,2020,PERSIST,60,0.0176515732924023,0.03221541997697373,0.03726161982527731,0.024258915641665525,0.02878514994024438
2020-06-30,2020,PERSIST,60,0.012722646310432628,0.03154909924862069,0.037189782094801095,0.024167550633006647,0.029119431755626014
2020-07-01,2020,PERSIST,60,0.004870546013842736,0.031473452305984105,0.03536700772517339,0.026759397027977434,0.029917243742877533
2020-07-02,2020,PERSIST,60,-0.0038294613224405527,0.026507196915464496,0.034324290477633905,0.022506111163049417,0.030070299745001354
2020-07-03,2020,PERSIST,60,0.002556237218813928,0.02604595637560231,0.030210005254412704,0.022226956453921316,0.025969778983407295
2020-07-06,2020,PERSIST,60,0.015093374264517845,0.02751508727707902,0.03134041665200971,0.025056119831612163,0.028877213794506335
2020-07-07,2020,PERSIST,60,0.01425299058284546,0.026690180254996938,0.029688014106693614,0.019956165590046652,0.022455569621597154
2020-07-08,2020,PERSIST,60,0.003800354699772024,0.023509018864801213,0.02564356179694524,0.017678681061119757,0.018995200539502363
2020-07-09,2020,PERSIST,60,0.02108739837398388,0.028695131311958093,0.024519484137127425,0.02453882746768466,0.019938955085522396
2020-07-10,2020,PERSIST,60,0.018791264601320412,0.023072322728357825,0.021487525651572248,0.01805245058022617,0.014709423552028013
2020-07-13,2020,PERSIST,60,0.0005091649694501932,0.033140586159032856,0.03330516727968956,0.03141804010247249,0.03159197088555552
2020-07-14,2020,PERSIST,60,0.0,0.03247231914641556,0.039455077950265496,0.030133387115531412,0.037728075492291215
2020-07-15,2020,PERSIST,60,0.008377760853008454,0.0320602027288056,0.03699714682017965,0.02838012286789369,0.033313911327293874
2020-07-16,2020,PERSIST,60,0.012548015364916898,0.032601581468663744,0.03679800986025973,0.02720927360607857,0.030979505747641772
2020-07-17,2020,PERSIST,60,0.009703779366700749,0.028516258636888225,0.028423796455929684,0.023191428072304315,0.022523885934360423
2020-07-20,2020,PERSIST,60,0.00786602385181423,0.02862618881822113,0.025884849833548957,0.02280596268483743,0.01872544984307891
2020-07-21,2020,PERSIST,60,-0.021658872754122482,0.03092423230036305,0.027373172607047948,0.024788334172936678,0.020200966047415846
2020-07-22,2020,PERSIST,60,-0.025394477317554287,0.03109138121620727,0.021819032173947425,0.020463877609506766,0.008646554927459957
2020-07-23,2020,PERSIST,60,-0.03354554358472073,0.032530814466603476,0.035009512049000296,0.02743446607142629,0.029671120036663785
2020-07-24,2020,PERSIST,60,-0.04729891956782717,0.03882053419511547,0.040635226777819146,0.031422312803141776,0.03291137885943003
2020-07-27,2020,PERSIST,60,-0.07365967365967363,0.03761350296257189,0.03926340089143825,0.026679514775962164,0.026585546799889778
2020-07-28,2020,PERSIST,60,-0.07318806252960697,0.029815012632597906,0.035716600053560095,0.017767659452064096,0.021025460793549146
2020-07-29,2020,PERSIST,60,-0.07330960854092516,0.02820935647858295,0.03545943253670014,0.01876149734474226,0.02372452444849183
2020-07-30,2020,PERSIST,60,-0.06386032049748858,0.02654168794645093,0.041530605509076404,0.017128677812560156,0.03197439352238436
2020-07-31,2020,PERSIST,60,-0.06457739791073125,0.02805805924564824,0.03035874077494214,0.0191290511073979,0.020141343951405682
2020-08-03,2020,PERSIST,60,-0.057678613814383994,0.021129192509195295,0.032318210979075446,0.011954625714375982,0.022004030077427603
2020-08-04,2020,PERSIST,60,-0.08094905792044671,0.021843856774870128,0.03034293785367827,0.016970524440163188,0.026695314166909394
2020-08-05,2020,PERSIST,60,-0.0763904915762752,0.023972526159178574,0.024315097917806016,0.015054046336205697,0.014961843672817566
2020-08-06,2020,PERSIST,60,-0.08814175374829625,0.028272962479228687,0.03378462258876746,0.015792893247837357,0.02081280072195102
2020-08-07,2020,PERSIST,60,-0.11095732410611303,0.027994561976602838,0.04079972819687218,0.017352798434246083,0.029330542231669348
2020-08-10,2020,PERSIST,60,-0.10154984964145275,0.025575849121072185,0.03557707940826142,0.013921212476770407,0.0234979333160885
2020-08-11,2020,PERSIST,60,-0.04260589546693083,0.012313574366783762,0.0240267078271647,0.004139090328401485,0.015657574735188792
2020-08-12,2020,PERSIST,60,-0.04449360865290064,-0.03864349483718346,-0.02735111975000172,-0.05088645476358415,-0.042983135198874665
2020-08-13,2020,PERSIST,60,-0.05721873491067131,-0.040018950290726905,-0.054524758514336934,-0.05176670113321796,-0.06901422010556832
2020-08-14,2020,PERSIST,60,-0.05009775171065489,-0.03884924207070954,-0.04832236274460491,-0.052130576939299206,-0.06377808186648805
2020-08-17,2020,PERSIST,60,-0.08115183246073288,-0.03954764923489304,-0.05590961705451675,-0.05258463968800189,-0.07153877241301278
2020-08-18,2020,PERSIST,60,-0.08655442257529045,-0.03532445807564279,-0.057508248002477745,-0.05235097454366489,-0.07803277304045485
2020-08-19,2020,PERSIST,60,-0.0546125461254614,-0.020205953416452885,-0.0434357068978138,-0.03897013323345507,-0.06557034161061642
2020-08-20,2020,PERSIST,60,-0.058204940083150025,-0.03265700597291328,-0.04249971261782217,-0.05251050085099611,-0.0697679424118498
2020-08-21,2020,PULLBACK,60,-0.06679861454725389,-0.1200012894533653,-0.1378363217690286,-0.11761894921952164,-0.13571524468074717
2020-08-24,2020,PULLBACK,60,-0.08318976126015254,-0.11173241499773193,-0.12356339681926612,-0.10776762985028364,-0.12027799037714972
2020-08-25,2020,PULLBACK,60,-0.08493353028064998,-0.11767062497412746,-0.12418701617000823,-0.11448368568329757,-0.12130980922655873
2020-08-26,2020,PULLBACK,60,-0.09410043881033647,-0.12365949744817036,-0.11379970620299414,-0.12035625355665036,-0.11079045903214063
2020-08-27,2020,PULLBACK,60,-0.10436060754532084,-0.11958533554085354,-0.107221777025569,-0.11718513069276125,-0.104646651940235
2020-08-28,2020,PULLBACK,60,-0.12034799420009656,-0.10271718401314289,-0.11186907948994913,-0.09886747544866537,-0.10844786703057768
2020-08-31,2020,PULLBACK,60,-0.10821884791516023,-0.09176032941340434,-0.09473694614874645,-0.08848612381874443,-0.09153768197893475
2020-09-01,2020,PULLBACK,60,-0.09818621523579196,-0.08922879982125374,-0.09270321819904925,-0.08533214643371091,-0.0887102416050575
2020-09-02,2020,PULLBACK,60,-0.08151774785801713,-0.05898805016774643,-0.0741251242431595,-0.05427632234257426,-0.07025463967350204
2020-09-03,2020,PULLBACK,60,-0.07976366322008865,-0.06185965780863588,-0.07188117682163306,-0.05691740050577331,-0.06756531274201186
2020-09-04,2020,PULLBACK,60,-0.06962490806570232,-0.0685344621932431,-0.06518784117531927,-0.06386288070583478,-0.06085078920844966
2020-09-07,2020,PULLBACK,60,-0.06453201970443345,-0.08597921436757586,-0.08006254895764574,-0.08227296198448629,-0.07652075047428061
2020-09-08,2020,PULLBACK,60,-0.07756710169908887,-0.09871604614744933,-0.0962563355213375,-0.09434724784891604,-0.09160642624529311
2020-09-09,2020,PERSIST,60,-0.08794153471376376,0.021400152290975836,0.03786838473474835,0.00849530580356435,0.02586749440543404
2020-09-10,2020,PERSIST,60,-0.08687164470473396,0.024587153296961733,0.004493283332654415,0.013961569349018786,-0.010379128750164463
2020-09-11,2020,PULLBACK,60,-0.08659491193737767,-0.04745623629878216,-0.06449489435208676,-0.04608343658436162,-0.06295392488437494
2020-09-14,2020,PULLBACK,60,-0.07711078574914587,-0.03534006119113632,-0.04837161928922043,-0.03333658156179735,-0.04617337234226962
2020-09-15,2020,PULLBACK,60,-0.06818739269070395,-0.006638427978428771,-0.017176181845214727,-0.004567985299805302,-0.0150194554285118
2020-09-16,2020,PULLBACK,60,-0.062055432916360065,-0.014599762302472147,-0.014955220969344499,-0.011962835423512428,-0.012101893535558409
2020-09-17,2020,PULLBACK,60,-0.04647160068846812,-0.01463043332040135,-0.020989746648609055,-0.010381581900030908,-0.016460775701424284
2020-09-18,2020,PULLBACK,60,-0.059975520195838405,-0.02077932409150075,-0.026466219344526382,-0.01603094999955729,-0.021441142939788292
2020-09-21,2020,PERSIST,60,-0.03921568627450989,0.02124969628042033,0.014184745185701043,0.008167554758735663,-0.002565715765975595
2020-09-22,2020,PULLBACK,60,-0.0341708542713568,-0.04672834108928278,-0.06291401398809464,-0.04161841547741238,-0.05806502660459964
2020-09-23,2020,WEAK,60,-0.021938775510204067,-0.0007083336793707908,0.021165560944239947,-0.026312369277594096,-0.004310168790036227
2020-09-24,2020,WEAK,60,-0.006919528446950318,0.00871722258750941,0.04140336383350499,-0.008469226278069734,0.020902203504310737
2020-09-25,2020,PULLBACK,60,-0.017848036715961357,-0.053069580416518894,-0.05620315337592831,-0.051145762966080574,-0.05351013204723247
2020-09-28,2020,PULLBACK,60,-0.033014112903225756,-0.046358694903278416,-0.05148451084296743,-0.04379261596619134,-0.04857548272150623
2020-09-29,2020,PULLBACK,60,-0.02961104140526971,-0.033683358868324645,-0.028505980860342457,-0.03258152124365845,-0.02691981339717632
2020-09-30,2020,PULLBACK,60,-0.016405855628470523,-0.04215070024944155,-0.04364716342864118,-0.04214030493164595,-0.043166445389420285
2020-10-09,2020,PULLBACK,60,-0.023886538940034896,-0.050611599934534256,-0.05711260725785583,-0.05158738300382118,-0.057476918674207095
2020-10-12,2020,PULLBACK,60,-0.020189431704885186,-0.0430612434595944,-0.06504132076604374,-0.04078918947920373,-0.0621797135355877
2020-10-13,2020,PULLBACK,60,-0.010432569974554773,-0.047240377548542115,-0.06544117583892711,-0.044046373891654333,-0.062056254195469736
2020-10-14,2020,PULLBACK,60,-0.014690982776089156,-0.05181334556639124,-0.07743853313657337,-0.04932246700079155,-0.07488356117022081
2020-10-15,2020,PULLBACK,60,-0.06092648539778445,-0.05336149993150738,-0.0684643907537541,-0.050111726055983574,-0.06490630028483943
2020-10-16,2020,PULLBACK,60,-0.046788062721294876,-0.04260059044008817,-0.05802321843352162,-0.03752977066465157,-0.0526687068128604
2020-10-19,2020,PULLBACK,60,-0.03818917551846235,-0.041576026425372246,-0.05831019426742303,-0.037287319792755666,-0.0536262898505553
2020-10-20,2020,PULLBACK,60,-0.04431017119838876,-0.04848174589445954,-0.059924007881140266,-0.04269962871050899,-0.05396673492867685
2020-10-21,2020,PULLBACK,60,-0.04603773584905668,-0.049256433943384983,-0.056433839479334696,-0.04390366648283388,-0.050730279942699893
2020-10-22,2020,WEAK,60,-0.053630154313179745,0.004744508931964809,0.025917751406986923,-0.029995637996575574,-0.007706944614084936
2020-10-23,2020,WEAK,60,-0.039016974917658986,0.008091731528827788,0.024185831245486393,-0.022693345916570226,-0.004295504109868894
2020-10-26,2020,WEAK,60,-0.04485887096774188,0.01587260719153764,0.03164693131754718,-0.005855902427966686,0.009764756699425479
2020-10-27,2020,WEAK,60,-0.04051333668847512,0.00950223121826727,0.013780991850613863,-0.008285201846003882,-0.0029106239987189662
2020-10-28,2020,WEAK,60,-0.026066956299514388,-0.008910845518314583,-0.00879852773914739,-0.030641356619358615,-0.024941653717169044
2020-10-29,2020,WEAK,60,-0.025345622119815725,-0.005930633471234171,0.003356171941471678,-0.02805692756419814,-0.016337960446521325
2020-10-30,2020,START,60,-0.03014818599897806,0.04592411355413048,0.0473672686140774,0.030909639614862153,0.030983869676932733
2020-11-02,2020,START,60,-0.041370558375634525,0.043297459810233724,0.03922317836166976,0.026937321568572876,0.02409841446037915
2020-11-03,2020,START,60,-0.051133501259445935,0.04205327970457769,0.04245159769070929,0.02347224425903198,0.022014591264238284
2020-11-04,2020,WEAK,60,-0.04758289040749186,-0.008783208364806375,0.016261581050893818,-0.040662180959325056,-0.016864208843918316
2020-11-05,2020,WEAK,60,-0.055972013993003444,-0.0071134076140920155,-0.00699946831328477,-0.04414529738461949,-0.04334886188752043
2020-11-06,2020,START,60,-0.049576482311908365,0.0455031857404742,0.047552299171081606,0.018476639590946607,0.021766997844976814
2020-11-09,2020,WEAK,60,-0.02568759730150494,-0.006284444408458973,-0.009607246180243067,-0.04086644151371528,-0.04303614640676111
2020-11-10,2020,WEAK,60,-0.035530381050463467,0.01703845016835796,-0.005778463744606357,-0.011982261798041204,-0.03145108446628293
2020-11-11,2020,WEAK,60,-0.047865459249676556,0.014233181874738633,0.0032686176337838393,-0.01933857095378604,-0.02538717916991267
2020-11-12,2020,WEAK,60,-0.04605093902752766,0.018880977843624636,0.038223182500886646,-0.00815070788202606,0.012092927473452447
2020-11-13,2020,WEAK,60,-0.041741357234314935,0.01330994322510477,0.030612258715100447,-0.011144339276870075,0.007861008900131878
2020-11-16,2020,WEAK,60,-0.03730383329045539,0.01715794574135732,0.019675396427810417,-0.011058151323509301,-0.00657632388173524
2020-11-17,2020,WEAK,60,-0.05594405594405594,0.016515251934554408,0.011985779060103958,-0.010456099525418662,-0.014538174555568599
2020-11-18,2020,WEAK,60,-0.05789200415368634,0.023642325058303753,0.02476574200956935,-0.005157602753859153,-0.004021148291995524
2020-11-19,2020,WEAK,60,-0.04657819411917763,0.02708543389833035,0.024812158200718942,0.0012039427281279082,6.348683476273612e-05
2020-11-20,2020,WEAK,60,-0.038171903401713836,0.02424540710585625,0.03134214203257437,0.001654077598260001,0.010695500922150658
2020-11-23,2020,WEAK,60,-0.016702014846235347,0.017842007847626636,0.024111105928674603,-0.008550357364753111,-0.00022953693137650177
2020-11-24,2020,WEAK,60,-0.011006711409395908,0.04470056845129769,0.05319800064586588,0.01834572982834938,0.02582013800069258
2020-11-25,2020,WEAK,60,-0.018025289211729967,0.05351532000909838,0.05562273961185167,0.02718218527498503,0.029900240764363567
2020-11-26,2020,WEAK,60,-0.038751345532830994,0.04747695707901552,0.04828521790656999,0.01539667078503526,0.019956845263658474
2020-11-27,2020,WEAK,60,-0.03172866520787754,0.04390715650755085,0.04969416029172078,0.008756295143485297,0.0177455269434956
2020-11-30,2020,WEAK,60,-0.023626373626373653,0.06516530554307218,0.07115048406345925,0.03624860949642939,0.04250311281637484
2020-12-01,2020,WEAK,60,-0.04918918918918924,0.06336289061834066,0.06699937848483403,0.03773737613371561,0.040594130038008616
2020-12-02,2020,WEAK,60,-0.07026012335746845,0.058333879176616296,0.0610531873954884,0.03211603997437963,0.03493753059139201
2020-12-03,2020,WEAK,60,-0.06103411513859269,0.04899397306246975,0.05445500639552653,0.01666885299395515,0.023818350570896315
2020-12-04,2020,WEAK,60,-0.0666131621187801,0.051097302729069066,0.061384596385974946,0.030265050205880554,0.03929991371156133
2020-12-07,2020,WEAK,60,-0.0653491436100131,0.05616629369277826,0.05169453251732607,0.035385124029604406,0.03009772970304293
2020-12-08,2020,WEAK,60,-0.0629278567667193,0.03284925735928087,0.032291938635704065,0.003950431430187914,0.00909257248549147
2020-12-09,2020,WEAK,60,-0.051521623064602284,0.034645877473500716,0.04652519121522307,0.008319416045493525,0.022066710537677163
2020-12-10,2020,WEAK,60,-0.04567307692307698,0.03954754360176978,0.04401758527208175,0.013465362050045476,0.02017488610408101
2020-12-11,2020,WEAK,60,-0.0454302512025655,0.04162012669574723,0.043619318749234984,0.018504448071078226,0.02106438734354929
2020-12-14,2020,WEAK,60,-0.043920728441349755,0.04144666143309367,0.03781515298092511,0.022331200526275796,0.0197264073606422
2020-12-15,2020,WEAK,60,-0.04494976203067158,0.033942103306632374,0.030835481430034957,0.017770273085176955,0.017979559875617505
2020-12-16,2020,WEAK,60,-0.060542247959989415,0.027308610973486885,0.013720911421411098,0.011979606480931604,0.0014370192272678039
2020-12-17,2020,WEAK,60,-0.0635460251046025,0.024590956342620384,0.014537650965062408,0.006967089041138243,-0.0009179135378279647
2020-12-18,2020,WEAK,60,-0.07916451779267664,0.02034229537201883,0.019573703716153322,0.0009680044563282735,0.0013063452803585701
2020-12-21,2020,START,60,-0.07109374999999996,-0.012310715706460047,-0.010324084869490635,-0.027216438081668497,-0.02535493936448722
2020-12-22,2020,START,60,-0.061224489795918324,0.014845550859476971,0.015410239878598207,0.0016254608757975686,-0.0029142544074643433
2020-12-23,2020,START,60,-0.06841831425598333,0.011741621251404578,0.012554686887925971,-0.002980019829326974,-0.005232833245003114
2020-12-24,2020,START,60,-0.06624934793948878,0.002317250112028664,-0.0018589221307466527,-0.015339825892273,-0.02160981337346364
2020-12-25,2020,START,60,-0.08180645161290323,-0.005157755602677377,-0.006971021708767181,-0.026375030965453232,-0.02966340015902641
2020-12-28,2020,START,60,-0.09112149532710279,0.03005070622873467,0.03646214042566083,0.00695462046516649,0.009589325168902634
2020-12-29,2020,START,60,-0.07792546260099042,0.023142087821499905,0.018312036908305664,0.0020130541239524267,-0.0006906543496681371
2020-12-30,2020,START,60,-0.06826997672614421,0.029489635962633622,0.021439353422914285,0.011678970481771796,0.00443437001544323
2020-12-31,2020,START,60,-0.07441621760328443,0.026768101587018596,0.023239630765944496,0.014026832003525964,0.011017149266736513
2021-01-04,2021,START,60,-0.08182513382615353,0.017750456910613475,0.025206038973603143,0.0011631280241732947,0.008616926919688236
2021-01-05,2021,START,60,-0.0852200457898753,0.02506110436895242,0.027068649582355178,0.0032387340606705624,0.004619083975130372
2021-01-06,2021,START,60,-0.06376960658266906,0.019879568893185155,0.011010893631189834,0.000797679679521681,-0.007471448715656401
2021-01-07,2021,START,60,-0.07069408740359895,0.0166730013011261,0.013546271327672709,-0.002399778895832509,-0.006638228449324971
2021-01-08,2021,START,60,-0.04021447721179627,0.024975992564925772,0.024406893139442432,0.009430652802664176,0.006793402980398792
2021-01-11,2021,START,60,-0.041124966834704235,0.02585887584164655,0.015303965742730633,0.010688019502750523,-0.0037805396074571795
2021-01-12,2021,START,60,-0.05390481199053376,0.023553102735498394,0.02992021376142891,0.008487579541047879,0.01587213921676367
2021-01-13,2021,START,60,-0.039778714436248586,0.020432153240068453,0.018293630045588562,0.0015448168881606016,0.0013792608644432082
2021-01-14,2021,WEAK,60,-0.031909282700421926,0.018544425706706735,0.0036924837816001005,0.005946504225605472,-0.010405952351455541
2021-01-15,2021,WEAK,60,-0.02566158781074579,0.0210423028303521,0.004876354563165366,0.009789081088563377,-0.007589400976790893
2021-01-18,2021,WEAK,60,-0.035855523332454564,0.03013896503679002,0.0038370233774514644,0.020887112220616635,-0.008988920945261273
2021-01-19,2021,WEAK,60,-0.028232189973614874,0.03325554782953216,0.02494627123629617,0.026442610743532536,0.01707384996044835
2021-01-20,2021,WEAK,60,-0.036978756884343045,0.02405220604569955,-0.013129670260173964,0.011182234173177376,-0.024288894707042003
2021-01-21,2021,START,60,-0.0419837313041197,0.0056015501827447155,0.011211408693924271,-0.010261539709223163,-0.0034966906718031654
2021-01-22,2021,WEAK,60,-0.04018912529550833,0.020851469646617608,0.007202458347462609,0.0058780313078938985,-0.008086229964614777
2021-01-25,2021,WEAK,60,-0.04214963119072701,0.026425053769530433,0.012450442582736476,0.01880056260654217,0.0033450900080114615
2021-01-26,2021,WEAK,60,-0.029917924278527908,0.02710317318539683,0.006497536054970714,0.01781788622650374,-0.0031965596799342286
2021-01-27,2021,WEAK,60,-0.03822670560127417,0.02781127150986619,0.00163123811951503,0.014652776982708162,-0.011725504673067738
2021-01-28,2021,WEAK,60,-0.02630879617326598,0.030003691251348268,0.0016225822420539784,0.022571020154919533,-0.005421851441146826
2021-01-29,2021,WEAK,60,-0.01641079936474321,0.031244131286163063,0.0005155366368305679,0.021960967171227714,-0.009642558825827749
2021-02-01,2021,WEAK,60,-0.023853211009174258,0.034002819383292526,0.001943073915376979,0.021943434834969196,-0.01319926636568318
2021-02-02,2021,WEAK,60,-0.006391478029294295,0.041764372133062014,-0.012381951999520226,0.040113660504433594,-0.014962812897653652
2021-02-03,2021,WEAK,60,-0.00560597971169241,0.04654997011316359,-0.004328216010554196,0.046423559784141845,-0.005338823411921545
2021-02-04,2021,WEAK,60,0.010597826086956363,0.0467683505372176,-0.0008057305766010422,0.04515234047943486,-0.0023719686013814537
2021-02-05,2021,WEAK,60,0.0029665587918015213,0.04800611434371325,0.012993059883321188,0.04638739720774435,0.012826686841108404
2021-02-08,2021,WEAK,60,0.010422234099412009,0.021289683292244253,-0.012612855842213177,0.016966638608798552,-0.011500012575419294
2021-02-09,2021,WEAK,60,0.016301443078567512,0.020395452918888786,0.007307305498575245,0.010992615583791011,-0.0030898157709718065
2021-02-10,2021,WEAK,60,0.04115226337448563,0.01984882183076215,-0.001552323448646399,0.011985036747016842,-0.009936824063095366
2021-02-18,2021,WEAK,60,0.04877376687792778,0.04246157576954845,0.02014787491536449,0.033078876195373544,0.00932297553549697
2021-02-19,2021,WEAK,60,0.04012008733624439,0.047762671341524045,0.04580416112582207,0.04341689430719278,0.03968389042644399
2021-02-22,2021,WEAK,60,0.035637149028077575,0.0380455842239194,0.03956809317877609,0.03008607046208419,0.03304445323848249
2021-02-23,2021,WEAK,60,0.021838770558101794,0.03127910452159907,0.029437700723484807,0.022221171769841026,0.02178729661566701
2021-02-24,2021,WEAK,60,0.0469598262757871,0.02892767756284091,0.029801276863435193,0.02194275138646967,0.022742364641317164
2021-02-25,2021,WEAK,60,0.04739726027397251,0.04301348168496051,0.03935585394955792,0.03736000371373488,0.029724704355973332
2021-02-26,2021,WEAK,60,0.07082866741321392,0.05275953588541863,0.05707187630733272,0.05284047926749661,0.05698467828356128
2021-03-01,2021,WEAK,60,0.08361581920903949,0.05217402940649664,0.06467214175981942,0.047204365084096214,0.06159763113414438
2021-03-02,2021,WEAK,60,0.0801913337084974,0.059716286409730146,0.08305564459507558,0.05670243818836548,0.08072028857872596
2021-03-03,2021,WEAK,60,0.08811824900511667,0.05617756145016866,0.07091007590656119,0.05472709190023748,0.07146087850489483
2021-03-04,2021,WEAK,60,0.09662532448802996,0.06486070553330377,0.07025975286530611,0.06047732392100427,0.06622135875603358
2021-03-05,2021,WEAK,60,0.05449900652852668,0.0773297536071283,0.08922206583957445,0.0782651294258873,0.0883655142807425
2021-03-08,2021,WEAK,60,0.07738607050730861,0.07718940814878977,0.09484556586832008,0.08473432898004497,0.10147770562117918
2021-03-09,2021,WEAK,60,0.07104595432760075,0.076817004065734,0.07732618126894822,0.08531336985237356,0.08516753495547355
2021-03-10,2021,WEAK,60,0.0615341388030346,0.0670148789537987,0.08053861288602882,0.07149438473550011,0.08693482198762753
2021-03-11,2021,WEAK,60,0.06023079088094563,0.057850779555295884,0.07183835713004781,0.05752795751835579,0.07192191818370326
2021-03-12,2021,WEAK,60,0.06213266162888331,0.06012289029571631,0.0810421786962042,0.0559139639051658,0.07651738157903694
2021-03-15,2021,WEAK,60,0.04143337066069441,0.05773606106829519,0.10061241454165099,0.058116728777198035,0.10152042657170518
2021-03-16,2021,WEAK,60,0.041456582633053296,0.06260588067383682,0.09123482717255477,0.0659807185355516,0.09291977147077324
2021-03-17,2021,WEAK,60,0.016888150609080776,0.06055757854819111,0.07740105565300359,0.06730725364303723,0.08521345762839816
2021-03-18,2021,WEAK,60,0.015690669655365586,0.03348109857770099,0.03632411597627307,0.03530234328934412,0.04314348183101026
2021-03-19,2021,WEAK,60,0.009494554593689086,0.03657624161153582,0.05217080804215837,0.036480558468454986,0.050881787574967065
2021-03-22,2021,WEAK,60,0.019882385886306198,0.04587591301753238,0.07228781912767587,0.047515332013308764,0.07272622603258952
2021-03-23,2021,WEAK,60,0.020465377067563795,0.050330596776991476,0.05733870531594827,0.05111386565311803,0.05666064303809397
2021-03-24,2021,WEAK,60,0.012263099219620877,0.04708101728656811,0.04741515972062767,0.05096807049361619,0.05149589150371342
2021-03-25,2021,WEAK,60,0.011728567439262871,0.03656152497151938,0.037635290633445694,0.04311206157140785,0.046297221233987725
2021-03-26,2021,WEAK,60,0.010614525139664766,0.027745082727432608,0.028585444996991727,0.030613156900941168,0.032888779143261174
2021-03-29,2021,WEAK,60,0.017144463181562708,0.02585815695824647,0.03427695460199526,0.028206860411262538,0.03654430308243374
2021-03-30,2021,WEAK,60,0.027135104255926912,0.022789252181047628,0.02928787212571011,0.0312454334159541,0.04007679370756754
2021-03-31,2021,WEAK,60,0.020350480497456136,0.033461924569432165,0.058476505510703616,0.04227237357231982,0.06619657820385944
2021-04-01,2021,START,60,0.010269220094365705,0.03071926426944479,0.04348663845679974,0.03883407204212374,0.05143808963352222
2021-04-02,2021,START,60,0.012198502911006326,0.028989084530303043,0.03692175123520527,0.03251520591557636,0.040187855338898515
2021-04-06,2021,START,60,0.013603553581343686,0.03794440648954382,0.030042945467400533,0.04192768212253845,0.03414874401243069
2021-04-07,2021,START,60,0.022246941045606317,0.036328367132262375,0.03820764243012802,0.029139970175739598,0.032513831460987117
2021-04-08,2021,START,60,0.010711343037627108,0.033439462052726784,0.0260022662393052,0.03424712493141864,0.028385587497404115
2021-04-09,2021,START,60,0.019087136929460513,0.03084384148409271,0.02508304514102357,0.0363115148636927,0.02782656190775487
2021-04-12,2021,START,60,0.03100558659217878,0.040419289068177607,0.04563368389242455,0.04718831224253223,0.04976877360060868
2021-04-13,2021,START,60,0.019369120088544634,0.022519661609016486,0.013840323558049357,0.026429706047860973,0.01848348266517874
2021-04-14,2021,START,60,0.023624235686492412,0.0199222414848267,0.02313600750389085,0.02108199325020942,0.024406916866197184
2021-04-15,2021,START,60,0.019204389574760006,0.018788927878044398,0.017034040407159817,0.018362754707806767,0.016941174972994587
2021-04-16,2021,START,60,0.013347861618087764,0.008295103785378424,0.008621084076971765,0.008153409622286435,0.009303225463342888
2021-04-19,2021,START,60,0.015089163237311354,0.006490772144078866,0.010220422328098533,0.0014132169174070918,0.006191509078856025
2021-04-20,2021,START,60,0.01312551271534046,0.0075312454714623195,0.005577609056258824,0.0005439827944643903,-0.0010546563249177326
2021-04-21,2021,START,60,0.0005430355688298416,0.003254236531979038,0.004121482958682631,-0.006674554208875319,-0.006587498158459945
2021-04-22,2021,START,60,-0.0013616557734206225,0.004310697912401528,0.005668104059776357,-0.009591745066680679,-0.008431560665892235
2021-04-23,2021,START,60,0.006573541495480617,0.01254962129983335,0.009682965678384094,-0.00019356846005813208,-0.0038993018022774675
2021-04-26,2021,START,60,0.00738916256157629,0.015249606501054908,0.015926223743042898,-0.0011259663588215757,-0.0010922047582258912
2021-04-27,2021,START,60,0.010726072607260662,0.010036522450786976,0.011176646799331391,-0.008148056428009028,-0.004926462218069328
2021-04-28,2021,START,60,0.008460698689956248,0.02246871206759654,0.02783215160708512,-0.00020464843932663582,0.0034297971449826284
2021-04-29,2021,START,60,0.025117306099917025,0.024556435184760007,0.03385448583696754,-0.0010166728028035595,0.008405922812903012
2021-04-30,2021,START,60,0.015556768558951939,0.024206045937873764,0.013774346307978644,0.003380836008206191,-0.004966077062962818
2021-05-06,2021,START,60,-0.008342303552206665,0.014726054042114762,0.015856705612005348,-0.006457577863139049,-0.0027234480964043566
2021-05-07,2021,START,60,-0.011278195488721887,0.016545963286287785,0.024385374798167093,-0.009049035982288147,-0.00030335431553378533
2021-05-10,2021,START,60,-0.013133208255159512,0.006968298736437745,0.005577448389060706,-0.02127685184222239,-0.021140023069390824
2021-05-11,2021,START,60,-0.009664429530201302,0.0032609947868366546,0.001080227018043646,-0.024862743616261326,-0.02778481864322885
2021-05-12,2021,PERSIST,60,-0.01425114278031725,0.023536098209116584,0.025134928166462824,0.00976038161782794,0.01200660199221043
2021-05-13,2021,PERSIST,60,-0.04409787577305724,0.017166576859997715,0.02314846850789389,0.0075747295161755525,0.01298189100422502
2021-05-14,2021,PERSIST,60,-0.05924358635281679,0.012181044728656444,0.015103288638165697,0.0031849248731558952,0.0061313341154994455
2021-05-17,2021,PERSIST,60,-0.06863002892453329,0.01468414947639467,0.014323230062845147,0.004957747852648813,0.005582292337486052
2021-05-18,2021,PERSIST,60,-0.05797101449275355,0.01429685273741553,0.016987383297284473,0.005547132017266344,0.00938155490327898
2021-05-19,2021,PERSIST,60,-0.057015239096164017,0.008355865769234408,0.010612929680593897,-0.0033364148559669408,-0.000553715695399885
2021-05-20,2021,PERSIST,60,-0.046182104434531634,0.00992407313390834,0.012510267800789997,0.0001698782068008664,0.0035627908051035
2021-05-21,2021,PERSIST,60,-0.049791449426485834,0.0076667091283699786,0.014542388786416864,0.0003517374026000518,0.007582483592549825
2021-05-24,2021,PERSIST,60,-0.034828496042216384,0.00874649963311052,0.015026025604508443,0.003626535089992125,0.010347885848854066
2021-05-25,2021,PERSIST,60,-0.05289084780917819,0.009988934481822236,0.018395166061188656,0.0037520740038952324,0.012977392560880287
2021-05-26,2021,PERSIST,60,-0.04472927020664397,0.006431338590548277,0.010039743984896961,-0.0016957957648499403,0.003147207212500734
2021-05-27,2021,PERSIST,60,-0.04941176470588238,0.00241918032793656,0.008007674615144181,-0.00850650113520609,-0.002284248938249276
2021-05-28,2021,PERSIST,60,-0.04144942648592276,0.0032162658116316207,0.007011382264764577,-0.006206221511090959,-0.0019282611510703703
2021-05-31,2021,PERSIST,60,-0.043500911695754096,-0.0024384452596759535,-0.0025298329349420544,-0.015459321616043199,-0.015311977802053633
2021-06-01,2021,PERSIST,60,-0.04493207941483801,-0.0014186645306246744,-0.0040390261452495045,-0.013146405009773748,-0.01516014135284565
2021-06-02,2021,PERSIST,60,-0.03603366649132034,-0.0034552238930091444,0.0014689898945563348,-0.011633052093716659,-0.00744967172255561
2021-06-03,2021,PERSIST,60,-0.0024226110363391173,-0.0025792141214218706,-0.006048427122090075,-0.011690903612514732,-0.014940371021297395
2021-06-04,2021,PERSIST,60,-0.01862197392923648,0.006058645768975966,0.005029431216229766,0.0010330521170966982,0.000340677908146559
2021-06-07,2021,PERSIST,60,-0.02869176098973414,0.003611842661203459,0.0018687816875974485,0.002909544538820508,0.0011997206013773642
2021-06-08,2021,PERSIST,60,-0.023557437797776637,0.002662753678539175,0.0019516388230289379,0.0009805518828783812,0.0005243769654487713
2021-06-09,2021,PERSIST,60,-0.023360764534112066,0.009299835308871698,0.006110465727542392,0.00786768178252505,0.006070812896688295
2021-06-10,2021,PERSIST,60,-0.022397891963109373,0.007262300800553859,0.0062170258039037545,0.00030093019821445313,-0.0005203428920380927
2021-06-11,2021,PERSIST,60,-0.0024193548387098085,0.01227934631772419,0.007053830296634274,0.0051124376856877835,0.00048757405732881114
2021-06-15,2021,PULLBACK,60,-0.015868746637977438,0.011959274075311227,0.0022435398646999906,0.002071510444650114,-0.005513012977293531
2021-06-16,2021,PULLBACK,60,-0.009528995371630877,0.014565046069512207,0.010907096090451714,0.005785414377386844,0.003340549994708399
2021-06-17,2021,PULLBACK,60,0.006068965517241232,0.013453757012051797,0.0047640204141613214,0.013439994832732286,0.0067248263958636515
2021-06-18,2021,PULLBACK,60,0.006915629322268302,0.017619345039407534,0.014924362025685584,0.016465104543256587,0.014799033094422787
2021-06-21,2021,PULLBACK,60,-0.0002745744096649405,0.022763587485015495,0.020244221308586798,0.022673362700773123,0.020512257451580057
2021-06-22,2021,PULLBACK,60,0.00659340659340657,0.023117717466790727,0.03127958612064396,0.022828384929606843,0.030737434006536998
2021-06-23,2021,PULLBACK,60,0.0019273127753303143,0.019536209405279364,0.020674988398084827,0.02690086419516327,0.027740747262769913
2021-06-24,2021,PULLBACK,60,-0.007452387524151338,0.023472851537617207,0.027328702487781385,0.030016034464283352,0.03394912183928678
2021-06-25,2021,PULLBACK,60,0.003869541182974112,0.022726957189184993,0.02377380133057182,0.032625317563115624,0.033344175056107886
2021-06-28,2021,PULLBACK,60,-0.0019342359767892114,0.01969008449360664,0.01778776411618923,0.02940649022351368,0.027047210705917358
2021-06-29,2021,PULLBACK,60,-0.0050055617352614545,0.031795842332037416,0.0274290975547484,0.04267916779457234,0.037949735686625845
2021-06-30,2021,PULLBACK,60,-0.005540166204986208,0.04227430928753051,0.03775554987229764,0.050929829950722746,0.04617297836077182
2021-07-01,2021,PULLBACK,60,-0.016483516483516536,0.020444973856066265,0.025435160424447576,0.029717282586640914,0.03306660823910973
2021-07-02,2021,PULLBACK,60,-0.02629416598192269,0.01060887450368075,0.009527676818778481,0.021387095719557,0.019574259227187092
2021-07-05,2021,PULLBACK,60,-0.027663653793481235,0.010490924396326918,0.010516267160301776,0.017497997312842725,0.01641593675321463
2021-07-06,2021,PULLBACK,60,-0.02611534276387384,0.010903223050395938,0.015093728081482257,0.017613098341430884,0.020407534322830802
2021-07-07,2021,PULLBACK,60,-0.02527173913043479,0.013281929082688935,0.013356025565047657,0.023083892735127398,0.022561625757100648
2021-07-08,2021,PULLBACK,60,-0.028230184581976125,0.009099280421195795,0.0005202806637149399,0.01692942778864174,0.008359420400996005
2021-07-09,2021,PULLBACK,60,-0.027092928745597322,0.009290147704362879,0.005939671468547588,0.02260468390453845,0.01859876153159027
2021-07-12,2021,PULLBACK,60,-0.013843648208469062,0.01575617001448563,0.01170823766711233,0.027702059381478943,0.023166741880073085
2021-07-13,2021,PULLBACK,60,-0.011403746945424897,0.0016866354733316036,-0.0025304521199407816,0.0125030231455211,0.007565694534025687
2021-07-14,2021,PULLBACK,60,-0.03337819650067286,0.0015567366389167229,0.0017930668367227337,0.01098102573969786,0.010291479541620784
2021-07-15,2021,PERSIST,60,-0.03655913978494629,0.016387776083009238,0.01279845604366502,0.021588791693736367,0.017494938423350218
2021-07-16,2021,PERSIST,60,-0.03405405405405415,0.013680458881245153,0.011209393863195033,0.01805504200001948,0.014706154215836865
2021-07-19,2021,PERSIST,60,-0.02941970310391362,0.01446391502965515,0.009997126816286008,0.020421005451351816,0.014953472457723027
2021-07-20,2021,PERSIST,60,-0.02279511533242884,0.01606694185861908,0.009134839602206896,0.023235045835775583,0.015445132794078133
2021-07-21,2021,PERSIST,60,-0.016634851377147486,0.01687900305713845,0.012323839234924036,0.021957226408368002,0.016556100762474567
2021-07-22,2021,START,60,-0.01224489795918371,0.010934871695037124,0.009691367860173357,0.002924659031405515,9.61223971466408e-05
2021-07-23,2021,PERSIST,60,-0.0230915512089106,0.013423599159180465,0.004547728273364698,0.018335649878722292,0.009003229749907547
2021-07-26,2021,PERSIST,60,-0.017687074829931926,0.01592103642523767,0.006985490755275972,0.02118204853213824,0.011935365921114176
2021-07-27,2021,PERSIST,60,-0.019485791610284076,0.013682793376498768,0.010219165795556377,0.0208835719533755,0.01587390450991502
2021-07-28,2021,PERSIST,60,-0.03231017770597744,0.012139116514634188,0.003442482015791868,0.022887067941931922,0.013376487197609296
2021-07-29,2021,PERSIST,60,-0.031174415479709783,0.013851087540347317,0.003121573115153726,0.01899413805417377,0.007409972814684522
2021-07-30,2021,PERSIST,60,-0.023066485753052923,0.015615081848646163,0.009599829202412948,0.017214841343109445,0.010078656305835428
2021-08-02,2021,START,60,-0.027430744160782172,0.013465108565454104,0.004995159072203912,0.007085528505565682,-0.0025990592845537685
2021-08-03,2021,START,60,-0.017925040738728915,0.014533274611079793,0.009253788624509932,0.012583865809017238,0.009007641621022779
2021-08-04,2021,START,60,-0.004337218758471151,0.016043280678619196,0.0161967707243647,0.011001605008685973,0.01046736689548745
2021-08-05,2021,START,60,0.002454991816693841,0.019863816469310153,0.0193291519929939,0.015118423922211155,0.014085544348313581
2021-08-06,2021,WEAK,60,0.033755274261603185,0.003708716744555533,0.01084068602787832,-0.003897815291873934,0.003446288539903676
2021-08-09,2021,WEAK,60,0.04470059038515606,0.030676389911514033,0.02034734852192167,0.02829343492123646,0.01638063811071535
2021-08-10,2021,WEAK,60,0.05307735742518349,0.03834039073205333,0.03900996330022233,0.03741590660147642,0.03788433256506399
2021-08-11,2021,WEAK,60,0.04307692307692301,0.040526864817406257,0.033241761277003276,0.03950178703544156,0.03261922680239429
2021-08-12,2021,WEAK,60,0.040401225968236254,0.038958236367564424,0.030345462405823462,0.03922428355930353,0.03061549261182976
2021-08-13,2021,WEAK,60,0.022558459422283406,0.03605301651872278,0.014776955147355905,0.03584523826598717,0.014870370219322953
2021-08-16,2021,WEAK,60,0.026063100137174278,0.029782007682914467,0.0068559496274106764,0.02493734786064869,0.0008548710459212816
2021-08-17,2021,WEAK,60,0.020776380535811878,0.02973297144827495,0.026119089478264447,0.021769299536834385,0.016406025139095018
2021-08-18,2021,WEAK,60,0.014508623049548364,0.026194048675700292,0.017784288721113248,0.021035074118913512,0.012012382137562533
2021-08-19,2021,WEAK,60,-0.00027382256297925345,0.02366420760526383,0.014599821831158308,0.02104875189769323,0.013070435597289987
2021-08-20,2021,WEAK,60,-0.005775577557755707,0.022140857872371668,0.016229005470922868,0.020668789169373075,0.014104938112514977
2021-08-23,2021,WEAK,60,-0.017133532771280935,0.022057996505078212,0.014032244175624889,0.021145394100053394,0.013039421754587693
2021-08-24,2021,START,60,-0.016067538126361747,0.02429224495513933,0.03114696775292555,0.02089870248065885,0.026679693045451158
2021-08-25,2021,WEAK,60,-0.010393873085339234,0.021644851667399552,-0.007465426155966556,0.009895231440349407,-0.020510818752303386
2021-08-26,2021,WEAK,60,-0.019918144611186905,0.022893906592340092,-0.0011122047765581289,0.017398431371327926,-0.007592694447921822
2021-08-27,2021,WEAK,60,-0.03615758229897459,0.016856274278188667,-0.0009622916613622329,0.017000812428871533,-0.0005706783833996781
2021-08-30,2021,START,60,-0.029005150447275696,0.005894933794889117,0.012565578017561715,0.0020115746885564717,0.008534567388213737
2021-08-31,2021,START,60,-0.03468834688346889,0.012666589982308938,0.012165456499187518,0.009255420446440968,0.007987474938098501
2021-09-01,2021,START,60,-0.027920845757657964,0.013375516921211052,0.013130947021910656,0.008831844630706527,0.009911555896825661
2021-09-02,2021,START,60,-0.02609404729546061,0.011693669558138586,0.0121489900472945,0.00721316426089902,0.00836965303491196
2021-09-03,2021,START,60,-0.03315363881401612,0.01632270589788959,0.01893181135042954,0.010554677257150263,0.011781658145619954
2021-09-06,2021,START,60,-0.03583939638911349,0.04669791580356258,0.06228012690543465,0.03478145727961694,0.049007945696650075
2021-09-07,2021,START,60,-0.021317299808690904,0.038064858576838556,0.03817489607774715,0.025501282260056716,0.02516733895386824
2021-09-08,2021,START,60,-0.014293567894447468,0.03758247254082546,0.032390365317075655,0.027779711630747456,0.022141399208475656
2021-09-09,2021,START,60,-0.01508088840142574,0.025381364403484964,0.017042779655802517,0.01759639991811221,0.009895226674457861
2021-09-10,2021,PERSIST,60,-0.021428571428571463,0.01643285296630248,0.010367741973741696,0.018112680260279717,0.011768996595239212
2021-09-13,2021,PERSIST,60,-0.018676187860477866,0.017907131245143607,0.015140079614872851,0.019932934048310973,0.01653163379254132
2021-09-14,2021,PULLBACK,60,-0.013373362445414871,-0.02101476716459849,-0.0183391065119624,-0.024345038437957205,-0.021685939096545554
2021-09-15,2021,PULLBACK,60,-0.004396812311074361,-0.022485084974372255,-0.01642289880596197,-0.02930430090820338,-0.02332441927470953
2021-09-16,2021,WEAK,60,0.0016685205784203738,0.001143998854174549,0.0013515567717837865,-0.009990689669283079,-0.010409620353748664
2021-09-17,2021,WEAK,60,-0.009911894273127775,0.009939237893425403,0.01905460656852498,0.001107141546415771,0.009808864278699675
2021-09-22,2021,PULLBACK,60,0.00221483942414169,-0.021799481227688176,-0.014742762937740014,-0.024192775868935652,-0.01831827758212741
2021-09-23,2021,WEAK,60,0.01621017328116281,0.01283539899997622,0.021458921465093997,0.009308542803415488,0.016850061259693343
2021-09-24,2021,PULLBACK,60,0.012813370473537589,-0.015883945713063893,-0.01812574069154141,-0.01459124776019274,-0.017086375894797046
2021-09-27,2021,WEAK,60,0.013966480446927276,0.01171016719778553,0.015318446158402419,0.007798397983935824,0.011751482819421864
2021-09-28,2021,WEAK,60,0.018002812939521773,0.024629148579238605,0.03252760577886297,0.01896261007592768,0.024510202302537573
2021-09-29,2021,WEAK,60,0.019154929577464896,0.025453233704906233,0.03339026218070218,0.024719238439147306,0.033742007190904325
2021-09-30,2021,WEAK,60,0.018715083798882537,0.0314305175816893,0.02095203211132101,0.031846248004068885,0.02076047658803484
2021-10-08,2021,WEAK,60,0.00864231948703642,0.025671780903338597,0.023287760793155896,0.02228852398045607,0.02032932023667379
2021-10-11,2021,WEAK,60,0.01452513966480451,0.027641368202282638,0.024422328448154052,0.024350986511134206,0.021429791989839672
2021-10-12,2021,WEAK,60,0.010025062656641381,0.0260471714583831,0.019441428214576232,0.02428026199613053,0.01719479519696028
2021-10-13,2021,WEAK,60,-0.009633911368015502,0.02873676941771957,0.02777479371217135,0.02842434328963063,0.026377461452397395
2021-10-14,2021,WEAK,60,-0.011260642680582245,0.021510051119455267,0.013586522456783951,0.014073951766919834,0.006594722518410135
2021-10-15,2021,WEAK,60,0.009746588693956948,0.012663341617841894,0.004526550887997284,0.004781565416762568,-0.0007611368991989262
2021-10-18,2021,WEAK,60,0.01813616071428581,0.02382113021460829,0.009659115031330871,0.016743180509568974,0.002599859573345277
2021-10-19,2021,WEAK,60,0.021544487968662596,0.0234459252184995,0.022204866522325103,0.01652566227603184,0.015514075857201957
2021-10-20,2021,WEAK,60,0.014182424916573844,0.020223333677154273,0.013918320639395732,0.006994593862576611,0.000986979878119687
2021-10-21,2021,WEAK,60,0.009441821716189791,0.017890218790634158,0.013866597179461773,0.007530933401949647,0.004986960645979421
2021-10-22,2021,WEAK,60,0.009706045479755954,0.016952916381310273,0.005631105289767159,0.0075363809150046646,-0.004172625750247107
2021-10-25,2021,WEAK,60,-0.0008264462809918216,0.01327112923698339,-0.0019026843890556436,0.002697460395483419,-0.0128572277468873
2021-10-26,2021,START,60,0.02280311457174644,0.011204643203510964,0.01590712842386954,-0.0038531713316221385,-0.0005246413941621224
2021-10-27,2021,WEAK,60,0.016343490304709274,0.01669328741731864,0.02014898177902407,-0.0002051041840207147,0.0005363438086109645
2021-10-28,2021,START,60,0.01021253105161457,0.009006849952040128,0.016837353863959358,-0.006382768481802359,0.00043285323332106426
2021-10-29,2021,START,60,0.0208681135225377,0.020491578436008642,0.01960254986022649,0.005979178544289244,0.003719510132396058
2021-11-01,2021,START,60,0.01941747572815533,0.023576444965811422,0.02015980265615183,0.013085955335627487,0.009915143722154861
2021-11-02,2021,START,60,0.006111111111110956,0.025118308640381184,0.03140445990595471,0.01085476198652351,0.016589753336118156
2021-11-03,2021,START,60,0.003071767662664149,0.017326104640182048,0.014619822695154563,0.0033328951142158458,0.001105133552956659
2021-11-04,2021,START,60,0.0011061946902655162,0.022397548469919867,0.02253275133351443,0.0051864688038179875,0.0035198518394582955
2021-11-05,2021,START,60,-0.009256738361012817,0.011532472709636622,0.010226637038697178,-0.0014630193700153702,-0.00016833705312065822
2021-11-08,2021,START,60,-0.005986394557823127,0.004296699136518686,0.007517897063923784,-0.011587724535382279,-0.007185167996166749
2021-11-09,2021,PERSIST,60,-0.0019047619047618536,0.02382363441850059,0.021665934039139252,0.017844412174193587,0.015121746810738808
2021-11-10,2021,PERSIST,60,-0.01668460710441344,0.018734136578009028,0.014472985504048465,0.011879592099901172,0.00721704279646565
2021-11-11,2021,PERSIST,60,-0.00428954423592498,0.01853894308394176,0.010762263026564824,0.014425030747595331,0.006175824359091146
2021-11-12,2021,PERSIST,60,0.00026816840976140455,0.014102331048757908,0.016753036696733753,0.008596211154793133,0.00955075182259196
2021-11-15,2021,PERSIST,60,-0.010712372790573133,0.009406945751230212,0.01225613128834677,0.00411069680777531,0.005662250609845985
2021-11-16,2021,PERSIST,60,-0.0013451708366962745,0.009684645640882724,0.006714791809985652,0.005459626272422991,0.0018950902357736856
2021-11-17,2021,PERSIST,60,0.008288770053475947,0.011720584168952516,0.011347510361872556,0.015216686461018949,0.014484263198676472
2021-11-18,2021,PERSIST,60,0.00776647027316546,0.011166724161796385,0.01186593802170582,0.011505249926556051,0.011448561387727079
2021-11-19,2021,PERSIST,60,0.02320561252023734,0.012622076869075143,0.01149964903627157,0.013778279792547615,0.013079143440293957
2021-11-22,2021,PERSIST,60,0.03615447822514373,0.013110805644280212,0.014192919733445754,0.0173048939825098,0.018619700431955332
2021-11-23,2021,START,60,0.04979253112033177,-0.000122208684547178,-0.006289602286783276,-0.005985345316558906,-0.012355855317647657
2021-11-24,2021,START,60,0.051466519092418395,0.004212213623536283,0.00814590132587075,-0.0008917600464286336,0.004070793530260913
2021-11-25,2021,WEAK,60,0.05120398560752837,0.008688173872736835,0.0008712893113675263,0.005217238571422224,-0.003394911767265932
2021-11-26,2021,START,60,0.043946932006633466,0.0034908570291692703,0.012337484756740704,-0.0037595893543040356,0.006570266495657522
2021-11-29,2021,START,60,0.06514476614699327,0.00399823075004967,0.007660523988878992,-0.004025293895199957,0.0016424977546170795
2021-11-30,2021,WEAK,60,0.07222844344904811,0.011116457131682345,-0.0010949089009190845,0.005485125657008778,-0.008846240142609717
2021-12-01,2021,START,60,0.0748185371300949,0.014851997003599678,0.018686989871089153,0.005910094900961288,0.010501201590394417
2021-12-02,2021,WEAK,60,0.1052779337450871,0.010467377848624044,0.010144562447968939,0.002446335823550575,0.002492761917585705
2021-12-03,2021,WEAK,60,0.09509202453987742,0.018316723708810045,0.024319279160303547,0.011440157845593019,0.016225510545610368
2021-12-06,2021,WEAK,60,0.12922132291375954,0.019168842123515897,0.011233549761348587,0.01292352934950948,0.0034697160932323085
2021-12-07,2021,WEAK,60,0.08447170337329246,0.02269050294063064,0.005371657314802738,0.017666451992315816,-0.0003912362665115174
2021-12-08,2021,WEAK,60,0.10257126886528778,0.023420578483503048,-0.00016329229138827006,0.016247837767753865,-0.00768305904445896
2021-12-09,2021,WEAK,60,0.09494554593688909,0.031246173661994173,0.013003622065624474,0.021602423033658856,0.0005929099432774379
2021-12-10,2021,WEAK,60,0.0814277746793084,0.031338793395920314,0.004023488557913603,0.028144441243808056,0.000698907986751273
2021-12-13,2021,WEAK,60,0.06458797327394206,0.024803387418603502,0.003350482189346117,0.022495114722091435,0.0023878609667031016
2021-12-14,2021,WEAK,60,0.07523862998315556,0.027498976147811625,0.0008948241653862037,0.02482875135147483,-0.002685769279971474
2021-12-15,2021,WEAK,60,0.08032465715085357,0.03215448246997332,0.0009734852375560474,0.028810766038531586,-0.0023552748753419422
2021-12-16,2021,WEAK,60,0.06196403872752421,0.030364985068586484,0.004625807553546947,0.028300519038718733,0.0022469000498931517
2021-12-17,2021,WEAK,60,0.06375931548440517,0.024260047737568978,-0.005841726041259928,0.021233195497438236,-0.00880794070228907
2021-12-20,2021,WEAK,60,0.06635202665186024,0.016185930712348015,-0.013565230649595493,0.01248075928526062,-0.015796257732506633
2021-12-21,2021,PULLBACK,60,0.08036707452725245,-0.013937849415045585,-0.019696933747483082,-0.014904777097230213,-0.01972774032476228
2021-12-22,2021,WEAK,60,0.08066298342541423,0.007569664627809726,-0.0038127472843912727,0.001461007007787069,-0.01036754958374253
2021-12-23,2021,PERSIST,60,0.07425742574257432,0.024018027348816758,0.021097160370017326,0.025435415121025706,0.021744364112772176
2021-12-24,2021,PERSIST,60,0.06160616061606161,0.02119592718785882,0.021271106357932626,0.023877749989108958,0.022997130242656396
2021-12-27,2021,PERSIST,60,0.05785123966942152,0.019942731511945838,0.019306176976502307,0.02133930303847355,0.020622033954433468
2021-12-28,2021,PERSIST,60,0.06189555125725321,0.018537709266362754,0.014347192791033343,0.020263763396700513,0.015984393916832675
2021-12-29,2021,PERSIST,60,0.06412382531785532,0.01836722892342356,0.016515436613814327,0.022497163365461974,0.019989233341036968
2021-12-30,2021,PERSIST,60,0.05346860433232803,0.014399624365225103,0.013481643463941166,0.018446652964246055,0.016097479774834757
2021-12-31,2021,PERSIST,60,0.06080707573244881,0.015899335763759702,0.009337425982799137,0.019659857107346527,0.012783331943937794
2022-01-04,2022,PERSIST,60,0.06222466960352424,0.012644571308103036,0.010108699765816376,0.015753675018805615,0.01239811531305351
2022-01-05,2022,PERSIST,60,0.07113316790736146,0.011690574526045383,0.00858202629372864,0.016067274350071183,0.01224377775185116
2022-01-06,2022,PERSIST,60,0.084213451917732,0.014365194382680786,0.011723494732977669,0.02041274531702668,0.017470378126173226
2022-01-07,2022,START,60,0.08722222222222231,0.007662396430560602,0.007769912382257459,0.013660288156027385,0.014316693795964664
2022-01-10,2022,START,60,0.08659680088251509,0.008118310978582746,0.00790157762455466,0.0037888986804368602,0.0019136412367823574
2022-01-11,2022,PERSIST,60,0.07919978076185252,0.012495143214548816,0.004299153506403166,0.01678631680289395,0.008394449449285657
2022-01-12,2022,PERSIST,60,0.08545603944124913,0.012416086347579973,0.009076195483149113,0.016224720376003685,0.011984969272697378
2022-01-13,2022,PERSIST,60,0.0800658075130245,0.010028239650243643,0.0055177320697215974,0.011737352831155455,0.006739358139979135
2022-01-14,2022,PERSIST,60,0.07207702888583212,0.01342052420640659,0.008273130984813764,0.015548753969981018,0.00978663368443806
2022-01-17,2022,PERSIST,60,0.07690195001373246,0.01630273539152806,0.015260292027582402,0.017677781727686206,0.015726647336927024
2022-01-18,2022,PERSIST,60,0.08657292528260263,0.014475574357186535,0.015905820060644102,0.014910580676649604,0.01524668255427656
2022-01-19,2022,PERSIST,60,0.06688417618270792,0.01169704357557311,0.011366148208586889,0.014652241464767516,0.01379241650086389
2022-01-20,2022,PERSIST,60,0.061869719269555645,0.008839956550073417,0.0039192947442231,0.009301485798889491,0.0037368954755843085
2022-01-21,2022,PERSIST,60,0.06530054644808736,0.013675648245173474,0.011675154682658322,0.014120957691440509,0.011960179298688436
2022-01-24,2022,PERSIST,60,0.05505587353502306,0.013266783126259087,0.012557307999249888,0.013036861887046855,0.012327109728772394
2022-01-25,2022,PERSIST,60,0.07129251700680284,0.011969614256160138,0.010481425841641563,0.010263854593524982,0.008475548610914277
2022-01-26,2022,PERSIST,60,0.08393152954168981,0.013918641459044891,0.013335233869265134,0.011931629169706987,0.010968293535330256
2022-01-27,2022,PULLBACK,60,0.08574610244988867,-0.01331129128842394,-0.027357635256560337,-0.0188164810865791,-0.03151138500054619
2022-01-28,2022,PULLBACK,60,0.08895027624309404,-0.012816979653516787,-0.014146253634773304,-0.013445649142824721,-0.014876231283529232
2022-02-07,2022,WEAK,60,0.07694421544380337,0.005569888524517461,0.0082285047475074,-6.253708942688613e-05,0.0015533660866077353
2022-02-08,2022,START,60,0.06022447303586098,0.00548123124842028,0.012642604406691103,0.0008031438687585079,0.00858370448641094
2022-02-09,2022,START,60,0.06842966194111222,0.004784732171067418,0.008313638087609918,-0.00157859414521186,0.0032197950769843504
2022-02-10,2022,START,60,0.06349206349206349,0.005233489403257596,0.011686177558468394,-0.002294021612064874,0.0070347746107359355
2022-02-11,2022,START,60,0.043887991383952496,0.015316844075140886,0.016789011919017487,0.0064933410667531635,0.008109708074951573
2022-02-14,2022,START,60,0.03806970509383367,0.0035767216236802122,0.004723595720494992,-0.007466308913024095,-0.0069924793812133085
2022-02-15,2022,PERSIST,60,0.03979426096372496,0.024445166562560988,0.023925806114198322,0.023471294153714174,0.02287870436215486
2022-02-16,2022,START,60,0.037715517241379226,-0.0015015742278748035,-0.004660760876695461,-0.015294504919364472,-0.018694286216140867
2022-02-17,2022,PERSIST,60,0.026252983293556076,0.026320319833137942,0.026554277618365853,0.024671973339436215,0.025553307398915932
2022-02-18,2022,PERSIST,60,0.029763486579856613,0.026508352534200967,0.026554903524475586,0.023560366356605557,0.024845223889053736
2022-02-21,2022,PERSIST,60,0.021097046413502074,0.021282871003137138,0.028731934012154705,0.019303844432045896,0.02644443613527505
2022-02-22,2022,PERSIST,60,0.02881311128733799,0.016005352057872915,0.017650580241462318,0.013744429100493203,0.015764130661313422
2022-02-23,2022,PERSIST,60,0.02450592885375502,0.016306373477551747,0.016882087485440067,0.011497541666152728,0.013192411068377163
2022-02-24,2022,PERSIST,60,0.02973684210526306,0.015377915001108109,0.011728188266727332,0.00812594964448907,0.004177162103939487
2022-02-25,2022,PERSIST,60,0.025013164823591394,0.015055677952677307,0.022597470706434544,0.010747546814506556,0.017992696666685487
2022-02-28,2022,PERSIST,60,0.025416997617156545,0.01733789405637296,0.019565047021238503,0.013507132565889014,0.016401576240131742
2022-03-01,2022,PERSIST,60,0.005227391531625658,0.014601501614121406,0.016154518408691244,0.012561204716210358,0.014012712090757641
2022-03-02,2022,PERSIST,60,0.01201044386422967,0.013945065979601967,0.008773329069047523,0.010632141160009372,0.006867444817492703
2022-03-03,2022,PERSIST,60,0.004415584415584428,0.0007224124908311752,0.008689161823256006,-0.0004943016995959586,0.006248601492594584
2022-03-04,2022,PERSIST,60,-0.022098044196088296,0.0008174876610678606,-0.004882280010321106,-0.0060136940952052,-0.010927799064579169
2022-03-07,2022,PERSIST,60,-0.014514896867838023,0.0022793549856602964,-0.006071458535871803,-0.007791238656866083,-0.01640812123651607
2022-03-08,2022,PERSIST,60,-0.038309441423628354,0.004402707491700966,-0.0006360092782550725,-0.007212268408394597,-0.012958073056711851
2022-03-09,2022,PERSIST,60,-0.005141388174807249,0.00031484682399962605,0.0014400120220148006,-0.012234746453962116,-0.012525948748724515
2022-03-10,2022,PERSIST,60,-0.0012674271229403677,0.013023128005500637,0.020621388462290526,0.0018073323712440824,0.009065607092191456
2022-03-11,2022,PERSIST,60,-0.014282070900280441,0.00955257529324238,0.008757977639991376,-0.0010952381543315364,-0.0029887581960951395
2022-03-14,2022,PERSIST,60,-0.011861784424961441,0.00949094828228034,0.012142727006086877,0.004616407030857839,0.005422698566845601
2022-03-15,2022,PERSIST,60,0.004968619246861872,0.014256499326968874,0.021357224493096308,0.018665390251641135,0.024913849154265526
2022-03-16,2022,PERSIST,60,0.010182767624020927,0.00897669565089333,0.01207855183206823,0.01607793428229668,0.019585076680135236
2022-03-17,2022,PERSIST,60,0.002072538860103723,0.015053641218251451,0.0014235296179143085,0.016622260147537888,0.005603768348485765
2022-03-18,2022,PERSIST,60,0.005209690023443514,0.018434847687003188,0.015232894826859578,0.020031337910450937,0.01708381421440622
2022-03-21,2022,PERSIST,60,-0.0018162947586922717,0.02211246200969794,0.02079180741163231,0.025945344385566393,0.02582126317123985
2022-03-22,2022,PERSIST,60,0.004686279614683597,0.02948203564064251,0.021766646322898334,0.031676623096692336,0.02582665672002022
2022-03-23,2022,PERSIST,60,-0.01621621621621616,0.030408224224866984,0.030372390705151735,0.03364256820213732,0.03413991943336148
2022-03-24,2022,PERSIST,60,-0.017893660531697275,0.027555553039107547,0.024096578724005422,0.033874157352328294,0.029943897519203698
2022-03-25,2022,PERSIST,60,-0.01817716333845365,0.026132381782563475,0.027644759624508707,0.030682981506437286,0.03261045105962746
2022-03-28,2022,PERSIST,60,-0.007772020725388518,0.02792164676999312,0.029364781549626216,0.03417340686598093,0.03601428377138428
2022-03-29,2022,PERSIST,60,-0.0033854166666666963,0.027048038376427976,0.027864086028440968,0.034541261860117335,0.03476159038520129
2022-03-30,2022,PERSIST,60,-0.011709601873536313,0.03332698514957023,0.029773834486890166,0.03865728684903244,0.035788216389152645
2022-03-31,2022,PERSIST,60,-0.014545454545454528,0.029262016974242834,0.031887970304080554,0.032902649848597434,0.035060568553707705
2022-04-01,2022,PERSIST,60,-0.011192087454450883,0.0271580121111922,0.02604212082050217,0.029956080146340186,0.028646025251249336
2022-04-06,2022,PULLBACK,60,-0.027357998957790564,0.001939816703489975,0.004066773002994668,0.009436334822186846,0.012280199726595217
2022-04-07,2022,PULLBACK,60,-0.04613789528252976,0.014236720367661488,0.0170407362725031,0.01900549522192281,0.022517203936457376
2022-04-08,2022,PULLBACK,60,-0.05534105534105527,0.016800293013266944,0.015655263970854386,0.021824207656916048,0.021485826871253798
2022-04-11,2022,PULLBACK,60,-0.06049730838246603,0.010845460876546788,0.009985604836496473,0.018079488506116723,0.016199110244541265
2022-04-12,2022,PULLBACK,60,-0.06642820643842617,0.018180115543817037,0.01770775684633843,0.02637654182272267,0.025676207015254846
2022-04-13,2022,PERSIST,60,-0.07258883248730963,0.018167712228123835,0.01907138645873616,0.019335052047657363,0.020770144381027783
2022-04-14,2022,PERSIST,60,-0.07084814626714075,0.01129998416950503,0.015117539877274861,0.009482825092851647,0.013001313902812598
2022-04-15,2022,PERSIST,60,-0.0827655816300783,0.0074075962056111885,0.009124928754724903,0.009189790544081236,0.010387255422537465
2022-04-18,2022,PERSIST,60,-0.07692307692307687,0.0073493294970838185,0.008357848018279315,0.010857391756308298,0.011169498887048629
2022-04-19,2022,PERSIST,60,-0.07031049525275845,0.007596273471411341,0.011967414574814914,0.011540772448488851,0.01546170266792211
2022-04-20,2022,PERSIST,60,-0.07472583524611065,0.007990370931769086,0.013319342227276012,0.017670401691206913,0.022502398368145864
2022-04-21,2022,PERSIST,60,-0.08525754884547065,0.008548885590920607,0.004908545527977497,0.019437098448794328,0.015693762718256506
2022-04-22,2022,PERSIST,60,-0.07059123343527018,0.0038408469650511833,0.003212502856036299,0.018608778522170015,0.017883041224062573
2022-04-25,2022,PERSIST,60,-0.06160164271047219,0.0097635120196018,0.01195452249487079,0.030778456682396444,0.03314786563918613
2022-04-26,2022,PULLBACK,60,-0.060528340600153885,0.003667310075420668,0.0031611049092814623,0.03189945267685179,0.03113723592964194
2022-04-27,2022,PERSIST,60,-0.054507879101007406,0.01339598731746441,0.010684036124020812,0.0425564522789974,0.04134360476038357
2022-04-28,2022,PERSIST,60,-0.062484124968249954,0.009634646654150654,0.011479284380082125,0.039251452492098035,0.040583783418922284
2022-04-29,2022,PERSIST,60,-0.05145185939887931,0.007304477123779445,0.0029731205339919922,0.04650239157044782,0.04237829250438258
2022-05-05,2022,PERSIST,60,-0.03923076923076929,0.005562643176531188,0.0020294501155842643,0.04344726063875565,0.04002127442027469
2022-05-06,2022,PERSIST,60,-0.038559107052257735,0.008673676833239967,0.0022637895355855087,0.05199433167929862,0.0457938736233462
2022-05-09,2022,PERSIST,60,-0.04541974993620823,0.006870262139685706,0.002669284252443279,0.05292232993771136,0.048215411067602965
2022-05-10,2022,PERSIST,60,-0.031241931319390792,0.009373682712505223,0.0061232215355646645,0.06243835350695856,0.0588024260550112
2022-05-11,2022,PERSIST,60,-0.033171727481500324,0.00859888015104008,0.00864115093607086,0.06088545193530631,0.0597664362506006
2022-05-12,2022,PERSIST,60,-0.03216675244467315,0.01084178005077904,0.0034842956921309585,0.06377386887904768,0.056847946094060256
2022-05-13,2022,PULLBACK,60,-0.02347175651276756,0.012008491501766761,0.010077189228180645,0.07243996747125678,0.06842599399012352
2022-05-16,2022,PULLBACK,60,-0.019369834710743716,0.0033431719080250256,-4.856174770442499e-05,0.06239556147436776,0.0571317155598747
2022-05-17,2022,PULLBACK,60,-0.014839885446498391,-0.0034172134572987524,0.0017440288888058595,0.05604510082740608,0.05850948484578438
2022-05-18,2022,PULLBACK,60,-0.01791277258566981,0.006300242670251215,0.0070429792009495725,0.05426618393349483,0.053313505398706926
2022-05-19,2022,PULLBACK,60,-0.016537467700258435,0.0029826889200241236,0.0014165767128416868,0.05865882366303883,0.05488780701973772
2022-05-20,2022,PULLBACK,60,-0.02219354838709675,-0.005660888781805002,0.0001917360764151436,0.04400937637710398,0.04718290284567044
2022-05-23,2022,PULLBACK,60,-0.022985537190082672,-0.009953657818747439,-0.006396301678872957,0.029723900558192705,0.03094318406381444
2022-05-24,2022,PULLBACK,60,-0.033401849948612505,-0.013329440629599832,-0.014957489587614474,0.018953753596947197,0.01643995781772762
2022-05-25,2022,PULLBACK,60,-0.03395061728395066,-0.01115420038248013,-0.008669921931633337,0.015753804025129263,0.017376794714750583
2022-05-26,2022,PULLBACK,60,-0.040889343214924545,-0.02750606254363023,-0.029554602325874976,0.0026707751562010593,-0.0004924929487085117
2022-05-27,2022,PERSIST,60,-0.03416388389416902,0.023478829891604148,0.02467740125781341,0.05113032039532188,0.051699238736576315
2022-05-30,2022,PULLBACK,60,-0.025561580170410547,-0.01858452261795737,-0.024414782913951893,0.0031323771694294865,-0.003018864275504206
2022-05-31,2022,PULLBACK,60,-0.013260530421216887,-0.019154353457433056,-0.02083250600164975,-0.003636655916933398,-0.005961753011058248
2022-06-01,2022,PULLBACK,60,-0.02089783281733748,-0.022112121709865113,-0.02396721236958762,-0.015175042520722746,-0.016501272611032985
2022-06-02,2022,PULLBACK,60,-0.028963020429273345,-0.022444673655504406,-0.02173543463821691,-0.009780731802741822,-0.009951843138386051
2022-06-06,2022,PULLBACK,60,-0.017142857142857237,-0.025803155144215904,-0.028034379477675897,-0.023382784091035853,-0.02547365366870439
2022-06-07,2022,WEAK,60,-0.026098191214470323,0.009543134354641523,-0.005632163779329107,-0.004601480763584138,-0.020083320708029425
2022-06-08,2022,WEAK,60,-0.03957851452068872,0.0001569879127115868,-0.022338665365203493,-0.01937215472138692,-0.039850764292282334
2022-06-09,2022,WEAK,60,-0.03875968992248058,-0.0060178224014005785,-0.03230453178596425,-0.016803322153562242,-0.04146809944323956
2022-06-10,2022,WEAK,60,-0.048223350253807085,0.0053333596237028795,0.0017652769810012556,-0.00980946988414742,-0.013468313941629478
2022-06-13,2022,START,60,-0.023027166882276906,0.010372206732668483,0.017595010919223844,-0.009596082619178667,-0.002035348425878575
2022-06-14,2022,START,60,-0.020354906054279698,0.00899451445047855,0.006559810954517756,0.0046263264550205786,0.0013947901766269118
2022-06-15,2022,PULLBACK,60,-0.014832162373145996,-0.029704748680809197,-0.033361234914032346,-0.029572635089356775,-0.03276186611212614
2022-06-16,2022,PERSIST,60,-0.023003360041354504,0.02276909636925651,0.019617951867171163,0.018919893965687766,0.014314341597707017
2022-06-17,2022,PERSIST,60,-0.022233712512926496,0.02805536000871749,0.022175538947508018,0.020524557494878956,0.013975675002441151
2022-06-20,2022,PULLBACK,60,-0.024099507644467444,-0.032063456580082424,-0.039296409120722915,-0.02797064327573636,-0.03480253884887011
2022-06-21,2022,PULLBACK,60,-0.02469456719521712,-0.02934800591226653,-0.022057798431352398,-0.025391713251128437,-0.018279172417441147
2022-06-22,2022,WEAK,60,-0.03394661829489498,0.002301031901144059,0.008254070170079841,0.006257356419416551,0.011376128702684889
2022-06-23,2022,PULLBACK,60,-0.02197802197802201,-0.028906759566885813,-0.030404977014467153,-0.016573973683012878,-0.01849650650209743
2022-06-24,2022,WEAK,60,-0.021603331598125997,0.009368049379500074,0.013437109051995938,0.0056920350416843025,0.009855571300299078
2022-06-27,2022,WEAK,60,-0.022164276401564487,0.007853730084945672,0.0035413027717976185,-0.012387912275949832,-0.016516247473340025
2022-06-28,2022,WEAK,60,-0.020365535248041855,0.0063240897666967215,0.00036283181755149274,-0.0018552219082460745,-0.006481420764759695
2022-06-29,2022,WEAK,60,-0.015155474261823842,0.007176941582292007,0.014228775473782727,0.012316104000479427,0.019533971282949363
2022-06-30,2022,WEAK,60,-0.01579778830963663,0.003198679784178784,0.013147093177135926,0.007778223727151018,0.018616371438026483
2022-07-01,2022,WEAK,60,-0.016341591987348414,0.014522218756430436,0.02822470703554072,0.012277832155134616,0.02402976875187273
2022-07-04,2022,WEAK,60,-0.014740721242432198,0.009103886841662629,0.022897434695180414,0.017169670370858692,0.03188628014041133
2022-07-05,2022,WEAK,60,0.01232252879721396,0.007950967217949396,0.01912741854625196,0.014340284753115985,0.025241967240084786
2022-07-06,2022,WEAK,60,0.027445652173913038,0.02586626009591255,0.03518318874493475,0.03568268838476029,0.043359766518371465
2022-07-07,2022,WEAK,60,0.044414168937329856,0.037590933927680065,0.04762783435422603,0.043322889051518904,0.05246030939688924
2022-07-08,2022,WEAK,60,0.03792633015006808,0.0354048936853211,0.0410725595492494,0.036133324734749714,0.04215545766591052
2022-07-11,2022,WEAK,60,0.04050355774493708,0.044768069236620106,0.056527819520218445,0.03787995139421876,0.048720204313391344
2022-07-12,2022,WEAK,60,0.04378762999452657,0.03132648024015283,0.022801614220654007,0.02178364260997862,0.016755070522122696
2022-07-13,2022,WEAK,60,0.039628313746925325,0.032535933653936984,0.029564287378869347,0.030112447967216183,0.026657600117411574
2022-07-14,2022,WEAK,60,0.0453920220082531,0.03480155172668123,0.0433221289981386,0.048486430451470046,0.0553227733166626
2022-07-15,2022,WEAK,60,0.044004400440043945,0.044440854414119685,0.05301171433146139,0.06417353253248806,0.07104879069702899
2022-07-18,2022,WEAK,60,0.04857852608335622,0.03938083337192507,0.04736884568248356,0.051057500685830245,0.05982101274814985
2022-07-19,2022,WEAK,60,0.04051819184123473,0.040103177730242905,0.051936502840640025,0.05660309722813689,0.06830961469910415
2022-07-20,2022,WEAK,60,0.048266296809986065,0.03882843661511523,0.044168268395287535,0.05167259511613617,0.05623471153868233
2022-07-21,2022,WEAK,60,0.04606525911708248,0.04527134848999414,0.04782687047549616,0.061564581458461456,0.06366264062585927
2022-07-22,2022,WEAK,60,0.04814004376367609,0.03233988584901398,0.03904895102238144,0.047522296872220315,0.055012229419582045
2022-07-25,2022,WEAK,60,0.04477204477204477,0.034698989827836056,0.04874656451048783,0.050394915480794084,0.06351023896198124
2022-07-26,2022,WEAK,60,0.042076502732240506,0.029656415786227307,0.032090843287657274,0.04133493547044267,0.04394546501699675
2022-07-27,2022,WEAK,60,0.035491736656732664,0.0295615536443643,0.03687456264977977,0.04288290782799753,0.050064007900214064
2022-07-28,2022,WEAK,60,0.022287862513426404,0.021509960506649224,0.024977068980269718,0.026849994230930253,0.0298151747996043
2022-07-29,2022,WEAK,60,0.016279690419001902,0.0037421306628046686,0.0170298369470141,0.011790467516540828,0.02733995994513667
2022-08-01,2022,WEAK,60,0.0068601583113456766,0.007991465553478972,0.01508376859707861,0.01808130509291523,0.024007389404416546
2022-08-02,2022,WEAK,60,0.017642341619887647,0.0016891656168879598,-0.0008249533612820666,0.018225438412824226,0.01562762692563641
2022-08-03,2022,START,60,0.01412579957356086,0.01758495351474922,0.01884219866915738,0.02989348640624983,0.029429198112374797
2022-08-04,2022,START,60,0.01187648456057011,0.024654878724326132,0.02108544139932508,0.031328702907245494,0.023887546464526645
2022-08-05,2022,START,60,0.019409731454400392,0.02767112496151927,0.022131137079027342,0.03473365957166103,0.026078577002767157
2022-08-08,2022,START,60,0.030903328050713164,0.02340537304221555,0.01550681877234707,0.03500497018058796,0.025896588469964787
2022-08-09,2022,START,60,0.03687121411640759,0.01718736871144191,0.011794287939436971,0.017438179280025216,0.010188002714363945
2022-08-10,2022,START,60,0.051004228329809775,0.02165597401290937,0.020750173501016954,0.01794550646852263,0.016268626068668995
2022-08-11,2022,START,60,0.04361617763679626,0.017755390162523525,0.00993674789514728,0.01029751931164372,0.0005281704769746756
2022-08-12,2022,START,60,0.03179190751445082,0.02200868679557677,0.01877205585017874,0.009447833165792736,0.0038808656620841642
2022-08-15,2022,START,60,0.040907891264185814,0.022344646212754504,0.01901761870021668,0.010235186275590008,0.007510668719285116
2022-08-16,2022,START,60,0.04520222045995248,0.024488137874767713,0.021007788854654732,0.026690933128081448,0.02203588899649587
2022-08-17,2022,START,60,0.05077086656034013,0.025074570271585606,0.020549164102905703,0.026619985681366,0.021589524777040684
2022-08-18,2022,START,60,0.04605963791267298,0.03059184885366919,0.029510741298003303,0.027791305761084874,0.026747188022088985
2022-08-19,2022,START,60,0.048760991207034365,0.03383818412641519,0.026762875365270417,0.03668673084634498,0.03007409589747261
2022-08-22,2022,START,60,0.04521276595744683,0.03636254336991428,0.03624149650581361,0.0488525895896692,0.04927164707093518
2022-08-23,2022,START,60,0.04795972443031271,0.03144711577889541,0.034368386260377706,0.05022517513628013,0.05469591633129782
2022-08-24,2022,START,60,0.04347826086956519,0.027897008886106744,0.030932465787757508,0.03839914045476424,0.04281230100977848
2022-08-25,2022,START,60,0.04716732542819502,0.02316203154531811,0.020503952164183683,0.04309607343545854,0.04234281779923141
2022-08-26,2022,START,60,0.051930758988016024,0.030745964355623386,0.027464741502285783,0.05018423257057386,0.04891396286203656
2022-08-29,2022,START,60,0.04254756871035936,0.02929850202556863,0.028902097280077,0.05579757356084669,0.056637021894283865
2022-08-30,2022,START,60,0.046696736534889816,0.02536509049537459,0.02624660776794304,0.049877635368186866,0.051852534623362874
2022-08-31,2022,WEAK,60,0.06395504415306386,0.0010120956406037534,-0.018356505893769408,0.027428201210432938,0.008397381131161119
2022-09-01,2022,WEAK,60,0.06666666666666665,0.0076297698926279505,-0.012410564614091783,0.03477324855697504,0.014348175395834127
2022-09-02,2022,WEAK,60,0.04133333333333322,0.012145237408985852,-0.00827282546180413,0.04506554568902707,0.023816225858079094
2022-09-05,2022,WEAK,60,0.03283898305084754,0.00022179091114741,-0.036011393385543454,0.028515689205724653,-0.006548677693518288
2022-09-06,2022,WEAK,60,0.040756526371870105,0.00019030107686261082,-0.01912239465007265,0.03421814401947128,0.014947774234894653
2022-09-07,2022,WEAK,60,0.03486529318542009,0.005831404602690543,-0.020449113207592448,0.04852528164842822,0.021095556708334517
2022-09-08,2022,START,60,0.040476190476190554,0.016449927319842794,0.024993804172173707,0.05918090850879171,0.07100095867045011
2022-09-09,2022,WEAK,60,0.0362242199894236,0.0008587244888046701,-0.024029408957098805,0.0431274313045231,0.017031258466185827
2022-09-13,2022,WEAK,60,0.05284121083377591,0.0013844597607968637,-0.020334617866228463,0.04039354230436422,0.018307993721059422
2022-09-14,2022,WEAK,60,0.050906183368869984,0.006207849326142029,-0.024327414656570262,0.038407269736023285,0.008463907341151308
2022-09-15,2022,WEAK,60,0.04881974248927046,0.006595811686661558,-0.026111659784996487,0.05049105852387223,0.017919904835290004
2022-09-16,2022,WEAK,60,0.05216693418940599,0.005596970356203494,-0.02130431194349786,0.04735761388883533,0.021676822575896558
2022-09-19,2022,WEAK,60,0.04708699122106941,0.004078138462888446,-0.01930541233565925,0.04266748421486697,0.01952401460042225
2022-09-20,2022,START,60,0.0642666666666667,0.020769348929136518,0.03029564210608471,0.056466699478340036,0.06947639405156936
2022-09-21,2022,WEAK,60,0.062633262260128,0.000767438432753185,-0.02026198148336232,0.04007731845345293,0.017788893930195795
2022-09-22,2022,WEAK,60,0.04855399310161834,0.006324933321721476,-0.016807154584507975,0.050242728129983476,0.02572199695820212
2022-09-23,2022,WEAK,60,0.05671482075976453,0.004871495561518504,-0.018374158247731615,0.054281836091242465,0.02998244202905705
2022-09-26,2022,WEAK,60,0.0586816720257235,0.0123513747461058,-0.012387221397702299,0.06871985501145998,0.04309631739179409
2022-09-27,2022,WEAK,60,0.062783863211328,0.004203957298706853,-0.020372347625532382,0.06093725165886608,0.03758301832324379
2022-09-28,2022,WEAK,60,0.050542471553321144,0.006023770071843602,-0.012744129353421244,0.054015159742729274,0.03463797103619976
2022-09-29,2022,PERSIST,60,0.04998677598518908,0.012865559251725552,0.011414595366108038,0.03783278988492347,0.0372832688911162
2022-09-30,2022,PERSIST,60,0.03913383772501944,0.005939483045291748,0.006976979867639777,0.038041299949464605,0.038957401034032266
2022-10-10,2022,PERSIST,60,0.051524710830704645,0.005976328133698652,0.0017941672040087502,0.03539835216024287,0.03183138218230733
2022-10-11,2022,PERSIST,60,0.05628616517622298,0.006509423943492815,0.006141710374244108,0.04000902118463702,0.03970351227103228
2022-10-12,2022,PERSIST,60,0.040901940220241295,0.0063235625836747834,0.005951479550419987,0.036979673843897456,0.036754344243045384
2022-10-13,2022,PERSIST,60,0.05573080967402744,0.0005274829044483419,0.0023469347631231543,0.028547478692442795,0.02976459446515837
2022-10-14,2022,PERSIST,60,0.053421052631579036,0.001359815633451205,0.0009346996673117924,0.03567654934334079,0.035438246394387266
2022-10-17,2022,PERSIST,60,0.0582191780821919,-0.0015458840829242412,3.133444775284353e-05,0.033145105670095903,0.03451180778542527
2022-10-18,2022,PERSIST,60,0.056330613319294454,0.00038962745950387595,-0.0014511126889759545,0.03866223641979461,0.037481564340115694
2022-10-19,2022,PERSIST,60,0.06596026490066231,-0.0015739062616086895,-0.0024952573235543576,0.03694786697573193,0.03619365966203914
2022-10-20,2022,PERSIST,60,0.07382905530563644,-0.003409408792648283,-0.005176754878382086,0.03012600061290796,0.02820173358984413
2022-10-21,2022,PERSIST,60,0.06684141546526878,-0.006551341963205056,-0.010613746444541125,0.02556247607311228,0.02104696634316541
2022-10-24,2022,PERSIST,60,0.06210855949895633,-0.0002783509774219317,-0.007634936338435674,0.030146079520225504,0.022948076128814783
2022-10-25,2022,PERSIST,60,0.05853148680428544,0.0013165991468005768,-0.0017667004866177604,0.03801693056604247,0.03470164250483964
2022-10-26,2022,PERSIST,60,0.07498689040377537,0.0025969958609999913,8.154977237532016e-07,0.019169694183929754,0.01607491827659592
2022-10-27,2022,PERSIST,60,0.07012035583464149,0.0030813897308754994,0.0008533016041746043,0.02626646082949151,0.023603730272186187
2022-10-28,2022,PERSIST,60,0.07354872603099549,0.005133557556175259,0.0025778393354592144,0.024524580054133466,0.02147133657442226
2022-10-31,2022,PERSIST,60,0.07247899159663862,0.002687770404795193,0.0048304780896092775,0.024086899090001106,0.025495599558866044
2022-11-01,2022,PERSIST,60,0.08071278825995809,0.002586569298677427,0.0005956838329714328,0.02298904053987636,0.021037243747541914
2022-11-02,2022,PERSIST,60,0.0714473338586814,0.004191858965863354,0.002057552790775824,0.030529384725306863,0.02890231243588609
2022-11-03,2022,PERSIST,60,0.05676741130091978,0.0062476378053642374,0.0042052355072157805,0.03913537282617825,0.037824787399347956
2022-11-04,2022,PERSIST,60,0.045905059989566954,0.006866440432539242,0.006234535341477453,0.016697453324383424,0.016302033213013375
2022-11-07,2022,PERSIST,60,0.045905059989566954,0.00925656764250176,0.007848803942591782,0.01838216614306544,0.01763516416366448
2022-11-08,2022,PERSIST,60,0.027414809121188766,0.008074880702689542,0.009053352356146955,0.01979123500864295,0.021144338464468185
2022-11-09,2022,PERSIST,60,0.015240030480061062,0.014838523263608586,0.00975612922836316,0.026534934672001666,0.02202237735610315
2022-11-10,2022,PERSIST,60,0.01332662811164198,0.016733431617672524,0.01858592246445089,0.014173280194898379,0.016333677720391626
2022-11-11,2022,PERSIST,60,0.012917933130699222,0.01594330123584447,0.015502793917203533,0.0013495033544930948,0.0008032071391359044
2022-11-14,2022,PERSIST,60,0.02291825821237592,0.015493737441348559,0.0220965627199147,0.0023671918819610383,0.00833312423124702
2022-11-15,2022,PERSIST,60,0.012931034482758674,0.014781515206892854,0.01497711834314795,-0.004573438975618814,-0.004673511513339085
2022-11-16,2022,PERSIST,60,0.011380880121395931,0.006747604145080995,0.012548021414495271,-0.009583041666570865,-0.005466898927726132
2022-11-17,2022,PERSIST,60,0.013913483430306073,0.004990439671140686,0.005555749464939497,-0.005715934648180106,-0.004929608969114046
2022-11-18,2022,PERSIST,60,0.020615932807330095,0.0021413778305284584,0.004304929874310103,-0.00810393228702055,-0.006629019922800369
2022-11-21,2022,PERSIST,60,0.019054878048780477,0.007102171047802945,0.004557867124173023,-0.0031062372195264053,-0.004686827533608991
2022-11-22,2022,PERSIST,60,0.019592875318066083,0.005647412479890229,0.0069014806528536615,-0.01214064626913084,-0.011237778366609568
2022-11-23,2022,PERSIST,60,0.014664981036662361,0.005654101773606436,0.006870816228681913,0.0042499113130171386,0.005702461993821676
2022-11-24,2022,PERSIST,60,0.015151515151515138,0.006045910478670985,0.00562007228358182,-0.0006895210066239239,-0.0004898647553376653
2022-11-25,2022,PERSIST,60,0.010820332159033663,0.0074638639748383084,0.006650848536112995,0.001083902949102527,0.0010840201487111178
2022-11-28,2022,PERSIST,60,0.020000000000000018,0.006593851607023896,0.005232124549150121,-0.00010416850515460561,-0.0007357445932956869
2022-11-29,2022,PERSIST,60,0.019011406844106293,0.005947673732607413,0.005420150058144887,-0.010805313264000742,-0.011525779917709951
2022-11-30,2022,PERSIST,60,0.02357414448669215,0.008130427217271426,0.007825189121842909,-0.022913818092536453,-0.02356347153805037
2022-12-01,2022,PERSIST,60,0.021881287726358112,0.003832651772287409,0.0029798200917697084,-0.02709834980529138,-0.02884469337985976
2022-12-02,2022,PERSIST,60,0.02620967741935476,0.0003381691749788831,-0.0017074775010977904,-0.016399891783895927,-0.01922405033779831
2022-12-05,2022,PERSIST,60,0.03252240717029453,0.004487762191570538,0.006075978841193525,-0.011417459820990464,-0.010724334335007173
2022-12-06,2022,PERSIST,60,0.03384615384615386,0.008952856397185857,0.010003244609003762,-0.016416311034901945,-0.0158973436612886
2022-12-07,2022,PULLBACK,60,0.03890453033017671,0.00040181944387155354,0.0010725195267608882,-0.03758770041651461,-0.03418249791261194
2022-12-08,2022,PULLBACK,60,0.04798366513527297,0.0020452446536368364,0.0005617826020726728,-0.021547026674372638,-0.021876164456090592
2022-12-09,2022,PULLBACK,60,0.048817696414950484,0.000618417476036485,-0.00044180641307372637,-0.0141626114012304,-0.014075898684797352
2022-12-12,2022,PERSIST,60,0.056391936718550584,0.006630674340578319,0.008025782536983205,-0.0021924471272400086,0.0008684243778285111
2022-12-13,2022,PULLBACK,60,0.05119798234552331,-0.0011522026745743614,0.0039305375439574915,-0.011762360696672584,-0.005941868579999948
2022-12-14,2022,PERSIST,60,0.05959928988080132,0.009997830799098857,0.008743639746149771,-0.0059608328033827155,-0.00664620699247721
2022-12-15,2022,PULLBACK,60,0.0918158567774936,0.007674749273684177,0.0017684373416817837,-0.012543876991401305,-0.016657479231919434
2022-12-16,2022,PULLBACK,60,0.09839816933638446,0.010202145986093031,0.0073836702572719695,-0.009441891165826234,-0.011186740818216839
2022-12-19,2022,PERSIST,60,0.07367886178861793,0.009130498777768562,0.008257165836314952,-0.004501646297398507,-0.005254256275226393
2022-12-20,2022,PERSIST,60,0.06715108995239305,0.008737506702058377,0.009458158178862022,-0.008034301192719948,-0.007657859956534941
2022-12-21,2022,PERSIST,60,0.07348883872585898,0.007084442453382512,0.006770016400174137,-0.00906473198807485,-0.009896597096133091
2022-12-22,2022,PERSIST,60,0.0797064777327936,0.00960381827747067,0.008142245157566615,-0.006294253988500722,-0.007221924702111297
2022-12-23,2022,PULLBACK,60,0.07164556962025292,0.0012720945176063125,-0.0020013662908869773,-0.02194407841768846,-0.02344905977305013
2022-12-26,2022,PULLBACK,60,0.0751708428246014,0.006342388973176332,0.0013194375744728637,-0.016772615525017055,-0.020328420397295942
2022-12-27,2022,PERSIST,60,0.06611362493715411,0.010687380502692032,0.010703087610288691,-0.006771361502107921,-0.0072652188320470774
2022-12-28,2022,PERSIST,60,0.0735516372795968,0.008310712644317556,0.010240707530090366,0.0060318701822285195,0.007150684290909632
2022-12-29,2022,PERSIST,60,0.07556675062972285,0.013020929272858684,0.013616635519182598,0.009379119582217559,0.010162291394648588
2022-12-30,2022,PERSIST,60,0.06954556866683403,0.017281029436350608,0.013829494088283715,0.009101278022393255,0.006425184450202723
2023-01-03,2023,PERSIST,60,0.08224999999999993,0.013812313761577821,0.014595641315558221,0.009401169518985609,0.010511568453545422
2023-01-04,2023,PERSIST,60,0.0766932270916334,0.008653712463972802,0.009690579634417138,0.005099223303694496,0.00596925158158206
2023-01-05,2023,PERSIST,60,0.08337531486146088,0.009304263285943163,0.011034938212065705,0.006314363032886747,0.00784152897045625
2023-01-06,2023,PERSIST,60,0.06648406374501992,0.012985709667349448,0.014677546313999734,0.006940172098973301,0.008341209177384597
2023-01-09,2023,PERSIST,60,0.08093929552835366,0.011415403142526002,0.009868830316828257,0.0042848625648380795,0.0019100313275911308
2023-01-10,2023,PERSIST,60,0.07916355489171023,0.010382793891223182,0.01036003492873913,0.00046127711777168776,-0.00023798304734648328
2023-01-11,2023,PERSIST,60,0.09195115873411397,0.00969268533267013,0.009145521636822574,-0.0007199150824950106,-0.0019231130159241914
2023-01-12,2023,PERSIST,60,0.06784294234592436,0.010360603280988413,0.010441413888444787,-0.0013302536872960118,-0.0017386292144747576
2023-01-13,2023,PERSIST,60,0.05988171513060636,0.008066302485768943,0.0067058510563185614,-0.0075778079472509485,-0.009639504359081875
2023-01-16,2023,PERSIST,60,0.0599508599508598,0.004278540870081878,0.0032585649562295966,-0.010387831179504259,-0.013063453753922606
2023-01-17,2023,PERSIST,60,0.05601965601965597,0.007074302541437678,0.006228285429477317,-0.003911856126261977,-0.005485094185507763
2023-01-18,2023,PERSIST,60,0.06467538879289059,0.007168412321276182,0.007838609452447923,-0.002721844701588899,-0.0026339431206173682
2023-01-19,2023,PERSIST,60,0.04634146341463419,0.007462939861619784,0.007208449859982381,-0.003933461455036235,-0.004720618391907946
2023-01-20,2023,PERSIST,60,0.05378973105134466,0.006225876312255721,0.005690048070704012,-0.006095341477067035,-0.0072841915884840295
2023-01-30,2023,PERSIST,60,0.05896745779300239,0.0014946352970162027,0.003763487787038081,-0.010059191978876366,-0.008603877189631626
2023-01-31,2023,PERSIST,60,0.05827619980411369,0.0004789595869339521,0.0030803795322670454,-0.012511323953849669,-0.01079749955218054
2023-02-01,2023,PERSIST,60,0.04267701260911738,0.0012608187453106833,-0.001355139583788711,-0.012248660503110615,-0.015810858889343686
2023-02-02,2023,PERSIST,60,0.08114734003432234,-0.0001707621979305865,-0.0019608520109097036,-0.0143230507686073,-0.017181336437989247
2023-02-03,2023,PERSIST,60,0.09823427008206931,0.0017087396428313462,0.005753261732343737,-0.006915312111121131,-0.0037958116142558828
2023-02-06,2023,PERSIST,60,0.08678304239401502,0.006659389119246509,0.007235788277785187,0.0009243066791348878,0.0009149047505879089
2023-02-07,2023,PERSIST,60,0.09002493765586062,0.009821305822003754,0.006784580302247565,0.0027948756666672826,-0.0005567115632357268
2023-02-08,2023,PERSIST,60,0.09551122194513706,0.010217101385425281,0.0090367816506549,0.005462069533018214,0.00357750513243996
2023-02-09,2023,PERSIST,60,0.10157618213660236,0.015295117027332899,0.01526974250630953,0.01185278970382357,0.011937560814448566
2023-02-10,2023,PERSIST,60,0.08684863523573183,0.01607219107664421,0.014308503393946737,0.01758419926492761,0.016777334152684745
2023-02-13,2023,PERSIST,60,0.09577394348587132,0.02149783832307206,0.018096367347057427,0.022611831426454204,0.019830174983874935
2023-02-14,2023,PERSIST,60,0.09161065471745067,0.018760185019539202,0.01810137715232546,0.02317794321239096,0.022740917299869493
2023-02-15,2023,PULLBACK,60,0.08936170212765959,-0.017101944430023996,-0.018555113819192462,-0.015787791915356265,-0.01755555118642839
2023-02-16,2023,PULLBACK,60,0.0870217554388597,-0.020415610869421882,-0.021864179383204743,-0.018429714580697205,-0.020360836408759936
2023-02-17,2023,PULLBACK,60,0.07959081836327342,-0.022070457073905633,-0.021659128962705783,-0.019755334252896037,-0.019928219146699237
2023-02-20,2023,PULLBACK,60,0.08503740648379066,-0.019686793704633592,-0.019972295492467578,-0.01734430503053899,-0.018221908530600416
2023-02-21,2023,PULLBACK,60,0.08177511842433316,-0.016236901086062433,-0.017848403753740652,-0.01450809952077239,-0.016532217526694645
2023-02-22,2023,PULLBACK,60,0.08884452208634919,-0.017289821915634194,-0.016381078744766332,-0.015377227347293186,-0.014956794271712575
2023-02-23,2023,PULLBACK,60,0.0782457014702218,-0.015912760780492842,-0.01823986810243573,-0.013883838097867094,-0.01669358034034167
2023-02-24,2023,PULLBACK,60,0.07388059701492544,-0.014853988912984669,-0.015312233931608354,-0.012191089252357415,-0.013313259306806095
2023-02-27,2023,PULLBACK,60,0.07294000497883979,-0.015785662821771306,-0.02028115473682205,-0.013127432038928742,-0.018233885343684652
2023-02-28,2023,PULLBACK,60,0.06974435343757746,-0.018129934615564308,-0.01962983353714005,-0.015433727804520283,-0.017583403218717847
2023-03-01,2023,PULLBACK,60,0.07985074626865685,-0.016112001309355604,-0.017137718348616857,-0.01383944807239858,-0.015428015137322015
2023-03-02,2023,PULLBACK,60,0.08296186230807323,-0.011952007721385409,-0.013687279751097488,-0.009454211892858272,-0.011790108873456865
2023-03-03,2023,PULLBACK,60,0.07851341373369425,-0.017758115404415638,-0.019467712347963483,-0.01639079714682716,-0.01840264388500419
2023-03-06,2023,PERSIST,60,0.06335952848722992,0.0169183641736729,0.016605253790109527,0.024199273608121394,0.02475567659270347
2023-03-07,2023,PERSIST,60,0.08060515873015883,0.013352811960771526,0.014727273611805494,0.027628588113131576,0.029692870394327435
2023-03-08,2023,PERSIST,60,0.08333333333333348,0.01205238803323087,0.014820651994210855,0.023996077755430813,0.026846037197152665
2023-03-09,2023,PERSIST,60,0.06947524020694762,0.012064439228735865,0.010779779349664783,0.02451513522019281,0.023529671667444328
2023-03-10,2023,PERSIST,60,0.0633219678519239,0.01038221011787734,0.00852650471166109,0.018933401131767107,0.017009909157558956
2023-03-13,2023,PERSIST,60,0.05890909090909102,0.00937165609264017,0.007775938928895144,0.017826258124045282,0.01620384857363997
2023-03-14,2023,PERSIST,60,0.05869565217391304,0.008938659494049086,0.005689334681502853,0.012566776478308707,0.009392314303186823
2023-03-15,2023,PERSIST,60,0.046545105566218714,0.010791818558292723,0.010118835046597035,0.013392064174242052,0.012938599727518502
2023-03-16,2023,PERSIST,60,0.04068932503590239,0.013606125310405174,0.01278440230513027,0.015867859402445252,0.014824656409414688
2023-03-17,2023,PERSIST,60,0.02131646755680494,0.008943064401293013,0.009559896852245803,0.01054472171003416,0.010523237091096448
2023-03-20,2023,PERSIST,60,0.01041666666666674,0.0103156334498034,0.004766536775345806,0.009901057115056424,0.0032781266097184052
2023-03-21,2023,PERSIST,60,0.03360151443445347,0.011334396542031345,0.020003451836043944,0.009825542934975107,0.017772850890875175
2023-03-22,2023,PERSIST,60,0.023714486968771986,0.016167959979709226,0.019779763719180374,0.013178315855395736,0.016374753888172236
2023-03-23,2023,PERSIST,60,0.017056074766355067,0.015433948716025873,0.014258988655061111,0.010178287231092185,0.00826797733356221
2023-03-24,2023,PERSIST,60,0.021326458870400522,0.014171292409713421,0.013735446446871257,0.007519611819284478,0.006463036984911907
2023-03-27,2023,PERSIST,60,0.02291519017245469,0.005546437333575996,0.009754015552202806,-0.00036223751641288604,0.0025204055877691887
2023-03-28,2023,PERSIST,60,0.020480225988700473,0.010267021476503902,0.006572309189211128,0.0060782123352400306,0.003024553417435132
2023-03-29,2023,PERSIST,60,0.025701485498703214,0.014090939290677854,0.009590248903536205,0.014757972078354973,0.01069911384827044
2023-03-30,2023,PERSIST,60,0.023932426091037184,0.012118391618401766,0.011535369412463014,0.009395071025044863,0.008162097602498654
2023-03-31,2023,PERSIST,60,0.02060889929742382,0.009542003354722248,0.006354677066623013,0.007923053866401507,0.004308048721353604
2023-04-03,2023,PERSIST,60,0.024882629107981113,0.017756118538570075,0.019168536194716684,0.0163549448798369,0.017948541131073935
2023-04-04,2023,PERSIST,60,0.008316008316008316,0.01730211813443589,0.013429612183261549,0.010002719903792994,0.005830298969277926
2023-04-06,2023,PERSIST,60,0.004856614246068425,0.013433001808696795,0.009671637846256461,0.0076976939783199435,0.0034036599824482294
2023-04-07,2023,PERSIST,60,0.01534526854219953,0.012758368733723088,0.012820608752132586,0.00619921612165323,0.005569907512740699
2023-04-10,2023,PERSIST,60,0.020312864814382436,0.012351624444563378,0.014353408233722812,0.008056139457847309,0.009127041981884052
2023-04-11,2023,PERSIST,60,0.01109313612202456,0.019121610399840533,0.015468412480084594,0.015487127279196444,0.011910641228947121
2023-04-12,2023,PERSIST,60,0.01660899653979242,0.017774624852207845,0.0179784840045715,0.01660173529870665,0.01637595734804194
2023-04-13,2023,PERSIST,60,0.0038795070743953275,0.014855709112743542,0.017936503392991347,0.012970532801882815,0.01589404920896328
2023-04-14,2023,PERSIST,60,0.02257388875959987,0.01540685905194782,0.015187369394508272,0.013094112928235117,0.01337665931197735
2023-04-17,2023,PERSIST,60,0.02534294350151134,0.02174522946662579,0.02426666044977606,0.019715646506766275,0.023125839357075174
2023-04-18,2023,PULLBACK,60,0.034538711172925396,-0.008557659729189749,-0.01373512246440067,-0.008260364590798059,-0.013434135078179182
2023-04-19,2023,PERSIST,60,0.041647277803629645,0.018547325218648214,0.024599418857728022,0.0199456959777033,0.02762693289165507
2023-04-20,2023,PERSIST,60,0.030141432877347496,0.01256799332691605,0.01521282087851087,0.014573803597341301,0.018642916607184618
2023-04-21,2023,PERSIST,60,0.037296037296037365,0.01428748711133739,0.01795070556397781,0.019277681692507043,0.02424891457690507
2023-04-24,2023,PERSIST,60,0.026914153132250762,0.019979893373037426,0.022400283171940333,0.02260714896615825,0.02689860282439531
2023-04-25,2023,PERSIST,60,0.022412199630314156,0.01830321720276137,0.018793887939972772,0.02305845054689855,0.025134468258262398
2023-04-26,2023,PERSIST,60,0.027070800555298424,0.015762360177329994,0.017822586345564394,0.019895249450244644,0.023098575375889743
2023-04-27,2023,PERSIST,60,0.028139534883721007,0.016925983834339818,0.01922405331818205,0.01951070598905417,0.022790886121596465
2023-04-28,2023,PERSIST,60,-0.00045351473922894403,0.02225288924478673,0.026450225850052744,0.02602816514158319,0.03165564838558193
2023-05-04,2023,PERSIST,60,0.0015851449275361418,0.020971587959532186,0.01761871283611161,0.02310604823907877,0.020521733267872395
2023-05-05,2023,PERSIST,60,0.012849931161083017,0.01006272313949285,0.012572830403846828,0.011923442077518784,0.014692427162742728
2023-05-08,2023,PERSIST,60,0.008922443376801592,0.012408406063241461,0.016706783937524092,0.01410371003014426,0.01878092203938107
2023-05-09,2023,PERSIST,60,-0.0009105394946504752,0.012459450888819067,0.014220535861515867,0.014183390722855554,0.01643598626392391
2023-05-10,2023,PERSIST,60,0.0029525323642971557,0.011558592438514384,0.012265982403619147,0.014116596413790771,0.015863719976960174
2023-05-11,2023,PERSIST,60,0.006849315068493178,0.0026988453684631576,0.00743996865770523,0.0071162994825723054,0.01176266020201814
2023-05-12,2023,PERSIST,60,0.006846188954815258,0.005160192049971755,0.008449241296198236,0.009667873832041882,0.013670746426000604
2023-05-15,2023,PERSIST,60,0.0022805017103761926,0.008655838614768492,0.00771277042803224,0.013481406306000605,0.013725454719381549
2023-05-16,2023,PERSIST,60,0.011259191176470562,0.007464279978219962,0.01007565355824751,0.014380506720814347,0.017769651363438336
2023-05-17,2023,PULLBACK,60,0.01564297216471111,0.014049830372338264,0.01074910200282769,0.01578722507803621,0.012088146752279674
2023-05-18,2023,PERSIST,60,0.021724058238964616,0.004342930959871689,0.0052107633275938845,0.014712255927765417,0.016444850773262125
2023-05-19,2023,PERSIST,60,0.01884624224316256,0.006948634190911601,0.006520679428586952,0.015327600326441572,0.01565803485332075
2023-05-22,2023,PERSIST,60,0.0191288315280016,0.005280816393337366,0.0035204986602526806,0.01288624469869407,0.011247301684625835
2023-05-23,2023,PERSIST,60,0.012376804950721798,0.008066424105112376,0.007277956098595139,0.018726170341856894,0.018502224811279815
2023-05-24,2023,PERSIST,60,0.02195516524150687,0.0066049661542398885,0.0026320145878078694,0.01618527452481763,0.01248613554634069
2023-05-25,2023,PERSIST,60,0.02710215427380125,0.00781300790938999,0.0065278641688900525,0.019047340000837732,0.01793414166490438
2023-05-26,2023,PULLBACK,60,0.030162412993039567,0.007772625107083106,0.008609112948736878,0.009429771387198058,0.009813557877496056
2023-05-29,2023,PULLBACK,60,0.035034802784222885,0.00816000539285099,0.008941228556882702,0.009835176919599616,0.010159985898313705
2023-05-30,2023,PULLBACK,60,0.02557014512785072,0.005635683818002172,0.007783214201980073,0.007707563482740113,0.009287421411570055
2023-05-31,2023,PERSIST,60,0.014863937800137172,0.008721608152219448,0.003668499759079476,0.019574266292722638,0.014085582190854581
2023-06-01,2023,PULLBACK,60,0.01757188498402562,0.008890960647278527,0.011341443103754121,0.011203911915483694,0.013014553971615762
2023-06-02,2023,PULLBACK,60,0.03394919168591226,0.006444372605955432,0.009203504813789702,0.00891711599088934,0.011013263111804294
2023-06-05,2023,PULLBACK,60,0.03006655955932991,0.0009222741523124177,-0.003297375998915407,0.0034555803053762106,-0.0013621772099477198
2023-06-06,2023,PULLBACK,60,0.023809523809523725,0.0052089384735647705,0.009332874794757353,0.007933609993423001,0.011293588113225563
2023-06-07,2023,PULLBACK,60,0.03455425017277114,0.008731119146340293,0.006957187500213149,0.011512868645115061,0.009018830697997698
2023-06-08,2023,PULLBACK,60,0.03092075125973448,0.004663348174934219,0.004234446739429463,0.006851418089001326,0.005857728335013585
2023-06-09,2023,PERSIST,60,0.031135531135531025,0.011265717459635385,0.008680942079384357,0.021560663211300374,0.01895749409343786
2023-06-12,2023,PULLBACK,60,0.02783481633584306,-0.008872355131321872,-0.0053280308018053444,-0.006438053724404716,-0.0035562914536714117
2023-06-13,2023,PERSIST,60,0.03874369555249868,0.01523189174227654,0.015324558009776333,0.025840005594459634,0.02588963194659594
2023-06-14,2023,PERSIST,60,0.04277828886844515,0.016705558271535983,0.018310849813735045,0.02727114832424806,0.02913987274135949
2023-06-15,2023,PULLBACK,60,0.041743119266054896,-0.01820566222974447,-0.01959095172684726,-0.01701317372471436,-0.018688486289806575
2023-06-16,2023,PERSIST,60,0.04146620847651783,0.027454659503818542,0.02669950976595163,0.035282258608054215,0.034852975487748065
2023-06-19,2023,PERSIST,60,0.04532967032967017,0.02436662964050717,0.02406508072144012,0.03187262943263326,0.03199719936246742
2023-06-20,2023,PERSIST,60,0.06330275229357785,0.01863070797009482,0.01741446925229341,0.02656351419598924,0.025500036425081554
2023-06-21,2023,PERSIST,60,0.04410751206064778,0.0223144133031115,0.021291566994694325,0.02992654920333688,0.029424326003895822
2023-06-26,2023,PERSIST,60,0.04084442404772837,0.024698126580716274,0.02354026146753993,0.031980898205450595,0.03137330242883771
2023-06-27,2023,PERSIST,60,0.05635103926096985,0.020844452228616875,0.02086225234942608,0.031013886531424187,0.030914113371579347
2023-06-28,2023,PERSIST,60,0.05974625144175327,0.019756838189953187,0.018698642262797237,0.030967754413897597,0.02997425275908733
2023-06-29,2023,PERSIST,60,0.05448275862068974,0.019166306004975032,0.016147707709554475,0.03094352202258801,0.02795645563646537
2023-06-30,2023,PULLBACK,60,0.0437671860678277,-0.02083366954859231,-0.01748576987270557,-0.018674867221791652,-0.015928800100316706
2023-07-03,2023,PULLBACK,60,0.050940798531436515,-0.025948476916104673,-0.024864572060213207,-0.02354125232005609,-0.023082216355024436
2023-07-04,2023,PULLBACK,60,0.04557947778286775,-0.01578325881619261,-0.014465204088336013,-0.014028997052851695,-0.013182633294544008
2023-07-05,2023,PERSIST,60,0.02245131729667804,0.018202245548816928,0.01686884918420257,0.028787753369757564,0.027994619439864706
2023-07-06,2023,PERSIST,60,0.012658227848101333,0.021880341204688646,0.022592974505597472,0.0313824784470004,0.03243449440744605
2023-07-07,2023,PULLBACK,60,0.007556675062972307,-0.029491379340850013,-0.0319365330259953,-0.028049882766794876,-0.030831935926542733
2023-07-10,2023,PERSIST,60,-0.004118993135011406,0.0177255212123184,0.017196498246427563,0.026358462332563583,0.02606506725372817
2023-07-11,2023,PULLBACK,60,-0.0015999999999999348,-0.024894637837847768,-0.02590791082039548,-0.023678228821796682,-0.02498960631340127
2023-07-12,2023,PULLBACK,60,-0.004992058089403284,-0.028650486727728353,-0.029640766409819885,-0.027971721198864628,-0.02911060607230448
2023-07-13,2023,PERSIST,60,0.018185951352580165,0.02064730769604109,0.01985947986154027,0.021493081594245646,0.021094923729836776
2023-07-14,2023,PERSIST,60,0.01866181156121982,0.021723443099222063,0.024446512980652077,0.023247394956902357,0.026564427971985966
2023-07-17,2023,PERSIST,60,0.020408163265306145,0.015350868389345868,0.014972131653235646,0.01985808665553873,0.019715883591052218
2023-07-18,2023,PERSIST,60,0.01926954963029348,0.013490460236869352,0.012512086597549495,0.019377589618741024,0.018639630505986274
2023-07-19,2023,PERSIST,60,0.025463480008934614,0.013596286078626866,0.012081468236490589,0.020936580120319275,0.01969735209514469
2023-07-20,2023,PERSIST,60,0.028584289894215686,0.013118382485322792,0.016355554334164496,0.014434377298536753,0.01759558042720269
2023-07-21,2023,PERSIST,60,0.027865168539325857,0.012274818456709495,0.013254521714055698,0.014676774873757913,0.015983077764360747
2023-07-24,2023,PERSIST,60,0.032083145051965634,0.010273597629173086,0.010943851850708118,0.011693173251907633,0.01209631252722267
2023-07-25,2023,PERSIST,60,0.035932203389830386,0.013134926912109926,0.015121922475038938,0.010451960552890983,0.012137099262424053
2023-07-26,2023,PERSIST,60,0.034016670421266104,0.0103678526029648,0.010016166057815391,0.007869271454674646,0.007089382192988838
2023-07-27,2023,PERSIST,60,0.04840533815878745,0.010684840743069673,0.00917817690093841,0.00765197054278678,0.006238483663406376
2023-07-28,2023,PERSIST,60,0.047413793103448176,0.011784888215228476,0.012260732024184064,0.007544539492348746,0.007837080587501398
2023-07-31,2023,PERSIST,60,0.03911372371693411,0.019909477389087167,0.020107494479650878,0.016120291305875056,0.016436703840454155
2023-08-01,2023,PERSIST,60,0.045990031717263236,0.023397468978755158,0.022326372538247735,0.023368567105793152,0.02292044563599049
2023-08-02,2023,PERSIST,60,0.04421768707483009,0.019882395278898776,0.020629719085610593,0.018853081138179323,0.019567990264749053
2023-08-03,2023,PERSIST,60,0.049669628616997086,0.02077713811234564,0.0222002807197702,0.019271876949866363,0.02088694169466701
2023-08-04,2023,PERSIST,60,0.035552536231884035,0.02394345622347423,0.022884412691539846,0.023959552214596586,0.023554899113838332
2023-08-07,2023,PERSIST,60,0.034240362811791325,0.024241420279453217,0.02352016200837017,0.024176052485523226,0.023730338047731423
2023-08-08,2023,PERSIST,60,0.02765185856754293,0.021011867708484393,0.021075713674513434,0.024601976353658597,0.024941393913572238
2023-08-09,2023,PERSIST,60,0.033674630261661065,0.022165718226528505,0.021952667482522288,0.028164987388996046,0.028501277764868743
2023-08-10,2023,PULLBACK,60,0.02772097250624861,-0.030921337205227436,-0.03155729479811575,-0.029339653524778325,-0.0303601450472524
2023-08-11,2023,PERSIST,60,0.0305775764439411,0.021642948557655483,0.020815103534922986,0.029651650003973323,0.029515868275538093
2023-08-14,2023,PERSIST,60,0.032119429993214155,0.02124714501941422,0.02139235981219743,0.029189634045396935,0.029809442941590034
2023-08-15,2023,PERSIST,60,0.030002255808707412,0.019870295072933107,0.019911559083401247,0.029068867928315877,0.029724910131603076
2023-08-16,2023,PULLBACK,60,0.03527815468113982,-0.023070288167686838,-0.023914895371327002,-0.02139445819961329,-0.022644361645281573
2023-08-17,2023,PULLBACK,60,0.029431741000679246,-0.02086450333784532,-0.02216512635989627,-0.01890810220372479,-0.020669905998741262
2023-08-18,2023,PULLBACK,60,0.021257349615558585,-0.024587836094788644,-0.028245884963557528,-0.022709445706310668,-0.026785893236764387
2023-08-21,2023,PULLBACK,60,0.0200721695985564,-0.022415678676465708,-0.022946659224323863,-0.0205740526616212,-0.021556131904803044
2023-08-22,2023,PERSIST,60,0.01306306306306304,0.015077630124236453,0.016677880148049152,0.026834188673271357,0.029240633566014234
2023-08-23,2023,PERSIST,60,0.007397444519166019,0.015306884585114542,0.015603248294499352,0.024890865267729878,0.025749722203498335
2023-08-24,2023,PERSIST,60,0.017744833782569636,0.014302046114579109,0.014068343087436963,0.022276633910382468,0.02261955132299473
2023-08-25,2023,PERSIST,60,0.025912573231185343,0.01583352907074378,0.017649256938581357,0.02654689982472781,0.029431358376573125
2023-08-28,2023,PERSIST,60,0.031621439784705,0.014479669470200275,0.015932283827099422,0.025233493366864358,0.027428699451671795
2023-08-29,2023,PERSIST,60,0.026580299307571886,0.015160080634757175,0.015505853422864844,0.02332599714617906,0.024540492623381913
2023-08-30,2023,PERSIST,60,0.0225044563279857,0.010426224026873172,0.01086300076459738,0.018318724372730796,0.019248817086915605
2023-08-31,2023,PERSIST,60,0.043828264758497326,0.011332659381277976,0.012417875710902039,0.019036120774027134,0.020716674124979233
2023-09-01,2023,PERSIST,60,0.019817412602983753,0.012463302716006338,0.013932888662126388,0.019414628322779307,0.02159768049492311
2023-09-04,2023,PERSIST,60,0.01644079093534767,0.010087200203849012,0.01034366523937761,0.016712847022833474,0.017386912693011087
2023-09-05,2023,PERSIST,60,0.017984014209591503,0.011295592198719109,0.013297597788640658,0.01742886374568746,0.019956823470824076
2023-09-06,2023,PERSIST,60,0.017980022197558343,0.009445934349804331,0.011660267984713934,0.016945101140155565,0.019760729168654977
2023-09-07,2023,PERSIST,60,0.003531229309203354,0.008256504988522609,0.009297981930379123,0.01651738344411635,0.01825193830689773
2023-09-08,2023,PERSIST,60,0.001985002205558084,0.006508399782069081,0.004841118310917011,0.01440959527029003,0.013452438792983823
2023-09-11,2023,PERSIST,60,-0.0019815059445177363,0.0028653935789775993,0.0031551733722436077,0.01056243982509595,0.011314199884530874
2023-09-12,2023,PERSIST,60,0.009678838539375123,0.0022175979232308164,0.002506268156267056,0.0029978112011589254,0.0036348928039500374
2023-09-13,2023,PERSIST,60,0.005256241787122251,0.003466740611726008,0.0038751874125627457,0.0019748753870146678,0.002665158826956321
2023-09-14,2023,PERSIST,60,-0.013157894736842146,0.004927471924160345,0.004787744911307459,0.0059431579689170335,0.006060817805297037
2023-09-15,2023,PERSIST,60,0.00858085808580844,0.004686872744186081,0.009555064633296126,0.005122976872535948,0.009924057140595705
2023-09-18,2023,PERSIST,60,0.013227513227513255,0.005626481081001828,0.0073278648227139516,0.006156694688243395,0.007948561734877142
2023-09-19,2023,PERSIST,60,0.004591167468299018,0.005127946530242233,0.004789052384307655,0.006638098681151908,0.0064335448483092555
2023-09-20,2023,PERSIST,60,0.006965607313887734,0.004227675577584343,0.003234491435928139,0.0065307552739307774,0.005686288802230772
2023-09-21,2023,PERSIST,60,0.009592326139088891,0.0038977622457156674,0.0047317580290586955,0.00724643642401983,0.008199119853002122
2023-09-22,2023,PERSIST,60,0.018221734357848574,0.006287360569962007,0.005803467907170269,0.007973359411236251,0.008209555066587937
2023-09-25,2023,PERSIST,60,0.015283842794759916,0.00688598872996366,0.005645183263405327,0.008304287765684466,0.007331010140185933
2023-09-26,2023,PERSIST,60,0.02541073384446868,0.00751882757768102,0.010074646638239149,0.010346963767203524,0.013067874326046853
2023-09-27,2023,PERSIST,60,0.03921129285234137,0.010492008856326833,0.015180827784358293,0.013340910579596715,0.0181837717330975
2023-09-28,2023,PULLBACK,60,0.05522727272727268,-0.007294940874000249,-0.009778409505232719,-0.007141921593214682,-0.009633116082845816
2023-10-09,2023,PULLBACK,60,0.0586363636363636,-0.007460220732807472,0.0019561085053794976,-0.007231974987515216,0.0020243224521985185
2023-10-10,2023,WEAK,60,0.06617647058823506,0.027246467012911432,0.02886523204678374,0.03187534821775588,0.03792212794726094
2023-10-11,2023,WEAK,60,0.0666208791208791,0.02695367226394285,0.018268062059636762,0.02659709502903679,0.018568295411010616
2023-10-12,2023,PULLBACK,60,0.06339794754846073,-0.009501687653441459,-0.0013376471018478392,-0.009746151430639935,-0.0015931438701730005
2023-10-13,2023,WEAK,60,0.03840142889037734,0.018928475364526878,0.017744466923636876,0.01019384893870314,0.009193235250920731
2023-10-16,2023,PULLBACK,60,0.038203753351206515,-0.012699983549181098,-0.013501501929024643,-0.013422256469346605,-0.014052554637601486
2023-10-17,2023,PULLBACK,60,0.02933333333333321,-0.018204730649229513,-0.026537584198698262,-0.01868810716839367,-0.026828370082203314
2023-10-18,2023,PULLBACK,60,0.019344910969443685,-0.021296085057155748,-0.021355396427522804,-0.02092335608436969,-0.021078245433351444
2023-10-19,2023,PULLBACK,60,0.015900675234153727,-0.02665258494980816,-0.030295760736399724,-0.025740247314826162,-0.029569743531570006
2023-10-20,2023,PERSIST,60,0.022757111597374147,0.034814918265082595,0.03677528691687297,0.03628017408874548,0.03808871413317969
2023-10-23,2023,PERSIST,60,0.019020550940096248,0.029915738622863668,0.03728666142105582,0.03246297415285963,0.039791052785445515
2023-10-24,2023,PERSIST,60,0.012259194395796813,0.027209524979728294,0.030219180932846347,0.029146031250267657,0.032263014244203136
2023-10-25,2023,PULLBACK,60,0.011343804537521818,-0.014471097401863685,-0.02179109133582775,-0.014129562081811963,-0.021446404841240326
2023-10-26,2023,PULLBACK,60,0.012200435729847525,-0.013905105114905492,-0.01675330541442452,-0.013644983568060133,-0.01651188398961204
2023-10-27,2023,PERSIST,60,-0.0025889967637539035,0.02162926262235526,0.025282052930317725,0.023238172291049297,0.027294055522798632
2023-10-30,2023,PERSIST,60,0.002815681178254259,0.019657439511295387,0.020578566539219145,0.021708769024951582,0.02354505319845569
2023-10-31,2023,PERSIST,60,0.002393385552654559,0.01805444508471355,0.019895938228732427,0.02038390484098595,0.02286320240517151
2023-11-01,2023,PERSIST,60,0.001299545159194393,0.020118274038136857,0.02246595141107265,0.021621795574059743,0.024923219644353605
2023-11-02,2023,PERSIST,60,0.006731813246471097,0.01468134135402507,0.01656023985657267,0.015510525206566428,0.017679548370749882
2023-11-03,2023,PERSIST,60,0.007380073800737907,0.006945028084064624,0.0064834725649979,0.00773385269050864,0.007176713767596183
2023-11-06,2023,PERSIST,60,0.017712661272687447,0.004849263243837873,0.0029869167022643626,0.005933426156989012,0.00333863881505287
2023-11-07,2023,PERSIST,60,0.01995176496382367,0.0010765766746241908,-0.0031616397284190117,0.0028097031152168827,-0.002561590938960692
2023-11-08,2023,PERSIST,60,0.030216144684605206,0.0040931431764317655,-5.374724459564998e-05,0.005542094762091531,0.0008071552219536459
2023-11-09,2023,PERSIST,60,0.025533788245652556,0.005849048820708596,0.0034232924308549876,0.0075011679426694915,0.004336789655104022
2023-11-10,2023,PERSIST,60,0.02608887906256907,0.005184101589385225,-0.0009270242586432208,0.006745011058842383,-0.00012045009653914064
2023-11-13,2023,PERSIST,60,0.021758241758241814,0.009340357376860656,0.00532533858033034,0.01100067055970824,0.0067632448138242734
2023-11-14,2023,PERSIST,60,0.020162174008327982,0.010913724984905577,0.0069244270564501895,0.00863413803208607,0.00434106324760568
2023-11-15,2023,PERSIST,60,0.01576872536136653,0.013006547046765078,0.010619536100659906,0.010703417925778995,0.008020685474156032
2023-11-16,2023,PERSIST,60,0.014635211882918053,0.015615832142103825,0.0145906189166451,0.012261025861085274,0.011123826870946747
2023-11-17,2023,PULLBACK,60,0.02221244776775899,-0.008639890126923377,-0.009941622482093147,-0.009893296270214671,-0.010859881997351311
2023-11-20,2023,PULLBACK,60,0.027236492471213403,-0.008881760337264438,-0.012856839953235416,-0.01020017464676721,-0.013777544954147843
2023-11-21,2023,PULLBACK,60,0.02564669467167824,-0.010987049310563766,-0.012216473634088471,-0.012991553456406828,-0.013685402213446737
2023-11-22,2023,PULLBACK,60,0.03312583370386846,-0.011575493424984002,-0.014036219531112495,-0.013476637193395632,-0.015411658362302464
2023-11-23,2023,PULLBACK,60,0.03404539385847816,-0.012331539038087428,-0.013029943716545877,-0.01432249664440333,-0.014491363555216514
2023-11-24,2023,PULLBACK,60,0.025601412491723874,-0.013518164258653409,-0.014951802563302962,-0.01562461277344764,-0.016485811428898184
2023-11-27,2023,PULLBACK,60,0.02130463430705043,-0.010389516472933838,-0.005593758982384179,-0.012601316552324235,-0.007272829086328406
2023-11-28,2023,PULLBACK,60,0.012826086956521765,-0.010366745715837742,-0.011575410683288876,-0.012828897303429426,-0.013378760731057555
2023-11-29,2023,PULLBACK,60,0.02828546562228018,-0.013273439756235595,-0.012352586805441648,-0.015537369792492428,-0.014029847405945338
2023-11-30,2023,PULLBACK,60,0.042057093048594396,-0.016837743365227448,-0.018956023558171886,-0.018885644915713703,-0.020440277493719735
2023-12-01,2023,PULLBACK,60,0.029134532990574113,-0.017713694602352732,-0.02057161258419273,-0.019583805496761045,-0.021913960495859253
2023-12-04,2023,PERSIST,60,0.058515283842794696,0.018590250386020475,0.01928103930545742,0.010420453686063667,0.010424824558029993
2023-12-05,2023,PERSIST,60,0.06775956284152995,0.022466664828116895,0.028155849235737215,0.01793818779230004,0.023535189760593843
2023-12-06,2023,PERSIST,60,0.07131952017448207,0.019497897989715584,0.020919962406052952,0.014875683831727271,0.015922668438781894
2023-12-07,2023,PERSIST,60,0.06868730920191868,0.017514843699839987,0.017087540895402,0.011780721182884868,0.011091846443972042
2023-12-08,2023,PERSIST,60,0.0690565207829339,0.01783472631339317,0.017481148748266104,0.01272424989836281,0.012061371173364702
2023-12-11,2023,PERSIST,60,0.07770195905789112,0.0186068168343936,0.021265913799089414,0.014208483545966244,0.016499171365106556
2023-12-12,2023,WEAK,60,0.07632914184866513,0.0021520664209351385,-0.004060512603661415,-0.012524759760693102,-0.020880704664777414
2023-12-13,2023,WEAK,60,0.06296296296296289,0.00718419402422191,0.0034160008381998487,-0.019140911743904383,-0.02436522883964644
2023-12-14,2023,PERSIST,60,0.06252723311546848,0.024135605011712594,0.019107875885428525,0.018662448266670503,0.013521398976467647
2023-12-15,2023,START,60,0.06622950819672124,0.008108274554127966,0.01039105270482914,-0.007988004776625385,-0.005370549516436486
2023-12-18,2023,PERSIST,60,0.0842059336823735,0.023208232636112845,0.02298440260867026,0.02026141073013089,0.020285050745171705
2023-12-19,2023,PERSIST,60,0.07550043516100957,0.02208451072862219,0.021212419744857974,0.02232466455153561,0.021172678775509046
2023-12-20,2023,PERSIST,60,0.08030467899891192,0.023517821177602954,0.022633289691393717,0.024209064887466915,0.023106509805624974
2023-12-21,2023,PERSIST,60,0.07198443579766511,0.02233448302214708,0.025681851609061498,0.023948407460769847,0.026689853424961222
2023-12-22,2023,PERSIST,60,0.07471388469013163,0.021358379075032803,0.019559022051915335,0.02344583355866825,0.021882932950594687
2023-12-25,2023,PERSIST,60,0.07805088400172489,0.021536171905265265,0.021520511444505164,0.02336213268759925,0.02358389544072388
2023-12-26,2023,PERSIST,60,0.09677419354838701,0.02206791282481565,0.022995652419030333,0.024112500739903633,0.02548280469737908
2023-12-27,2023,PERSIST,60,0.10553300576799818,0.02151341628327355,0.023520561610974926,0.023460488461355157,0.02594191875189956
2023-12-28,2023,PERSIST,60,0.10758947822337217,0.017153145814228242,0.018768696220086867,0.01675795471895549,0.018763099148503798
2023-12-29,2023,PERSIST,60,0.12082705147533912,0.011962465105475379,0.014060621190834307,0.012904924180622937,0.014831230801983498
2024-01-02,2024,PERSIST,60,0.13546586517818793,0.020750993197098715,0.01979632678128625,0.020408951555845822,0.01937773277033587
2024-01-03,2024,PERSIST,60,0.16012931034482758,0.012125779342894074,0.013384761731934447,0.01171548265860958,0.012663584105121035
2024-01-04,2024,PERSIST,60,0.15475423910710462,0.01255711710878095,0.012373703882663964,0.012550414329117524,0.011942420058892778
2024-01-05,2024,PERSIST,60,0.15161912931589105,0.014292101717336685,0.012617031064634271,0.014437581334597445,0.012482217301080116
2024-01-08,2024,PERSIST,60,0.17308105783702454,0.016036369808121266,0.014341381449056775,0.01536444668164889,0.01345595708774502
2024-01-09,2024,PERSIST,60,0.15988809984936503,0.016659133367070384,0.016060075731046484,0.017178242365815347,0.01621594164163921
2024-01-10,2024,PERSIST,60,0.18113126079447328,0.01738858835887292,0.015274636677311904,0.017760397785022412,0.015497414723609434
2024-01-11,2024,PERSIST,60,0.17942635324563305,0.019202956502952638,0.017283462277160103,0.021492914832169644,0.01945266266554247
2024-01-12,2024,PERSIST,60,0.16230703259005153,0.020148046446023058,0.018884176422075277,0.023432121284876845,0.02219597514772876
2024-01-15,2024,PERSIST,60,0.16902011125374417,0.02185713954831967,0.020751310743496752,0.024845794788174252,0.02403521434155837
2024-01-16,2024,PERSIST,60,0.16863334048487455,0.019766965464627098,0.020709587375500826,0.023810637496152986,0.024979210939917198
2024-01-17,2024,PERSIST,60,0.15160034602076133,0.024908210271935564,0.026737438532966114,0.029385868282365116,0.03154129798160901
2024-01-18,2024,PERSIST,60,0.13912855910267452,0.026021497957342113,0.02589256948509997,0.029168495930406574,0.029143770098155514
2024-01-19,2024,PERSIST,60,0.13538527765820074,0.025803388747835377,0.02473511025741293,0.02883487398858615,0.027874085699479165
2024-01-22,2024,PULLBACK,60,0.14427860696517403,-0.006100327628460318,-0.007226290260458554,-0.0039515924199543355,-0.004713526457741769
2024-01-23,2024,PULLBACK,60,0.14449244060475164,-0.008027526990417758,-0.0052816081345964305,-0.007782828905184153,-0.004940244865556904
2024-01-24,2024,PULLBACK,60,0.14955502496201434,-0.009578505307336291,-0.004072429724169501,-0.008986097460366476,-0.0034698940775369164
2024-01-25,2024,PULLBACK,60,0.13000216309755563,-0.0076471952489189435,-0.006364204743605179,-0.006684364679346523,-0.00506532125487588
2024-01-26,2024,PULLBACK,60,0.13848144952545294,-0.007912877134236702,-0.008261537748998288,-0.0044854985259481055,-0.0046428938538361254
2024-01-29,2024,PULLBACK,60,0.13294548588666233,-0.008835879417756272,-0.006247233196664656,-0.0057951703033306615,-0.0030756445560796803
2024-01-30,2024,PULLBACK,60,0.12849162011173187,-0.005487977126110066,-0.0033081053085946936,-0.0024915499376159463,-0.00022892118991165063
2024-01-31,2024,PULLBACK,60,0.14574376612209794,-0.0034241580934512884,-0.0018021438888217675,-0.003037971995446378,-0.0012769179469869574
2024-02-01,2024,PERSIST,60,0.14322414900449565,0.02716284129987261,0.026369414612387725,0.027850876631475344,0.02730078456275318
2024-02-02,2024,PERSIST,60,0.14402232238677826,0.024988737099431297,0.0249670389399955,0.026911585588085325,0.02682240279686631
2024-02-05,2024,PULLBACK,60,0.15492350786468445,-0.0032187745066700364,-0.0033318414057957255,-0.0009746109883696139,-0.0007275647573762008
2024-02-06,2024,PULLBACK,60,0.17121961712196176,-0.0009205929523751844,-0.0008648520591985228,-0.000785017173524871,-0.0006119897323190095
2024-02-07,2024,PERSIST,60,0.16133190118152507,0.026125515148884493,0.02577930406775097,0.027793604303885097,0.027519224491436137
2024-02-08,2024,PERSIST,60,0.1899525657611041,0.02552011000066144,0.025553997980734443,0.02763559964828093,0.027719890955850483
2024-02-19,2024,PULLBACK,60,0.19461786867599584,-0.0019374011386987617,-0.0035048906373752703,-0.0010418051450244263,-0.0023586620609697385
2024-02-20,2024,PULLBACK,60,0.183304647160069,-0.002999071527320857,0.0020108042017776637,-0.003145925980284487,0.0017606321798395652
2024-02-21,2024,PULLBACK,60,0.1597327010131493,0.002064917924545902,0.0027599446980314415,-0.00010598436048142633,0.0006916171641726553
2024-02-22,2024,PERSIST,60,0.1396852769993533,0.023132872071291076,0.023468240606173713,0.02289547893958038,0.023076457383980047
2024-02-23,2024,PERSIST,60,0.14547019582526355,0.021196503768951776,0.02120618776287774,0.02140768690808415,0.021094617774283758
2024-02-26,2024,PERSIST,60,0.15493867010974816,0.021455775983476456,0.01921316261289256,0.02185377179904077,0.01934524017614853
2024-02-27,2024,PERSIST,60,0.15515386270712295,0.020621641984192744,0.020455026857677625,0.021429230736402936,0.02102242636737331
2024-02-28,2024,PERSIST,60,0.14623655913978495,0.02395715424985216,0.024285330859003453,0.0262426801010098,0.02654325111557827
2024-02-29,2024,PERSIST,60,0.14488087572440445,0.024335019837427772,0.023967226182131176,0.0266222032021317,0.026218568119639876
2024-03-01,2024,PERSIST,60,0.12547608971646218,0.02383616350784598,0.02301070100190697,0.025676121927462773,0.024841986718402556
2024-03-04,2024,PERSIST,60,0.11668757841907151,0.021962604366363648,0.021158656799395287,0.023291047950296868,0.022197966639885183
2024-03-05,2024,PERSIST,60,0.10449625312239785,0.020195389230080664,0.018810002652679476,0.02122591095390023,0.019800901154603565
2024-03-06,2024,PERSIST,60,0.11303630363036299,0.022494402538710635,0.023508121623970157,0.023465424637423998,0.024790349638356555
2024-03-07,2024,PERSIST,60,0.10808597748208815,0.01659917509315338,0.017145809455692922,0.01671782618723564,0.017199314381172164
2024-03-08,2024,PERSIST,60,0.06881107491856686,0.01676654972511786,0.02028780868721965,0.016873884922194892,0.020404715168762775
2024-03-11,2024,PERSIST,60,0.07182207712711697,0.014727336619124766,0.018625926880674073,0.013974265850038551,0.01775695576095865
2024-03-12,2024,PERSIST,60,0.08228759514503192,0.011412477956935814,0.016445950645528087,0.01070765664510034,0.0157563899145634
2024-03-13,2024,PERSIST,60,0.07209967320261423,0.0074053202032716625,0.009181509670921816,0.007540091822761364,0.009412016122080135
2024-03-14,2024,PERSIST,60,0.08669809387169503,0.00419514255664483,0.00572673121950367,0.004336879690952672,0.005799662045567085
2024-03-15,2024,PERSIST,60,0.08280385324861661,0.003740722581389766,0.0026673180171006006,0.0037046189133197794,0.0028545859097210105
2024-03-18,2024,PERSIST,60,0.08693869181874114,0.00814542115404017,0.009740927131087746,0.008499774923690098,0.010540452874006644
2024-03-19,2024,PERSIST,60,0.0891758917589176,0.006966087676435338,0.005088979701402863,0.008028821920280397,0.00656991286588883
2024-03-20,2024,PERSIST,60,0.08309859154929589,0.006914299930957975,0.0053980914020435485,0.007890280226462909,0.006603700698423434
2024-03-21,2024,PERSIST,60,0.07222334614606529,0.004208903873621444,-5.843395800179236e-05,0.005148561421392618,0.0008553632057949931
2024-03-22,2024,PERSIST,60,0.06768734891216743,0.0049187841682106995,0.006712831852395703,0.008012887198428027,0.010034724212173388
2024-03-25,2024,PERSIST,60,0.06614236741278501,0.006276393123585489,0.004028478323486748,0.009084375177152373,0.007184935924008649
2024-03-26,2024,PERSIST,60,0.052039381153305087,0.0065920033349508595,0.005848199900311429,0.008183947816783456,0.007488952185534086
2024-03-27,2024,PERSIST,60,0.056599999999999984,0.005728751856074243,0.004765504848086924,0.00751842329017717,0.006594765463104888
2024-03-28,2024,PERSIST,60,0.03862745098039211,0.0007339736954339981,0.0020600078463443926,0.003366148415135788,0.004431645817070252
2024-03-29,2024,PERSIST,60,0.026280193236714933,-0.00012321761751286388,-0.005137890213755837,0.001713336286099514,-0.002918129761845397
2024-04-01,2024,PERSIST,60,0.033677243527350686,0.002868589902438671,0.0029356098286043835,0.004418531071386063,0.004885504342362408
2024-04-02,2024,PERSIST,60,0.034012298232129146,0.006622805802167794,0.010297663373521239,0.0076983641751527925,0.011992766388381941
2024-04-03,2024,PERSIST,60,0.014369446020041643,0.006443384264560361,0.008440278113692672,0.007157419927994655,0.009802941829287311
2024-04-08,2024,PERSIST,60,0.008173880735649286,0.005065880965436824,0.00461777002668073,0.005528858848187148,0.00574397504183412
2024-04-09,2024,PERSIST,60,-0.0027881040892192566,-0.0003082157835441104,0.008152146400218215,4.591580310210142e-05,0.009275665615329623
2024-04-10,2024,PERSIST,60,0.0007448789571693482,-0.001362239016729232,0.004603636746338279,-0.00011607766515284211,0.007068655065799687
2024-04-11,2024,PERSIST,60,-0.010813782991202392,-0.0016427811077946407,0.004309923220918161,7.892097831090246e-07,0.007458977720685194
2024-04-12,2024,PERSIST,60,0.013729128014842384,-0.012038729300003461,-0.011846088196898915,-0.010548281720307504,-0.009768576833007515
2024-04-15,2024,PERSIST,60,-0.0034728568817401495,-0.01163377487558858,-0.0013817821163299108,-0.010022511591303903,0.00083504663629742
2024-04-16,2024,PERSIST,60,0.0027427317608337276,-0.013715802037037268,-0.01389829743057616,-0.012527670665297022,-0.011567485113749535
2024-04-17,2024,PERSIST,60,0.032835270245342274,-0.017183459998475585,-0.01615949766122948,-0.016360098642851057,-0.014254728602209187
2024-04-18,2024,PERSIST,60,0.016654465592972123,-0.013911797330101927,-0.01370256242912213,-0.013170275644035487,-0.01161798089109602
2024-04-19,2024,PERSIST,60,0.0020194602533505357,-0.018770987497225177,-0.015079591789710543,-0.017480270928549112,-0.013374143717890249
2024-04-22,2024,PERSIST,60,0.019154929577464674,-0.007023973793830525,-0.005308696118863707,-0.006891867685363771,-0.003585643132972157
2024-04-23,2024,PERSIST,60,0.02821435334217015,-0.0018409364200288967,0.0038720241831347955,-0.0030011318346926654,0.0034515932704595412
2024-04-24,2024,PERSIST,60,0.029194312796208433,-0.00342358554937975,-0.006331239045361671,-0.004210738355206727,-0.006707137770216715
2024-04-25,2024,PERSIST,60,0.018525519848771266,-0.00371428920166059,-0.006045198639936843,-0.004279645122519751,-0.006075139131881755
2024-04-26,2024,PERSIST,60,0.002453293074164975,-0.005073531264916942,-0.007863345544703599,-0.0054494712629341,-0.0079512016289159
2024-04-29,2024,PERSIST,60,0.018693353474320107,0.0015858695663759186,-0.0010077409165990207,0.00042945783000718473,-0.0012299859040201888
2024-04-30,2024,PERSIST,60,0.029670750382848166,0.009639021929098213,0.005530514208651995,0.00724694114477986,0.003985735015562712
2024-05-06,2024,PERSIST,60,0.025009473285335426,0.011889911982277193,0.01344747673206471,0.009004206565714693,0.010566071572318333
2024-05-07,2024,PERSIST,60,0.046215290985165414,0.011990960224590966,0.011244219739701427,0.008883262904951015,0.008331753424287436
2024-05-08,2024,PERSIST,60,0.04246001523229248,0.015407257582819488,0.016424537615287536,0.012620348684685236,0.013824026988730153
2024-05-09,2024,PULLBACK,60,0.011257035647279423,0.030131040059545408,0.03868815726803551,0.028520725450022783,0.03706753022308029
2024-05-10,2024,PULLBACK,60,0.001872659176029856,0.029524120889998024,0.03716544893702924,0.029419277024090144,0.03650382886589432
2024-05-13,2024,PULLBACK,60,-0.0043151969981237714,0.026289969388564483,0.02855250406994401,0.024930028941716455,0.02785643620056924
2024-05-14,2024,PULLBACK,60,-0.002798507462686728,0.03065734819633923,0.029453176461737222,0.029745706671593514,0.029014703126226907
2024-05-15,2024,PULLBACK,60,-0.007162534435261825,0.03952024245058413,0.0450152185108752,0.03655234275823342,0.04210231423622344
2024-05-16,2024,PULLBACK,60,0.0007399186089531717,0.038225726613942856,0.03978967892832072,0.03540112326962481,0.03710475464823234
2024-05-17,2024,PULLBACK,60,-0.0077912665337923626,0.039854012462886695,0.03359102458682621,0.03804860002279686,0.032699003799528635
2024-05-20,2024,PERSIST,60,-0.013696161470535317,0.01187748982293611,0.009361644958620342,0.00774100428256505,0.005666546788519177
2024-05-21,2024,PERSIST,60,-0.012545454545454526,0.014508214557063172,0.020302880740333817,0.010866887715196068,0.017182658782499936
2024-05-22,2024,PERSIST,60,0.01579925650557623,0.015065086690101457,0.019910993315482343,0.011651906714323203,0.01648665067088601
2024-05-23,2024,PERSIST,60,0.04066578399848675,0.014750433877973305,0.02226369051717346,0.012373610683191474,0.019892214703645956
2024-05-24,2024,PERSIST,60,0.03550629344354661,0.009105553299161323,0.010242460554164614,0.007327187395899368,0.00802465217787175
2024-05-27,2024,PERSIST,60,0.027389603130240303,0.007902017945554786,0.008112057184993993,0.005960313318935082,0.005084191629716811
2024-05-28,2024,PERSIST,60,0.031110283159463403,0.009805257807233897,0.004903524266482777,0.008337978777639449,0.003213945951142662
2024-05-29,2024,PERSIST,60,0.03264540337711064,0.00846593934741904,0.0045103750758010795,0.006603260591145034,0.0020361673939687536
2024-05-30,2024,PERSIST,60,0.03599550056242973,0.013134122746312824,0.00932805643210717,0.010390263215185037,0.00639368682156986
2024-05-31,2024,PERSIST,60,0.039293100206805764,0.013525695132955337,0.009329475778649694,0.01150143363390674,0.006384073768213322
2024-06-03,2024,PERSIST,60,0.03838951310861427,0.017116077347642023,0.01720345786318362,0.016405864686726373,0.015343900804783343
2024-06-04,2024,PERSIST,60,0.04391255182811915,0.019458865810356912,0.015938962083481497,0.018562876037951582,0.013862890404044974
2024-06-05,2024,PERSIST,60,0.024462564862861358,0.019721016069904874,0.019309914340779,0.019452027080225805,0.017966433897649427
2024-06-06,2024,PERSIST,60,0.016996120450766705,0.022808588259422967,0.016402761976476925,0.02263927378094819,0.015431475179840237
2024-06-07,2024,PERSIST,60,0.044952380952380855,0.026081377576313666,0.02586996507111532,0.025354351210808923,0.024381157417739163
2024-06-11,2024,PULLBACK,60,0.04302303445650102,0.0012593500527615029,-0.0034654956038427196,0.003935318079435473,-9.009236266987412e-05
2024-06-12,2024,PULLBACK,60,0.04219730089336626,0.004784168863868527,-0.0005197621704281509,0.007038053083832941,0.0014004040280806603
2024-06-13,2024,PULLBACK,60,0.04972375690607733,0.005691464032514502,0.005302298533701014,0.009823627502368646,0.008895576714949704
2024-06-14,2024,PULLBACK,60,0.034515277253866605,0.007373361929690191,0.0003862149412937858,0.01145697007486501,0.004452179410859549
2024-06-17,2024,PULLBACK,60,0.04334658338065478,0.004862759601435718,0.004218788114495415,0.008414534833546572,0.007341659636808123
2024-06-18,2024,PULLBACK,60,0.044331258253159644,0.014518081647945429,0.0262348453679521,0.017235424571971455,0.02797359461604932
2024-06-19,2024,PULLBACK,60,0.04046677959721445,0.012599970694125943,0.008118637261093468,0.015196849206157402,0.010526757125740346
2024-06-20,2024,PULLBACK,60,0.04272710384543932,0.012122283271278709,0.0103420663012106,0.0149679739175255,0.012750331633650575
2024-06-21,2024,PERSIST,60,0.06056603773584923,0.03284811419506638,0.03233913780571185,0.03256516477323167,0.031240357006453428
2024-06-24,2024,PULLBACK,60,0.054905660377358556,0.00107154726666666,-0.006838687842775358,0.0035081581230708217,-0.00418015972829071
2024-06-25,2024,PULLBACK,60,0.06279553622091916,0.0010014278817966973,-0.0029233402130415566,0.0034231530093211168,-0.0008823455998830891
2024-06-26,2024,PULLBACK,60,0.08575248281130632,0.00020144980424508137,-0.005862407332213828,0.0031281874675921487,-0.003087216105697614
2024-06-27,2024,PULLBACK,60,0.08328601173575612,-0.0005820167055993804,-0.006533641668740096,0.002085799718551003,-0.003966470146567131
2024-06-28,2024,PULLBACK,60,0.08061166698131017,-0.00425526461007434,-0.007518530165768159,-0.0005006736270923677,-0.004478509606307135
2024-07-01,2024,PULLBACK,60,0.08454151760497086,-0.014042436813777991,-0.01046922266581065,-0.010738736517026035,-0.007766378866304309
2024-07-02,2024,PERSIST,60,0.08305084745762725,0.03901464980142115,0.03696418429933111,0.04036561064429133,0.037490438410243125
2024-07-03,2024,PULLBACK,60,0.048875673666604724,-0.01667861082304495,-0.01471715975502456,-0.0122480152294282,-0.010960337114961135
2024-07-04,2024,PERSIST,60,0.059086672879776314,0.043248665871831536,0.041585801758942054,0.04394457695797274,0.04168861674913086
2024-07-05,2024,PULLBACK,60,0.044776119402985204,-0.030914607643690174,-0.03313528513229664,-0.027460755926487328,-0.029403911278718785
2024-07-08,2024,PULLBACK,60,0.05256290773532157,-0.03253675806321959,-0.03169975670970383,-0.029208282910314576,-0.028182787852207365
2024-07-09,2024,START,60,0.06345366579828804,0.023215182469843543,0.027451114092550043,0.024898130413661818,0.027684089249488498
2024-07-10,2024,PERSIST,60,0.06911246989067998,0.03733474932020346,0.036695915976988645,0.03926537370494662,0.03811782471190049
2024-07-11,2024,START,60,0.0571010248901902,0.02872731279240553,0.027623647760910607,0.026539254872932707,0.025283697405799693
2024-07-12,2024,PERSIST,60,0.07355099046221558,0.03789827345907743,0.037421449405081075,0.0390389237724441,0.03857606906793414
2024-07-15,2024,START,60,0.07421590080233398,0.023174053426786037,0.021909837953692866,0.019920029807340773,0.018838938150823274
2024-07-16,2024,PERSIST,60,0.06465440257188781,0.03892538660296227,0.03627306677977768,0.040474861334648664,0.03818563470973608
2024-07-17,2024,PERSIST,60,0.07920792079207928,0.03517324657927672,0.03525473033060677,0.035506104331487015,0.03562351729301971
2024-07-18,2024,PERSIST,60,0.10260168559912053,0.037820626255045495,0.04008362258660376,0.03799185704329551,0.040833849196951814
2024-07-19,2024,PERSIST,60,0.11332227750138202,0.04327893213885095,0.050291443469798275,0.0434798213568842,0.050897881756995694
2024-07-22,2024,PERSIST,60,0.1049723756906078,0.03265969619302371,0.03182688265505643,0.03286736213814993,0.031701152582818526
2024-07-23,2024,PERSIST,60,0.10407073125805844,0.034516312926399756,0.03626416857752364,0.03527844999843617,0.03665070703338076
2024-07-24,2024,PERSIST,60,0.11098737936154413,0.028696052748891643,0.02601413903541606,0.028401756589887285,0.02520589947668319
2024-07-25,2024,START,60,0.13629518072289137,0.0006549854778037378,-0.0015874310415598565,-0.01514210697249509,-0.017774318187899582
2024-07-26,2024,PERSIST,60,0.13271547729379063,0.04151806396336359,0.033241726364491055,0.040651807266696295,0.032612600343889846
2024-07-29,2024,PERSIST,60,0.1414761108012641,0.04046188203260073,0.03739716284078212,0.03944475510772077,0.03583476369581877
2024-07-30,2024,PERSIST,60,0.11219963031423297,0.03938516922163368,0.03619934163375367,0.03715250007212858,0.03350576220049122
2024-07-31,2024,PERSIST,60,0.09271041628794752,0.03755962539169834,0.03589676944594597,0.03495461940432621,0.0324136053405495
2024-08-01,2024,PERSIST,60,0.09643835616438357,0.04082518358684466,0.034686161133502556,0.03869784272931756,0.03265380551338459
2024-08-02,2024,PERSIST,60,0.1183673469387756,0.03917803105998323,0.0397244327291974,0.03403700937258959,0.03374965932465066
2024-08-05,2024,WEAK,60,0.0962616822429907,-0.004650317506771211,-0.008701551166109565,-0.026281926645983167,-0.03329399328478773
2024-08-06,2024,WEAK,60,0.11644997173544369,-0.0013967438296520248,-0.005158621162048009,-0.023738689390766978,-0.028151870928622383
2024-08-07,2024,PULLBACK,60,0.10402245088868112,-0.031791164556057294,-0.03409388223473655,-0.036629137548412,-0.038748295416899864
2024-08-08,2024,WEAK,60,0.07843137254901977,0.0008823540894232224,-0.004324359556919625,-0.010537226161403904,-0.014928087137324183
2024-08-09,2024,WEAK,60,0.07301293900184835,-0.0021417132790253566,-0.012375322267774167,-0.016940017171245846,-0.027028222645413186
2024-08-12,2024,PULLBACK,60,0.04528853177501824,-0.03802475947374587,-0.025772408961906877,-0.041586488511324834,-0.029840819016972314
2024-08-13,2024,WEAK,60,0.04348620500639511,-0.007099748212067387,-0.02457245014580854,-0.03288638185891921,-0.05516533183398303
2024-08-14,2024,WEAK,60,0.05836862456269576,0.004503235646058045,-0.013474735250347883,-0.01721303529386182,-0.03974429812524484
2024-08-15,2024,WEAK,60,0.0633119853613906,0.0056879720278569575,-0.021018029900133614,-0.010605008896954439,-0.04056683959956851
2024-08-16,2024,PERSIST,60,0.07233733187931679,0.047079138620329225,0.05023686746862762,0.04250140888934731,0.0455190380128644
2024-08-19,2024,PERSIST,60,0.07293178519593613,0.0415850260871595,0.04086660305406902,0.03682048657458358,0.03571748886193952
2024-08-20,2024,PERSIST,60,0.08233587232499096,0.03942789593142079,0.041201450614039535,0.03321886628481692,0.03472541903586125
2024-08-21,2024,PERSIST,60,0.08563685636856366,0.04185808961446158,0.04145374288785571,0.036660645790184396,0.036357020959683774
2024-08-22,2024,PERSIST,60,0.06013808139534893,0.03553912494439468,0.03658786502865866,0.03266617065897344,0.03388104971122667
2024-08-23,2024,PERSIST,60,0.0604415490408976,0.03466427606934282,0.03504455229174283,0.02967080190006225,0.029719875595067165
2024-08-26,2024,PERSIST,60,0.0548118668596238,0.03389063369263209,0.03432475196997844,0.028952518003289296,0.02896650253754795
2024-08-27,2024,PERSIST,60,0.06023444544634793,0.03082616197538355,0.030783895920015323,0.026587175757032663,0.026453454566750932
2024-08-28,2024,PERSIST,60,0.05614731901065184,0.03303983636753076,0.03350880730416909,0.029888756308521804,0.0304298364558139
2024-08-29,2024,PERSIST,60,0.07036903039073805,0.03318845145099408,0.03260685089511725,0.027497560937219726,0.027083482991592373
2024-08-30,2024,PERSIST,60,0.07447774750227065,0.03749188432049226,0.03872787974754501,0.034796577218830366,0.03662043302648746
2024-09-02,2024,PERSIST,60,0.08220925993437844,0.028203051972495594,0.030881364404298527,0.026578374548439507,0.029535395557334546
2024-09-03,2024,PERSIST,60,0.07063332724949811,0.017565014483523246,0.016076626312152103,0.016914503170131948,0.015172549658678229
2024-09-04,2024,PERSIST,60,0.08353091373335775,0.022813385552908284,0.022667760087819625,0.021394938860615657,0.021013314658537216
2024-09-05,2024,PERSIST,60,0.08348457350272231,0.021290208606039602,0.018597207952580592,0.018532830089577908,0.015325928226186399
2024-09-06,2024,PERSIST,60,0.09899726526891506,0.022890506441271552,0.020891258253551603,0.02048020410747961,0.018264556729749425
2024-09-09,2024,PERSIST,60,0.0954281567489117,0.02745259697357859,0.027358883897448352,0.024888874067950227,0.0248131589414102
2024-09-10,2024,PERSIST,60,0.08670520231213885,0.028423086984576993,0.027533016554897906,0.028125036129464643,0.02714139596890355
2024-09-11,2024,PERSIST,60,0.07543415340086845,0.028416535181645747,0.026713445872171136,0.027823982376343995,0.026242455418232762
2024-09-12,2024,PERSIST,60,0.06128629966150001,0.02896805514280943,0.031074601196427954,0.02722464606878101,0.029181557573422875
2024-09-13,2024,PERSIST,60,0.05710727628535839,0.025811713987109002,0.02402386375909175,0.023789414834234968,0.021918680840585163
2024-09-18,2024,PERSIST,60,0.049365050974780944,0.026005562976512114,0.02598112218299095,0.02337071074487051,0.023460215162282153
2024-09-19,2024,PERSIST,60,0.04591564335290976,0.025633119889870225,0.027702560563485558,0.023733612229230452,0.025730184265769764
2024-09-20,2024,PERSIST,60,0.04116094986807384,0.022053361343313933,0.022343256086538452,0.018230556364322314,0.0182515658715559
2024-09-23,2024,PERSIST,60,0.03582037392975712,0.017990562171983963,0.017542968511634057,0.01343359041407867,0.012781176356720023
2024-09-24,2024,PERSIST,60,0.036338225017470416,0.01703011800108405,0.020710565447165468,0.012989111140522173,0.016292084591199237
2024-09-25,2024,PERSIST,60,0.03385416666666674,0.015039188496592882,0.01476503952768623,0.011538314443877899,0.011261504990311765
2024-09-26,2024,PERSIST,60,0.034602677795166015,0.014388744775371377,0.01535502195658899,0.008466083158405514,0.009393061481684298
2024-09-27,2024,PERSIST,60,0.05138199858256565,0.015960652636604348,0.01988328638952415,0.010378335835942795,0.014196196821813308
2024-09-30,2024,PERSIST,60,0.040830693417810426,0.014679389145835992,0.018032426035345064,0.010674664333977887,0.014117594000576841
