trial,cagr,drawdown,closed_trades,sessions,frequency,buyhold_cagr,buyhold_drawdown,return_pass,drawdown_pass,frequency_pass,qualified,tail_weight,spx_weight,entry,exit,max_days,lookback,premium,reference,candidate_id,archive,trial_path,account_key,fees,orders,fills,duplicate_parameter_of,same_account_as,cagr_delta_T040,drawdown_improvement_T040,dominates_T040,cagr_delta_EX19T054,drawdown_improvement_EX19T054,dominates_EX19T054
0,0.3620227709404007,-0.1529718276313491,62,403,9.23076923076923,0.2677652073856076,-0.310919408097985,False,True,False,False,0.5,0.0,0.2,0.0,3,60,0.0,EX15T000,EX15T000,20260930_S011_EX15,artifacts/trials/T000,1abab7f2108b9eec5d03b870db3f2a0c67319aafe618054c9514980a0204848c,,,,,,,,,,,
1,0.10887240776937834,-0.09845450022074809,21,403,3.1265508684863526,0.2677652073856076,-0.310919408097985,False,True,False,False,0.25,0.3,0.3,-0.2,3,20,0.01,EX15T001,EX15T001,20260930_S011_EX15,artifacts/trials/T001,f5b0cb6dc985bb20e3923f1ae8e42702fd91785cd9ec131eed5d5f86876a0ab9,,,,,,,,,,,
2,0.21298300955709215,-0.21255748181551992,100,403,14.88833746898263,0.2677652073856076,-0.310919408097985,False,True,False,False,0.75,0.15,0.1,0.0,1,120,0.003,EX15T002,EX15T002,20260930_S011_EX15,artifacts/trials/T002,e5b8e64ad04041b35add2e640f57d617ed7ad87d0a277587fdef31cbd7011582,,,,,,,,,,,
3,0.1882439270412528,-0.21877701938819305,102,403,15.186104218362283,0.2677652073856076,-0.310919408097985,False,True,False,False,0.25,0.3,0.1,0.05,1,120,0.01,EX15T003,EX15T003,20260930_S011_EX15,artifacts/trials/T003,b7d47a30d72a7d248800c393fa2ba890cbd62fea373006222077d3b3e0e263da,,,,,,,,,,,
4,0.17730206165811846,-0.06808047703180298,20,403,2.977667493796526,0.2677652073856076,-0.310919408097985,False,True,False,False,0.25,0.3,0.3,0.0,2,20,0.003,EX15T004,EX15T004,20260930_S011_EX15,artifacts/trials/T004,4f6aace42661259d012da0dc23790739f71f1107d9ce01a4afa621e76f8e5743,,,,,,,,,,,
5,0.4303939971499824,-0.1043058109619458,73,403,10.868486352357321,0.2677652073856076,-0.310919408097985,True,True,False,False,0.25,0.0,0.2,-0.2,2,20,0.003,EX15T005,EX15T005,20260930_S011_EX15,artifacts/trials/T005,a385b42ceedbeff5810e6b9fbe0d48d2817b76634e387e022a5af1dc1504369d,,,,,,,,,,,
6,0.07980762399134456,-0.02882823754170094,5,403,0.7444168734491315,0.2677652073856076,-0.310919408097985,False,True,False,False,0.5,0.15,0.4,0.0,3,20,0.003,EX15T006,EX15T006,20260930_S011_EX15,artifacts/trials/T006,3f5f018b8b7cd7e3bfb7d06785ad41fff9baae4b427a3ff7a3a23034b4ab2058,,,,,,,,,,,
7,0.4699865511216914,-0.1327058738301946,67,403,9.975186104218363,0.2677652073856076,-0.310919408097985,True,True,False,False,0.75,0.15,0.2,-0.2,3,20,0.01,EX15T007,EX15T007,20260930_S011_EX15,artifacts/trials/T007,8a86045c28de12a101e1a9643e49b4e6143edbc44c87ad69d827de8a0bd713b1,,,,,,,,,,,
8,0.3335802460291484,-0.15296937249422515,51,403,7.593052109181142,0.2677652073856076,-0.310919408097985,False,True,False,False,0.5,0.3,0.2,0.05,3,120,0.0,EX15T008,EX15T008,20260930_S011_EX15,artifacts/trials/T008,d214ddd6102ee6fc63c544fca369a53c1ac38ffcb823a34762ab300ea9874b82,,,,,,,,,,,
9,0.4509948045634704,-0.11823174220548416,54,403,8.03970223325062,0.2677652073856076,-0.310919408097985,True,True,False,False,0.25,0.3,0.2,-0.2,3,20,0.003,EX15T009,EX15T009,20260930_S011_EX15,artifacts/trials/T009,32e950fd809a87c56cea56ef3e85a96a10d95c57045eb016a5c040bc24d6bd98,,,,,,,,,,,
10,0.31704769791155574,-0.08283062882249603,38,403,5.6575682382134,0.2677652073856076,-0.310919408097985,False,True,True,False,0.25,0.15,0.3,0.05,2,120,0.0,EX15T010,EX15T010,20260930_S011_EX15,artifacts/trials/T010,b60cd308b356a0b25f2d88468035fbcccc99b0943ce40030fefac87efc9df441,,,,,,,,,,,
11,0.25758330762033754,-0.16588893987494724,76,403,11.3151364764268,0.2677652073856076,-0.310919408097985,False,True,False,False,0.5,0.3,0.1,-0.2,2,20,0.0,EX15T011,EX15T011,20260930_S011_EX15,artifacts/trials/T011,2a36bed62a22a0956815df0f9773c8b24d91842dc6caa2ef24f1b69c2a6d5ae3,,,,,,,,,,,
12,0.3262971819386091,-0.082057023131474,40,403,5.955334987593052,0.2677652073856076,-0.310919408097985,False,True,True,False,0.25,0.15,0.3,0.05,2,120,0.01,EX15T012,EX15T012,20260930_S011_EX15,artifacts/trials/T012,fa70a4038b8cf51f9df5c9197fc86cf0761bc1ed923515339466ac2f767a95bf,,,,,,,,,,,
13,0.1726925917637787,-0.15588990588473872,61,403,9.081885856079404,0.2677652073856076,-0.310919408097985,False,True,False,False,0.5,0.15,0.2,0.0,1,120,0.0,EX15T013,EX15T013,20260930_S011_EX15,artifacts/trials/T013,16afa68d38445357a9fb764b8adb66d65dda5f3b799f238bed90e3a45f4e3fc3,,,,,,,,,,,
14,0.22124284566049313,-0.08260028434874644,24,403,3.5732009925558312,0.2677652073856076,-0.310919408097985,False,True,False,False,0.75,0.3,0.3,-0.2,2,120,0.0,EX15T014,EX15T014,20260930_S011_EX15,artifacts/trials/T014,192795ff034657090d938d698385c783bcaa2d7605f37406285325232da22cc0,,,,,,,,,,,
15,0.08168127864772678,-0.028913350986911168,5,403,0.7444168734491315,0.2677652073856076,-0.310919408097985,False,True,False,False,0.5,0.15,0.4,0.05,2,20,0.0,EX15T015,EX15T015,20260930_S011_EX15,artifacts/trials/T015,348a5ed34c734406f5225232fd6752a02855dd6775b631b211dc9543e8fe6e80,,,,,,,,,,,
16,0.1434738593544389,-0.06826361783727364,20,403,2.977667493796526,0.2677652073856076,-0.310919408097985,False,True,False,False,0.25,0.3,0.3,-0.2,2,20,0.0,EX15T016,EX15T016,20260930_S011_EX15,artifacts/trials/T016,dfcd42bafaa2ad592942fc1441d57c62cc1edbcfc0f73788346b4059e2280250,,,,,,,,,,,
17,0.24596242503934374,-0.08239551214976593,27,403,4.01985111662531,0.2677652073856076,-0.310919408097985,False,True,True,False,0.75,0.3,0.3,0.0,2,60,0.003,EX15T017,EX15T017,20260930_S011_EX15,artifacts/trials/T017,a6ac43290ad9eefe4e0375a657a569c30b1a12a7ac6bbb41d68fe86daab27e9c,,,,,,,,,,,
18,0.2170891153570882,-0.08239152406628869,23,403,3.424317617866005,0.2677652073856076,-0.310919408097985,False,True,False,False,0.5,0.0,0.4,0.0,2,120,0.003,EX15T018,EX15T018,20260930_S011_EX15,artifacts/trials/T018,0a881af5c1c72fefe26294d122765c25e0c5abb2e86041b2d84bf878c229da94,,,,,,,,,,,
19,0.14692884583098786,-0.11482637807665408,23,403,3.424317617866005,0.2677652073856076,-0.310919408097985,False,True,False,False,0.25,0.3,0.3,0.05,1,120,0.0,EX15T019,EX15T019,20260930_S011_EX15,artifacts/trials/T019,2bb60257c7abdb46e8217ef242044c868a86cd57110c6c7a8605c0de826d6e99,,,,,,,,,,,
20,0.039099933282783494,0.0,2,403,0.2977667493796526,0.2677652073856076,-0.310919408097985,False,True,False,False,0.25,0.3,0.4,-0.2,3,20,0.003,EX15T020,EX15T020,20260930_S011_EX15,artifacts/trials/T020,400cda0743e9bbabcb50fa315328d1c469c0a98d686e934784f6d45d2001f1eb,,,,,,,,,,,
21,0.5847351540041585,-0.21541991172979447,65,403,9.67741935483871,0.2677652073856076,-0.310919408097985,True,True,False,False,0.75,0.15,0.2,-0.2,3,60,0.01,EX15T021,EX15T021,20260930_S011_EX15,artifacts/trials/T021,a94711ce24ebd4ca71ae91adea21df73531197e132bba1908f1db1991c6fd901,,,,,,,,,,,
22,0.4899233737591939,-0.1576401938225115,97,403,14.441687344913152,0.2677652073856076,-0.310919408097985,True,True,False,False,0.5,0.0,0.1,0.05,2,120,0.01,EX15T022,EX15T022,20260930_S011_EX15,artifacts/trials/T022,db51f880f8110a4ced0fb67a61d35ee7ca198542abc46bdc77755a1cc63a5b67,,,,,,,,,,,
23,0.021834820245974162,-0.051940795284166064,6,403,0.8933002481389578,0.2677652073856076,-0.310919408097985,False,True,False,False,0.5,0.3,0.4,0.05,3,120,0.01,EX15T023,EX15T023,20260930_S011_EX15,artifacts/trials/T023,b28c91198b5ad3bebc6a314674a8cfa6ebd4fa3cb6a9c8a822b6168cd261b9be,,,,,,,,,,,
24,0.07017802360752401,-0.05230247394486909,9,403,1.3399503722084367,0.2677652073856076,-0.310919408097985,False,True,False,False,0.75,0.15,0.4,0.0,3,20,0.003,EX15T024,EX15T024,20260930_S011_EX15,artifacts/trials/T024,8e0016195bc3323fa1d77ce5c497c6c8b46eed278f5b69056c89a163fc51b421,,,,,,,,,,,
25,0.15960906300476574,-0.06808132692906943,20,403,2.977667493796526,0.2677652073856076,-0.310919408097985,False,True,False,False,0.25,0.3,0.3,-0.2,2,20,0.003,EX15T025,EX15T025,20260930_S011_EX15,artifacts/trials/T025,6f95efb2bc508a3e61d128c5a7d68e0ea9516f8332966fc65d477fe34cf0fa05,,,,,,,,,,,
26,0.2465595818256654,-0.15022164515255199,58,403,8.635235732009926,0.2677652073856076,-0.310919408097985,False,True,False,False,0.75,0.3,0.2,-0.2,1,120,0.0,EX15T026,EX15T026,20260930_S011_EX15,artifacts/trials/T026,97f3b9d408a472e6d97c2d6f10ee4adcf5bb380de92952abfdece85b49c744fa,,,,,,,,,,,
27,0.16333655189474738,-0.11453284171313649,24,403,3.5732009925558312,0.2677652073856076,-0.310919408097985,False,True,False,False,0.25,0.3,0.3,0.0,1,120,0.003,EX15T027,EX15T027,20260930_S011_EX15,artifacts/trials/T027,cb86de3241cad455f276f8f79fb79a163427d1d336402ac4841eb00e390edeaa,,,,,,,,,,,
28,0.5468943115972096,-0.0916042812233201,66,403,9.826302729528535,0.2677652073856076,-0.310919408097985,True,True,False,False,0.75,0.3,0.2,0.0,2,20,0.01,EX15T028,EX15T028,20260930_S011_EX15,artifacts/trials/T028,bd6d8c89b6024f9ba84443db85c9ec7cff889be266aeb386945e882fffe4ac18,,,,,,,,,,,
29,0.16333655189474738,-0.11453284171313649,24,403,3.5732009925558312,0.2677652073856076,-0.310919408097985,False,True,False,False,0.25,0.3,0.3,-0.2,1,120,0.003,EX15T029,EX15T029,20260930_S011_EX15,artifacts/trials/T029,cb86de3241cad455f276f8f79fb79a163427d1d336402ac4841eb00e390edeaa,,,,,,,,,,,
30,0.5356340323422533,-0.12140138047690197,50,403,7.444168734491315,0.2677652073856076,-0.310919408097985,True,True,False,False,0.5,0.0,0.3,-0.2,3,120,0.003,EX15T030,EX15T030,20260930_S011_EX15,artifacts/trials/T030,9c92a142bbf881142c40d156174796e6240c0daed98547603509b207b93b0a58,,,,,,,,,,,
31,0.24581960560166838,-0.08282935811872016,37,403,5.508684863523573,0.2677652073856076,-0.310919408097985,False,True,True,False,0.75,0.15,0.3,-0.2,1,60,0.0,EX15T031,EX15T031,20260930_S011_EX15,artifacts/trials/T031,c0102c540bb4ea2aa9e276e7df77b2393c70040f838ca9adad464acd108b29f0,,,,,,,,,,,
32,0.5543287466163511,-0.09160531960576934,70,403,10.421836228287841,0.2677652073856076,-0.310919408097985,True,True,False,False,0.75,0.15,0.2,0.05,2,20,0.01,EX15T032,EX15T032,20260930_S011_EX15,artifacts/trials/T032,1985c09347bcb05a3babe62058938a35715e608256541db767adbdef6cf7e5a3,,,,,,,,,,,
33,0.18207914764869249,-0.15022260529820752,54,403,8.03970223325062,0.2677652073856076,-0.310919408097985,False,True,False,False,0.5,0.3,0.2,0.0,1,60,0.0,EX15T033,EX15T033,20260930_S011_EX15,artifacts/trials/T033,09d767af932ace183c079411e2b1ae62e6ce1113483e2eb568374af6fc487ef8,,,,,,,,,,,
34,0.5124574681718583,-0.10713673509069943,66,403,9.826302729528535,0.2677652073856076,-0.310919408097985,True,True,False,False,0.25,0.15,0.2,0.0,2,20,0.01,EX15T034,EX15T034,20260930_S011_EX15,artifacts/trials/T034,cbe2109836abe2da459650b22b9feab2521fd9c16598cc99989a25a004046def,,,,,,,,,,,
35,0.4548485785718033,-0.09546918595332898,52,403,7.741935483870968,0.2677652073856076,-0.310919408097985,True,True,False,False,0.25,0.3,0.2,0.0,3,60,0.01,EX15T035,EX15T035,20260930_S011_EX15,artifacts/trials/T035,b70a8301c262546895ee5ee86e5b7462f996f14966643f7d14b4843c8ea15d78,,,,,,,,,,,
36,0.5684157196430761,-0.15763621740391442,97,403,14.441687344913152,0.2677652073856076,-0.310919408097985,True,True,False,False,0.5,0.0,0.1,0.0,2,60,0.01,EX15T036,EX15T036,20260930_S011_EX15,artifacts/trials/T036,a9c91b945855ac74cd1f28e8cc863532e880f5bcfe6bf39cd16120467be670f8,,,,,,,,,,,
37,0.5712686496747483,-0.15255903240806,83,403,12.357320099255583,0.2677652073856076,-0.310919408097985,True,True,False,False,0.5,0.3,0.1,0.0,3,60,0.003,EX15T037,EX15T037,20260930_S011_EX15,artifacts/trials/T037,01efab09746c2b6f9a407d0d2b7628c52d46d55b325ccd6036025ce6913e6688,,,,,,,,,,,
38,0.20899581292269964,-0.10388885890125665,24,403,3.5732009925558312,0.2677652073856076,-0.310919408097985,False,True,False,False,0.25,0.3,0.3,-0.2,2,120,0.003,EX15T038,EX15T038,20260930_S011_EX15,artifacts/trials/T038,bb415a7b317c116a819329386da9230c86756275f77e0e7cdc2ba1820c5020a6,,,,,,,,,,,
39,0.2792899115590064,-0.0811429848645574,35,403,5.2109181141439205,0.2677652073856076,-0.310919408097985,False,True,True,False,0.5,0.15,0.3,0.05,1,60,0.01,EX15T039,EX15T039,20260930_S011_EX15,artifacts/trials/T039,8f2164adb17e8239f7b45210f46c82cef9497ce9204b731ffec0fc882025f5d9,,,,,,,,,,,
40,0.4154489709858009,-0.07250951093439251,40,403,5.955334987593052,0.2677652073856076,-0.310919408097985,True,True,True,True,0.75,0.15,0.3,0.0,2,120,0.003,EX15T040,EX15T040,20260930_S011_EX15,artifacts/trials/T040,c04b85e1294c78591596451c29ccd6eeb09b8ce2e42243ff49acfb77cdf11540,,,,,,,,,,,
41,0.15994611038067696,-0.08170055856120129,22,403,3.2754342431761785,0.2677652073856076,-0.310919408097985,False,True,False,False,0.5,0.3,0.3,-0.2,1,120,0.003,EX15T041,EX15T041,20260930_S011_EX15,artifacts/trials/T041,c75503f3a821e436a607e3b095611d8fe5989e991cf75a6c5aefd84ce5be0ee1,,,,,,,,,,,
42,0.3504657061071783,-0.16545754178494898,85,403,12.655086848635236,0.2677652073856076,-0.310919408097985,False,True,False,False,0.25,0.15,0.1,-0.2,2,20,0.003,EX15T042,EX15T042,20260930_S011_EX15,artifacts/trials/T042,0127f503efec2db474d4d6ca8f4a8af5027b95d3ec3156dd0dc0a985b7efd6f7,,,,,,,,,,,
43,0.23016290918561189,-0.11482512356086516,59,403,8.784119106699752,0.2677652073856076,-0.310919408097985,False,True,False,False,0.25,0.15,0.2,-0.2,1,20,0.0,EX15T043,EX15T043,20260930_S011_EX15,artifacts/trials/T043,8e31e2cc333f34bb9fc50b9fafdb4f81d5d8b0266c4580215e0afa8df3f5447a,,,,,,,,,,,
44,0.48693707649155504,-0.12213698323650679,64,403,9.528535980148883,0.2677652073856076,-0.310919408097985,True,True,False,False,0.5,0.15,0.2,0.0,2,60,0.01,EX15T044,EX15T044,20260930_S011_EX15,artifacts/trials/T044,08e82da91c2bb3988946f158b254acfdd0f96ebcfb1eb85115d55c7fd9ba3f18,,,,,,,,,,,
45,0.5450693386581842,-0.092191453180832,67,403,9.975186104218363,0.2677652073856076,-0.310919408097985,True,True,False,False,0.75,0.15,0.2,0.05,2,20,0.003,EX15T045,EX15T045,20260930_S011_EX15,artifacts/trials/T045,09ae9ce10dc3a5d77519eb8ef121f8c6548940269111c8f6914a31e726e6091e,,,,,,,,,,,
46,0.2168044959618689,-0.11432240252825632,41,403,6.104218362282879,0.2677652073856076,-0.310919408097985,False,True,False,False,0.25,0.0,0.3,0.0,2,20,0.003,EX15T046,EX15T046,20260930_S011_EX15,artifacts/trials/T046,5924a438118eb6ccb9c2b79e676785f7e28353965d18a4ce713e443fa71466a9,,,,,,,,,,,
47,0.4503521701296367,-0.15941217085795645,61,403,9.081885856079404,0.2677652073856076,-0.310919408097985,True,True,False,False,0.5,0.15,0.2,-0.2,3,120,0.003,EX15T047,EX15T047,20260930_S011_EX15,artifacts/trials/T047,1720e82fac562e7474cfb989f327e76137803159f6724444656bcf19057932ad,,,,,,,,,,,
48,0.3099002997224942,-0.20323053434324856,104,403,15.483870967741936,0.2677652073856076,-0.310919408097985,False,True,False,False,0.5,0.0,0.1,0.05,1,20,0.003,EX15T048,EX15T048,20260930_S011_EX15,artifacts/trials/T048,3d7d84d10144417aa5e9bf32dcaba29a0e758f21ea7a58825a680b3727d959a6,,,,,,,,,,,
49,0.38440595792615384,-0.15297148085200019,80,403,11.910669975186105,0.2677652073856076,-0.310919408097985,False,True,False,False,0.25,0.15,0.1,0.0,3,20,0.0,EX15T049,EX15T049,20260930_S011_EX15,artifacts/trials/T049,2d3942f23da591a9ef0ff849b134ca23417e641a1fb875dfdf2a1dff775e4af6,,,,,,,,,,,
50,0.05714003942226231,-0.05194612394548059,8,403,1.1910669975186103,0.2677652073856076,-0.310919408097985,False,True,False,False,0.5,0.15,0.4,0.05,3,60,0.01,EX15T050,EX15T050,20260930_S011_EX15,artifacts/trials/T050,dbeccb6b1e901a2477a166b0a4ae75b9f017ee0dc1e25f41fa8b227f031faafe,,,,,,,,,,,
51,0.032638852669171214,-0.07374756521587189,8,403,1.1910669975186103,0.2677652073856076,-0.310919408097985,False,True,False,False,0.75,0.15,0.4,0.05,1,60,0.0,EX15T051,EX15T051,20260930_S011_EX15,artifacts/trials/T051,7155babb131d8d94e0cfe5f76679e2214aa5142ad2ac926ccb7d99bab71b639d,,,,,,,,,,,
52,0.2062696197492191,-0.06763077113870797,37,403,5.508684863523573,0.2677652073856076,-0.310919408097985,False,True,True,False,0.25,0.15,0.3,0.0,2,20,0.01,EX15T052,EX15T052,20260930_S011_EX15,artifacts/trials/T052,41412660ededb13c1bb4f0593a152b2179315a3a82debc728dd69a0e6c394096,,,,,,,,,,,
53,0.5129959191728746,-0.15763813215074007,95,403,14.1439205955335,0.2677652073856076,-0.310919408097985,True,True,False,False,0.5,0.15,0.1,0.05,2,60,0.01,EX15T053,EX15T053,20260930_S011_EX15,artifacts/trials/T053,5db73a335a2b94ed8e3db7974742c0cc2e52a4928c9626269bf0b305215ab59a,,,,,,,,,,,
54,0.33419786810552266,-0.10755014245608074,67,403,9.975186104218363,0.2677652073856076,-0.310919408097985,False,True,False,False,0.25,0.0,0.2,-0.2,2,120,0.01,EX15T054,EX15T054,20260930_S011_EX15,artifacts/trials/T054,e99a08df1ca82f2ab1fb652bdf32ad408ca92e64addd8560619e6c11f4d3676e,,,,,,,,,,,
55,0.28334222377697427,-0.14575657775886175,62,403,9.23076923076923,0.2677652073856076,-0.310919408097985,False,True,False,False,0.75,0.3,0.2,0.05,1,60,0.003,EX15T055,EX15T055,20260930_S011_EX15,artifacts/trials/T055,26a379c0385ff57af89ef349cf684f70308dfc3515137a6d7c1c973a7152df17,,,,,,,,,,,
56,0.08313416169304744,-0.051487621708138365,7,403,1.0421836228287842,0.2677652073856076,-0.310919408097985,False,True,False,False,0.25,0.15,0.4,-0.2,3,60,0.003,EX15T056,EX15T056,20260930_S011_EX15,artifacts/trials/T056,58dd6f475b32b01515f7ae6b479d1309d9b407b8fc74276ce4e5c62a31677083,,,,,,,,,,,
57,0.4205919770557591,-0.09612047969008519,50,403,7.444168734491315,0.2677652073856076,-0.310919408097985,True,True,False,False,0.25,0.3,0.2,0.05,3,60,0.003,EX15T057,EX15T057,20260930_S011_EX15,artifacts/trials/T057,6f60d076b681cb668a792d55375c01ea88720e519d757c95296bd77e505d8bf8,,,,,,,,,,,
58,0.039099933282783494,0.0,2,403,0.2977667493796526,0.2677652073856076,-0.310919408097985,False,True,False,False,0.25,0.3,0.4,0.0,1,20,0.003,EX15T058,EX15T058,20260930_S011_EX15,artifacts/trials/T058,400cda0743e9bbabcb50fa315328d1c469c0a98d686e934784f6d45d2001f1eb,,,,,,,,,,,
59,0.28091876101717284,-0.11673104837088366,59,403,8.784119106699752,0.2677652073856076,-0.310919408097985,False,True,False,False,0.25,0.0,0.2,0.0,2,60,0.0,EX15T059,EX15T059,20260930_S011_EX15,artifacts/trials/T059,11af82bd12cd3580324bc7371ff873cdecb22bf066a05fd97811126e73be7f0f,,,,,,,,,,,
60,0.1521115048440631,-0.08406495201117326,23,403,3.424317617866005,0.2677652073856076,-0.310919408097985,False,True,False,False,0.25,0.0,0.4,0.05,3,20,0.0,EX15T060,EX15T060,20260930_S011_EX15,artifacts/trials/T060,5715812ff49e19c31d827d4a65953f3ff449f8c6b15da7512c88fcaffaa9827a,,,,,,,,,,,
61,0.4192847468795926,-0.09636525111250549,64,403,9.528535980148883,0.2677652073856076,-0.310919408097985,True,True,False,False,0.25,0.0,0.2,0.0,3,120,0.0,EX15T061,EX15T061,20260930_S011_EX15,artifacts/trials/T061,59b343b5009900be3d7ede11855d71b5a672c4ab577086b92261a1a3d814d3aa,,,,,,,,,,,
62,0.040428867763658394,-0.03379368190032406,5,403,0.7444168734491315,0.2677652073856076,-0.310919408097985,False,True,False,False,0.25,0.15,0.4,-0.2,1,20,0.01,EX15T062,EX15T062,20260930_S011_EX15,artifacts/trials/T062,03ce38af2ace1bb6c0fcc1aca59f211afbf53236b8f2d3c763d01ac4fd6208fd,,,,,,,,,,,
63,0.2274699034348895,-0.11453230917007318,48,403,7.1464019851116625,0.2677652073856076,-0.310919408097985,False,True,False,False,0.25,0.0,0.3,-0.2,1,120,0.003,EX15T063,EX15T063,20260930_S011_EX15,artifacts/trials/T063,4ac3e81d9243a836d4ad5f3094f928d4820f5c5c05835f1f13c52bc67c5c4f4d,,,,,,,,,,,
64,0.19483270779760908,-0.14927143931813858,52,403,7.741935483870968,0.2677652073856076,-0.310919408097985,False,True,False,False,0.25,0.3,0.2,0.0,1,60,0.003,EX15T064,EX15T064,20260930_S011_EX15,artifacts/trials/T064,628f8eaee396dac7085cf70ed3bcb1ccd9ff14f8f9b1153cf895f6aed15812d2,,,,,,,,,,,
65,0.4056303504594807,-0.15941323018596754,71,403,10.570719602977668,0.2677652073856076,-0.310919408097985,True,True,False,False,0.75,0.0,0.2,0.0,3,60,0.003,EX15T065,EX15T065,20260930_S011_EX15,artifacts/trials/T065,3731c80b7960dc2037836fd4ca96fdb8e8c698ac99d75f0f518f7c3b8015e84b,,,,,,,,,,,
66,0.22076989828699523,-0.07250597006670068,26,403,3.870967741935484,0.2677652073856076,-0.310919408097985,False,True,False,False,0.75,0.0,0.4,-0.2,2,60,0.003,EX15T066,EX15T066,20260930_S011_EX15,artifacts/trials/T066,980fffe817fea74a14170639131c1a94352a4b18aa10d216e1b07624190433ab,,,,,,,,,,,
67,0.5820247893095047,-0.15255343638727104,88,403,13.101736972704714,0.2677652073856076,-0.310919408097985,True,True,False,False,0.5,0.15,0.1,0.0,3,60,0.003,EX15T067,EX15T067,20260930_S011_EX15,artifacts/trials/T067,240246cf979efcc3cc18bd20ab277c7a8d8fa473c5a5dccb5117481ea81997fc,,,,,,,,,,,
68,0.35427138817585213,-0.11773955978200512,48,403,7.1464019851116625,0.2677652073856076,-0.310919408097985,False,True,False,False,0.25,0.0,0.3,-0.2,3,120,0.01,EX15T068,EX15T068,20260930_S011_EX15,artifacts/trials/T068,1a5b8c0b6383bf4e4cfdb606f51c56efbda192ae85ac23c79fccb3927fcd4ad4,,,,,,,,,,,
69,0.059146439434157205,-0.052308000511241626,8,403,1.1910669975186103,0.2677652073856076,-0.310919408097985,False,True,False,False,0.75,0.15,0.4,0.0,2,120,0.003,EX15T069,EX15T069,20260930_S011_EX15,artifacts/trials/T069,3cf17864e730c74f85541c80bf5f78e01fccdd15d05172beda5cd2c66d62c3d5,,,,,,,,,,,
70,0.28394779016408145,-0.1598402697449658,74,403,11.017369727047146,0.2677652073856076,-0.310919408097985,False,True,False,False,0.5,0.15,0.1,-0.2,3,60,0.0,EX15T070,EX15T070,20260930_S011_EX15,artifacts/trials/T070,957d8ebba92d0ba553a11a0ebb499a6cc13f6751acb8faaae139e64726649e7a,,,,,,,,,,,
71,0.46640175625275093,-0.09612175651226296,57,403,8.486352357320099,0.2677652073856076,-0.310919408097985,True,True,False,False,0.25,0.15,0.2,0.05,3,120,0.003,EX15T071,EX15T071,20260930_S011_EX15,artifacts/trials/T071,44c3d8ad2884fcdef88f85c54c569677452ae14be20f5a9ea8a1d4e8b7705c9d,,,,,,,,,,,
72,0.039099933282783494,0.0,2,403,0.2977667493796526,0.2677652073856076,-0.310919408097985,False,True,False,False,0.5,0.3,0.4,0.05,2,20,0.003,EX15T072,EX15T072,20260930_S011_EX15,artifacts/trials/T072,400cda0743e9bbabcb50fa315328d1c469c0a98d686e934784f6d45d2001f1eb,,,,,,,,,,,
73,0.4421308066680587,-0.10319263191639916,58,403,8.635235732009926,0.2677652073856076,-0.310919408097985,True,True,False,False,0.5,0.3,0.2,0.05,2,20,0.01,EX15T073,EX15T073,20260930_S011_EX15,artifacts/trials/T073,bf4667d7537450821c3ce6d4c2dfe06de947904086a1506b47ad54704b5d4854,,,,,,,,,,,
74,0.44350809517762113,-0.12213329704023768,69,403,10.272952853598015,0.2677652073856076,-0.310919408097985,True,True,False,False,0.5,0.0,0.2,0.0,2,60,0.01,EX15T074,EX15T074,20260930_S011_EX15,artifacts/trials/T074,8e944dbddde9fbaa1b47396ff1d1d09ab9f52c303f9904de8c8fe86230af2754,,,,,,,,,,,
75,0.26366865678137597,-0.08182390953287477,27,403,4.01985111662531,0.2677652073856076,-0.310919408097985,False,True,True,False,0.75,0.3,0.3,-0.2,2,60,0.01,EX15T075,EX15T075,20260930_S011_EX15,artifacts/trials/T075,9bdcbbc6ddb3b59217103a6bc2bbde55363cdaa79c21846d1b94983722908c32,,,,,,,,,,,
76,0.04435139852265735,-0.01997088137266345,4,403,0.5955334987593052,0.2677652073856076,-0.310919408097985,False,True,False,False,0.75,0.3,0.4,0.05,1,20,0.003,EX15T076,EX15T076,20260930_S011_EX15,artifacts/trials/T076,c089da7d8937868d713cdd447ebae623f7efa72717f741f9897a73693dd7c82e,,,,,,,,,,,
77,0.3007087269652935,-0.10852424975536024,35,403,5.2109181141439205,0.2677652073856076,-0.310919408097985,False,True,True,False,0.5,0.15,0.3,0.05,3,60,0.01,EX15T077,EX15T077,20260930_S011_EX15,artifacts/trials/T077,94e51b8e958c0be9362e8a4f30d60bceaaf98c107d7cf972f7e6bac5272cfbf6,,,,,,,,,,,
78,0.21264618019048176,-0.11946640358438121,37,403,5.508684863523573,0.2677652073856076,-0.310919408097985,False,True,True,False,0.25,0.15,0.3,-0.2,3,60,0.003,EX15T078,EX15T078,20260930_S011_EX15,artifacts/trials/T078,14a256943a8f5c9147ab93107dac04daf0d53a82ae904f7eff17e5f2ff00e263,,,,,,,,,,,
79,0.2274699034348895,-0.11453230917007318,48,403,7.1464019851116625,0.2677652073856076,-0.310919408097985,False,True,False,False,0.25,0.0,0.3,0.05,1,120,0.003,EX15T079,EX15T079,20260930_S011_EX15,artifacts/trials/T079,4ac3e81d9243a836d4ad5f3094f928d4820f5c5c05835f1f13c52bc67c5c4f4d,,,,,,,,,,,
80,0.02952231436487307,-0.04609081567058371,6,403,0.8933002481389578,0.2677652073856076,-0.310919408097985,False,True,False,False,0.5,0.3,0.4,0.0,3,60,0.0,EX15T080,EX15T080,20260930_S011_EX15,artifacts/trials/T080,f1ccf7d86f0474cfd6fcc7bac7fc6fbe2006fa6ba4503e176e70f79a53994382,,,,,,,,,,,
81,0.01867914528836101,-0.052302751666872704,7,403,1.0421836228287842,0.2677652073856076,-0.310919408097985,False,True,False,False,0.75,0.3,0.4,0.05,2,120,0.003,EX15T081,EX15T081,20260930_S011_EX15,artifacts/trials/T081,fd3e753aafc2be8f019ef8dde08abb42113f19e810d25aa381f61677dc100465,,,,,,,,,,,
82,0.18123276672026667,-0.08169825494927996,25,403,3.7220843672456576,0.2677652073856076,-0.310919408097985,False,True,False,False,0.25,0.0,0.4,0.05,1,120,0.003,EX15T082,EX15T082,20260930_S011_EX15,artifacts/trials/T082,2cbc6ad8fab13dc7d5eb449cee0a2477f99f59a2b2c98931018ad93eec3b6b95,,,,,,,,,,,
83,0.1428847096428092,-0.19051672010968612,69,403,10.272952853598015,0.2677652073856076,-0.310919408097985,False,True,False,False,0.25,0.0,0.2,0.0,1,120,0.0,EX15T083,EX15T083,20260930_S011_EX15,artifacts/trials/T083,9047b2b6c978af376366590be10ef6f07bfea1da5b8f69c5cc90ad657b7fe564,,,,,,,,,,,
84,0.4490429176101416,-0.1654548144866207,81,403,12.05955334987593,0.2677652073856076,-0.310919408097985,True,True,False,False,0.5,0.3,0.1,-0.2,2,20,0.003,EX15T084,EX15T084,20260930_S011_EX15,artifacts/trials/T084,de2431dd987d196950280140215caf2338175f0d5ce09ab14c8a4389840536b1,,,,,,,,,,,
85,0.18985092846046903,-0.08191231947877464,23,403,3.424317617866005,0.2677652073856076,-0.310919408097985,False,True,False,False,0.5,0.0,0.4,0.05,1,120,0.0,EX15T085,EX15T085,20260930_S011_EX15,artifacts/trials/T085,8cfd09c1295d53cc9e5eb803aa41db6dc83376380e2b8233e7790678708eeb48,,,,,,,,,,,
86,0.02632148068409479,-0.04595832230357533,6,403,0.8933002481389578,0.2677652073856076,-0.310919408097985,False,True,False,False,0.75,0.3,0.4,0.05,2,60,0.003,EX15T086,EX15T086,20260930_S011_EX15,artifacts/trials/T086,8f76ec6bdbe4534012af6c8f08b3f3129d0f8c21a7a3861c99fa66d777e7d4a6,,,,,,,,,,,
87,0.23051213626540767,-0.11482461282999679,46,403,6.84863523573201,0.2677652073856076,-0.310919408097985,False,True,False,False,0.5,0.0,0.3,-0.2,1,120,0.0,EX15T087,EX15T087,20260930_S011_EX15,artifacts/trials/T087,a48ababdf0424cd5d482c1080a6fb4bb8af8e80ff4d22889fa363ec8240dc175,,,,,,,,,,,
88,0.2788517886490862,-0.13403110986046796,48,403,7.1464019851116625,0.2677652073856076,-0.310919408097985,False,True,False,False,0.25,0.3,0.2,-0.2,3,60,0.01,EX15T088,EX15T088,20260930_S011_EX15,artifacts/trials/T088,800430c4109066d6370b205080c50e4d1091d8afb8df218d9f62ef7ee7959603,,,,,,,,,,,
89,0.1059703019231153,-0.08190584853315142,22,403,3.2754342431761785,0.2677652073856076,-0.310919408097985,False,True,False,False,0.5,0.0,0.4,0.0,1,60,0.0,EX15T089,EX15T089,20260930_S011_EX15,artifacts/trials/T089,9bba1761bc566af851c4fa25a887557f21f53fbde342611da57c6b57b0c47a6e,,,,,,,,,,,
90,0.18199985922062667,-0.19760506321154947,92,403,13.69727047146402,0.2677652073856076,-0.310919408097985,False,True,False,False,0.5,0.0,0.1,-0.2,1,20,0.0,EX15T090,EX15T090,20260930_S011_EX15,artifacts/trials/T090,9836695a73f1fb9614fca0399a4071aeb8273c389a6b592bfdba59293f991a7d,,,,,,,,,,,
91,-0.008122074248790856,-0.07304950278494682,6,403,0.8933002481389578,0.2677652073856076,-0.310919408097985,False,True,False,False,0.5,0.3,0.4,0.0,1,120,0.01,EX15T091,EX15T091,20260930_S011_EX15,artifacts/trials/T091,77f53ead66075a13184e13e508e1656f3f1048df3387c423c133aef8952f8913,,,,,,,,,,,
92,0.0751785880296354,-0.05230591911189175,8,403,1.1910669975186103,0.2677652073856076,-0.310919408097985,False,True,False,False,0.75,0.15,0.4,-0.2,2,60,0.003,EX15T092,EX15T092,20260930_S011_EX15,artifacts/trials/T092,9607cccbc1d8b43214314851912f14df8ad8d04a9f9e980f6be811c1a409e93c,,,,,,,,,,,
93,0.2670916381269881,-0.15906743238427623,82,403,12.208436724565757,0.2677652073856076,-0.310919408097985,False,True,False,False,0.25,0.15,0.1,0.0,2,20,0.0,EX15T093,EX15T093,20260930_S011_EX15,artifacts/trials/T093,b0954a187e05d62e943f0c7e9cd9d9dbc886adb1b3b47593c0d946df47a5f149,,,,,,,,,,,
94,0.24102158415145314,-0.15297150473766652,82,403,12.208436724565757,0.2677652073856076,-0.310919408097985,False,True,False,False,0.75,0.0,0.1,0.0,3,120,0.0,EX15T094,EX15T094,20260930_S011_EX15,artifacts/trials/T094,fa68bb46a7d0065b09f8c64c98f7e125c10f72f97e735735c3470e83a0e73ff0,,,,,,,,,,,
95,0.2827329303371846,-0.11482617998390465,72,403,10.719602977667494,0.2677652073856076,-0.310919408097985,False,True,False,False,0.25,0.0,0.2,-0.2,1,20,0.0,EX15T095,EX15T095,20260930_S011_EX15,artifacts/trials/T095,4fbee54150acbf803bc72e4ab583aea2b9eeb097070ea62decd8f83745a8541a,,,,,,,,,,,
1,0.39594885255361545,-0.07250401227383352,35,403,5.2109181141439205,0.2677652073856076,-0.310919408097985,False,True,True,False,0.65,0.15,0.3,0.0,2,120,0.003,EX23T001,EX19T001,20260930_S011_EX23,artifacts/trials/T001,158230e31681b18bf82b59e9f9832880abee4b20cb2004be6e06b6d73afe38b8,97004.31969999998,78.0,76.0,-1.0,-1.0,-0.019500118432185465,5.498660558975188e-06,False,,,
2,0.40957449176038674,-0.1000035747608563,41,403,6.104218362282879,0.2677652073856076,-0.310919408097985,True,True,False,False,0.85,0.15,0.3,0.0,2,120,0.003,EX23T002,EX19T002,20260930_S011_EX23,artifacts/trials/T002,113e09649c84cad454f54d1c9b7a35e7d538deb89fbfccbc57997d7bff34278e,116268.97469999999,97.0,94.0,-1.0,-1.0,-0.005874479225414175,-0.027494063826463813,False,,,
3,0.3825572511360815,-0.10998147202442066,50,403,7.444168734491315,0.2677652073856076,-0.310919408097985,False,True,False,False,1.0,0.15,0.3,0.0,2,120,0.003,EX23T003,EX19T003,20260930_S011_EX23,artifacts/trials/T003,8d3da51f6d41c9d2202f60ab1f37890e88db334174185b79ac9ad494b6cea235,139399.7905,111.0,108.0,-1.0,-1.0,-0.03289171984971939,-0.037471961090028164,False,,,
4,0.3902209006603756,-0.07250617919429714,40,403,5.955334987593052,0.2677652073856076,-0.310919408097985,False,True,True,False,0.75,0.15,0.3,0.0,2,90,0.003,EX23T004,EX19T004,20260930_S011_EX23,artifacts/trials/T004,229a07f408b6fe5f82db2bcce2bad5c751370a700da407d8f8905a42f79c6409,108787.28110000001,91.0,88.0,-1.0,-1.0,-0.02522807032542529,3.3317400953553067e-06,False,,,
5,0.34277645606022933,-0.13045397195243313,41,403,6.104218362282879,0.2677652073856076,-0.310919408097985,False,True,False,False,0.75,0.15,0.3,0.0,2,160,0.003,EX23T005,EX19T005,20260930_S011_EX23,artifacts/trials/T005,add3481acb7ad6a92949d921f90e575eeb3c64cac752647db8ee08b35f86650f,114658.63160000002,88.0,84.0,-1.0,-1.0,-0.07267251492557159,-0.05794446101804064,False,,,
6,0.349811475644646,-0.13045517178089294,39,403,5.806451612903226,0.2677652073856076,-0.310919408097985,False,True,True,False,0.75,0.15,0.3,0.0,2,200,0.003,EX23T006,EX19T006,20260930_S011_EX23,artifacts/trials/T006,4c8901f0e3654c185d9f939c21a50dd6eb28b844c7b641a9cf9f1dd0e7966667,110966.4307,84.0,80.0,-1.0,-1.0,-0.06563749534115493,-0.05794566084650045,False,,,
7,0.34669446070336574,-0.1310791058363413,39,403,5.806451612903226,0.2677652073856076,-0.310919408097985,False,True,True,False,0.75,0.15,0.3,0.0,2,240,0.003,EX23T007,EX19T007,20260930_S011_EX23,artifacts/trials/T007,0e272dabd96153cc77c3a176d5e3f459ad8384ca5ff511c7c41f65389fdaa48a,110870.7849,84.0,80.0,-1.0,-1.0,-0.06875451028243518,-0.05856959490194881,False,,,
8,0.35885365842013206,-0.0999980209557324,47,403,6.997518610421836,0.2677652073856076,-0.310919408097985,False,True,False,False,0.75,0.15,0.28,0.0,2,120,0.003,EX23T008,EX19T008,20260930_S011_EX23,artifacts/trials/T008,45189945b70cd7cc639ca404023742fd4a5be548eeae3ae84b2947600bf48d12,126446.4689,102.0,98.0,-1.0,-1.0,-0.056595312565668854,-0.02748851002133991,False,,,
9,0.37889432717793325,-0.08239629305801499,32,403,4.764267990074441,0.2677652073856076,-0.310919408097985,False,True,True,False,0.75,0.15,0.32,0.0,2,120,0.003,EX23T009,EX19T009,20260930_S011_EX23,artifacts/trials/T009,75c2bb88c0afbb96433641802dd42ea37fe717184b868ed3791636268c0bac1f,87279.5795,69.0,68.0,-1.0,-1.0,-0.03655464380786766,-0.009886782123622498,False,,,
10,0.39082777281229997,-0.07256340305146491,39,403,5.806451612903226,0.2677652073856076,-0.310919408097985,False,True,True,False,0.75,0.15,0.3,0.0,2,120,0.002,EX23T010,EX19T010,20260930_S011_EX23,artifacts/trials/T010,c7a5d01a699c62dcc269b6c5104fed351c7eaa0942552ec2f1568e35b829bf21,108316.29720000002,91.0,86.0,-1.0,-1.0,-0.024621198173500947,-5.389211707242103e-05,False,,,
11,0.41706153047914296,-0.07242659828715625,40,403,5.955334987593052,0.2677652073856076,-0.310919408097985,True,True,True,True,0.75,0.15,0.3,0.0,2,120,0.004,EX23T011,EX19T011,20260930_S011_EX23,artifacts/trials/T011,e1bf081e5ebc2ea526b1d4547116002ac1bcd4851f77fbed6d2dff9e33ec59ed,112820.03959999999,96.0,94.0,-1.0,-1.0,0.0016125594933420473,8.291264723624125e-05,True,,,
12,0.10885351003771881,-0.10114429289070381,20,403,2.977667493796526,0.2677652073856076,-0.310919408097985,False,True,False,False,0.75,0.5,0.29,-0.175,1,70,0.0065,EX23T012,EX19T012,20260930_S011_EX23,artifacts/trials/T012,9fef13118e6604dbd1fe4b300e45b4bf02385b2a9e8629add108ffee24ef12c5,45116.924,40.0,40.0,-1.0,-1.0,-0.3065954609480821,-0.02863478195631132,False,,,
13,0.536760619929614,-0.13014542625716463,81,403,12.05955334987593,0.2677652073856076,-0.310919408097985,True,True,False,False,0.275,0.275,0.125,-0.25,2,100,0.002,EX23T013,EX19T013,20260930_S011_EX23,artifacts/trials/T013,4a691833e861e9e439b708ea1f8a7df6e8860c8beb38578c0573b0f35184cdfa,246255.53040000002,229.0,218.0,-1.0,-1.0,0.12131164894381308,-0.05763591532277214,False,,,
14,0.4421527227220783,-0.12398981161278055,50,403,7.444168734491315,0.2677652073856076,-0.310919408097985,True,True,False,False,0.375,0.475,0.2,-0.125,3,210,0.007,EX23T014,EX19T014,20260930_S011_EX23,artifacts/trials/T014,f7e39bfffd46226ac6bc43db81cd41fe0df5ae71b3e999a70ae002d971a90747,135948.4662,114.0,113.0,-1.0,-1.0,0.02670375173627737,-0.05148030067838806,False,,,
15,0.03456712270160467,-0.010401366353106845,2,403,0.2977667493796526,0.2677652073856076,-0.310919408097985,False,True,False,False,0.325,0.425,0.425,-0.275,2,50,0.009,EX23T015,EX19T015,20260930_S011_EX23,artifacts/trials/T015,53c214e95ca3a6a360582e59d42dec0086358a0c510ccb4629543296bd39e0f0,4092.5478,4.0,4.0,-1.0,-1.0,-0.38088184828419624,0.06210814458128565,False,,,
16,0.18063351397939353,-0.1004785709151712,32,403,4.764267990074441,0.2677652073856076,-0.310919408097985,False,True,True,False,0.3,0.025,0.34,-0.225,3,20,0.003,EX23T016,EX19T016,20260930_S011_EX23,artifacts/trials/T016,526811211b13d509d14605fdd90b58c43a4f42b31fcb06df0c162792ec1668b4,76531.8273,71.0,67.0,-1.0,-1.0,-0.23481545700640738,-0.027969059980778713,False,,,
17,0.38646357652210583,-0.09975839783250084,73,403,10.868486352357321,0.2677652073856076,-0.310919408097985,False,True,False,False,0.05,0.275,0.19,-0.225,2,220,0.0085,EX23T017,EX19T017,20260930_S011_EX23,artifacts/trials/T017,96f47646a1dbc8bc830637bb674a1b7fd32c2c90466f6e348f51b95d264c8c78,198676.8002,171.0,168.0,-1.0,-1.0,-0.02898539446369508,-0.02724888689810835,False,,,
18,0.4489975861235769,-0.14536167673299605,79,403,11.761786600496277,0.2677652073856076,-0.310919408097985,True,True,False,False,0.925,0.375,0.14,-0.2,2,50,0.006,EX23T018,EX19T018,20260930_S011_EX23,artifacts/trials/T018,3ebb497e08387b4a89303bff27aba5c2d4b7a647e7b5fee5f51200bdefe33736,220568.49970000001,180.0,178.0,-1.0,-1.0,0.03354861513777596,-0.07285216579860355,False,,,
19,0.32219109497442955,-0.13211126197046075,32,403,4.764267990074441,0.2677652073856076,-0.310919408097985,False,True,True,False,0.55,0.4,0.255,-0.2,3,120,0.007,EX23T019,EX19T019,20260930_S011_EX23,artifacts/trials/T019,ae550439964f77b7e9c1e8c222b0b7805e09d304021228dc4eed860ff8dc04c9,83739.6389,64.0,64.0,-1.0,-1.0,-0.09325787601137137,-0.059601751036068254,False,,,
20,0.2986824574048266,-0.1080888205758408,25,403,3.7220843672456576,0.2677652073856076,-0.310919408097985,False,True,False,False,0.725,0.2,0.325,0.0,3,140,0.0065,EX23T020,EX19T020,20260930_S011_EX23,artifacts/trials/T020,4ccfff746892c2e85ae069649241647b1c889b5b36f5979fa8fdd297ce2c502e,65333.82969999999,53.0,52.0,-1.0,-1.0,-0.11676651358097434,-0.0355793096414483,False,,,
21,0.10980491683259586,-0.15297372469591797,42,403,6.253101736972705,0.2677652073856076,-0.310919408097985,False,True,False,False,0.775,0.175,0.275,-0.025,1,120,0.0005,EX23T021,EX19T021,20260930_S011_EX23,artifacts/trials/T021,0479ee838fb4ff59916f7e9650df59bcd7aaf03d4b0feff62c11f0baa13cc0f2,98562.23300000001,94.0,88.0,-1.0,-1.0,-0.30564405415320506,-0.08046421376152547,False,,,
22,0.10618625543589011,-0.10845775359074883,14,403,2.0843672456575684,0.2677652073856076,-0.310919408097985,False,True,False,False,0.35,0.025,0.435,-0.175,3,170,0.003,EX23T022,EX19T022,20260930_S011_EX23,artifacts/trials/T022,a8d7c60297cae0ca6c3356214fa2cd87f25cc7e545649e5cd124f78fe5f30cc8,31746.7834,31.0,30.0,-1.0,-1.0,-0.3092627155499108,-0.035948242656356336,False,,,
23,0.025543492446232552,-0.046012927548061966,3,403,0.4466501240694789,0.2677652073856076,-0.310919408097985,False,True,False,False,0.15,0.3,0.42,-0.275,2,120,0.002,EX23T023,EX19T023,20260930_S011_EX23,artifacts/trials/T023,3ffb9f150c1727f40417d447501c4dffb957de09156830bd45faf00740adf49a,6205.2258999999995,6.0,6.0,-1.0,-1.0,-0.38990547853956836,0.026496583386330527,False,,,
24,-0.022935910806963777,-0.10814176354002392,7,403,1.0421836228287842,0.2677652073856076,-0.310919408097985,False,True,False,False,0.475,0.225,0.385,-0.2,1,200,0.004,EX23T024,EX19T024,20260930_S011_EX23,artifacts/trials/T024,0b61389e4097ac577a57d6b50a978ea042e62223b3fbaee0df2f319c989e7f07,14130.427800000001,14.0,14.0,-1.0,-1.0,-0.4383848817927647,-0.03563225260563142,False,,,
25,0.5657086619989196,-0.2062135988120174,85,403,12.655086848635236,0.2677652073856076,-0.310919408097985,True,True,False,False,0.7,0.275,0.065,-0.25,3,130,0.004,EX23T025,EX19T025,20260930_S011_EX23,artifacts/trials/T025,9dd659981526071d8606b02e91d9d18c03b7c8eead23953130d757cb3323d514,271705.4550000001,322.0,308.0,-1.0,-1.0,0.15025969101311865,-0.1337040878776249,False,,,
26,0.19492329078932302,-0.16143647349355406,38,403,5.6575682382134,0.2677652073856076,-0.310919408097985,False,True,True,False,0.575,0.5,0.245,-0.25,1,140,0.0095,EX23T026,EX19T026,20260930_S011_EX23,artifacts/trials/T026,3e3447c7ff03bf9fa1a4165372e001514bf7e59fd56c7d3c1e7ea02c51d5c7e9,94213.59,76.0,76.0,-1.0,-1.0,-0.2205256801964779,-0.08892696255916156,False,,,
27,0.007551254946714714,-0.053069334790484146,9,403,1.3399503722084367,0.2677652073856076,-0.310919408097985,False,True,False,False,1.0,0.45,0.405,0.025,1,230,0.008,EX23T027,EX19T027,20260930_S011_EX23,artifacts/trials/T027,4ff9491e8ef29806ef03aec9fe888314d1e206f1c1b6d5aeaa2011fda615186b,18185.5921,18.0,18.0,-1.0,-1.0,-0.4078977160390862,0.019440176143908347,False,,,
28,-0.03385016753440606,-0.054295202899999784,3,403,0.4466501240694789,0.2677652073856076,-0.310919408097985,False,True,False,False,0.5,0.15,0.445,-0.025,1,230,0.01,EX23T028,EX19T028,20260930_S011_EX23,artifacts/trials/T028,17547e8c2a59ccd81b7e4b91aa06af0cc3c6951bb5f560b23d6d31b8dc0b7e55,5770.789900000001,6.0,6.0,-1.0,-1.0,-0.449299138520207,0.01821430803439271,False,,,
29,0.14771883056515778,-0.17472164479348207,54,403,8.03970223325062,0.2677652073856076,-0.310919408097985,False,True,False,False,0.975,0.5,0.22,-0.225,1,140,0.008,EX23T029,EX19T029,20260930_S011_EX23,artifacts/trials/T029,ffcf27f1cd475cf28e0db06e2baa2992abaa9cb6e1a9595dd7a401ba16b4bbbc,127211.69540000001,108.0,108.0,-1.0,-1.0,-0.26773014042064314,-0.10221213385908957,False,,,
30,-0.022765995357231228,-0.07331445234979439,6,403,0.8933002481389578,0.2677652073856076,-0.310919408097985,False,True,False,False,0.05,0.45,0.39,-0.175,1,210,0.0065,EX23T030,EX19T030,20260930_S011_EX23,artifacts/trials/T030,d0a619a493f31268ae05cf873db357d1634b65e14f13fb848729ac9269b5b824,11972.4358,12.0,12.0,-1.0,-1.0,-0.43821496634303214,-0.0008049414154018969,False,,,
31,0.6459611561721201,-0.16469614544194922,91,403,13.548387096774194,0.2677652073856076,-0.310919408097985,True,True,False,False,0.275,0.45,0.075,-0.25,2,240,0.008,EX23T031,EX19T031,20260930_S011_EX23,artifacts/trials/T031,acb669c7738765fc151356262c496d4edfe252e21a69e1c1ede9af7700a5131c,294658.46249999997,281.0,276.0,-1.0,-1.0,0.23051218518631922,-0.09218663450755672,False,,,
32,0.5399565679002154,-0.15841909220733397,60,403,8.933002481389579,0.2677652073856076,-0.310919408097985,True,True,False,False,0.575,0.275,0.17,-0.2,3,50,0.01,EX23T032,EX19T032,20260930_S011_EX23,artifacts/trials/T032,7fe225ed4740c084bbe76826cfd8c84015a429c4d2c132bea08ae73fb91101d6,178037.9099,148.0,147.0,-1.0,-1.0,0.12450759691441449,-0.08590958127294147,False,,,
33,0.433347160926862,-0.16440037988003386,91,403,13.548387096774194,0.2677652073856076,-0.310919408097985,True,True,False,False,0.925,0.1,0.12,-0.225,2,130,0.01,EX23T033,EX19T033,20260930_S011_EX23,artifacts/trials/T033,20b237282fa59710337898b31b7b948561180fe16ea36cac9dca35b115feeb74,259706.82799999998,210.0,208.0,-1.0,-1.0,0.01789818994106107,-0.09189086894564137,False,,,
34,0.15495523784950227,-0.1546476432694175,40,403,5.955334987593052,0.2677652073856076,-0.310919408097985,False,True,True,False,0.225,0.45,0.235,-0.175,1,240,0.003,EX23T034,EX19T034,20260930_S011_EX23,artifacts/trials/T034,b8fef76fdd817568c4d44e706741d2c5fafd255c48e4ea95b683b126e2ed74bc,96411.535,80.0,80.0,-1.0,-1.0,-0.26049373313629864,-0.082138132335025,False,,,
35,0.285769608699165,-0.1520471026920166,82,403,12.208436724565757,0.2677652073856076,-0.310919408097985,False,True,False,False,0.2,0.425,0.085,-0.2,3,150,0.0065,EX23T035,EX19T035,20260930_S011_EX23,artifacts/trials/T035,a3f8c2fe29448ed14ae0920ecd55a02810c5ef762e9225c7f9eb102dd20bd970,207761.06360000002,170.0,167.0,-1.0,-1.0,-0.1296793622866359,-0.07953759175762411,False,,,
36,0.31621949099215185,-0.10349281522052889,39,403,5.806451612903226,0.2677652073856076,-0.310919408097985,False,True,True,False,0.3,0.2,0.285,-0.175,2,110,0.007,EX23T036,EX19T036,20260930_S011_EX23,artifacts/trials/T036,8bc2fd153d360e2aaa7c2173fabf6b4da694a0b77a5c5d49257c9fd57d08305a,102147.8811,81.0,80.0,-1.0,-1.0,-0.09922947999364906,-0.030983304286136396,False,,,
37,0.3728761464437538,-0.15263740663034908,57,403,8.486352357320099,0.2677652073856076,-0.310919408097985,False,True,False,False,0.75,0.425,0.18,-0.075,3,50,0.0025,EX23T037,EX19T037,20260930_S011_EX23,artifacts/trials/T037,dfbeb18d79cc23a101ee447454ba1aec9b839d39b607a669532b0412efa8a0e9,152180.60790000003,120.0,118.0,-1.0,-1.0,-0.04257282454204714,-0.08012789569595659,False,,,
38,0.05299828306851473,-0.09052025528183316,19,403,2.8287841191067,0.2677652073856076,-0.310919408097985,False,True,False,False,0.975,0.4,0.355,-0.15,1,130,0.0025,EX23T038,EX19T038,20260930_S011_EX23,artifacts/trials/T038,7eeec30e2cb0e8057bdb3e80b2c68989c417b15a23a08cce7543e760e459ee56,40264.4841,38.0,38.0,-1.0,-1.0,-0.3624506879172862,-0.01801074434744067,False,,,
39,0.03898074322693246,0.0,2,403,0.2977667493796526,0.2677652073856076,-0.310919408097985,False,True,False,False,0.55,0.35,0.44,0.0,3,130,0.006,EX23T039,EX19T039,20260930_S011_EX23,artifacts/trials/T039,50a85352c093ef70fb455c52b37c0790bc3286ccd967838388bdb0366c993ac1,4111.6554,4.0,4.0,-1.0,-1.0,-0.37646822775886846,0.0725095109343925,False,,,
40,0.11663122461917474,-0.19167875463348216,83,403,12.357320099255583,0.2677652073856076,-0.310919408097985,False,True,False,False,0.65,0.325,0.105,-0.2,1,160,0.0005,EX23T040,EX19T040,20260930_S011_EX23,artifacts/trials/T040,15272bfd71c57d550b877b15d4df85bb18ae6b1feb57e5dd9cec3ad23598b0b1,196817.83550000002,194.0,173.0,-1.0,-1.0,-0.29881774636662617,-0.11916924369908967,False,,,
41,0.022495526712224212,-0.05227952104717759,6,403,0.8933002481389578,0.2677652073856076,-0.310919408097985,False,True,False,False,0.7,0.225,0.41,-0.075,3,240,0.0035,EX23T041,EX19T041,20260930_S011_EX23,artifacts/trials/T041,90c5875e6dd31a2e1407e700f06124a3ee6b810268ad3edf9e826e15ef3ec29c,12350.572100000001,12.0,12.0,-1.0,-1.0,-0.3929534442735767,0.020229989887214903,False,,,
42,0.5694333958850157,-0.15905298603182783,73,403,10.868486352357321,0.2677652073856076,-0.310919408097985,True,True,False,False,0.3,0.075,0.13,-0.25,3,170,0.0055,EX23T042,EX19T042,20260930_S011_EX23,artifacts/trials/T042,bd858f3b9805b7bafbe90e074fc0e49db981984130256d3d66455bf6fad8be3a,237640.9928,236.0,231.0,-1.0,-1.0,0.15398442489921482,-0.08654347509743533,False,,,
43,0.3070032423345581,-0.1517094835239119,75,403,11.166253101736972,0.2677652073856076,-0.310919408097985,False,True,False,False,0.25,0.475,0.12,-0.1,3,100,0.009,EX23T043,EX19T043,20260930_S011_EX23,artifacts/trials/T043,52d1f384c61782e7de8c4ca4fadf9ff53a94f7e4e71a5a82aa9bfc831c88adc7,193890.4407,154.0,151.0,-1.0,-1.0,-0.1084457286512428,-0.0791999725895194,False,,,
44,0.5057619942239189,-0.16477589070189946,88,403,13.101736972704714,0.2677652073856076,-0.310919408097985,True,True,False,False,0.5,0.25,0.07,-0.25,2,230,0.0075,EX23T044,EX19T044,20260930_S011_EX23,artifacts/trials/T044,d71e4ca8e845c78491f5e582a625e7fc743bc15f0911c9148fb28bccdd63dd1d,270273.2107,264.0,262.0,-1.0,-1.0,0.09031302323811796,-0.09226637976750697,False,,,
45,0.5195432749350535,-0.15187115701506815,67,403,9.975186104218363,0.2677652073856076,-0.310919408097985,True,True,False,False,0.875,0.3,0.205,-0.075,3,200,0.008,EX23T045,EX19T045,20260930_S011_EX23,artifacts/trials/T045,1c3a0509746c35a085dab04b901733471612c0a223e2ff0dc39072ba3fdefb04,192975.36599999998,161.0,159.0,-1.0,-1.0,0.10409430394925256,-0.07936164608067565,False,,,
46,0.0564738034551866,-0.08934575806805467,21,403,3.1265508684863526,0.2677652073856076,-0.310919408097985,False,True,False,False,0.975,0.5,0.335,-0.1,1,120,0.001,EX23T046,EX19T046,20260930_S011_EX23,artifacts/trials/T046,d2a1c0b7b9b1b5afdc82e03165675d85e24b085f68af8277a7155ae9f153e3ba,45150.3658,45.0,42.0,-1.0,-1.0,-0.3589751675306143,-0.016836247133662177,False,,,
47,0.4162267790341485,-0.0823008954056269,65,403,9.67741935483871,0.2677652073856076,-0.310919408097985,True,True,False,False,0.075,0.05,0.25,0.025,3,240,0.007,EX23T047,EX19T047,20260930_S011_EX23,artifacts/trials/T047,b6dd67fe1da4d2f80e78e102d2530455fd26e1f24fe6885d82054bfdf869fe83,176822.4828,156.0,150.0,-1.0,-1.0,0.0007778080483475946,-0.009791384471234413,False,,,
48,0.23883300747366643,-0.07849118751479556,43,403,6.401985111662531,0.2677652073856076,-0.310919408097985,False,True,False,False,0.925,0.1,0.33,0.025,1,90,0.0075,EX23T048,EX19T048,20260930_S011_EX23,artifacts/trials/T048,ee87eae26a88305d2336c13cabfe1640d45d85ca4753d07cfba47d6e8c8c5b9f,106301.016,89.0,88.0,-1.0,-1.0,-0.1766159635121345,-0.005981676580403064,False,,,
49,0.21635735386538046,-0.08146971725317242,25,403,3.7220843672456576,0.2677652073856076,-0.310919408097985,False,True,False,False,0.4,0.225,0.315,0.025,1,120,0.006,EX23T049,EX19T049,20260930_S011_EX23,artifacts/trials/T049,2316e8378ff9f03ae05cf3876561dc5a6d8f042055a6d8cb5fe13f1a1a1b4f8e,61284.2718,51.0,50.0,-1.0,-1.0,-0.19909161712042045,-0.008960206318779931,False,,,
50,0.4984639216732536,-0.08053360540179733,49,403,7.295285359801489,0.2677652073856076,-0.310919408097985,True,True,False,False,0.6,0.075,0.28,-0.1,2,100,0.004,EX23T050,EX19T050,20260930_S011_EX23,artifacts/trials/T050,608fdf7bb8934d10b58c18bf530b505736e68562275951a8d1deae83417fb4ce,141600.81209999998,119.0,116.0,-1.0,-1.0,0.08301495068745268,-0.008024094467404833,False,,,
51,0.40220891396468494,-0.08222112854693808,38,403,5.6575682382134,0.2677652073856076,-0.310919408097985,True,True,True,True,0.625,0.2,0.28,0.0,2,60,0.005,EX23T051,EX19T051,20260930_S011_EX23,artifacts/trials/T051,46c98dbdaaf15a9d32a90f10d040e34b10eeba1ca71ff593dfee6f7d5dcc3ef2,101609.45,83.0,82.0,-1.0,-1.0,-0.01324005702111597,-0.00971161761254559,False,,,
52,0.5344092304741279,-0.12282139028733607,70,403,10.421836228287841,0.2677652073856076,-0.310919408097985,True,True,False,False,0.7,0.225,0.18,0.025,2,160,0.004,EX23T052,EX19T052,20260930_S011_EX23,artifacts/trials/T052,93561f7ecc6a630cc062c27877722fec03e2e79ab1d2a9d92f4c724b48097436,204478.3727,174.0,168.0,-1.0,-1.0,0.118960259488327,-0.05031187935294358,False,,,
53,0.5615859500989051,-0.12263080105124624,69,403,10.272952853598015,0.2677652073856076,-0.310919408097985,True,True,False,False,0.775,0.2,0.195,0.025,2,70,0.0055,EX23T053,EX19T053,20260930_S011_EX23,artifacts/trials/T053,ba16d228bc6de0eb7107f23d5e333ea1c414b3bb8e9b20f776ce1017a746557c,202703.1569,172.0,170.0,-1.0,-1.0,0.1461369791131042,-0.05012129011685375,False,,,
54,0.4268585090742474,-0.07235127587824985,40,403,5.955334987593052,0.2677652073856076,-0.310919408097985,True,True,True,True,0.575,0.05,0.335,0.025,2,130,0.005,EX23T054,EX19T054,20260930_S011_EX23,artifacts/trials/T054,1eb01e03133a2859b1ab5ff819301f3de058f5efa8c5afd0006cf8f8765b74a6,111688.2105,94.0,92.0,-1.0,-1.0,0.01140953808844647,0.00015823505614263877,True,,,
55,0.03727114294516931,-0.045829771036212996,7,403,1.0421836228287842,0.2677652073856076,-0.310919408097985,False,True,False,False,0.25,0.075,0.43,0.0,2,130,0.006,EX23T055,EX19T055,20260930_S011_EX23,artifacts/trials/T055,4c94975e871f61f65a6ac6d8289e0f6de6099298ac6cb246dbb68373616f332b,14494.449200000001,14.0,14.0,-1.0,-1.0,-0.3781778280406316,0.026679739898179497,False,,,
56,0.5413577003854277,-0.10348940320327304,56,403,8.337468982630273,0.2677652073856076,-0.310919408097985,True,True,False,False,0.575,0.025,0.28,0.025,2,140,0.007,EX23T056,EX19T056,20260930_S011_EX23,artifacts/trials/T056,47dc1014a03b8580e869fc602bfd326061df1d67083159f66db773776cf5f77f,169946.5344,144.0,140.0,-1.0,-1.0,0.12590872939962683,-0.03097989226888055,False,,,
57,0.4489869380879721,-0.10397910274956013,54,403,8.03970223325062,0.2677652073856076,-0.310919408097985,True,True,False,False,0.45,0.0,0.28,0.025,2,200,0.002,EX23T057,EX19T057,20260930_S011_EX23,artifacts/trials/T057,da78be4050dbdd5b5ec801d58bf15ed03caff300ce29a276b928463c7f6eae85,159494.56569999998,146.0,138.0,-1.0,-1.0,0.03353796710217116,-0.03146959181516763,False,,,
58,0.17641585393589887,-0.10846306597613709,25,403,3.7220843672456576,0.2677652073856076,-0.310919408097985,False,True,False,False,0.55,0.0,0.38,0.0,3,90,0.003,EX23T058,EX19T058,20260930_S011_EX23,artifacts/trials/T058,024c182d64585aca16a7dfc5674346174b8bc194ab27a6e254ed62aa436a88f8,59625.4919,55.0,52.0,-1.0,-1.0,-0.23903311704990204,-0.03595355504174459,False,,,
59,-0.0007034334274228504,-0.05221487786938028,5,403,0.7444168734491315,0.2677652073856076,-0.310919408097985,False,True,False,False,0.75,0.175,0.435,0.025,2,170,0.005,EX23T059,EX19T059,20260930_S011_EX23,artifacts/trials/T059,18f3b8ebf1777d4bd9bfb5c823d7c633aaa7713e93cee545b889b2e3be3b7849,9986.398100000002,10.0,10.0,-1.0,-1.0,-0.41615240441322376,0.02029463306501221,False,,,
60,0.03111779851115859,-0.0733404423076558,7,403,1.0421836228287842,0.2677652073856076,-0.310919408097985,False,True,False,False,0.9,0.1,0.435,-0.3,1,90,0.006,EX23T060,EX19T060,20260930_S011_EX23,artifacts/trials/T060,bda68c0a5a4daf85ccfaceb5561271662a1ce74d703986f8ec78068dbe01fffe,14803.379799999999,14.0,14.0,-1.0,-1.0,-0.3843311724746423,-0.0008309313732633022,False,,,
61,0.1921791353784692,-0.08215287809731242,23,403,3.424317617866005,0.2677652073856076,-0.310919408097985,False,True,False,False,0.7,0.0,0.4,0.0,2,70,0.006,EX23T061,EX19T061,20260930_S011_EX23,artifacts/trials/T061,626aa5f1ceb3f30f1546d7a4d95df0ad1c373cfa8a39cf2c481a6feee641b1e2,55036.782300000006,49.0,48.0,-1.0,-1.0,-0.2232698356073317,-0.009643367162919927,False,,,
62,0.5407015493242999,-0.09620106245895987,86,403,12.803970223325061,0.2677652073856076,-0.310919408097985,True,True,False,False,0.0,0.375,0.12,0.0,3,210,0.002,EX23T062,EX19T062,20260930_S011_EX23,artifacts/trials/T062,514b014b4e9138555f1e50ba4a8c3804aac7a8677754cae85e60930ca214a39d,249570.64310000002,217.0,206.0,-1.0,-1.0,0.125252578338499,-0.02369155152456738,False,,,
63,0.37431923481375295,-0.07242781040605728,38,403,5.6575682382134,0.2677652073856076,-0.310919408097985,False,True,True,False,0.7,0.025,0.345,0.025,2,130,0.004,EX23T063,EX19T063,20260930_S011_EX23,artifacts/trials/T063,705e60c9081637a2e671a92b282c59ee3cd324df8a9fd1bf0af4803147f513cd,102745.72570000001,85.0,82.0,-1.0,-1.0,-0.04112973617204796,8.170052833521291e-05,False,,,
64,0.27057175035024295,-0.16689434910518974,99,403,14.739454094292803,0.2677652073856076,-0.310919408097985,False,True,False,False,0.325,0.0,0.12,-0.05,1,30,0.008,EX23T064,EX19T064,20260930_S011_EX23,artifacts/trials/T064,f20b6803df5a205a56bd7ac16041615a8e53ad1c23cce1c620ca12a4ec583d99,248448.72910000003,205.0,200.0,-1.0,-1.0,-0.14487722063555797,-0.09438483817079725,False,,,
65,0.13851544621373013,-0.16998064773701027,94,403,13.995037220843672,0.2677652073856076,-0.310919408097985,False,True,False,False,0.575,0.05,0.085,-0.225,1,40,0.0005,EX23T065,EX19T065,20260930_S011_EX23,artifacts/trials/T065,4fb0cc816be36e0f5bd6c0d281351fe2da234c3e035e7ed8b489420141b80dd1,209929.20239999998,210.0,188.0,-1.0,-1.0,-0.2769335247720708,-0.09747113680261778,False,,,
66,0.14742274784397447,-0.22479272183950905,85,403,12.655086848635236,0.2677652073856076,-0.310919408097985,False,True,False,False,0.475,0.0,0.08,-0.275,2,210,0.0005,EX23T066,EX19T066,20260930_S011_EX23,artifacts/trials/T066,7366de7d7965b97331d9c713eccbcecda3847c1f150963e6acf9a8630e4caace,221311.4022,226.0,205.0,-1.0,-1.0,-0.26802622314182645,-0.15228321090511654,False,,,
67,0.27955044632613557,-0.0635532673942717,56,403,8.337468982630273,0.2677652073856076,-0.310919408097985,False,True,False,False,0.0,0.0,0.285,-0.075,2,40,0.001,EX23T067,EX19T067,20260930_S011_EX23,artifacts/trials/T067,d7fe15b762a3f897f0d7a834b6266d148ea920ba0c1a1856c2f84b43594a7982,138373.1882,118.0,113.0,-1.0,-1.0,-0.13589852465966534,0.008956243540120798,False,,,
68,0.17618694528899992,-0.22200446880560165,103,403,15.334987593052109,0.2677652073856076,-0.310919408097985,False,True,False,False,0.175,0.35,0.075,-0.025,1,50,0.002,EX23T068,EX19T068,20260930_S011_EX23,artifacts/trials/T068,cfcd7de38a343ec1f0c0af5f29de38a27b18102c5357ad94c9cd5e60b4b42c6d,247206.5718,216.0,207.0,-1.0,-1.0,-0.239262025696801,-0.14949495787120914,False,,,
69,0.3805609351455783,-0.19374062567318762,56,403,8.337468982630273,0.2677652073856076,-0.310919408097985,False,True,False,False,0.925,0.0,0.325,-0.3,2,230,0.0065,EX23T069,EX19T069,20260930_S011_EX23,artifacts/trials/T069,e1ca4eceba68c02741cadefa082ce45fa269d133479117416d10565900a44991,162331.4438,127.0,122.0,-1.0,-1.0,-0.0348880358402226,-0.12123111473879512,False,,,
70,0.21567019189410264,-0.13295791487901187,38,403,5.6575682382134,0.2677652073856076,-0.310919408097985,False,True,True,False,0.525,0.475,0.225,0.0,3,190,0.0,EX23T070,EX19T070,20260930_S011_EX23,artifacts/trials/T070,82e20b26a5cc1f82d61ace07320825cb24a771bb2718cece1963f853564f877e,95194.71889999999,79.0,76.0,-1.0,-1.0,-0.19977877909169828,-0.06044840394461938,False,,,
71,0.26409348638023467,-0.1546431067454146,103,403,15.334987593052109,0.2677652073856076,-0.310919408097985,False,True,False,False,0.375,0.475,0.08,0.0,1,200,0.008,EX23T071,EX19T071,20260930_S011_EX23,artifacts/trials/T071,ce8d3182ce4f3809ebf3a91beb81f835447117cb9f8c2d0c38d5b204e89b1fa9,255937.24289999998,212.0,207.0,-1.0,-1.0,-0.15135548460556625,-0.0821335958110221,False,,,
72,0.06198315613325556,-0.054547173722564235,7,403,1.0421836228287842,0.2677652073856076,-0.310919408097985,False,True,False,False,0.025,0.25,0.4,-0.3,3,160,0.0085,EX23T072,EX19T072,20260930_S011_EX23,artifacts/trials/T072,2fd6d338683452a24012d142cc0eaed65c20ba3c8e1097743d482d11d1e7b5ba,14670.4001,14.0,14.0,-1.0,-1.0,-0.35346581485254536,0.017962337211828258,False,,,
73,0.07802767245241315,-0.054788062497244217,13,403,1.935483870967742,0.2677652073856076,-0.310919408097985,False,True,False,False,0.0,0.5,0.345,0.0,3,50,0.004,EX23T073,EX19T073,20260930_S011_EX23,artifacts/trials/T073,3dcf30c2a1e33777ebc9f216c7aae9dac175d9ec009cc5f6db00371db18cb01c,27418.479100000004,26.0,26.0,-1.0,-1.0,-0.33742129853338776,0.017721448437148277,False,,,
74,0.19764397739233708,-0.09399367093818434,29,403,4.317617866004963,0.2677652073856076,-0.310919408097985,False,True,True,False,0.375,0.1,0.325,0.0,3,20,0.009,EX23T074,EX19T074,20260930_S011_EX23,artifacts/trials/T074,473c9fea75b9b8ec66f5fe81307e10a65e7ca6fb6a89ecdeb38fbd4408ec2678,67288.5938,63.0,62.0,-1.0,-1.0,-0.21780499359346384,-0.021484160003791844,False,,,
75,0.29184237084319586,-0.149720491091753,48,403,7.1464019851116625,0.2677652073856076,-0.310919408097985,False,True,False,False,0.875,0.175,0.275,-0.225,3,90,0.0,EX23T075,EX19T075,20260930_S011_EX23,artifacts/trials/T075,f5b99c282ab99eb870fd84865808e65bda420eb5cbb5cbcb99819d32ea9acd5f,127180.8872,118.0,106.0,-1.0,-1.0,-0.12360660014260505,-0.07721098015736051,False,,,
76,0.05093848261563316,-0.10363030350442237,28,403,4.168734491315137,0.2677652073856076,-0.310919408097985,False,True,True,False,0.9,0.275,0.31,-0.3,1,20,0.0005,EX23T076,EX19T076,20260930_S011_EX23,artifacts/trials/T076,bd90857d46fe68528a8328a47f8651f7e591760a2f59ffbf3039fc9e596203a6,59568.26270000001,59.0,56.0,-1.0,-1.0,-0.36451048837016775,-0.03112079257002988,False,,,
77,0.0,0.0,0,403,0.0,0.2677652073856076,-0.310919408097985,False,True,False,False,0.6,0.375,0.45,0.0,2,50,0.0005,EX23T077,EX19T077,20260930_S011_EX23,artifacts/trials/T077,7469a5b622c2b0b6a4c896a2f6dd4aec20ce87a2910a9c29b65f99b883489ff4,0.0,0.0,0.0,-1.0,-1.0,-0.4154489709858009,0.0725095109343925,False,,,
78,0.4794655332505027,-0.12213629481649313,109,403,16.22828784119107,0.2677652073856076,-0.310919408097985,True,True,False,False,0.15,0.25,0.06,0.0,2,30,0.01,EX23T078,EX19T078,20260930_S011_EX23,artifacts/trials/T078,c8b20ddc51ae83ecf3639c2f8e171536767b4855c4d7fe1486db0a85b0bb70ff,310185.24679999996,259.0,256.0,-1.0,-1.0,0.06401656226470176,-0.049626783882100636,False,,,
79,0.2334352932215198,-0.1147002299179718,38,403,5.6575682382134,0.2677652073856076,-0.310919408097985,False,True,True,False,0.1,0.35,0.26,0.025,1,180,0.0015,EX23T079,EX19T079,20260930_S011_EX23,artifacts/trials/T079,8c655aa5bddfa220ff3fa17beb99d46bd38c6934161d73c445284f8696faec83,94636.64660000001,77.0,76.0,-1.0,-1.0,-0.18201367776428112,-0.0421907189835793,False,,,
80,-0.0033644237665449994,-0.0953641259824819,5,403,0.7444168734491315,0.2677652073856076,-0.310919408097985,False,True,False,False,0.4,0.45,0.385,-0.225,3,200,0.01,EX23T080,EX19T080,20260930_S011_EX23,artifacts/trials/T080,5c051ad7bbdb327cfa250962e1e30ace771fb84cda51f83dc102f9ded3c8e728,9911.582,10.0,10.0,-1.0,-1.0,-0.4188133947523459,-0.022854615048089402,False,,,
81,0.5308680189980561,-0.07242681328491729,50,403,7.444168734491315,0.2677652073856076,-0.310919408097985,True,True,False,False,0.65,0.025,0.31,0.025,2,130,0.004,EX23T081,EX19T081,20260930_S011_EX23,artifacts/trials/T081,80ef5f6532580a8f99575695f89961d656e5ecd95004f09cbf063a264576915a,150656.27710000004,130.0,124.0,-1.0,-1.0,0.11541904801225522,8.269764947520242e-05,False,,,
82,0.24104896725777292,-0.11420171030083526,51,403,7.593052109181142,0.2677652073856076,-0.310919408097985,False,True,False,False,0.075,0.075,0.305,-0.25,1,210,0.006,EX23T082,EX19T082,20260930_S011_EX23,artifacts/trials/T082,f40c7da99f78d3651646f515552c467b8a6d0105882a727ccb4f8ebb9a63d32d,129046.8299,110.0,107.0,-1.0,-1.0,-0.174400003728028,-0.041692199366442764,False,,,
83,0.16040375414055763,-0.10772532840510607,24,403,3.5732009925558312,0.2677652073856076,-0.310919408097985,False,True,False,False,0.475,0.075,0.37,-0.15,3,210,0.01,EX23T083,EX19T083,20260930_S011_EX23,artifacts/trials/T083,c83494a466e47a278f14c4fb2bd39b4d96bfb81b63933483c0f39b4b171262ca,55260.042400000006,52.0,51.0,-1.0,-1.0,-0.2550452168452433,-0.035215817470713576,False,,,
84,0.3379027157533412,-0.15981613209563794,50,403,7.444168734491315,0.2677652073856076,-0.310919408097985,False,True,False,False,0.475,0.35,0.205,-0.225,3,180,0.0005,EX23T084,EX19T084,20260930_S011_EX23,artifacts/trials/T084,1524116ad0ff4cc3e2eb3e0908162a6c91530cfb0a2b7cbd75dd7be31070e302,134257.6837,107.0,103.0,-1.0,-1.0,-0.07754625523245973,-0.08730662116124545,False,,,
85,0.17954001621068238,-0.24597628358716794,86,403,12.803970223325061,0.2677652073856076,-0.310919408097985,False,True,False,False,0.925,0.0,0.19,-0.1,1,210,0.0015,EX23T085,EX19T085,20260930_S011_EX23,artifacts/trials/T085,6ee298b61e61af5f12b2a4d2f1953227ee257d8eb244b66ff119ab61f03e117b,209050.36700000003,185.0,175.0,-1.0,-1.0,-0.23590895477511853,-0.17346677265277544,False,,,
86,0.08092066370448348,-0.1968270288749162,93,403,13.846153846153847,0.2677652073856076,-0.310919408097985,False,True,False,False,1.0,0.425,0.095,-0.125,1,50,0.001,EX23T086,EX19T086,20260930_S011_EX23,artifacts/trials/T086,d94bb7779648d13da7e995902bea74f51d57b1fcfb631bf78f1302e291d211f7,213899.15400000004,205.0,190.0,-1.0,-1.0,-0.33452830728131744,-0.12431751794052372,False,,,
87,0.3608028217655841,-0.17263287452346499,86,403,12.803970223325061,0.2677652073856076,-0.310919408097985,False,True,False,False,0.925,0.5,0.14,-0.075,1,240,0.002,EX23T087,EX19T087,20260930_S011_EX23,artifacts/trials/T087,637ce20564fe966498f0604723fe453fee2f1a2df93c6f71e9716ddd84f1d2a0,236462.50700000004,186.0,180.0,-1.0,-1.0,-0.05464614922021682,-0.10012336358907249,False,,,
88,0.3797633424125375,-0.1446502688452832,81,403,12.05955334987593,0.2677652073856076,-0.310919408097985,False,True,False,False,0.05,0.0,0.145,-0.1,3,230,0.001,EX23T088,EX19T088,20260930_S011_EX23,artifacts/trials/T088,2d3ddb48fdc27e783ad17c8040a9488afb81b11dcc6b70c2a76f4d97ce3090b9,224399.1948,193.0,179.0,-1.0,-1.0,-0.035685628573263406,-0.07214075791089071,False,,,
89,0.3396392013044973,-0.12222773094379458,83,403,12.357320099255583,0.2677652073856076,-0.310919408097985,False,True,False,False,0.05,0.0,0.145,-0.075,3,110,0.01,EX23T089,EX19T089,20260930_S011_EX23,artifacts/trials/T089,17cd6d4be8bea2afd270770e1b59ef3c1281426ee2a5e348789aa8d0213c24eb,212192.6911,180.0,176.0,-1.0,-1.0,-0.0758097696813036,-0.049718220009402084,False,,,
90,0.18031474972299089,-0.18416259186185668,118,403,17.568238213399503,0.2677652073856076,-0.310919408097985,False,True,False,False,0.05,0.125,0.085,-0.075,1,170,0.0075,EX23T090,EX19T090,20260930_S011_EX23,artifacts/trials/T090,2623f1b6312eb23fd1b7a99c44fd89146995ad78f4395659f9f641f2680cb31b,271899.5823,241.0,236.0,-1.0,-1.0,-0.23513422126281003,-0.11165308092746419,False,,,
91,0.17759068668868827,-0.0815121589994805,21,403,3.1265508684863526,0.2677652073856076,-0.310919408097985,False,True,False,False,0.55,0.0,0.405,-0.025,1,150,0.0055,EX23T091,EX19T091,20260930_S011_EX23,artifacts/trials/T091,ee5c261f8abae7098b16adc5a04f5cd5fa494e01bb48459da070982cd7762659,51030.363099999995,46.0,44.0,-1.0,-1.0,-0.23785828429711264,-0.009002648065088006,False,,,
92,0.024892821559924005,-0.07043459280892417,7,403,1.0421836228287842,0.2677652073856076,-0.310919408097985,False,True,False,False,0.775,0.225,0.4,-0.275,3,200,0.003,EX23T092,EX19T092,20260930_S011_EX23,artifacts/trials/T092,1211b893d21fd566cbf3021af330785e5aa6746b26f5b91e4c4e1c258618edf6,14519.828100000002,14.0,14.0,-1.0,-1.0,-0.3905561494258769,0.002074918125468325,False,,,
93,0.05727084466609056,-0.052035302110039816,8,403,1.1910669975186103,0.2677652073856076,-0.310919408097985,False,True,False,False,0.875,0.2,0.4,-0.125,3,60,0.008,EX23T093,EX19T093,20260930_S011_EX23,artifacts/trials/T093,7a4db114e64f7ee645676a7070bab261380ae9f9b2ac2d7753dffc1c253584af,16827.2775,16.0,16.0,-1.0,-1.0,-0.35817812631971035,0.020474208824352677,False,,,
94,0.17210504791622228,-0.08191303437647435,20,403,2.977667493796526,0.2677652073856076,-0.310919408097985,False,True,False,False,0.675,0.025,0.405,-0.2,1,130,0.0,EX23T094,EX19T094,20260930_S011_EX23,artifacts/trials/T094,e466738140312efd7b987ac6dd36409c5a8c769fb765015d9da6df66231af4c3,47924.719099999995,43.0,42.0,-1.0,-1.0,-0.24334392306957864,-0.009403523442081854,False,,,
95,0.016092240482505238,0.0,1,403,0.1488833746898263,0.2677652073856076,-0.310919408097985,False,True,False,False,0.4,0.275,0.45,-0.15,3,160,0.0,EX23T095,EX19T095,20260930_S011_EX23,artifacts/trials/T095,08e2a2dbc18c5544236cba4e800f12cb6dfbe96725a1b4c1b23821cd134dd663,2025.7772,2.0,2.0,-1.0,-1.0,-0.3993567305032957,0.0725095109343925,False,,,
96,0.1841065095492549,-0.1926646386878822,97,403,14.441687344913152,0.2677652073856076,-0.310919408097985,False,True,False,False,0.075,0.05,0.13,0.025,1,100,0.0025,EX23T096,EX19T096,20260930_S011_EX23,artifacts/trials/T096,e81b7c826c2a1ec0ebc5c598152cb1d2bae606c1369030cce917c884703690eb,224196.0377,206.0,194.0,-1.0,-1.0,-0.23134246143654602,-0.1201551277534897,False,,,
97,0.3800676410536665,-0.08272121307604507,37,403,5.508684863523573,0.2677652073856076,-0.310919408097985,False,True,True,False,0.35,0.175,0.3,0.025,3,120,0.005,EX23T097,EX19T097,20260930_S011_EX23,artifacts/trials/T097,f8b7738406072b3bfdc2de184acaef648f1209c7338e6c42e86f3e4677c37ed3,101817.6869,81.0,80.0,-1.0,-1.0,-0.03538132993213439,-0.010211702141652582,False,,,
98,0.038846039402143706,0.0,2,403,0.2977667493796526,0.2677652073856076,-0.310919408097985,False,True,False,False,0.175,0.375,0.41,-0.075,1,50,0.0095,EX23T098,EX19T098,20260930_S011_EX23,artifacts/trials/T098,ba9ed2f51bbf5e1f4ea2d4b9bfbac8bbf7bb4f83e661bef43027a5b09f672294,4097.3591,4.0,4.0,-1.0,-1.0,-0.3766029315836572,0.0725095109343925,False,,,
99,0.14023648909304676,-0.0928050944951031,22,403,3.2754342431761785,0.2677652073856076,-0.310919408097985,False,True,False,False,0.15,0.5,0.28,0.025,2,130,0.0095,EX23T099,EX19T099,20260930_S011_EX23,artifacts/trials/T099,60ba2922ffbf148c55a8393db12d730c60925801d68f440806b6fda5d52e5b87,51598.775499999996,44.0,44.0,-1.0,-1.0,-0.27521248189275416,-0.02029558356071061,False,,,
100,0.01605295371145088,0.0,1,403,0.1488833746898263,0.2677652073856076,-0.310919408097985,False,True,False,False,0.35,0.45,0.45,-0.05,1,240,0.0025,EX23T100,EX19T100,20260930_S011_EX23,artifacts/trials/T100,765746fed85e3db0c2b00974b3a3ccac0355f0dfc5907a6fd9bb18fbd60163f6,2020.808,2.0,2.0,-1.0,-1.0,-0.39939601727435003,0.0725095109343925,False,,,
101,0.156876013724486,-0.2169815949575833,105,403,15.632754342431761,0.2677652073856076,-0.310919408097985,False,True,False,False,0.075,0.325,0.09,-0.2,1,70,0.0075,EX23T101,EX19T101,20260930_S011_EX23,artifacts/trials/T101,a55073f0d13a1c32ee2835283e5f1dce569a9e3c7a8e4596fa00f5bc5adb4d97,241607.51009999998,215.0,210.0,-1.0,-1.0,-0.2585729572613149,-0.14447208402319078,False,,,
102,0.4617772114211205,-0.16469018173956051,102,403,15.186104218362283,0.2677652073856076,-0.310919408097985,True,True,False,False,0.925,0.0,0.075,-0.1,2,240,0.008,EX23T102,EX19T102,20260930_S011_EX23,artifacts/trials/T102,71ba6fa0195e61fbb4d5d45127af3c6cf242e0c4f24b51b94e8b7f971b37f9a9,285110.7209,239.0,234.0,-1.0,-1.0,0.04632824043531958,-0.09218067080516802,False,,,
103,0.12884973666545307,-0.06927718172096864,16,403,2.3821339950372207,0.2677652073856076,-0.310919408097985,False,True,False,False,0.175,0.45,0.345,-0.075,3,200,0.004,EX23T103,EX19T103,20260930_S011_EX23,artifacts/trials/T103,9f040157e2ccfe3cd9155a1706de1658379ade20b7d59f9cd0888adda8601c9b,36269.898100000006,32.0,32.0,-1.0,-1.0,-0.28659923432034784,0.003232329213423854,False,,,
104,0.3951140783745095,-0.08249736555011522,45,403,6.699751861042183,0.2677652073856076,-0.310919408097985,False,True,False,False,0.4,0.075,0.29,0.025,2,80,0.005,EX23T104,EX19T104,20260930_S011_EX23,artifacts/trials/T104,03eba15d74c540a6b3d9a5b013126e56ba4d2400cad41d3df49355de717c29cd,123510.9753,102.0,100.0,-1.0,-1.0,-0.0203348926112914,-0.009987854615722727,False,,,
105,0.0938672150524591,-0.0863266327664941,19,403,2.8287841191067,0.2677652073856076,-0.310919408097985,False,True,False,False,0.175,0.3,0.315,-0.15,1,70,0.0,EX23T105,EX19T105,20260930_S011_EX23,artifacts/trials/T105,7bcf73b67cc60d47427d829e47155d0dc70891a105791395d82c7a99c59d63a5,43027.21240000001,39.0,38.0,-1.0,-1.0,-0.3215817559333418,-0.013817121832101611,False,,,
106,0.35463673193724343,-0.18367206261115643,82,403,12.208436724565757,0.2677652073856076,-0.310919408097985,False,True,False,False,0.7,0.4,0.135,-0.1,1,50,0.0095,EX23T106,EX19T106,20260930_S011_EX23,artifacts/trials/T106,af424ae327b51dd56f0a615bb2bcf283ddd8efff9a58e7bb5a5a615be5160b5f,222317.41280000002,170.0,168.0,-1.0,-1.0,-0.06081223904855748,-0.11116255167676393,False,,,
107,0.03149644991579703,-0.0730622195280104,9,403,1.3399503722084367,0.2677652073856076,-0.310919408097985,False,True,False,False,0.575,0.275,0.37,-0.2,1,30,0.0095,EX23T107,EX19T107,20260930_S011_EX23,artifacts/trials/T107,6989b11bddd037b3b31774a8c3d2903618ded660912af2e2b1ca1d6bcdf023e5,18755.2487,18.0,18.0,-1.0,-1.0,-0.3839525210700039,-0.0005527085936179038,False,,,
108,0.41247231764375303,-0.15263260624263508,101,403,15.037220843672456,0.2677652073856076,-0.310919408097985,True,True,False,False,0.975,0.45,0.065,0.0,3,240,0.0025,EX23T108,EX19T108,20260930_S011_EX23,artifacts/trials/T108,cc1bb43634af50503b91660b6fbe08ee6b1b90832f51dca850934ba6992a123c,273602.8613,247.0,232.0,-1.0,-1.0,-0.002976653342047886,-0.08012309530824259,False,,,
109,0.325364269643605,-0.09636295775922421,73,403,10.868486352357321,0.2677652073856076,-0.310919408097985,False,True,False,False,0.175,0.425,0.13,-0.025,3,70,0.0,EX23T109,EX19T109,20260930_S011_EX23,artifacts/trials/T109,f343ba4ff6878fd76e5de55fb86b5b05bc491a6862850a41e389a77812710af8,186340.22830000002,166.0,153.0,-1.0,-1.0,-0.09008470134219593,-0.023853446824831717,False,,,
110,0.023625453420915266,-0.046086846917627766,4,403,0.5955334987593052,0.2677652073856076,-0.310919408097985,False,True,False,False,0.75,0.475,0.415,-0.125,3,240,0.0005,EX23T110,EX19T110,20260930_S011_EX23,artifacts/trials/T110,8ab77fa714ec4c413681c8a5797ac552eb014c3778b6587369fec43f1a8b32cd,8272.0314,8.0,8.0,-1.0,-1.0,-0.39182351756488565,0.026422664016764727,False,,,
111,0.06286265954259562,-0.09065322235478313,19,403,2.8287841191067,0.2677652073856076,-0.310919408097985,False,True,False,False,0.025,0.45,0.3,-0.25,3,40,0.002,EX23T111,EX19T111,20260930_S011_EX23,artifacts/trials/T111,efd211df11f750fe18140c2495ddbcd6fa9214e2296fce0beaf7148fa25d7aed,39784.223,38.0,38.0,-1.0,-1.0,-0.3525863114432053,-0.018143711420390632,False,,,
112,0.23746532560831213,-0.15370023671446753,90,403,13.399503722084367,0.2677652073856076,-0.310919408097985,False,True,False,False,0.05,0.075,0.115,-0.175,2,80,0.0045,EX23T112,EX19T112,20260930_S011_EX23,artifacts/trials/T112,f179130e372bc3ee307ebf8c98cd3ca0de853a783f9c7a570585b589de62d129,228587.4936,186.0,181.0,-1.0,-1.0,-0.17798364537748879,-0.08119072578007504,False,,,
113,0.19750866492806418,-0.1493794242309504,35,403,5.2109181141439205,0.2677652073856076,-0.310919408097985,False,True,True,False,0.8,0.2,0.305,-0.225,1,220,0.01,EX23T113,EX19T113,20260930_S011_EX23,artifacts/trials/T113,50ee1a931363318f1dffd59703b6a9513ac778bb4cf65ec7c25443b0fca9ded8,89854.7743,72.0,72.0,-1.0,-1.0,-0.21794030605773673,-0.07686991329655792,False,,,
114,0.025493219518800014,-0.17191212797782252,104,403,15.483870967741936,0.2677652073856076,-0.310919408097985,False,True,False,False,0.0,0.475,0.055,-0.25,1,230,0.0005,EX23T114,EX19T114,20260930_S011_EX23,artifacts/trials/T114,cd0a5fcc217e1803c95e528e6331941cb52b94a1b287eada0760796f481cf18b,222423.3458,229.0,209.0,-1.0,-1.0,-0.3899557514670009,-0.09940261704343002,False,,,
115,0.457488933566631,-0.15160179637593985,68,403,10.124069478908188,0.2677652073856076,-0.310919408097985,True,True,False,False,0.875,0.4,0.165,-0.025,3,70,0.01,EX23T115,EX19T115,20260930_S011_EX23,artifacts/trials/T115,ad091ab2f333d2219e73c3233319a07a8d9362e36c9fa27d421ebc59cc14c305,185505.4964,150.0,150.0,-1.0,-1.0,0.04203996258083009,-0.07909228544154735,False,,,
116,0.4413335092918298,-0.16154392116499583,88,403,13.101736972704714,0.2677652073856076,-0.310919408097985,True,True,False,False,0.45,0.2,0.06,-0.075,2,130,0.0005,EX23T116,EX19T116,20260930_S011_EX23,artifacts/trials/T116,aa0e2adbc5835d529b42ecd50dca876813199d15160012bfc3552ddaa89a430d,254104.5699,265.0,234.0,-1.0,-1.0,0.02588453830602888,-0.08903441023060334,False,,,
117,0.4222496502350064,-0.09851293315665988,42,403,6.253101736972705,0.2677652073856076,-0.310919408097985,True,True,False,False,0.6,0.025,0.345,-0.025,3,160,0.0065,EX23T117,EX19T117,20260930_S011_EX23,artifacts/trials/T117,ae1e9cc2dc624b72d417f109cb2cf7f3dba5b352ebb2bed3a854f51ae94abc4e,116703.77170000001,94.0,92.0,-1.0,-1.0,0.006800679249205466,-0.026003422222267383,False,,,
118,0.5502071190556748,-0.1594138000978188,94,403,13.995037220843672,0.2677652073856076,-0.310919408097985,True,True,False,False,0.825,0.125,0.075,-0.075,3,60,0.003,EX23T118,EX19T118,20260930_S011_EX23,artifacts/trials/T118,1638627238b520b4901b30cb54f3d53bf3dd146214d0b02ee56fb83bd1d20115,274012.7681,237.0,227.0,-1.0,-1.0,0.13475814806987385,-0.08690428916342631,False,,,
119,0.47642069231095774,-0.22138766357018824,52,403,7.741935483870968,0.2677652073856076,-0.310919408097985,True,True,False,False,0.55,0.175,0.21,-0.3,3,70,0.0055,EX23T119,EX19T119,20260930_S011_EX23,artifacts/trials/T119,55f5ce475ba09d732120f390989b8d4c7fd9e6ec172b6b307f4c943057f5b1d9,159877.34420000002,157.0,154.0,-1.0,-1.0,0.060971721325156825,-0.14887815263579574,False,,,
120,0.3135548121005769,-0.10372583327722584,34,403,5.062034739454094,0.2677652073856076,-0.310919408097985,False,True,True,False,0.35,0.125,0.33,-0.025,2,160,0.0045,EX23T120,EX19T120,20260930_S011_EX23,artifacts/trials/T120,278aa855af5e5c3b41014a95aaf551561840134038173176f76a8bee8312d23f,91600.75660000001,71.0,70.0,-1.0,-1.0,-0.10189415888522402,-0.03121632234283335,False,,,
121,0.28496358186984283,-0.1756252995938139,64,403,9.528535980148883,0.2677652073856076,-0.310919408097985,False,True,False,False,0.975,0.3,0.235,-0.3,1,210,0.004,EX23T121,EX19T121,20260930_S011_EX23,artifacts/trials/T121,5af53f216c873a7218ababdc64386ef6341f637a287777014319cd75df461271,170427.01149999996,134.0,132.0,-1.0,-1.0,-0.13048538911595808,-0.1031157886594214,False,,,
122,0.5700748331883891,-0.1592863148767959,74,403,11.017369727047146,0.2677652073856076,-0.310919408097985,True,True,False,False,1.0,0.025,0.22,-0.125,3,180,0.004,EX23T122,EX19T122,20260930_S011_EX23,artifacts/trials/T122,c09fa647f739b0f7a82c5cf6b1b1b0a44b9cccebd5d208f77eb7c39125b059c2,216656.9835,185.0,177.0,-1.0,-1.0,0.15462586220258823,-0.0867768039424034,False,,,
123,0.07792600787988246,-0.10702076281473627,33,403,4.913151364764268,0.2677652073856076,-0.310919408097985,False,True,True,False,0.175,0.025,0.35,-0.275,1,50,0.0005,EX23T123,EX19T123,20260930_S011_EX23,artifacts/trials/T123,467395e8a1d982023d2ec5864fed61a27ab7514079d25a0f79561311f53fcda3,74357.1437,74.0,71.0,-1.0,-1.0,-0.33752296310591845,-0.03451125188034378,False,,,
124,-0.014088284517059457,-0.07371345259855,5,403,0.7444168734491315,0.2677652073856076,-0.310919408097985,False,True,False,False,0.525,0.475,0.39,-0.225,1,160,0.001,EX23T124,EX19T124,20260930_S011_EX23,artifacts/trials/T124,92de254249d0ab3d749e2c5abcb8751b345bf097c58bd0fd5ffcc640898c77fc,10119.8971,10.0,10.0,-1.0,-1.0,-0.42953725550286037,-0.0012039416641575068,False,,,
125,0.15362910422741405,-0.18689897891766882,60,403,8.933002481389579,0.2677652073856076,-0.310919408097985,False,True,False,False,0.025,0.325,0.175,-0.3,3,20,0.0075,EX23T125,EX19T125,20260930_S011_EX23,artifacts/trials/T125,74999004419485b7c3567ee932e2df6395bc8f7e7c19e4c8f7023ea7d011016b,147053.6044,127.0,123.0,-1.0,-1.0,-0.26181986675838687,-0.11438946798327633,False,,,
126,0.1655532581546788,-0.18037665035995676,112,403,16.674937965260547,0.2677652073856076,-0.310919408097985,False,True,False,False,0.05,0.05,0.08,-0.3,1,150,0.005,EX23T126,EX19T126,20260930_S011_EX23,artifacts/trials/T126,5de5ad81f54fca98bb14feeb0351b3d33c91b711b9397cbca0528ae84ed3418b,253750.4449,231.0,224.0,-1.0,-1.0,-0.2498957128311221,-0.10786713942556427,False,,,
127,0.05798447229975978,-0.04827386678566126,10,403,1.488833746898263,0.2677652073856076,-0.310919408097985,False,True,False,False,0.925,0.45,0.385,0.025,2,190,0.002,EX23T127,EX19T127,20260930_S011_EX23,artifacts/trials/T127,397cf6048c1ddd35237d7539857520377f76b739232c42ee558b101587d3f724,21087.774999999998,20.0,20.0,-1.0,-1.0,-0.35746449868604113,0.024235644148731236,False,,,
128,0.05380766536766646,-0.07169766392840282,9,403,1.3399503722084367,0.2677652073856076,-0.310919408097985,False,True,False,False,0.1,0.2,0.395,-0.3,3,220,0.002,EX23T128,EX19T128,20260930_S011_EX23,artifacts/trials/T128,8dd34c44a3e5494c199345a451ed1b178338ccb58888e5e8b9eef8d9fa1469bb,19445.528299999998,18.0,18.0,-1.0,-1.0,-0.36164130561813446,0.0008118470059896715,False,,,
129,0.44817508161759867,-0.21652284975851877,101,403,15.037220843672456,0.2677652073856076,-0.310919408097985,True,True,False,False,0.95,0.475,0.05,-0.175,2,140,0.007,EX23T129,EX19T129,20260930_S011_EX23,artifacts/trials/T129,d9d9f4b7f882c323dcc040b624176afa4cd4f0c8665c7b21cdfc56c4b8b2056c,296823.11010000005,238.0,234.0,-1.0,-1.0,0.032726110631797756,-0.14401333882412626,False,,,
130,0.43642891755918156,-0.08256759456866081,58,403,8.635235732009926,0.2677652073856076,-0.310919408097985,True,True,False,False,0.55,0.25,0.21,-0.175,1,20,0.0035,EX23T130,EX19T130,20260930_S011_EX23,artifacts/trials/T130,fd75af7984f583f15e1ed244e4a77c74637263bb75e1b9b926de4aefc20a2247,157371.48690000002,139.0,136.0,-1.0,-1.0,0.020979946573380648,-0.010058083634268314,False,,,
131,0.27963246849289325,-0.15522420139602378,46,403,6.84863523573201,0.2677652073856076,-0.310919408097985,False,True,False,False,0.825,0.5,0.215,-0.25,3,120,0.01,EX23T131,EX19T131,20260930_S011_EX23,artifacts/trials/T131,52601e25d4b6cb1dc829d827e26a3d0717ba1cade93916b537f57938cfb0fd01,115155.53570000001,92.0,92.0,-1.0,-1.0,-0.13581650249290766,-0.08271469046163128,False,,,
132,0.049655015637198874,-0.06678130946709881,9,403,1.3399503722084367,0.2677652073856076,-0.310919408097985,False,True,False,False,0.5,0.15,0.395,0.025,2,120,0.004,EX23T132,EX19T132,20260930_S011_EX23,artifacts/trials/T132,9193f6e31b5263a44979ecc9dbe2b8dfab2ec2e7428f300cd2d40e4a587a2901,19322.4413,18.0,18.0,-1.0,-1.0,-0.36579395534860204,0.005728201467293678,False,,,
133,0.3500542893776133,-0.10358995224047307,35,403,5.2109181141439205,0.2677652073856076,-0.310919408097985,False,True,True,False,0.675,0.175,0.3,0.0,2,160,0.006,EX23T133,EX19T133,20260930_S011_EX23,artifacts/trials/T133,47f8787a30880dbdf91c0bc16fa255c16f4ba066342ba4892056c53842433526,96700.03550000001,75.0,74.0,-1.0,-1.0,-0.06539468160818762,-0.031080441306080578,False,,,
134,0.1499003647581738,-0.056825696972243156,11,403,1.6377171215880892,0.2677652073856076,-0.310919408097985,False,True,False,False,0.025,0.15,0.39,-0.175,3,60,0.009,EX23T134,EX19T134,20260930_S011_EX23,artifacts/trials/T134,43dabde5dc85bfd8058dfd7d56290ca694bdfdd5c2b313ef3f18ebad24eb0811,24912.9754,22.0,22.0,-1.0,-1.0,-0.2655486062276271,0.015683813962149337,False,,,
135,0.00749596851702905,-0.04565810939659598,4,403,0.5955334987593052,0.2677652073856076,-0.310919408097985,False,True,False,False,0.975,0.25,0.45,-0.125,1,120,0.0095,EX23T135,EX19T135,20260930_S011_EX23,artifacts/trials/T135,8428f905381c4389743c1cb0abdd5715a7840d6e2a42512cb71a48fb2171895e,8167.8045,8.0,8.0,-1.0,-1.0,-0.40795300246877186,0.026851401537796513,False,,,
136,0.1442155860172556,-0.09323836370570682,38,403,5.6575682382134,0.2677652073856076,-0.310919408097985,False,True,True,False,0.1,0.025,0.35,-0.25,1,30,0.007,EX23T136,EX19T136,20260930_S011_EX23,artifacts/trials/T136,91b337bdc91e49ce5208d4bded93de2893c420ba3bae6fe4b3a466583aa2a672,87689.88320000001,82.0,79.0,-1.0,-1.0,-0.2712333849685453,-0.020728852771314324,False,,,
137,-0.02253325846194587,-0.11574078932848997,10,403,1.488833746898263,0.2677652073856076,-0.310919408097985,False,True,False,False,0.95,0.4,0.395,-0.275,3,40,0.0045,EX23T137,EX19T137,20260930_S011_EX23,artifacts/trials/T137,08d7a57e617fe18ed95272416abee42ba47510c0f75d50509fadabdbb07e0cde,19663.516000000003,20.0,20.0,-1.0,-1.0,-0.4379822294477468,-0.043231278394097475,False,,,
138,0.49152733036228335,-0.1794846084481101,73,403,10.868486352357321,0.2677652073856076,-0.310919408097985,True,True,False,False,0.95,0.25,0.175,-0.3,3,200,0.007,EX23T138,EX19T138,20260930_S011_EX23,artifacts/trials/T138,a6a7d98eef0973808dd9eac8cdf1a8070802c7fc290ff921c46c7994019c2f0f,223107.69920000003,201.0,194.0,-1.0,-1.0,0.07607835937648244,-0.1069750975137176,False,,,
139,0.06839318016536877,-0.19505368799056,94,403,13.995037220843672,0.2677652073856076,-0.310919408097985,False,True,False,False,0.0,0.2,0.105,-0.275,1,40,0.0005,EX23T139,EX19T139,20260930_S011_EX23,artifacts/trials/T139,146f01c8c76f7695207e32622596ddb617a4f150cfd91d3b0b555131ca45da46,203943.3163,205.0,188.0,-1.0,-1.0,-0.34705579082043214,-0.1225441770561675,False,,,
140,0.2527194180943957,-0.08219798908457032,25,403,3.7220843672456576,0.2677652073856076,-0.310919408097985,False,True,False,False,0.75,0.15,0.34,0.0,2,140,0.0055,EX23T140,EX19T140,20260930_S011_EX23,artifacts/trials/T140,260b9a814a40ddbe95d45aff55275443bced636b91380200b7496cfa0880ab1c,63219.57150000002,53.0,52.0,-1.0,-1.0,-0.16272955289140523,-0.009688478150177829,False,,,
141,0.42508695003523167,-0.12927733965405708,77,403,11.464019851116625,0.2677652073856076,-0.310919408097985,True,True,False,False,0.475,0.0,0.15,-0.2,2,90,0.009,EX23T141,EX19T141,20260930_S011_EX23,artifacts/trials/T141,559318f7d948ed203cbebb22c643b13aee46ebd7add1013c34614bc348424819,216625.4369,191.0,188.0,-1.0,-1.0,0.009637979049430756,-0.056767828719664584,False,,,
142,0.03909024256969751,0.0,2,403,0.2977667493796526,0.2677652073856076,-0.310919408097985,False,True,False,False,0.225,0.475,0.405,-0.225,1,50,0.0035,EX23T142,EX19T142,20260930_S011_EX23,artifacts/trials/T142,803981532552699569282611ea798ea84a253e5763be4c5e4f95ae04c55ab0e2,4123.178900000001,4.0,4.0,-1.0,-1.0,-0.3763587284161034,0.0725095109343925,False,,,
143,0.2524880622496921,-0.11377184754847569,52,403,7.741935483870968,0.2677652073856076,-0.310919408097985,False,True,False,False,0.075,0.125,0.28,-0.075,1,100,0.01,EX23T143,EX19T143,20260930_S011_EX23,artifacts/trials/T143,7ae6abe0fd5082cb798e735e7b228bcb0156e9d5632a24a0de86a5dae182d943,131649.61510000002,109.0,107.0,-1.0,-1.0,-0.1629609087361088,-0.0412623366140832,False,,,
144,0.3452391726241848,-0.20686573943390218,87,403,12.952853598014888,0.2677652073856076,-0.310919408097985,False,True,False,False,1.0,0.1,0.065,-0.3,3,40,0.0005,EX23T144,EX19T144,20260930_S011_EX23,artifacts/trials/T144,8e6c6b86677718b946541c2f3d7547b0f86e5c808d903422ca8adcd191c4da71,241699.0972,216.0,196.0,-1.0,-1.0,-0.07020979836161612,-0.13435622849950968,False,,,
145,0.011808285443556388,-0.010455724474401129,1,403,0.1488833746898263,0.2677652073856076,-0.310919408097985,False,True,False,False,0.35,0.5,0.45,-0.25,3,240,0.0035,EX23T145,EX19T145,20260930_S011_EX23,artifacts/trials/T145,ce95bf42de57781fa2f76ca5045ca66561ad1bf2906e59e0e3183d82aed32c3c,2011.9125,2.0,2.0,-1.0,-1.0,-0.4036406855422445,0.062053786459991364,False,,,
146,0.19762395139630073,-0.20712191796909474,116,403,17.270471464019852,0.2677652073856076,-0.310919408097985,False,True,False,False,0.95,0.2,0.065,-0.125,1,190,0.004,EX23T146,EX19T146,20260930_S011_EX23,artifacts/trials/T146,089204d21f59587ae1c8ed0bffb6daddcdb880468c279730d165d6cd87f744c4,277199.4743,242.0,233.0,-1.0,-1.0,-0.21782501958950018,-0.13461240703470223,False,,,
147,0.1599925044691819,-0.11387251148148514,36,403,5.359801488833747,0.2677652073856076,-0.310919408097985,False,True,True,False,0.0,0.375,0.28,-0.225,1,110,0.009,EX23T147,EX19T147,20260930_S011_EX23,artifacts/trials/T147,61d56d02d52fb4416657d1808a3fc3dc254cf0e26dd401a3563308edeb609206,81441.9584,72.0,72.0,-1.0,-1.0,-0.255456466516619,-0.041363000547092646,False,,,
148,0.0,0.0,0,403,0.0,0.2677652073856076,-0.310919408097985,False,True,False,False,0.55,0.1,0.45,-0.175,2,20,0.0025,EX23T148,EX19T148,20260930_S011_EX23,artifacts/trials/T148,7469a5b622c2b0b6a4c896a2f6dd4aec20ce87a2910a9c29b65f99b883489ff4,0.0,0.0,0.0,-1.0,77.0,-0.4154489709858009,0.0725095109343925,False,,,
149,0.21323969161019818,-0.1768676940662528,103,403,15.334987593052109,0.2677652073856076,-0.310919408097985,False,True,False,False,0.525,0.425,0.065,-0.3,1,50,0.005,EX23T149,EX19T149,20260930_S011_EX23,artifacts/trials/T149,76640dfa72bc00e9240f40cebf0dd26a0d91ddffae70cb27340c74f323b3964f,253058.30620000002,212.0,207.0,-1.0,-1.0,-0.20220927937560274,-0.10435818313186031,False,,,
150,0.24438957875998324,-0.14911660855017295,55,403,8.188585607940446,0.2677652073856076,-0.310919408097985,False,True,False,False,0.25,0.5,0.185,-0.15,1,100,0.004,EX23T150,EX19T150,20260930_S011_EX23,artifacts/trials/T150,6ec2c1fa9a6d0ad5902962b4b552afcd119eca23c26b91540562fef9e012cfbb,136669.86669999998,112.0,110.0,-1.0,-1.0,-0.17105939222581767,-0.07660709761578045,False,,,
151,0.35047849457265157,-0.1036460578667534,51,403,7.593052109181142,0.2677652073856076,-0.310919408097985,False,True,False,False,0.3,0.075,0.29,-0.075,2,170,0.0055,EX23T151,EX19T151,20260930_S011_EX23,artifacts/trials/T151,1c46ca8947aa99e66a60a936a46814129d0e0b3bca3090210c3349640e9fba61,138888.49970000001,121.0,116.0,-1.0,-1.0,-0.06497047641314935,-0.031136546932360912,False,,,
152,0.2575692191982739,-0.08225609903580855,27,403,4.01985111662531,0.2677652073856076,-0.310919408097985,False,True,True,False,0.575,0.05,0.365,-0.025,2,150,0.0045,EX23T152,EX19T152,20260930_S011_EX23,artifacts/trials/T152,93789bc41d2609a904d3e8a08f432cac7998fdb6b1cf30e9ffcae78bf74dd33f,68281.2452,58.0,56.0,-1.0,-1.0,-0.157879751787527,-0.009746588101416057,False,,,
153,0.3164064969973992,-0.15617527478039506,46,403,6.84863523573201,0.2677652073856076,-0.310919408097985,False,True,False,False,0.65,0.475,0.205,-0.275,3,90,0.003,EX23T153,EX19T153,20260930_S011_EX23,artifacts/trials/T153,c15dd3e87078c6ed8876148f490b62530140108086cd9cd21cd254e29170cae4,119793.48229999999,92.0,92.0,-1.0,-1.0,-0.09904247398840171,-0.08366576384600256,False,,,
154,0.5739966367331324,-0.1578353835706433,104,403,15.483870967741936,0.2677652073856076,-0.310919408097985,True,True,False,False,0.575,0.175,0.055,-0.025,2,120,0.0085,EX23T154,EX19T154,20260930_S011_EX23,artifacts/trials/T154,6d0dbfdd49d890e7b6ec35ae216a5353ed0b526645ac6424ab4cbc0bd8566f0a,316681.6393,294.0,288.0,-1.0,-1.0,0.15854766574733148,-0.08532587263625081,False,,,
155,0.2557377387398374,-0.147755018323786,91,403,13.548387096774194,0.2677652073856076,-0.310919408097985,False,True,False,False,0.975,0.075,0.15,-0.125,1,30,0.003,EX23T155,EX19T155,20260930_S011_EX23,artifacts/trials/T155,0b5d91a0aa341dfe56c8162b42a926f7cef556cdb5e435667832a498bb13a7da,226221.4381,191.0,183.0,-1.0,-1.0,-0.1597112322459635,-0.07524550738939352,False,,,
156,0.07183040289662812,-0.101322783397097,18,403,2.6799007444168734,0.2677652073856076,-0.310919408097985,False,True,False,False,0.825,0.425,0.325,0.025,1,80,0.0045,EX23T156,EX19T156,20260930_S011_EX23,artifacts/trials/T156,38918ebd5c2878c6ee2f7dcbf34459ff2cf5c7b2b3b7e6b3c8dc67499e2f97e4,39587.10150000001,36.0,36.0,-1.0,-1.0,-0.3436185680891728,-0.0288132724627045,False,,,
157,0.2931077391660437,-0.11441304943964625,54,403,8.03970223325062,0.2677652073856076,-0.310919408097985,False,True,False,False,0.45,0.025,0.27,-0.025,1,110,0.004,EX23T157,EX19T157,20260930_S011_EX23,artifacts/trials/T157,5757bac86d284bb2698340d85b90385acde92243d2eee924e28f07ae4432774b,143521.8267,118.0,113.0,-1.0,-1.0,-0.1223412318197572,-0.04190353850525376,False,,,
158,0.13238618288079307,-0.16428423455949792,27,403,4.01985111662531,0.2677652073856076,-0.310919408097985,False,True,True,False,0.725,0.5,0.295,-0.125,1,230,0.0075,EX23T158,EX19T158,20260930_S011_EX23,artifacts/trials/T158,b747fb35d9e7e82325cceb2f82b773a527735d487266b00af833bf74ab02507c,63278.9818,54.0,54.0,-1.0,-1.0,-0.28306278810500785,-0.09177472362510543,False,,,
159,0.28592347630923043,-0.08288764482481636,33,403,4.913151364764268,0.2677652073856076,-0.310919408097985,False,True,True,False,0.575,0.0,0.37,0.025,2,100,0.007,EX23T159,EX19T159,20260930_S011_EX23,artifacts/trials/T159,819eaabe2d43eadc2744d01be1dfdead6165fe0e11d3f20da677a6edf91639cf,83214.68950000001,70.0,68.0,-1.0,-1.0,-0.12952549467657049,-0.010378133890423871,False,,,
160,0.000854664228690627,-0.04567941124168051,3,403,0.4466501240694789,0.2677652073856076,-0.310919408097985,False,True,False,False,0.675,0.425,0.43,-0.05,3,230,0.009,EX23T160,EX19T160,20260930_S011_EX23,artifacts/trials/T160,c3bf1a131f549b10484a15ce8536f5d36bccf7db49f0295d4d7f735136b1a3a0,5962.6656,6.0,6.0,-1.0,-1.0,-0.4145943067571103,0.02683009969271198,False,,,
161,0.0,0.0,0,403,0.0,0.2677652073856076,-0.310919408097985,False,True,False,False,0.025,0.3,0.45,-0.075,2,20,0.002,EX23T161,EX19T161,20260930_S011_EX23,artifacts/trials/T161,7469a5b622c2b0b6a4c896a2f6dd4aec20ce87a2910a9c29b65f99b883489ff4,0.0,0.0,0.0,-1.0,77.0,-0.4154489709858009,0.0725095109343925,False,,,
162,0.5357791237739125,-0.09611918397243047,54,403,8.03970223325062,0.2677652073856076,-0.310919408097985,True,True,False,False,0.5,0.125,0.25,0.025,2,130,0.003,EX23T162,EX19T162,20260930_S011_EX23,artifacts/trials/T162,ceee1017a6f6dc97236afdd2efee59514c57d8bd79fc17d71ac9107757fa91c1,162184.76870000002,144.0,138.0,-1.0,-1.0,0.12033015278811154,-0.023609673038037973,False,,,
163,0.41711014369425436,-0.13165795144686132,61,403,9.081885856079404,0.2677652073856076,-0.310919408097985,True,True,False,False,0.375,0.0,0.205,-0.2,3,120,0.002,EX23T163,EX19T163,20260930_S011_EX23,artifacts/trials/T163,273f945195c9e552b4319601269b14a680feca7aa62e86c6fcd443a2cc763c84,171502.3372,153.0,147.0,-1.0,-1.0,0.001661172708453451,-0.05914844051246883,False,,,
164,0.2648443594282526,-0.236762556897553,100,403,14.88833746898263,0.2677652073856076,-0.310919408097985,False,True,False,False,0.775,0.1,0.12,-0.275,1,210,0.0075,EX23T164,EX19T164,20260930_S011_EX23,artifacts/trials/T164,c1d276e93a6776b897e45d112315b50bc0fcd295badc2e41d1d35c466fe8b4db,257702.45700000002,206.0,202.0,-1.0,-1.0,-0.15060461155754834,-0.16425304596316048,False,,,
165,0.0329037968439827,-0.020021198140941387,3,403,0.4466501240694789,0.2677652073856076,-0.310919408097985,False,True,False,False,0.875,0.425,0.44,-0.175,3,50,0.0,EX23T165,EX19T165,20260930_S011_EX23,artifacts/trials/T165,0309398a9a1b9f2304ae487c18a82bdd7b8dc2ecd910126fe8db77dc78de6294,6193.0617,6.0,6.0,-1.0,-1.0,-0.3825451741418182,0.052488312793451106,False,,,
166,0.11187661816941974,-0.17795185683857973,86,403,12.803970223325061,0.2677652073856076,-0.310919408097985,False,True,False,False,0.15,0.175,0.15,-0.075,1,220,0.001,EX23T166,EX19T166,20260930_S011_EX23,artifacts/trials/T166,831152346cbb8caff15a7c7ce6f5eba9c6ca60f15211f5838a80bc80a2a99655,192686.26249999998,185.0,172.0,-1.0,-1.0,-0.3035723528163812,-0.10544234590418723,False,,,
167,0.3400100108463622,-0.1641014793312131,62,403,9.23076923076923,0.2677652073856076,-0.310919408097985,False,True,False,False,0.475,0.225,0.215,-0.1,1,190,0.0075,EX23T167,EX19T167,20260930_S011_EX23,artifacts/trials/T167,ea1450f197ac9c10fd1809f2c900295e9c93e88cdf9884b746d1b348b8c51f1a,169310.1753,131.0,126.0,-1.0,-1.0,-0.07543896013943874,-0.09159196839682061,False,,,
168,0.08258929547879545,-0.04810818740747469,12,403,1.7866004962779156,0.2677652073856076,-0.310919408097985,False,True,False,False,0.95,0.325,0.395,-0.15,2,230,0.0055,EX23T168,EX19T168,20260930_S011_EX23,artifacts/trials/T168,52ce4fe51286429522073fbb478c86975556b73ebaad1d24f58fd91f1259bfda,25745.807200000003,24.0,24.0,-1.0,-1.0,-0.33285967550700546,0.024401323526917804,False,,,
169,0.22293275094185305,-0.11185443074805934,47,403,6.997518610421836,0.2677652073856076,-0.310919408097985,False,True,False,False,0.025,0.175,0.265,-0.2,3,70,0.0035,EX23T169,EX19T169,20260930_S011_EX23,artifacts/trials/T169,b588ff74160014e23a308b5bf5b257bb00f83d00aa636cde7647f126ee249ad2,113509.3827,98.0,94.0,-1.0,-1.0,-0.19251622004394786,-0.03934491981366685,False,,,
170,0.31031970792507013,-0.06021522468664087,42,403,6.253101736972705,0.2677652073856076,-0.310919408097985,False,True,False,False,0.0,0.0,0.38,-0.2,2,180,0.0095,EX23T170,EX19T170,20260930_S011_EX23,artifacts/trials/T170,97202e688f47a60defb624b452e2db26d0227c3e45debd7b575ac1b4f0569f53,110121.3692,90.0,87.0,-1.0,-1.0,-0.10512926306073078,0.012294286247751626,False,,,
171,0.018883267404842474,-0.13400749727766048,18,403,2.6799007444168734,0.2677652073856076,-0.310919408097985,False,True,False,False,0.0,0.4,0.345,0.025,1,220,0.0085,EX23T171,EX19T171,20260930_S011_EX23,artifacts/trials/T171,f2e05c058585c34c9b53cb607a6f778a6031361853981997a6ba7847b042b31b,38904.8409,36.0,36.0,-1.0,-1.0,-0.39656570358095844,-0.06149798634326799,False,,,
172,0.1887727566057733,-0.20450458290334994,55,403,8.188585607940446,0.2677652073856076,-0.310919408097985,False,True,False,False,0.975,0.325,0.225,-0.2,2,180,0.0005,EX23T172,EX19T172,20260930_S011_EX23,artifacts/trials/T172,7a559d9d74b7c165789e977cd88ad37c3dcb63d0e6f2a5ae8a74e10ef0218dde,138292.39609999998,127.0,116.0,-1.0,-1.0,-0.2266762143800276,-0.13199507196895743,False,,,
173,0.3744892542815039,-0.15235747748441109,92,403,13.69727047146402,0.2677652073856076,-0.310919408097985,False,True,False,False,0.275,0.175,0.07,-0.075,3,20,0.0045,EX23T173,EX19T173,20260930_S011_EX23,artifacts/trials/T173,035c16b741df1a4ee0b16cdf56bd9795dda0c666e0722734d4ab093f24f97d85,243442.2512,208.0,200.0,-1.0,-1.0,-0.04095971670429699,-0.07984796655001859,False,,,
174,0.45488600244634925,-0.1829468919162014,73,403,10.868486352357321,0.2677652073856076,-0.310919408097985,True,True,False,False,0.35,0.25,0.15,-0.1,3,220,0.008,EX23T174,EX19T174,20260930_S011_EX23,artifacts/trials/T174,501b5e0fb1c2b7e33bac976bb708d80c31de04cf91a8b64764e7fd9245d1e897,213377.2601,192.0,185.0,-1.0,-1.0,0.03943703146054833,-0.1104373809818089,False,,,
175,0.38225835863496815,-0.16965279936892463,99,403,14.739454094292803,0.2677652073856076,-0.310919408097985,False,True,False,False,0.3,0.025,0.1,-0.1,2,240,0.01,EX23T175,EX19T175,20260930_S011_EX23,artifacts/trials/T175,7bbb78d8799a74e044b0c4be563c3080ce8f99a8a91e71653caba3ba8bc82a92,263325.74,224.0,220.0,-1.0,-1.0,-0.03319061235083276,-0.09714328843453214,False,,,
176,0.24277550530369107,-0.06019192814570429,27,403,4.01985111662531,0.2677652073856076,-0.310919408097985,False,True,True,False,0.025,0.275,0.315,-0.025,3,100,0.01,EX23T176,EX19T176,20260930_S011_EX23,artifacts/trials/T176,ee6feb69bcc6258aa9155405ed42ead0454e2931c796921690b7bc7c9b8142b4,66195.6893,54.0,54.0,-1.0,-1.0,-0.17267346568210984,0.012317582788688206,False,,,
177,0.22803411454209455,-0.22695843433209317,114,403,16.972704714640198,0.2677652073856076,-0.310919408097985,False,True,False,False,0.95,0.2,0.085,0.025,1,210,0.008,EX23T177,EX19T177,20260930_S011_EX23,artifacts/trials/T177,5760d12c62a090a4b47a9c2fa37b0876dbdc0319be4a0b2e9cae8a89c79e5e13,287403.3757999999,235.0,229.0,-1.0,-1.0,-0.18741485644370637,-0.15444892339770067,False,,,
178,0.050320006974532205,-0.04565570213163361,8,403,1.1910669975186103,0.2677652073856076,-0.310919408097985,False,True,False,False,0.475,0.025,0.45,-0.175,1,160,0.0095,EX23T178,EX19T178,20260930_S011_EX23,artifacts/trials/T178,6279177c43a90eef145f1afe8ec54d9a9bdb19c7e5863d87a5f79c30531b5088,16891.5412,19.0,18.0,-1.0,-1.0,-0.3651289640112687,0.02685380880275888,False,,,
179,0.21844784170226017,-0.08182612926953226,23,403,3.424317617866005,0.2677652073856076,-0.310919408097985,False,True,False,False,0.475,0.05,0.385,0.0,2,110,0.01,EX23T179,EX19T179,20260930_S011_EX23,artifacts/trials/T179,09899e6247a936b5976a098663ce109e08df9b82fae63527d2de0fff7f3e04d6,55865.812099999996,48.0,48.0,-1.0,-1.0,-0.19700112928354074,-0.009316618335139762,False,,,
180,0.1726624402598378,-0.23170188225516508,66,403,9.826302729528535,0.2677652073856076,-0.310919408097985,False,True,False,False,0.95,0.05,0.29,-0.075,1,220,0.007,EX23T180,EX19T180,20260930_S011_EX23,artifacts/trials/T180,465a726211002a5eaa0374872d4078c7365f7526df9df85bd4643291f945cf35,162767.0079,138.0,134.0,-1.0,-1.0,-0.24278653072596312,-0.15919237132077257,False,,,
181,0.2672265869866006,-0.10872554316366645,30,403,4.4665012406947895,0.2677652073856076,-0.310919408097985,False,True,True,False,0.45,0.2,0.3,-0.05,3,70,0.0,EX23T181,EX19T181,20260930_S011_EX23,artifacts/trials/T181,f8ee076ca21c00860d93626c0fe95147e1dc68ede6668ea7e4c10b8c28677257,76693.4829,66.0,64.0,-1.0,-1.0,-0.1482223839992003,-0.036216032229273956,False,,,
182,0.11692510870630435,-0.06076529168454925,18,403,2.6799007444168734,0.2677652073856076,-0.310919408097985,False,True,False,False,0.55,0.5,0.28,-0.075,2,60,0.0005,EX23T182,EX19T182,20260930_S011_EX23,artifacts/trials/T182,8ed2808cdd8ae367b9bb226b327349e180d0e981c3f9fad4fcd0f4091cf472ef,40843.397999999994,37.0,36.0,-1.0,-1.0,-0.29852386227949657,0.011744219249843244,False,,,
183,0.2637058995596089,-0.10415021279581438,45,403,6.699751861042183,0.2677652073856076,-0.310919408097985,False,True,False,False,0.275,0.025,0.325,-0.225,2,240,0.0005,EX23T183,EX19T183,20260930_S011_EX23,artifacts/trials/T183,7f05ea3249912885b925bd6ebaf65506fb88ce2976a437c5ded74300af7d4204,116318.6577,105.0,97.0,-1.0,-1.0,-0.15174307142619203,-0.031640701861421885,False,,,
184,0.026764630381623356,-0.04572943734624091,7,403,1.0421836228287842,0.2677652073856076,-0.310919408097985,False,True,False,False,0.55,0.45,0.355,0.025,2,20,0.008,EX23T184,EX19T184,20260930_S011_EX23,artifacts/trials/T184,73c0ea67faf5c8ddf4867dd7845616429bd6f17ec009cef6ada80ad4716e1b07,14239.4284,14.0,14.0,-1.0,-1.0,-0.38868434060417756,0.026780073588151584,False,,,
185,0.2939445684497799,-0.15973346858234294,91,403,13.548387096774194,0.2677652073856076,-0.310919408097985,False,True,False,False,0.725,0.0,0.07,-0.025,3,230,0.001,EX23T185,EX19T185,20260930_S011_EX23,artifacts/trials/T185,7e3b9a2c14db7ab6637e85ff0fad4053cb152d9e2f57a87fb978efe73341a799,236889.0137,202.0,184.0,-1.0,-1.0,-0.12150440253602102,-0.08722395764795045,False,,,
186,0.14800511804637662,-0.11414544427138662,23,403,3.424317617866005,0.2677652073856076,-0.310919408097985,False,True,False,False,0.425,0.35,0.295,-0.275,1,200,0.0065,EX23T186,EX19T186,20260930_S011_EX23,artifacts/trials/T186,582ab18c4963adab8534084a4402dfa488aadb14c3b1cafb317cd17bcbbffb2d,56121.6244,46.0,46.0,-1.0,-1.0,-0.2674438529394243,-0.04163593333699413,False,,,
187,0.3804186944478891,-0.28438946166834256,77,403,11.464019851116625,0.2677652073856076,-0.310919408097985,False,True,False,False,0.7,0.5,0.06,-0.3,3,200,0.006,EX23T187,EX19T187,20260930_S011_EX23,artifacts/trials/T187,4f8f5aa3b84eeaebafdf9f75409cdf73dac9df35e7309c7735b04cdbc0c5f9fb,227860.6981,223.0,216.0,-1.0,-1.0,-0.0350302765379118,-0.21187995073395005,False,,,
188,0.48341349761473973,-0.09574706054750604,94,403,13.995037220843672,0.2677652073856076,-0.310919408097985,True,True,False,False,0.025,0.45,0.1,0.025,2,90,0.007,EX23T188,EX19T188,20260930_S011_EX23,artifacts/trials/T188,adf4690c52ee306cb04ce8802346bc4385285dbad2594f14a71ffa27e03e5c61,253266.7399,218.0,214.0,-1.0,-1.0,0.06796452662893882,-0.023237549613113542,False,,,
189,0.5350474847944138,-0.12234068144435373,68,403,10.124069478908188,0.2677652073856076,-0.310919408097985,True,True,False,False,0.1,0.025,0.205,-0.3,3,140,0.009,EX23T189,EX19T189,20260930_S011_EX23,artifacts/trials/T189,965c9dbdee13ab7b927a3cc7fdbd3712c1672e50990ff3bc6d02d2ffc4866e6d,207024.5938,177.0,173.0,-1.0,-1.0,0.11959851380861286,-0.049831170509961234,False,,,
190,0.016683715026229562,-0.05337464105351719,9,403,1.3399503722084367,0.2677652073856076,-0.310919408097985,False,True,False,False,0.975,0.475,0.405,-0.3,1,240,0.002,EX23T190,EX19T190,20260930_S011_EX23,artifacts/trials/T190,2c9160047202bdc238422eaad897ebcbe0a32369855a67f1a28b918e724c8b94,18323.2292,18.0,18.0,-1.0,-1.0,-0.39876525595957135,0.019134869880875302,False,,,
191,0.04667322828674658,-0.08190794053713424,11,403,1.6377171215880892,0.2677652073856076,-0.310919408097985,False,True,False,False,0.3,0.15,0.39,-0.075,1,170,0.0005,EX23T191,EX19T191,20260930_S011_EX23,artifacts/trials/T191,56b9f4e2a867f7ce7aa88ca2e1c10e1ebaab360a5222c42cff5ae71a1dfeed50,23856.554799999998,23.0,22.0,-1.0,-1.0,-0.36877574269905433,-0.009398429602741745,False,,,
192,0.03763692240981209,-0.06926200729011989,12,403,1.7866004962779156,0.2677652073856076,-0.310919408097985,False,True,False,False,1.0,0.05,0.445,0.025,1,170,0.0,EX23T192,EX19T192,20260930_S011_EX23,artifacts/trials/T192,a2f039a504e3e25724580e091c96fb306398374f7907b90a88beb3455eccedfe,25481.8612,27.0,26.0,-1.0,-1.0,-0.3778120485759888,0.0032475036442726063,False,,,
193,0.38476749127478693,-0.07200202402516276,42,403,6.253101736972705,0.2677652073856076,-0.310919408097985,False,True,False,False,0.9,0.15,0.31,-0.275,2,60,0.01,EX23T193,EX19T193,20260930_S011_EX23,artifacts/trials/T193,5afd6a83f4e59dcbf83bdbfbc3202a627fc225bdb3aa6ebe557628eaf6efe4bb,110197.70850000001,88.0,88.0,-1.0,-1.0,-0.03068147971101398,0.0005074869092297346,False,,,
194,0.2752165183595068,-0.08302162769362376,26,403,3.870967741935484,0.2677652073856076,-0.310919408097985,False,True,False,False,0.675,0.05,0.375,0.0,2,140,0.0055,EX23T194,EX19T194,20260930_S011_EX23,artifacts/trials/T194,d513385fca5c57968d9e2d33fd868f8cea9d9a5a5923c537f6fa82fb5854fd1d,67277.9029,55.0,54.0,-1.0,-1.0,-0.14023245262629414,-0.010512116759231263,False,,,
195,0.05473899793159798,-0.1845474816749888,104,403,15.483870967741936,0.2677652073856076,-0.310919408097985,False,True,False,False,0.9,0.15,0.06,-0.025,1,120,0.0,EX23T195,EX19T195,20260930_S011_EX23,artifacts/trials/T195,f5b3313d21b2ae563d05b32dfcf46e304c709cb8e0034d73d308eb3f04b92090,226422.51280000003,230.0,209.0,-1.0,-1.0,-0.36070997305420294,-0.11203797074059631,False,,,
196,0.477083657714362,-0.07225316055466069,47,403,6.997518610421836,0.2677652073856076,-0.310919408097985,True,True,False,False,0.575,0.05,0.29,0.0,2,100,0.0065,EX23T196,EX19T196,20260930_S011_EX23,artifacts/trials/T196,f69877d834aa7cc63e195ce939023a24e1a2ff8fe8d42c963b7cc40d9c9e5beb,135273.94380000004,110.0,108.0,-1.0,-1.0,0.061634686728561094,0.00025635037973180397,False,,,
197,0.3745403263195135,-0.15852029185644023,100,403,14.88833746898263,0.2677652073856076,-0.310919408097985,False,True,False,False,0.5,0.325,0.055,-0.025,2,230,0.004,EX23T197,EX19T197,20260930_S011_EX23,artifacts/trials/T197,b5eab3e6f8fd2b3871bb5fc55e83ac3ebbf200d5eb40dc8c009cd61727e82520,258975.22600000002,220.0,212.0,-1.0,-1.0,-0.04090864466628741,-0.08601078092204774,False,,,
198,0.1835805490230522,-0.09455220488733695,31,403,4.615384615384615,0.2677652073856076,-0.310919408097985,False,True,True,False,0.85,0.15,0.335,-0.1,3,20,0.003,EX23T198,EX19T198,20260930_S011_EX23,artifacts/trials/T198,929ae4702437096dc26ee00498e65611e9b3fad51800ea1f8119aa2a24470fcc,70595.5656,64.0,63.0,-1.0,-1.0,-0.2318684219627487,-0.02204269395294446,False,,,
199,0.22900830984438736,-0.08215511586931556,24,403,3.5732009925558312,0.2677652073856076,-0.310919408097985,False,True,False,False,0.475,0.35,0.285,-0.15,2,90,0.006,EX23T199,EX19T199,20260930_S011_EX23,artifacts/trials/T199,87d053a571f0e8b8e3679a655d75279d94122d9fa096097b803eb6370b1cd1be,59265.9567,48.0,48.0,-1.0,-1.0,-0.18644066114141356,-0.009645604934923072,False,,,
200,0.03921281705334989,0.0,2,403,0.2977667493796526,0.2677652073856076,-0.310919408097985,False,True,False,False,0.175,0.475,0.415,0.025,3,110,0.0,EX23T200,EX19T200,20260930_S011_EX23,artifacts/trials/T200,3d0370b788097c7abc5666e3663a8cd0208ad09c933367bffa4700e0a246023a,4136.4938,4.0,4.0,-1.0,-1.0,-0.376236153932451,0.0725095109343925,False,,,
201,0.28039465660796936,-0.07037730411012144,31,403,4.615384615384615,0.2677652073856076,-0.310919408097985,False,True,True,False,0.375,0.05,0.355,0.025,2,170,0.006,EX23T201,EX19T201,20260930_S011_EX23,artifacts/trials/T201,481752c692d954626eb2c22776720acdc17403143bb87d69af5b882563ef8d6f,78655.1139,66.0,64.0,-1.0,-1.0,-0.13505431437783155,0.002132206824271052,False,,,
202,0.2792670170856486,-0.21206669091365848,73,403,10.868486352357321,0.2677652073856076,-0.310919408097985,False,True,False,False,0.25,0.5,0.08,-0.275,3,50,0.005,EX23T202,EX19T202,20260930_S011_EX23,artifacts/trials/T202,7bba4c844a51f54bd5bedefe907843e112c7157c421d0e41cb9324e32a38d038,195756.76369999998,156.0,154.0,-1.0,-1.0,-0.1361819539001523,-0.13955717997926598,False,,,
203,0.41817464847627694,-0.15963210309409492,89,403,13.250620347394541,0.2677652073856076,-0.310919408097985,True,True,False,False,0.375,0.075,0.095,-0.025,3,150,0.0045,EX23T203,EX19T203,20260930_S011_EX23,artifacts/trials/T203,f42f65f163c432cf96a2fbf4df30607258e83c6e819810b9316ce5099144f9bf,248189.1166,214.0,206.0,-1.0,-1.0,0.0027256774904760306,-0.08712259215970243,False,,,
204,0.6471955352354868,-0.12213540577938753,75,403,11.166253101736972,0.2677652073856076,-0.310919408097985,True,True,False,False,0.55,0.5,0.14,-0.125,2,200,0.01,EX23T204,EX19T204,20260930_S011_EX23,artifacts/trials/T204,7d220606a8e5bda2cc8655db42756480c649700817810af2bb6eadb52b1bc411,228470.6372,194.0,194.0,-1.0,-1.0,0.23174656424968587,-0.049625894844995036,False,,,
205,0.46074276377127954,-0.1036786145366777,47,403,6.997518610421836,0.2677652073856076,-0.310919408097985,True,True,False,False,0.425,0.05,0.32,0.025,2,160,0.005,EX23T205,EX19T205,20260930_S011_EX23,artifacts/trials/T205,cbe03836a8d626bcb38979cff4dd9926be51dad07f9b277d1d0c7e95c4a6c916,135884.458,112.0,110.0,-1.0,-1.0,0.045293792785478626,-0.03116910360228521,False,,,
206,0.2840275567950783,-0.1040781107845139,34,403,5.062034739454094,0.2677652073856076,-0.310919408097985,False,True,True,False,0.175,0.475,0.245,0.0,3,240,0.0075,EX23T206,EX19T206,20260930_S011_EX23,artifacts/trials/T206,de4c4e72607f481932f3b21b4f760c7872eaa2ad80edeffbd02d4d8038ca5312,88048.4944,68.0,68.0,-1.0,-1.0,-0.13142141419072262,-0.03156859985012141,False,,,
207,0.4123880003721119,-0.1600723502175131,84,403,12.50620347394541,0.2677652073856076,-0.310919408097985,True,True,False,False,0.2,0.375,0.055,-0.275,3,210,0.003,EX23T207,EX19T207,20260930_S011_EX23,artifacts/trials/T207,03b152080ff772bff53ab254ac196ad036bb790b843d12e3f7d3c182bc09d2df,249109.19859999997,230.0,222.0,-1.0,-1.0,-0.0030609706136890402,-0.0875628392831206,False,,,
208,0.5640025351869498,-0.12256470821228493,62,403,9.23076923076923,0.2677652073856076,-0.310919408097985,True,True,False,False,0.675,0.075,0.255,0.025,2,160,0.006,EX23T208,EX19T208,20260930_S011_EX23,artifacts/trials/T208,42e87ee04f1de244a16af56f7fa9651d117554842d048e507c23577d12955e31,190652.229,166.0,162.0,-1.0,-1.0,0.14855356420114885,-0.05005519727789244,False,,,
209,0.31324033642296545,-0.13223865505454213,34,403,5.062034739454094,0.2677652073856076,-0.310919408097985,False,True,True,False,0.55,0.325,0.27,0.025,3,240,0.006,EX23T209,EX19T209,20260930_S011_EX23,artifacts/trials/T209,1d50481b657138b37b4b437f77d2c91fc4810271bfe4b0f96ae29112400b85c2,91662.81150000001,69.0,68.0,-1.0,-1.0,-0.10220863456283547,-0.05972914412014964,False,,,
210,0.02797679787587537,-0.052121282052708384,9,403,1.3399503722084367,0.2677652073856076,-0.310919408097985,False,True,False,False,0.975,0.425,0.385,-0.05,3,90,0.0065,EX23T210,EX19T210,20260930_S011_EX23,artifacts/trials/T210,8968d693a99afaae9d0d0caae6c36bd6becc69b11da2ee62cd5609bf200c7c49,18452.1018,18.0,18.0,-1.0,-1.0,-0.38747217310992554,0.02038822888168411,False,,,
211,-0.014720593478171673,-0.04567941124168051,3,403,0.4466501240694789,0.2677652073856076,-0.310919408097985,False,True,False,False,0.95,0.4,0.44,-0.025,1,30,0.009,EX23T211,EX19T211,20260930_S011_EX23,artifacts/trials/T211,2e295c25f4b9859f59e629504fcd45c50e2c09fa0f05b8252f6e83f925eecb78,5937.8364,6.0,6.0,-1.0,-1.0,-0.4301695644639726,0.02683009969271198,False,,,
212,0.08999789862376795,-0.06036679907272846,12,403,1.7866004962779156,0.2677652073856076,-0.310919408097985,False,True,False,False,0.575,0.25,0.355,-0.175,3,170,0.007,EX23T212,EX19T212,20260930_S011_EX23,artifacts/trials/T212,2bb253a9926724917b6865b744cf0bcb55f70037010832fe7728ccdf6cf5131b,26000.0894,24.0,24.0,-1.0,-1.0,-0.32545107236203297,0.012142711861664032,False,,,
213,0.2405296689125831,-0.1898512161060073,88,403,13.101736972704714,0.2677652073856076,-0.310919408097985,False,True,False,False,0.75,0.05,0.15,-0.275,1,40,0.01,EX23T213,EX19T213,20260930_S011_EX23,artifacts/trials/T213,d7e6e2f791369cde05976774bc782dfd0e29c55f499587f2c5c202c174a58fb7,228752.8041,182.0,179.0,-1.0,-1.0,-0.17491930207321782,-0.11734170517161481,False,,,
214,0.41728689681655906,-0.09943498458547018,79,403,11.761786600496277,0.2677652073856076,-0.310919408097985,True,True,False,False,0.075,0.4,0.14,-0.3,2,130,0.0075,EX23T214,EX19T214,20260930_S011_EX23,artifacts/trials/T214,7bba1b583db2f1085fee074c8a57712665574d1102fc0575c99b650b44cf3a97,220910.992,187.0,184.0,-1.0,-1.0,0.001837925830758147,-0.026925473651077683,False,,,
215,0.09953346742908775,-0.05029860936164621,28,403,4.168734491315137,0.2677652073856076,-0.310919408097985,False,True,True,False,0.025,0.1,0.37,-0.05,1,20,0.006,EX23T215,EX19T215,20260930_S011_EX23,artifacts/trials/T215,ca372e4ae1b423977ca6340c047a57162a9ea4515b7275dfd0fbb2327280a5a3,62160.69350000001,63.0,61.0,-1.0,-1.0,-0.31591550355671316,0.022210901572746286,False,,,
216,0.07331339489826516,-0.09412909419827042,18,403,2.6799007444168734,0.2677652073856076,-0.310919408097985,False,True,False,False,0.1,0.425,0.31,-0.2,3,100,0.007,EX23T216,EX19T216,20260930_S011_EX23,artifacts/trials/T216,456724d57a890c38648235509e96f95435bf15f16b306d52c2e77ecc676d59a0,39251.21170000001,36.0,36.0,-1.0,-1.0,-0.34213557608753575,-0.02161958326387793,False,,,
217,0.19167517515989307,-0.08269103819530188,21,403,3.1265508684863526,0.2677652073856076,-0.310919408097985,False,True,False,False,0.15,0.25,0.335,-0.025,3,230,0.002,EX23T217,EX19T217,20260930_S011_EX23,artifacts/trials/T217,38091327bf1f5184c6920ff40c85bcc6e75a6d3f121b1f243eb3e8e61f38eb3b,51252.02659999999,42.0,42.0,-1.0,-1.0,-0.22377379582590784,-0.010181527260909387,False,,,
218,0.06546564609608385,-0.0524445710322865,7,403,1.0421836228287842,0.2677652073856076,-0.310919408097985,False,True,False,False,0.85,0.1,0.42,0.025,3,80,0.0,EX23T218,EX19T218,20260930_S011_EX23,artifacts/trials/T218,025e63e1a48bef7f36fb5610a4b2559be0015a36fac93ee21f398db6dc959c5f,15094.463,14.0,14.0,-1.0,-1.0,-0.34998332488971706,0.02006493990210599,False,,,
219,0.4835595262925674,-0.15244165195368087,92,403,13.69727047146402,0.2677652073856076,-0.310919408097985,True,True,False,False,0.5,0.425,0.06,-0.025,3,60,0.004,EX23T219,EX19T219,20260930_S011_EX23,artifacts/trials/T219,e526ccd6c1cdc2aa15bb558d503173cabd16eaa232827e913abc1624ac8882f4,264404.8544,221.0,214.0,-1.0,-1.0,0.06811055530676646,-0.07993214101928837,False,,,
220,0.04870600227799815,-0.1491747579310111,92,403,13.69727047146402,0.2677652073856076,-0.310919408097985,False,True,False,False,0.225,0.45,0.065,-0.2,1,50,0.0005,EX23T220,EX19T220,20260930_S011_EX23,artifacts/trials/T220,141517c76fd2ec0f0fd0a58cee37573e052a794ee23e7826720e1f8f68aa7c1f,199612.6031,201.0,185.0,-1.0,-1.0,-0.36674296870780276,-0.0766652469966186,False,,,
221,0.45280342509729143,-0.20676777483725872,89,403,13.250620347394541,0.2677652073856076,-0.310919408097985,True,True,False,False,0.975,0.45,0.07,-0.175,3,140,0.001,EX23T221,EX19T221,20260930_S011_EX23,artifacts/trials/T221,1fa444cfec8eabc025534308e6ed1aeeb05cff3e323daa251452f67b78f87949,250284.57389999996,232.0,210.0,-1.0,-1.0,0.03735445411149052,-0.13425826390286622,False,,,
222,0.0729765300471441,-0.2224095274951431,111,403,16.52605459057072,0.2677652073856076,-0.310919408097985,False,True,False,False,0.925,0.225,0.05,-0.25,1,90,0.001,EX23T222,EX19T222,20260930_S011_EX23,artifacts/trials/T222,03bef131244bef3dbe895b8201aaf816def54789c790f7400d0f989c1ba10923,249056.90470000004,238.0,223.0,-1.0,-1.0,-0.3424724409386568,-0.14990001656075058,False,,,
223,0.20618763869309342,-0.17653413568115772,65,403,9.67741935483871,0.2677652073856076,-0.310919408097985,False,True,False,False,0.725,0.1,0.21,-0.275,1,170,0.0,EX23T223,EX19T223,20260930_S011_EX23,artifacts/trials/T223,854c63d3cbb2b6396d75329cb0a309f0bf692a431f4e6a16ac87fe723f7a1fe1,161765.19449999998,149.0,136.0,-1.0,-1.0,-0.2092613322927075,-0.10402462474676523,False,,,
224,0.0929172525360622,-0.11387490113922594,31,403,4.615384615384615,0.2677652073856076,-0.310919408097985,False,True,True,False,0.075,0.1,0.36,-0.025,1,230,0.009,EX23T224,EX19T224,20260930_S011_EX23,artifacts/trials/T224,2daed35a7590eb9863063ff0f06e5e22092cf28df500d7944b5eee4f3cc7968f,70076.4886,67.0,64.0,-1.0,-1.0,-0.3225317184497387,-0.041365390204833444,False,,,
225,0.33084716540092507,-0.12698529460373043,109,403,16.22828784119107,0.2677652073856076,-0.310919408097985,False,True,False,False,0.875,0.375,0.08,0.025,1,30,0.0055,EX23T225,EX19T225,20260930_S011_EX23,artifacts/trials/T225,62c1f6f29a92cae7d52c05190c54e5fe7efc1eef6f854b15cc571037ff5e1683,288677.16270000004,235.0,230.0,-1.0,-1.0,-0.08460180558487584,-0.05447578366933793,False,,,
226,0.3698227094073929,-0.10750477255480484,61,403,9.081885856079404,0.2677652073856076,-0.310919408097985,False,True,False,False,0.15,0.225,0.215,-0.275,2,230,0.0035,EX23T226,EX19T226,20260930_S011_EX23,artifacts/trials/T226,a3c88aab7075bf29e73f0661d93ae56a2084d658ceb5b86b14ff582c6536eba4,165178.6996,146.0,142.0,-1.0,-1.0,-0.04562626157840799,-0.034995261620412346,False,,,
227,0.20730652328868815,-0.08239323165403445,21,403,3.1265508684863526,0.2677652073856076,-0.310919408097985,False,True,False,False,0.45,0.025,0.4,0.025,2,140,0.003,EX23T227,EX19T227,20260930_S011_EX23,artifacts/trials/T227,e606fdfd1bdc70312575e497e041427ab5e8ba9e2aa79fd10c678e636ecb66d4,51949.99189999999,45.0,44.0,-1.0,-1.0,-0.20814244769711276,-0.009883720719641956,False,,,
228,0.34940275597164283,-0.1318904968065704,70,403,10.421836228287841,0.2677652073856076,-0.310919408097985,False,True,False,False,0.025,0.175,0.195,-0.15,2,20,0.009,EX23T228,EX19T228,20260930_S011_EX23,artifacts/trials/T228,be71292fd4b7b0a06f7c3beeffd0034ffb97375c35780962739ecdf68f191b78,185038.0907,162.0,158.0,-1.0,-1.0,-0.06604621501415808,-0.0593809858721779,False,,,
229,0.553226415522931,-0.15202297086709382,103,403,15.334987593052109,0.2677652073856076,-0.310919408097985,True,True,False,False,0.875,0.225,0.05,0.0,3,30,0.007,EX23T229,EX19T229,20260930_S011_EX23,artifacts/trials/T229,d8a87cf9de3526ce927d6e04b0a62d1c73362dc3c9b43fd9ba022df631823663,302047.8687,260.0,256.0,-1.0,-1.0,0.13777744453713003,-0.07951345993270133,False,,,
230,0.2754926902671193,-0.14516441798232194,58,403,8.635235732009926,0.2677652073856076,-0.310919408097985,False,True,False,False,0.8,0.3,0.22,-0.3,1,80,0.0075,EX23T230,EX19T230,20260930_S011_EX23,artifacts/trials/T230,de436f1436b858c1acb621c506e55c63526a87b6486f9ea211e5f102aa726b5f,147565.55250000002,121.0,120.0,-1.0,-1.0,-0.1399562807186816,-0.07265490704792944,False,,,
231,0.52561661654945,-0.18014223005955765,83,403,12.357320099255583,0.2677652073856076,-0.310919408097985,True,True,False,False,0.975,0.35,0.115,-0.275,3,20,0.003,EX23T231,EX19T231,20260930_S011_EX23,artifacts/trials/T231,6c114512c48f31b1b2f0580679937a04bc3fa23d27ef8dda70c205b8ca03bd64,249692.49349999998,245.0,236.0,-1.0,-1.0,0.11016764556364911,-0.10763271912516516,False,,,
232,0.0075131003806261365,-0.045783731499370206,4,403,0.5955334987593052,0.2677652073856076,-0.310919408097985,False,True,False,False,0.625,0.4,0.43,-0.275,1,110,0.007,EX23T232,EX19T232,20260930_S011_EX23,artifacts/trials/T232,f644ec54c8c1ec4006e7f6aa2bcc45cd6172785fdd6e46d3f94d073f544a62b7,8190.284100000001,8.0,8.0,-1.0,-1.0,-0.4079358706051748,0.026725779435022287,False,,,
233,0.13488975865586528,-0.08219915268862976,18,403,2.6799007444168734,0.2677652073856076,-0.310919408097985,False,True,False,False,0.35,0.0,0.425,-0.3,2,140,0.0055,EX23T233,EX19T233,20260930_S011_EX23,artifacts/trials/T233,7b8f26b0c8504bb3cd50eaa3d83bc2c2f513c609781cb8141c79f87cc07a5b47,41637.2315,39.0,38.0,-1.0,-1.0,-0.28055921232993564,-0.009689641754237269,False,,,
234,0.0,0.0,0,403,0.0,0.2677652073856076,-0.310919408097985,False,True,False,False,0.175,0.225,0.445,-0.05,3,220,0.007,EX23T234,EX19T234,20260930_S011_EX23,artifacts/trials/T234,7469a5b622c2b0b6a4c896a2f6dd4aec20ce87a2910a9c29b65f99b883489ff4,0.0,0.0,0.0,-1.0,77.0,-0.4154489709858009,0.0725095109343925,False,,,
235,0.2929242004933672,-0.1090016245387172,37,403,5.508684863523573,0.2677652073856076,-0.310919408097985,False,True,True,False,0.45,0.025,0.34,0.025,3,110,0.0055,EX23T235,EX19T235,20260930_S011_EX23,artifacts/trials/T235,07c2cc2553d39b99a87f2107be4773a8a9488764d9122de8113e362a853cf283,95457.70469999999,78.0,76.0,-1.0,-1.0,-0.12252477049243371,-0.03649211360432471,False,,,
236,0.38384819981076124,-0.1087236930921589,37,403,5.508684863523573,0.2677652073856076,-0.310919408097985,False,True,True,False,0.225,0.2,0.295,-0.1,3,120,0.0,EX23T236,EX19T236,20260930_S011_EX23,artifacts/trials/T236,47ad8bfb7c03902b910f466962bea979cb6561b3b5e7e958a59a64f53f5650ff,101963.03540000001,84.0,82.0,-1.0,-1.0,-0.03160077117503968,-0.03621418215776641,False,,,
237,0.5323854252230582,-0.15845293370278435,77,403,11.464019851116625,0.2677652073856076,-0.310919408097985,True,True,False,False,0.775,0.025,0.19,-0.1,3,100,0.0095,EX23T237,EX19T237,20260930_S011_EX23,artifacts/trials/T237,9435f61bba1e439b884a3d29963ea1a2dd23e1f12192660de1584b14f476017f,226510.1436,188.0,183.0,-1.0,-1.0,0.11693645423725729,-0.08594342276839186,False,,,
238,0.49195422328279315,-0.12304648972812582,58,403,8.635235732009926,0.2677652073856076,-0.310919408097985,True,True,False,False,0.6,0.5,0.175,-0.125,2,170,0.002,EX23T238,EX19T238,20260930_S011_EX23,artifacts/trials/T238,f6ba060c4bbb055c2ec5094593101666328ca06b5887d32d105305b365f1be05,166479.035,138.0,136.0,-1.0,-1.0,0.07650525229699223,-0.050536978793733325,False,,,
239,0.24186252378712636,-0.14940588671403665,46,403,6.84863523573201,0.2677652073856076,-0.310919408097985,False,True,False,False,0.2,0.375,0.215,-0.3,1,130,0.002,EX23T239,EX19T239,20260930_S011_EX23,artifacts/trials/T239,e6411a103426ba217e57bff874948b2ff4fe3827ac9b3da532639cef686a5379,117836.75699999998,99.0,96.0,-1.0,-1.0,-0.17358644719867455,-0.07689637577964416,False,,,
240,0.3049924240517967,-0.17722901179022954,85,403,12.655086848635236,0.2677652073856076,-0.310919408097985,False,True,False,False,1.0,0.4,0.16,-0.025,1,130,0.004,EX23T240,EX19T240,20260930_S011_EX23,artifacts/trials/T240,3dd57a4141b56d6fbb5cb1f0287d0b14f4cbe6d5b3f2378ebaa02c2d19035409,225289.39649999997,176.0,172.0,-1.0,-1.0,-0.1104565469340042,-0.10471950085583705,False,,,
241,0.2918565546227472,-0.1317209920985284,71,403,10.570719602977668,0.2677652073856076,-0.310919408097985,False,True,False,False,0.05,0.125,0.14,-0.3,3,150,0.0015,EX23T241,EX19T241,20260930_S011_EX23,artifacts/trials/T241,f44683d89742a31cffe932acdbc5e426d106b81a79e953b6d4395f7b9f59d3db,188468.0427,154.0,145.0,-1.0,-1.0,-0.12359241636305374,-0.059211481164135896,False,,,
242,0.274047164631237,-0.15193482051566354,63,403,9.379652605459057,0.2677652073856076,-0.310919408097985,False,True,False,False,0.6,0.05,0.245,-0.275,1,60,0.004,EX23T242,EX19T242,20260930_S011_EX23,artifacts/trials/T242,af4a4f8bec7bfa1da42f819831051c01fe1ad9a42f96bfd8f74e73594bf82f7d,163672.10960000003,131.0,128.0,-1.0,-1.0,-0.1414018063545639,-0.07942530958127104,False,,,
243,0.36196663181654865,-0.21780964140316905,62,403,9.23076923076923,0.2677652073856076,-0.310919408097985,False,True,False,False,0.65,0.15,0.195,-0.275,3,220,0.003,EX23T243,EX19T243,20260930_S011_EX23,artifacts/trials/T243,c22008100434111ec09ff9de2b95f48b5da111c93cf6f28728467361a5ec423b,173002.7312,145.0,138.0,-1.0,-1.0,-0.05348233916925227,-0.14530013046877654,False,,,
244,0.13177552029343476,-0.11482459646516063,25,403,3.7220843672456576,0.2677652073856076,-0.310919408097985,False,True,False,False,0.675,0.375,0.285,0.025,1,180,0.0,EX23T244,EX19T244,20260930_S011_EX23,artifacts/trials/T244,e181295a01a1f069d08d660a933c279b936365cf107fe01bbb325cb64b414173,59463.618299999995,52.0,50.0,-1.0,-1.0,-0.28367345069236616,-0.04231508553076814,False,,,
245,0.42041984326034054,-0.07238479579970458,41,403,6.104218362282879,0.2677652073856076,-0.310919408097985,True,True,False,False,0.7,0.05,0.34,0.0,2,100,0.0045,EX23T245,EX19T245,20260930_S011_EX23,artifacts/trials/T245,df5977b78fadb97e7d3b9b0d2115da410e0fc3c86a3a2049405218c091a5ebcb,114339.6597,96.0,94.0,-1.0,-1.0,0.004970872274539628,0.00012471513468791107,False,,,
246,0.4642075562023138,-0.1052386198964671,77,403,11.464019851116625,0.2677652073856076,-0.310919408097985,True,True,False,False,0.125,0.025,0.125,-0.075,3,100,0.0,EX23T246,EX19T246,20260930_S011_EX23,artifacts/trials/T246,51c977b40a64351361feafb385fd58921fbd52266418d29f0e614b22941cfa63,220728.5479,201.0,182.0,-1.0,-1.0,0.048758585216512884,-0.03272910896207461,False,,,
247,0.3117497241479066,-0.08249477219026835,36,403,5.359801488833747,0.2677652073856076,-0.310919408097985,False,True,True,False,0.525,0.025,0.345,0.0,2,90,0.005,EX23T247,EX19T247,20260930_S011_EX23,artifacts/trials/T247,b6fb7b77ceae931c95e4799b6ddeae84fc0daf8736b6b1650b20ef47f4a5d295,92013.16519999999,78.0,76.0,-1.0,-1.0,-0.10369924683789433,-0.009985261255875857,False,,,
248,0.1557949325297805,-0.19087553824357695,116,403,17.270471464019852,0.2677652073856076,-0.310919408097985,False,True,False,False,0.9,0.1,0.055,0.025,1,70,0.0055,EX23T248,EX19T248,20260930_S011_EX23,artifacts/trials/T248,1cf9180c5a18b25be7b6e0e12326fd5b2b21e6a5db254f50dcd73086fa55420b,258115.90290000004,238.0,233.0,-1.0,-1.0,-0.2596540384560204,-0.11836602730918445,False,,,
249,0.03903387858753704,0.0,2,403,0.2977667493796526,0.2677652073856076,-0.310919408097985,False,True,False,False,0.425,0.2,0.435,-0.125,3,80,0.005,EX23T249,EX19T249,20260930_S011_EX23,artifacts/trials/T249,fa88bf82f8478be5d4456d080a72889278ed97f2b58cb81424fd4f24fb9a8b44,4117.2101,4.0,4.0,-1.0,-1.0,-0.3764150923982639,0.0725095109343925,False,,,
250,0.1560544134532118,-0.09715479218702305,24,403,3.5732009925558312,0.2677652073856076,-0.310919408097985,False,True,False,False,0.075,0.425,0.295,-0.25,2,200,0.0,EX23T250,EX19T250,20260930_S011_EX23,artifacts/trials/T250,1320a4b2eb5e6eef108583d0c3a57ef7d22e5f86032909a6dfbebcdef49a40b6,56264.499599999996,50.0,48.0,-1.0,-1.0,-0.2593945575325891,-0.02464528125263056,False,,,
251,0.07399856422843687,-0.08181777242045118,15,403,2.2332506203473947,0.2677652073856076,-0.310919408097985,False,True,False,False,0.725,0.0,0.44,-0.25,1,230,0.0015,EX23T251,EX19T251,20260930_S011_EX23,artifacts/trials/T251,d47d3317f59e84fbf09b9c14e9f3e81c7c85aaa7abe3ad589459a7c48837da85,33140.9148,33.0,32.0,-1.0,-1.0,-0.34145040675736404,-0.009308261486058692,False,,,
252,0.21542982630904262,-0.18653206545874235,64,403,9.528535980148883,0.2677652073856076,-0.310919408097985,False,True,False,False,0.775,0.0,0.26,0.025,1,130,0.004,EX23T252,EX19T252,20260930_S011_EX23,artifacts/trials/T252,029757111639b586d1c02c31112ea75096e8d2c75fe4dd7c6a63fd11444eb30f,160135.2079,136.0,130.0,-1.0,-1.0,-0.2000191446767583,-0.11402255452434985,False,,,
253,0.5149138515476959,-0.15853365717333068,68,403,10.124069478908188,0.2677652073856076,-0.310919408097985,True,True,False,False,0.925,0.075,0.265,-0.1,3,240,0.009,EX23T253,EX19T253,20260930_S011_EX23,artifacts/trials/T253,6655d66c1f2c23a4eeb23816db14022def2ec1fe5513d2d88d0c106c8b862ba5,197362.4254,169.0,164.0,-1.0,-1.0,0.09946488056189495,-0.08602414623893818,False,,,
254,0.27308806770564775,-0.18012346848530258,88,403,13.101736972704714,0.2677652073856076,-0.310919408097985,False,True,False,False,0.325,0.025,0.165,-0.275,1,190,0.01,EX23T254,EX19T254,20260930_S011_EX23,artifacts/trials/T254,e68afe7af2afb53494c015653d5068fba583d75c7f53d1bbe3904706cbb7ae17,224528.1611,182.0,178.0,-1.0,-1.0,-0.14236090328015316,-0.10761395755091009,False,,,
255,0.13800892676007126,-0.16997950864128297,91,403,13.548387096774194,0.2677652073856076,-0.310919408097985,False,True,False,False,0.55,0.5,0.055,0.025,1,230,0.0005,EX23T255,EX19T255,20260930_S011_EX23,artifacts/trials/T255,34926ea0acd67ccd37c13e1116d4ce5cc9e1a995cd7b765a5cf0accf206d8ccf,213731.09199999998,208.0,183.0,-1.0,-1.0,-0.27744004422572965,-0.09746999770689048,False,,,
256,0.3667618445611198,-0.08315919251331327,38,403,5.6575682382134,0.2677652073856076,-0.310919408097985,False,True,True,False,0.325,0.225,0.285,0.025,3,150,0.0065,EX23T256,EX19T256,20260930_S011_EX23,artifacts/trials/T256,b2ce328910f15a3100cae1884f190acb79763d342327b6cdba0ef265ea1ad82d,103040.54000000001,81.0,80.0,-1.0,-1.0,-0.04868712642468109,-0.01064968157892078,False,,,
257,0.010551291147151698,-0.0524416149665079,6,403,0.8933002481389578,0.2677652073856076,-0.310919408097985,False,True,False,False,1.0,0.175,0.435,-0.075,3,200,0.0,EX23T257,EX19T257,20260930_S011_EX23,artifacts/trials/T257,0b272112148dc44bfda69a2c395d3a103db6e9f7b876950d29832ee8b4435ddd,12213.842,12.0,12.0,-1.0,-1.0,-0.4048976798386492,0.020067895967884594,False,,,
258,0.2507385568323348,-0.10823486102453594,25,403,3.7220843672456576,0.2677652073856076,-0.310919408097985,False,True,False,False,0.95,0.125,0.37,-0.25,3,70,0.005,EX23T258,EX19T258,20260930_S011_EX23,artifacts/trials/T258,241e8b599ec6920193dbc5e4a1d71e29f8deeac47d0350b0e6c1cb880d2faff6,61784.56450000001,54.0,53.0,-1.0,-1.0,-0.1647104141534661,-0.03572535009014345,False,,,
259,0.21066311003303895,-0.15650186954730438,62,403,9.23076923076923,0.2677652073856076,-0.310919408097985,False,True,False,False,0.025,0.325,0.155,-0.3,3,60,0.0,EX23T259,EX19T259,20260930_S011_EX23,artifacts/trials/T259,cd86a8dc52f815590426f7b9052976e2d999806b345ab19d854cfaa0f8d870f3,153673.5316,144.0,130.0,-1.0,-1.0,-0.20478586095276197,-0.08399235861291189,False,,,
260,0.03144477894095421,-0.0820614085405762,12,403,1.7866004962779156,0.2677652073856076,-0.310919408097985,False,True,False,False,0.525,0.125,0.385,0.025,2,120,0.007,EX23T260,EX19T260,20260930_S011_EX23,artifacts/trials/T260,56135161b9e150c2a641974cf03f0e9e96e0eb3caebcf7e053a3d461bccdb8a5,25447.129800000002,25.0,24.0,-1.0,-1.0,-0.3840041920448467,-0.009551897606183704,False,,,
261,0.5242793505318608,-0.17951184990901625,88,403,13.101736972704714,0.2677652073856076,-0.310919408097985,True,True,False,False,0.55,0.075,0.095,-0.175,2,20,0.005,EX23T261,EX19T261,20260930_S011_EX23,artifacts/trials/T261,ddd8a3ca4314adbd5e8d81eecdb8964ed00245a9641b896e88b4a4672aff6e6e,279834.9776,322.0,310.0,-1.0,-1.0,0.1088303795460599,-0.10700233897462376,False,,,
262,0.3340111069015601,-0.07235124757474831,38,403,5.6575682382134,0.2677652073856076,-0.310919408097985,False,True,True,False,0.8,0.1,0.325,0.025,2,80,0.005,EX23T262,EX19T262,20260930_S011_EX23,artifacts/trials/T262,61bda5aa6900438d911ffd78429b4d5276936242db3ba8bdc86fca87c1341f56,98523.10990000001,79.0,78.0,-1.0,-1.0,-0.08143786408424081,0.00015826335964418126,False,,,
263,0.3465870406757636,-0.10417924627639863,45,403,6.699751861042183,0.2677652073856076,-0.310919408097985,False,True,False,False,0.65,0.0,0.32,0.0,2,70,0.0035,EX23T263,EX19T263,20260930_S011_EX23,artifacts/trials/T263,fa23e205388e364c23681097bebb889d787dd5a1574d8b8651d35a1244ecdc9b,118335.0082,100.0,96.0,-1.0,-1.0,-0.06886193031003729,-0.031669735342006136,False,,,
264,0.5116284642896338,-0.15255935680585386,60,403,8.933002481389579,0.2677652073856076,-0.310919408097985,True,True,False,False,0.65,0.025,0.255,0.0,3,130,0.003,EX23T264,EX19T264,20260930_S011_EX23,artifacts/trials/T264,66943e9d5d20d903b4a06efec048d37740bf5883658b567bc1576981272fe27d,180271.0162,158.0,150.0,-1.0,-1.0,0.09617949330383291,-0.08004984587146137,False,,,
265,0.16450465694401872,-0.2516297296115013,120,403,17.866004962779158,0.2677652073856076,-0.310919408097985,False,True,False,False,0.85,0.45,0.055,0.0,1,130,0.009,EX23T265,EX19T265,20260930_S011_EX23,artifacts/trials/T265,c122657764f9d591baebb9334590178d8ef58cf1685a6cfa661ad4cfe432e73a,275371.60099999997,245.0,240.0,-1.0,-1.0,-0.2509443140417822,-0.1791202186771088,False,,,
266,0.02301979609290239,-0.052303235600086095,6,403,0.8933002481389578,0.2677652073856076,-0.310919408097985,False,True,False,False,0.75,0.2,0.435,-0.15,2,140,0.003,EX23T266,EX19T266,20260930_S011_EX23,artifacts/trials/T266,9a21206e436ce78751fba89d581683d4e4162f3d520a4c62cfc58b47d2960cd4,12363.775700000004,12.0,12.0,-1.0,-1.0,-0.3924291748928985,0.020206275334306398,False,,,
267,0.007535365367108415,-0.04590895709360987,4,403,0.5955334987593052,0.2677652073856076,-0.310919408097985,False,True,False,False,0.5,0.325,0.415,-0.125,1,70,0.004,EX23T267,EX19T267,20260930_S011_EX23,artifacts/trials/T267,9f1fa06ebb7001b3baeb4306561ce0cf39d70d90f690f907da0908b69e140fff,8215.1175,8.0,8.0,-1.0,-1.0,-0.4079136056186925,0.026600553840782623,False,,,
268,0.527832244003348,-0.09574859626282761,59,403,8.784119106699752,0.2677652073856076,-0.310919408097985,True,True,False,False,0.3,0.2,0.195,0.025,3,100,0.007,EX23T268,EX19T268,20260930_S011_EX23,artifacts/trials/T268,c580f0a07446abcf1c42605f2a1dc3771ad342b5955d9a373fba6ad7914a3ea6,179667.8471,153.0,150.0,-1.0,-1.0,0.11238327301754714,-0.02323908532843512,False,,,
269,0.117337023680258,-0.06774461955904532,10,403,1.488833746898263,0.2677652073856076,-0.310919408097985,False,True,False,False,0.5,0.05,0.43,-0.15,2,60,0.008,EX23T269,EX19T269,20260930_S011_EX23,artifacts/trials/T269,63086ebc431a33c00299a147758949940d4446638aba1e4528f54fbe88b7827d,22292.0568,23.0,22.0,-1.0,-1.0,-0.2981119473055429,0.004764891375347177,False,,,
270,0.21083068031145502,-0.14856352266567863,79,403,11.761786600496277,0.2677652073856076,-0.310919408097985,False,True,False,False,0.125,0.225,0.185,0.025,1,220,0.008,EX23T270,EX19T270,20260930_S011_EX23,artifacts/trials/T270,02be78832da23b2cb56152f73b07fa1e78c83455392f27916fd35ccaee09d0b0,188657.9156,163.0,159.0,-1.0,-1.0,-0.2046182906743459,-0.07605401173128613,False,,,
271,0.06574765806517635,-0.20292826173880374,89,403,13.250620347394541,0.2677652073856076,-0.310919408097985,False,True,False,False,0.25,0.175,0.115,-0.3,1,230,0.0,EX23T271,EX19T271,20260930_S011_EX23,artifacts/trials/T271,bea89825bfd3efc95d3caf7648709b1435a72a4447390df9d86b3c87ca95620c,192244.1644,199.0,178.0,-1.0,-1.0,-0.34970131292062456,-0.13041875080441123,False,,,
272,0.27853863976146176,-0.16557057380066076,91,403,13.548387096774194,0.2677652073856076,-0.310919408097985,False,True,False,False,0.475,0.3,0.115,-0.25,1,150,0.0085,EX23T272,EX19T272,20260930_S011_EX23,artifacts/trials/T272,c3777b59bcd713c035eb9768064a4943d1e28229eb36f950a68a47bd68acde90,238390.39239999995,189.0,185.0,-1.0,-1.0,-0.13691033122433915,-0.09306106286626827,False,,,
273,0.022656015220924086,0.0,1,403,0.1488833746898263,0.2677652073856076,-0.310919408097985,False,True,False,False,0.6,0.5,0.445,-0.125,3,50,0.005,EX23T273,EX19T273,20260930_S011_EX23,artifacts/trials/T273,c7b69083c976315d843d47b0240762e4ff1fbb178e645f83f10495bc160e5df2,2027.6615000000002,2.0,2.0,-1.0,-1.0,-0.3927929557648768,0.0725095109343925,False,,,
274,0.4685493433616128,-0.1523569969533478,94,403,13.995037220843672,0.2677652073856076,-0.310919408097985,True,True,False,False,0.9,0.225,0.1,0.0,3,200,0.0045,EX23T274,EX19T274,20260930_S011_EX23,artifacts/trials/T274,a4ed95780af9c7bce993a1aeb5f733fa24112e3b4fbcc6e7e570f84009aa17c0,269982.64040000003,228.0,220.0,-1.0,-1.0,0.05310037237581189,-0.07984748601895532,False,,,
275,0.3693468435653424,-0.15852987611618818,78,403,11.612903225806452,0.2677652073856076,-0.310919408097985,False,True,False,False,0.325,0.225,0.095,-0.275,3,120,0.009,EX23T275,EX19T275,20260930_S011_EX23,artifacts/trials/T275,fb72f4b61c4f9ca304c077ed2d3a180d23a8b2b2a28555d21feb822e22dff019,213051.5271,182.0,179.0,-1.0,-1.0,-0.046102127420458494,-0.08602036518179569,False,,,
276,0.0,0.0,0,403,0.0,0.2677652073856076,-0.310919408097985,False,True,False,False,0.275,0.5,0.45,-0.075,3,160,0.008,EX23T276,EX19T276,20260930_S011_EX23,artifacts/trials/T276,7469a5b622c2b0b6a4c896a2f6dd4aec20ce87a2910a9c29b65f99b883489ff4,0.0,0.0,0.0,-1.0,77.0,-0.4154489709858009,0.0725095109343925,False,,,
277,0.027973861532090583,-0.24855053058247634,104,403,15.483870967741936,0.2677652073856076,-0.310919408097985,False,True,False,False,0.9,0.425,0.05,-0.3,1,190,0.0005,EX23T277,EX19T277,20260930_S011_EX23,artifacts/trials/T277,32a49179d2edc4d1b0506f51759cf6e6235fa49ba9b21f01c71ced46ba00bc4c,226413.2759,233.0,209.0,-1.0,-1.0,-0.38747510945371033,-0.17604101964808383,False,,,
278,0.35637196567392504,-0.16776249499330298,57,403,8.486352357320099,0.2677652073856076,-0.310919408097985,False,True,False,False,0.75,0.1,0.27,-0.15,3,230,0.0,EX23T278,EX19T278,20260930_S011_EX23,artifacts/trials/T278,75f64f6ab6a00b7e111f0068649981c1cdd2fd5e1356bec69578a8d5068b8e9e,155897.9125,130.0,119.0,-1.0,-1.0,-0.059077005311875874,-0.09525298405891049,False,,,
279,0.376229661232077,-0.10924013142403277,47,403,6.997518610421836,0.2677652073856076,-0.310919408097985,False,True,False,False,0.975,0.0,0.355,-0.225,2,150,0.002,EX23T279,EX19T279,20260930_S011_EX23,artifacts/trials/T279,23d96b610e883a90ce20bc0891eded0e973b95df3efb00f2caf16b217a93a6c6,132392.4964,109.0,100.0,-1.0,-1.0,-0.0392193097537239,-0.03673062048964028,False,,,
280,0.45010120341056825,-0.09861971466362451,48,403,7.1464019851116625,0.2677652073856076,-0.310919408097985,True,True,False,False,0.675,0.025,0.315,0.025,3,100,0.0055,EX23T280,EX19T280,20260930_S011_EX23,artifacts/trials/T280,80ace1fb5f0311ef51a7d72c88fff08737e2f2ca7bdb9251c7728b85219a47b2,134857.87410000002,112.0,110.0,-1.0,-1.0,0.03465223242476734,-0.02611020372923202,False,,,
281,0.3338838116883942,-0.10820306500898402,45,403,6.699751861042183,0.2677652073856076,-0.310919408097985,False,True,False,False,0.1,0.075,0.305,-0.2,3,170,0.0055,EX23T281,EX19T281,20260930_S011_EX23,artifacts/trials/T281,259a7470ef57ab30d30dc2210650fa575eae9006106e100c7f2b45764b5fbaff,123279.74590000002,105.0,102.0,-1.0,-1.0,-0.08156515929740671,-0.03569355407459153,False,,,
282,0.18608099770981523,-0.09285434445079921,27,403,4.01985111662531,0.2677652073856076,-0.310919408097985,False,True,True,False,0.225,0.5,0.245,0.0,3,40,0.009,EX23T282,EX19T282,20260930_S011_EX23,artifacts/trials/T282,84ef693cb54c237ffdd0470c88f272a7e050125da266e97ae1e19144d44c1e06,63426.19310000001,54.0,54.0,-1.0,-1.0,-0.22936797327598568,-0.020344833516406716,False,,,
283,0.531303744375911,-0.12502627910550201,84,403,12.50620347394541,0.2677652073856076,-0.310919408097985,True,True,False,False,0.15,0.5,0.1,-0.1,3,160,0.004,EX23T283,EX19T283,20260930_S011_EX23,artifacts/trials/T283,a95c4491f215213650ef7b383ed1fad7630bcc809b89dfb9e77fb2c29f9c2b70,240837.24109999998,202.0,198.0,-1.0,-1.0,0.11585477339011008,-0.05251676817110952,False,,,
284,0.18242354358738755,-0.16161388863118187,38,403,5.6575682382134,0.2677652073856076,-0.310919408097985,False,True,True,False,0.525,0.4,0.245,0.025,1,140,0.0085,EX23T284,EX19T284,20260930_S011_EX23,artifacts/trials/T284,317414f82dfe0bcbe701d05558b5d6788ebd39904f2fca2bc386d00fee3382f9,93151.18430000001,76.0,76.0,-1.0,-1.0,-0.23302542739841337,-0.08910437769678937,False,,,
285,0.5233148109541514,-0.07235174948852463,46,403,6.84863523573201,0.2677652073856076,-0.310919408097985,True,True,False,False,0.525,0.05,0.31,-0.05,2,120,0.005,EX23T285,EX19T285,20260930_S011_EX23,artifacts/trials/T285,77f67031ee710ef7fa6a892da8c5cb3d5679471f850161f4bcc0d65043aececd,137631.62110000005,118.0,116.0,-1.0,-1.0,0.10786583996835053,0.00015776144586786278,False,,,
286,0.25362091520092966,-0.1490377582750193,52,403,7.741935483870968,0.2677652073856076,-0.310919408097985,False,True,False,False,0.2,0.25,0.235,-0.1,1,140,0.0045,EX23T286,EX19T286,20260930_S011_EX23,artifacts/trials/T286,84c76e363fa437eb8245eab0c19f5176ca5be2f6d8993600357ba9bc0d70460d,131785.8416,111.0,108.0,-1.0,-1.0,-0.16182805578487125,-0.07652824734062681,False,,,
287,0.4890386576958894,-0.11359749976939659,63,403,9.379652605459057,0.2677652073856076,-0.310919408097985,True,True,False,False,0.5,0.025,0.23,-0.125,3,20,0.0075,EX23T287,EX19T287,20260930_S011_EX23,artifacts/trials/T287,cdb19d606f9bb0aef000c7dba98018d01dcfe34bade1f5fd918a764f02cb7382,181702.70640000002,157.0,153.0,-1.0,-1.0,0.07358968671008848,-0.0410879888350041,False,,,
288,0.17963187405513148,-0.1933275692274351,101,403,15.037220843672456,0.2677652073856076,-0.310919408097985,False,True,False,False,0.575,0.05,0.075,-0.125,1,220,0.0015,EX23T288,EX19T288,20260930_S011_EX23,artifacts/trials/T288,05675610d4979b83e83a4557ea1c4784522251c482f437d9d11b718720987614,244854.4854,232.0,217.0,-1.0,-1.0,-0.23581709693066943,-0.12081805829304261,False,,,
289,0.10762477677732996,-0.08636866011987543,20,403,2.977667493796526,0.2677652073856076,-0.310919408097985,False,True,False,False,0.2,0.4,0.3,0.0,1,50,0.006,EX23T289,EX19T289,20260930_S011_EX23,artifacts/trials/T289,ddf73fcdc95d259ecf3fb71efacc8a21f16fbd270eb6b6ba18763ad2c8ec093e,45489.8339,40.0,40.0,-1.0,-1.0,-0.30782419420847096,-0.013859149185482936,False,,,
290,0.5579917331030511,-0.15913623985490255,67,403,9.975186104218363,0.2677652073856076,-0.310919408097985,True,True,False,False,0.65,0.2,0.19,-0.15,3,130,0.005,EX23T290,EX19T290,20260930_S011_EX23,artifacts/trials/T290,b61e6592f6622006f0f666eee8555aa2cf07490cb6ce274b0c8b66a47e6b65e0,201446.7674,177.0,173.0,-1.0,-1.0,0.14254276211725014,-0.08662672892051006,False,,,
291,0.3095266335450362,-0.09817168472948834,41,403,6.104218362282879,0.2677652073856076,-0.310919408097985,False,True,False,False,0.45,0.0,0.35,-0.3,3,180,0.01,EX23T291,EX19T291,20260930_S011_EX23,artifacts/trials/T291,72984f35eac73b5fc506c2c6a6f2b7dc1b74c025a29050a59938328af441a087,105450.35280000001,86.0,84.0,-1.0,-1.0,-0.10592233744076474,-0.025662173795095847,False,,,
292,0.18989476072706846,-0.1296720715811085,27,403,4.01985111662531,0.2677652073856076,-0.310919408097985,False,True,True,False,0.675,0.5,0.28,-0.075,3,130,0.0095,EX23T292,EX19T292,20260930_S011_EX23,artifacts/trials/T292,e919624a069a84e6e92f113fced7ffe678bcfaac87a4951ce982e32db377c624,66425.22450000001,54.0,54.0,-1.0,-1.0,-0.22555421025873246,-0.057162560646716,False,,,
293,0.3218563634722238,-0.10872414922350404,41,403,6.104218362282879,0.2677652073856076,-0.310919408097985,False,True,False,False,0.1,0.2,0.275,-0.175,3,150,0.0005,EX23T293,EX19T293,20260930_S011_EX23,artifacts/trials/T293,b3c75069ea793586ac4bff118bd6b4eb05768d86386f0186a685b208f6c78353,108342.51259999999,92.0,88.0,-1.0,-1.0,-0.09359260751357712,-0.03621463828911155,False,,,
294,0.01598845696478124,-0.052443008987593354,5,403,0.7444168734491315,0.2677652073856076,-0.310919408097985,False,True,False,False,0.35,0.5,0.375,0.025,3,230,0.0,EX23T294,EX19T294,20260930_S011_EX23,artifacts/trials/T294,4a76965880670889a13b40b87c6dc24fe238900196347a9fcc087bfd4b93a0c1,10267.9386,10.0,10.0,-1.0,-1.0,-0.3994605140210197,0.02006650194679914,False,,,
295,0.11617974722233781,-0.029725934168155277,7,403,1.0421836228287842,0.2677652073856076,-0.310919408097985,False,True,False,False,0.15,0.225,0.39,-0.225,2,30,0.005,EX23T295,EX19T295,20260930_S011_EX23,artifacts/trials/T295,a910d2ce1d3596f48e34f3e472845be964963f0acc356ef0cf6f5a81aaddbed2,15019.086500000001,14.0,14.0,-1.0,-1.0,-0.2992692237634631,0.042783576766237216,False,,,
296,0.3598724627312784,-0.0821241784608937,51,403,7.593052109181142,0.2677652073856076,-0.310919408097985,False,True,False,False,0.9,0.175,0.265,-0.125,1,20,0.009,EX23T296,EX19T296,20260930_S011_EX23,artifacts/trials/T296,65bf82d3d38d203073730a93daeff88b436168958200a167e7042f171d0fa938,133047.617,109.0,108.0,-1.0,-1.0,-0.05557650825452254,-0.009614667526501211,False,,,
297,0.6141764265816021,-0.16507636223727318,100,403,14.88833746898263,0.2677652073856076,-0.310919408097985,True,True,False,False,0.6,0.05,0.06,-0.15,2,180,0.0055,EX23T297,EX19T297,20260930_S011_EX23,artifacts/trials/T297,8e071d335783ee1b9106ab1438e9afb41c8ab0c5c966590e874bd4ec47383ff4,315000.1569,323.0,314.0,-1.0,-1.0,0.19872745559580118,-0.09256685130288068,False,,,
298,0.21189484413515491,-0.19863599212696026,80,403,11.910669975186105,0.2677652073856076,-0.310919408097985,False,True,False,False,0.85,0.0,0.235,-0.25,1,150,0.01,EX23T298,EX19T298,20260930_S011_EX23,artifacts/trials/T298,aa5997cee5801d152de23fa8fb7584f2dce1b32b1a3d19e35b13a2a255eceaff,201651.7914,163.0,161.0,-1.0,-1.0,-0.203554126850646,-0.12612648119256775,False,,,
299,0.32949397431415983,-0.15255668920145293,53,403,7.890818858560794,0.2677652073856076,-0.310919408097985,False,True,False,False,0.975,0.5,0.22,-0.05,3,170,0.003,EX23T299,EX19T299,20260930_S011_EX23,artifacts/trials/T299,8023a1d49a2deba4dd27c05767539b25fc8ed8fd8f38e803c785b5dc3cfc4d1f,135946.15819999998,106.0,106.0,-1.0,-1.0,-0.08595499667164108,-0.08004717826706044,False,,,
300,0.11092853145377757,-0.19968908199193558,114,403,16.972704714640198,0.2677652073856076,-0.310919408097985,False,True,False,False,0.05,0.325,0.065,-0.025,1,180,0.005,EX23T300,EX19T300,20260930_S011_EX23,artifacts/trials/T300,94bae8dbcc3db8cdf33ac5502ba9f7b16262fbb1d9d3ec3e213c4818478229f7,257288.00970000002,237.0,229.0,-1.0,-1.0,-0.30452043953202335,-0.12717957105754307,False,,,
301,-0.013984899528216688,-0.0732664390181873,5,403,0.7444168734491315,0.2677652073856076,-0.310919408097985,False,True,False,False,0.3,0.425,0.385,-0.075,1,150,0.007,EX23T301,EX19T301,20260930_S011_EX23,artifacts/trials/T301,3914ba88d5e63998221fa6ad6de82208efacdfc0033a4efd76a55dcfec11962f,10058.7577,10.0,10.0,-1.0,-1.0,-0.4294338705140176,-0.0007569280837948084,False,,,
302,0.23311372601699887,-0.15281324219673853,106,403,15.781637717121589,0.2677652073856076,-0.310919408097985,False,True,False,False,0.525,0.5,0.055,-0.075,1,40,0.0055,EX23T302,EX19T302,20260930_S011_EX23,artifacts/trials/T302,59472d673f80967fc9c30102b8e99a8ae792d30dc2480ddc8f66af38e4f81a5c,259755.9423,218.0,213.0,-1.0,-1.0,-0.18233524496880205,-0.08030373126234604,False,,,
303,0.31170690465741635,-0.17236754636671936,86,403,12.803970223325061,0.2677652073856076,-0.310919408097985,False,True,False,False,0.125,0.25,0.08,-0.125,3,240,0.0,EX23T303,EX19T303,20260930_S011_EX23,artifacts/trials/T303,a11a5234e5efed5e8b79be6ae7cff3af05a4625b0f1fe3f6c1b5222bf9122730,229084.33250000002,203.0,181.0,-1.0,-1.0,-0.10374206632838456,-0.09985803543232687,False,,,
304,0.1837463865620903,-0.08230334632375313,22,403,3.2754342431761785,0.2677652073856076,-0.310919408097985,False,True,False,False,0.65,0.125,0.355,0.025,2,100,0.004,EX23T304,EX19T304,20260930_S011_EX23,artifacts/trials/T304,e9e54bb90e7e7aa886dd205a2feddee5cb9b1ef2b78378b60fb7c2044c98d12d,53124.2615,47.0,46.0,-1.0,-1.0,-0.2317025844237106,-0.009793835389360642,False,,,
305,0.12559803198311936,-0.06781262456336679,12,403,1.7866004962779156,0.2677652073856076,-0.310919408097985,False,True,False,False,0.975,0.125,0.415,-0.05,3,160,0.0095,EX23T305,EX19T305,20260930_S011_EX23,artifacts/trials/T305,104a9c5ed259b815f68238ef4ab320c2fd695639a7b784551e2caaa4d25da91a,27295.3203,24.0,24.0,-1.0,-1.0,-0.28985093900268155,0.0046968863710257075,False,,,
306,0.4245281134241974,-0.11629424209142758,58,403,8.635235732009926,0.2677652073856076,-0.310919408097985,True,True,False,False,0.95,0.175,0.265,-0.175,2,120,0.007,EX23T306,EX19T306,20260930_S011_EX23,artifacts/trials/T306,66a9c89392b7e1849477d9d8200349412dd61a18b192ba6547694a0679197a40,164395.532,134.0,132.0,-1.0,-1.0,0.00907914243839647,-0.04378473115703509,False,,,
307,0.09957173723882073,-0.12139137517580678,25,403,3.7220843672456576,0.2677652073856076,-0.310919408097985,False,True,False,False,0.0,0.375,0.32,-0.175,1,230,0.0095,EX23T307,EX19T307,20260930_S011_EX23,artifacts/trials/T307,9b35a2c37b3154cfbf818461b8b6551c6af0158829777e9ed993d8e11e29f862,56748.411,50.0,50.0,-1.0,-1.0,-0.3158772337469802,-0.04888186424141429,False,,,
308,0.658595809957965,-0.15556650492962742,92,403,13.69727047146402,0.2677652073856076,-0.310919408097985,True,True,False,False,0.975,0.45,0.065,-0.15,3,20,0.0075,EX23T308,EX19T308,20260930_S011_EX23,artifacts/trials/T308,9a895f46afe734c86265bf22ba10e9932e4c2805bfef5e0fa67c0fa62ab13ffc,287909.2055,277.0,273.0,-1.0,-1.0,0.24314683897216405,-0.08305699399523493,False,,,
309,0.46262551859548573,-0.10378207957224594,56,403,8.337468982630273,0.2677652073856076,-0.310919408097985,True,True,False,False,0.5,0.025,0.275,0.025,2,140,0.004,EX23T309,EX19T309,20260930_S011_EX23,artifacts/trials/T309,36b5c8d6856a66c2037ce62d8305beccc64785345b93c8f9d5e9526f5211f308,166562.7646,142.0,136.0,-1.0,-1.0,0.047176547609684816,-0.03127256863785345,False,,,
310,0.08971653175031413,-0.051138328401736155,8,403,1.1910669975186103,0.2677652073856076,-0.310919408097985,False,True,False,False,0.5,0.25,0.39,-0.2,3,50,0.01,EX23T310,EX19T310,20260930_S011_EX23,artifacts/trials/T310,c0cd7700bf3723ab96c73a3ac3daffd330f8cfe24de39fe41ed55c95b28e9239,17264.4616,16.0,16.0,-1.0,-1.0,-0.3257324392354868,0.021371182532656338,False,,,
311,0.2050955880204255,-0.160885926420115,53,403,7.890818858560794,0.2677652073856076,-0.310919408097985,False,True,False,False,1.0,0.275,0.245,0.025,3,200,0.0,EX23T311,EX19T311,20260930_S011_EX23,artifacts/trials/T311,33f381334bf9ff058404a8763d508ea9ce890823d6cde7292665260bdffd905e,131618.8961,119.0,107.0,-1.0,-1.0,-0.21035338296537542,-0.08837641548572252,False,,,
312,0.22430119804655835,-0.1144066013804571,48,403,7.1464019851116625,0.2677652073856076,-0.310919408097985,False,True,False,False,0.025,0.075,0.34,0.025,1,210,0.004,EX23T312,EX19T312,20260930_S011_EX23,artifacts/trials/T312,a9c043d27d9003395512726d0215afe94a5169578ebe9df55218fc32410e8744,121284.3483,102.0,99.0,-1.0,-1.0,-0.19114777293924257,-0.041897090446064614,False,,,
313,0.043418652056272045,-0.09313953653441032,14,403,2.0843672456575684,0.2677652073856076,-0.310919408097985,False,True,False,False,0.575,0.2,0.34,-0.3,2,70,0.0005,EX23T313,EX19T313,20260930_S011_EX23,artifacts/trials/T313,bf1edef31b0ad1b054438b687c7a460390f8b2abb90ee527eeba1a0dabc96c15,30057.536399999997,28.0,28.0,-1.0,-1.0,-0.37203031892952887,-0.020630025600017823,False,,,
314,0.13038305475149237,-0.0816497872625207,19,403,2.8287841191067,0.2677652073856076,-0.310919408097985,False,True,False,False,0.675,0.225,0.33,-0.1,1,210,0.0035,EX23T314,EX19T314,20260930_S011_EX23,artifacts/trials/T314,e312c9ea0eeb1904f2d97db647bb9264a9815cc10085d5a22c396cb9d9deb0b6,43767.328400000006,39.0,38.0,-1.0,-1.0,-0.28506591623430855,-0.009140276328128208,False,,,
315,0.31414861828206386,-0.17787309817428343,65,403,9.67741935483871,0.2677652073856076,-0.310919408097985,False,True,False,False,1.0,0.05,0.255,-0.275,2,60,0.0025,EX23T315,EX19T315,20260930_S011_EX23,artifacts/trials/T315,465695c0857c20991ef305e217ace757fadf75be4a99c4f11993fb80ac230bac,174318.7932,136.0,130.0,-1.0,-1.0,-0.10130035270373705,-0.10536358723989094,False,,,
316,0.09324747685160384,-0.10174642441825288,20,403,2.977667493796526,0.2677652073856076,-0.310919408097985,False,True,False,False,0.775,0.45,0.285,-0.2,1,40,0.0,EX23T316,EX19T316,20260930_S011_EX23,artifacts/trials/T316,0b30fab8fbade33ae02f2f1e4ef368acd3c96d65381d1c259fd75f9ae86b39eb,44628.163700000005,43.0,40.0,-1.0,-1.0,-0.3222014941341971,-0.029236913483860386,False,,,
317,0.038867844347047154,0.0,2,403,0.2977667493796526,0.2677652073856076,-0.310919408097985,False,True,False,False,0.625,0.2,0.43,0.0,2,20,0.009,EX23T317,EX19T317,20260930_S011_EX23,artifacts/trials/T317,c33c706fce4efaae5020ebb627538196d21996e985ca3ff524ff87033c4b8270,4099.5828,4.0,4.0,-1.0,-1.0,-0.37658112663875376,0.0725095109343925,False,,,
318,0.17545320465498793,-0.17531785636160424,95,403,14.1439205955335,0.2677652073856076,-0.310919408097985,False,True,False,False,0.175,0.325,0.13,-0.1,1,150,0.01,EX23T318,EX19T318,20260930_S011_EX23,artifacts/trials/T318,88ee982cdb261e94a213f61d76db0ede28a0b4b958cd3f52edf6275ab365ccb4,219199.46360000002,193.0,190.0,-1.0,-1.0,-0.239995766330813,-0.10280834542721175,False,,,
319,-0.008864576231135568,-0.08882536782495032,4,403,0.5955334987593052,0.2677652073856076,-0.310919408097985,False,True,False,False,0.6,0.5,0.42,-0.2,3,160,0.006,EX23T319,EX19T319,20260930_S011_EX23,artifacts/trials/T319,a7ec5bf8e98a7b9a9b42577628930ed9225ef288efea1593b72f314406e9000e,7964.8917,8.0,8.0,-1.0,-1.0,-0.4243135472169365,-0.016315856890557826,False,,,
320,0.31783077372655,-0.10972749208808774,46,403,6.84863523573201,0.2677652073856076,-0.310919408097985,False,True,False,False,0.875,0.5,0.23,-0.225,2,40,0.0085,EX23T320,EX19T320,20260930_S011_EX23,artifacts/trials/T320,9397f604e68726ef277c2d759810d0585fea14d50c786272bd4d9945f99e3d0f,112643.13160000002,92.0,92.0,-1.0,-1.0,-0.09761819725925092,-0.03721798115369525,False,,,
321,0.014502425437624922,-0.04590787218310355,7,403,1.0421836228287842,0.2677652073856076,-0.310919408097985,False,True,False,False,0.875,0.325,0.415,-0.2,1,40,0.004,EX23T321,EX19T321,20260930_S011_EX23,artifacts/trials/T321,a0a633fd9c5a6154cc12ea3e1929988ca8e6d8ca54ad709b502662c3b19c8ed1,14337.0532,14.0,14.0,-1.0,-1.0,-0.400946545548176,0.026601638751288945,False,,,
322,0.25809870261418655,-0.1723432384657153,84,403,12.50620347394541,0.2677652073856076,-0.310919408097985,False,True,False,False,0.225,0.25,0.1,-0.25,2,20,0.004,EX23T322,EX19T322,20260930_S011_EX23,artifacts/trials/T322,346d65414409d74da64ba1f8174c4bb5d016594438af99946c38383a19b5722a,216096.4251,175.0,169.0,-1.0,-1.0,-0.15735026837161437,-0.09983372753132282,False,,,
323,0.276862607348763,-0.08225635851727542,28,403,4.168734491315137,0.2677652073856076,-0.310919408097985,False,True,True,False,0.6,0.0,0.385,0.025,2,120,0.0045,EX23T323,EX19T323,20260930_S011_EX23,artifacts/trials/T323,bca16e5d87e274c0adc477a498039f0878885e859d3b68a9eb1c65a83223801b,71440.36540000001,60.0,58.0,-1.0,-1.0,-0.1385863636370379,-0.009746847582882925,False,,,
324,0.022621939577683436,0.0,1,403,0.1488833746898263,0.2677652073856076,-0.310919408097985,False,True,False,False,0.05,0.475,0.43,-0.275,2,150,0.0065,EX23T324,EX19T324,20260930_S011_EX23,artifacts/trials/T324,8849e27bd627b44bdc54a65afe6f1140a06ee37ee956f4db526c8dc4848d938c,2024.5914,2.0,2.0,-1.0,-1.0,-0.3928270314081175,0.0725095109343925,False,,,
325,0.43562283028306537,-0.2054691378879714,86,403,12.803970223325061,0.2677652073856076,-0.310919408097985,True,True,False,False,0.85,0.0,0.08,-0.3,3,170,0.008,EX23T325,EX19T325,20260930_S011_EX23,artifacts/trials/T325,99b5006992fc11a6cf7997300a328485605df6bcaf107b94c7f37fea104708a3,261126.2371,266.0,263.0,-1.0,-1.0,0.02017385929726445,-0.13295962695357888,False,,,
326,0.4666105987143008,-0.10364641593469814,46,403,6.84863523573201,0.2677652073856076,-0.310919408097985,True,True,False,False,0.6,0.1,0.3,-0.2,2,220,0.0055,EX23T326,EX19T326,20260930_S011_EX23,artifacts/trials/T326,a6373a529070c3903f832bfe39c345c47df8707be038aeecad9876b63ac550ce,133428.84110000002,110.0,106.0,-1.0,-1.0,0.05116162772849986,-0.03113690500030565,False,,,
327,0.46231434007290884,-0.09606865083436933,77,403,11.464019851116625,0.2677652073856076,-0.310919408097985,True,True,False,False,0.0,0.5,0.145,-0.075,2,60,0.0035,EX23T327,EX19T327,20260930_S011_EX23,artifacts/trials/T327,5a70fe401e5bdea3588941fff202a945912fe977555c47cfa785600a04cf05bc,205374.1002,177.0,172.0,-1.0,-1.0,0.04686536908710792,-0.023559139899976836,False,,,
328,0.36227842854000447,-0.13025646271393565,49,403,7.295285359801489,0.2677652073856076,-0.310919408097985,False,True,False,False,0.725,0.25,0.25,-0.05,2,90,0.01,EX23T328,EX19T328,20260930_S011_EX23,artifacts/trials/T328,5309b85630da2daf11341e85e93737d47b7addd926151649fba9e3b986e7caf1,130167.26490000001,98.0,98.0,-1.0,-1.0,-0.05317054244579644,-0.05774695177954316,False,,,
329,0.2485065619585527,-0.11403861935620963,54,403,8.03970223325062,0.2677652073856076,-0.310919408097985,False,True,False,False,0.375,0.075,0.25,0.025,1,120,0.0075,EX23T329,EX19T329,20260930_S011_EX23,artifacts/trials/T329,352bf688e563e386a27d431d685118827217e89b4ca43b21225c2dc125b2657d,138272.3884,117.0,113.0,-1.0,-1.0,-0.16694240902724822,-0.04152910842181713,False,,,
330,0.2601176507070688,-0.060729636493730865,29,403,4.317617866004963,0.2677652073856076,-0.310919408097985,False,True,True,False,0.1,0.0,0.395,-0.15,2,140,0.001,EX23T330,EX19T330,20260930_S011_EX23,artifacts/trials/T330,d55f911363f9b897aa53da5ed4ba83284a5e79487bde0d578a7cedbc24200715,71477.81980000001,62.0,60.0,-1.0,-1.0,-0.1553313202787321,0.011779874440661628,False,,,
331,0.014871740670560296,-0.04608869569801344,6,403,0.8933002481389578,0.2677652073856076,-0.310919408097985,False,True,False,False,0.925,0.3,0.41,-0.05,1,60,0.0005,EX23T331,EX19T331,20260930_S011_EX23,artifacts/trials/T331,65cb5fca64e5d7ec4ae010d882ba8b123c576cff1bdbe4b293596800d9a6c103,12381.0594,12.0,12.0,-1.0,-1.0,-0.4005772303152406,0.026420815236379055,False,,,
332,0.3216068819447724,-0.13035230430434552,69,403,10.272952853598015,0.2677652073856076,-0.310919408097985,False,True,False,False,0.9,0.025,0.21,-0.1,3,20,0.0005,EX23T332,EX19T332,20260930_S011_EX23,artifacts/trials/T332,db1d8fe18a773ae2d161adfb08c26a14d487f82d1ed0d66901184c981ab44261,180147.86800000002,161.0,147.0,-1.0,-1.0,-0.09384208904102853,-0.05784279336995303,False,,,
333,0.19944150990014853,-0.11482321585030497,52,403,7.741935483870968,0.2677652073856076,-0.310919408097985,False,True,False,False,0.025,0.175,0.26,0.0,1,70,0.0,EX23T333,EX19T333,20260930_S011_EX23,artifacts/trials/T333,cc6391b61f420b572e87597248419d9daeeea18a275fb257cc37ff7e269f8b8c,118583.05780000001,110.0,104.0,-1.0,-1.0,-0.21600746108565239,-0.04231370491591248,False,,,
334,0.3995841787710135,-0.0825755582272758,52,403,7.741935483870968,0.2677652073856076,-0.310919408097985,False,True,False,False,0.075,0.0,0.3,0.025,3,100,0.0035,EX23T334,EX19T334,20260930_S011_EX23,artifacts/trials/T334,cd9c4b03ff5769ec0803b2600d922a6b93dd9c8f3fbff7a5560f8a0673603aa6,143769.443,128.0,122.0,-1.0,-1.0,-0.015864792214787427,-0.01006604729288331,False,,,
335,0.20625298295090877,-0.08160765812651871,24,403,3.5732009925558312,0.2677652073856076,-0.310919408097985,False,True,False,False,0.6,0.075,0.365,0.025,1,180,0.004,EX23T335,EX19T335,20260930_S011_EX23,artifacts/trials/T335,044d8822ca7d3370e97f315665bf90af2ab68ee547c413dfc2040cb8fc53e34e,58844.7706,52.0,50.0,-1.0,-1.0,-0.20919598803489214,-0.009098147192126219,False,,,
336,0.31692936195764143,-0.23688392192206764,82,403,12.208436724565757,0.2677652073856076,-0.310919408097985,False,True,False,False,0.675,0.05,0.06,-0.275,3,130,0.001,EX23T336,EX19T336,20260930_S011_EX23,artifacts/trials/T336,26712b6a4a320e50e445550d0e77a928e8120b823af4ab6f939fc6ba05f0eaa3,233380.46399999998,245.0,223.0,-1.0,-1.0,-0.09851960902815948,-0.16437441098767513,False,,,
337,0.3750189758313991,-0.12158482520838754,50,403,7.444168734491315,0.2677652073856076,-0.310919408097985,False,True,False,False,0.35,0.225,0.22,0.025,3,20,0.003,EX23T337,EX19T337,20260930_S011_EX23,artifacts/trials/T337,18873d2dff9b2f631dcc338ab024c7241aa689ccc0c00b91e387773acfd73b6f,140251.22469999996,120.0,116.0,-1.0,-1.0,-0.04042999515440182,-0.049075314273995044,False,,,
338,0.2320667024770282,-0.193808364527163,87,403,12.952853598014888,0.2677652073856076,-0.310919408097985,False,True,False,False,0.3,0.0,0.095,-0.3,2,60,0.003,EX23T338,EX19T338,20260930_S011_EX23,artifacts/trials/T338,d0e8ca7e17ae9d1af8abcf233c23946049f7728ad9ed608c792322d50b6fc1af,222127.67190000002,181.0,175.0,-1.0,-1.0,-0.1833822685087727,-0.1212988535927705,False,,,
339,-0.014742098505056811,-0.04573504931664185,3,403,0.4466501240694789,0.2677652073856076,-0.310919408097985,False,True,False,False,0.925,0.225,0.45,0.025,1,210,0.008,EX23T339,EX19T339,20260930_S011_EX23,artifacts/trials/T339,69598c974ac4ca1c117d36335ffd8f4fecf9876c222ff1ceed36e0d0a2107bfb,5944.6229,6.0,6.0,-1.0,-1.0,-0.4301910694908577,0.02677446161775064,False,,,
340,0.1963489027529901,-0.1583433374483092,117,403,17.419354838709676,0.2677652073856076,-0.310919408097985,False,True,False,False,0.075,0.225,0.07,-0.175,1,230,0.0055,EX23T340,EX19T340,20260930_S011_EX23,artifacts/trials/T340,a7b625f9af17d76505b72eef1559ff721d918c92511908498a1948f9ef4206c1,272776.304,242.0,234.0,-1.0,-1.0,-0.2191000682328108,-0.0858338265139167,False,,,
341,0.5420278035692567,-0.21649852587240292,52,403,7.741935483870968,0.2677652073856076,-0.310919408097985,True,True,False,False,0.65,0.2,0.25,-0.3,3,240,0.01,EX23T341,EX19T341,20260930_S011_EX23,artifacts/trials/T341,79e506c97e9fae77044b112e536beaed32abc8b8ac4974123e0d48fc3b30e715,168543.7554,165.0,163.0,-1.0,-1.0,0.1265788325834558,-0.14398901493801042,False,,,
342,0.2565594796541262,-0.08282458649256985,54,403,8.03970223325062,0.2677652073856076,-0.310919408097985,False,True,False,False,0.425,0.025,0.26,-0.025,1,20,0.0005,EX23T342,EX19T342,20260930_S011_EX23,artifacts/trials/T342,e5b3a29237d053d69bbb355083fae75c7c3c57d287eb12142ea566013b3bd28c,133205.6816,122.0,113.0,-1.0,-1.0,-0.15888949133167474,-0.010315075558177358,False,,,
343,0.4678347945100769,-0.07229345241648422,45,403,6.699751861042183,0.2677652073856076,-0.310919408097985,True,True,False,False,0.575,0.025,0.32,0.025,2,130,0.006,EX23T343,EX19T343,20260930_S011_EX23,artifacts/trials/T343,d5eba47e349c004c77288d5403f29284237f0608cec6f552e466537e503994cb,129014.3209,106.0,104.0,-1.0,-1.0,0.05238582352427601,0.0002160585179082769,False,,,
344,0.07279284210656756,-0.06979784831445612,15,403,2.2332506203473947,0.2677652073856076,-0.310919408097985,False,True,False,False,0.4,0.475,0.32,-0.15,3,120,0.0005,EX23T344,EX19T344,20260930_S011_EX23,artifacts/trials/T344,7588d68a92f46021a0af99df0eb51155241ef6fab38db8aadc21af3681208fcd,32531.4075,32.0,31.0,-1.0,-1.0,-0.34265612887923336,0.0027116626199363697,False,,,
345,0.26541158662504993,-0.184573260117308,78,403,11.612903225806452,0.2677652073856076,-0.310919408097985,False,True,False,False,0.675,0.05,0.21,0.025,1,220,0.01,EX23T345,EX19T345,20260930_S011_EX23,artifacts/trials/T345,4346a5060a4063beecaa161a44266c65ede456912325ba3eec90e0c8ffec5483,202474.9707,160.0,157.0,-1.0,-1.0,-0.15003738436075098,-0.11206374918291552,False,,,
346,0.05005870388232614,-0.10281611977301408,19,403,2.8287841191067,0.2677652073856076,-0.310919408097985,False,True,False,False,0.0,0.5,0.33,-0.2,3,190,0.0095,EX23T346,EX19T346,20260930_S011_EX23,artifacts/trials/T346,170572973468a173a14e2234c4d2fae91dbb32a739e79ce44d8c458a6c850dc6,41057.8624,38.0,38.0,-1.0,-1.0,-0.3653902671034748,-0.030306608838621588,False,,,
347,0.022690090183824285,0.0,1,403,0.1488833746898263,0.2677652073856076,-0.310919408097985,False,True,False,False,0.05,0.3,0.44,-0.175,1,140,0.0035,EX23T347,EX19T347,20260930_S011_EX23,artifacts/trials/T347,9283ca908bf73fc2faa6efde4a2cb925950f2bdb2074e05514e2d2b91523766e,2030.7316,2.0,2.0,-1.0,-1.0,-0.39275888080197663,0.0725095109343925,False,,,
348,0.4776839491190765,-0.09982125013369769,49,403,7.295285359801489,0.2677652073856076,-0.310919408097985,True,True,False,False,0.775,0.0,0.34,-0.05,2,180,0.005,EX23T348,EX19T348,20260930_S011_EX23,artifacts/trials/T348,96f7f2b5e0c9352bc66de2399ee85992aaa32050b957523b01314634276ea333,143654.33510000003,120.0,116.0,-1.0,-1.0,0.06223497813327561,-0.0273117391993052,False,,,
349,0.017887834756664223,-0.0459852171852404,4,403,0.5955334987593052,0.2677652073856076,-0.310919408097985,False,True,False,False,0.3,0.3,0.415,-0.15,2,240,0.0025,EX23T349,EX19T349,20260930_S011_EX23,artifacts/trials/T349,f7ccaa146ed6d0a5d93d8faef58a73483532fbb9e81dba05335e81845aaf84e7,8197.5166,8.0,8.0,-1.0,-1.0,-0.3975611362291367,0.026524293749152092,False,,,
350,0.15462162617895525,-0.18883187537294588,104,403,15.483870967741936,0.2677652073856076,-0.310919408097985,False,True,False,False,0.025,0.2,0.115,0.025,1,40,0.007,EX23T350,EX19T350,20260930_S011_EX23,artifacts/trials/T350,a2733ed13f5c79bf1d7c821a98255b747faf9d19ac257e0dfb0b3f919adfc0ac,237676.7991,212.0,208.0,-1.0,-1.0,-0.26082734480684566,-0.11632236443855339,False,,,
351,0.5642493626094891,-0.1243563401731792,97,403,14.441687344913152,0.2677652073856076,-0.310919408097985,True,True,False,False,0.05,0.3,0.07,-0.05,3,130,0.0095,EX23T351,EX19T351,20260930_S011_EX23,artifacts/trials/T351,536257ceb5772fb280347f3eb9f3b33faae3952c6b4341c247fb62ec25b26b97,294811.9612,264.0,258.0,-1.0,-1.0,0.1488003916236882,-0.05184682923878671,False,,,
352,0.26286238319193944,-0.09909675877470037,37,403,5.508684863523573,0.2677652073856076,-0.310919408097985,False,True,True,False,0.7,0.05,0.335,0.025,3,230,0.0005,EX23T352,EX19T352,20260930_S011_EX23,artifacts/trials/T352,c9cbb99149e7f9ee150bb06a8a8f95298635e97d3cabf9ebed4ccdbafca5e8b3,93156.09460000001,85.0,76.0,-1.0,-1.0,-0.15258658779386147,-0.026587247840307873,False,,,
353,0.37571135591571436,-0.16523783614032317,94,403,13.995037220843672,0.2677652073856076,-0.310919408097985,False,True,False,False,0.9,0.025,0.135,0.025,2,230,0.0045,EX23T353,EX19T353,20260930_S011_EX23,artifacts/trials/T353,2a4d4c00e4df9bcf9dfb917d0b9673da866eb9421267fc9ffe2b39929a4b32a7,253529.66170000003,215.0,210.0,-1.0,-1.0,-0.03973761507008655,-0.09272832520593068,False,,,
354,0.17307516653880217,-0.16867706054521125,93,403,13.846153846153847,0.2677652073856076,-0.310919408097985,False,True,False,False,0.05,0.5,0.12,-0.225,1,170,0.007,EX23T354,EX19T354,20260930_S011_EX23,artifacts/trials/T354,66015ca992d37e815035c3af1d2865626b8ca90b2c4c5a9ea5040dcfbd42dd95,213251.29940000002,189.0,186.0,-1.0,-1.0,-0.24237380444699874,-0.09616754961081876,False,,,
355,0.12421913719308297,-0.1502376373192098,88,403,13.101736972704714,0.2677652073856076,-0.310919408097985,False,True,False,False,0.125,0.425,0.12,-0.125,1,150,0.001,EX23T355,EX19T355,20260930_S011_EX23,artifacts/trials/T355,7bf313adc9b26d4a3a2a1a17fb286d15ea98eff76efbf2a3d89b0cc51c24a3ae,196823.9963,186.0,176.0,-1.0,-1.0,-0.29122983379271794,-0.07772812638481731,False,,,
356,0.023791445071719375,-0.10833944568774723,11,403,1.6377171215880892,0.2677652073856076,-0.310919408097985,False,True,False,False,0.45,0.15,0.385,0.025,3,130,0.004,EX23T356,EX19T356,20260930_S011_EX23,artifacts/trials/T356,5931ddabb92b217d969d33b6c1ae9b8dec12454f0a11f5b87d61423633db0d0a,23622.523100000002,22.0,22.0,-1.0,-1.0,-0.39165752591408154,-0.035829934753354734,False,,,
357,0.008006946290924688,-0.0009999534979187041,1,403,0.1488833746898263,0.2677652073856076,-0.310919408097985,False,True,False,False,0.2,0.125,0.44,-0.075,1,60,0.001,EX23T357,EX19T357,20260930_S011_EX23,artifacts/trials/T357,126f392065f1212ae0e310803172b872015924322a287c80b09b61f5d2e3c9c5,2012.7560000000003,2.0,2.0,-1.0,-1.0,-0.4074420246948762,0.07150955743647379,False,,,
358,0.17910099384022016,-0.22100545034045127,81,403,12.05955334987593,0.2677652073856076,-0.310919408097985,False,True,False,False,0.0,0.05,0.13,-0.25,3,240,0.005,EX23T358,EX19T358,20260930_S011_EX23,artifacts/trials/T358,666abb6b3e5159e630ad2d4b47cb58b5d623eb820838af5c539e8c605a48e96d,206459.0879,167.0,163.0,-1.0,-1.0,-0.23634797714558076,-0.14849593940605876,False,,,
359,0.16255105857222096,-0.08216913396900527,25,403,3.7220843672456576,0.2677652073856076,-0.310919408097985,False,True,False,False,0.975,0.025,0.42,-0.175,1,170,0.0085,EX23T359,EX19T359,20260930_S011_EX23,artifacts/trials/T359,cabcd8bc28c578c10c3ec6394a83fd58f564e998a6991d27ba052fca4d40fbd2,59138.9055,53.0,52.0,-1.0,-1.0,-0.25289791241357995,-0.009659623034612777,False,,,
360,0.5186732646035195,-0.15885333080944575,93,403,13.846153846153847,0.2677652073856076,-0.310919408097985,True,True,False,False,0.675,0.375,0.055,-0.15,3,240,0.007,EX23T360,EX19T360,20260930_S011_EX23,artifacts/trials/T360,2d1f64ef5b6d609f035286ca6b78a953cbf32e34a1d91481c8c1736a9eb3fde6,264223.63300000003,224.0,220.0,-1.0,-1.0,0.10322429361771857,-0.08634381987505325,False,,,
361,0.3087462110536505,-0.159845076689196,68,403,10.124069478908188,0.2677652073856076,-0.310919408097985,False,True,False,False,0.525,0.225,0.135,-0.175,3,20,0.0,EX23T361,EX19T361,20260930_S011_EX23,artifacts/trials/T361,37c9e3c119917f20dc608f8b5c0078e3dd4990edbf60f7e260ddf3950df794db,179689.72269999998,158.0,142.0,-1.0,-1.0,-0.10670275993215039,-0.08733556575480352,False,,,
362,0.6062219819507149,-0.16440739820825634,86,403,12.803970223325061,0.2677652073856076,-0.310919408097985,True,True,False,False,0.575,0.4,0.08,-0.225,2,70,0.01,EX23T362,EX19T362,20260930_S011_EX23,artifacts/trials/T362,ea4c34e1b28b591f7b08dc439c35a3d7a03afa691e4afa15098b2137ebeccd82,268193.5757,266.0,262.0,-1.0,-1.0,0.19077301096491395,-0.09189788727386385,False,,,
363,0.4437510261353743,-0.1517879558135079,74,403,11.017369727047146,0.2677652073856076,-0.310919408097985,True,True,False,False,0.725,0.5,0.14,0.0,3,240,0.0085,EX23T363,EX19T363,20260930_S011_EX23,artifacts/trials/T363,f0c394eb24d826e079ae6ce47fb64298bcb3f553b29e28e2ed1e024071d61e9e,213761.4534,175.0,174.0,-1.0,-1.0,0.028302055149573402,-0.07927844487911541,False,,,
364,0.3035133760720621,-0.1386003904394315,105,403,15.632754342431761,0.2677652073856076,-0.310919408097985,False,True,False,False,0.5,0.4,0.065,0.025,1,130,0.005,EX23T364,EX19T364,20260930_S011_EX23,artifacts/trials/T364,a1d5b7c7d4bb446a58f60212189c6b6ba61833eeafeba5658d692f70841ddf0e,275931.2951,246.0,239.0,-1.0,-1.0,-0.11193559491373883,-0.06609087950503902,False,,,
365,0.009420522373228435,-0.04578553139588715,3,403,0.4466501240694789,0.2677652073856076,-0.310919408097985,False,True,False,False,0.525,0.25,0.43,-0.125,1,170,0.007,EX23T365,EX19T365,20260930_S011_EX23,artifacts/trials/T365,32b38db4ba2313d1abd29ce803d48d2e167a0fa9e82ed92fa36d6b73ed11570b,6147.3734,6.0,6.0,-1.0,-1.0,-0.4060284486125725,0.026723979538505346,False,,,
366,0.2315681060543342,-0.11440979963087994,46,403,6.84863523573201,0.2677652073856076,-0.310919408097985,False,True,False,False,0.15,0.15,0.28,-0.25,1,100,0.004,EX23T366,EX19T366,20260930_S011_EX23,artifacts/trials/T366,5b38c952fca5964dad276de018109dd0b9842a4966b93787459dfa91bc136945,113433.63330000002,99.0,96.0,-1.0,-1.0,-0.18388086493146671,-0.041900288696487445,False,,,
367,0.3011476136285638,-0.1614652653299119,92,403,13.69727047146402,0.2677652073856076,-0.310919408097985,False,True,False,False,0.475,0.025,0.05,0.0,3,40,0.0,EX23T367,EX19T367,20260930_S011_EX23,artifacts/trials/T367,809e98aa91dad14262b528a627b6b8f1313a783844c4e32862237368303bc4c3,234869.57420000003,206.0,185.0,-1.0,-1.0,-0.11430135735723712,-0.0889557543955194,False,,,
368,0.39079480324130467,-0.15221131553959133,52,403,7.741935483870968,0.2677652073856076,-0.310919408097985,False,True,False,False,0.925,0.2,0.28,0.025,3,200,0.0055,EX23T368,EX21T368,20260930_S011_EX23,artifacts/trials/T368,e787cf09a12657ee3e49733b1b6df86dffe94222d34f2f3749deccf112ba4923,146874.54599999997,111.0,110.0,-1.0,-1.0,-0.024654167744496247,-0.07970180460519884,False,,,
369,0.352691985901719,-0.10323616604231656,56,403,8.337468982630273,0.2677652073856076,-0.310919408097985,False,True,False,False,0.125,0.2,0.245,-0.15,2,180,0.0095,EX23T369,EX21T369,20260930_S011_EX23,artifacts/trials/T369,99b0544efbaf65aa177987ae312eaf4f71a095928194490ec1ae1a4e5893644f,153920.5173,127.0,124.0,-1.0,-1.0,-0.0627569850840819,-0.030726655107924064,False,,,
370,0.22369952985525154,-0.1455546054257454,54,403,8.03970223325062,0.2677652073856076,-0.310919408097985,False,True,False,False,0.8,0.4,0.215,-0.15,1,90,0.0045,EX23T370,EX21T370,20260930_S011_EX23,artifacts/trials/T370,1a8c275cd500a4f119b063574ef54137edb2e2b3e9e89adef29a55d3be1127c1,129989.8258,110.0,108.0,-1.0,-1.0,-0.19174944113054937,-0.0730450944913529,False,,,
371,0.35265649535821564,-0.11414148406308167,49,403,7.295285359801489,0.2677652073856076,-0.310919408097985,False,True,False,False,0.975,0.0,0.345,0.0,2,110,0.0085,EX23T371,EX21T371,20260930_S011_EX23,artifacts/trials/T371,e493620455eaca8f843cd2b2bdc098aaa27b9b80ec5c39f391aaa17bccb34738,136108.53610000003,105.0,102.0,-1.0,-1.0,-0.06279247562758528,-0.04163197312868917,False,,,
372,0.19167244974599895,-0.14826506331262224,114,403,16.972704714640198,0.2677652073856076,-0.310919408097985,False,True,False,False,0.225,0.0,0.085,-0.025,1,230,0.0045,EX23T372,EX21T372,20260930_S011_EX23,artifacts/trials/T372,b58bd109f61d399bb25b6b66b17cff7eef176e8c4db34f6e134763312d572a63,257945.86800000002,236.0,228.0,-1.0,-1.0,-0.22377652123980196,-0.07575555237822974,False,,,
373,0.16280140772630136,-0.04882750947366865,20,403,2.977667493796526,0.2677652073856076,-0.310919408097985,False,True,False,False,0.175,0.45,0.28,-0.3,2,30,0.0075,EX23T373,EX21T373,20260930_S011_EX23,artifacts/trials/T373,8bac63346d0053af351496c0ffc809536371869b568700d1eb6ca07aeef3ec85,45114.1039,40.0,40.0,-1.0,-1.0,-0.25264756325949955,0.023682001460723842,False,,,
374,0.3340050778851251,-0.10144927411041349,51,403,7.593052109181142,0.2677652073856076,-0.310919408097985,False,True,False,False,0.775,0.5,0.19,-0.025,2,20,0.0075,EX23T374,EX21T374,20260930_S011_EX23,artifacts/trials/T374,e51288b9d6ecbd185488508f67b7176427a591ca24bff987cacd6a8a2a018ff5,128366.36890000002,102.0,102.0,-1.0,-1.0,-0.08144389310067579,-0.028939763176020997,False,,,
375,0.032436677951924064,-0.12443133519403948,18,403,2.6799007444168734,0.2677652073856076,-0.310919408097985,False,True,False,False,0.475,0.375,0.31,-0.3,3,170,0.004,EX23T375,EX21T375,20260930_S011_EX23,artifacts/trials/T375,f667b5550c9c5c10f50902cc468a0820094bb610849480c992a83bc4291e2cf2,38450.0107,36.0,36.0,-1.0,-1.0,-0.38301229303387685,-0.05192182425964699,False,,,
376,0.3177277893808168,-0.13864719771089085,84,403,12.50620347394541,0.2677652073856076,-0.310919408097985,False,True,False,False,0.6,0.225,0.14,-0.225,1,180,0.0045,EX23T376,EX21T376,20260930_S011_EX23,artifacts/trials/T376,9c1085257dfb8fa3eea325c5b74797f94ee8d462dd8c6a6bda66605f6dad544a,220845.53759999998,177.0,171.0,-1.0,-1.0,-0.09772118160498411,-0.06613768677649835,False,,,
377,0.5250230240537861,-0.12215223794712549,56,403,8.337468982630273,0.2677652073856076,-0.310919408097985,True,True,False,False,0.6,0.275,0.22,0.025,2,220,0.0095,EX23T377,EX21T377,20260930_S011_EX23,artifacts/trials/T377,b6da401a0ec164c8d41360e4dcec43cb55eecd98b295f6da3851bba1edcb52d4,167920.43589999998,140.0,138.0,-1.0,-1.0,0.10957405306798518,-0.04964272701273299,False,,,
378,0.0022256932315793954,-0.0811682346647653,15,403,2.2332506203473947,0.2677652073856076,-0.310919408097985,False,True,False,False,0.9,0.45,0.36,-0.2,1,180,0.0095,EX23T378,EX21T378,20260930_S011_EX23,artifacts/trials/T378,2a1b90eae2e489e240b00c870f55b0c1ba7bed050aea7c6ef874e299e8f2e9ac,30368.584499999997,30.0,30.0,-1.0,-1.0,-0.4132232777542215,-0.008658723730372811,False,,,
379,0.33946087858122587,-0.12324980383982798,94,403,13.995037220843672,0.2677652073856076,-0.310919408097985,False,True,False,False,0.05,0.45,0.075,0.025,2,150,0.0,EX23T379,EX21T379,20260930_S011_EX23,artifacts/trials/T379,12167f460c412e889be771a13fb74c659b1eb2157a7e05b28ff24c1493547e42,237318.96169999999,207.0,190.0,-1.0,-1.0,-0.07598809240457505,-0.05074029290543548,False,,,
380,0.34044821498203026,-0.0823490971950781,29,403,4.317617866004963,0.2677652073856076,-0.310919408097985,False,True,True,False,0.6,0.175,0.315,0.025,2,180,0.0035,EX23T380,EX23T380,20260930_S011_EX23,artifacts/trials/T380,fd7c43eff6747ce818d9e4f123818337f5c9ced18ab3fa5e739a22869dcd1595,78816.1811,63.0,62.0,-1.0,-1.0,-0.07500075600377065,-0.00983958626068561,False,,,
381,0.24964948481987426,-0.1147629247109766,57,403,8.486352357320099,0.2677652073856076,-0.310919408097985,False,True,False,False,0.3,0.0,0.255,-0.3,1,150,0.001,EX23T381,EX23T381,20260930_S011_EX23,artifacts/trials/T381,c7f77026cecb780f5a44c5b64da2b3452e91952f8a212221e2bd8c0d58b067d3,144533.5614,129.0,121.0,-1.0,-1.0,-0.16579948616592666,-0.042253413776584106,False,,,
382,0.13926729450124165,-0.048354464640285366,11,403,1.6377171215880892,0.2677652073856076,-0.310919408097985,False,True,False,False,0.125,0.45,0.325,0.0,2,20,0.0,EX23T382,EX23T382,20260930_S011_EX23,artifacts/trials/T382,802208ee0199add24a027ac71624988df4ff67fa5a3cb266640e5a3be697a617,24015.1942,22.0,22.0,-1.0,-1.0,-0.27618167648455927,0.024155046294107127,False,,,
383,0.11876233305791106,-0.04565823529845192,16,403,2.3821339950372207,0.2677652073856076,-0.310919408097985,False,True,False,False,0.4,0.0,0.435,-0.3,1,70,0.01,EX23T383,EX23T383,20260930_S011_EX23,artifacts/trials/T383,af6663addbd5a5c72cc90d923c7448514ab5c94cbfcf050f99779eda6afc255a,35682.1775,34.0,34.0,-1.0,-1.0,-0.29668663792788985,0.026851275635940572,False,,,
2,0.4948263797201382,-0.07235171725043199,42,403,6.253101736972705,0.2677652073856076,-0.310919408097985,True,True,False,False,0.575,0.05,0.325,0.0,2,130,0.005,EX22T002,EX22T002,20260930_S011_EX22,artifacts/trials/T002,3743f45c82d4d2e7143af4127a869193c9d12f86f8ff2374ef5746679d9dcc60,122661.7542,100.0,98.0,-1.0,-1.0,0.0793774087343373,0.00015779368396050264,False,0.06796787064589083,-4.4137218213613494e-07,False
3,0.5120056580471386,-0.07234945844424745,42,403,6.253101736972705,0.2677652073856076,-0.310919408097985,True,True,False,False,0.575,0.05,0.325,0.025,2,130,0.005,EX22T003,EX22T003,20260930_S011_EX22,artifacts/trials/T003,0a188494c5c704ae3c3c835306a3da48eb0b80d39889441e6ef52b063a7591dc,124273.28919999998,102.0,100.0,-1.0,-1.0,0.09655668706133769,0.0001600524901450434,False,0.08514714897289122,1.8174340024046387e-06,False
4,0.4645208566282606,-0.07235187521659703,42,403,6.253101736972705,0.2677652073856076,-0.310919408097985,True,True,False,False,0.575,0.05,0.325,0.05,2,130,0.005,EX22T004,EX22T004,20260930_S011_EX22,artifacts/trials/T004,52fad00ae2d7f701ccb9011577c841b80e2b68d0e07ad32d50b1bedac0b92b00,120375.76269999999,98.0,96.0,-1.0,-1.0,0.04907188564245968,0.00015763571779546515,False,0.03766234755401321,-5.99338347173628e-07,False
5,0.4645208566282606,-0.07235187521659703,42,403,6.253101736972705,0.2677652073856076,-0.310919408097985,True,True,False,False,0.575,0.05,0.325,0.075,2,130,0.005,EX22T005,EX22T005,20260930_S011_EX22,artifacts/trials/T005,52fad00ae2d7f701ccb9011577c841b80e2b68d0e07ad32d50b1bedac0b92b00,120375.76269999999,98.0,96.0,-1.0,4.0,0.04907188564245968,0.00015763571779546515,False,0.03766234755401321,-5.99338347173628e-07,False
6,0.4645208566282606,-0.07235187521659703,42,403,6.253101736972705,0.2677652073856076,-0.310919408097985,True,True,False,False,0.575,0.05,0.325,0.1,2,130,0.005,EX22T006,EX22T006,20260930_S011_EX22,artifacts/trials/T006,52fad00ae2d7f701ccb9011577c841b80e2b68d0e07ad32d50b1bedac0b92b00,120375.76269999999,98.0,96.0,-1.0,4.0,0.04907188564245968,0.00015763571779546515,False,0.03766234755401321,-5.99338347173628e-07,False
7,0.4570257342759876,-0.0723511931275429,42,403,6.253101736972705,0.2677652073856076,-0.310919408097985,True,True,False,False,0.575,0.05,0.325,0.125,2,130,0.005,EX22T007,EX22T007,20260930_S011_EX22,artifacts/trials/T007,697c347edad0d0a2c59a7001d94fa341c8e26fe2b229079fcf70c8cb6e8a5b25,119433.04510000002,98.0,96.0,-1.0,-1.0,0.04157676329018667,0.00015831780684959218,False,0.0301672252017402,8.275070695340503e-08,False
8,0.4748650700761101,-0.061416229260751076,42,403,6.253101736972705,0.2677652073856076,-0.310919408097985,True,True,False,False,0.575,0.05,0.325,0.15,2,130,0.005,EX22T008,EX22T008,20260930_S011_EX22,artifacts/trials/T008,0618c6d8da8dd26d468d33fe5ea907f4ae565dc98c7094ce4bc6bb3165314720,118765.51060000001,98.0,96.0,-1.0,-1.0,0.059416099090309205,0.011093281673641417,False,0.048006561001862735,0.010935046617498778,False
9,0.444467222975063,-0.06141876624488618,42,403,6.253101736972705,0.2677652073856076,-0.310919408097985,True,True,False,False,0.575,0.05,0.325,0.175,2,130,0.005,EX22T009,EX22T009,20260930_S011_EX22,artifacts/trials/T009,6bbf3db7ad19e97f0074d80ce4b85cdc1cfff1be44b9609651519d26cff6cc36,115951.9727,98.0,96.0,-1.0,-1.0,0.02901825198926211,0.011090744689506313,False,0.017608713900815642,0.010932509633363674,False
10,0.444467222975063,-0.06141876624488618,42,403,6.253101736972705,0.2677652073856076,-0.310919408097985,True,True,False,False,0.575,0.05,0.325,0.2,2,130,0.005,EX22T010,EX22T010,20260930_S011_EX22,artifacts/trials/T010,6bbf3db7ad19e97f0074d80ce4b85cdc1cfff1be44b9609651519d26cff6cc36,115951.9727,98.0,96.0,-1.0,9.0,0.02901825198926211,0.011090744689506313,False,0.017608713900815642,0.010932509633363674,False
11,0.444467222975063,-0.06141876624488618,42,403,6.253101736972705,0.2677652073856076,-0.310919408097985,True,True,False,False,0.575,0.05,0.325,0.225,2,130,0.005,EX22T011,EX22T011,20260930_S011_EX22,artifacts/trials/T011,6bbf3db7ad19e97f0074d80ce4b85cdc1cfff1be44b9609651519d26cff6cc36,115951.9727,98.0,96.0,-1.0,9.0,0.02901825198926211,0.011090744689506313,False,0.017608713900815642,0.010932509633363674,False
12,0.444467222975063,-0.06141876624488618,42,403,6.253101736972705,0.2677652073856076,-0.310919408097985,True,True,False,False,0.575,0.05,0.325,0.25,2,130,0.005,EX22T012,EX22T012,20260930_S011_EX22,artifacts/trials/T012,6bbf3db7ad19e97f0074d80ce4b85cdc1cfff1be44b9609651519d26cff6cc36,115951.9727,98.0,96.0,-1.0,9.0,0.02901825198926211,0.011090744689506313,False,0.017608713900815642,0.010932509633363674,False
13,0.43710746150164215,-0.06141843247553891,42,403,6.253101736972705,0.2677652073856076,-0.310919408097985,True,True,False,False,0.575,0.05,0.325,0.275,2,130,0.005,EX22T013,EX22T013,20260930_S011_EX22,artifacts/trials/T013,f228f2dece748cd7afe174cdb699fe34767717fd111b8de0d05c780b5d4f4def,115907.27739999999,98.0,96.0,-1.0,-1.0,0.021658490515841233,0.011091078458853584,False,0.010248952427394764,0.010932843402710946,False
14,0.41862042360726104,-0.06141712789098819,42,403,6.253101736972705,0.2677652073856076,-0.310919408097985,True,True,False,False,0.575,0.05,0.325,0.3,2,130,0.005,EX22T014,EX22T014,20260930_S011_EX22,artifacts/trials/T014,7303f7f9064e040f3d81813dc1c27f668bc99c6b57a7b3fd63207c2f761306c9,115210.83730000001,98.0,96.0,-1.0,-1.0,0.0031714526214601246,0.011092383043404305,False,-0.008238085466986345,0.010934147987261666,False
15,0.410650083923912,-0.07235132473435757,40,403,5.955334987593052,0.2677652073856076,-0.310919408097985,True,True,True,True,0.575,0.05,0.335,0.0,2,130,0.005,EX22T015,EX22T015,20260930_S011_EX22,artifacts/trials/T015,80f8bbae1f9e5520eb7875fcb00649b2f0de3f90a4a287cbf56504d190fd5214,110257.75430000002,92.0,90.0,-1.0,-1.0,-0.004798887061888912,0.00015818620003492379,False,-0.01620842515033538,-4.8856107714989605e-08,False
16,0.38205268741928844,-0.0723522781360646,40,403,5.955334987593052,0.2677652073856076,-0.310919408097985,False,True,True,False,0.575,0.05,0.335,0.05,2,130,0.005,EX22T016,EX22T016,20260930_S011_EX22,artifacts/trials/T016,a45c9b2d891853c4b1107ecad1bb35b218f51d9554bf831030add48723cf2530,108207.7412,88.0,86.0,-1.0,-1.0,-0.033396283566512475,0.00015723279832789705,False,-0.044805821654958944,-1.002257814741725e-06,False
17,0.38205268741928844,-0.0723522781360646,40,403,5.955334987593052,0.2677652073856076,-0.310919408097985,False,True,True,False,0.575,0.05,0.335,0.075,2,130,0.005,EX22T017,EX22T017,20260930_S011_EX22,artifacts/trials/T017,a45c9b2d891853c4b1107ecad1bb35b218f51d9554bf831030add48723cf2530,108207.7412,88.0,86.0,-1.0,16.0,-0.033396283566512475,0.00015723279832789705,False,-0.044805821654958944,-1.002257814741725e-06,False
18,0.38205268741928844,-0.0723522781360646,40,403,5.955334987593052,0.2677652073856076,-0.310919408097985,False,True,True,False,0.575,0.05,0.335,0.1,2,130,0.005,EX22T018,EX22T018,20260930_S011_EX22,artifacts/trials/T018,a45c9b2d891853c4b1107ecad1bb35b218f51d9554bf831030add48723cf2530,108207.7412,88.0,86.0,-1.0,16.0,-0.033396283566512475,0.00015723279832789705,False,-0.044805821654958944,-1.002257814741725e-06,False
19,0.37496747272939235,-0.07235114825268252,40,403,5.955334987593052,0.2677652073856076,-0.310919408097985,False,True,True,False,0.575,0.05,0.335,0.125,2,130,0.005,EX22T019,EX22T019,20260930_S011_EX22,artifacts/trials/T019,06f25de68111af1f578ca4229df6d13e3569b3a2a258a9c31f236b7db80968bb,107363.4048,88.0,86.0,-1.0,-1.0,-0.040481498256408566,0.00015836268170997536,False,-0.051891036344855035,1.276255673365867e-07,False
20,0.39180076215527926,-0.06141833490918858,40,403,5.955334987593052,0.2677652073856076,-0.310919408097985,False,True,True,False,0.575,0.05,0.335,0.15,2,130,0.005,EX22T020,EX22T020,20260930_S011_EX22,artifacts/trials/T020,6bfe1b1cfbded839c298a41310d74d8bf5348136a4190c6572ca7038f4c92fce,106787.3926,88.0,86.0,-1.0,-1.0,-0.023648208830521655,0.011091176025203917,False,-0.035057746918968125,0.010932940969061278,False
21,0.36312006093855276,-0.06141712117254028,40,403,5.955334987593052,0.2677652073856076,-0.310919408097985,False,True,True,False,0.575,0.05,0.335,0.175,2,130,0.005,EX22T021,EX22T021,20260930_S011_EX22,artifacts/trials/T021,4f1bedd0c0c961994bab189994735e7ed8470028fcb244162349a1a9eb2fdd4a,104283.19600000001,86.0,84.0,-1.0,-1.0,-0.052328910047248156,0.011092389761852214,False,-0.06373844813569463,0.010934154705709576,False
22,0.36312006093855276,-0.06141712117254028,40,403,5.955334987593052,0.2677652073856076,-0.310919408097985,False,True,True,False,0.575,0.05,0.335,0.2,2,130,0.005,EX22T022,EX22T022,20260930_S011_EX22,artifacts/trials/T022,4f1bedd0c0c961994bab189994735e7ed8470028fcb244162349a1a9eb2fdd4a,104283.19600000001,86.0,84.0,-1.0,21.0,-0.052328910047248156,0.011092389761852214,False,-0.06373844813569463,0.010934154705709576,False
23,0.36312006093855276,-0.06141712117254028,40,403,5.955334987593052,0.2677652073856076,-0.310919408097985,False,True,True,False,0.575,0.05,0.335,0.225,2,130,0.005,EX22T023,EX22T023,20260930_S011_EX22,artifacts/trials/T023,4f1bedd0c0c961994bab189994735e7ed8470028fcb244162349a1a9eb2fdd4a,104283.19600000001,86.0,84.0,-1.0,21.0,-0.052328910047248156,0.011092389761852214,False,-0.06373844813569463,0.010934154705709576,False
24,0.36312006093855276,-0.06141712117254028,40,403,5.955334987593052,0.2677652073856076,-0.310919408097985,False,True,True,False,0.575,0.05,0.335,0.25,2,130,0.005,EX22T024,EX22T024,20260930_S011_EX22,artifacts/trials/T024,4f1bedd0c0c961994bab189994735e7ed8470028fcb244162349a1a9eb2fdd4a,104283.19600000001,86.0,84.0,-1.0,21.0,-0.052328910047248156,0.011092389761852214,False,-0.06373844813569463,0.010934154705709576,False
25,0.3561652961544244,-0.06141780820274956,40,403,5.955334987593052,0.2677652073856076,-0.310919408097985,False,True,True,False,0.575,0.05,0.335,0.275,2,130,0.005,EX22T025,EX22T025,20260930_S011_EX22,artifacts/trials/T025,3b7710ceafca700c800ecbc7ae35f2c3c3d0090e09e79619b36ff34dd4b01336,104235.7318,86.0,84.0,-1.0,-1.0,-0.05928367483137653,0.011091702731642936,False,-0.070693212919823,0.010933467675500297,False
26,0.3387188730202142,-0.06141571215127317,40,403,5.955334987593052,0.2677652073856076,-0.310919408097985,False,True,True,False,0.575,0.05,0.335,0.3,2,130,0.005,EX22T026,EX22T026,20260930_S011_EX22,artifacts/trials/T026,6ee6ee7eaaecbb69c824ee9a1575fee589ff79d40874a9fb125df78fe76cff0a,103601.2651,84.0,82.0,-1.0,-1.0,-0.07673009796558672,0.011093798783119321,False,-0.08813963605403319,0.010935563726976683,False
27,0.3387188730202142,-0.06141571215127317,40,403,5.955334987593052,0.2677652073856076,-0.310919408097985,False,True,True,False,0.575,0.05,0.335,0.325,2,130,0.005,EX22T027,EX22T027,20260930_S011_EX22,artifacts/trials/T027,6ee6ee7eaaecbb69c824ee9a1575fee589ff79d40874a9fb125df78fe76cff0a,103601.2651,84.0,82.0,-1.0,26.0,-0.07673009796558672,0.011093798783119321,False,-0.08813963605403319,0.010935563726976683,False
28,0.3742462816211338,-0.07262582541635254,35,403,5.2109181141439205,0.2677652073856076,-0.310919408097985,False,True,True,False,0.575,0.05,0.345,0.0,2,130,0.005,EX22T028,EX22T028,20260930_S011_EX22,artifacts/trials/T028,2022596f95f08fc95095a88159679be6c1dd5b896a6f08217bbd2823ff7353d8,94806.577,78.0,76.0,-1.0,-1.0,-0.04120268936466709,-0.00011631448196004757,False,-0.05261222745311356,-0.00027454953810268634,False
29,0.390021112927186,-0.07262775216541206,35,403,5.2109181141439205,0.2677652073856076,-0.310919408097985,False,True,True,False,0.575,0.05,0.345,0.025,2,130,0.005,EX22T029,EX22T029,20260930_S011_EX22,artifacts/trials/T029,77be89ef0879b489d61aa43f6c402f9cb37c66a2c0b7c6ac236f9409a63a0a12,96028.69769999999,78.0,76.0,-1.0,-1.0,-0.025427858058614916,-0.00011824123101956963,False,-0.036837396147061385,-0.0002764762871622084,False
30,0.34638178304598544,-0.07262970691126647,35,403,5.2109181141439205,0.2677652073856076,-0.310919408097985,False,True,True,False,0.575,0.05,0.345,0.05,2,130,0.005,EX22T030,EX22T030,20260930_S011_EX22,artifacts/trials/T030,d2d6a6d41aa4a5fa51e09d58c6a352fd7aca1bb3a593b948516a6bf3429ddcdd,93119.5116,76.0,74.0,-1.0,-1.0,-0.06906718793981548,-0.0001201959768739741,False,-0.08047672602826195,-0.00027843103301661287,False
31,0.34638178304598544,-0.07262970691126647,35,403,5.2109181141439205,0.2677652073856076,-0.310919408097985,False,True,True,False,0.575,0.05,0.345,0.075,2,130,0.005,EX22T031,EX22T031,20260930_S011_EX22,artifacts/trials/T031,d2d6a6d41aa4a5fa51e09d58c6a352fd7aca1bb3a593b948516a6bf3429ddcdd,93119.5116,76.0,74.0,-1.0,30.0,-0.06906718793981548,-0.0001201959768739741,False,-0.08047672602826195,-0.00027843103301661287,False
32,0.34638178304598544,-0.07262970691126647,35,403,5.2109181141439205,0.2677652073856076,-0.310919408097985,False,True,True,False,0.575,0.05,0.345,0.1,2,130,0.005,EX22T032,EX22T032,20260930_S011_EX22,artifacts/trials/T032,d2d6a6d41aa4a5fa51e09d58c6a352fd7aca1bb3a593b948516a6bf3429ddcdd,93119.5116,76.0,74.0,-1.0,30.0,-0.06906718793981548,-0.0001201959768739741,False,-0.08047672602826195,-0.00027843103301661287,False
33,0.3394938933108391,-0.07262571697472375,35,403,5.2109181141439205,0.2677652073856076,-0.310919408097985,False,True,True,False,0.575,0.05,0.345,0.125,2,130,0.005,EX22T033,EX22T033,20260930_S011_EX22,artifacts/trials/T033,cffdeb50e308b187064913e4e85dedc865db52f74ffcca107bc9124db9fd0a95,92382.65849999998,76.0,74.0,-1.0,-1.0,-0.07595507767496179,-0.00011620604033125981,False,-0.08736461576340826,-0.0002744410964738986,False
34,0.36652769543843733,-0.06169713211380934,35,403,5.2109181141439205,0.2677652073856076,-0.310919408097985,False,True,True,False,0.575,0.05,0.345,0.15,2,130,0.005,EX22T034,EX22T034,20260930_S011_EX22,artifacts/trials/T034,0436c3f5758e52653f3c3e6d6fb1d91ca2cc2f0e606c0f5e0461f4b98115bf6f,92862.466,76.0,74.0,-1.0,-1.0,-0.048921275547363585,0.010812378820583154,False,-0.060330813635810054,0.010654143764440516,False
35,0.33836032341096534,-0.061694641996071775,35,403,5.2109181141439205,0.2677652073856076,-0.310919408097985,False,True,True,False,0.575,0.05,0.345,0.175,2,130,0.005,EX22T035,EX22T035,20260930_S011_EX22,artifacts/trials/T035,d9c88e869c01e5d457300cc0550545da503be99f523aef8d9f493ee73ca84980,90685.2256,76.0,74.0,-1.0,-1.0,-0.07708864757483558,0.010814868938320718,False,-0.08849818566328205,0.01065663388217808,False
36,0.33836032341096534,-0.061694641996071775,35,403,5.2109181141439205,0.2677652073856076,-0.310919408097985,False,True,True,False,0.575,0.05,0.345,0.2,2,130,0.005,EX22T036,EX22T036,20260930_S011_EX22,artifacts/trials/T036,d9c88e869c01e5d457300cc0550545da503be99f523aef8d9f493ee73ca84980,90685.2256,76.0,74.0,-1.0,35.0,-0.07708864757483558,0.010814868938320718,False,-0.08849818566328205,0.01065663388217808,False
37,0.33836032341096534,-0.061694641996071775,35,403,5.2109181141439205,0.2677652073856076,-0.310919408097985,False,True,True,False,0.575,0.05,0.345,0.225,2,130,0.005,EX22T037,EX22T037,20260930_S011_EX22,artifacts/trials/T037,d9c88e869c01e5d457300cc0550545da503be99f523aef8d9f493ee73ca84980,90685.2256,76.0,74.0,-1.0,35.0,-0.07708864757483558,0.010814868938320718,False,-0.08849818566328205,0.01065663388217808,False
38,0.33836032341096534,-0.061694641996071775,35,403,5.2109181141439205,0.2677652073856076,-0.310919408097985,False,True,True,False,0.575,0.05,0.345,0.25,2,130,0.005,EX22T038,EX22T038,20260930_S011_EX22,artifacts/trials/T038,d9c88e869c01e5d457300cc0550545da503be99f523aef8d9f493ee73ca84980,90685.2256,76.0,74.0,-1.0,35.0,-0.07708864757483558,0.010814868938320718,False,-0.08849818566328205,0.01065663388217808,False
39,0.3315353950411333,-0.06169645216583641,35,403,5.2109181141439205,0.2677652073856076,-0.310919408097985,False,True,True,False,0.575,0.05,0.345,0.275,2,130,0.005,EX22T039,EX22T039,20260930_S011_EX22,artifacts/trials/T039,d19fd1b941204d0f5855585711adb856bc2de34b57f7b95b40ad245ee02f5400,90682.14050000001,76.0,74.0,-1.0,-1.0,-0.08391357594466764,0.01081305876855608,False,-0.09532311403311411,0.010654823712413442,False
40,0.3315353950411333,-0.06169645216583641,35,403,5.2109181141439205,0.2677652073856076,-0.310919408097985,False,True,True,False,0.575,0.05,0.345,0.3,2,130,0.005,EX22T040,EX22T040,20260930_S011_EX22,artifacts/trials/T040,d19fd1b941204d0f5855585711adb856bc2de34b57f7b95b40ad245ee02f5400,90682.14050000001,76.0,74.0,-1.0,39.0,-0.08391357594466764,0.01081305876855608,False,-0.09532311403311411,0.010654823712413442,False
41,0.3315353950411333,-0.06169645216583641,35,403,5.2109181141439205,0.2677652073856076,-0.310919408097985,False,True,True,False,0.575,0.05,0.345,0.325,2,130,0.005,EX22T041,EX22T041,20260930_S011_EX22,artifacts/trials/T041,d19fd1b941204d0f5855585711adb856bc2de34b57f7b95b40ad245ee02f5400,90682.14050000001,76.0,74.0,-1.0,39.0,-0.08391357594466764,0.01081305876855608,False,-0.09532311403311411,0.010654823712413442,False
2,0.47334286375491197,-0.07256534108773505,39,403,5.806451612903226,0.2677652073856076,-0.310919408097985,True,True,True,True,0.575,0.05,0.325,0.025,2,130,0.002,EX24T002,EX24T002,20260930_S011_EX24,artifacts/trials/T002,bda5103bde499b8010829c486aea95b1a6c31f76c9d56e3e32b5113f58a52263,112221.18569999999,98.0,92.0,-1.0,-1.0,0.057893892769111055,-5.58301533425537e-05,False,0.046484354680664586,-0.00021406520948519248,False
3,0.49806063332693906,-0.07250640712455592,40,403,5.955334987593052,0.2677652073856076,-0.310919408097985,True,True,True,True,0.575,0.05,0.325,0.025,2,130,0.003,EX24T003,EX24T003,20260930_S011_EX24,artifacts/trials/T003,959072da1cd5c2d82130d62e2eace9d0028ac3600b0a4da8a6774e83f0082fa9,116695.05040000001,100.0,96.0,-1.0,-1.0,0.08261166234113815,3.1038098365770983e-06,True,0.07120212425269168,-0.00015513124630606168,False
4,0.49713716005906283,-0.07242727076586164,41,403,6.104218362282879,0.2677652073856076,-0.310919408097985,True,True,False,False,0.575,0.05,0.325,0.025,2,130,0.004,EX24T004,EX24T004,20260930_S011_EX24,artifacts/trials/T004,5bbed6bee08cd0a24991e1b06ee22247a52c8ba2335171a3604577b52f9c3e4e,120091.8156,101.0,98.0,-1.0,-1.0,0.08168818907326192,8.224016853085325e-05,False,0.07027865098481545,-7.599488761178552e-05,False
6,0.42116155736689453,-0.06159849060257927,39,403,5.806451612903226,0.2677652073856076,-0.310919408097985,True,True,True,True,0.575,0.05,0.325,0.175,2,130,0.002,EX24T006,EX24T006,20260930_S011_EX24,artifacts/trials/T006,537fcbb1190816469b25cbbc353379b733a2225f4d9f9e4423f6072a0dbb71a1,105887.8699,95.0,90.0,-1.0,-1.0,0.005712586381093621,0.010911020331813223,True,-0.005696951707352849,0.010752785275670584,False
7,0.4310672583807367,-0.06154830526516941,40,403,5.955334987593052,0.2677652073856076,-0.310919408097985,True,True,True,True,0.575,0.05,0.325,0.175,2,130,0.003,EX24T007,EX24T007,20260930_S011_EX24,artifacts/trials/T007,7ca416c04d42bf43a8b25098e9b608cc6f469117e6a9ac68ca5c89a831a2e926,109054.71479999999,96.0,92.0,-1.0,-1.0,0.01561828739493576,0.010961205669223081,True,0.00420874930648929,0.010802970613080443,True
8,0.4302254441875406,-0.06147773677965607,41,403,6.104218362282879,0.2677652073856076,-0.310919408097985,True,True,False,False,0.575,0.05,0.325,0.175,2,130,0.004,EX24T008,EX24T008,20260930_S011_EX24,artifacts/trials/T008,c2b74e2a193ddc7fd92a4d2e16f7285565ba1e7a47e5fbc707c0fb2faaac92da,112108.37819999999,97.0,94.0,-1.0,-1.0,0.014776473201739693,0.011031774154736426,False,0.0033669351132932235,0.010873539098593787,False
10,0.47334286375491197,-0.07256534108773505,39,403,5.806451612903226,0.2677652073856076,-0.310919408097985,True,True,True,True,0.575,0.05,0.33,0.025,2,130,0.002,EX24T010,EX24T010,20260930_S011_EX24,artifacts/trials/T010,bda5103bde499b8010829c486aea95b1a6c31f76c9d56e3e32b5113f58a52263,112221.18569999999,98.0,92.0,-1.0,2.0,0.057893892769111055,-5.58301533425537e-05,False,0.046484354680664586,-0.00021406520948519248,False
11,0.49806063332693906,-0.07250640712455592,40,403,5.955334987593052,0.2677652073856076,-0.310919408097985,True,True,True,True,0.575,0.05,0.33,0.025,2,130,0.003,EX24T011,EX24T011,20260930_S011_EX24,artifacts/trials/T011,959072da1cd5c2d82130d62e2eace9d0028ac3600b0a4da8a6774e83f0082fa9,116695.05040000001,100.0,96.0,-1.0,3.0,0.08261166234113815,3.1038098365770983e-06,True,0.07120212425269168,-0.00015513124630606168,False
12,0.49713716005906283,-0.07242727076586164,41,403,6.104218362282879,0.2677652073856076,-0.310919408097985,True,True,False,False,0.575,0.05,0.33,0.025,2,130,0.004,EX24T012,EX24T012,20260930_S011_EX24,artifacts/trials/T012,5bbed6bee08cd0a24991e1b06ee22247a52c8ba2335171a3604577b52f9c3e4e,120091.8156,101.0,98.0,-1.0,4.0,0.08168818907326192,8.224016853085325e-05,False,0.07027865098481545,-7.599488761178552e-05,False
13,0.5120056580471386,-0.07234945844424745,42,403,6.253101736972705,0.2677652073856076,-0.310919408097985,True,True,False,False,0.575,0.05,0.33,0.025,2,130,0.005,EX24T013,EX24T013,20260930_S011_EX24,artifacts/trials/T013,0a188494c5c704ae3c3c835306a3da48eb0b80d39889441e6ef52b063a7591dc,124273.28919999998,102.0,100.0,-1.0,5.0,0.09655668706133769,0.0001600524901450434,False,0.08514714897289122,1.8174340024046387e-06,False
14,0.42116155736689453,-0.06159849060257927,39,403,5.806451612903226,0.2677652073856076,-0.310919408097985,True,True,True,True,0.575,0.05,0.33,0.175,2,130,0.002,EX24T014,EX24T014,20260930_S011_EX24,artifacts/trials/T014,537fcbb1190816469b25cbbc353379b733a2225f4d9f9e4423f6072a0dbb71a1,105887.8699,95.0,90.0,-1.0,6.0,0.005712586381093621,0.010911020331813223,True,-0.005696951707352849,0.010752785275670584,False
15,0.4310672583807367,-0.06154830526516941,40,403,5.955334987593052,0.2677652073856076,-0.310919408097985,True,True,True,True,0.575,0.05,0.33,0.175,2,130,0.003,EX24T015,EX24T015,20260930_S011_EX24,artifacts/trials/T015,7ca416c04d42bf43a8b25098e9b608cc6f469117e6a9ac68ca5c89a831a2e926,109054.71479999999,96.0,92.0,-1.0,7.0,0.01561828739493576,0.010961205669223081,True,0.00420874930648929,0.010802970613080443,True
16,0.4302254441875406,-0.06147773677965607,41,403,6.104218362282879,0.2677652073856076,-0.310919408097985,True,True,False,False,0.575,0.05,0.33,0.175,2,130,0.004,EX24T016,EX24T016,20260930_S011_EX24,artifacts/trials/T016,c2b74e2a193ddc7fd92a4d2e16f7285565ba1e7a47e5fbc707c0fb2faaac92da,112108.37819999999,97.0,94.0,-1.0,8.0,0.014776473201739693,0.011031774154736426,False,0.0033669351132932235,0.010873539098593787,False
17,0.444467222975063,-0.06141876624488618,42,403,6.253101736972705,0.2677652073856076,-0.310919408097985,True,True,False,False,0.575,0.05,0.33,0.175,2,130,0.005,EX24T017,EX24T017,20260930_S011_EX24,artifacts/trials/T017,6bbf3db7ad19e97f0074d80ce4b85cdc1cfff1be44b9609651519d26cff6cc36,115951.9727,98.0,96.0,-1.0,9.0,0.02901825198926211,0.011090744689506313,False,0.017608713900815642,0.010932509633363674,False
18,0.3901454179654078,-0.07256399497663801,37,403,5.508684863523573,0.2677652073856076,-0.310919408097985,False,True,True,False,0.575,0.05,0.335,0.025,2,130,0.002,EX24T018,EX24T018,20260930_S011_EX24,artifacts/trials/T018,e1fc7042d5af6d945d8444423c19b40ede762a1e6340c2a710c422566ff07449,100627.1367,88.0,82.0,-1.0,-1.0,-0.02530355302039311,-5.448404224552006e-05,False,-0.03671309110883958,-0.00021271909838815883,False
19,0.4135720019998106,-0.07250805477753697,38,403,5.6575682382134,0.2677652073856076,-0.310919408097985,True,True,True,True,0.575,0.05,0.335,0.025,2,130,0.003,EX24T019,EX24T019,20260930_S011_EX24,artifacts/trials/T019,6a04113b9a1a67d8dc148be4c494a93a36c1468b2d0c2b7da2e10911f16f670b,104750.4317,94.0,90.0,-1.0,-1.0,-0.0018769689859903238,1.45615685552547e-06,False,-0.013286507074436793,-0.0001567788992871133,False
20,0.41278193526677076,-0.07242301248271366,39,403,5.806451612903226,0.2677652073856076,-0.310919408097985,True,True,True,True,0.575,0.05,0.335,0.025,2,130,0.004,EX24T020,EX24T020,20260930_S011_EX24,artifacts/trials/T020,6b3babf53ef148d6750ed361ab37f947a50c7c5d9bbffb0b1af463a763b0d109,107862.9468,95.0,92.0,-1.0,-1.0,-0.002667035719030153,8.649845167883752e-05,False,-0.014076573807476622,-7.173660446380126e-05,False
21,0.3409089317790688,-0.061598313978103,37,403,5.508684863523573,0.2677652073856076,-0.310919408097985,False,True,True,False,0.575,0.05,0.335,0.175,2,130,0.002,EX24T021,EX24T021,20260930_S011_EX24,artifacts/trials/T021,99ca1f1bc9dcbd1284184fe6015091c093309b1720b03966d72d581110597ee0,95003.50250000002,83.0,78.0,-1.0,-1.0,-0.07454003920673213,0.01091119695628949,False,-0.0859495772951786,0.010752961900146851,False
22,0.3503492846246503,-0.06154815290624427,38,403,5.6575682382134,0.2677652073856076,-0.310919408097985,False,True,True,False,0.575,0.05,0.335,0.175,2,130,0.003,EX24T022,EX24T022,20260930_S011_EX24,artifacts/trials/T022,7e4df60e5eafc22b74884b30150c7378e00ee3751f9756f88d8adf71ff56662b,97967.38680000001,84.0,80.0,-1.0,-1.0,-0.0650996863611506,0.010961358028148224,False,-0.07650922444959707,0.010803122972005585,False
23,0.34963309048385915,-0.061476445755708986,39,403,5.806451612903226,0.2677652073856076,-0.310919408097985,False,True,True,False,0.575,0.05,0.335,0.175,2,130,0.004,EX24T023,EX24T023,20260930_S011_EX24,artifacts/trials/T023,3478fad5f39f4b63e83b3f9140d7f8b6c688b5aca1b780d6e81606ca0af9a6dc,100767.46449999999,85.0,82.0,-1.0,-1.0,-0.06581588050194176,0.011033065178683507,False,-0.07722541859038823,0.010874830122540868,False
2,0.47908090037030293,-0.07252489466125844,41,403,6.104218362282879,0.2677652073856076,-0.310919408097985,True,True,False,False,0.575,0.05,0.315,0.025,2,130,0.0025,EX25T002,EX25T002,20260930_S011_EX25,artifacts/trials/T002,4423b983d1110c10246bdb22f549ffb05150c32a0a0a26a86bb880179a86a9da,117112.00570000001,104.0,98.0,-1.0,-1.0,0.06363192938450202,-1.538372686595013e-05,False,0.05222239129605555,-0.0001736187830085889,False
3,0.5073337224129144,-0.07250880604764365,42,403,6.253101736972705,0.2677652073856076,-0.310919408097985,True,True,False,False,0.575,0.05,0.315,0.025,2,130,0.003,EX25T003,EX25T003,20260930_S011_EX25,artifacts/trials/T003,5ef97ef904924f4c644aa58edd6065bff68eafd4474739df55f0266713faee27,121910.3648,105.0,100.0,-1.0,-1.0,0.0918847514271135,7.048867488451682e-07,False,0.08047521333866703,-0.0001575301693937936,False
4,0.4466224377120376,-0.07252449034435149,41,403,6.104218362282879,0.2677652073856076,-0.310919408097985,True,True,False,False,0.575,0.05,0.315,0.1,2,130,0.0025,EX25T004,EX25T004,20260930_S011_EX25,artifacts/trials/T004,6562ed7b16378942d3821c01cc3b5c5ab4bc72156317c228faa0929b16301dce,114632.4692,101.0,96.0,-1.0,-1.0,0.031173466726236665,-1.4979409958995604e-05,False,0.019763928637790196,-0.00017321446610163438,False
5,0.45993507619863117,-0.07251003011269308,42,403,6.253101736972705,0.2677652073856076,-0.310919408097985,True,True,False,False,0.575,0.05,0.315,0.1,2,130,0.003,EX25T005,EX25T005,20260930_S011_EX25,artifacts/trials/T005,ab5d80ef85071912da1ce3a2e86971680dbce10d54e63b639dcd4ccbd9a32654,118264.40930000003,102.0,98.0,-1.0,-1.0,0.04448610521283025,-5.191783005870088e-07,False,0.03307656712438378,-0.00015875423444322578,False
6,0.42673723752327875,-0.061559422150944565,41,403,6.104218362282879,0.2677652073856076,-0.310919408097985,True,True,False,False,0.575,0.05,0.315,0.175,2,130,0.0025,EX25T006,EX25T006,20260930_S011_EX25,artifacts/trials/T006,542df1db685405a09cc2f037ad6c3a539fb3f8f4cecbd1760c6ad60aa818b23e,110664.5813,101.0,96.0,-1.0,-1.0,0.011288266537477831,0.010950088783447928,False,-0.00012127155096863795,0.01079185372730529,False
7,0.43990553974790836,-0.06155020346664131,42,403,6.253101736972705,0.2677652073856076,-0.310919408097985,True,True,False,False,0.575,0.05,0.315,0.175,2,130,0.003,EX25T007,EX25T007,20260930_S011_EX25,artifacts/trials/T007,62412976c873107ca4a28737d392b69d3e64d9250f417ee1d75a187008f95b73,114116.79030000001,102.0,98.0,-1.0,-1.0,0.024456568762107445,0.010959307467751186,False,0.013047030673660975,0.010801072411608548,False
8,0.4738866228995984,-0.07252300637048703,40,403,5.955334987593052,0.2677652073856076,-0.310919408097985,True,True,True,True,0.575,0.05,0.32,0.025,2,130,0.0025,EX25T008,EX25T008,20260930_S011_EX25,artifacts/trials/T008,3b44543a2f5a9ef5068b9e9349b3305f2bb14da2a2ee99b02eabe01a177ddeae,114422.18269999999,100.0,94.0,-1.0,-1.0,0.05843765191379746,-1.3495436094537738e-05,False,0.04702811382535099,-0.0001717304922371765,False
9,0.5015272641767701,-0.07250545354023707,41,403,6.104218362282879,0.2677652073856076,-0.310919408097985,True,True,False,False,0.575,0.05,0.32,0.025,2,130,0.003,EX25T009,EX25T009,20260930_S011_EX25,artifacts/trials/T009,98a3c6c9b2572bdf7cfe0a7d112fdf9e167e03d75ce399ce5ecf37198f536f67,119166.1352,102.0,98.0,-1.0,-1.0,0.08607829319096916,4.057394155418392e-06,False,0.07466875510252269,-0.00015417766198722038,False
10,0.44152453663146796,-0.0725228591285898,40,403,5.955334987593052,0.2677652073856076,-0.310919408097985,True,True,True,True,0.575,0.05,0.32,0.1,2,130,0.0025,EX25T010,EX25T010,20260930_S011_EX25,artifacts/trials/T010,f29296d1498c2d44b68229c67dc22e9fa40c7988b6a653fcdd0b01c04ca7ec49,111952.1492,99.0,94.0,-1.0,-1.0,0.026075565645667043,-1.3348194197307373e-05,False,0.014666027557220573,-0.00017158325033994615,False
11,0.4543237729331169,-0.07250579363507359,41,403,6.104218362282879,0.2677652073856076,-0.310919408097985,True,True,False,False,0.575,0.05,0.32,0.1,2,130,0.003,EX25T011,EX25T011,20260930_S011_EX25,artifacts/trials/T011,30c34a5f5d3392ee218522280e2b4c4fc833913c9ce58602765eaea4b1b3e83f,115540.83550000002,100.0,96.0,-1.0,-1.0,0.03887480194731596,3.7172993189033e-06,False,0.027465263858869493,-0.00015451775682373547,False
12,0.42172043923695357,-0.06155922629808752,40,403,5.955334987593052,0.2677652073856076,-0.310919408097985,True,True,True,True,0.575,0.05,0.32,0.175,2,130,0.0025,EX25T012,EX25T012,20260930_S011_EX25,artifacts/trials/T012,1f1d1a8b9ef894a50ed0c783236a62928c6e0c90a6c45bf22ed0f6d014258795,108025.4505,97.0,92.0,-1.0,-1.0,0.0062714682511526565,0.010950284636304972,True,-0.005138069837293813,0.010792049580162333,False
13,0.4343668884824916,-0.06154820340543088,41,403,6.104218362282879,0.2677652073856076,-0.310919408097985,True,True,False,False,0.575,0.05,0.32,0.175,2,130,0.003,EX25T013,EX25T013,20260930_S011_EX25,artifacts/trials/T013,45f66c808bf7b40d1654be489b50745fad072d078a37262c536b69492e7626ed,111434.3263,98.0,94.0,-1.0,-1.0,0.018917917496690695,0.010961307528961614,False,0.007508379408244226,0.010803072472818975,False
14,0.47047882514523165,-0.07252440152534889,39,403,5.806451612903226,0.2677652073856076,-0.310919408097985,True,True,True,True,0.575,0.05,0.325,0.025,2,130,0.0025,EX25T014,EX25T014,20260930_S011_EX25,artifacts/trials/T014,814f6379be0252ece1d394351de89fb40f5c4560d6c3872ef02592ed6813cd66,111964.8155,98.0,92.0,-1.0,-1.0,0.055029854159430736,-1.4890590956398442e-05,False,0.043620316070984266,-0.00017312564709903722,False
16,0.4381847802882093,-0.0725254111209741,39,403,5.806451612903226,0.2677652073856076,-0.310919408097985,True,True,True,True,0.575,0.05,0.325,0.1,2,130,0.0025,EX25T016,EX25T016,20260930_S011_EX25,artifacts/trials/T016,32f7e6ca965c4f1465230754e36aef72941f8317f21945465ae5970e4d4a0c8b,109527.2935,97.0,92.0,-1.0,-1.0,0.022735809302408372,-1.590018658161052e-05,False,0.011326271213961903,-0.0001741352427242493,False
17,0.4509653844642496,-0.07250646569812602,40,403,5.955334987593052,0.2677652073856076,-0.310919408097985,True,True,True,True,0.575,0.05,0.325,0.1,2,130,0.003,EX25T017,EX25T017,20260930_S011_EX25,artifacts/trials/T017,768e212f6d7b0cb84e768ff6b326da142d79b0f6e1f33d270749cda3b56ad103,113107.65289999999,98.0,94.0,-1.0,-1.0,0.035516413478448694,3.045236266471796e-06,True,0.024106875390002225,-0.00015518981987616698,False
18,0.4184385560487076,-0.06156253741816464,39,403,5.806451612903226,0.2677652073856076,-0.310919408097985,True,True,True,True,0.575,0.05,0.325,0.175,2,130,0.0025,EX25T018,EX25T018,20260930_S011_EX25,artifacts/trials/T018,cb9d58d096908122a0e01f227cce816923ccfb1897440037917fb12ff009cca7,105653.8637,95.0,90.0,-1.0,-1.0,0.0029895850629066967,0.01094697351622785,True,-0.008419953025539773,0.010788738460085212,False
20,0.47047882514523165,-0.07252440152534889,39,403,5.806451612903226,0.2677652073856076,-0.310919408097985,True,True,True,True,0.575,0.05,0.33,0.025,2,130,0.0025,EX25T020,EX25T020,20260930_S011_EX25,artifacts/trials/T020,814f6379be0252ece1d394351de89fb40f5c4560d6c3872ef02592ed6813cd66,111964.8155,98.0,92.0,-1.0,14.0,0.055029854159430736,-1.4890590956398442e-05,False,0.043620316070984266,-0.00017312564709903722,False
22,0.4381847802882093,-0.0725254111209741,39,403,5.806451612903226,0.2677652073856076,-0.310919408097985,True,True,True,True,0.575,0.05,0.33,0.1,2,130,0.0025,EX25T022,EX25T022,20260930_S011_EX25,artifacts/trials/T022,32f7e6ca965c4f1465230754e36aef72941f8317f21945465ae5970e4d4a0c8b,109527.2935,97.0,92.0,-1.0,16.0,0.022735809302408372,-1.590018658161052e-05,False,0.011326271213961903,-0.0001741352427242493,False
23,0.4509653844642496,-0.07250646569812602,40,403,5.955334987593052,0.2677652073856076,-0.310919408097985,True,True,True,True,0.575,0.05,0.33,0.1,2,130,0.003,EX25T023,EX25T023,20260930_S011_EX25,artifacts/trials/T023,768e212f6d7b0cb84e768ff6b326da142d79b0f6e1f33d270749cda3b56ad103,113107.65289999999,98.0,94.0,-1.0,17.0,0.035516413478448694,3.045236266471796e-06,True,0.024106875390002225,-0.00015518981987616698,False
24,0.4184385560487076,-0.06156253741816464,39,403,5.806451612903226,0.2677652073856076,-0.310919408097985,True,True,True,True,0.575,0.05,0.33,0.175,2,130,0.0025,EX25T024,EX25T024,20260930_S011_EX25,artifacts/trials/T024,cb9d58d096908122a0e01f227cce816923ccfb1897440037917fb12ff009cca7,105653.8637,95.0,90.0,-1.0,18.0,0.0029895850629066967,0.01094697351622785,True,-0.008419953025539773,0.010788738460085212,False
