Date,PeerFlow5,OwnFlow5,Forward5,ExitDate5,PeerFlow20,OwnFlow20,Forward20,ExitDate20,PeerFlow60,OwnFlow60,Forward60,ExitDate60,rate_us_real_10y_level,rate_us_real_10y_change_20d,currency_usdcnh_return_20d,price_return_20d
2013-07-29,,,-0.004559270517,2013-08-06,,,0.053191489362,2013-08-27,,,-0.005319148936,2013-10-31,,,,
2013-07-30,,,-0.030646992054,2013-08-07,,,0.063185773742,2013-08-28,,,-0.018161180477,2013-11-01,0.450000000000,,,
2013-07-31,,,-0.024500565398,2013-08-08,,,0.058424425179,2013-08-29,,,-0.018846588767,2013-11-04,0.460000000000,,,
2013-08-01,,,-0.001901140684,2013-08-09,,,0.057414448669,2013-08-30,,,-0.017110266160,2013-11-05,0.380000000000,,,
2013-08-02,,,0.013353681801,2013-08-12,,,0.056848531095,2013-09-02,,,-0.016024418161,2013-11-06,0.480000000000,,,
2013-08-05,,,0.016030534351,2013-08-13,,,0.057251908397,2013-09-03,,,-0.015267175573,2013-11-07,0.420000000000,,,
2013-08-06,-0.353048031631,-0.684479405079,0.030444964871,2013-08-14,,,0.089383294301,2013-09-04,,,0.007025761124,2013-11-08,0.420000000000,,,
2013-08-07,-0.224312860966,-0.557639663388,0.035548686244,2013-08-15,,,0.068392581144,2013-09-05,,,-0.020479134467,2013-11-11,0.390000000000,,,
2013-08-08,-0.082109020612,-0.399880475287,0.040000000000,2013-08-16,,,0.040000000000,2013-09-06,,,-0.037333333333,2013-11-12,0.350000000000,,,
2013-08-09,-0.061837546875,-0.286368843070,0.031626506024,2013-08-19,,,0.035768072289,2013-09-09,,,-0.057605421687,2013-11-13,0.340000000000,,,
2013-08-12,-0.078125113028,-0.241384010723,0.023666416228,2013-08-20,,,0.035311795642,2013-09-10,,,-0.058602554470,2013-11-14,0.330000000000,,,
2013-08-13,-0.027985118136,-0.213532382650,0.030303030303,2013-08-21,,,0.027272727273,2013-09-11,,,-0.045075757576,2013-11-15,0.370000000000,,,
2013-08-14,-0.079291168052,-0.219650087860,0.013805970149,2013-08-22,,,0.012686567164,2013-09-12,,,-0.056343283582,2013-11-18,0.480000000000,,,
2013-08-15,-0.084745895709,-0.109835393357,0.000366300366,2013-08-23,,,-0.027472527473,2013-09-13,,,-0.076923076923,2013-11-19,0.500000000000,,,
2013-08-16,-0.094162106344,-0.167201712146,0.010948905109,2013-08-26,,,-0.037956204380,2013-09-16,,,-0.087226277372,2013-11-20,0.600000000000,,,
2013-08-19,-0.094162106344,-0.153479875419,0.017247706422,2013-08-27,,,-0.040366972477,2013-09-17,,,-0.086972477064,2013-11-21,0.680000000000,,,
2013-08-20,-0.134357220661,-0.141656435924,0.033088235294,2013-08-28,,,-0.049632352941,2013-09-18,,,-0.094485294118,2013-11-22,0.750000000000,,,
2013-08-21,-0.086119699628,-0.110142941061,0.033492822967,2013-08-29,,,-0.036437246964,2013-09-23,,,-0.095693779904,2013-11-25,0.670000000000,,,
2013-08-22,-0.072016584391,-0.131613582522,0.018308311974,2013-08-30,,,-0.037715122666,2013-09-24,,,-0.103258879531,2013-11-26,0.730000000000,,,
2013-08-23,-0.062370170426,-0.058000499697,0.000000000000,2013-09-02,,,-0.053429602888,2013-09-25,,,-0.115523465704,2013-11-27,0.790000000000,,,
2013-08-26,-0.062370170426,-0.066331764956,-0.000721500722,2013-09-03,,,-0.049062049062,2013-09-26,,,-0.117604617605,2013-11-28,0.690000000000,,,0.055597867479
2013-08-27,0.000000000000,-0.036674368284,-0.006761565836,2013-09-04,-0.455643186123,-0.794816313458,-0.065836298932,2013-09-27,,,-0.131672597865,2013-11-29,0.640000000000,0.190000000000,-0.003496418005,0.050264550265
2013-08-28,-0.177383919778,0.018337184142,-0.015313390313,2013-09-05,-0.463097519413,-0.687192312458,-0.062321937322,2013-09-30,,,-0.129629629630,2013-12-02,0.570000000000,0.110000000000,-0.003299219399,0.063981934513
2013-08-29,-0.177383919778,0.113670809336,-0.018338727077,2013-09-06,-0.358686774253,-0.483372003094,-0.051420352391,2013-10-08,,,-0.129449838188,2013-12-03,0.630000000000,0.250000000000,-0.002511235332,0.057888762770
2013-08-30,-0.177383919778,0.184715065171,-0.006859205776,2013-09-09,-0.344523475447,-0.336748546943,-0.052346570397,2013-10-09,,,-0.129602888087,2013-12-04,0.650000000000,0.170000000000,-0.002381515332,0.081070597362
2013-09-02,-0.360311087049,0.307858441952,-0.005054151625,2013-09-10,-0.499132666569,-0.215825703705,-0.065703971119,2013-10-10,,,-0.122382671480,2013-12-05,0.680000000000,0.260000000000,-0.001452871462,0.052091254753
2013-09-03,-0.360311087049,0.399741120037,-0.028305266929,2013-09-11,-0.461754449245,-0.089745494157,-0.077749910426,2013-10-11,,,-0.134360444285,2013-12-06,0.680000000000,0.260000000000,-0.001298563413,0.065997684292
2013-09-04,-0.222372467144,0.369143227572,-0.018444846293,2013-09-12,-0.461754449245,-0.031833346067,-0.081374321881,2013-10-14,,,-0.123327305606,2013-12-09,0.760000000000,0.370000000000,-0.000746795479,0.082750582751
2013-09-05,-0.222372467144,0.463561513337,-0.027472527473,2013-09-13,-0.456686215766,0.259943764279,-0.070329670330,2013-10-15,,,-0.109890109890,2013-12-10,0.830000000000,0.480000000000,-0.000787845602,0.063805104408
2013-09-06,-0.222372467144,0.379793392395,-0.041802980734,2013-09-16,-0.456686215766,0.282385113846,-0.076699382043,2013-10-16,,,-0.105416212286,2013-12-11,0.920000000000,0.580000000000,0.000175826836,0.041666666667
2013-09-09,0.000000000000,0.249876872266,-0.051161103048,2013-09-17,-0.456686215766,0.291986104456,-0.074020319303,2013-10-17,,,-0.109579100145,2013-12-12,0.870000000000,0.540000000000,-0.001073653970,0.036479879654
2013-09-10,0.025996608887,0.183588544075,-0.046828908555,2013-09-18,-0.431862494982,0.369880693802,-0.044616519174,2013-10-18,,,-0.109513274336,2013-12-13,0.840000000000,0.470000000000,-0.001789028653,0.025046728972
2013-09-11,0.017331072591,0.170976142252,-0.035372144436,2013-09-23,-0.405269174720,0.452809868808,-0.042004421518,2013-10-21,,,-0.111274871039,2013-12-16,0.860000000000,0.380000000000,-0.001384986097,0.031060606061
2013-09-12,0.017331072591,0.063928214427,-0.010169491525,2013-09-24,-0.396091214148,0.505889707818,-0.024858757062,2013-10-22,,,-0.088888888889,2013-12-17,0.800000000000,0.300000000000,-0.000722966452,0.000746268657
2013-09-13,0.034662145182,0.168049696352,-0.005311077390,2013-09-25,-0.379418536761,0.798622265053,-0.004931714719,2013-10-23,,,-0.081942336874,2013-12-18,0.810000000000,0.210000000000,-0.000004092313,-0.033185840708
2013-09-16,0.017331072591,0.254971953085,0.008030592734,2013-09-26,-0.389813565166,0.915378356387,0.004206500956,2013-10-24,,,-0.077246653920,2013-12-19,0.800000000000,0.120000000000,0.000608875838,-0.038728534892
2013-09-17,-0.008445969724,0.261392099639,0.015473887814,2013-09-27,-0.349224592063,1.013129423846,0.015087040619,2013-10-25,,,-0.082785299807,2013-12-20,0.760000000000,0.010000000000,-0.001255603622,-0.035489833641
2013-09-18,-0.008517911749,0.247096614776,0.005729564553,2013-09-30,-0.354767839556,1.036050904023,0.006111535523,2013-10-28,,,-0.100458365164,2013-12-23,0.700000000000,0.030000000000,-0.000802938329,-0.049559471366
2013-09-23,-0.289608999458,0.232154172220,0.003805175038,2013-10-08,-0.537695006827,1.136708093362,0.001522070015,2013-10-29,,,-0.103120243531,2013-12-24,0.490000000000,-0.240000000000,-0.002258468850,-0.031319086220
2013-09-24,-0.510889198462,0.111624861089,0.001144164760,2013-10-09,-0.676276194154,1.122499242195,-0.000762776506,2013-10-30,,,-0.099542334096,2013-12-25,0.460000000000,-0.330000000000,-0.000400631199,-0.040614709111
2013-09-25,-0.519592616674,0.064644822873,-0.018209408194,2013-10-10,-0.687362689140,1.184070930585,-0.006828528073,2013-10-31,,,-0.098634294385,2013-12-26,0.480000000000,-0.210000000000,0.001061129051,-0.051587301587
2013-09-26,-0.519592616674,0.040989579538,-0.019428571429,2013-10-11,-0.687362689140,1.175429245822,-0.011428571429,2013-11-01,,,-0.093333333333,2013-12-27,0.450000000000,-0.190000000000,0.000744266693,-0.052896725441
2013-09-27,-0.515465393658,0.063043752364,-0.035320926700,2013-10-14,-0.619947484159,1.125436669428,-0.011393847322,2013-11-04,,,-0.087732624383,2013-12-30,0.470000000000,-0.100000000000,0.000448818724,-0.072515033605
2013-09-30,-0.335732756726,0.066498794155,-0.037907505686,2013-10-15,-0.626686043769,1.046203048449,-0.020090978014,2013-11-05,,,-0.103108415466,2013-12-31,0.460000000000,-0.170000000000,-0.000129147431,-0.052575107296
2013-10-08,-0.051370156222,0.024546119928,-0.032380952381,2013-10-16,-0.626686043769,0.835545463268,-0.017523809524,2013-11-06,,,-0.089904761905,2014-01-02,0.450000000000,-0.200000000000,-0.000187151288,-0.056332974525
2013-10-09,-0.017730601245,-0.006505672947,-0.013910355487,2013-10-17,-0.519932177736,0.659095518150,-0.003091190108,2013-11-07,,,-0.067619783617,2014-01-03,0.480000000000,-0.200000000000,-0.000580359332,-0.054933140585
2013-10-10,-0.035461202489,-0.013125196878,0.006604506605,2013-10-18,-0.528597714032,0.533766692958,0.002331002331,2013-11-08,,,-0.053224553225,2014-01-06,0.470000000000,-0.210000000000,-0.000236335089,-0.060463432295
2013-10-11,-0.035461202489,-0.044478709524,0.023622047244,2013-10-21,-0.528597714032,0.483336402136,-0.001968503937,2013-11-11,,,-0.043307086614,2014-01-07,0.500000000000,-0.260000000000,-0.001309912983,-0.078220308576
2013-10-14,-0.018050650124,-0.045725117223,0.020094562648,2013-10-22,-0.528597714032,0.334170211777,-0.004334121355,2013-11-12,,,-0.048463356974,2014-01-08,0.500000000000,-0.330000000000,-0.001086186618,-0.075608869502
2013-10-15,-0.054151950373,-0.013068023418,0.032677165354,2013-10-23,-0.545928786623,0.312920124241,-0.014566929134,2013-11-13,,,-0.051181102362,2014-01-09,0.500000000000,-0.420000000000,-0.002304970773,-0.070458715596
2013-10-16,-0.108303900745,-0.002182757958,0.028996865204,2013-10-24,-0.571925395510,0.324509758472,-0.018025078370,2013-11-14,,,-0.054075235110,2014-01-10,0.540000000000,-0.330000000000,-0.002601951341,-0.075108853411
2013-10-17,-0.073529862315,0.015516385303,0.012736395214,2013-10-25,-0.574325941233,0.315968472091,-0.027016595909,2013-11-15,,,-0.054033191818,2014-01-13,0.500000000000,-0.340000000000,-0.001698897968,-0.076951130562
2013-10-18,-0.073529862315,0.015516385303,0.013076923077,2013-10-28,-0.570700087167,0.286407439854,-0.027307692308,2013-11-18,,,-0.058076923077,2014-01-14,0.450000000000,-0.410000000000,-0.003295029064,-0.042983100661
2013-10-21,-0.073529862315,-0.008712015612,0.016608729239,2013-10-29,-0.570700087167,0.243079074442,-0.026651216686,2013-11-19,,,-0.057551178061,2014-01-15,0.420000000000,-0.380000000000,-0.003306445277,-0.027591349739
2013-10-22,0.000000000000,0.017654743830,-0.001143728555,2013-10-30,-0.561140595032,0.143872043181,-0.046511627907,2013-11-20,,,-0.072817384674,2014-01-16,0.440000000000,-0.370000000000,-0.003591428370,-0.010297482838
2013-10-23,0.060729154718,0.008750131252,-0.003046458492,2013-10-31,-0.553664263669,0.064644822873,-0.052551408987,2013-11-21,,,-0.073115003808,2014-01-17,0.370000000000,-0.430000000000,-0.004905665316,-0.002660585329
2013-10-24,0.039682802135,0.010913789792,-0.011051829268,2013-11-01,-0.553664263669,0.054652772717,-0.061356707317,2013-11-22,,,-0.071646341463,2014-01-20,0.360000000000,-0.400000000000,-0.003774001866,0.005749329245
2013-10-25,0.039682802135,0.024010337542,-0.011769172361,2013-11-04,-0.549829753235,0.056289064611,-0.067198177677,2013-11-25,,,-0.067577828398,2014-01-21,0.360000000000,-0.340000000000,-0.005553073339,0.011587485516
2013-10-28,0.039682802135,0.037351472966,-0.017857142857,2013-11-05,-0.371704123518,0.046549155909,-0.069528875380,2013-11-26,,,-0.073328267477,2014-01-22,0.340000000000,-0.150000000000,-0.005028360280,-0.001141118296
2013-10-29,0.000000000000,0.023854134138,-0.015648854962,2013-11-06,-0.102740312445,0.053555170752,-0.064885496183,2013-11-27,,,-0.073282442748,2014-01-23,0.350000000000,-0.110000000000,-0.006415122119,0.006483600305
2013-10-30,0.000000000000,-0.017348461191,-0.014514896868,2013-11-07,-0.070922404979,-0.017348461191,-0.065699006875,2013-11-28,,,-0.061115355233,2014-01-24,0.350000000000,-0.130000000000,-0.006109122411,0.000760745531
2013-10-31,0.000000000000,-0.028069508740,-0.005780346821,2013-11-08,-0.070922404979,-0.015312729691,-0.059730250482,2013-11-29,-0.841883767737,-0.560472437254,-0.048169556840,2014-01-27,0.370000000000,-0.080000000000,-0.005663661848,-0.007218844985
2013-11-01,0.000000000000,-0.044763139047,-0.026123703419,2013-11-11,-0.070922404979,-0.050832810885,-0.061083365348,2013-12-02,-0.810420658973,-0.368943413656,-0.051863234729,2014-01-28,0.400000000000,-0.070000000000,-0.004625089887,-0.007627765065
2013-11-04,0.000000000000,-0.050832810885,-0.022437137331,2013-11-12,-0.054151950373,-0.068587675834,-0.063442940039,2013-12-03,-0.773553404715,-0.015380018280,-0.051450676983,2014-01-29,0.500000000000,0.040000000000,-0.004864091559,-0.024537561344
2013-11-05,0.000000000000,-0.050832810885,-0.029468786351,2013-11-13,-0.054151950373,-0.023958042933,-0.065141527724,2013-12-04,-0.768552368304,0.188260998685,-0.044203179527,2014-01-30,0.500000000000,0.050000000000,-0.005002533963,-0.018250950570
2013-11-06,0.000000000000,-0.011034214894,-0.028682170543,2013-11-14,-0.054151950373,-0.021827579583,-0.057751937984,2013-12-05,-0.772570562168,0.272621941523,-0.046124031008,2014-02-07,0.550000000000,0.070000000000,-0.004220272028,-0.014149139579
2013-11-07,0.000000000000,-0.004443101640,-0.022868217054,2013-11-15,-0.036764931158,-0.006649879416,-0.063565891473,2013-12-06,-0.755598189674,0.386834026540,-0.034883720930,2014-02-10,0.480000000000,0.010000000000,-0.004765445368,-0.002312138728
2013-11-08,0.000000000000,0.000000000000,-0.002366863905,2013-11-18,-0.036764931158,-0.006649879416,-0.043786982249,2013-12-09,-0.755598189674,0.426566837293,-0.010650887574,2014-02-11,0.460000000000,-0.040000000000,-0.003536982757,0.001557026080
2013-11-11,0.000000000000,0.000000000000,-0.002770083102,2013-11-19,-0.036764931158,-0.023958042933,-0.038385437277,2013-12-10,-0.753296850748,0.640706461250,-0.003165809260,2014-02-12,0.590000000000,0.090000000000,-0.004174247399,-0.005505308691
2013-11-12,0.000000000000,0.006694396344,-0.000799041151,2013-11-20,0.000000000000,-0.004413685957,-0.016779864163,2013-12-11,-0.753296850748,0.676238035789,0.007990411506,2014-02-13,0.590000000000,0.090000000000,-0.003630582122,-0.006316620608
2013-11-13,0.000000000000,0.026777585376,-0.007182761373,2013-11-21,0.060729154718,0.006562598439,-0.020750199521,2013-12-12,-0.753296850748,0.722478437949,0.009976057462,2014-02-14,0.620000000000,0.080000000000,-0.003028630523,-0.018830914084
2013-11-14,0.000000000000,0.033471981720,-0.023006743356,2013-11-22,0.039682802135,0.010913789792,-0.042046806823,2013-12-13,-0.748561657968,0.822394308559,0.028163427211,2014-02-17,0.580000000000,0.080000000000,-0.003309262244,-0.005926511260
2013-11-15,0.000000000000,0.031240516272,-0.028469750890,2013-11-25,0.039682802135,0.008731031833,-0.046263345196,2013-12-16,-0.734550379180,0.885222896678,0.026492684856,2014-02-18,0.510000000000,0.060000000000,-0.002205863640,-0.030326295585
2013-11-18,0.000000000000,0.026777585376,-0.028174603175,2013-11-26,0.039682802135,0.010985727343,-0.040079365079,2013-12-17,-0.730453927390,0.892504606475,0.019047619048,2014-02-19,0.530000000000,0.110000000000,-0.002649004447,-0.031058282209
2013-11-19,0.000000000000,0.019949638247,-0.020391843263,2013-11-27,0.000000000000,-0.002168557649,-0.032387045182,2013-12-18,-0.727651988309,1.052932148339,0.024790083966,2014-02-20,0.480000000000,0.040000000000,-0.002801028413,-0.036223506744
2013-11-20,0.000000000000,0.000000000000,-0.016881028939,2013-11-28,0.000000000000,-0.002168557649,-0.030144694534,2013-12-19,-0.727651988309,1.034775533307,0.031350482315,2014-02-21,0.530000000000,0.160000000000,-0.003479990466,-0.044207317073
2013-11-21,0.000000000000,0.000000000000,-0.009338205441,2013-11-29,0.000000000000,0.000000000000,-0.037352821762,2013-12-20,-0.709535679112,1.123152528698,0.043442955745,2014-02-24,0.640000000000,0.280000000000,-0.002644661506,-0.061356707317
2013-11-22,0.019084090866,0.012983191095,-0.005291005291,2013-12-02,0.019084090866,-0.002131578050,-0.041514041514,2013-12-23,-0.703992431619,1.146074008875,0.061864061864,2014-02-25,0.600000000000,0.240000000000,-0.000987459267,-0.061473844979
2013-11-25,0.019084090866,0.017386164091,-0.011433238056,2013-12-03,0.019084090866,-0.008472135147,-0.037566353614,2013-12-24,-0.703992431619,1.217224916641,0.068599428338,2014-02-26,0.560000000000,0.220000000000,-0.000497146347,-0.071972581874
2013-11-26,0.038168181731,0.017386164091,-0.015918367347,2013-12-04,0.038168181731,-0.008472135147,-0.036326530612,2013-12-25,-0.698449184126,1.217224916641,0.077142857143,2014-02-27,0.560000000000,0.210000000000,0.000908015480,-0.065934065934
2013-11-27,0.076336363463,0.017386164091,-0.006132461161,2013-12-05,0.076336363463,0.033102644681,-0.028618152085,2013-12-26,-0.687362689140,1.217224916641,0.067457072772,2014-02-28,0.540000000000,0.190000000000,0.000135679074,-0.067654884074
2013-11-28,0.076336363463,0.004318385960,-0.009836065574,2013-12-06,0.076336363463,0.033323262303,-0.024590163934,2013-12-27,-0.687362689140,1.213499828682,0.083196721311,2014-03-03,0.580000000000,0.210000000000,0.000509591833,-0.066207424416
2013-11-29,0.112360251937,0.000000000000,-0.008183306056,2013-12-09,0.133588636060,0.044629308960,-0.017184942717,2013-12-30,-0.599731805328,1.107429682717,0.094517184943,2014-03-04,0.580000000000,0.180000000000,-0.000738855595,-0.061106840892
2013-12-02,0.112360251937,0.000000000000,0.003717472119,2013-12-10,0.133588636060,0.044629308960,-0.022717885171,2013-12-31,-0.599731805328,0.990915895482,0.084675753821,2014-03-05,0.600000000000,0.100000000000,-0.000344204387,-0.051857585139
2013-12-03,0.110294793473,-0.025633576567,0.020738282870,2013-12-11,0.152672726926,0.017851723584,-0.009124844463,2014-01-02,-0.592993245717,0.823551987719,0.088345085027,2014-03-06,0.660000000000,0.160000000000,-0.000041075859,-0.066227730442
2013-12-04,0.106383607468,-0.025633576567,0.009461127108,2013-12-12,0.190840908657,0.017851723584,-0.007404360346,2014-01-03,-0.459273423667,0.651852710259,0.089263677499,2014-03-07,0.640000000000,0.090000000000,-0.000936337279,-0.065942591156
2013-12-05,0.141844809958,-0.051597812253,-0.000413907285,2013-12-13,0.229009090389,-0.015620258136,0.008692052980,2014-01-06,-0.441942351076,0.499768814426,0.086506622517,2014-03-10,0.730000000000,0.250000000000,-0.000743799955,-0.061799922750
2013-12-06,0.050505333924,-0.089717517986,-0.004950495050,2013-12-16,0.190840908657,-0.049092239856,0.002475247525,2014-01-07,-0.459273423667,0.401136333745,0.078795379538,2014-03-11,0.760000000000,0.300000000000,-0.001018848701,-0.060240963855
2013-12-09,0.067340445233,-0.089717517986,-0.004526748971,2013-12-17,0.209924999523,-0.049092239856,-0.006172839506,2014-01-08,-0.450607887371,0.238277890136,0.090946502058,2014-03-12,0.770000000000,0.180000000000,-0.001989804309,-0.041122973507
2013-12-10,0.049669148284,-0.081116158339,-0.016659894352,2013-12-18,0.209924999523,-0.070932047099,-0.020723283218,2014-01-09,-0.450607887371,0.214408233276,0.092645266152,2014-03-13,0.740000000000,0.150000000000,-0.002352437981,-0.028605482718
2013-12-11,0.016025726633,-0.070154515320,-0.016707416463,2013-12-19,0.209924999523,-0.078237738408,-0.016299918500,2014-01-10,-0.450607887371,0.228895276065,0.102281988590,2014-03-14,0.690000000000,0.070000000000,-0.002146964225,-0.015593762495
2013-12-12,-0.093168184100,-0.047604366907,-0.018219461698,2013-12-20,0.114504545194,-0.092845298141,0.014906832298,2014-01-13,-0.506758183441,0.206815727187,0.118426501035,2014-03-17,0.710000000000,0.130000000000,0.000181029730,-0.026232114467
2013-12-13,-0.064102906533,-0.030506692699,-0.023631840796,2013-12-23,0.114504545194,-0.106029393945,0.015339966833,2014-01-14,-0.502556793177,0.160051216389,0.121061359867,2014-03-18,0.750000000000,0.240000000000,-0.000213916063,-0.045922406968
2013-12-16,-0.063091814363,-0.030506692699,-0.025630425796,2013-12-24,0.133588636060,-0.102143714032,0.008681273253,2014-01-15,-0.494038881428,0.128367601110,0.103761885076,2014-03-19,0.720000000000,0.190000000000,0.000148198157,-0.045904234270
2013-12-17,-0.063091814363,-0.014315162620,-0.024380165289,2013-12-25,0.133588636060,-0.102143714032,0.004958677686,2014-01-16,-0.502513965701,0.024805524686,0.090909090909,2014-03-20,0.710000000000,0.230000000000,-0.000115321252,-0.025189924030
2013-12-18,-0.063091814363,-0.058943357791,-0.015333609615,2013-12-26,0.133588636060,-0.132569501191,0.008702859511,2014-01-17,-0.494038881428,-0.078497284917,0.101947782843,2014-03-21,0.670000000000,0.140000000000,0.001331204286,-0.035486443381
2013-12-19,0.000000000000,-0.061884723042,0.003795866723,2013-12-27,0.114504545194,-0.148984315622,0.027414592999,2014-01-20,-0.502556793177,-0.102473948845,0.117671868410,2014-03-24,0.720000000000,0.080000000000,0.000527204580,-0.025578562728
2013-12-20,0.000000000000,-0.058092250494,0.019957537155,2013-12-30,0.093633543281,-0.168754379069,0.042887473461,2014-01-21,-0.498283213869,-0.123835942144,0.114225053079,2014-03-25,0.790000000000,0.190000000000,0.000560113341,-0.047192839707
2013-12-23,-0.016835111308,-0.060512760931,0.003818413237,2013-12-31,0.093633543281,-0.170890510450,0.034789987272,2014-01-22,-0.299761389934,-0.139647467726,0.112855324565,2014-03-26,0.730000000000,0.170000000000,-0.000403514695,-0.029134181371
2013-12-24,-0.016835111308,-0.101661438364,0.011859381618,2014-01-02,0.073529862315,-0.207204743921,0.028377806014,2014-01-23,0.000000000000,-0.171822839495,0.103346039814,2014-03-27,0.760000000000,0.200000000000,-0.001340636926,-0.040162271805
2013-12-25,-0.016835111308,-0.097711055881,0.015572390572,2014-01-03,0.035461202489,-0.230702189107,0.034511784512,2014-01-24,0.035461202489,-0.219024322543,0.083333333333,2014-03-28,0.800000000000,0.260000000000,-0.001389494109,-0.031390134529
2013-12-26,0.000000000000,-0.106562201880,0.023949579832,2014-01-06,0.035461202489,-0.242939699357,0.037815126050,2014-01-27,0.035461202489,-0.229690945364,0.079831932773,2014-03-31,0.800000000000,0.220000000000,-0.002218059937,-0.025819672131
2013-12-27,0.000000000000,-0.128489782492,0.011656952540,2014-01-07,-0.016835111308,-0.275560948101,0.027477102415,2014-01-28,0.035461202489,-0.281698493654,0.067443796836,2014-04-01,0.800000000000,0.220000000000,-0.002004600723,-0.017191977077
2013-12-30,0.000000000000,-0.139126491745,0.020710059172,2014-01-08,-0.016835111308,-0.286241605004,0.036348267117,2014-01-29,0.054151950373,-0.305526919624,0.079036348267,2014-04-02,0.800000000000,0.200000000000,-0.001923770689,-0.029795918367
2013-12-31,-0.017123385407,-0.113166063114,0.008790288824,2014-01-09,-0.049669148284,-0.278425732676,0.031812473838,2014-01-30,0.036101300248,-0.283140507388,0.076182503139,2014-04-03,0.760000000000,0.100000000000,-0.003097246983,-0.014516798009
2014-01-02,-0.017123385407,-0.052757847036,0.000414421881,2014-01-10,-0.080128633166,-0.252117789431,0.019892250311,2014-02-07,0.036101300248,-0.255382681125,0.060505594695,2014-04-04,0.800000000000,0.160000000000,-0.003715974580,-0.002076411960
2014-01-03,-0.017123385407,-0.065315673490,0.005744768158,2014-01-13,-0.108696214784,-0.253889956839,0.021748050882,2014-02-10,0.055147396736,-0.270428429564,0.058678703324,2014-04-08,0.740000000000,0.010000000000,-0.004104225954,-0.002058460272
2014-01-06,-0.017123385407,-0.035384034724,0.007818930041,2014-01-14,-0.080128633166,-0.232320198247,0.032098765432,2014-02-11,0.055147396736,-0.274861682508,0.073662551440,2014-04-09,0.750000000000,-0.010000000000,-0.005148788472,0.007030603805
2014-01-07,-0.017123385407,-0.026935140182,0.010351966874,2014-01-15,-0.094637721544,-0.237013535585,0.043064182195,2014-02-12,0.055147396736,-0.291852523000,0.084886128364,2014-04-10,0.720000000000,-0.050000000000,-0.004012259223,0.007010309278
2014-01-08,0.000000000000,-0.027344319673,0.009128630705,2014-01-16,-0.094637721544,-0.236200183234,0.046887966805,2014-02-13,0.095420454329,-0.293510116168,0.080082987552,2014-04-11,0.700000000000,-0.040000000000,-0.004270756039,-0.013905930470
2014-01-09,0.000000000000,-0.099666994981,0.008285004143,2014-01-17,-0.094637721544,-0.275854914461,0.048467274234,2014-02-14,0.161944412580,-0.328129921949,0.089063794532,2014-04-14,0.720000000000,0.030000000000,-0.004459795888,-0.020308692120
2014-01-10,0.000000000000,-0.075956443537,-0.006119951040,2014-01-20,-0.017123385407,-0.276101072034,0.057527539780,2014-02-17,0.138889807472,-0.336144725584,0.079559363525,2014-04-15,0.660000000000,-0.050000000000,-0.006458300768,-0.008979591837
2014-01-13,0.000000000000,-0.088648146337,0.002858309514,2014-01-21,-0.017123385407,-0.278358700283,0.060024499796,2014-02-18,0.138889807472,-0.349241273334,0.055532870559,2014-04-16,0.590000000000,-0.160000000000,-0.007241785100,0.015767634855
2014-01-14,-0.226482151464,-0.086117809163,-0.000409836066,2014-01-22,-0.252526669622,-0.280779210720,0.052459016393,2014-02-19,-0.119048406405,-0.347148984040,0.067213114754,2014-04-17,0.570000000000,-0.150000000000,-0.007318257777,0.018249688926
2014-01-15,-0.226482151464,-0.087462828298,-0.001644736842,2014-01-23,-0.252526669622,-0.292881762906,0.053865131579,2014-02-20,-0.152672726926,-0.366486242670,0.064967105263,2014-04-18,0.620000000000,-0.090000000000,-0.008213467780,-0.001640689089
2014-01-16,-0.226482151464,-0.065117732861,0.009860312243,2014-01-24,-0.252526669622,-0.280606109196,0.054231717338,2014-02-21,-0.152672726926,-0.377329030915,0.057929334429,2014-04-21,0.620000000000,-0.050000000000,-0.007998023146,0.007441091360
2014-01-17,-0.209060447506,-0.062472051977,0.013957307061,2014-01-27,-0.222604010297,-0.276554285830,0.055008210181,2014-02-24,-0.133588636060,-0.384336350446,0.051313628900,2014-04-22,0.610000000000,-0.110000000000,-0.008060333117,0.014583333333
2014-01-20,-0.209060447506,-0.050312609011,0.004885993485,2014-01-28,-0.222604010297,-0.272398338884,0.062296416938,2014-02-25,-0.133588636060,-0.396473517274,0.045195439739,2014-04-23,0.580000000000,-0.210000000000,-0.008512249737,0.049957301452
2014-01-21,0.022522691612,-0.057212858758,0.005330053301,2014-01-29,-0.222604010297,-0.278252983490,0.072980729807,2014-02-26,-0.133588636060,-0.406662487080,0.055760557606,2014-04-24,0.580000000000,-0.150000000000,-0.008048836749,0.035925612849
2014-01-22,0.022522691612,-0.037653695539,0.015238879736,2014-01-30,-0.222604010297,-0.242498706674,0.086902800659,2014-02-27,-0.133588636060,-0.404544453293,0.064662273476,2014-04-25,0.590000000000,-0.170000000000,-0.006448637386,0.027895181741
2014-01-23,0.022522691612,-0.020896021398,0.001220504475,2014-02-07,-0.222604010297,-0.219361574516,0.062245728234,2014-02-28,-0.133588636060,-0.379576992338,0.063059397884,2014-04-28,0.620000000000,-0.180000000000,-0.007294702696,0.021043771044
2014-01-24,-0.308372308167,-0.017535491835,0.008097165992,2014-02-10,-0.462331406001,-0.204466456142,0.070040485830,2014-03-03,-0.400765908180,-0.377663639433,0.063967611336,2014-04-29,0.660000000000,-0.140000000000,-0.005697442737,0.034917963820
2014-01-27,-0.330398901607,-0.010595614828,0.016207455429,2014-02-11,-0.479454791409,-0.173971504057,0.083873581848,2014-03-04,-0.419849999046,-0.374886195262,0.055510534846,2014-04-30,0.610000000000,-0.190000000000,-0.004914551022,0.031236984590
2014-01-28,-0.352425495048,-0.003569694720,0.027324632953,2014-02-12,-0.496578176816,-0.164603634448,0.070962479608,2014-03-05,-0.438934089912,-0.377117660710,0.073409461664,2014-05-05,0.640000000000,-0.160000000000,-0.005829367497,0.036180058898
2014-01-29,-0.352425495048,0.000000000000,0.023529411765,2014-02-13,-0.487807710846,-0.145836371591,0.064503042596,2014-03-06,-0.438934089912,-0.372654729814,0.065720081136,2014-05-06,0.620000000000,-0.140000000000,-0.006081882911,0.033249158249
2014-01-30,-0.352425495048,0.000000000000,0.028443722064,2014-02-14,-0.487807710846,-0.175882932320,0.075985371800,2014-03-07,-0.438934089912,-0.372654729814,0.062169849655,2014-05-07,0.550000000000,-0.250000000000,-0.004612782110,0.024136496047
2014-02-07,-0.063694943683,0.017848473599,0.040963855422,2014-02-17,-0.487807710846,-0.133683340625,0.054216867470,2014-03-10,-0.438934089912,-0.363728868022,0.040160642570,2014-05-08,0.570000000000,-0.170000000000,-0.003212672299,0.023102310231
2014-02-10,-0.032895097534,0.021418168318,0.035087719298,2014-02-18,-0.487807710846,-0.125330137924,0.042663476874,2014-03-11,-0.438934089912,-0.361497402574,0.033492822967,2014-05-09,0.530000000000,-0.220000000000,-0.003670756308,0.027104722793
2014-02-11,0.000000000000,0.028659864725,0.019452163557,2014-02-19,-0.487807710846,-0.116874169578,0.052401746725,2014-03-12,-0.438934089912,-0.359265937126,0.026597856292,2014-05-12,0.510000000000,-0.210000000000,-0.001596479473,0.029893529894
2014-02-12,-0.170069955442,0.035569973251,0.015854141895,2014-02-20,-0.574916230640,-0.090586500737,0.065794688862,2014-03-13,-0.534354544240,-0.354660235494,0.027348394768,2014-05-13,0.560000000000,-0.140000000000,-0.000422283311,0.045624222314
2014-02-13,-0.170069955442,0.035569973251,0.013828526274,2014-02-21,-0.574916230640,-0.052094186289,0.068747530620,2014-03-14,-0.534354544240,-0.367282716414,0.025681548795,2014-05-14,0.590000000000,-0.130000000000,-0.000207013621,0.043532338308
2014-02-14,-0.170069955442,0.021042590203,-0.008487654321,2014-02-24,-0.574916230640,-0.042744035563,0.042052469136,2014-03-17,-0.534354544240,-0.371381192565,0.006944444444,2014-05-15,0.560000000000,-0.100000000000,0.000331224537,0.051070840198
2014-02-17,-0.170069955442,0.010484524841,0.005007704160,2014-02-25,-0.574916230640,-0.030187565406,0.041602465331,2014-03-18,-0.534354544240,-0.374348676580,-0.000385208012,2014-05-16,0.590000000000,0.000000000000,0.000157497285,0.060457516340
2014-02-18,-0.238097937618,0.006965340466,0.019080996885,2014-02-26,-0.495499215460,-0.026923698239,0.039719626168,2014-03-19,-0.572522725972,-0.371629257437,0.007009345794,2014-05-19,0.590000000000,0.020000000000,0.000967757986,0.046843177189
2014-02-19,-0.081968332901,-0.024043745878,0.029652750683,2014-02-27,-0.495499215460,-0.027384505847,0.030042918455,2014-03-20,-0.572522725972,-0.382495609994,0.012875536481,2014-05-20,0.570000000000,-0.050000000000,0.003028515894,0.057929334429
2014-02-20,-0.081968332901,-0.041217850077,0.017537022603,2014-02-28,-0.495499215460,-0.027861361863,0.036243180047,2014-03-21,-0.572522725972,-0.393361962550,0.012860483242,2014-05-21,0.600000000000,-0.020000000000,0.004660644004,0.052933935166
2014-02-21,-0.122952499351,-0.054957133436,0.028404669261,2014-03-03,-0.528638242572,-0.035070983671,0.031128404669,2014-03-24,-0.591606816837,-0.405928280246,0.008171206226,2014-05-22,0.630000000000,0.020000000000,0.008167330677,0.060369609856
2014-02-24,-0.081968332901,-0.055337280726,0.025297048678,2014-03-04,-0.506611649131,-0.035318716094,0.005749329245,2014-03-25,-0.580527968339,-0.416545619222,-0.003066308931,2014-05-23,0.610000000000,0.030000000000,0.012877995317,0.056933712891
2014-02-25,-0.044643521481,-0.065713020862,0.003439052350,2014-03-05,-0.528638242572,-0.035696947197,0.002292701567,2014-03-26,-0.599254676995,-0.422954013364,-0.010317157050,2014-05-26,0.590000000000,0.010000000000,0.012681986928,0.065687474500
2014-02-26,-0.044643521481,-0.077427710674,-0.005683971201,2014-03-06,-0.528638242572,-0.067582949178,-0.012883668056,2014-03-27,-0.606621364101,-0.440043064409,-0.017051913604,2014-05-27,0.550000000000,-0.040000000000,0.013859646214,0.090049342105
2014-02-27,-0.044643521481,-0.064484695632,0.014170815779,2014-03-07,-0.528638242572,-0.071139946503,-0.014170815779,2014-03-28,-0.620571043564,-0.442179195789,-0.013787820758,2014-05-28,0.510000000000,-0.110000000000,0.014879076402,0.072547403133
2014-02-28,0.000000000000,-0.083595022098,-0.006810442679,2014-03-10,-0.318474718415,-0.099951452152,-0.027620128642,2014-03-31,-0.620571043564,-0.457930583743,-0.032160423761,2014-05-29,0.490000000000,-0.170000000000,0.010334034414,0.065447154472
2014-03-03,-0.089287042962,-0.095190674243,-0.022429906542,2014-03-11,-0.328950975340,-0.117799925750,-0.041495327103,2014-04-01,-0.656569341018,-0.472085035118,-0.048224299065,2014-05-30,0.490000000000,-0.120000000000,0.012624194442,0.070678513732
2014-03-04,0.000000000000,-0.099949654989,0.009520182788,2014-03-12,-0.272111928707,-0.128969391264,-0.027798933740,2014-04-02,-0.639734229709,-0.480629560640,-0.038080731150,2014-06-03,0.440000000000,-0.200000000000,0.014831961307,0.073081607795
2014-03-05,0.046729699840,-0.068666646321,0.024771341463,2014-03-13,-0.238097937618,-0.131608901030,-0.020198170732,2014-04-03,-0.629142544937,-0.464773663995,-0.043064024390,2014-06-04,0.520000000000,-0.100000000000,0.016594530952,0.068839103870
2014-03-06,0.000000000000,-0.088076710986,0.021525679758,2014-03-14,-0.272111928707,-0.152950884981,-0.033610271903,2014-04-04,-0.657054791959,-0.477927635617,-0.050226586103,2014-06-05,0.520000000000,-0.030000000000,0.014839255219,0.065826899634
2014-03-07,0.046729699840,-0.051559475838,0.028952380952,2014-03-17,-0.238097937618,-0.161326524886,-0.017142857143,2014-04-08,-0.652177288702,-0.457908672156,-0.039238095238,2014-06-06,0.530000000000,-0.040000000000,0.010911892886,0.068145161290
2014-03-10,0.049020408830,-0.040463550434,0.034034416826,2014-03-18,-0.272111928707,-0.171247239075,-0.002294455067,2014-04-09,-0.657054791959,-0.443520378471,-0.032122370937,2014-06-09,0.570000000000,0.040000000000,0.014123074881,0.043582566973
2014-03-11,-0.046729699840,-0.065806791261,0.007167106752,2014-03-19,-0.306125919795,-0.208960213975,-0.011693700490,2014-04-10,-0.678237004401,-0.466987065162,-0.049415314975,2014-06-10,0.570000000000,0.060000000000,0.016878490116,0.050099403579
2014-03-12,-0.133930564443,-0.061441163941,-0.018222387505,2014-03-20,-0.204920832252,-0.212958892064,-0.031982149498,2014-04-11,-0.694009957991,-0.453313482974,-0.059873558944,2014-06-11,0.570000000000,0.010000000000,0.017395482145,0.058310194367
2014-03-13,-0.093459399679,-0.050391372997,-0.017005545287,2014-03-21,-0.204920832252,-0.223263354583,-0.028096118299,2014-04-14,-0.694009957991,-0.466831393704,-0.065064695009,2014-06-12,0.540000000000,-0.050000000000,0.017187344708,0.070321811681
2014-03-14,-0.178574085924,-0.050180650341,-0.018881895594,2014-03-24,-0.245904998702,-0.219828533744,-0.020362828582,2014-04-15,-0.684935416298,-0.459375059505,-0.057015920030,2014-06-13,0.490000000000,-0.070000000000,0.017093804841,0.054858934169
2014-03-17,-0.093459399679,-0.063254841104,-0.029585798817,2014-03-25,-0.204920832252,-0.231724863040,-0.044008875740,2014-04-16,-0.667812030891,-0.462317493513,-0.056582840237,2014-06-16,0.480000000000,-0.110000000000,0.020297374354,0.048536209553
2014-03-18,-0.098040817660,-0.022013243167,-0.017602996255,2014-03-26,-0.178574085924,-0.231724863040,-0.024719101124,2014-04-17,-0.690239563634,-0.462317493513,-0.044943820225,2014-06-17,0.520000000000,-0.070000000000,0.020581634352,0.045136186770
2014-03-19,0.154641832334,-0.074191746386,-0.013257575758,2014-03-27,0.000000000000,-0.253399780387,-0.018939393939,2014-04-18,-0.622899118401,-0.486522597885,-0.036363636364,2014-06-18,0.500000000000,-0.070000000000,0.023213386599,0.040776699029
2014-03-20,0.309283664668,-0.070753882619,-0.031966904851,2014-03-28,0.133930564443,-0.247191333257,-0.031590823618,2014-04-21,-0.572393784477,-0.473522809268,-0.044001504325,2014-06-19,0.620000000000,0.020000000000,0.023568684073,0.031566640686
2014-03-21,0.434790485335,-0.088052972668,-0.030188679245,2014-03-31,0.233648499198,-0.247150500116,-0.033584905660,2014-04-22,-0.547948333038,-0.474455517892,-0.014716981132,2014-06-20,0.660000000000,0.030000000000,0.022055917803,0.025174283501
2014-03-24,0.309283664668,-0.072027946843,-0.022865853659,2014-04-01,0.133930564443,-0.245299045164,-0.021722560976,2014-04-23,-0.565071718446,-0.470272603923,-0.007621951220,2014-06-23,0.610000000000,0.000000000000,0.016222774185,0.015775298192
2014-03-25,0.326092864001,-0.090034933554,-0.026686999619,2014-04-02,0.140189099519,-0.251725057008,-0.018299656881,2014-04-24,-0.582195103853,-0.479213471567,0.004193671369,2014-06-24,0.590000000000,0.000000000000,0.014073187134,-0.001531393568
2014-03-26,0.178574085924,-0.075423313346,-0.013051823417,2014-04-03,0.233648499198,-0.251777703177,-0.007677543186,2014-04-25,-0.547948333038,-0.471525262976,0.008829174664,2014-06-25,0.610000000000,0.060000000000,0.011575504865,-0.013956997359
2014-03-27,-0.157482381659,-0.066623520006,-0.005827505828,2014-04-04,0.000000000000,-0.248912444090,0.015151515152,2014-04-28,-0.633565260076,-0.455383521781,0.017871017871,2014-06-26,0.570000000000,0.060000000000,0.013966297828,-0.008455034589
2014-03-28,0.000000000000,-0.067588444307,0.003891050584,2014-04-08,0.233648499198,-0.234000698036,0.022568093385,2014-04-29,-0.547948333038,-0.451530090647,0.005447470817,2014-06-27,0.560000000000,0.070000000000,0.017580769420,-0.012590614269
2014-03-31,0.039370595415,-0.048511662204,0.017550702028,2014-04-09,0.294122452981,-0.206364107212,0.015990639626,2014-04-30,-0.547948333038,-0.421659747122,0.027301092044,2014-06-30,0.600000000000,0.110000000000,0.013880151955,-0.029422859298
2014-04-01,0.040984166450,-0.039577314283,0.026243634939,2014-04-10,0.186918799358,-0.201533298236,0.030943987466,2014-05-05,-0.565071718446,-0.418991069505,0.033685859773,2014-07-01,0.600000000000,0.160000000000,0.014388318947,-0.033295497541
2014-04-02,-0.075758532305,-0.015295509238,0.012446518864,2014-04-11,0.089287042962,-0.208899957401,0.021781408012,2014-05-06,-0.574916230640,-0.413203052841,0.026837806301,2014-07-02,0.630000000000,0.110000000000,0.012255377734,-0.024009146341
2014-04-03,0.140189099519,-0.015295509238,0.027354435326,2014-04-14,0.140189099519,-0.188967648739,0.021492770614,2014-05-07,-0.574916230640,-0.433844566390,0.028917545916,2014-07-03,0.680000000000,0.160000000000,0.013699189648,-0.019062142585
2014-04-04,-0.113637798457,0.000000000000,0.025581395349,2014-04-15,0.044643521481,-0.192359159641,0.003875968992,2014-05-08,-0.592337934599,-0.413203052841,0.019379844961,2014-07-04,0.660000000000,0.130000000000,0.018858955340,-0.032087580219
2014-04-08,-0.113637798457,0.000000000000,-0.009198926792,2014-04-16,0.093459399679,-0.172896565684,-0.006515906478,2014-05-09,-0.592337934599,-0.400445074831,0.008432349559,2014-07-07,0.610000000000,0.040000000000,0.016438378582,-0.001532567050
2014-04-09,-0.157482381659,0.015453084436,-0.006106870229,2014-04-17,0.049020408830,-0.132079459003,-0.012977099237,2014-05-12,-0.627181342517,-0.393681413316,0.000763358779,2014-07-08,0.580000000000,0.010000000000,0.008846687829,-0.011737978039
2014-04-10,-0.163936665801,0.005177698617,-0.004994237418,2014-04-18,0.051547277445,-0.152747713149,-0.004225893200,2014-05-13,-0.644603046475,-0.393582727341,0.006146753746,2014-07-09,0.570000000000,0.000000000000,0.008231491357,-0.018740629685
2014-04-11,-0.245904998702,0.000000000000,-0.020540129327,2014-04-21,-0.051547277445,-0.145929882902,-0.012552301255,2014-05-14,-0.679446454393,-0.371171077308,0.004944845949,2014-07-10,0.510000000000,-0.030000000000,0.011267334988,-0.027468448404
2014-04-14,-0.213678257525,-0.020710794466,-0.032123960695,2014-04-22,0.000000000000,-0.167300648070,-0.013605442177,2014-05-15,-0.679446454393,-0.378120314596,0.007936507937,2014-07-11,0.500000000000,0.010000000000,0.010783842955,-0.015973254086
2014-04-15,-0.256413909030,-0.025492515397,-0.006963249516,2014-04-23,-0.103094554889,-0.139554147009,0.003868471954,2014-05-16,-0.696868158352,-0.358896610943,0.033268858801,2014-07-14,0.520000000000,0.040000000000,0.010950002031,-0.041146216018
2014-04-16,-0.233648499198,-0.045653761870,-0.011136712750,2014-04-24,-0.108697621334,-0.153059387042,-0.006912442396,2014-05-19,-0.630635365130,-0.366835388509,0.001920122888,2014-07-15,0.500000000000,-0.020000000000,0.010658419177,-0.035740878630
2014-04-17,-0.196081635321,-0.046359253307,-0.001930501931,2014-04-25,-0.267861128886,-0.127276841272,0.002316602317,2014-05-20,-0.630635365130,-0.366267765698,0.007335907336,2014-07-16,0.480000000000,-0.020000000000,0.007634551586,-0.035074626866
2014-04-18,-0.163046432001,-0.025888493083,0.014757281553,2014-04-28,-0.393705954146,-0.104694102867,0.009320388350,2014-05-21,-0.653158056742,-0.344784353059,0.007378640777,2014-07-17,0.520000000000,-0.100000000000,0.005369528531,-0.025689459766
2014-04-21,-0.163046432001,-0.021148802978,0.026161655603,2014-04-29,-0.416671927676,-0.106210412483,0.011714174151,2014-05-22,-0.660797803214,-0.350709836710,0.025380710660,2014-07-18,0.520000000000,-0.140000000000,0.002746832282,-0.030978466188
2014-04-22,-0.114944730742,-0.031391260673,0.014803272302,2014-04-30,-0.393705954146,-0.101874490628,0.013245033113,2014-05-23,-0.660797803214,-0.346123417722,0.019867549669,2014-07-21,0.530000000000,-0.080000000000,0.004944824471,-0.023863636364
2014-04-23,-0.060976849123,-0.037207126759,0.022135922330,2014-05-05,-0.368857498053,-0.103890449994,0.005825242718,2014-05-26,-0.660797803214,-0.353399777251,0.017475728155,2014-07-22,0.520000000000,-0.070000000000,0.008896077638,-0.012653374233
2014-04-24,-0.060976849123,-0.016204303863,0.016247582205,2014-05-06,-0.416671927676,-0.071379043113,0.003481624758,2014-05-27,-0.660797803214,-0.352142735189,0.007350096712,2014-07-23,0.490000000000,-0.120000000000,0.008431547826,-0.015684774292
2014-04-25,0.000000000000,-0.037207126759,0.000382701875,2014-05-07,-0.280378199037,-0.076477546192,-0.014542671259,2014-05-28,-0.660797803214,-0.355699732514,-0.003827018752,2014-07-24,0.490000000000,-0.080000000000,0.007842031030,0.003875968992
2014-04-28,0.000000000000,-0.048612911589,-0.014459665145,2014-05-08,-0.416671927676,-0.088020876481,-0.026636225266,2014-05-29,-0.509559549464,-0.371248250850,-0.018264840183,2014-07-25,0.480000000000,-0.080000000000,0.008013105765,0.016615146832
2014-04-29,0.000000000000,-0.027007173105,-0.004990403071,2014-05-09,-0.416671927676,-0.081576049272,-0.022648752399,2014-05-30,-0.493426463009,-0.356969471971,-0.005758157390,2014-07-28,0.520000000000,-0.080000000000,0.007437310643,0.011659541391
2014-04-30,0.000000000000,-0.005520713718,-0.017477203647,2014-05-12,-0.393705954146,-0.072114394033,-0.040273556231,2014-06-03,-0.476195875237,-0.354665825977,-0.014057750760,2014-07-29,0.530000000000,-0.070000000000,0.007007240547,0.022309197652
2014-05-05,0.000000000000,-0.005490402776,-0.013323182337,2014-05-13,-0.368857498053,-0.062132383398,-0.044156832889,2014-06-04,-0.476195875237,-0.355699732514,-0.017891130567,2014-07-30,0.490000000000,-0.140000000000,0.007590041093,0.024599765717
2014-05-06,0.000000000000,0.005520713718,-0.006885998470,2014-05-14,-0.368857498053,-0.056954684782,-0.037872991584,2014-06-05,-0.476195875237,-0.352142735189,-0.013006885998,2014-07-31,0.450000000000,-0.230000000000,0.006268685583,0.020598523125
2014-05-07,0.389618822918,0.022709724304,0.007722007722,2014-05-15,-0.085471303010,-0.067310082015,-0.026254826255,2014-06-06,-0.272111928707,-0.368245328545,-0.005791505792,2014-08-01,0.450000000000,-0.210000000000,0.001029667289,0.023790951638
2014-05-08,0.389618822918,0.000000000000,0.001157407407,2014-05-16,-0.085471303010,-0.081576049272,-0.023533950617,2014-06-09,-0.272111928707,-0.370453211060,-0.003086419753,2014-08-04,0.420000000000,-0.190000000000,0.003686917882,-0.007290867229
2014-05-09,0.389618822918,0.000000000000,0.000000000000,2014-05-19,0.000000000000,-0.086234883532,-0.025522041763,2014-06-10,-0.272111928707,-0.372645714923,-0.006187161640,2014-08-05,0.420000000000,-0.160000000000,0.006622463072,-0.008429118774
2014-05-12,0.389618822918,-0.005520713718,0.001543209877,2014-05-20,0.049020408830,-0.072114394033,-0.024691358025,2014-06-11,-0.122952499351,-0.381265113212,-0.000771604938,2014-08-06,0.440000000000,-0.130000000000,0.006759965114,-0.009549274255
2014-05-13,0.389618822918,0.016471208328,0.001155624037,2014-05-21,0.163046432001,-0.041421588932,-0.025808936826,2014-06-12,-0.122952499351,-0.364091009013,-0.002696456086,2014-08-07,0.480000000000,-0.030000000000,0.005338207232,-0.009541984733
2014-05-14,0.000000000000,0.044410889550,-0.007279693487,2014-05-22,0.163046432001,-0.005287200744,-0.024137931034,2014-06-13,-0.122952499351,-0.353786546494,-0.004597701149,2014-08-08,0.450000000000,-0.050000000000,0.004170893924,-0.019252548131
2014-05-15,0.000000000000,0.061064973131,0.002312138728,2014-05-23,0.229889461484,0.000000000000,-0.016955684008,2014-06-16,-0.122952499351,-0.338940844447,0.008092485549,2014-08-11,0.370000000000,-0.150000000000,0.000570496493,0.000000000000
2014-05-16,0.000000000000,0.061064973131,0.001546790410,2014-05-26,0.304884245615,0.015945911468,-0.013921113689,2014-06-17,-0.044643521481,-0.338940844447,0.004640371230,2014-08-12,0.310000000000,-0.190000000000,0.000915647941,0.001544401544
2014-05-19,0.000000000000,0.044410889550,-0.000770416025,2014-05-27,0.304884245615,0.016204303863,-0.020030816641,2014-06-18,-0.044643521481,-0.337866373849,-0.000385208012,2014-08-13,0.340000000000,-0.140000000000,0.001194377510,0.003866976025
2014-05-20,0.000000000000,0.010802869242,-0.009234320893,2014-05-28,0.389618822918,-0.005315303823,-0.021931512120,2014-06-19,-0.044643521481,-0.329588444343,0.002308580223,2014-08-14,0.370000000000,-0.150000000000,0.001718709843,0.005428460644
2014-05-21,0.000000000000,-0.026576519114,-0.012736395214,2014-05-29,0.389618822918,-0.010802869242,0.007719027403,2014-06-20,0.000000000000,-0.334380088393,0.003087610961,2014-08-15,0.350000000000,-0.170000000000,0.002043636130,0.011306042885
2014-05-22,0.000000000000,-0.036623137452,-0.021145713187,2014-05-30,0.389618822918,-0.005401434621,0.001153402537,2014-06-23,-0.044643521481,-0.325845000293,-0.008073817762,2014-08-18,0.360000000000,-0.170000000000,0.000682287026,0.007760962359
2014-05-23,0.000000000000,-0.052318767788,-0.024710424710,2014-06-03,0.389618822918,0.000000000000,0.016988416988,2014-06-24,0.000000000000,-0.329463677555,-0.007722007722,2014-08-19,0.350000000000,-0.170000000000,-0.000961923848,0.008543689320
2014-05-26,0.000000000000,-0.047837734405,-0.031996915960,2014-06-04,0.389618822918,-0.016471208328,0.013107170393,2014-06-25,0.000000000000,-0.316629535813,-0.008481110254,2014-08-20,0.320000000000,-0.170000000000,-0.000593096041,0.008161678974
2014-05-27,0.000000000000,-0.058780779754,-0.023300970874,2014-06-05,0.389618822918,-0.027603568589,0.017475728155,2014-06-26,0.000000000000,-0.325500888426,-0.002718446602,2014-08-21,0.320000000000,-0.170000000000,-0.002926876080,-0.000386100386
2014-05-28,0.000000000000,-0.060064651407,-0.014073494918,2014-06-06,0.389618822918,-0.022709724304,0.010164190774,2014-06-27,0.000000000000,-0.317289082083,-0.005863956216,2014-08-22,0.310000000000,-0.170000000000,-0.000348370807,-0.029646522235
2014-05-29,0.000000000000,-0.059738454186,-0.005891594658,2014-06-09,0.389618822918,-0.038859528356,0.034564021995,2014-06-30,0.049020408830,-0.299430273210,-0.000392772977,2014-08-25,0.220000000000,-0.300000000000,0.002047557728,-0.029581252401
2014-05-30,0.000000000000,-0.022082854871,-0.002375296912,2014-06-10,0.389618822918,-0.016654083581,0.044734758511,2014-07-01,0.000000000000,-0.271453013951,0.008313539192,2014-08-26,0.220000000000,-0.310000000000,-0.001757595609,-0.029479326187
2014-06-03,0.000000000000,0.005582350840,0.006770211071,2014-06-11,0.389618822918,-0.005520713718,0.051373954600,2014-07-02,-0.044643521481,-0.262148966150,0.016726403823,2014-08-27,0.260000000000,-0.230000000000,-0.000831654032,-0.040777439024
2014-06-04,0.000000000000,0.045419448608,0.005566600398,2014-06-12,0.389618822918,0.010980805552,0.046918489066,2014-07-03,0.000000000000,-0.226761178486,0.011928429423,2014-08-28,0.410000000000,-0.040000000000,0.001194033197,-0.042650418888
2014-06-05,0.000000000000,0.081331040573,0.009912767645,2014-06-13,0.000000000000,0.033308167163,0.042823156225,2014-07-04,-0.044643521481,-0.221631205674,0.014670896114,2014-08-29,0.440000000000,-0.010000000000,0.005239472838,-0.043809523810
2014-06-06,0.000000000000,0.092412900841,0.007902015014,2014-06-16,0.000000000000,0.049962250744,0.039510075069,2014-07-07,0.000000000000,-0.202415491532,0.007902015014,2014-09-01,0.410000000000,-0.010000000000,0.003224228230,-0.022033243139
2014-06-09,0.000000000000,0.067744557854,0.011904761905,2014-06-17,0.000000000000,0.049962250744,0.040476190476,2014-07-08,0.049020408830,-0.167300648070,0.013095238095,2014-09-02,0.400000000000,-0.020000000000,0.002037852713,-0.025502318393
2014-06-10,0.000000000000,0.061064973131,0.006329113924,2014-06-18,0.000000000000,0.061064973131,0.035996835443,2014-07-09,0.103094554889,-0.165840374276,0.000000000000,2014-09-03,0.410000000000,-0.030000000000,-0.000955328947,-0.027767065175
2014-06-11,0.000000000000,0.038015379937,0.005140371688,2014-06-19,0.000000000000,0.032408607726,0.044681692369,2014-07-10,0.103094554889,-0.154774118230,-0.001977066034,2014-09-04,0.430000000000,-0.050000000000,-0.004388845285,-0.025048169557
2014-06-12,0.000000000000,0.026862079340,0.025127601099,2014-06-20,0.000000000000,0.015945911468,0.047114252061,2014-07-11,0.163046432001,-0.158495350803,-0.012563800550,2014-09-05,0.430000000000,-0.020000000000,-0.002173006607,-0.026173979985
2014-06-13,0.000000000000,0.015861602233,0.020776166209,2014-06-23,0.000000000000,0.005231876779,0.047040376323,2014-07-14,0.103094554889,-0.135052400331,-0.015288122305,2014-09-09,0.390000000000,0.020000000000,-0.002176287302,-0.025287356322
2014-06-16,0.000000000000,0.015861602233,0.032941176471,2014-06-24,0.000000000000,0.005231876779,0.023137254902,2014-07-15,0.163046432001,-0.135052400331,-0.022352941176,2014-09-10,0.410000000000,0.100000000000,-0.002948257046,-0.015034695451
2014-06-17,0.000000000000,0.000000000000,0.033018867925,2014-06-25,0.000000000000,0.015945911468,0.025550314465,2014-07-16,-0.044643521481,-0.098993098767,-0.022798742138,2014-09-11,0.410000000000,0.070000000000,-0.002083455343,-0.023112480740
2014-06-18,0.000000000000,-0.005231876779,0.030684500393,2014-06-26,0.000000000000,0.016031121751,0.020456333596,2014-07-17,-0.157482381659,-0.095176457152,-0.029110936271,2014-09-12,0.430000000000,0.060000000000,-0.000665458685,-0.022753567297
2014-06-19,0.000000000000,-0.005231876779,-0.010340865569,2014-06-27,0.000000000000,0.038222959986,0.005744925316,2014-07-18,-0.189396330762,-0.082071682373,-0.059747223286,2014-09-15,0.380000000000,0.030000000000,-0.001806981651,-0.014649190439
2014-06-20,0.327107898877,-0.026023233543,0.011520737327,2014-06-30,0.327107898877,0.016292305687,0.005376344086,2014-07-21,0.118111786244,-0.092172158187,-0.053379416283,2014-09-16,0.390000000000,0.030000000000,-0.000625671795,0.011551790528
2014-06-23,0.327107898877,-0.020818586834,0.001898253607,2014-07-01,0.327107898877,0.038644996025,-0.005315110099,2014-07-22,0.163936665801,-0.069260299996,-0.066059225513,2014-09-17,0.350000000000,0.000000000000,-0.000577710022,0.015402387370
2014-06-24,0.327107898877,-0.036623137452,0.004566210046,2014-07-02,0.327107898877,0.027911754198,-0.009132420091,2014-07-23,0.075758532305,-0.061182036954,-0.071917808219,2014-09-18,0.350000000000,0.030000000000,-0.001804402743,0.016576715497
2014-06-25,0.887864296952,-0.047334539488,0.004961832061,2014-07-03,0.887864296952,0.028387155380,-0.006488549618,2014-07-24,0.887864296952,-0.076477546192,-0.072137404580,2014-09-19,0.310000000000,-0.010000000000,-0.000229383552,0.015449980688
2014-06-26,1.261701895668,-0.042075146211,0.017801857585,2014-07-04,1.261701895668,0.058093600409,-0.001547987616,2014-07-25,0.833343855352,-0.056954684782,-0.062693498452,2014-09-22,0.290000000000,-0.020000000000,-0.004415300407,0.030552291422
2014-06-27,0.704233617765,-0.010687414501,-0.001138952164,2014-07-07,1.261701895668,0.069309675631,-0.016704631739,2014-07-28,0.833343855352,-0.056083533874,-0.085041761579,2014-09-23,0.260000000000,0.040000000000,-0.006289759983,0.042755344418
2014-06-30,0.704233617765,-0.031891822937,-0.006441834028,2014-07-08,1.261701895668,0.028226899106,-0.016672982190,2014-07-29,0.905523694537,-0.061812337743,-0.084501705191,2014-09-24,0.270000000000,0.050000000000,-0.005178029788,0.037080867850
2014-07-01,0.704233617765,-0.021723074249,-0.007954545455,2014-07-09,1.261701895668,0.000000000000,-0.022727272727,2014-07-30,0.983619994809,-0.067310082015,-0.087500000000,2014-09-25,0.270000000000,0.010000000000,-0.006714793354,0.048073102900
2014-07-02,0.198021435820,-0.005520713718,0.003418154197,2014-07-10,1.261701895668,-0.021723074249,-0.020129130270,2014-07-31,0.983619994809,-0.067310082015,-0.081655905811,2014-09-26,0.320000000000,-0.090000000000,-0.007518796992,0.051710421639
2014-07-03,-0.020661299320,-0.038432819432,0.014068441065,2014-07-11,1.214972195829,-0.059096574548,-0.020912547529,2014-08-01,1.025655636120,-0.093198575097,-0.077946768061,2014-09-29,0.380000000000,-0.060000000000,-0.006251398970,0.050996015936
2014-07-04,-0.020661299320,-0.032408607726,0.015203344736,2014-07-14,1.214972195829,-0.052872007444,-0.017863930065,2014-08-04,1.025655636120,-0.086674552351,-0.078677309008,2014-09-30,0.370000000000,-0.040000000000,-0.006859445328,0.041501976285
2014-07-07,-0.020661299320,-0.032942416656,-0.004958047292,2014-07-15,1.214972195829,-0.068733609678,-0.019832189169,2014-08-05,1.214972195829,-0.106525444363,-0.077803203661,2014-10-08,0.370000000000,-0.030000000000,-0.006137155210,0.037668517050
2014-07-08,-0.020661299320,-0.022205444775,-0.003818251241,2014-07-16,1.214972195829,-0.078478151683,-0.011072928599,2014-08-06,1.323551038416,-0.092718506614,-0.072546773578,2014-10-09,0.360000000000,-0.050000000000,-0.004110798876,0.042840142800
2014-07-09,-0.020661299320,-0.033308167163,-0.018168054504,2014-07-17,1.214972195829,-0.088941905240,-0.020060560182,2014-08-07,1.576115509339,-0.098376273714,-0.079106737320,2014-10-10,0.310000000000,-0.120000000000,-0.001954727545,0.040711462451
2014-07-10,0.000000000000,0.005709848346,-0.015373078365,2014-07-18,1.214972195829,-0.078478151683,-0.025871766029,2014-08-08,1.576115509339,-0.068733609678,-0.086614173228,2014-10-13,0.280000000000,-0.150000000000,-0.004058148038,0.045454545455
2014-07-11,0.000000000000,-0.016747052519,-0.019842755522,2014-07-21,1.214972195829,-0.083274347337,-0.020591538750,2014-08-11,1.724170961130,-0.078478151683,-0.085361287907,2014-10-14,0.270000000000,-0.120000000000,-0.001480849557,0.049135220126
2014-07-14,0.000000000000,0.000000000000,0.004216174780,2014-07-22,1.214972195829,-0.083274347337,-0.004216174780,2014-08-12,1.890282322811,-0.063783645873,-0.064775776159,2014-10-15,0.250000000000,-0.160000000000,-0.001348908559,0.029354207436
2014-07-15,0.000000000000,-0.005677431076,-0.001916443082,2014-07-23,1.214972195829,-0.083710028461,-0.005366040629,2014-08-13,1.890282322811,-0.054014346210,-0.064009198927,2014-10-16,0.280000000000,-0.130000000000,-0.001704330769,0.029179810726
2014-07-16,0.000000000000,0.005742637938,0.003469545104,2014-07-24,1.214972195829,-0.078890899146,0.004240555127,2014-08-14,2.077967055564,-0.069098949696,-0.055898226677,2014-10-17,0.310000000000,-0.120000000000,-0.002775928051,0.022494080505
2014-07-17,0.000000000000,-0.011354862152,-0.017517136329,2014-07-25,1.214972195829,-0.084150292422,-0.010281797411,2014-08-15,2.077967055564,-0.059415780831,-0.067402894136,2014-10-20,0.320000000000,-0.060000000000,-0.002955514685,0.018779342723
2014-07-18,0.000000000000,-0.017032293228,-0.010695187166,2014-07-28,0.669021936877,-0.074811901505,-0.014514896868,2014-08-18,2.077967055564,-0.064817215452,-0.063025210084,2014-10-21,0.240000000000,-0.150000000000,-0.003676116480,-0.002664636467
2014-07-21,0.000000000000,-0.022709724304,-0.009541984733,2014-07-29,0.669021936877,-0.085044861164,-0.019083969466,2014-08-19,2.077967055564,-0.049686423461,-0.060687022901,2014-10-22,0.260000000000,-0.090000000000,-0.003287625042,-0.006446719757
2014-07-22,0.000000000000,-0.017129545039,-0.009216589862,2014-07-30,0.669021936877,-0.065169222748,-0.012288786482,2014-08-20,2.077967055564,-0.054904027759,-0.057603686636,2014-10-23,0.250000000000,-0.100000000000,-0.002972603840,-0.010997345468
2014-07-23,0.000000000000,-0.017129545039,-0.008835958509,2014-07-31,0.173268756343,-0.049686423461,-0.013446023819,2014-08-21,2.077967055564,-0.049686423461,-0.064540914330,2014-10-24,0.250000000000,-0.060000000000,-0.004672154951,-0.009128946367
2014-07-24,0.000000000000,-0.017227913814,-0.001937984496,2014-08-01,-0.020661299320,-0.060394430535,-0.014341085271,2014-08-22,2.077967055564,-0.028387155380,-0.056201550388,2014-10-27,0.250000000000,-0.040000000000,-0.005708184139,-0.015583428354
2014-07-25,0.000000000000,-0.028879031513,-0.002316602317,2014-08-04,-0.020661299320,-0.091824388558,-0.017374517375,2014-08-25,2.077967055564,-0.066616334325,-0.063706563707,2014-10-28,0.250000000000,-0.010000000000,-0.005410659063,-0.020880789674
2014-07-28,0.000000000000,-0.005809360041,-0.009633911368,2014-08-05,-0.020661299320,-0.060394430535,-0.018497109827,2014-08-26,2.077967055564,-0.049962250744,-0.066281310212,2014-10-29,0.200000000000,-0.070000000000,-0.004286265929,-0.011791555725
2014-07-29,0.000000000000,-0.011618720082,0.003875968992,2014-08-06,-0.020661299320,-0.055513611938,-0.010465116279,2014-08-27,2.077967055564,-0.060727850897,-0.063178294574,2014-10-30,0.220000000000,-0.050000000000,-0.003948142359,-0.015921152388
2014-07-30,0.000000000000,-0.011618720082,0.003488372093,2014-08-07,-0.020661299320,-0.055513611938,-0.013565891473,2014-08-28,2.077967055564,-0.065884833311,-0.074418604651,2014-10-31,0.200000000000,-0.120000000000,-0.003681495809,-0.022314674735
2014-07-31,0.000000000000,-0.005843305909,0.008932038835,2014-08-08,0.000000000000,-0.028549241732,-0.006213592233,2014-08-29,1.214972195829,-0.055513611938,-0.100970873786,2014-11-03,0.290000000000,-0.090000000000,-0.006829699944,-0.023123578469
2014-08-01,0.000000000000,0.035685397535,0.012383900929,2014-08-11,0.000000000000,-0.027911754198,-0.012770897833,2014-09-01,1.214972195829,-0.033308167163,-0.103715170279,2014-11-04,0.290000000000,-0.080000000000,-0.004958744214,-0.028462998102
2014-08-04,0.000000000000,0.029216529544,0.010894941634,2014-08-12,0.000000000000,0.000000000000,-0.006614785992,2014-09-02,1.214972195829,-0.022205444775,-0.100389105058,2014-11-05,0.250000000000,-0.120000000000,-0.005404077226,-0.014902560183
2014-08-05,0.000000000000,0.023510603282,0.001930501931,2014-08-13,0.000000000000,-0.011354862152,-0.023938223938,2014-09-03,1.214972195829,-0.033308167163,-0.125482625483,2014-11-06,0.260000000000,-0.100000000000,-0.004474435254,-0.022061620388
2014-08-06,0.210971947763,0.023510603282,0.006179992275,2014-08-14,0.210971947763,0.000000000000,-0.025106218617,2014-09-04,1.682269194224,-0.059415780831,-0.130552336810,2014-11-07,0.250000000000,-0.060000000000,-0.005512972411,-0.023547284466
2014-08-07,0.210971947763,0.164574222975,0.000384911470,2014-08-15,0.210971947763,0.124903483672,-0.031947652040,2014-09-05,1.682269194224,0.053153038228,-0.111239414935,2014-11-10,0.240000000000,-0.040000000000,-0.005841724761,-0.020037807183
2014-08-08,0.210971947763,0.137823310516,-0.013761467890,2014-08-18,0.210971947763,0.124903483672,-0.039755351682,2014-09-09,1.682269194224,0.036623137452,-0.125000000000,2014-11-11,0.190000000000,-0.080000000000,-0.005916062836,-0.019857624578
2014-08-11,0.210971947763,0.136258345824,-0.010777521170,2014-08-19,0.210971947763,0.136258345824,-0.040415704388,2014-09-10,1.682269194224,0.047086891010,-0.120477290223,2014-11-12,0.190000000000,-0.060000000000,-0.008030238312,-0.012927756654
2014-08-12,0.210971947763,0.149308586392,-0.008863198459,2014-08-20,0.210971947763,0.142746208661,-0.042003853565,2014-09-11,1.682269194224,0.063783645873,-0.115992292871,2014-11-13,0.190000000000,-0.090000000000,-0.008866376221,-0.004597701149
2014-08-13,0.000000000000,0.149308586392,-0.014203454894,2014-08-21,0.210971947763,0.142746208661,-0.052591170825,2014-09-12,1.682269194224,0.069468194254,-0.120153550864,2014-11-14,0.220000000000,-0.090000000000,-0.008841725866,0.002701659591
2014-08-14,0.000000000000,0.010094076796,-0.021546748750,2014-08-22,0.210971947763,0.149308586392,-0.055405925356,2014-09-15,1.682269194224,0.092827188537,-0.105425163524,2014-11-17,0.200000000000,-0.120000000000,-0.007827943131,-0.002304147465
2014-08-15,0.000000000000,0.000000000000,-0.013565891473,2014-08-25,0.210971947763,0.144395157564,-0.044573643411,2014-09-16,1.682269194224,0.076030759873,-0.096511627907,2014-11-18,0.190000000000,-0.050000000000,-0.008837509063,-0.008015267176
2014-08-18,0.000000000000,-0.014989806931,-0.008949416342,2014-08-26,0.210971947763,0.145234001022,-0.042801556420,2014-09-17,1.682269194224,0.088331419486,-0.085603112840,2014-11-19,0.160000000000,-0.100000000000,-0.009635235222,-0.016030534351
2014-08-19,0.000000000000,-0.019986409242,-0.007387247278,2014-08-27,0.210971947763,0.139424640982,-0.051710730949,2014-09-18,1.682269194224,0.094899964273,-0.097978227061,2014-11-20,0.210000000000,-0.040000000000,-0.010334407736,-0.013803680982
2014-08-20,0.000000000000,-0.009993204621,-0.008956386293,2014-08-28,0.210971947763,0.151043361063,-0.053348909657,2014-09-19,1.682269194224,0.124903483672,-0.088395638629,2014-11-21,0.230000000000,-0.020000000000,-0.009655761620,-0.013819577735
2014-08-21,0.000000000000,-0.014989806931,0.006291781361,2014-08-29,0.210971947763,0.151925953628,-0.047581596540,2014-09-22,1.682269194224,0.145234001022,-0.075108139992,2014-11-24,0.260000000000,0.010000000000,-0.007775723271,-0.018146718147
2014-08-22,0.000000000000,-0.005047038398,0.002357563851,2014-09-01,0.210971947763,0.172479421421,-0.053045186640,2014-09-23,1.682269194224,0.138619351261,-0.073084479371,2014-11-25,0.240000000000,-0.010000000000,-0.005931123376,-0.013571151609
2014-08-25,0.000000000000,0.005072640208,0.002355712603,2014-09-02,0.210971947763,0.157769259536,-0.051433058500,2014-09-24,1.682269194224,0.118552976244,-0.071456615626,2014-11-26,0.260000000000,0.060000000000,-0.005153864550,-0.023479599692
2014-08-26,0.000000000000,0.025492515397,-0.009792401097,2014-09-03,0.210971947763,0.182207175436,-0.056404230317,2014-09-25,1.682269194224,0.116578585069,-0.073638856248,2014-11-27,0.240000000000,0.020000000000,-0.004214562486,-0.015023112481
2014-08-27,0.000000000000,0.015141115194,-0.008251473477,2014-09-04,0.210971947763,0.182207175436,-0.049901768173,2014-09-26,1.682269194224,0.092323065560,-0.073477406680,2014-11-28,0.250000000000,0.050000000000,-0.004944055808,-0.013926499033
2014-08-28,0.000000000000,0.015217920623,-0.017194216491,2014-09-05,0.210971947763,0.176329524616,-0.052364204767,2014-09-29,1.682269194224,0.075213822152,-0.099257522470,2014-12-01,0.230000000000,-0.060000000000,-0.004738338423,-0.010089251067
2014-08-29,0.000000000000,0.015217920623,-0.015288122305,2014-09-09,0.210971947763,0.149308586392,-0.049784398275,2014-09-30,1.682269194224,0.058159208189,-0.074872598981,2014-12-02,0.210000000000,-0.080000000000,-0.004878285562,-0.002343750000
2014-09-01,0.000000000000,0.010094076796,-0.023501762632,2014-09-10,0.210971947763,0.136258345824,-0.052878965922,2014-10-08,1.682269194224,0.058159208189,-0.066196631414,2014-12-03,0.230000000000,-0.020000000000,-0.003778622152,-0.011249030256
2014-09-02,0.000000000000,-0.004971760401,-0.016613924051,2014-09-11,0.210971947763,0.149308586392,-0.039161392405,2014-10-09,1.682269194224,0.047086891010,-0.053797468354,2014-12-04,0.230000000000,-0.030000000000,-0.004599823457,-0.014780241151
2014-09-03,0.000000000000,-0.004971760401,-0.022187004754,2014-09-12,0.000000000000,0.149308586392,-0.036053882726,2014-10-10,1.682269194224,0.047086891010,-0.052297939778,2014-12-05,0.270000000000,0.020000000000,-0.002771766880,-0.018280824582
2014-09-04,0.000000000000,0.024983011552,-0.023856858847,2014-09-15,0.000000000000,0.035329268785,-0.031411530815,2014-10-13,1.682269194224,0.073246274904,-0.051292246521,2014-12-08,0.240000000000,0.000000000000,-0.002572801351,-0.027391975309
2014-09-05,0.000000000000,0.029979613863,-0.018710191083,2014-09-16,0.000000000000,0.040376307183,-0.027468152866,2014-10-14,1.682269194224,0.072865053920,-0.052149681529,2014-12-09,0.280000000000,0.090000000000,-0.003235091418,-0.038226299694
2014-09-09,0.000000000000,0.074949034656,-0.013237063779,2014-09-17,0.000000000000,0.074949034656,-0.021259526675,2014-10-15,1.682269194224,0.119706874297,-0.019253910951,2014-12-10,0.310000000000,0.120000000000,-0.001963690015,-0.037750385208
2014-09-10,0.000000000000,0.129911660071,-0.018905872888,2014-09-18,0.000000000000,0.129911660071,-0.017699115044,2014-10-16,1.682269194224,0.183115687259,-0.009654062751,2014-12-11,0.390000000000,0.200000000000,-0.002526893952,-0.041570438799
2014-09-11,0.000000000000,0.149898069313,-0.014991896272,2014-09-19,0.000000000000,0.149898069313,-0.007698541329,2014-10-17,1.682269194224,0.210375731056,-0.011750405186,2014-12-12,0.440000000000,0.220000000000,-0.004370200815,-0.045804464973
2014-09-12,0.000000000000,0.151119257468,-0.013441955193,2014-09-22,0.000000000000,0.179877683175,-0.002443991853,2014-10-20,1.682269194224,0.241932090714,-0.010183299389,2014-12-15,0.420000000000,0.220000000000,-0.003533236126,-0.051578137028
2014-09-15,0.000000000000,0.208600147475,-0.022312373225,2014-09-23,0.000000000000,0.257398958291,-0.004868154158,2014-10-21,1.021138745760,0.331309849521,-0.023123732252,2014-12-16,0.490000000000,0.300000000000,-0.001623954549,-0.054251635244
2014-09-16,0.000000000000,0.195225345828,-0.017886178862,2014-09-24,0.000000000000,0.304358412467,0.000406504065,2014-10-22,1.021138745760,0.366755963771,-0.027235772358,2014-12-17,0.470000000000,0.310000000000,0.003584316845,-0.046547711404
2014-09-17,0.000000000000,0.150352000566,-0.012300123001,2014-09-25,0.000000000000,0.326304197088,0.006150061501,2014-10-23,1.021138745760,0.412738410740,-0.015580155802,2014-12-18,0.480000000000,0.270000000000,0.002422293240,-0.043934681182
2014-09-18,0.000000000000,0.169465011993,-0.005347593583,2014-09-26,0.000000000000,0.358339726249,0.001645413410,2014-10-24,0.420795551118,0.485822807173,-0.009872480461,2014-12-19,0.560000000000,0.330000000000,0.002376437460,-0.052160373686
2014-09-19,0.000000000000,0.139749974591,0.001238645747,2014-09-29,0.000000000000,0.365230094960,0.005367464905,2014-10-27,0.185951693882,0.477665041507,-0.003715937242,2014-12-22,0.610000000000,0.350000000000,0.000224602064,-0.042862760519
2014-09-22,0.000000000000,0.100346798536,0.005809128631,2014-09-30,0.000000000000,0.390593295999,0.006224066390,2014-10-28,0.185951693882,0.480727681272,-0.006639004149,2014-12-23,0.560000000000,0.320000000000,-0.001730483317,-0.054245283019
2014-09-23,0.000000000000,0.066112874121,0.000827814570,2014-10-08,0.000000000000,0.383574918238,0.002897350993,2014-10-29,0.185951693882,0.505117055387,-0.014486754967,2014-12-24,0.580000000000,0.320000000000,-0.000595289820,-0.049664958613
2014-09-24,0.000000000000,0.065350432082,0.008302200083,2014-10-09,0.000000000000,0.377853790470,0.003320880033,2014-10-30,0.185951693882,0.538482035795,-0.014528850145,2014-12-25,0.520000000000,0.280000000000,-0.002006531382,-0.054360578803
2014-09-25,0.000000000000,0.018577968016,0.006203473945,2014-10-10,0.000000000000,0.362938509267,-0.012406947891,2014-10-31,0.185951693882,0.521827952214,-0.019851116625,2014-12-26,0.540000000000,0.290000000000,-0.001820960557,-0.057669674382
2014-09-26,0.000000000000,0.000000000000,0.004536082474,2014-10-13,0.000000000000,0.344765559420,-0.045360824742,2014-11-03,0.210971947763,0.536725744564,-0.010309278351,2014-12-29,0.500000000000,0.270000000000,0.000550961945,-0.047824382595
2014-09-29,0.000000000000,-0.032830419938,0.007838283828,2014-10-14,0.000000000000,0.324779150178,-0.044554455446,2014-11-04,0.210971947763,0.480082172204,-0.013613861386,2014-12-30,0.570000000000,0.360000000000,-0.000692649139,-0.050900548160
2014-09-30,0.000000000000,-0.040126068813,0.009098428453,2014-10-15,0.000000000000,0.314785945557,-0.043837882548,2014-11-05,0.210971947763,0.493936503611,-0.002894954508,2014-12-31,0.550000000000,0.320000000000,0.004714971478,-0.047077285210
2014-10-08,0.000000000000,-0.036083367011,0.005351996706,2014-10-16,0.000000000000,0.334772354799,-0.067517496912,2014-11-06,0.210971947763,0.516646227915,-0.006587072869,2015-01-05,0.550000000000,0.320000000000,0.005418378554,-0.045400710620
2014-10-09,0.000000000000,-0.018239122188,0.006576243321,2014-10-17,0.000000000000,0.344765559420,-0.074804767776,2014-11-07,0.210971947763,0.545550604126,-0.006987258529,2015-01-06,0.390000000000,0.120000000000,-0.002286968182,-0.036846275753
2014-10-10,0.034843407918,-0.003715593603,0.005336617406,2014-10-20,0.034843407918,0.307113329693,-0.052134646962,2014-11-10,0.253166337316,0.522323658991,0.002463054187,2015-01-07,0.370000000000,0.130000000000,-0.000935758168,-0.038476794923
2014-10-13,0.034843407918,0.003771649267,0.004093327876,2014-10-21,0.034843407918,0.291069973222,-0.063037249284,2014-11-11,0.253166337316,0.510968796839,0.000818665575,2015-01-08,0.350000000000,0.070000000000,-0.000810991085,-0.029809220986
2014-10-14,0.174217039588,0.022801897118,0.008606557377,2014-10-22,0.174217039588,0.251004016064,-0.063524590164,2014-11-12,0.421943895527,0.528001090067,-0.003688524590,2015-01-09,0.350000000000,0.040000000000,-0.001076171272,-0.021617293835
2014-10-15,0.174217039588,-0.011230234787,0.004914004914,2014-10-23,0.174217039588,0.168040471221,-0.060606060606,2014-11-13,0.421943895527,0.508176502832,0.005733005733,2015-01-12,0.290000000000,-0.100000000000,0.000578340732,-0.024899598394
2014-10-16,0.174217039588,-0.018577968016,-0.005716619028,2014-10-24,0.174217039588,0.147738728404,-0.064107799102,2014-11-14,0.421943895527,0.508176502832,0.009391588403,2015-01-13,0.290000000000,-0.150000000000,0.000219306112,-0.013311819282
2014-10-17,0.185186224390,-0.026106155085,-0.005716619028,2014-10-27,0.226482151464,0.105871192872,-0.050632911392,2014-11-17,0.485235479856,0.499609500620,0.009391588403,2015-01-14,0.280000000000,-0.140000000000,0.000737342958,-0.006087662338
2014-10-20,0.185186224390,-0.033817296420,-0.011414594374,2014-10-28,0.226482151464,0.032110975531,-0.049735018345,2014-11-18,0.485235479856,0.485167729415,0.002853648594,2015-01-15,0.300000000000,-0.190000000000,-0.000162822429,-0.004068348251
2014-10-21,0.044510605888,-0.063165091255,-0.015440877692,2014-10-29,0.226482151464,-0.019444962977,-0.045103616416,2014-11-19,0.485235479856,0.464748803272,0.018285249898,2015-01-16,0.290000000000,-0.180000000000,-0.006037619638,0.001220504475
2014-10-22,0.044510605888,-0.068146712300,-0.015077424613,2014-10-30,0.226482151464,-0.053818002891,-0.054604726976,2014-11-20,0.485235479856,0.429892643026,0.038712306438,2015-01-19,0.330000000000,-0.150000000000,-0.004596515453,0.002033346889
2014-10-23,0.044510605888,-0.079504497683,-0.019301848049,2014-10-31,0.226482151464,-0.096605433684,-0.038603696099,2014-11-21,0.485235479856,0.412464562904,0.067761806982,2015-01-20,0.340000000000,-0.220000000000,-0.005480453051,0.005338809035
2014-10-24,0.000000000000,-0.091906133203,-0.049281314168,2014-11-03,0.226482151464,-0.118898995303,-0.034086242300,2014-11-24,0.485235479856,0.385658189978,0.066940451745,2015-01-21,0.380000000000,-0.230000000000,-0.003379664735,-0.001232539030
2014-10-27,0.000000000000,-0.093335822289,-0.044948453608,2014-11-04,0.226482151464,-0.149560801938,-0.027216494845,2014-11-25,0.485235479856,0.386591806633,0.071752577320,2015-01-22,0.390000000000,-0.170000000000,-0.002944479711,0.008728179551
2014-10-28,0.000000000000,-0.087254497573,-0.045810978126,2014-11-05,0.226482151464,-0.160504275250,-0.023937267850,2014-11-26,0.485235479856,0.344755048616,0.071811803549,2015-01-23,0.380000000000,-0.200000000000,-0.005417682431,0.004562422231
2014-10-29,0.000000000000,-0.069067507394,-0.062887877534,2014-11-06,0.226482151464,-0.173200161653,-0.021514273893,2014-11-27,0.485235479856,0.346781398411,0.079437318990,2015-01-26,0.390000000000,-0.130000000000,-0.004696746465,0.004135649297
2014-10-30,0.000000000000,-0.057580942353,-0.057370184255,2014-11-07,0.226482151464,-0.164152099688,-0.012562814070,2014-11-28,0.485235479856,0.346781398411,0.084589614740,2015-01-27,0.420000000000,-0.120000000000,-0.003614359709,-0.002497918401
2014-10-31,0.000000000000,0.075905809325,-0.002591792657,2014-11-10,0.226482151464,-0.052018310445,-0.004319654428,2014-12-01,0.485235479856,0.499600319744,0.125269978402,2015-01-28,0.420000000000,-0.080000000000,-0.004887603025,-0.032935364347
2014-11-03,0.000000000000,0.214467092169,-0.011658031088,2014-11-11,0.226482151464,0.067889686802,0.018998272884,2014-12-02,0.485235479856,0.625947535260,0.118307426598,2015-01-29,0.430000000000,-0.140000000000,-0.002958002226,-0.043316831683
2014-11-04,0.000000000000,0.304167970244,-0.011678200692,2014-11-12,0.226482151464,0.140611698893,0.031141868512,2014-12-03,0.485235479856,0.704001453422,0.108564013841,2015-01-30,0.430000000000,-0.120000000000,-0.007766379032,-0.046521202141
2014-11-05,0.000000000000,0.405872494938,0.012803532009,2014-11-13,0.226482151464,0.205887637758,0.056070640177,2014-12-04,0.485235479856,0.849910414848,0.139072847682,2015-02-02,0.430000000000,-0.120000000000,-0.009889869802,-0.060380479735
2014-11-06,0.042613838134,0.523706445081,0.018214127055,2014-11-14,0.278747263341,0.297247488259,0.062638827188,2014-12-05,0.278747263341,1.004961639179,0.143936028432,2015-02-03,0.430000000000,0.040000000000,-0.002994372925,-0.069518716578
2014-11-07,0.042613838134,0.391947823906,0.006929406670,2014-11-17,0.235691558314,0.324462213205,0.033347769597,2014-12-08,0.278747263341,0.792385028465,0.108271979212,2015-02-04,0.450000000000,0.080000000000,-0.002563935494,-0.068481848185
2014-11-10,0.042613838134,0.293145343580,0.018348623853,2014-11-18,0.235691558314,0.375747737999,0.040192223678,2014-12-09,0.278747263341,0.847902450842,0.119702927042,2015-02-05,0.380000000000,0.030000000000,-0.001117747767,-0.055714870955
2014-11-11,0.042613838134,0.213236666045,0.028446389497,2014-11-19,0.089021211777,0.352981392307,0.070021881838,2014-12-10,0.278747263341,0.819442778910,0.120350109409,2015-02-06,0.440000000000,0.090000000000,-0.001838470484,-0.070785597381
2014-11-12,0.042613838134,0.099336926019,0.011333914560,2014-11-20,0.089021211777,0.340733561499,0.073234524847,2014-12-11,0.278747263341,0.769476755806,0.106800348736,2015-02-09,0.440000000000,0.150000000000,-0.002084079586,-0.051482701812
2014-11-13,0.000000000000,-0.014321066862,0.021378708551,2014-11-21,0.089021211777,0.302874276888,0.064136125654,2014-12-12,0.278747263341,0.719510732702,0.092495636998,2015-02-10,0.460000000000,0.170000000000,-0.000346411382,-0.062551103843
2014-11-14,0.000000000000,-0.059132276086,0.011612903226,2014-11-24,0.042613838134,0.279547821825,0.045161290323,2014-12-15,0.278747263341,0.669544709597,0.077849462366,2015-02-11,0.470000000000,0.190000000000,-0.001984067216,-0.068191098408
2014-11-17,0.000000000000,-0.098324119999,0.012012012012,2014-11-25,0.042613838134,0.283896459461,0.033033033033,2014-12-16,0.278747263341,0.666209068519,0.069498069498,2015-02-12,0.430000000000,0.130000000000,-0.001605690594,-0.046160130719
2014-11-18,0.000000000000,-0.098864160643,0.006382978723,2014-11-26,0.042613838134,0.301424627979,0.018297872340,2014-12-17,0.278747263341,0.664515867219,0.054893617021,2015-02-13,0.480000000000,0.190000000000,-0.001035483661,-0.049167005282
2014-11-19,0.000000000000,-0.104479634943,0.019396551724,2014-11-27,0.042613838134,0.288458413235,0.034913793103,2014-12-18,0.278747263341,0.616918872619,0.077155172414,2015-02-16,0.480000000000,0.150000000000,-0.001595278953,-0.046266233766
2014-11-20,0.000000000000,-0.107515633354,0.007261853909,2014-11-28,0.042613838134,0.263227165043,0.028193079880,2014-12-19,0.278747263341,0.550127185368,0.067065356685,2015-02-17,0.530000000000,0.190000000000,0.000101232754,-0.048202614379
2014-11-21,0.000000000000,-0.110733354083,-0.019982993197,2014-12-01,0.042613838134,0.253019364415,0.025935374150,2014-12-22,0.278747263341,0.507264020778,0.054421768707,2015-02-25,0.490000000000,0.110000000000,0.000128983593,-0.033730974907
2014-11-24,-0.013624040073,-0.130249351782,0.000423908436,2014-12-02,0.028409225422,0.231624459543,0.014836795252,2014-12-23,0.261325559382,0.456537618700,0.043662568885,2015-02-26,0.450000000000,0.060000000000,0.001633306724,-0.028018129378
2014-11-25,-0.013624040073,-0.161518394812,0.008033826638,2014-12-03,0.028409225422,0.195536552300,0.006765327696,2014-12-24,0.261325559382,0.388621956636,0.043128964059,2015-02-27,0.440000000000,0.060000000000,0.006394957894,-0.025185796862
2014-11-26,-0.013624040073,-0.154507845215,0.011416490486,2014-12-04,0.028409225422,0.170204594651,0.003805496829,2014-12-25,0.261325559382,0.333107946862,0.045243128964,2015-03-02,0.420000000000,0.030000000000,0.005477861197,-0.026771004942
2014-11-27,-0.013624040073,-0.156282558866,0.014418999152,2014-12-05,0.028409225422,0.130926611270,0.005089058524,2014-12-26,0.261325559382,0.288362103254,0.049194232400,2015-03-03,0.420000000000,0.000000000000,0.005209891437,-0.011268781302
2014-11-28,-0.013624040073,-0.117791179796,0.035140997831,2014-12-08,0.028409225422,0.027436347673,0.041214750542,2014-12-29,0.261325559382,0.309789343247,0.070715835141,2015-03-04,0.420000000000,0.000000000000,0.004885453006,0.001702852278
2014-12-01,0.000000000000,-0.114928117686,0.008898305085,2014-12-09,0.028409225422,-0.102424276673,0.013135593220,2014-12-30,0.261325559382,0.269816524763,0.041101694915,2015-03-05,0.390000000000,-0.040000000000,0.005520687483,-0.007330746011
2014-12-02,0.000000000000,-0.018172830891,0.025587248322,2014-12-10,0.028409225422,-0.099954687208,0.011325503356,2014-12-31,0.261325559382,0.349762161730,0.025587248322,2015-03-06,0.430000000000,0.000000000000,0.004506921869,0.031951640760
2014-12-03,0.000000000000,-0.026106155085,0.029264214047,2014-12-11,0.028409225422,-0.189361015223,0.008779264214,2015-01-05,0.261325559382,0.304792740936,-0.003344481605,2015-03-09,0.510000000000,0.080000000000,0.006353445768,0.049295774648
2014-12-04,0.000000000000,-0.023153865152,0.019648829431,2014-12-12,-0.013624040073,-0.274964483754,0.010033444816,2015-01-06,0.261325559382,0.264819922453,-0.004180602007,2015-03-10,0.500000000000,0.070000000000,0.004501781104,0.057471264368
2014-12-05,0.000000000000,-0.041962950529,0.018440905281,2014-12-15,-0.013624040073,-0.292845557758,0.023470243085,2015-01-07,0.261325559382,0.224241478824,-0.007544006706,2015-03-11,0.480000000000,0.030000000000,0.004688678906,0.060230292294
2014-12-08,0.000000000000,-0.035414108981,0.011339773205,2014-12-16,-0.013624040073,-0.330478292219,0.026879462411,2015-01-08,0.261325559382,0.189195482594,-0.008819823604,2015-03-12,0.560000000000,0.180000000000,0.004090497885,0.029501084599
2014-12-09,0.000000000000,-0.081440459620,-0.021267893661,2014-12-17,-0.013624040073,-0.318562295406,-0.005725971370,2015-01-09,0.261325559382,0.153391343150,-0.031492842536,2015-03-13,0.550000000000,0.110000000000,0.008040978045,0.060325847644
2014-12-10,0.000000000000,-0.053611911035,-0.024776604387,2014-12-18,-0.013624040073,-0.302143809158,-0.002437043054,2015-01-12,0.261325559382,0.092864470938,-0.042648253452,2015-03-16,0.490000000000,0.050000000000,0.009649208680,0.069474598350
2014-12-11,0.000000000000,-0.059256684154,-0.013120131201,2014-12-19,-0.013624040073,-0.308017760420,0.013530135301,2015-01-13,0.261325559382,0.034762053742,-0.030750307503,2015-03-17,0.470000000000,0.010000000000,0.007884609113,0.064544265155
2014-12-12,0.000000000000,-0.059728593272,-0.006995884774,2014-12-22,-0.013624040073,-0.293293748653,0.017283950617,2015-01-14,0.261325559382,0.000000000000,-0.031687242798,2015-03-18,0.490000000000,0.020000000000,0.010948339435,0.066608238387
2014-12-15,0.000000000000,-0.040793681875,-0.005813953488,2014-12-23,-0.013624040073,-0.287760195798,0.021594684385,2015-01-15,0.261325559382,-0.056194207180,-0.015780730897,2015-03-19,0.460000000000,0.030000000000,0.010490474326,0.043683083512
2014-12-16,0.000000000000,-0.072540864687,-0.005014625992,2014-12-24,-0.013624040073,-0.298656654558,0.047221061429,2015-01-16,0.261325559382,-0.105002800075,-0.011700793982,2015-03-20,0.500000000000,0.020000000000,0.012092620857,0.027350427350
2014-12-17,0.000000000000,-0.068788035737,-0.011245314452,2014-12-25,-0.013624040073,-0.274330255789,0.061640982924,2015-01-19,0.261325559382,-0.115324291909,-0.013327780092,2015-03-23,0.420000000000,-0.060000000000,0.012279981954,0.021702127660
2014-12-18,0.000000000000,-0.020996405415,-0.015371832156,2014-12-26,-0.013624040073,-0.240935611586,0.080182800166,2015-01-20,0.261325559382,-0.133761369716,-0.011217282925,2015-03-24,0.490000000000,-0.040000000000,0.012636487122,0.033905579399
2014-12-19,0.000000000000,0.029643934004,-0.005387484459,2014-12-29,-0.013624040073,-0.181734963115,0.076668048073,2015-01-21,0.261325559382,-0.096605433684,-0.012432656444,2015-03-25,0.570000000000,0.080000000000,0.015485829960,0.027671349510
2014-12-22,-0.013812218288,0.034022863364,-0.001253132832,2014-12-30,-0.013812218288,-0.153237490249,0.085630743525,2015-01-22,0.243903855423,-0.113082557563,-0.002088554720,2015-03-26,0.490000000000,0.040000000000,0.014349009838,0.021195421789
2014-12-23,-0.013812218288,0.056488337331,0.012599748005,2014-12-31,-0.013812218288,-0.116306117702,0.090718185636,2015-01-23,0.243903855423,-0.113082557563,0.009659806804,2015-03-27,0.470000000000,0.030000000000,0.009690199389,0.008047437526
2014-12-24,-0.013812218288,0.069524107484,0.016427969671,2015-01-05,-0.013812218288,-0.082047915983,0.098989048020,2015-01-26,0.243903855423,-0.111858437735,0.010109519798,2015-03-30,0.560000000000,0.140000000000,0.013657459750,0.006347862886
2014-12-25,-0.013812218288,0.060050785807,0.019409282700,2015-01-06,-0.013812218288,-0.046307730304,0.092827004219,2015-01-27,0.243903855423,-0.098491259813,-0.000421940928,2015-03-31,0.590000000000,0.170000000000,0.012379087603,0.002954833263
2014-12-26,-0.013812218288,-0.024677546723,0.017500000000,2015-01-07,-0.013812218288,-0.095370342112,0.085416666667,2015-01-28,0.243903855423,-0.118898995303,-0.014166666667,2015-04-01,0.590000000000,0.170000000000,0.012717534092,0.014024649384
2014-12-29,0.000000000000,-0.012338773361,0.022584692597,2015-01-08,-0.013812218288,-0.055088613970,0.083228774571,2015-01-29,0.243903855423,-0.094291231670,0.000000000000,2015-04-02,0.580000000000,0.190000000000,0.009291282100,0.045178105995
2014-12-30,0.000000000000,-0.049355093446,0.008295313148,2015-01-09,-0.013812218288,-0.144371723872,0.063044379925,2015-01-30,0.243903855423,-0.121610117962,-0.012028204065,2015-04-03,0.570000000000,0.140000000000,0.012325030041,-0.000836820084
2014-12-31,0.000000000000,-0.081255891052,0.017820140903,2015-01-12,-0.013812218288,-0.134029777587,0.069208454206,2015-02-02,0.243903855423,-0.153479875419,-0.002900953170,2015-04-07,0.560000000000,0.050000000000,0.009774542336,0.011744966443
2015-01-05,0.000000000000,-0.097112521041,0.023178807947,2015-01-13,-0.013812218288,-0.118513368308,0.065811258278,2015-02-03,0.243903855423,-0.170917305749,-0.006208609272,2015-04-08,0.490000000000,-0.010000000000,0.011679016161,0.009197324415
2015-01-06,-0.028011335254,-0.029518925848,0.012285012285,2015-01-14,-0.041436654865,-0.083620030581,0.047911547912,2015-02-04,0.168351113081,-0.141719127607,-0.018837018837,2015-04-09,0.400000000000,-0.080000000000,0.012327758425,0.017126148705
2015-01-07,-0.028011335254,-0.041643068928,0.006134969325,2015-01-15,-0.041436654865,-0.061190522812,0.048261758691,2015-02-05,0.168351113081,-0.135269185680,-0.026175869121,2015-04-10,0.410000000000,-0.150000000000,0.008439061728,0.030341340076
2015-01-08,-0.042017002880,0.012979371452,0.030851501440,2015-01-16,-0.055248873153,-0.056420672534,0.053064582476,2015-02-06,0.014836868629,-0.130045776113,-0.015631427396,2015-04-13,0.390000000000,-0.160000000000,0.006770875516,0.009551495017
2015-01-09,-0.042017002880,0.026532705982,0.037866449511,2015-01-19,-0.055248873153,-0.060695325651,0.033794788274,2015-02-09,0.014836868629,-0.121149710755,-0.026872964169,2015-04-14,0.410000000000,-0.080000000000,0.004754255721,-0.009744214373
2015-01-12,-0.042017002880,0.040334145992,0.051779935275,2015-01-20,-0.055248873153,-0.025195686498,0.012944983819,2015-02-10,0.014836868629,-0.121149710755,-0.040048543689,2015-04-15,0.360000000000,-0.110000000000,0.003747239323,0.006964358869
2015-01-13,-0.014409291111,0.008690513436,0.050970873786,2015-01-21,-0.055248873153,-0.016939390860,0.013754045307,2015-02-11,-0.028409225422,-0.111053244287,-0.036003236246,2015-04-16,0.350000000000,-0.140000000000,0.000129915297,0.015201314708
2015-01-14,-0.014409291111,-0.030416797024,0.056504065041,2015-01-22,-0.055248873153,-0.051034295046,0.013414634146,2015-02-12,-0.028409225422,-0.132225748242,-0.032520325203,2015-04-17,0.370000000000,-0.090000000000,0.000201771880,0.011899876898
2015-01-15,0.000000000000,-0.072607373492,0.036312849162,2015-01-23,-0.055248873153,-0.056488337331,-0.010774142059,2015-02-13,-0.028409225422,-0.138813973411,-0.045091779729,2015-04-20,0.290000000000,-0.210000000000,-0.000942722169,0.024126455907
2015-01-16,0.000000000000,-0.086156391081,0.023538642605,2015-01-26,-0.055248873153,-0.078214620920,-0.019615535504,2015-02-16,-0.028409225422,-0.138135014789,-0.055315810122,2015-04-21,0.190000000000,-0.230000000000,0.002846044724,0.048729695960
2015-01-19,0.000000000000,-0.107695488851,-0.003846153846,2015-01-27,-0.055248873153,-0.111522887928,-0.039230769231,2015-02-17,-0.028409225422,-0.148065280337,-0.076538461538,2015-04-22,0.230000000000,-0.260000000000,0.005759755712,0.065587380656
2015-01-20,0.000000000000,-0.137850225730,0.002694380293,2015-01-28,-0.055248873153,-0.176855751514,-0.045419553503,2015-02-25,-0.028409225422,-0.156028608056,-0.079291762895,2015-04-23,0.230000000000,-0.340000000000,0.000621336686,0.064623032312
2015-01-21,0.000000000000,-0.103076150868,-0.003462870335,2015-01-29,-0.042017002880,-0.176855751514,-0.052712581762,2015-02-26,-0.028409225422,-0.141548280832,-0.079261254329,2015-04-24,0.230000000000,-0.260000000000,-0.000203256768,0.087588210876
2015-01-22,-0.014619954288,-0.082897354653,-0.013092029265,2015-01-30,-0.056022670507,-0.180968675967,-0.050057758953,2015-02-27,-0.042613838134,-0.134702958251,-0.087793608009,2015-04-27,0.260000000000,-0.210000000000,-0.000326446334,0.087815126050
2015-01-23,-0.014619954288,-0.056567485010,-0.011115369874,2015-02-02,-0.056022670507,-0.186888549420,-0.052510540437,2015-03-02,-0.042613838134,-0.126562390894,-0.081640475278,2015-04-28,0.290000000000,-0.270000000000,-0.001584780967,0.096299411270
2015-01-26,-0.014619954288,-0.014483238066,-0.005791505792,2015-02-03,-0.056022670507,-0.173993266865,-0.044787644788,2015-03-03,-0.042613838134,-0.109105509392,-0.071428571429,2015-04-29,0.210000000000,-0.380000000000,0.004370943905,0.098063973064
2015-01-27,-0.014619954288,-0.009993204621,-0.017658349328,2015-02-04,-0.056022670507,-0.164462586870,-0.052591170825,2015-03-04,-0.042613838134,-0.223410259626,-0.075239923225,2015-04-30,0.220000000000,-0.370000000000,0.004891409111,0.085079631182
2015-01-28,-0.014619954288,-0.014989806931,-0.010424710425,2015-02-05,-0.056022670507,-0.179065196389,-0.051351351351,2015-03-05,-0.042613838134,-0.303740958409,-0.080694980695,2015-05-04,0.170000000000,-0.410000000000,0.003877670471,0.079800498753
2015-01-29,0.000000000000,-0.020086774867,-0.001170503316,2015-02-06,-0.056022670507,-0.155752457428,-0.046039797113,2015-03-06,-0.042613838134,-0.349841405230,-0.067889192353,2015-05-05,0.120000000000,-0.450000000000,0.003994161146,0.082495812395
2015-01-30,0.000000000000,-0.029979613863,-0.015891472868,2015-02-09,-0.056022670507,-0.141507765239,-0.075968992248,2015-03-09,-0.042613838134,-0.397347704075,-0.074806201550,2015-05-06,0.150000000000,-0.410000000000,0.007213297753,0.053897180763
2015-02-02,0.000000000000,-0.053885644864,-0.027572815534,2015-02-10,-0.056022670507,-0.134447153306,-0.074951456311,2015-03-10,-0.081744240437,-0.446817286101,-0.075728155340,2015-05-07,0.030000000000,-0.460000000000,0.010335825905,0.071251035626
2015-02-03,0.000000000000,-0.030282230387,-0.020711215318,2015-02-11,-0.028818582222,-0.165119755275,-0.074638530676,2015-03-11,-0.081744240437,-0.458979095332,-0.078155529504,2015-05-08,0.030000000000,-0.370000000000,0.006366603991,0.062833675565
2015-02-04,0.000000000000,-0.030435841247,-0.027311744050,2015-02-12,-0.028818582222,-0.169465011993,-0.079204057745,2015-03-12,-0.081744240437,-0.477964472218,-0.075302380023,2015-05-11,0.090000000000,-0.320000000000,0.007358303163,0.047034764826
2015-02-05,0.000000000000,-0.025623155133,-0.031640625000,2015-02-13,-0.014619954288,-0.187924966686,-0.075000000000,2015-03-13,-0.081744240437,-0.477843443109,-0.072656250000,2015-05-12,0.100000000000,-0.290000000000,0.006702814023,0.059646236117
2015-02-06,0.000000000000,-0.025755140726,-0.015754233950,2015-02-16,-0.014619954288,-0.185236240824,-0.071681764474,2015-03-16,-0.081744240437,-0.465922696365,-0.061441512406,2015-05-13,0.130000000000,-0.280000000000,0.004075553754,0.051250512505
2015-02-09,0.000000000000,-0.020710794466,-0.002396166134,2015-02-17,-0.014619954288,-0.185236240824,-0.055910543131,2015-03-17,-0.081744240437,-0.450403328916,-0.037539936102,2015-05-14,0.240000000000,-0.120000000000,0.007187634496,0.018714401953
2015-02-10,0.000000000000,-0.020818586834,-0.010375099761,2015-02-25,-0.014619954288,-0.189544060378,-0.061053471668,2015-03-18,-0.081744240437,-0.436947829626,-0.033519553073,2015-05-15,0.250000000000,-0.100000000000,0.009157435273,0.017401861594
2015-02-11,0.000000000000,-0.015695630337,-0.012434817489,2015-02-26,-0.014619954288,-0.156855012190,-0.049338146811,2015-03-19,-0.081744240437,-0.430125766351,-0.027677496992,2015-05-18,0.310000000000,-0.060000000000,0.009748457362,0.015409570154
2015-02-12,0.000000000000,0.000000000000,-0.004840661557,2015-02-27,-0.014619954288,-0.124346031980,-0.045986284792,2015-03-20,-0.081744240437,-0.420557329888,-0.010891488503,2015-05-19,0.320000000000,0.030000000000,0.008437616287,0.006904955321
2015-02-13,-0.148368686294,0.021148802978,-0.010804321729,2015-03-02,-0.160819497171,-0.089565184599,-0.052020808323,2015-03-23,-0.217984641165,-0.390999445033,-0.039615846339,2015-05-20,0.330000000000,0.140000000000,0.004799184598,-0.008737092931
2015-02-16,-0.148368686294,0.047584806700,-0.009607686149,2015-03-03,-0.160819497171,-0.043449714197,-0.047237790232,2015-03-24,-0.217984641165,-0.354891644093,-0.036028823058,2015-05-21,0.340000000000,0.110000000000,0.001008296404,-0.026879626023
2015-02-17,-0.148368686294,0.074414253519,-0.004838709677,2015-03-04,-0.160819497171,0.009993204621,-0.039112903226,2015-03-25,-0.217984641165,-0.319718916590,-0.030645161290,2015-05-22,0.340000000000,0.110000000000,0.006695505135,-0.031906614786
2015-02-25,-0.148368686294,0.079729557341,-0.002030869212,2015-03-05,-0.160819497171,0.014989806931,-0.029650690496,2015-03-26,-0.207183274324,-0.292544299565,-0.020714865963,2015-05-25,0.430000000000,0.200000000000,0.008636552836,-0.058778625954
2015-02-26,-0.148368686294,0.099928472251,-0.008917713822,2015-03-06,-0.148368686294,0.050216937169,-0.025537089582,2015-03-27,-0.207183274324,-0.239881367760,-0.019862180786,2015-05-26,0.240000000000,-0.020000000000,0.008755801141,-0.048281189649
2015-02-27,0.000000000000,0.150153259879,-0.035598705502,2015-03-09,-0.148368686294,0.109925250829,-0.029935275081,2015-03-30,-0.207183274324,-0.171554733419,-0.028721682848,2015-05-27,0.240000000000,-0.050000000000,0.009191049416,-0.054468738013
2015-03-02,0.000000000000,0.126175959947,-0.037186742118,2015-03-10,-0.148368686294,0.093075204765,-0.042441390461,2015-03-31,-0.207183274324,-0.138923190911,-0.033953112369,2015-05-28,0.170000000000,-0.040000000000,0.005760178875,-0.047527788425
2015-03-03,0.000000000000,0.123679107136,-0.040518638574,2015-03-11,-0.148368686294,0.146364113538,-0.041329011345,2015-04-01,-0.207183274324,-0.133518478957,-0.032009724473,2015-05-29,0.250000000000,0.030000000000,0.005553379745,-0.047122441097
2015-03-04,0.000000000000,0.177221172023,-0.039479039479,2015-03-12,-0.148368686294,0.213050888727,-0.026862026862,2015-04-02,-0.207183274324,-0.059023514968,-0.030118030118,2015-06-01,0.260000000000,0.090000000000,0.007014995063,-0.053502694380
2015-03-05,0.000000000000,0.186481523984,-0.031492842536,2015-03-13,-0.148368686294,0.271605444408,-0.025766871166,2015-04-03,-0.207183274324,-0.081440459620,-0.025766871166,2015-06-02,0.250000000000,0.130000000000,0.004535868350,-0.052611218569
2015-03-06,0.000000000000,0.126048906976,-0.011325503356,2015-03-16,-0.148368686294,0.288457576132,0.009228187919,2015-04-07,-0.207183274324,-0.042123644385,-0.002097315436,2015-06-03,0.270000000000,0.120000000000,0.002121582571,-0.040519276161
2015-03-09,0.000000000000,0.125484009752,-0.007556675063,2015-03-17,-0.148368686294,0.300306519758,0.007976490344,2015-04-08,-0.207183274324,-0.007900891221,-0.009655751469,2015-06-04,0.410000000000,0.380000000000,0.000214055233,-0.076179427688
2015-03-10,0.017421703959,0.114468864469,-0.006334459459,2015-03-18,-0.133531817665,0.317483449223,0.011824324324,2015-04-09,-0.193371056036,0.007963812436,-0.002111486486,2015-06-05,0.440000000000,0.410000000000,0.000920628133,-0.085007727975
2015-03-11,0.017421703959,0.071089254650,0.004237288136,2015-03-19,-0.133531817665,0.340071990624,0.008898305085,2015-04-10,-0.193371056036,0.044873050062,0.004237288136,2015-06-08,0.410000000000,0.320000000000,0.004153256607,-0.074609375000
2015-03-12,0.034843407918,0.040300480382,-0.001266891892,2015-03-20,-0.118694949035,0.357638742795,0.010557432432,2015-04-13,-0.179558837748,0.040300480382,-0.000422297297,2015-06-09,0.390000000000,0.290000000000,0.003514486268,-0.079192546584
2015-03-13,0.034843407918,0.071960853296,0.005091217650,2015-03-23,-0.118694949035,0.417688858811,0.014000848536,2015-04-14,-0.179558837748,0.084973455911,0.004666949512,2015-06-10,0.390000000000,0.260000000000,0.005213923017,-0.079953198128
2015-03-16,0.069686815835,0.083620030581,0.006768189509,2015-03-24,-0.089021211777,0.438837661788,0.003807106599,2015-04-15,-0.151934401171,0.142775556825,0.003384094755,2015-06-11,0.440000000000,0.200000000000,0.006051245939,-0.051916932907
2015-03-17,0.068493541630,0.165918715631,0.012749681258,2015-03-25,-0.074184343147,0.568737509036,0.012749681258,2015-04-16,-0.138122182883,0.249856015178,0.007224819380,2015-06-12,0.450000000000,0.200000000000,0.002588784598,-0.062052505967
2015-03-18,0.154110468667,0.308429896617,0.008016877637,2015-03-26,0.000000000000,0.781349661947,0.004219409283,2015-04-17,-0.069061091441,0.425285792052,0.002953586498,2015-06-15,0.420000000000,0.110000000000,-0.001492783017,-0.065095846645
2015-03-19,0.252526669622,0.480366938358,0.016490486258,2015-03-27,0.103858080406,1.009803509067,0.011839323467,2015-04-20,0.027624436577,0.660479021101,0.004228329810,2015-06-16,0.230000000000,-0.090000000000,-0.003730058993,-0.046793061718
2015-03-20,0.252526669622,0.481099143718,0.012241452089,2015-03-30,0.296168967299,1.056250517770,0.016462642465,2015-04-21,0.027624436577,0.725657871867,-0.000844238075,2015-06-17,0.190000000000,-0.140000000000,-0.003843605249,-0.056891025641
2015-03-23,0.211727533809,0.496075491666,-0.004621848739,2015-03-31,0.296168967299,1.054831025154,0.008823529412,2015-04-22,0.027624436577,0.746345480749,-0.006302521008,2015-06-18,0.170000000000,-0.170000000000,-0.006633800595,-0.049639711769
2015-03-24,0.192308719598,0.379486067440,-0.007133864876,2015-04-01,0.296168967299,1.014168678513,0.003776751993,2015-04-23,0.027624436577,0.674519610424,-0.004196391104,2015-06-19,0.170000000000,-0.170000000000,-0.009790935206,-0.042202572347
2015-03-25,0.103858080406,0.208870428721,0.000837170364,2015-04-02,0.296168967299,0.994407687461,0.001674340728,2015-04-24,0.042017002880,0.666293761516,-0.012557555463,2015-06-23,0.110000000000,-0.320000000000,-0.010480981114,-0.034468775345
2015-03-26,-0.013440920434,0.054954257123,-0.009151414309,2015-04-03,0.278747263341,0.927626042384,-0.014559068220,2015-04-27,0.028011335254,0.658067912609,-0.020798668885,2015-06-24,0.120000000000,-0.120000000000,-0.009421325237,-0.024350649351
2015-03-27,-0.013440920434,0.010072116353,0.003336113428,2015-04-07,0.278747263341,0.805812655310,-0.000834028357,2015-04-28,0.028011335254,0.629733155654,-0.017097581318,2015-06-25,0.210000000000,-0.030000000000,-0.009902921900,-0.023935091278
2015-03-30,-0.013440920434,-0.019649453745,0.013507809202,2015-04-08,0.278747263341,0.788756632726,0.015196285352,2015-04-29,0.028011335254,0.615045966593,-0.004643309413,2015-06-26,0.190000000000,0.020000000000,-0.012218480780,-0.042253521127
2015-03-31,-0.013440920434,-0.024561817181,0.012679628064,2015-04-09,0.278747263341,0.748450267681,0.018174133559,2015-04-30,0.028011335254,0.674718305108,-0.005071851226,2015-06-29,0.230000000000,-0.020000000000,-0.013057219028,-0.040940413458
2015-04-01,-0.013440920434,-0.024683069389,-0.004182350481,2015-04-10,0.278747263341,0.652348454436,-0.004182350481,2015-05-04,0.028011335254,0.645467568378,-0.015892931828,2015-06-30,0.180000000000,-0.080000000000,-0.012911076294,-0.035786905246
2015-04-02,0.000000000000,-0.014883314812,0.004617968094,2015-04-13,0.278747263341,0.600477157688,0.002938706969,2015-05-05,0.028011335254,0.718191887028,-0.016372795970,2015-07-01,0.070000000000,-0.180000000000,-0.013272598010,-0.021233156390
2015-04-03,0.000000000000,-0.014957520641,-0.006650041563,2015-04-14,0.278747263341,0.579684651550,-0.007896924356,2015-05-06,0.028011335254,0.747337885166,-0.031172069825,2015-07-02,0.110000000000,-0.160000000000,-0.012035626410,-0.019270192702
2015-04-07,0.000000000000,-0.015032470135,-0.011661807580,2015-04-15,0.278747263341,0.565430682977,-0.008746355685,2015-05-07,0.028011335254,0.761867202065,-0.029571012078,2015-07-03,0.020000000000,-0.390000000000,-0.014089616645,0.007534533278
2015-04-08,0.000000000000,-0.015108174530,-0.005425709516,2015-04-16,0.256850781112,0.545161494217,-0.015442404007,2015-05-08,0.057637164444,0.699586331560,-0.033806343907,2015-07-06,0.040000000000,-0.400000000000,-0.011627184082,0.016891891892
2015-04-09,0.000000000000,-0.015184645287,-0.000419991600,2015-04-17,0.256850781112,0.519255395571,-0.004619907602,2015-05-11,0.057637164444,0.690895818125,-0.023099538009,2015-07-07,0.080000000000,-0.330000000000,-0.012263416792,0.006753904601
2015-04-10,0.000000000000,-0.025180290883,0.000000000000,2015-04-20,0.235691558314,0.499736572969,-0.007939824488,2015-05-12,0.073099771441,0.653466361431,-0.040534893439,2015-07-08,0.130000000000,-0.260000000000,-0.009468143559,0.005059021922
2015-04-13,0.000000000000,-0.025307742144,0.007531380753,2015-04-21,0.235691558314,0.436345735000,-0.002928870293,2015-05-13,0.073099771441,0.659096391770,-0.064435146444,2015-07-09,0.140000000000,-0.250000000000,-0.009106916635,0.014836795252
2015-04-14,-0.013624040073,-0.025436490171,0.011799410029,2015-04-22,0.179154067069,0.407884293148,0.015592077539,2015-05-14,0.058479817153,0.650480752662,-0.031605562579,2015-07-10,0.140000000000,-0.300000000000,-0.009664164324,0.000000000000
2015-04-15,-0.013624040073,-0.025566554856,0.003776751993,2015-04-23,0.160257266332,0.291391087499,0.016365925304,2015-05-15,0.058479817153,0.641865113554,-0.034410407050,2015-07-13,0.100000000000,-0.350000000000,-0.008809283439,0.004240882103
2015-04-16,-0.013624040073,-0.025697956498,0.005462184874,2015-04-24,0.074184343147,0.131289983768,0.018487394958,2015-05-18,0.058479817153,0.699125197189,-0.030252100840,2015-07-14,0.070000000000,-0.350000000000,-0.007583118178,0.019222554464
2015-04-17,-0.013624040073,-0.025830715821,-0.010029251985,2015-04-27,-0.026881840868,-0.013084346934,0.024655244463,2015-05-19,0.058479817153,0.736865374696,-0.036773923945,2015-07-15,0.050000000000,-0.180000000000,-0.005596754108,0.013542107490
2015-04-20,-0.013624040073,-0.025964853974,-0.004983388704,2015-04-28,-0.026881840868,-0.055396639942,-0.003322259136,2015-05-20,0.058479817153,0.768375004714,-0.045265780731,2015-07-16,-0.020000000000,-0.210000000000,-0.003498894028,0.026762956669
2015-04-21,-0.013812218288,-0.026100392550,0.001665972511,2015-04-29,-0.040322761303,-0.083510178417,0.002915451895,2015-05-21,0.043859862865,0.801405839642,-0.042482299042,2015-07-17,0.010000000000,-0.160000000000,-0.001114763401,0.010530749789
2015-04-22,0.055248873153,-0.023613618236,0.007107023411,2015-04-30,0.026881840868,-0.085966360135,0.005016722408,2015-05-22,0.116959634306,0.859415597394,-0.043478260870,2015-07-20,0.060000000000,-0.110000000000,-0.001226499480,0.011749895090
2015-04-23,0.082873309730,-0.018463031735,-0.005014625992,2015-05-04,0.053763681737,-0.081454128984,0.007521938989,2015-05-25,0.146199542883,0.859415597394,-0.066861679900,2015-07-21,0.120000000000,0.010000000000,-0.002508715290,0.003779924402
2015-04-24,0.138122182883,-0.005303126724,0.008442380751,2015-05-05,0.122616360656,-0.069455469122,0.020683832841,2015-05-26,0.222553029441,0.883818094167,-0.062473617560,2015-07-22,0.070000000000,-0.050000000000,-0.003465179175,-0.002079866889
2015-04-27,0.138122182883,0.007997099719,-0.003756260434,2015-05-06,0.122616360656,-0.057337162459,0.002086811352,2015-05-27,0.222553029441,0.889395211256,-0.080550918197,2015-07-23,0.040000000000,-0.170000000000,-0.003214947859,-0.012468827930
2015-04-28,0.266107684910,0.061639723854,-0.010395010395,2015-05-07,0.231608681238,-0.007516235068,-0.006237006237,2015-05-28,0.341247978477,0.940549437630,-0.088981288981,2015-07-24,0.030000000000,-0.160000000000,0.000967546152,0.007563025210
2015-04-29,0.170157810462,0.061805361481,-0.020755500208,2015-05-08,0.217984641165,-0.005036058177,-0.008302200083,2015-05-29,0.326411109847,0.994266564380,-0.091324200913,2015-07-27,0.110000000000,-0.120000000000,-0.000603229088,0.019019442096
2015-04-30,0.127551562719,0.056430982222,-0.004619907602,2015-05-11,0.204360601093,-0.005061548429,0.000839983200,2015-06-01,0.311574241218,0.994237480724,-0.075598488030,2015-07-28,0.140000000000,-0.040000000000,-0.000684856454,0.016026992830
2015-05-04,0.072815828543,0.042651198499,-0.006278777731,2015-05-12,0.204360601093,-0.015108174530,-0.002930096275,2015-06-02,0.311574241218,1.004427681207,-0.082461280871,2015-07-29,0.110000000000,0.040000000000,0.000677795079,-0.005006257822
2015-05-05,0.109223742814,0.037023716335,-0.001675743611,2015-05-13,0.245232721311,-0.007592322643,-0.003351487222,2015-06-03,0.356084847106,1.019903572753,-0.079597821533,2015-07-30,0.240000000000,0.130000000000,0.001842055812,-0.004598662207
2015-05-06,0.011061987692,-0.012621927823,0.012605042017,2015-05-14,0.245232721311,-0.005087298034,-0.008823529412,2015-06-04,0.356084847106,1.025184326071,-0.084453781513,2015-07-31,0.250000000000,0.230000000000,0.001718789843,-0.009970918155
2015-05-07,0.022371448067,-0.015184645287,0.026706231454,2015-05-15,0.245232721311,-0.005113310971,0.001695633743,2015-06-05,0.356084847106,1.025315401591,-0.077151335312,2015-08-03,0.340000000000,0.300000000000,0.000337081008,-0.020764119601
2015-05-08,0.033936779550,-0.010174596069,0.022784810127,2015-05-18,0.245232721311,0.000000000000,0.000000000000,2015-06-08,0.356084847106,1.035911602210,-0.085232067511,2015-08-04,0.300000000000,0.220000000000,0.000977980141,-0.006708595388
2015-05-11,0.033936779550,-0.010226621942,0.032855939343,2015-05-19,0.245232721311,0.000000000000,-0.002948609941,2015-06-09,0.356084847106,1.036100475449,-0.082561078349,2015-08-05,0.280000000000,0.150000000000,-0.001792748613,-0.002936241611
2015-05-12,0.000000000000,-0.017850949671,0.007133864876,2015-05-20,0.245232721311,0.000000000000,-0.006294586655,2015-06-10,0.356084847106,1.036291345910,-0.086445656735,2015-08-06,0.400000000000,0.260000000000,-0.000829004712,-0.007518796992
2015-05-13,0.000000000000,-0.020453243884,-0.000829875519,2015-05-21,0.262432147478,0.000000000000,-0.015767634855,2015-06-11,0.356084847106,1.025716944421,-0.095435684647,2015-08-07,0.400000000000,0.260000000000,-0.002687394785,0.004212299916
2015-05-14,0.000000000000,-0.020558365199,-0.007431874484,2015-05-22,0.262432147478,0.000000000000,-0.021469859620,2015-06-12,0.356084847106,1.025853637794,-0.095788604459,2015-08-10,0.410000000000,0.310000000000,-0.002338751266,0.021959459459
2015-05-15,0.000000000000,-0.025697956498,-0.005363036304,2015-05-25,0.262432147478,0.000000000000,-0.019389438944,2015-06-15,0.356084847106,1.015223030148,-0.089521452145,2015-08-11,0.360000000000,0.290000000000,0.000724187124,0.016345347863
2015-05-18,-0.010940958939,-0.025830715821,-0.013866231648,2015-05-26,0.248619929189,0.000000000000,-0.031402936378,2015-06-16,0.341247978477,0.983506542685,-0.070962479608,2015-08-12,0.310000000000,0.260000000000,0.002254210283,0.023799582463
2015-05-19,-0.021881917877,-0.025964853974,0.000416666667,2015-05-27,0.234807710901,0.000000000000,-0.013750000000,2015-06-17,0.557494526681,0.942341148206,-0.020833333333,2015-08-13,0.370000000000,0.390000000000,0.001832270563,0.006619776583
2015-05-20,-0.032822876816,-0.023490353295,-0.007475083056,2015-05-28,0.238096349656,0.002679987994,-0.017857142857,2015-06-18,0.540072822723,0.888278758025,-0.048172757475,2015-08-14,0.420000000000,0.410000000000,0.002123884093,0.002917882451
2015-05-21,-0.043763835754,-0.023613618236,-0.006239600666,2015-05-29,0.143979685775,0.000000000000,-0.012895174709,2015-06-19,0.522651118764,0.841017928523,-0.045341098170,2015-08-17,0.380000000000,0.320000000000,0.001303041452,-0.001659062630
2015-05-22,-0.054704794693,-0.023738183660,-0.011613438407,2015-06-01,0.102041250175,-0.005374379259,-0.021567814185,2015-06-23,0.505229414805,0.822109325772,-0.043965159685,2015-08-18,0.350000000000,0.230000000000,0.000362402478,0.008786610879
2015-05-25,-0.055309938458,-0.023864070256,-0.014888337469,2015-06-02,0.036407914271,-0.018659899343,-0.026468155500,2015-06-24,0.487807710846,0.760270828552,-0.049214226634,2015-08-19,0.340000000000,0.270000000000,0.001688939506,0.010004168404
2015-05-26,-0.044742896133,-0.021325599249,-0.009162848813,2015-06-03,0.036407914271,-0.029090062835,-0.018325697626,2015-06-25,0.487807710846,0.652753268268,-0.026239067055,2015-08-20,0.340000000000,0.300000000000,0.000932816250,0.014309764310
2015-05-27,-0.033936779550,0.005345649710,-0.012970711297,2015-06-04,-0.055309938458,-0.050487711291,-0.013389121339,2015-06-26,0.487807710846,0.685680481859,0.002092050209,2015-08-21,0.320000000000,0.290000000000,-0.001326878538,-0.001668056714
2015-05-28,-0.022883382469,0.059118171851,-0.010883214734,2015-06-05,-0.044742896133,-0.002530774214,-0.014650481373,2015-06-29,0.487807710846,0.735242321781,0.000837170364,2015-08-24,0.340000000000,0.230000000000,-0.000030622886,-0.008295313148
2015-05-29,-0.011574118727,0.081051289256,-0.005455308435,2015-06-08,-0.033936779550,0.017805543120,-0.012589173311,2015-06-30,0.487807710846,0.673257058745,0.006714225766,2015-08-25,0.330000000000,0.190000000000,0.000424095733,-0.011623080116
2015-06-01,0.000000000000,0.086924397505,-0.006297229219,2015-06-09,-0.033936779550,0.023009899370,-0.016372795970,2015-07-01,0.487807710846,0.612567301802,-0.013853904282,2015-08-26,0.320000000000,0.210000000000,-0.000976942388,0.000000000000
2015-06-02,0.000000000000,0.089884947267,-0.004623791509,2015-06-10,-0.065645753631,0.020401085338,-0.020176544767,2015-07-02,0.487807710846,0.599673777465,-0.024379991593,2015-08-27,0.390000000000,0.150000000000,-0.000924969590,-0.000839983200
2015-06-03,0.000000000000,0.063806708212,0.005510809665,2015-06-11,-0.065645753631,0.023009899370,-0.012293344638,2015-07-03,0.487807710846,0.593304026504,-0.013565069945,2015-08-28,0.440000000000,0.190000000000,-0.000961837448,-0.005455308435
2015-06-04,0.000000000000,0.012685976414,0.002962336014,2015-06-12,-0.065645753631,0.025697956498,-0.020313161236,2015-07-06,0.462331406001,0.576765059099,-0.011849344054,2015-08-31,0.550000000000,0.210000000000,-0.000501420422,0.002120441052
2015-06-05,0.000000000000,-0.007497450867,0.002953586498,2015-06-15,-0.065645753631,0.020558365199,-0.018565400844,2015-07-07,0.462331406001,0.550488802823,-0.008438818565,2015-09-01,0.500000000000,0.200000000000,-0.001282043028,-0.000422119038
2015-06-08,0.011709647579,0.024991502889,0.003379805661,2015-06-16,-0.054704794693,0.059410646388,-0.029995775243,2015-07-08,0.454548005320,0.588836892181,-0.005492184199,2015-09-02,0.550000000000,0.270000000000,0.000507381188,-0.003365586874
2015-06-09,0.152225418522,0.077473658956,-0.000422297297,2015-06-17,0.076586712570,0.119438328279,-0.055743243243,2015-07-09,0.656569341018,0.607900468419,-0.016891891892,2015-09-07,0.540000000000,0.140000000000,-0.000696104791,-0.004208754209
2015-06-10,0.152225418522,0.124957514445,-0.002951096121,2015-06-18,0.076586712570,0.174872630084,-0.031197301855,2015-07-10,0.602609134686,0.654084722345,-0.028667790894,2015-09-08,0.560000000000,0.160000000000,0.000486419709,-0.005453020134
2015-06-11,0.152225418522,0.127775996152,0.001265822785,2015-06-19,0.076586712570,0.181037739809,-0.029113924051,2015-07-13,0.576926158794,0.525181611189,-0.026582278481,2015-09-09,0.630000000000,0.220000000000,0.001270902147,-0.020247933884
2015-06-12,0.140515770944,0.130937512590,-0.007572570467,2015-06-23,0.065645753631,0.184630317353,-0.029028186790,2015-07-14,0.445106058883,0.340160412489,-0.040387042491,2015-09-10,0.560000000000,0.200000000000,0.001233772984,-0.020618556701
2015-06-15,0.127315306000,0.097528624651,-0.008842105263,2015-06-24,0.077433913842,0.193564125408,-0.029473684211,2015-07-15,0.309141169987,0.177947118303,-0.034105263158,2015-09-11,0.550000000000,0.240000000000,0.002237854240,-0.032626427406
2015-06-16,-0.020325272105,0.183236844058,-0.004224757076,2015-06-25,0.078300068233,0.359869487333,-0.028728348120,2015-07-16,0.295700249553,0.284537286975,-0.033798056612,2015-09-14,0.510000000000,0.140000000000,0.001103797224,-0.026715988492
2015-06-17,-0.132114268680,0.131071498392,-0.002959830867,2015-06-26,-0.033936779550,0.360831355443,-0.027906976744,2015-07-17,0.147850124777,0.250530535251,-0.035095137421,2015-09-15,0.440000000000,0.020000000000,0.000057171800,-0.018703241895
2015-06-18,-0.233740629203,0.128849947571,-0.008006742520,2015-06-29,-0.137300294814,0.365457789625,-0.035819637590,2015-07-20,0.013440920434,0.248074353533,-0.042562157606,2015-09-16,0.420000000000,0.040000000000,-0.000197417775,-0.019526381388
2015-06-19,-0.246407414125,0.126910334509,-0.002543450615,2015-06-30,-0.150463543455,0.367432511293,-0.053412462908,2015-07-21,-0.013440920434,0.249299000829,-0.022467147096,2015-09-17,0.460000000000,0.110000000000,0.001022266365,-0.019493985898
2015-06-23,-0.266941365302,0.119963744291,-0.004672897196,2015-07-01,-0.163935066101,0.369428689397,-0.056499575191,2015-07-22,-0.027248080146,0.250535799333,-0.011045029737,2015-09-18,0.400000000000,0.060000000000,0.001069228946,-0.028477094511
2015-06-24,-0.280083956030,-0.015682092618,-0.011030971574,2015-07-02,-0.187354361258,0.367711147912,-0.065337293169,2015-07-23,-0.054496160291,0.251784930797,-0.011879507849,2015-09-21,0.500000000000,0.160000000000,-0.000285388588,-0.019502074689
2015-06-25,-0.210773656416,-0.017677005751,-0.011874469890,2015-07-03,-0.210773656416,0.329667992428,-0.070822731128,2015-07-24,-0.081744240437,0.253046580614,-0.008481764207,2015-09-22,0.480000000000,0.160000000000,-0.001288379621,-0.014619883041
2015-06-26,-0.132626581019,0.005903931231,-0.016567544605,2015-07-06,-0.234192951573,0.296851848093,-0.070093457944,2015-07-27,-0.108992320583,0.287055316063,-0.014868309261,2015-09-23,0.490000000000,0.150000000000,0.000019341362,-0.015892931828
2015-06-29,-0.136240400728,0.088908909858,-0.011474713132,2015-07-07,-0.257612246730,0.377371693624,-0.064598385040,2015-07-28,-0.136240400728,0.394800777454,-0.008499787505,2015-09-24,0.570000000000,0.240000000000,0.000357830195,-0.010919781604
2015-06-30,-0.140056676268,0.091245219544,-0.020059752454,2015-07-08,-0.281031541887,0.374872543335,-0.064447289799,2015-07-29,-0.163488480874,0.385258450506,0.011096884336,2015-09-25,0.460000000000,0.140000000000,0.000930333050,-0.016352201258
2015-07-01,-0.144092911109,0.091608647856,-0.040755040755,2015-07-09,-0.304450837045,0.369874242757,-0.057486057486,2015-07-30,-0.190736561020,0.387208454810,0.006006006006,2015-09-28,0.480000000000,0.090000000000,0.000254622281,-0.012610340479
2015-07-02,-0.148368686294,0.093974438953,-0.013733905579,2015-07-10,-0.327870132202,0.367375092469,-0.064806866953,2015-07-31,-0.217984641165,0.391721948639,0.004291845494,2015-09-29,0.540000000000,0.100000000000,0.000748278476,-0.016877637131
2015-07-03,-0.137615380303,0.066518499969,-0.006047516199,2015-07-13,-0.339579779781,0.365790106630,-0.059611231102,2015-08-03,-0.231608681238,0.393724944776,-0.003887688985,2015-09-30,0.490000000000,-0.060000000000,0.000553290952,-0.021582733813
2015-07-06,-0.126183628726,-0.014515473495,-0.007738607051,2015-07-14,-0.351289427359,0.367632246888,-0.067927773001,2015-08-04,-0.245232721311,0.395748530077,0.003869303525,2015-10-08,0.490000000000,-0.010000000000,0.000560052540,-0.016047297297
2015-07-07,-0.114007133589,-0.016359591083,0.003919860627,2015-07-15,-0.370371799274,0.319406245733,-0.051393728223,2015-08-05,-0.258856761384,0.397793023640,0.019163763066,2015-10-09,0.430000000000,-0.120000000000,0.000341302423,-0.023638666104
2015-07-08,-0.101010667849,-0.016419282806,0.028175313059,2015-07-16,-0.457318622353,0.250501002004,-0.026386404293,2015-08-06,-0.272480801457,0.399858751194,0.059928443649,2015-10-12,0.400000000000,-0.140000000000,0.002103459272,-0.054945054945
2015-07-09,-0.087108519794,-0.018276991461,0.000435161010,2015-07-17,-0.467481258405,0.193274921357,-0.051348999130,2015-08-07,-0.276244365766,0.401946045269,0.030461270670,2015-10-13,0.390000000000,-0.170000000000,0.001803063598,-0.023618726276
2015-07-10,-0.070922404979,-0.018344046256,-0.005649717514,2015-07-20,-0.467481258405,0.188831819717,-0.048239895698,2015-08-10,-0.276244365766,0.404055245372,0.035202086050,2015-10-14,0.470000000000,-0.160000000000,0.001432782449,-0.029523407845
2015-07-13,-0.054151950373,-0.020252754375,-0.032495667244,2015-07-21,-0.462013901485,0.184799259022,-0.043760831889,2015-08-11,-0.276244365766,0.403549122215,0.046360485269,2015-10-15,0.550000000000,-0.010000000000,0.000705064228,-0.027368421053
2015-07-14,-0.036764931158,-0.025871499956,-0.036442516269,2015-07-22,-0.462013901485,0.171059413155,-0.011713665944,2015-08-12,-0.276244365766,0.397734504264,0.042516268980,2015-10-16,0.580000000000,0.030000000000,0.000005630404,-0.026559865093
2015-07-15,-0.018726708656,-0.031531932574,-0.041757285776,2015-07-23,-0.456433113531,0.023523138928,0.022183558069,2015-08-13,-0.276244365766,0.391857886207,0.043932144411,2015-10-19,0.560000000000,0.050000000000,0.000162570219,-0.025760135135
2015-07-16,0.000000000000,-0.035372791993,-0.046976946498,2015-07-24,-0.386418370095,0.017677005751,-0.003044802088,2015-08-14,-0.266107684910,0.388598259080,0.039582427142,2015-10-20,0.520000000000,0.080000000000,0.000956566410,-0.026260059297
2015-07-17,0.000000000000,-0.039242360820,-0.043269230769,2015-07-27,-0.305041136345,0.011807862462,0.003059440559,2015-08-17,-0.314137496237,0.381580927403,0.048951048951,2015-10-21,0.520000000000,0.100000000000,0.001573206488,-0.025847457627
2015-07-20,0.000000000000,-0.039463595773,-0.014330497089,2015-07-28,-0.286104841530,0.009878767762,0.032243618451,2015-08-18,-0.331634063070,0.373519358514,0.066726377071,2015-10-22,0.510000000000,0.050000000000,0.001476621503,-0.051184433164
2015-07-21,0.000000000000,0.005691130942,-0.013057181450,2015-07-29,-0.266107684910,0.051573384960,0.035119315624,2015-08-19,-0.364079142715,0.413183485456,0.075641602882,2015-10-23,0.560000000000,0.160000000000,0.001069697907,-0.054375531011
2015-07-22,0.019084090866,0.055541085081,-0.002723558783,2015-07-30,-0.230548657775,0.097583124890,0.061280072628,2015-08-20,-0.351943171291,0.457507351852,0.086246028143,2015-10-26,0.530000000000,0.030000000000,0.001396706611,-0.067287346593
2015-07-23,0.019084090866,0.117729708030,-0.005476951164,2015-07-31,-0.207716160812,0.157957035686,0.093108169785,2015-08-21,-0.409293544593,0.461962558313,0.088087631219,2015-10-27,0.530000000000,0.050000000000,0.001748006482,-0.063586265367
2015-07-24,0.019084090866,0.130315714130,-0.005481955231,2015-08-03,-0.183487173737,0.136949852877,0.092279579717,2015-08-24,-0.402686065198,0.470724003887,0.091822750114,2015-10-28,0.490000000000,0.000000000000,0.001524714559,-0.070973225669
2015-07-27,0.019084090866,0.176078382270,-0.014993184916,2015-08-04,-0.157729535907,0.090721709342,0.089959109496,2015-08-25,-0.395929094755,0.529078995564,0.085415720127,2015-10-29,0.510000000000,-0.060000000000,0.003500486604,-0.060297239915
2015-07-28,0.019084090866,0.132041589328,-0.006386861314,2015-08-05,-0.130293866959,0.090886617127,0.071624087591,2015-08-26,-0.395929094755,0.534340996482,0.076186131387,2015-10-30,0.500000000000,0.040000000000,0.001862158396,-0.065643648764
2015-07-29,0.000000000000,0.078020670034,-0.009103322713,2015-08-06,-0.101010667849,0.083920778785,0.056440600819,2015-08-27,-0.415756439666,0.515127404778,0.061902594447,2015-11-02,0.510000000000,0.030000000000,0.001699734970,-0.064708386547
2015-07-30,0.000000000000,0.015540391203,0.000458926113,2015-08-07,-0.069686815835,0.074935664990,0.067921064709,2015-08-28,-0.415756439666,0.503661130655,0.071592473612,2015-11-03,0.520000000000,-0.020000000000,0.001927310113,-0.064377682403
2015-07-31,0.000000000000,0.005162302800,0.005971520441,2015-08-10,-0.053191803734,0.071541780400,0.072576940744,2015-08-31,-0.415756439666,0.501110151721,0.058337161231,2015-11-04,0.510000000000,0.020000000000,0.002885033937,-0.062716262976
2015-08-03,0.000000000000,-0.038260892710,0.017988929889,2015-08-11,-0.036101300248,0.064440582101,0.083948339483,2015-09-01,-0.415756439666,0.485691377822,0.056273062731,2015-11-05,0.460000000000,-0.030000000000,0.002122176137,-0.060515021459
2015-08-04,0.000000000000,-0.046656091286,0.045913682277,2015-08-12,-0.018382465579,0.057286892759,0.080808080808,2015-09-02,-0.415756439666,0.477868242685,0.046831955923,2015-11-06,0.460000000000,0.030000000000,0.001064596805,-0.057501080847
2015-08-05,0.000000000000,-0.047127257059,0.079467156638,2015-08-13,0.000000000000,0.050080128205,0.069361506661,2015-09-07,-0.415756439666,0.469963856923,0.033073036288,2015-11-09,0.520000000000,0.120000000000,-0.000360019801,-0.026386404293
2015-08-06,0.000000000000,-0.047608036237,0.051376146789,2015-08-14,0.019084090866,0.042819695571,0.056880733945,2015-09-08,-0.415756439666,0.461976948133,0.032110091743,2015-11-10,0.580000000000,0.190000000000,-0.000803490362,-0.059611231102
2015-08-07,0.000000000000,-0.047934042757,0.047945205479,2015-08-17,0.019084090866,0.039242360820,0.053424657534,2015-09-09,-0.415756439666,0.459153687922,0.026940639269,2015-11-11,0.560000000000,0.090000000000,0.000129481695,-0.049543676662
2015-08-10,0.000000000000,-0.038053330012,0.044404168555,2015-08-18,0.019084090866,0.045101252311,0.033529678296,2015-09-10,-0.415756439666,0.466850945307,0.018577254191,2015-11-12,0.520000000000,-0.030000000000,-0.000018498917,-0.049783549784
2015-08-11,0.000000000000,-0.034956723576,0.009218612818,2015-08-19,0.019084090866,0.047426091180,0.007023705004,2015-09-11,-0.409293544593,0.464023588308,-0.018437225637,2015-11-13,0.550000000000,-0.030000000000,-0.000285540319,-0.025119099177
2015-08-12,0.000000000000,-0.031794480478,-0.005106382979,2015-08-20,0.019084090866,0.049795455590,-0.026808510638,2015-09-14,-0.402686065198,0.461166083767,-0.042553191489,2015-11-16,0.490000000000,-0.070000000000,0.027820738335,0.008669267447
2015-08-13,0.000000000000,-0.019638087893,0.044938917976,2015-08-21,0.019084090866,0.059829851622,-0.004363001745,2015-09-15,-0.395929094755,0.467744349648,-0.022687609075,2015-11-17,0.520000000000,0.000000000000,0.034516100488,0.006959547629
2015-08-14,0.000000000000,-0.010788727937,0.041830065359,2015-08-24,0.019084090866,0.070020383712,-0.010021786492,2015-09-16,-0.389017501974,0.478319754068,-0.038779956427,2015-11-18,0.570000000000,0.050000000000,0.040225954149,0.000000000000
2015-08-17,0.000000000000,-0.016183091906,0.040780911063,2015-08-25,0.019084090866,0.070431352908,0.000433839479,2015-09-17,-0.381945918001,0.478202606609,-0.037310195228,2015-11-19,0.580000000000,0.070000000000,0.038770963749,0.025858225591
2015-08-18,0.000000000000,-0.019922627758,0.021748586342,2015-08-26,0.019084090866,0.020749392609,0.012614180078,2015-09-18,-0.374708722516,0.469935024013,-0.029578077425,2015-11-20,0.580000000000,0.020000000000,0.037047795301,0.034141958670
2015-08-19,-0.018726708656,-0.023716741830,-0.007271171942,2015-08-27,-0.018726708656,-0.029030946989,-0.003849443969,2015-09-21,-0.386418370095,0.457596095180,-0.050470487596,2015-11-23,0.620000000000,0.090000000000,0.037256642014,0.048094373866
2015-08-20,-0.037453417312,-0.036420850208,-0.028392484342,2015-08-28,-0.037453417312,-0.086335506686,-0.023799582463,2015-09-22,-0.398128017674,0.406767764851,-0.076826722338,2015-11-24,0.550000000000,0.020000000000,0.040309456086,0.062019013128
2015-08-21,-0.056180125968,-0.047261040906,-0.023421162693,2015-08-31,-0.056180125968,-0.098083753201,-0.030112923463,2015-09-23,-0.409837665252,0.329835386770,-0.070263488080,2015-11-25,0.530000000000,0.040000000000,0.036312943562,0.093321134492
2015-08-24,-0.074906834624,-0.051175576091,-0.020425177157,2015-09-01,-0.074906834624,-0.136408400096,-0.027511463110,2015-09-24,-0.421547312831,0.297398884379,-0.077532305127,2015-11-26,0.520000000000,0.010000000000,0.036380028597,0.075915047447
2015-08-25,0.074906834624,0.085006356997,0.002128565347,2015-09-02,0.074906834624,-0.021661756668,0.008514261388,2015-09-25,-0.327870132202,0.467341104025,-0.056619838229,2015-11-27,0.520000000000,0.020000000000,0.044182647550,0.080291970803
2015-08-26,0.152672726926,0.100908927824,0.003015941405,2015-09-07,0.131086960593,-0.008415581618,0.010340370530,2015-09-28,-0.292741189466,0.472339404602,-0.062042223180,2015-11-30,0.590000000000,0.080000000000,0.047496541963,0.069185252617
2015-08-27,0.175098411793,0.181427837078,-0.009883970778,2015-09-08,0.131086960593,0.062910619313,0.005586592179,2015-09-29,-0.292741189466,0.562308815003,-0.056295659648,2015-12-01,0.650000000000,0.130000000000,0.043830317652,0.065137614679
2015-08-28,0.178572609607,0.200329685425,-0.011991434690,2015-09-09,0.112360251937,0.077036854431,-0.012419700214,2015-09-30,-0.304450837045,0.576244688527,-0.050963597430,2015-12-02,0.600000000000,0.090000000000,0.041490404053,0.076603599446
2015-08-31,0.182187464153,0.200332860753,-0.029361702128,2015-09-10,0.093633543281,0.077836356843,-0.006382978723,2015-10-08,-0.316160484623,0.569074573949,-0.074468085106,2015-12-03,0.580000000000,0.120000000000,0.038719425212,0.068524440384
2015-09-01,0.017421703959,0.051095487247,-0.025488530161,2015-09-11,0.093633543281,0.078652628046,-0.005947323704,2015-10-09,-0.324075324365,0.504710632571,-0.066270178420,2015-12-04,0.580000000000,0.120000000000,0.035732572805,0.079816513761
2015-09-02,-0.033112765523,0.045829825371,-0.017611683849,2015-09-14,0.093633543281,0.088318001328,0.018041237113,2015-10-12,-0.406505442092,0.429098938618,-0.038230240550,2015-12-07,0.600000000000,0.080000000000,0.031849110238,0.079926504364
2015-09-07,-0.033112765523,-0.011197563410,-0.009548611111,2015-09-15,0.093633543281,0.103546281617,0.027777777778,2015-10-13,-0.406505442092,0.373220537793,-0.034288194444,2015-12-08,0.640000000000,0.060000000000,0.036769944595,0.062471290767
2015-09-08,0.000000000000,-0.012715851581,-0.015171218032,2015-09-16,0.112360251937,0.116877885985,0.032509752926,2015-10-14,-0.396342806039,0.379885190254,-0.033376679671,2015-12-09,0.640000000000,0.080000000000,0.041990060953,0.053040695016
2015-09-09,0.188357239482,-0.003209572228,0.010960105217,2015-09-17,0.299627338498,0.116877885985,0.058746163963,2015-10-15,-0.287475316480,0.382957500623,-0.021920210434,2015-12-10,0.670000000000,0.150000000000,0.038403658671,0.053758542141
2015-09-10,0.256850781112,0.001620388375,0.014821272886,2015-09-18,0.374534173122,0.119535766550,0.047515257193,2015-10-16,-0.246407414125,0.373220537793,-0.031822144725,2015-12-11,0.650000000000,0.100000000000,0.040604971269,0.015548645047
2015-09-11,0.256850781112,0.006492073179,0.018364669873,2015-09-21,0.374534173122,0.131354262446,0.049409707040,2015-10-19,-0.238590036618,0.215628773504,-0.022299956275,2015-12-14,0.640000000000,0.150000000000,0.000065762897,-0.017189514396
2015-09-14,0.256850781112,0.003235533928,0.024539877301,2015-09-22,0.374534173122,0.129294018240,0.047326906223,2015-10-20,-0.140515770944,0.218016404261,-0.024539877301,2015-12-15,0.610000000000,0.090000000000,-0.003299280426,-0.014254859611
2015-09-15,0.235691558314,0.004829860127,0.020686619718,2015-09-23,0.374534173122,0.134512193349,0.056338028169,2015-10-21,-0.026525316204,0.228285340932,-0.022007042254,2015-12-16,0.620000000000,0.050000000000,-0.009321430782,-0.008264462810
2015-09-16,0.057637164444,0.004829860127,0.011708586297,2015-09-24,0.374534173122,0.140732834250,0.032957502168,2015-10-22,0.000000000000,0.233138919184,-0.028620988725,2015-12-17,0.720000000000,0.140000000000,-0.006592674376,-0.010430247718
2015-09-17,0.000000000000,0.009706601783,0.017611683849,2015-09-25,0.374534173122,0.153381035451,0.026202749141,2015-10-23,0.028011335254,0.238031007506,-0.052405498282,2015-12-18,0.730000000000,0.150000000000,-0.006154357047,0.001303214596
2015-09-18,0.000000000000,0.001612549505,0.006869901245,2015-09-28,0.400765908180,0.160706810979,0.027479604981,2015-10-26,0.057637164444,0.236987589020,-0.041648776299,2015-12-21,0.630000000000,0.010000000000,-0.006217116168,0.003463203463
2015-09-21,-0.013624040073,-0.008062747526,0.000855431993,2015-09-29,0.408562960849,0.162529104049,0.019674935843,2015-10-27,0.074184343147,0.229937457012,-0.037639007699,2015-12-22,0.580000000000,0.030000000000,-0.011659394052,0.000426257460
2015-09-22,-0.027248080146,-0.019226578823,-0.005605864597,2015-09-30,0.416669422417,0.167895355404,0.030616645106,2015-10-28,0.091743586868,0.197599073436,-0.033203967227,2015-12-23,0.660000000000,0.130000000000,-0.006373897535,-0.023849372385
2015-09-23,-0.027248080146,-0.027237653332,0.000857265324,2015-10-08,0.445347134596,0.169512420637,0.024003429061,2015-10-29,0.126183628726,0.101608314463,-0.039005572225,2015-12-24,0.630000000000,0.110000000000,-0.005892714940,-0.023099538009
2015-09-24,-0.040872120219,-0.028839868234,-0.012241452089,2015-10-09,0.226482151464,0.032360475256,-0.004221190376,2015-10-30,0.146580600329,0.101793011183,-0.051498522583,2015-12-25,0.640000000000,0.120000000000,-0.008592282344,-0.010135135135
2015-09-25,-0.054496160291,-0.025759254012,0.010660980810,2015-10-12,0.149007444853,0.027158415035,-0.005117270789,2015-11-02,0.168351113081,0.103988791103,-0.041364605544,2015-12-28,0.640000000000,0.050000000000,-0.014702800142,0.004257130694
2015-09-28,-0.069061091441,-0.022759194715,0.011965811966,2015-10-13,0.115894679330,-0.038391645978,-0.002136752137,2015-11-03,0.174217039588,0.098695753889,-0.042735042735,2015-12-29,0.710000000000,0.060000000000,-0.014204897832,0.009905254091
2015-09-29,-0.084034005761,-0.024504358509,0.032957502168,2015-10-14,0.101010667849,-0.050863406322,-0.000867302689,2015-11-04,0.159575411202,0.095389040533,-0.026452732003,2015-12-30,0.710000000000,0.110000000000,-0.018613330781,-0.008144020574
2015-09-30,-0.112045341015,-0.013176619407,0.034261241970,2015-10-15,0.085616927037,-0.038514866739,-0.019271948608,2015-11-05,0.144405200994,0.103104931362,-0.042398286938,2015-12-31,0.660000000000,0.080000000000,-0.018289111565,-0.010688328345
2015-10-08,-0.127841514401,-0.011548563359,0.026923076923,2015-10-16,0.051370156222,-0.029166990744,-0.025641025641,2015-11-06,0.128677259052,0.107181928388,-0.044871794872,2016-01-04,0.650000000000,0.070000000000,-0.012285603415,-0.003398470688
2015-10-09,-0.129683619998,-0.009915126517,0.012658227848,2015-10-19,0.034246770815,-0.027591311009,-0.051054852321,2015-11-09,0.131086960593,0.111289173789,-0.047679324895,2016-01-05,0.540000000000,-0.060000000000,-0.011873357090,-0.000425350915
2015-10-12,-0.118694949035,-0.008317585372,0.009290540541,2015-10-20,0.017123385407,-0.035590873206,-0.049831081081,2015-11-10,0.133588636060,0.109841827768,-0.044763513514,2016-01-06,0.580000000000,-0.060000000000,-0.016710670009,0.026805015132
2015-10-13,-0.107034184680,-0.003349320758,0.007556675063,2015-10-21,-0.016835111308,-0.041858787770,-0.055835432410,2015-11-11,0.114504545194,0.112121030916,-0.031066330814,2016-01-07,0.580000000000,-0.060000000000,-0.024060848990,0.025184541902
2015-10-14,-0.110410675135,-0.016690701277,-0.013664596273,2015-10-22,-0.187320784442,-0.051518508024,-0.069151138716,2015-11-12,0.076336363463,0.107115474240,-0.029813664596,2016-01-08,0.540000000000,-0.130000000000,-0.017482029991,0.036316472114
2015-10-15,-0.097720400219,-0.026705122042,-0.005826050770,2015-10-23,-0.245232721311,-0.056621843737,-0.069496462755,2015-11-13,0.057252272597,0.106234444242,-0.024136496047,2016-01-11,0.500000000000,-0.150000000000,-0.019724440802,0.052930883640
2015-10-16,-0.099338296569,-0.036719542808,-0.002916666667,2015-10-26,-0.258856761384,-0.069339628727,-0.062500000000,2015-11-16,0.038168181731,0.105336540671,-0.033750000000,2016-01-12,0.540000000000,-0.100000000000,-0.005761703460,0.050284215129
2015-10-19,-0.101010667849,-0.041936739268,-0.002510460251,2015-10-27,-0.272480801457,-0.079014925758,-0.062761506276,2015-11-17,0.019084090866,0.102289746321,-0.038075313808,2016-01-13,0.560000000000,-0.050000000000,-0.006934026112,0.050832602980
2015-10-20,-0.085616927037,-0.050408646091,-0.004166666667,2015-10-28,-0.272480801457,-0.094530679211,-0.080833333333,2015-11-18,0.019084090866,0.099195543592,-0.038333333333,2016-01-14,0.590000000000,-0.030000000000,-0.002315194390,0.049561403509
2015-10-21,-0.053191803734,-0.050922028190,0.002938706969,2015-10-29,-0.272480801457,-0.104143968622,-0.068429890848,2015-11-19,0.019084090866,0.093908470544,-0.036943744752,2016-01-15,0.600000000000,-0.120000000000,-0.006298716391,0.053579270971
2015-10-22,-0.036101300248,-0.051445974867,-0.012557555463,2015-10-30,-0.272480801457,-0.113757258034,-0.066136458769,2015-11-20,0.019084090866,0.043385093636,-0.030556718292,2016-01-18,0.590000000000,-0.140000000000,-0.005501553191,0.036442516269
2015-10-23,-0.018382465579,-0.051980815614,-0.025073129962,2015-11-02,-0.272480801457,-0.119136549806,-0.072294191392,2015-11-23,0.000000000000,-0.007257736747,-0.037609694944,2016-01-19,0.570000000000,-0.060000000000,-0.001994454900,0.036669542709
2015-10-26,0.000000000000,-0.052526893770,-0.020553691275,2015-11-03,-0.262432147478,-0.120298600635,-0.072567114094,2015-11-24,0.000000000000,-0.065614985081,-0.029781879195,2016-01-20,0.580000000000,0.000000000000,0.001264237348,0.017043033660
2015-10-27,0.000000000000,-0.051315081679,-0.035983263598,2015-11-04,-0.252102017283,-0.124155416443,-0.069874476987,2015-11-25,0.000000000000,-0.077434542000,-0.023430962343,2016-01-21,0.590000000000,-0.070000000000,-0.001489411581,0.026146592370
2015-10-28,0.000000000000,-0.039346420191,-0.041439933026,2015-11-05,-0.252102017283,-0.115295419807,-0.073670992047,2015-11-26,0.000000000000,-0.106465092758,-0.024277940561,2016-01-22,0.570000000000,-0.060000000000,-0.003558768777,0.034393809114
2015-10-29,0.000000000000,-0.019886610165,-0.033488766426,2015-11-06,-0.241478416091,-0.105586864994,-0.060618906316,2015-11-27,0.000000000000,-0.096644760521,-0.011445527766,2016-01-25,0.630000000000,-0.010000000000,-0.007416438867,0.017064846416
2015-10-30,-0.018726708656,0.018276991461,-0.036005143592,2015-11-09,-0.244957948885,-0.079321012136,-0.066866695242,2015-11-30,-0.018726708656,-0.062275303971,0.007286755251,2016-01-26,0.670000000000,0.030000000000,-0.010674853318,-0.003391267486
2015-11-02,-0.037453417312,0.075766535584,-0.036402569593,2015-11-10,-0.237389898071,-0.031606824412,-0.059528907923,2015-12-01,-0.037453417312,-0.010201722051,0.019271948608,2016-01-27,0.630000000000,-0.080000000000,-0.011889978235,-0.002132196162
2015-11-03,-0.056180125968,0.113777101332,-0.023871527778,2015-11-11,-0.229358967171,0.000000000000,-0.038194444444,2015-12-02,-0.056180125968,0.022255091280,0.030815972222,2016-01-28,0.650000000000,-0.060000000000,-0.001730076595,0.005617977528
2015-11-04,-0.056180125968,0.143352893867,-0.018340611354,2015-11-12,-0.205048396679,0.025036051915,-0.050218340611,2015-12-03,-0.056180125968,0.062269085475,0.029257641921,2016-01-29,0.650000000000,-0.010000000000,0.000092211298,-0.005617977528
2015-11-05,-0.056180125968,0.249015007304,-0.019298245614,2015-11-13,-0.179154067069,0.130187469957,-0.035964912281,2015-12-04,-0.056180125968,0.183522798775,0.038157894737,2016-02-01,0.680000000000,0.030000000000,-0.001493710074,-0.027706734868
2015-11-06,-0.038168181731,0.373337928262,0.000444642063,2015-11-16,-0.165563827615,0.277065641190,-0.004446420631,2015-12-07,-0.056180125968,0.351505645287,0.066251667408,2016-02-02,0.710000000000,0.170000000000,0.004867910425,-0.028936170213
2015-11-09,0.038910758176,0.444913216156,-0.004444444444,2015-11-17,-0.101010667849,0.410980044822,-0.011111111111,2015-12-08,0.000000000000,0.501663881629,0.061333333333,2016-02-03,0.750000000000,0.170000000000,0.008340754612,-0.052631578947
2015-11-10,0.079365604270,0.462206264570,-0.019119608715,2015-11-18,-0.068493541630,0.467120120443,-0.008448199200,2015-12-09,0.018726708656,0.570004459341,0.073810582481,2016-02-04,0.760000000000,0.180000000000,0.010746311145,-0.047013977128
2015-11-11,0.099207005337,0.465694894942,-0.012900355872,2015-11-19,-0.017730601245,0.527891692241,-0.007562277580,2015-12-10,0.037453417312,0.618553735058,0.089412811388,2016-02-05,0.770000000000,0.230000000000,0.008151552658,-0.061743846475
2015-11-12,0.099207005337,0.383970133031,-0.002236135957,2015-11-20,0.000000000000,0.607062503430,-0.006708407871,2015-12-11,0.037453417312,0.697291971543,0.161896243292,2016-02-15,0.770000000000,0.270000000000,0.008195706305,-0.068134607395
2015-11-13,0.119048406405,0.235252295017,-0.013333333333,2015-11-23,0.036764931158,0.637631338194,-0.006222222222,2015-12-14,0.056180125968,0.724272808208,0.118666666667,2016-02-16,0.780000000000,0.240000000000,0.006458064313,-0.071606994172
2015-11-16,0.056180125968,0.129586654239,-0.012946428571,2015-11-24,0.056180125968,0.663589757956,-0.006250000000,2015-12-15,0.056180125968,0.730238046677,0.121428571429,2016-02-17,0.760000000000,0.200000000000,0.006506366922,-0.057547956631
2015-11-17,0.055147396736,0.085897271445,0.007706255666,2015-11-25,0.074906834624,0.677712975284,0.007252946510,2015-12-16,0.074906834624,0.723457472334,0.145965548504,2016-02-18,0.760000000000,0.170000000000,0.001719489240,-0.069786878395
2015-11-18,0.054151950373,0.057769048233,-0.002703920685,2015-11-26,0.093633543281,0.702870142506,0.009463722397,2015-12-17,0.093633543281,0.740218154170,0.154123479045,2016-02-19,0.720000000000,0.120000000000,0.006326083715,-0.077949145477
2015-11-19,0.090253250621,0.034146591317,-0.006723442403,2015-11-27,0.131086960593,0.752075438952,-0.011205737338,2015-12-18,0.131086960593,0.790928712930,0.153742716271,2016-02-22,0.710000000000,0.120000000000,0.007615412634,-0.070322310590
2015-11-20,0.053191803734,0.027509268507,-0.019369369369,2015-11-30,0.112360251937,0.774944437946,0.005405405405,2015-12-21,0.133588636060,0.814746157986,0.148198198198,2016-02-23,0.680000000000,0.110000000000,0.002531514776,-0.070328755722
2015-11-23,0.053191803734,0.019997137252,-0.006784260516,2015-12-01,0.112360251937,0.790928712930,0.017639077341,2015-12-22,0.155643032704,0.831544253273,0.163274536409,2016-02-24,0.660000000000,0.080000000000,0.003920832796,-0.073313782991
2015-11-24,0.034843407918,0.024258123307,-0.003148897886,2015-12-02,0.112360251937,0.811361296387,0.008547008547,2015-12-23,0.178572609607,0.852832089381,0.167341430499,2016-02-25,0.640000000000,0.050000000000,0.006656785053,-0.076023391813
2015-11-25,0.017123385407,0.019955132460,-0.017171260732,2015-12-03,0.112360251937,0.807989038158,0.013104383190,2015-12-24,0.202430515725,0.870677433274,0.178490736557,2016-02-26,0.620000000000,0.050000000000,0.005220756024,-0.074812967581
2015-11-26,-0.016556382761,0.002063693847,-0.008122743682,2015-12-04,0.112360251937,0.791314356545,0.013989169675,2015-12-25,0.034843407918,0.654022236756,0.169223826715,2016-02-29,0.620000000000,-0.010000000000,0.005015139305,-0.070050335570
2015-11-27,0.000000000000,-0.003089165678,0.028479559026,2015-12-07,0.133588636060,0.737701387094,0.032613688562,2015-12-28,-0.016556382761,0.643314956139,0.203491042719,2016-03-01,0.620000000000,-0.050000000000,0.013579692681,-0.061675882603
2015-11-30,0.016835111308,-0.001031846923,0.013205828780,2015-12-08,0.175098411793,0.663075295120,0.020036429872,2015-12-29,0.000000000000,0.548680607100,0.180783242259,2016-03-02,0.620000000000,-0.010000000000,0.020137604194,-0.067094017094
2015-12-01,0.016835111308,0.003089165678,0.006317689531,2015-12-09,0.198414010675,0.631346962836,0.013086642599,2015-12-30,0.016835111308,0.548371099413,0.173736462094,2016-03-03,0.620000000000,-0.030000000000,0.012241811221,-0.047700902450
2015-12-02,0.016835111308,0.002059443785,0.025747126437,2015-12-10,0.198414010675,0.584561074420,0.028045977011,2015-12-31,0.034246770815,0.561675139937,0.216091954023,2016-03-04,0.580000000000,-0.070000000000,0.016207990594,-0.040417209909
2015-12-03,0.016835111308,-0.003089165678,0.010464058235,2015-12-11,0.198414010675,0.429751187354,0.016833484986,2016-01-04,0.034246770815,0.568756319515,0.210191082803,2016-03-07,0.620000000000,-0.060000000000,0.014669070460,-0.043402016659
2015-12-04,0.016835111308,0.050612723832,-0.001339883877,2015-12-14,0.198414010675,0.329353213024,0.008039303260,2016-01-05,0.034246770815,0.650830336160,0.185797230907,2016-03-08,0.720000000000,0.010000000000,0.007752181282,-0.035933391762
2015-12-07,0.016556382761,0.077468454845,0.000449438202,2015-12-15,0.149813669249,0.240151414278,0.016629213483,2016-01-06,0.051370156222,0.687550959659,0.183370786517,2016-03-09,0.680000000000,-0.070000000000,0.008328085581,-0.004444444444
2015-12-08,0.016556382761,0.068778897402,-0.003587443946,2015-12-16,0.128677259052,0.192409888036,0.034977578475,2016-01-07,0.033670222616,0.676180417815,0.175336322870,2016-03-10,0.670000000000,-0.090000000000,0.012689620641,-0.011111111111
2015-12-09,0.000000000000,0.065766758192,0.004034065442,2015-12-17,0.090253250621,0.152199223228,0.050201703272,2016-01-08,-0.129683619998,0.669740604312,0.198117436127,2016-03-11,0.680000000000,-0.090000000000,0.014707423308,-0.008003557137
2015-12-10,-0.016556382761,0.066106414801,-0.006753714543,2015-12-18,0.072202600497,0.101372692971,0.055830706889,2016-01-11,-0.190736561020,0.669755523056,0.180549302116,2016-03-14,0.690000000000,-0.080000000000,0.017236064933,-0.005795809184
2015-12-11,-0.016556382761,0.008848374259,-0.001788908766,2015-12-21,0.053191803734,0.085701951888,0.037119856887,2016-01-12,-0.190736561020,0.654695099140,0.155635062612,2016-03-15,0.730000000000,-0.050000000000,0.016823105484,0.000000000000
2015-12-14,-0.032573466740,-0.018214307626,0.010781671159,2015-12-22,0.053191803734,0.077883587192,0.032794249775,2016-01-13,-0.190736561020,0.651470000129,0.156783468104,2016-03-16,0.670000000000,-0.090000000000,0.020027490089,-0.007964601770
2015-12-15,-0.032573466740,-0.017288807610,0.009000900090,2015-12-23,0.034843407918,0.079102576002,0.038703870387,2016-01-14,-0.190736561020,0.639283745850,0.181368136814,2016-03-17,0.780000000000,0.020000000000,0.024297172752,-0.000449236298
2015-12-16,-0.016556382761,-0.010606130729,0.000892857143,2015-12-24,0.017123385407,0.077719989581,0.024107142857,2016-01-15,-0.190736561020,0.644090390556,0.171875000000,2016-03-18,0.800000000000,0.080000000000,0.020152088289,0.006781193490
2015-12-17,0.000000000000,0.006782051978,0.018585675431,2015-12-25,-0.016556382761,0.072229284641,0.049864007253,2016-01-18,-0.190736561020,0.664919184280,0.178150498640,2016-03-21,0.840000000000,0.130000000000,0.016470533241,0.003151733453
2015-12-18,0.016835111308,0.017541534455,0.007168458781,2015-12-28,0.016835111308,0.075169698168,0.031810035842,2016-01-19,-0.177112520947,0.681010277942,0.155017921147,2016-03-22,0.770000000000,0.090000000000,0.025699405808,-0.007609668756
2015-12-21,0.370372448779,0.037104447066,-0.004444444444,2015-12-29,0.370372448779,0.095961763880,0.028000000000,2016-01-20,0.124309964595,0.726668574104,0.152000000000,2016-03-23,0.730000000000,0.070000000000,0.020722229145,0.011754068716
2015-12-22,0.000000000000,0.033231163794,0.001338090990,2015-12-30,0.000000000000,0.088556082773,0.041034790366,2016-01-21,-0.168068011522,0.726962635754,0.129794826048,2016-03-24,0.750000000000,0.110000000000,0.018748347975,0.016726943942
2015-12-23,0.000000000000,0.024363242299,-0.002676181980,2015-12-31,0.000000000000,0.082377751417,0.039696699376,2016-01-22,-0.168068011522,0.731302377062,0.132024977698,2016-03-25,0.780000000000,0.160000000000,0.015346758798,0.008086253369
2015-12-24,0.000000000000,0.005774027654,-0.005340453939,2016-01-04,0.000000000000,0.076199420061,0.037828215398,2016-01-25,-0.156250739824,0.724259902068,0.129951045839,2016-03-28,0.760000000000,0.140000000000,0.019149267442,0.012629679747
2015-12-25,-0.016556382761,-0.003830918578,0.004003558719,2016-01-05,0.000000000000,0.074369716651,0.045373665480,2016-01-26,-0.144092911109,0.718846672484,0.131672597865,2016-03-29,0.730000000000,0.110000000000,0.016541666537,0.019945602901
2015-12-28,-0.270271377033,-0.025420473461,0.009821428571,2016-01-06,-0.016556382761,0.069205152995,0.062500000000,2016-01-27,-0.118694949035,0.721966410263,0.151785714286,2016-03-30,0.730000000000,0.110000000000,0.014271847370,0.027943197435
2015-12-29,0.000000000000,-0.025540706210,0.028062360802,2016-01-07,-0.016556382761,0.057486839620,0.057906458797,2016-01-28,-0.091743586868,0.725127944053,0.134966592428,2016-03-31,0.740000000000,0.120000000000,0.021227119910,0.014440433213
2015-12-30,-0.016835111308,0.004756758402,0.047853309481,2016-01-08,-0.033112765523,0.085291264530,0.054114490161,2016-01-29,-0.078864767954,0.762765048336,0.141771019678,2016-04-01,0.790000000000,0.210000000000,0.020001411390,0.016757246377
2015-12-31,-0.016835111308,0.005740879656,0.049217002237,2016-01-11,-0.033112765523,0.085731756695,0.059060402685,2016-02-01,-0.048860200110,0.754419697698,0.140044742729,2016-04-05,0.770000000000,0.150000000000,0.018682963526,0.022914757104
2016-01-04,-0.016835111308,0.026919556673,0.027470093044,2016-01-12,-0.033112765523,0.050140787466,0.062472308374,2016-02-02,-0.033112765523,0.782793889868,0.133362871068,2016-04-06,0.730000000000,0.010000000000,0.022803575322,0.023181818182
2016-01-05,-0.016835111308,0.026083529121,0.016357206012,2016-01-13,-0.048860200110,0.018214307626,0.055702917772,2016-02-03,-0.016835111308,0.781700819947,0.126436781609,2016-04-07,0.690000000000,0.010000000000,0.028673259523,0.013392857143
2016-01-06,-0.016835111308,0.025239385867,0.000000000000,2016-01-14,-0.048860200110,0.014407339675,0.046360485269,2016-02-04,0.000000000000,0.774612861598,0.111785095321,2016-04-08,0.690000000000,0.020000000000,0.026700555457,0.028764044944
2016-01-07,0.000000000000,0.036927062424,-0.020913358942,2016-01-15,-0.033112765523,0.055923234754,0.045241143833,2016-02-05,0.035461202489,0.858884875479,0.106274007682,2016-04-11,0.650000000000,-0.030000000000,0.031651842068,0.048408785298
2016-01-08,0.000000000000,0.078010837798,-0.012366737740,2016-01-18,-0.016835111308,0.097855321392,0.107889125800,2016-02-15,0.054151950373,0.943176205894,0.108742004264,2016-04-12,0.660000000000,-0.030000000000,0.027910099501,0.048430493274
2016-01-11,0.000000000000,0.058045042953,-0.006899525658,2016-01-19,-0.016835111308,0.101351087965,0.085381630013,2016-02-16,0.073529862315,0.958179701145,0.121604139715,2016-04-13,0.650000000000,-0.080000000000,0.028552501797,0.052466367713
2016-01-12,0.000000000000,0.059314438076,0.006089604176,2016-01-20,-0.016835111308,0.098619714569,0.092648977816,2016-02-17,0.093633543281,0.969996638279,0.115267507612,2016-04-14,0.720000000000,0.050000000000,0.007854012096,0.033898305085
2016-01-13,0.000000000000,0.060598256285,0.011265164645,2016-01-21,-0.016835111308,0.094806555531,0.095320623917,2016-02-18,0.093633543281,0.982064494210,0.106152512998,2016-04-15,0.690000000000,-0.090000000000,0.003364607170,0.033707865169
2016-01-14,0.000000000000,0.018262571955,0.016129032258,2016-01-22,-0.016835111308,0.086733142585,0.116390584133,2016-02-19,0.093633543281,0.994391346649,0.120313862249,2016-04-18,0.650000000000,-0.150000000000,0.004122361979,0.040413111810
2016-01-15,0.000000000000,-0.019415145225,0.006908462867,2016-01-25,-0.016835111308,0.069288331845,0.111398963731,2016-02-22,0.093633543281,1.008793497440,0.104922279793,2016-04-19,0.670000000000,-0.170000000000,0.011875472329,0.034111310592
2016-01-18,0.000000000000,-0.017696985142,0.020408163265,2016-01-26,-0.033112765523,0.063210156531,0.106817194963,2016-02-23,0.093633543281,1.028994619254,0.129830655667,2016-04-20,0.670000000000,-0.100000000000,0.007256912832,0.043301759134
2016-01-19,0.000000000000,-0.017775628902,0.028966709901,2016-01-27,-0.282556439625,0.040484457734,0.111975789019,2016-02-24,0.093633543281,1.042251855356,0.121919584955,2016-04-21,0.670000000000,-0.060000000000,0.004716603252,0.032618409294
2016-01-20,0.000000000000,-0.017854974753,0.017566409597,2016-01-28,-0.016835111308,0.040675939520,0.111825192802,2016-02-25,0.093633543281,1.051971887730,0.113538988860,2016-04-22,0.680000000000,-0.070000000000,0.005561592655,0.035571365051
2016-01-21,0.000000000000,0.036766815886,0.011154011154,2016-01-29,-0.016835111308,0.099891926449,0.118833118833,2016-02-26,0.093633543281,1.152408328617,0.102960102960,2016-04-25,0.690000000000,-0.090000000000,0.011843894740,0.047237076649
2016-01-22,0.000000000000,0.227694899634,0.015008576329,2016-02-01,-0.016835111308,0.305223435036,0.111063464837,2016-02-29,0.093633543281,1.516224711143,0.110634648370,2016-04-26,0.740000000000,-0.020000000000,0.008750796326,0.040089086860
2016-01-25,0.000000000000,0.241411863051,0.020425531915,2016-02-02,-0.016835111308,0.324957505557,0.114893617021,2016-03-01,0.114504545194,1.473607880302,0.104255319149,2016-04-27,0.720000000000,-0.010000000000,0.011146443259,0.039555555556
2016-01-26,0.000000000000,0.301320380478,0.003361344538,2016-02-03,-0.016835111308,0.389320823544,0.089495798319,2016-03-02,0.136187653616,1.470446768453,0.087394957983,2016-04-28,0.690000000000,-0.040000000000,0.010404213359,0.060160427807
2016-01-27,0.000000000000,0.458125177251,0.016842105263,2016-02-04,-0.016835111308,0.557207980306,0.095157894737,2016-03-03,0.158731208540,1.686383001527,0.109052631579,2016-04-29,0.650000000000,-0.090000000000,0.007715837700,0.056494661922
2016-01-28,0.034246770815,0.398742016510,0.039032668647,2016-02-05,0.034246770815,0.531181590250,0.122189223589,2016-03-04,0.198414010675,1.633188739953,0.145523971150,2016-05-03,0.620000000000,-0.170000000000,0.006281451926,0.051670378619
2016-01-29,0.034246770815,0.183266184603,0.097591888466,2016-02-15,0.034246770815,0.535610996103,0.123785382341,2016-03-07,0.198414010675,1.383769287115,0.132234896493,2016-05-04,0.580000000000,-0.190000000000,0.007380281690,0.058691756272
2016-02-01,0.034246770815,0.170520180882,0.049624687239,2016-02-16,0.034246770815,0.510234651767,0.107172643870,2016-03-08,0.198414010675,1.108299700968,0.115929941618,2016-05-05,0.530000000000,-0.200000000000,0.003880034834,0.058640604176
2016-02-02,0.119863697852,0.216252148615,0.051926298157,2016-02-17,0.119863697852,0.646809824731,0.102596314908,2016-03-09,0.224720503873,1.079492495863,0.119765494137,2016-05-06,0.570000000000,-0.120000000000,-0.001418626926,0.052422907489
2016-02-03,0.171233854075,0.090391338390,0.046790890269,2016-02-18,0.171233854075,0.656165493838,0.085300207039,2016-03-10,0.257354518104,1.003280130472,0.112215320911,2016-05-09,0.510000000000,-0.180000000000,-0.002403325227,0.048055919616
2016-02-04,0.165563827615,0.116254909915,0.045732952225,2016-02-19,0.205480624889,0.648321304386,0.091465904451,2016-03-11,0.270759751864,1.005403627896,0.080849326256,2016-05-10,0.500000000000,-0.150000000000,-0.012123045664,0.035057716973
2016-02-05,0.182120210376,0.144969197143,-0.009237875289,2016-02-22,0.222604010297,0.630992219822,0.009237875289,2016-03-14,0.288810401988,0.972110771542,0.025404157044,2016-05-11,0.510000000000,-0.150000000000,-0.015592115058,0.048331907613
2016-02-15,0.215232975899,0.220688150286,0.012713547874,2016-02-23,0.256850781112,0.742388526691,0.026618990862,2016-03-15,0.301420221160,1.083441959676,0.062375844259,2016-05-12,0.530000000000,-0.120000000000,-0.017288311315,0.085215168300
2016-02-16,0.366974347474,0.182375755802,0.023885350318,2016-02-24,0.530824947631,0.838120902718,0.025079617834,2016-03-16,0.585109841075,1.176673655140,0.058519108280,2016-05-13,0.530000000000,-0.190000000000,-0.012750624093,0.083692838654
2016-02-17,0.540938308666,0.180660623302,0.026503164557,2016-02-25,0.804799114150,0.843647557082,0.038370253165,2016-03-17,0.836241790022,1.178101031919,0.060917721519,2016-05-16,0.530000000000,-0.160000000000,-0.009247299893,0.101304347826
2016-02-18,0.525570670316,0.172286187855,0.018352206169,2016-02-26,0.839045884965,0.897648358586,0.024990238188,2016-03-18,0.839045884965,1.222514430712,0.050370948848,2016-05-17,0.530000000000,-0.120000000000,-0.006709406265,0.094950366854
2016-02-19,0.686277713715,0.151504001870,0.006604506605,2016-02-29,1.061649895262,0.915279497739,0.009712509713,2016-03-21,0.993382965690,1.195910584273,0.044289044289,2016-05-18,0.510000000000,-0.160000000000,-0.012024693228,0.117187500000
2016-02-22,1.117171285973,0.083285258103,0.027854060416,2016-03-01,1.660968384523,0.921508716049,0.011377010592,2016-03-22,1.616170685582,1.196536839330,0.043154178109,2016-05-19,0.500000000000,-0.170000000000,-0.013593797353,0.104626026805
2016-02-23,0.738257786196,0.034330430881,0.008164852255,2016-03-02,1.660968384523,0.935631451695,0.007776049767,2016-03-23,1.616170685582,1.207260900431,0.026827371695,2016-05-20,0.460000000000,-0.210000000000,-0.008505768598,0.106447425357
2016-02-24,0.654651026727,0.062465619698,0.002312138728,2016-03-03,1.986312707264,0.994422507763,-0.023892100193,2016-03-24,1.936037800437,1.259349874786,0.018882466281,2016-05-23,0.420000000000,-0.260000000000,-0.008072374372,0.106483469300
2016-02-25,0.670393142126,0.115777057807,0.014187116564,2016-03-04,2.071929634302,1.042264923850,-0.026840490798,2016-03-25,2.020213356977,1.431313430869,0.008819018405,2016-05-24,0.390000000000,-0.300000000000,-0.010313470437,0.112340425532
2016-02-26,0.606313970969,0.281936868696,0.026630644539,2016-03-07,2.311657030006,0.999900303196,-0.020069471247,2016-03-28,2.255904915291,1.809221365494,0.001543805481,2016-05-25,0.320000000000,-0.420000000000,-0.010320355840,0.118629550321
2016-02-29,0.321751011907,0.338937601728,0.013358778626,2016-03-08,2.517137654895,1.072463095079,-0.029007633588,2016-03-29,2.457926250989,1.950139236636,-0.010305343511,2016-05-26,0.350000000000,-0.370000000000,-0.010055170766,0.106028217187
2016-03-01,0.353926113098,0.481035333892,0.015426147320,2016-03-09,2.602754581933,1.202946035702,-0.005013497879,2016-03-30,2.483457414224,2.272408008792,-0.006170458928,2016-05-27,0.320000000000,-0.370000000000,-0.008647852865,0.103825136612
2016-03-02,0.217890324714,0.546912315372,0.007689350250,2016-03-10,2.637001352747,1.115865487714,-0.020376778162,2016-03-31,2.516570179747,2.484252712147,-0.019607843137,2016-05-30,0.350000000000,-0.300000000000,-0.009715955023,0.092631578947
2016-03-03,0.418060977445,0.570911628979,0.010586011342,2016-03-11,3.211938255730,1.293645061392,-0.034782608696,2016-04-01,3.211938255730,2.811528912711,-0.028733459357,2016-05-31,0.330000000000,-0.290000000000,-0.010504222315,0.108428631936
2016-03-04,0.315409023456,0.369116495659,-0.014285714286,2016-03-14,3.211938255730,1.314015671542,-0.042105263158,2016-04-05,3.211938255730,2.858069527422,-0.028947368421,2016-06-01,0.300000000000,-0.280000000000,-0.014252634156,0.121878967414
2016-03-07,0.287244867324,0.391788066114,-0.026741996234,2016-03-15,3.377502083345,1.464228682517,-0.036534839925,2016-04-06,3.377502083345,2.908165673027,-0.031261770245,2016-06-02,0.370000000000,-0.160000000000,-0.013851047776,0.111624003357
2016-03-08,0.370723020791,0.261983702720,-0.022028104823,2016-03-16,3.409803311943,1.285777663944,-0.032282567414,2016-04-07,3.697088474965,2.832804159764,-0.023167489556,2016-06-03,0.430000000000,-0.140000000000,-0.016986531465,0.114273754709
2016-03-09,0.395480846643,0.188855131321,0.001526135063,2016-03-17,3.333349577727,1.306930964773,-0.020984357116,2016-04-08,3.827382341924,2.875704999155,0.001526135063,2016-06-06,0.370000000000,-0.140000000000,-0.018461334230,0.097957482284
2016-03-10,0.184748669744,0.118626008860,-0.017957351291,2016-03-18,3.281265536295,1.298517120040,-0.030303030303,2016-04-11,3.990088245520,3.000570802672,-0.017583239805,2016-06-07,0.390000000000,-0.110000000000,-0.015222377068,0.081371334159
2016-03-11,0.259434302194,0.156085347361,-0.008771929825,2016-03-21,3.487411239081,1.336481730782,-0.008390541571,2016-04-12,4.393964051426,3.183688971221,0.002669717773,2016-06-08,0.450000000000,-0.060000000000,-0.011348047058,0.081599347205
2016-03-14,0.230711334734,0.120750585640,-0.002321981424,2016-03-22,3.433258098356,1.262482631977,0.006578947368,2016-04-13,4.478139607966,3.341662313767,0.042182662539,2016-06-13,0.440000000000,-0.090000000000,-0.013109088902,0.030231645073
2016-03-15,0.152566057057,0.151320515360,0.006601941748,2016-03-23,2.718130940086,1.225741440602,-0.004271844660,2016-04-14,4.595985387123,3.494653053891,0.057087378641,2016-06-14,0.450000000000,-0.080000000000,-0.001171251955,0.023885350318
2016-03-16,0.118083803513,0.173724008311,-0.035047619048,2016-03-24,2.144219304931,1.293377288469,-0.027428571429,2016-04-15,4.579150275815,3.629038563788,0.038857142857,2016-06-15,0.470000000000,-0.060000000000,-0.000628430374,0.022897749704
2016-03-17,0.082946342564,0.136654956598,-0.033142857143,2016-03-25,2.039112473968,1.228654491016,-0.020952380952,2016-04-18,4.494974719275,3.596014563372,0.047619047619,2016-06-16,0.360000000000,-0.170000000000,-0.005867842841,0.031533307056
2016-03-18,0.006242203748,0.087537770927,-0.023085802232,2016-03-28,1.677745508708,1.206689798020,-0.015390534821,2016-04-19,4.427634274042,3.519269854956,0.045786841093,2016-06-17,0.340000000000,-0.170000000000,-0.009752937343,0.016705516706
2016-03-21,-0.052243446265,0.049605668604,-0.013188518231,2016-03-29,0.984558096435,1.192141523091,0.009309542281,2016-04-20,4.105982924851,3.478474068512,0.055081458495,2016-06-20,0.270000000000,-0.230000000000,-0.009354959814,0.008219178082
2016-03-22,-0.102286504499,0.011513889661,-0.004629629630,2016-03-30,0.920207894054,1.176643280278,0.001157407407,2016-04-21,2.665858582549,3.383747467368,0.049768518519,2016-06-21,0.280000000000,-0.180000000000,-0.006378334495,0.015643332030
2016-03-23,-0.135787704474,-0.021114258543,0.005921831820,2016-03-31,0.642203062315,1.112966561781,0.026056060008,2016-04-22,3.821570266949,3.385562500946,0.063166206080,2016-06-22,0.310000000000,-0.110000000000,-0.006275118261,-0.002716336826
2016-03-24,-0.110294230284,-0.021203799042,0.005910165485,2016-04-01,0.618730246619,0.955048756192,0.013002364066,2016-04-25,3.888910712181,3.391568740867,0.053979511426,2016-06-23,0.300000000000,-0.090000000000,-0.004101813107,-0.030604437643
2016-03-25,-0.083746984850,-0.021294102215,0.003544702639,2016-04-05,0.527405252336,0.684716597706,0.020086648287,2016-04-26,3.973086268722,3.397643942989,0.064592359197,2016-06-24,0.340000000000,0.020000000000,-0.001561633250,-0.024119448698
2016-03-28,-0.061608367497,-0.021385177848,0.005503144654,2016-04-06,0.408958794156,0.602212219586,0.020047169811,2016-04-27,3.872075600873,3.399555442750,0.111242138365,2016-06-27,0.340000000000,-0.010000000000,-0.003189001001,-0.017781213761
2016-03-29,-0.026809681423,-0.021477035894,-0.012403100775,2016-04-07,0.380228739272,0.438112505271,0.003100775194,2016-04-28,3.888910712181,3.401485408681,0.096124031008,2016-06-28,0.330000000000,0.010000000000,-0.005277014652,-0.030083777609
2016-03-30,0.024441369229,-0.021569686480,0.007064364207,2016-04-08,0.381356530691,0.336462652056,0.033751962323,2016-04-29,3.939416046106,3.403434109671,0.106750392465,2016-06-29,0.200000000000,-0.150000000000,-0.008557379728,-0.009633911368
2016-03-31,-0.006887060247,-0.021446508508,0.015276145711,2016-04-11,0.133647973857,0.217840488998,0.057579318449,2016-05-03,3.938378643714,3.277040078172,0.105366235801,2016-06-30,0.180000000000,-0.150000000000,-0.011000565032,-0.026366068017
2016-04-01,-0.030467197548,-0.021539832590,0.020408163265,2016-04-12,0.125786328336,0.204008635830,0.051805337520,2016-05-04,3.904131872899,3.278357890891,0.114207221350,2016-07-01,0.160000000000,-0.140000000000,-0.008725519134,-0.032817804602
2016-04-05,-0.024188002981,-0.021415447443,0.016810007819,2016-04-13,0.068078754512,0.126536551202,0.046129788898,2016-05-05,3.835638331269,3.192477362433,0.135261923378,2016-07-04,0.170000000000,-0.200000000000,-0.004716723607,-0.036617591544
2016-04-06,-0.024104710864,-0.021509454503,0.006279434851,2016-04-14,-0.017337051938,0.115053614985,0.049450549451,2016-05-06,3.852761716676,3.197330661987,0.138147566719,2016-07-05,0.140000000000,-0.290000000000,-0.003435113917,-0.040570999249
2016-04-07,-0.040899841968,-0.021604290524,-0.005066250974,2016-04-15,-0.050607344363,0.099872718045,0.046765393609,2016-05-09,3.818514945862,3.202239105570,0.148090413094,2016-07-06,0.170000000000,-0.200000000000,-0.003750032659,-0.030751708428
2016-04-08,-0.027739283101,-0.021916541809,-0.008487654321,2016-04-18,-0.069674927754,0.064832774823,0.021219135802,2016-05-10,3.801391560454,3.034326330246,0.136574074074,2016-07-07,0.120000000000,-0.270000000000,-0.004068861195,-0.018334606570
2016-04-11,-0.013966496702,-0.022014010695,-0.015769230769,2016-04-19,-0.118601871205,0.018526512366,0.024615384615,2016-05-11,3.835638331269,2.881384052753,0.119615384615,2016-07-08,0.140000000000,-0.310000000000,-0.003849163824,-0.021878536401
2016-04-12,0.000000000000,-0.022330719746,0.000384467512,2016-04-20,-0.132145187610,-0.017283422998,0.028066128412,2016-05-12,3.835638331269,2.873990386998,0.132256824298,2016-07-11,0.170000000000,-0.270000000000,-0.002316194931,-0.006478658537
2016-04-13,-0.021171513963,-0.022430899371,0.012090483619,2016-04-21,-0.165463463160,-0.053224584283,0.037051482059,2016-05-13,3.750021404232,2.873430411968,0.141965678627,2016-07-12,0.220000000000,-0.230000000000,-0.003281503240,0.004665629860
2016-04-14,-0.081734283030,-0.022531981895,0.018018018018,2016-04-22,-0.220277831702,-0.084034749002,0.050528789659,2016-05-16,3.424677081490,2.872865437768,0.121425773600,2016-07-13,0.210000000000,-0.260000000000,-0.004263575415,-0.010806638364
2016-04-15,-0.106990141453,-0.022633979579,0.000389105058,2016-04-25,-0.232843375044,-0.084391120188,0.046692607004,2016-05-17,3.287689998231,2.872295397153,0.128404669261,2016-07-14,0.240000000000,-0.120000000000,0.001054041404,-0.021016431028
2016-04-18,-0.056657290672,-0.022736904907,0.012114107073,2016-04-26,-0.173697450059,-0.084750526816,0.050410316530,2016-05-18,3.561664164750,2.868235751519,0.119968737788,2016-07-15,0.200000000000,-0.140000000000,0.004022130622,-0.020252197172
2016-04-19,-0.063739452006,-0.022840770593,-0.002690238278,2016-04-27,-0.142672008941,-0.085113007834,0.021906225980,2016-05-19,3.527417393935,2.853704410991,0.100691775557,2016-07-18,0.210000000000,-0.060000000000,0.003056505128,0.004658385093
2016-04-20,-0.046863790992,-0.022945589582,-0.002697495183,2016-04-28,-0.113941146047,-0.085478602859,0.017726396917,2016-05-20,3.527417393935,2.853042521463,0.104816955684,2016-07-19,0.190000000000,-0.090000000000,-0.002909795567,-0.001155179053
2016-04-21,0.000000000000,-0.023051375061,0.013466717968,2016-04-29,-0.097765476915,-0.085847352192,0.017314351674,2016-05-23,3.424677081490,2.852374615502,0.104270873413,2016-07-20,0.230000000000,-0.080000000000,-0.001928606899,0.021789883268
2016-04-22,0.059904233099,-0.023158140457,0.050175029172,2016-05-03,-0.086088253086,-0.086219296832,0.023337222870,2016-05-24,3.544540779342,2.648477341766,0.099183197200,2016-07-21,0.240000000000,-0.060000000000,-0.003099978335,0.022888713496
2016-04-25,0.427928463374,-0.023265899450,0.034749034749,2016-05-04,0.287745754622,-0.086594478492,0.001930501931,2016-05-25,5.513730101199,2.077505468663,0.103088803089,2016-07-22,0.250000000000,-0.090000000000,-0.002767210964,0.011377010592
2016-04-26,0.642966014834,-0.023374665976,0.031213872832,2016-05-05,0.501037204604,-0.086972939615,-0.000770712909,2016-05-26,6.438392913202,2.031729814764,0.089017341040,2016-07-25,0.260000000000,-0.080000000000,-0.003126424454,0.012593467139
2016-04-27,0.654312473919,-0.023484454231,0.033230293663,2016-05-06,0.506198928144,-0.087354723388,-0.004250386399,2016-05-27,6.489763069424,1.891337119716,0.096599690881,2016-07-26,0.270000000000,-0.060000000000,-0.002112030441,0.021201413428
2016-04-28,0.684985403748,-0.021235750811,0.019741837509,2016-05-09,0.483981463283,-0.085535354319,-0.031890660592,2016-05-30,6.455516298609,1.585900447344,0.075170842825,2016-07-27,0.190000000000,-0.010000000000,0.001924814393,0.016731517510
2016-04-29,0.651847088479,-0.021336438654,-0.019629629630,2016-05-10,0.520111558150,-0.086116512764,-0.048518518519,2016-05-31,6.258312683845,1.552745099979,0.064074074074,2016-07-28,0.120000000000,-0.060000000000,0.001336418445,0.043956043956
2016-05-03,0.141955960354,-0.007146028618,-0.005970149254,2016-05-11,0.516760377980,-0.073157671905,-0.036194029851,2016-06-01,6.192087152799,1.582270638905,0.071268656716,2016-07-29,0.120000000000,-0.040000000000,0.003416208156,0.053822152886
2016-05-04,-0.029926358139,-0.005504847138,-0.000747384155,2016-05-12,0.492210212713,-0.072128224779,-0.038863976084,2016-06-02,5.976854176899,1.575812578729,0.076606875934,2016-08-01,0.170000000000,0.000000000000,0.005147004856,0.048981191223
2016-05-05,-0.045724771929,-0.005531324613,-0.005609573672,2016-05-13,0.472830478512,-0.072451804970,-0.038145100972,2016-06-03,5.382290429615,1.364102048097,0.078534031414,2016-08-02,0.160000000000,0.020000000000,0.004900211011,0.047376664056
2016-05-06,-0.034451105842,-0.007473236172,-0.001489203276,2016-05-16,0.493959362662,-0.072327661883,-0.022710349963,2016-06-06,5.146223909473,1.353811253099,0.082278481013,2016-08-03,0.130000000000,-0.040000000000,0.005579115765,0.049745397571
2016-05-09,-0.018248189057,0.021559367230,0.016244805440,2016-05-17,0.534950707264,-0.045494298953,-0.007933509634,2016-06-07,5.113660576044,1.336187411918,0.094068757083,2016-08-04,0.180000000000,0.060000000000,0.004704590715,0.038910505837
2016-05-10,-0.029926358139,0.013435262189,0.009009009009,2016-05-18,0.492210212713,-0.039562214538,-0.013138138138,2016-06-08,4.901983669392,1.285619673011,0.089339339339,2016-08-05,0.180000000000,0.040000000000,0.009728390679,0.024681835712
2016-05-11,-0.002373044117,0.012033300474,-0.005609573672,2016-05-19,0.488669132046,-0.039514533126,0.007105459985,2016-06-13,4.727541905277,1.135523397063,0.072924457741,2016-08-08,0.150000000000,-0.020000000000,0.010609035809,0.023782125048
2016-05-12,0.011978926672,0.034823522128,-0.006769462204,2016-05-20,0.522711514914,-0.018127015770,0.023693117713,2016-06-14,3.724846103080,1.069078629258,0.075216246709,2016-08-09,0.140000000000,-0.080000000000,0.008547483919,0.029411764706
2016-05-13,0.004757377702,0.053920978078,-0.014168530947,2016-05-23,0.634675741326,0.000230513751,0.016778523490,2016-06-15,3.007599644528,1.101138133275,0.072334079045,2016-08-10,0.150000000000,-0.060000000000,0.009767325301,0.046429964885
2016-05-16,-0.006970265621,0.096985252551,-0.021933085502,2016-05-24,0.706869950572,0.071327072607,0.022304832714,2016-06-16,2.979525076118,1.186124143250,0.067657992565,2016-08-11,0.130000000000,-0.110000000000,0.009470222140,0.051912568306
2016-05-17,0.023730441173,0.189387841679,-0.034598214286,2016-05-25,0.619370144357,0.168910430010,0.011160714286,2016-06-17,2.583063629744,1.360815286241,0.066220238095,2016-08-12,0.150000000000,-0.050000000000,0.010130328601,0.046021840874
2016-05-18,0.052331154719,0.215926429014,-0.024821361414,2016-05-26,0.673223239061,0.195178460900,0.022940955246,2016-06-20,1.846850808346,1.397004222891,0.077096652877,2016-08-15,0.150000000000,-0.060000000000,0.009840145821,0.035935085008
2016-05-19,0.052083374434,0.204480530649,-0.024233244983,2016-05-27,0.680787545118,0.210420709907,0.030291556229,2016-06-21,1.859720848822,1.409447552657,0.085952290799,2016-08-16,0.260000000000,0.070000000000,0.016783050279,0.017733230532
2016-05-20,0.082859913873,0.191051859172,-0.035552193646,2016-05-30,0.770124832462,0.219436091716,0.018532526475,2016-06-22,1.622709523527,1.355431021596,0.085476550681,2016-08-17,0.290000000000,0.060000000000,0.012308309420,0.004569687738
2016-05-23,0.056153529990,0.118673553912,-0.023565184341,2016-05-31,0.700829817671,0.226877464359,0.016723679209,2016-06-23,1.516167811534,1.191799201740,0.095020904599,2016-08-18,0.290000000000,0.050000000000,0.011385749087,0.016589506173
2016-05-24,0.034770541470,0.029059722906,-0.004624277457,2016-06-01,0.173501729322,0.231531327237,0.041618497110,2016-06-24,1.308171851382,0.895116665738,0.106743737958,2016-08-19,0.300000000000,0.050000000000,0.008465296205,0.017455391777
2016-05-25,0.013562397199,0.014668101924,-0.008098727343,2016-06-02,0.032228385688,0.241734591694,0.090242961820,2016-06-27,1.183059368808,0.816487730276,0.102583879676,2016-08-22,0.310000000000,0.050000000000,0.009110512709,0.003109211038
2016-05-26,0.031503173945,0.006208606059,-0.001940240590,2016-06-03,0.048011010525,0.247226160953,0.097400077610,2016-06-28,1.178709091744,0.636967604926,0.110205665503,2016-08-23,0.290000000000,0.020000000000,0.009500804163,-0.003844675125
2016-05-27,0.000000000000,-0.000386986720,0.029411764706,2016-06-06,0.050528288569,0.245411432991,0.105882352941,2016-06-29,1.153485802708,0.522076899688,0.121568627451,2016-08-24,0.250000000000,0.060000000000,0.008360970045,-0.012629161883
2016-05-30,0.042091302682,-0.001932316368,0.022187621643,2016-06-07,0.072992756229,0.251202964243,0.098481899572,2016-06-30,0.849057716271,0.392544247501,0.103542234332,2016-08-25,0.270000000000,0.150000000000,0.014378743300,-0.039849624060
2016-05-31,0.040322610755,-0.002514440626,0.017808749516,2016-06-08,0.069060826474,0.237276326876,0.099109562524,2016-07-01,0.825472779708,0.380709029069,0.096012388695,2016-08-26,0.270000000000,0.150000000000,0.015969988538,-0.046632124352
2016-06-01,0.035682452931,-0.006746160856,0.047045101089,2016-06-13,0.102040897042,0.240184677469,0.129082426128,2016-07-04,0.756430605687,0.296342062259,0.100311041991,2016-08-29,0.300000000000,0.130000000000,0.012481101178,-0.036608143444
2016-06-02,0.008726009836,-0.004434901052,0.058320373250,2016-06-14,0.107810340050,0.248601255195,0.127527216174,2016-07-05,0.603329407454,0.291385785776,0.104587869362,2016-08-30,0.310000000000,0.150000000000,0.010646418754,-0.035140186916
2016-06-03,0.019676446346,0.003290660563,0.038857142857,2016-06-15,0.109419687139,0.258917849690,0.122285714286,2016-07-06,0.573549902778,0.284500943710,0.077714285714,2016-08-31,0.270000000000,0.140000000000,0.010639921760,-0.039552238806
2016-06-06,-0.008503407386,0.011035527429,0.047220106626,2016-06-16,0.083643187456,0.238313395632,0.121858339680,2016-07-07,0.547445860922,0.258608057196,0.073495811120,2016-09-01,0.190000000000,0.010000000000,0.003898297411,-0.018352059925
2016-06-07,-0.012919905914,0.011828270575,0.033853176113,2016-06-17,0.087802632339,0.235314393287,0.107265119817,2016-07-08,0.430712058585,0.208423264112,0.073411943705,2016-09-02,0.190000000000,0.010000000000,0.003774836614,-0.012043658261
2016-06-08,-0.019379858872,0.008926603140,0.010025993316,2016-06-20,0.083254109780,0.236377610617,0.093575937616,2016-07-11,0.399508706729,0.166998268964,0.055699962867,2016-09-05,0.150000000000,0.000000000000,0.005975935614,-0.008617459723
2016-06-13,-0.019463681851,0.003098891836,-0.000367376929,2016-06-21,0.073390209430,0.210322831525,0.075679647318,2016-07-12,0.364019618953,0.125132083866,0.047024246877,2016-09-06,0.120000000000,-0.020000000000,0.005723047983,0.024060150376
2016-06-14,-0.021440838651,0.004823334753,-0.012467913458,2016-06-22,0.080492487762,0.200270284222,0.049871653832,2016-07-13,0.377188067982,0.099659300324,0.059405940594,2016-09-07,0.150000000000,0.000000000000,0.007459096386,0.013049962714
2016-06-15,-0.021440838651,0.011106566355,-0.027272727273,2016-06-23,0.067852182072,0.141370681709,0.054545454545,2016-07-14,0.398284720471,0.119589426598,0.048727272727,2016-09-08,0.170000000000,0.040000000000,0.008149857887,0.012987012987
2016-06-16,0.021815024589,0.014564587814,-0.005518763797,2016-06-24,0.085767335626,0.053740583456,0.054451802796,2016-07-15,0.452854066226,0.127338731246,0.057395143488,2016-09-09,0.130000000000,-0.020000000000,0.006988127664,0.035421327368
2016-06-17,0.026350480420,0.021542040831,0.039338235294,2016-06-27,0.056509988329,0.038723789080,0.052941176471,2016-07-18,0.515564759581,0.135795879333,0.049632352941,2016-09-12,0.150000000000,0.000000000000,0.007508624152,0.012681835136
2016-06-20,0.030877834787,0.037264902872,0.039323778023,2016-06-28,0.051755214338,0.042296128779,0.053656743844,2016-07-19,0.566354520056,0.153775577002,0.049246600515,2016-09-13,0.200000000000,-0.060000000000,0.003019896189,0.029166666667
2016-06-21,0.015337434515,0.033217258535,0.047159301894,2016-06-29,0.013117630898,0.041214085697,0.065725956183,2016-07-20,0.618017479071,0.160694164278,0.052729298180,2016-09-14,0.240000000000,-0.050000000000,0.004191825749,0.028051554208
2016-06-22,0.004382124147,0.015340513956,0.054953271028,2016-06-30,0.015507322041,0.035941084447,0.056448598131,2016-07-21,0.578513060736,0.161390392311,0.056448598131,2016-09-19,0.280000000000,-0.010000000000,0.004886612754,0.015180265655
2016-06-23,-0.025619147181,0.009066635236,0.050314465409,2016-07-01,0.022401450419,0.033267983666,0.056973732889,2016-07-22,0.545024311695,0.162310253657,0.046244913060,2016-09-20,0.250000000000,-0.050000000000,0.002950479643,0.022112085398
2016-06-24,-0.027813455865,0.003012538184,0.027237354086,2016-07-04,0.013380919849,0.026791895972,-0.000353731871,2016-07-25,0.570145784549,0.164112255405,0.001414927485,2016-09-21,0.240000000000,-0.070000000000,0.003109438055,0.086788066641
2016-06-27,-0.036371442285,-0.011168741819,0.025459688826,2016-07-05,-0.017452019671,0.024295544891,0.003536067893,2016-07-26,0.550964819748,0.165930077592,0.011315417256,2016-09-22,0.150000000000,-0.140000000000,0.010840841070,0.091470474720
2016-06-28,-0.025895573224,-0.017468430458,0.044680851064,2016-07-06,-0.013117630898,0.023421760480,0.004255319149,2016-07-27,0.538514585906,0.165559410035,0.016312056738,2016-09-23,0.120000000000,-0.130000000000,0.018566237853,0.091860465116
2016-06-29,-0.008726009836,-0.013056934202,0.043940467753,2016-07-07,-0.034013629545,0.024394323789,0.018072289157,2016-07-28,0.575590124353,0.171347508687,0.016654854713,2016-09-26,0.090000000000,-0.180000000000,0.016421752875,0.108065779170
2016-06-30,0.002191062074,0.003369438741,0.025361042621,2016-07-08,-0.015073223567,0.039362933225,0.011271574498,2016-07-29,0.597067734017,0.191899911410,0.010919337795,2016-09-27,0.100000000000,-0.170000000000,0.009599496241,0.093944099379
2016-07-01,0.134243056223,0.015392886534,0.014118457300,2016-07-11,0.109819200272,0.049678487042,-0.007920110193,2016-08-01,0.825071795411,0.207899000834,-0.021694214876,2016-09-28,0.090000000000,-0.210000000000,0.012540567624,0.108181465684
2016-07-04,0.270870537944,0.039532120413,0.009655172414,2016-07-12,0.237889444845,0.069531385577,-0.005517241379,2016-08-02,1.019761255894,0.238664769312,-0.020689655172,2016-09-29,0.030000000000,-0.280000000000,0.013954847721,0.123208058892
2016-07-05,0.310146440811,0.085679657191,-0.028173794976,2016-07-13,0.268010483141,0.107463898304,-0.013238289206,2016-08-03,1.101635988671,0.293366404274,-0.036659877800,2016-09-30,0.030000000000,-0.240000000000,0.013180564474,0.122766122766
2016-07-06,0.308098817561,0.107727338704,-0.015614392396,2016-07-14,0.274442734736,0.122363722431,-0.016972165648,2016-08-04,1.119830147207,0.326608325321,-0.073659198914,2016-10-10,-0.030000000000,-0.220000000000,0.022911406629,0.124380007631
2016-07-07,0.351989762418,0.122758079273,-0.015458605290,2016-07-15,0.349040393427,0.153311450679,-0.003091721058,2016-08-05,1.189803104111,0.368337859493,-0.062521470285,2016-10-11,-0.050000000000,-0.240000000000,0.019638478992,0.118476190476
2016-07-08,0.192083942623,0.128116579062,-0.027504244482,2016-07-18,0.349143865572,0.173682704203,-0.025806451613,2016-08-08,1.175638781443,0.393774885020,-0.074023769100,2016-10-12,-0.030000000000,-0.180000000000,0.019071445681,0.102040816327
2016-07-11,0.078616397983,0.117345896588,-0.020833333333,2016-07-19,0.361711778938,0.191344656715,-0.023565573770,2016-08-09,1.225668379799,0.415774083232,-0.068989071038,2016-10-13,-0.060000000000,-0.180000000000,0.020680542545,0.080029368576
2016-07-12,0.042272597381,0.155222803083,0.002444987775,2016-07-20,0.350569931763,0.273226352000,0.004540691582,2016-08-10,1.385450703626,0.528568030140,-0.046105483758,2016-10-14,0.010000000000,-0.140000000000,0.016554107829,0.074346705926
2016-07-13,0.038694503530,0.140416465341,-0.025517241379,2016-07-21,0.352760993837,0.265902241912,-0.009655172414,2016-08-11,1.465656903164,0.547921603210,-0.061379310345,2016-10-17,0.070000000000,-0.100000000000,0.013693031479,0.059340659341
2016-07-14,-0.001617077198,0.120635359520,-0.003140265178,2016-07-22,0.318104410834,0.273887939411,0.000000000000,2016-08-12,1.317569216178,0.569083900556,-0.045010467551,2016-10-18,0.030000000000,-0.100000000000,0.014031643027,0.034209578682
2016-07-15,0.003255210099,0.111108634747,-0.013268156425,2016-07-25,0.318784994141,0.276588662011,0.000000000000,2016-08-15,1.331317866008,0.584834142720,-0.041899441341,2016-10-19,0.080000000000,-0.070000000000,0.014572635063,0.058931860037
2016-07-18,0.004859089115,0.123660159193,-0.010115102895,2016-07-26,0.327342980561,0.290573432988,0.000348796652,2016-08-16,1.346446478122,0.628209150671,-0.038367631671,2016-10-20,0.110000000000,-0.090000000000,0.017522090220,0.054471843946
2016-07-19,0.001622324044,0.058210237281,-0.013240418118,2016-07-27,0.332326523037,0.304025023712,0.000000000000,2016-08-17,1.389320677658,0.655712794493,-0.040418118467,2016-10-21,0.100000000000,-0.140000000000,0.018262019689,0.058259587021
2016-07-20,0.012957570974,0.064929857801,0.016631280962,2016-07-28,0.364310910639,0.327729048470,0.019462137297,2016-08-18,1.356444808396,0.687507467754,-0.024769992923,2016-10-24,0.120000000000,-0.160000000000,0.017911332798,0.068411214953
2016-07-21,0.012957570974,0.057828015331,0.004900245012,2016-07-29,0.370289490425,0.335446345806,0.005250262513,2016-08-19,0.644059449754,0.699358000789,-0.033251662583,2016-10-25,0.130000000000,-0.120000000000,0.014746227970,0.055576277508
2016-07-22,0.014600916397,0.060765742752,0.019462137297,2016-08-01,0.376320698592,0.350094309588,0.011677282378,2016-08-22,0.439687261884,0.721374316202,-0.014861995754,2016-10-26,0.050000000000,-0.190000000000,0.013834079117,0.013903743316
2016-07-25,0.008059320900,0.040674234574,0.016208597604,2016-08-02,0.388543804429,0.358236310215,0.008104298802,2016-08-23,0.429812856129,0.735185188748,-0.023960535588,2016-10-27,0.060000000000,-0.090000000000,0.006927466898,0.000707213579
2016-07-26,0.014577267345,0.030924297320,0.026483050847,2016-08-03,0.387683051014,0.368252301435,0.009887005650,2016-08-24,0.438677414391,0.743948607278,-0.019067796610,2016-10-28,0.080000000000,-0.040000000000,0.001059103991,0.006034788782
2016-07-27,0.006395910029,0.018965639319,0.008005569092,2016-08-04,0.385123521951,0.370808839538,-0.013226592412,2016-08-25,0.435675513744,0.757000253868,-0.029933867038,2016-10-31,0.070000000000,-0.020000000000,-0.000888398326,0.002120141343
2016-07-28,0.027182617622,0.022707725224,0.010797631487,2016-08-05,0.404460286008,0.361184865459,-0.013932427726,2016-08-26,0.478821730219,0.750455359422,-0.027168234065,2016-11-01,0.030000000000,-0.070000000000,0.002572247233,0.020581973031
2016-07-29,0.036776482665,0.025027335412,-0.004165220410,2016-08-08,0.258052165342,0.362904537804,-0.017702186741,2016-08-29,0.538681014619,0.774222552523,-0.021867407150,2016-11-02,0.000000000000,-0.090000000000,-0.001171871486,0.000349895031
2016-08-01,0.036776482665,0.029798468109,-0.008668515950,2016-08-09,0.132774361038,0.345518473286,-0.014909847434,2016-08-30,0.553426412256,0.796829898702,-0.017683772538,2016-11-03,-0.030000000000,-0.060000000000,-0.007338457726,-0.007588823732
2016-08-02,0.035121346914,0.031379006422,-0.010663914689,2016-08-10,0.096381522028,0.299818680254,-0.026831785346,2016-08-31,0.542341057993,0.812215093210,-0.026831785346,2016-11-04,0.050000000000,0.020000000000,-0.004204022437,0.001730103806
2016-08-03,0.031776311713,0.031021064544,-0.008287292818,2016-08-11,0.092530334528,0.275885084393,-0.026588397790,2016-09-01,0.508829390357,0.773273615079,-0.031077348066,2016-11-07,0.110000000000,0.140000000000,-0.008469674619,-0.011876484561
2016-08-04,0.010896643263,0.027960005131,-0.012405237767,2016-08-12,0.050129393127,0.246255651251,-0.027567195038,2016-09-02,0.541054058736,0.775543211677,-0.042729152309,2016-11-08,0.090000000000,0.140000000000,-0.007737848099,-0.018732970027
2016-08-05,0.001542258658,0.020618176333,-0.001742767515,2016-08-15,0.056966176739,0.233033154292,-0.009062391077,2016-09-05,0.544719746844,0.789272927201,-0.028929940746,2016-11-09,0.040000000000,0.070000000000,-0.007973077339,0.000685871056
2016-08-08,0.001542258658,0.014400813121,0.003147953830,2016-08-16,0.051830283895,0.221551032262,-0.003147953830,2016-09-06,0.537405727119,0.761368650120,-0.020986358867,2016-11-10,0.090000000000,0.150000000000,-0.005181219571,-0.028891910265
2016-08-09,0.003084517317,0.011526394908,-0.002086230876,2016-08-17,0.055159017499,0.138136210749,0.004520166898,2016-09-07,0.539773153230,0.739317689051,-0.033727399166,2016-11-11,0.080000000000,0.070000000000,-0.005693621146,-0.021925316889
2016-08-10,-0.001539883759,0.012703700494,0.003133704735,2016-08-18,0.050210587523,0.133001482914,0.004178272981,2016-09-08,0.517080421994,0.637032720179,-0.068593314763,2016-11-14,0.060000000000,-0.010000000000,-0.005195065062,0.001383125864
2016-08-11,0.012319070074,0.014799731632,0.002093510119,2016-08-19,0.064787854869,0.128556126389,0.002791346825,2016-09-09,0.523876158149,0.514914405183,-0.053733426378,2016-11-15,0.060000000000,0.030000000000,-0.006757630650,-0.000348189415
2016-08-12,0.012319070074,0.017543542541,-0.001745810056,2016-08-22,0.066515285808,0.129200948182,-0.003142458101,2016-09-12,0.485985899628,0.497346442575,-0.052025139665,2016-11-16,0.100000000000,0.020000000000,-0.007672042051,-0.001739130435
2016-08-15,0.015398837593,0.020299487763,-0.002440725244,2016-08-23,0.062862703021,0.109185799904,-0.004532775453,2016-09-13,0.483798742723,0.492032030199,-0.050906555091,2016-11-17,0.070000000000,-0.040000000000,-0.008686162109,-0.000349040140
2016-08-16,0.015375161631,0.022657601506,-0.003484320557,2016-08-24,0.069646943984,0.099898306090,-0.012195121951,2016-09-14,0.443813178701,0.493408068209,-0.059233449477,2016-11-18,0.100000000000,0.000000000000,-0.009196032739,0.001742160279
2016-08-17,-0.007711293292,0.019674808428,-0.015966678237,2016-08-25,0.028781595129,0.084853675176,-0.019090593544,2016-09-19,0.425343690255,0.492160978958,-0.064213814648,2016-11-21,0.130000000000,0.010000000000,-0.012243043218,0.001049685094
2016-08-18,-0.038028616788,0.013795575325,-0.014275766017,2016-08-26,0.011192842550,0.081579605435,-0.015320334262,2016-09-20,0.416666977798,0.492443525664,-0.052924791086,2016-11-22,0.090000000000,-0.040000000000,-0.006363384521,0.016254416961
2016-08-19,-0.068451510218,0.005877638537,-0.010143406786,2016-08-29,-0.020786707593,0.070771742915,-0.009793634138,2016-09-21,0.365745142540,0.484374349477,-0.050367261280,2016-11-23,0.060000000000,0.010000000000,-0.006727552112,0.011603375527
2016-08-22,-0.078859609170,-0.001170330408,-0.006990562740,2016-08-30,-0.028781595129,0.064586447158,-0.000349528137,2016-09-22,0.325043866379,0.481090353203,-0.061167423978,2016-11-24,0.100000000000,0.040000000000,-0.004102445156,0.008833922261
2016-08-23,-0.087825604596,-0.007514767814,-0.010839160839,2016-08-31,-0.038314196634,0.058887474607,0.002097902098,2016-09-23,0.317009413358,0.482759261467,-0.066083916084,2016-11-25,0.080000000000,0.000000000000,-0.003726494448,0.009174311927
2016-08-24,-0.071495218887,-0.010618823600,-0.005643738977,2016-09-01,-0.050842098741,0.053356231015,0.011992945326,2016-09-26,0.269983184512,0.479174217291,-0.052204585538,2016-11-28,0.070000000000,0.000000000000,-0.003368137420,0.008815232722
2016-08-25,-0.071157532763,-0.012700657427,-0.003179088661,2016-09-02,-0.085616482781,0.044132949276,0.013776050865,2016-09-27,0.264858071245,0.477202850574,-0.053338043094,2016-11-29,0.080000000000,0.050000000000,0.000167895149,-0.013560500695
2016-08-26,-0.045721775377,-0.011426885592,0.004593639576,2016-09-05,-0.098704554136,0.032690661160,0.003886925795,2016-09-28,0.258398118287,0.477379211416,-0.058657243816,2016-11-30,0.090000000000,0.090000000000,0.001102686456,-0.006295907660
2016-08-29,-0.011524537111,-0.010935882401,0.003167898627,2016-09-06,-0.074028415602,0.022476035432,-0.000351988736,2016-09-29,0.298443121715,0.471418920594,-0.076029567054,2016-12-01,0.150000000000,0.180000000000,0.009676438889,-0.016336461592
2016-08-30,0.006640109916,-0.010835316762,0.021208907741,2016-09-07,-0.064774863651,0.015547230341,0.003181336161,2016-09-30,0.300171741118,0.461882535978,-0.065747613998,2016-12-02,0.110000000000,0.060000000000,0.006469570451,-0.020379965458
2016-08-31,0.056913322683,-0.010340130071,0.023057821923,2016-09-08,-0.027717907668,0.011099022537,-0.031926214970,2016-10-10,0.353773837746,0.447901012153,-0.063497694218,2016-12-05,0.110000000000,0.000000000000,0.008958045057,-0.030563186813
2016-09-01,0.132788635109,-0.008401005180,0.018426647768,2016-09-09,0.024638140149,0.007199869442,-0.032955350815,2016-10-11,0.451571008996,0.447669435983,-0.067328136074,2016-12-06,0.110000000000,0.020000000000,0.007126891787,-0.022908712253
2016-09-02,0.162559983208,-0.009588689864,0.004220893422,2016-09-12,0.046196512779,0.002126490005,-0.040801969750,2016-10-12,0.491875634516,0.450267121306,-0.077383046078,2016-12-07,0.120000000000,0.080000000000,0.005814434541,-0.033241946539
2016-09-05,0.146569035404,-0.006054913325,0.001754385965,2016-09-13,0.060055466613,0.001857469469,-0.043508771930,2016-10-13,0.518306512503,0.457991448767,-0.074385964912,2016-12-08,0.130000000000,0.040000000000,0.004774687406,-0.002100105005
2016-09-06,0.120382651925,-0.003959279601,-0.018691588785,2016-09-14,0.044587968731,0.000000000000,-0.054690204223,2016-10-14,0.488606842395,0.449105015691,-0.085496711665,2016-12-09,0.130000000000,0.050000000000,0.003611510640,-0.001050788091
2016-09-07,0.074437796662,-0.001058042072,-0.020110957004,2016-09-19,0.046267759751,-0.002640913883,-0.056171983356,2016-10-17,0.486415780321,0.430481336087,-0.084604715673,2016-12-12,0.060000000000,0.000000000000,0.001913854052,-0.001726519337
2016-09-08,-0.007514280891,0.000397133438,-0.016005567154,2016-09-20,0.004563434015,-0.007094867310,-0.047668754349,2016-10-18,0.409906354901,0.427454073715,-0.083507306889,2016-12-13,0.030000000000,-0.030000000000,0.004215090022,0.006269592476
2016-09-09,-0.052987956524,-0.000795741615,-0.008406304729,2016-09-21,-0.021296025401,-0.015934931145,-0.038879159370,2016-10-19,0.376551402476,0.418554523929,-0.076707530648,2016-12-14,0.090000000000,-0.010000000000,0.005656062616,0.000696864111
2016-09-12,0.031958179333,-0.004237772966,0.001751313485,2016-09-22,0.077343078224,-0.022236277746,-0.034325744308,2016-10-20,0.519897675009,0.399654811420,-0.081611208406,2016-12-15,0.170000000000,0.100000000000,0.006389094503,-0.004189944134
2016-09-13,0.050044181162,-0.006360028493,0.010934744268,2016-09-23,0.080254431786,-0.028374726747,-0.028571428571,2016-10-21,0.539491108827,0.393597188400,-0.081834215168,2016-12-16,0.170000000000,0.070000000000,0.005641788193,-0.006260869565
2016-09-14,0.112028356932,-0.011121208462,0.015215852795,2016-09-26,0.172521071662,-0.032762955742,-0.024769992923,2016-10-24,0.645724727839,0.393200247112,-0.075017692852,2016-12-19,0.240000000000,0.110000000000,0.009178255754,-0.006291506466
2016-09-19,0.149909221638,-0.011379972519,0.014851485149,2016-09-27,0.200822370242,-0.031751643569,-0.023338048091,2016-10-25,0.663891808276,0.398529726686,-0.076379066478,2016-12-20,0.210000000000,0.120000000000,0.004775033889,-0.017385257302
2016-09-20,0.183400778883,-0.006503731815,0.003532320735,2016-09-28,0.243305161825,-0.028047810089,-0.016601907453,2016-10-26,0.675616692794,0.405095721228,-0.088308018368,2016-12-21,0.200000000000,0.140000000000,0.005135628232,-0.015988877303
2016-09-21,0.081644182453,-0.003590838096,-0.006993006993,2016-09-29,0.265064353564,-0.024605735402,-0.031468531469,2016-10-27,0.706039598904,0.410381059521,-0.094755244755,2016-12-22,0.200000000000,0.100000000000,0.004066753967,-0.005954465849
2016-09-22,0.093916500288,-0.002800322597,-0.009769713887,2016-09-30,0.295484891260,-0.023759369285,-0.030704815073,2016-10-28,0.728844135906,0.414402050562,-0.098394975576,2016-12-23,0.150000000000,0.070000000000,0.000924601453,-0.000349650350
2016-09-23,0.035790047627,-0.002409917292,-0.048797490415,2016-10-10,0.308001510993,-0.024737779537,-0.028581387243,2016-10-31,0.719630809588,0.408229915088,-0.098640641338,2016-12-26,0.080000000000,0.010000000000,0.003657391761,0.000349528137
2016-09-26,0.034237570994,-0.002409272164,-0.049128919861,2016-10-11,0.337078842968,-0.021658841480,-0.026829268293,2016-11-01,0.717097155733,0.390475167048,-0.096864111498,2016-12-27,0.050000000000,-0.030000000000,0.001204295596,0.009164610504
2016-09-27,0.036774379115,-0.008149484525,-0.040126715945,2016-10-12,0.350787332185,-0.024825512115,-0.008095740936,2016-11-02,0.531626265442,0.372517903044,-0.085533262936,2016-12-28,0.050000000000,-0.040000000000,0.002292921037,0.005983808518
2016-09-28,0.023425309485,-0.013080381883,-0.040140845070,2016-10-13,0.309793643012,-0.026720595761,-0.002464788732,2016-11-03,0.373864648186,0.338999256809,-0.080281690141,2016-12-29,0.040000000000,-0.110000000000,-0.001477518635,0.002473498233
2016-09-29,0.008969762929,-0.013773485799,-0.037702607470,2016-10-14,0.298483013678,-0.026659149314,-0.003171247357,2016-11-04,0.331417163464,0.284836456837,-0.069767441860,2016-12-30,0.010000000000,-0.100000000000,-0.001083788026,-0.001410437236
2016-09-30,0.006398774166,-0.013420772349,-0.002565042140,2016-10-17,0.245486350695,-0.027773604390,0.028215463540,2016-11-07,0.323014985989,0.254216929960,-0.034444851594,2017-01-03,0.020000000000,-0.090000000000,-0.003644477112,0.007084661707
2016-10-10,-0.001273237108,-0.017039807136,0.002931476731,2016-10-18,0.178839885202,-0.030182141280,0.017955294980,2016-11-08,0.268434814810,0.217343044424,-0.035544155368,2017-01-04,0.000000000000,-0.110000000000,-0.002527947154,-0.027708703375
2016-10-11,0.020268566957,0.047278228739,0.006233956729,2016-10-19,0.185457847835,0.031166546598,0.021635496883,2016-11-09,0.310872564492,0.274166291934,-0.031903190319,2017-01-05,0.000000000000,-0.120000000000,0.004666537041,-0.031903580291
2016-10-12,0.038148541094,0.071407937317,0.011371973588,2016-10-20,0.185938497937,0.049131680319,0.026779163610,2016-11-10,0.322319577972,0.283948360295,-0.032648569332,2017-01-06,0.130000000000,0.000000000000,0.004585536339,-0.044195019291
2016-10-13,0.040640098485,0.088540740130,0.008421823508,2016-10-21,0.206064275373,0.063732785523,0.017575979495,2016-11-11,0.329331780949,0.210672801764,-0.034053460271,2017-01-09,0.150000000000,0.020000000000,0.005051071111,-0.041374474053
2016-10-14,0.068667373969,0.103657448318,0.012490815577,2016-10-24,0.238797287145,0.074141389749,-0.017266715650,2016-11-14,0.361192290893,0.213789785247,-0.024246877296,2017-01-10,0.120000000000,0.060000000000,0.008807886497,-0.057765479073
2016-10-17,0.079041339045,0.108788589237,0.009134088418,2016-10-25,0.281647628532,0.074896098204,-0.009134088418,2016-11-15,0.370910469123,0.204473931131,-0.026306174644,2017-01-11,0.130000000000,0.100000000000,0.010099988007,-0.053651782624
2016-10-18,0.075738794694,0.059291567376,0.014577259475,2016-10-26,0.346596387212,0.093175912938,-0.010568513120,2016-11-16,0.405581011022,0.214744954968,-0.028790087464,2017-01-12,0.090000000000,0.000000000000,0.010035179641,-0.045961002786
2016-10-19,0.063694293522,0.044432461144,0.004715270221,2016-10-27,0.222410014269,0.100410472693,-0.012694958288,2016-11-17,0.399742316646,0.193418966540,-0.035908596300,2017-01-13,0.090000000000,-0.080000000000,0.007151993680,-0.039270687237
2016-10-20,0.073224340259,0.032012412346,0.008714596950,2016-10-28,0.232688642505,0.104812074351,-0.019607843137,2016-11-18,0.424360449390,0.180700502313,-0.031590413943,2017-01-16,0.080000000000,-0.090000000000,0.008089486958,-0.033601680084
2016-10-21,0.045216581476,0.021569957659,0.011248185776,2016-10-31,0.164369107622,0.109651236770,-0.021770682148,2016-11-21,0.404541309317,0.164368874098,-0.025761973875,2017-01-17,0.080000000000,-0.160000000000,0.008795856905,-0.032360182905
2016-10-24,0.036625723309,0.019819931613,0.011223750905,2016-11-01,0.155385899125,0.108818792751,-0.015206372194,2016-11-22,0.402942331810,0.161196814863,-0.023533671253,2017-01-18,0.070000000000,-0.140000000000,0.015452421092,-0.023354564756
2016-10-25,0.010387815631,0.005220894847,0.012212643678,2016-11-02,0.149724257825,0.106076896933,-0.024784482759,2016-11-23,0.399744376796,0.151137297737,-0.041307471264,2017-01-19,0.110000000000,-0.090000000000,0.017414823527,-0.021547156482
2016-10-26,0.010363891588,0.008943531989,0.022743682310,2016-11-03,0.141853262994,0.114253131550,-0.030324909747,2016-11-24,0.402942331810,0.157030997060,-0.037184115523,2017-01-20,0.070000000000,-0.130000000000,0.013961614726,-0.019379844961
2016-10-27,-0.004548557558,0.011466317511,0.018358531317,2016-11-04,0.121732496896,0.120618293115,-0.038516918647,2016-11-25,0.397509790075,0.158415600702,-0.033117350612,2017-01-23,0.080000000000,-0.070000000000,0.017419235839,-0.030430220357
2016-10-28,0.002276867895,0.011100203954,0.006817366344,2016-11-07,0.126695728477,0.124678975125,-0.035880875493,2016-11-28,0.398792711997,0.155381065514,-0.036957301758,2017-01-24,0.130000000000,0.050000000000,0.016970712800,-0.030398322851
2016-10-31,0.003419194369,0.014726943160,-0.005370569280,2016-11-08,0.120957525234,0.127865639376,-0.040458288579,2016-11-29,0.370485870945,0.152135322039,-0.046544933763,2017-01-25,0.130000000000,0.080000000000,0.015483567703,-0.026196297590
2016-11-01,0.006854012205,0.051213073441,-0.011355571327,2016-11-09,0.116544260005,0.172275938911,-0.054648687012,2016-11-30,0.359346267400,0.180544688812,-0.061391057488,2017-01-26,0.110000000000,0.060000000000,0.014069429233,-0.020643806858
2016-11-02,-0.001139731456,0.078460628816,-0.012001411931,2016-11-10,0.114445623281,0.217604869589,-0.073420402400,2016-12-01,0.351634974108,0.211705411583,-0.054712319096,2017-02-03,0.110000000000,0.070000000000,0.013403373697,-0.004582305252
2016-11-03,-0.001142335368,0.085917460051,-0.017674089784,2016-11-11,0.110490267755,0.233893991921,-0.065747613998,2016-12-02,0.348550456791,0.219671642495,-0.047013078826,2017-02-06,0.110000000000,0.100000000000,0.012884881589,-0.003177966102
2016-11-04,-0.048841454203,0.084246842772,-0.046685673557,2016-11-14,0.064852519859,0.236017943349,-0.059158945118,2016-12-05,0.289498146750,0.215026846262,-0.033499643621,2017-02-07,0.140000000000,0.120000000000,0.015077305772,-0.013717903623
2016-11-07,-0.065879170786,0.078038233024,-0.023758099352,2016-11-15,0.048444691673,0.236959838037,-0.052555795536,2016-12-06,0.266399890360,0.208262890166,-0.018718502520,2017-02-08,0.110000000000,0.110000000000,0.014629282388,0.020094994520
2016-11-08,-0.099841199547,0.037802465686,-0.025484565686,2016-11-16,-0.014899435022,0.161669197812,-0.058506819813,2016-12-07,0.221743261340,0.200421682968,-0.017229002154,2017-02-09,0.120000000000,0.120000000000,0.011411174465,0.024533138045
2016-11-09,-0.135782799248,-0.000111072409,-0.027509824937,2016-11-17,-0.072268525342,0.136326869420,-0.057520543051,2016-12-08,0.166307446005,0.194370912240,-0.032154340836,2017-02-10,0.150000000000,0.020000000000,0.010269061295,0.051376146789
2016-11-10,-0.161253492396,-0.014065723853,-0.028427491904,2016-11-18,-0.104954887704,0.117586448461,-0.049298308744,2016-12-09,0.127613841541,0.188813345884,-0.019431450162,2017-02-13,0.250000000000,0.100000000000,0.016147618375,0.028895391368
2016-11-11,-0.048961089468,-0.015848321002,0.007850467290,2016-11-21,-0.052356041709,0.102179970852,-0.013084112150,2016-12-12,0.228254281439,0.180770555289,0.014205607477,2017-02-14,0.270000000000,0.150000000000,0.014669955699,0.016519823789
2016-11-14,-0.032830752606,-0.016552388973,0.002949852507,2016-11-22,-0.060255222218,0.097129975418,-0.028761061947,2016-12-13,0.209917964668,0.170933747604,0.000000000000,2017-02-15,0.270000000000,0.140000000000,0.012556812490,-0.018653986832
2016-11-15,0.025207976308,-0.016607367294,0.000000000000,2016-11-23,-0.061172692049,0.078434838861,-0.029097605893,2016-12-14,0.237298568755,0.160132996593,0.004419889503,2017-02-16,0.400000000000,0.310000000000,0.015883273171,-0.011313868613
2016-11-16,0.092421482449,-0.016662712050,-0.013225569434,2016-11-24,-0.047213283899,0.069856236349,-0.036737692873,2016-12-15,0.254777198856,0.151102659303,0.004408523145,2017-02-17,0.410000000000,0.320000000000,0.019249176110,-0.006569343066
2016-11-17,0.250886397094,-0.017832988711,-0.010740740741,2016-11-25,0.043211296798,0.063607887668,-0.035925925926,2016-12-16,0.389158282434,0.141744068775,0.011111111111,2017-02-20,0.390000000000,0.310000000000,0.022166990637,-0.016298442593
2016-11-18,0.174535482394,-0.019011117702,-0.003338278932,2016-11-28,0.064890735007,0.058396725150,-0.030415430267,2016-12-19,0.453839215542,0.135972741221,0.012611275964,2017-02-21,0.420000000000,0.340000000000,0.023049855545,-0.023264267539
2016-11-21,0.196127816666,-0.020197178320,-0.014705882353,2016-11-29,0.084340127779,0.054079266685,-0.039705882353,2016-12-20,0.504427843363,0.131672121901,0.006985294118,2017-02-22,0.440000000000,0.370000000000,0.020219297177,-0.018478260870
2016-11-22,0.208999348004,-0.021391250933,-0.018784530387,2016-11-30,0.123372219699,0.049884432385,-0.049355432781,2016-12-21,0.605813523739,0.128682313882,0.008839779006,2017-02-23,0.420000000000,0.310000000000,0.018020568395,-0.019855595668
2016-11-23,0.193376921028,-0.022480449916,-0.022710349963,2016-12-01,0.125370460212,0.036535101968,-0.036113179449,2016-12-22,0.625617728909,0.126543782066,0.028667163068,2017-02-24,0.410000000000,0.340000000000,0.020301687909,-0.023715415020
2016-11-24,0.102463520988,-0.020539855490,-0.010482965182,2016-12-02,0.155357609991,0.029951781212,-0.032572070386,2016-12-23,0.678951238906,0.126760151517,0.041183077499,2017-02-27,0.440000000000,0.360000000000,0.024901800388,-0.031746031746
2016-11-25,0.093008371823,-0.019835533786,-0.017491626349,2016-12-05,0.161290383648,0.026013897626,-0.037588388537,2016-12-26,0.711416533543,0.125390438076,0.032378116859,2017-02-28,0.440000000000,0.310000000000,0.022268412920,-0.040720720721
2016-11-28,0.100903966402,-0.019926396016,-0.017910447761,2016-12-06,0.189686577952,0.018082029603,-0.032835820896,2016-12-27,0.783112463462,0.123389763585,0.026865671642,2017-03-01,0.470000000000,0.340000000000,0.023940743711,-0.039454806313
2016-11-29,0.068130997265,-0.020018094517,-0.015390390390,2016-12-07,0.191740485493,-0.021256705629,-0.024774774775,2016-12-28,0.797399496577,0.118873483936,0.037162162162,2017-03-02,0.470000000000,0.360000000000,0.021899102568,-0.047516970347
2016-11-30,0.047599773006,-0.020223881839,0.004952380952,2016-12-08,0.180283044380,-0.058313014487,-0.004952380952,2016-12-29,0.722851833695,0.115964753033,0.042285714286,2017-03-03,0.440000000000,0.330000000000,0.020624949250,-0.060906515581
2016-12-01,0.023729491704,-0.022360903594,-0.000378357927,2016-12-09,0.184126328197,-0.072746165552,-0.001135073780,2016-12-30,0.707454214740,0.113631324553,0.037835792660,2017-03-06,0.430000000000,0.320000000000,0.022088101236,-0.064824654623
2016-12-02,0.021518003886,-0.023260855609,0.000000000000,2016-12-12,0.247193793167,-0.075719755901,-0.001893939394,2017-01-03,0.654102340884,0.110697651781,0.035227272727,2017-03-07,0.480000000000,0.340000000000,0.016269193557,-0.059201141227
2016-12-05,0.013366435417,-0.023369574870,0.000759878419,2016-12-13,0.290612958258,-0.077685878914,0.000000000000,2017-01-04,0.595131046554,0.106431761356,0.032674772036,2017-03-08,0.490000000000,0.380000000000,0.014800813653,-0.058381088825
2016-12-06,0.015232297294,-0.023479315193,0.004956157072,2016-12-14,0.344088876602,-0.079051068319,0.006481128479,2017-01-05,0.569620532637,0.103181162780,0.033168128098,2017-03-09,0.450000000000,0.330000000000,0.010009935603,-0.061472480343
2016-12-07,0.046403727250,-0.023590091029,-0.006065200910,2016-12-15,0.429099739944,-0.080425356826,-0.000379075057,2017-01-06,0.572341938961,0.096276904561,0.021607278241,2017-03-10,0.440000000000,0.290000000000,0.013231735571,-0.085165794066
2016-12-08,0.044427288786,-0.023701917106,-0.014761544285,2016-12-16,0.474502533634,-0.081808835711,-0.001514004542,2017-01-09,0.591698847855,0.091557910179,0.022710068130,2017-03-13,0.420000000000,0.170000000000,0.009016615331,-0.060078208319
2016-12-09,0.041171977905,-0.023814808429,-0.009848484848,2016-12-19,0.365394427170,-0.083201597471,0.006060606061,2017-01-10,0.602889447174,0.085394993550,0.025000000000,2017-03-14,0.450000000000,0.180000000000,0.011536429327,-0.045503791983
2016-12-12,0.033917478148,-0.023091272982,-0.008352315869,2016-12-20,0.379683337391,-0.083818290026,0.011769172361,2017-01-11,0.661720503594,0.080453759202,0.028094153379,2017-03-15,0.510000000000,0.240000000000,0.015172689745,-0.019754006709
2016-12-13,0.043135797429,-0.022601217388,-0.020864946889,2016-12-21,0.367592970901,-0.084664319484,0.011001517451,2017-01-12,0.728940383867,0.079106615543,0.042488619120,2017-03-16,0.510000000000,0.110000000000,0.010336727846,-0.028423772610
2016-12-14,0.034183306905,-0.022227226033,-0.012585812357,2016-12-22,0.352912880877,-0.085629050435,0.013729977117,2017-01-13,0.575732252127,0.076471552051,0.048054919908,2017-03-17,0.530000000000,0.120000000000,0.006875441899,-0.026451138868
2016-12-15,0.051784739469,-0.022335149602,-0.007299270073,2016-12-23,0.239808240611,-0.086017737357,0.024587014983,2017-01-16,0.594337255554,0.074008525782,0.059930849020,2017-03-20,0.600000000000,0.210000000000,0.005437898933,-0.037187039764
2016-12-16,0.041383128374,-0.021590273691,-0.010711553175,2016-12-26,0.210605163782,-0.085611987776,0.027161438409,2017-01-17,0.501060666782,0.073904130277,0.057383320581,2017-03-21,0.700000000000,0.280000000000,0.003978957506,-0.031633792333
2016-12-19,0.022781125928,-0.022534835917,-0.007656967841,2016-12-27,0.179735190153,-0.086004157517,0.032542113323,2017-01-18,0.478009164257,0.068262711320,0.059724349158,2017-03-22,0.740000000000,0.300000000000,0.008560688156,-0.034699150978
2016-12-20,-0.022473936975,-0.023246843595,0.006586594343,2016-12-28,0.105755577844,-0.086399936678,0.034095311895,2017-01-19,0.428158842553,0.060920736778,0.074777218133,2017-03-23,0.680000000000,0.260000000000,0.004066930554,-0.041988950276
2016-12-21,-0.033053431318,-0.023844422678,0.008883738895,2016-12-29,0.096212307141,-0.086904909388,0.030127462341,2017-01-20,0.408641509909,0.054590573369,0.070297412128,2017-03-24,0.670000000000,0.260000000000,0.003760975539,-0.044902465955
2016-12-22,-0.077369461746,-0.022348765901,0.021671826625,2016-12-30,0.037571695199,-0.087705720313,0.039473684211,2017-01-23,0.344695175421,0.052954372587,0.082043343653,2017-03-27,0.640000000000,0.200000000000,-0.003196905200,-0.039865871833
2016-12-23,-0.081243400813,-0.020196640476,0.018948182521,2017-01-03,0.017605639543,-0.085948861474,0.037896365043,2017-01-24,0.331456501773,0.054756751185,0.081593194122,2017-03-28,0.600000000000,0.160000000000,0.000398023558,-0.029676934636
2016-12-26,-0.059693531627,-0.020297862359,0.015432098765,2017-01-04,0.007637963095,-0.086350579145,0.027391975309,2017-01-25,0.343774019088,0.049106845763,0.073688271605,2017-03-29,0.580000000000,0.110000000000,0.001588006591,-0.032113517550
2016-12-27,-0.033106502700,-0.006296328384,0.016166281755,2017-01-05,0.000952018581,-0.073607653130,0.018090839107,2017-01-26,0.331897783928,0.062902942511,0.071978444958,2017-03-30,0.580000000000,0.110000000000,0.004439006078,-0.026631657914
2016-12-28,-0.012934224234,0.005062563155,0.009571209801,2017-01-06,0.032869306802,-0.063339394414,0.025267993874,2017-02-03,0.358596286282,0.073977541122,0.059341500766,2017-03-31,0.580000000000,0.140000000000,0.006654081773,-0.018476621418
2016-12-29,0.027634847734,0.016128753682,-0.000757575758,2017-01-09,0.041529856909,-0.051788688876,0.021212121212,2017-02-06,0.369570895593,0.084879790691,0.054545454545,2017-04-05,0.560000000000,0.130000000000,0.007667844778,-0.009090909091
2016-12-30,0.038446763567,0.016414018029,0.007969639469,2017-01-10,0.034469562897,-0.048820357279,0.029222011385,2017-02-07,0.373855702719,0.086653273725,0.059203036053,2017-04-06,0.550000000000,0.070000000000,0.012211500307,-0.000758150114
2017-01-03,0.038847842476,0.027112970026,0.012537993921,2017-01-11,0.032975325977,-0.039123555778,0.035714285714,2017-02-08,0.397756415841,0.096230809802,0.067249240122,2017-04-07,0.500000000000,0.010000000000,0.014827226685,-0.001141118296
2017-01-04,0.040897863451,0.014953487052,0.009469696970,2017-01-12,0.026256572348,-0.037147745601,0.037121212121,2017-02-09,0.358828060106,0.030095936586,0.060227272727,2017-04-10,0.470000000000,0.020000000000,0.014252184754,0.004569687738
2017-01-05,-0.002807937978,0.003903723598,0.007963594994,2017-01-13,-0.015705843713,-0.036964843293,0.027303754266,2017-02-10,0.304997674750,0.006311429140,0.065225635192,2017-04-11,0.470000000000,0.030000000000,-0.003233885017,0.005723006486
2017-01-06,-0.036164699606,-0.008623775424,0.010993176649,2017-01-16,-0.038838554602,-0.037144324881,0.032979529947,2017-02-13,0.268489247616,-0.011957943911,0.081501137225,2017-04-12,0.420000000000,0.000000000000,-0.015785268147,-0.004160363086
2017-01-09,-0.065716421608,-0.012017822431,0.010918674699,2017-01-17,-0.071730755849,-0.037325557907,0.021460843373,2017-02-14,0.201094796563,-0.027239775101,0.076807228916,2017-04-13,0.460000000000,0.010000000000,-0.008837245644,0.000756715853
2017-01-10,-0.098504225497,0.012576053998,0.012007504690,2017-01-18,-0.099325709047,-0.004041573833,0.017636022514,2017-02-15,0.167769442253,0.001107946488,0.073170731707,2017-04-14,0.430000000000,-0.080000000000,-0.006685382755,0.012547528517
2017-01-11,-0.135233959318,0.035334647832,0.001500938086,2017-01-19,-0.149226941516,0.019925865939,0.023264540338,2017-02-16,0.092336138941,0.006799304917,0.073545966229,2017-04-17,0.430000000000,-0.080000000000,-0.002021646053,0.012158054711
2017-01-12,-0.127651626197,0.066481555257,0.003386004515,2017-01-20,-0.169733836500,0.050406862450,0.028592927013,2017-02-17,0.070244154093,0.027555747210,0.070353649360,2017-04-18,0.390000000000,-0.140000000000,-0.005042623898,0.007924528302
2017-01-13,-0.134693135364,0.078163057214,0.007124109486,2017-01-23,-0.209249226086,0.061831585660,0.023622047244,2017-02-20,0.022742787788,0.032226387111,0.067116610424,2017-04-19,0.380000000000,-0.220000000000,-0.009659045790,0.017973231358
2017-01-16,-0.132752173817,0.078559213881,-0.000372439479,2017-01-24,-0.226951674011,0.061213274529,0.016759776536,2017-02-21,-0.003415301842,0.027026583541,0.057355679702,2017-04-20,0.410000000000,-0.290000000000,-0.013034886153,0.030745580323
2017-01-17,-0.135572688376,0.046728190478,-0.012606599926,2017-01-25,-0.238774126507,0.066531882178,0.015572858732,2017-02-22,-0.026213823499,0.027522483938,0.051538746756,2017-04-21,0.410000000000,-0.330000000000,-0.015353233467,0.030210325048
2017-01-18,-0.116229964860,0.026651757762,-0.008992131885,2017-01-26,-0.230825893822,0.072029996716,0.026227051330,2017-02-23,-0.044551079336,0.028263818833,0.058448857250,2017-04-24,0.360000000000,-0.320000000000,-0.018791065337,0.032295271050
2017-01-19,-0.102216520413,-0.001999497538,0.004124484439,2017-02-03,-0.229120543582,0.073913422070,0.035995500562,2017-02-24,-0.049008452628,0.016410849081,0.052118485189,2017-04-25,0.420000000000,-0.250000000000,-0.014238157686,0.025818882466
2017-01-20,-0.055592637904,-0.010874476271,0.003723008191,2017-02-06,-0.190585156783,0.074293865384,0.035368577811,2017-02-27,-0.029700719557,0.009427054644,0.041325390916,2017-04-26,0.430000000000,-0.210000000000,-0.011486185271,0.035312378735
2017-01-23,-0.029700719557,-0.010925577317,0.010432190760,2017-02-07,-0.183583296035,0.071254651911,0.033532041729,2017-02-28,-0.035211280937,0.004653862419,0.043591654247,2017-04-27,0.440000000000,-0.160000000000,-0.015949142324,0.037940379404
2017-01-24,-0.007022474650,-0.015624750356,0.023657529103,2017-02-08,-0.196134229087,0.071619166107,0.033420953811,2017-03-01,-0.036347128709,-0.003211939469,0.052572286894,2017-04-28,0.390000000000,-0.190000000000,-0.021007367564,0.032793209877
2017-01-25,0.017934010017,0.003054103682,0.035160680529,2017-02-09,-0.190222620703,0.082117454318,0.044612476371,2017-03-02,-0.034036772573,-0.018843782287,0.055576559546,2017-05-02,0.410000000000,-0.170000000000,-0.019217763225,0.021579961464
2017-01-26,0.022770862404,0.052916064044,0.011575802838,2017-02-10,-0.201235555109,0.125045081711,0.021657953697,2017-03-03,-0.026243734308,-0.007663996190,0.041822255414,2017-05-03,0.450000000000,-0.130000000000,-0.018766929394,0.014598540146
2017-02-03,0.003531906260,0.051541906880,0.010756676558,2017-02-13,-0.209569797716,0.111734133753,0.017433234421,2017-03-06,-0.025160119381,-0.022527135858,0.025593471810,2017-05-04,0.430000000000,-0.130000000000,-0.017256751106,0.022171253823
2017-02-06,0.007063812520,0.051786786673,0.000368731563,2017-02-14,-0.208256265660,0.108535958827,0.007743362832,2017-03-07,0.021495112449,-0.025423348275,0.007374631268,2017-05-05,0.440000000000,-0.110000000000,-0.023189242397,0.024658573596
2017-02-07,0.010608207845,0.060507431792,-0.005135730007,2017-02-15,-0.217986202720,0.106460655130,-0.002934702861,2017-03-08,0.042558383008,-0.019421469729,0.006969919296,2017-05-08,0.400000000000,-0.100000000000,-0.024947483887,0.036557501904
2017-02-08,-0.005872682591,0.068742317724,-0.004017531045,2017-02-16,-0.226608256155,0.139465730136,-0.010226442659,2017-03-09,0.066801137216,0.010407283504,0.001095690285,2017-05-09,0.400000000000,-0.070000000000,-0.017867534539,0.031842304776
2017-02-09,-0.008202487385,0.023729211196,0.009228497601,2017-02-17,-0.205556662774,0.147262916739,-0.005167958656,2017-03-10,0.117507313400,0.015996203568,0.008121077889,2017-05-10,0.380000000000,-0.090000000000,-0.003404593106,0.039453717754
2017-02-10,-0.022290013409,0.028667352585,0.001834862385,2017-02-20,-0.198191327750,0.153552586592,-0.008440366972,2017-03-13,0.136351302769,0.019839199941,0.000366972477,2017-05-11,0.410000000000,-0.010000000000,0.011318997704,0.030003797949
2017-02-13,-0.036240369511,0.028796847389,0.006266126060,2017-02-21,-0.183277254896,0.154330842753,-0.002580169554,2017-03-14,0.035158226669,0.018787457493,0.008846295614,2017-05-12,0.400000000000,-0.060000000000,0.002486855868,0.027977315690
2017-02-14,-0.024492661726,0.030046805496,0.009955752212,2017-02-22,-0.153783945024,0.125551269679,-0.001474926254,2017-03-15,0.051546413354,0.027041777639,0.010324483776,2017-05-15,0.430000000000,0.000000000000,-0.000995639535,0.021404431093
2017-02-15,0.056710797381,0.003177686592,0.004400440044,2017-02-23,-0.054945074297,0.104074511079,0.007700770077,2017-03-16,0.099582042284,0.030735850025,0.009534286762,2017-05-16,0.460000000000,0.030000000000,-0.007873622677,0.016141141141
2017-02-16,0.068525546836,-0.002296051579,0.010607168983,2017-02-24,-0.026899084319,0.073275703894,0.005120702268,2017-03-17,0.093062643245,0.030840014207,0.011704462326,2017-05-17,0.450000000000,0.060000000000,-0.006295290513,0.020217147136
2017-02-17,0.089992836570,-0.007103719551,0.018681318681,2017-02-27,0.010006674823,0.062323611318,0.010622710623,2017-03-20,-0.009810337116,0.030980003032,0.026739926740,2017-05-18,0.430000000000,0.050000000000,-0.001450595911,0.028174305034
2017-02-20,0.086123275968,-0.007134909951,0.016117216117,2017-02-28,0.022846707352,0.062616480752,0.012454212454,2017-03-21,-0.042762469803,0.031121268526,0.019047619048,2017-05-19,0.410000000000,0.000000000000,0.001332176783,0.017897091723
2017-02-21,0.066953637396,-0.016169321640,0.004746257758,2017-03-01,0.044475672782,0.057917307712,0.010587805769,2017-03-22,-0.062013896018,0.031263828232,0.016794450529,2017-05-22,0.410000000000,0.000000000000,-0.000281368588,0.015590200445
2017-02-22,-0.006708410371,-0.020644149907,0.008762322015,2017-03-02,0.062171234725,0.053211883376,0.012778386272,2017-03-23,-0.096603652838,0.031522746538,0.023001095290,2017-05-23,0.400000000000,0.040000000000,0.008643425440,0.018621973929
2017-02-23,-0.007739940933,-0.021807894151,-0.009771986971,2017-03-03,0.075503385867,0.051973238850,0.002895403547,2017-03-24,-0.091148501502,0.031549255669,0.007600434311,2017-05-24,0.380000000000,-0.040000000000,0.002420946450,0.028925619835
2017-02-24,-0.011008370398,-0.021903909859,-0.013664149586,2017-03-06,0.057687802248,0.050477968436,0.005393743258,2017-03-27,-0.111726356775,0.029544199049,0.003236245955,2017-05-25,0.350000000000,-0.080000000000,-0.000692523302,0.040104947526
2017-02-27,0.006700918286,-0.021447991495,-0.014780100937,2017-03-07,0.061219708508,0.051311678538,0.008291276136,2017-03-28,-0.118349021371,0.029424982345,0.000720980534,2017-05-26,0.310000000000,-0.130000000000,0.002069091574,0.038418500559
2017-02-28,0.007844019066,-0.021543261534,-0.012354651163,2017-03-08,0.060113177791,0.051556628273,0.011264534884,2017-03-29,-0.141302317263,0.029562512211,0.012354651163,2017-05-31,0.350000000000,-0.040000000000,0.007565301658,0.036234590960
2017-03-01,0.009004956103,-0.021748499019,-0.019182048498,2017-03-09,0.052854143315,0.027169025063,0.007962359754,2017-03-30,-0.146610861453,0.029701333719,0.005790807094,2017-06-01,0.340000000000,-0.070000000000,0.004999157281,0.039230479065
2017-03-02,-0.011143307014,-0.020165500503,-0.014985380117,2017-03-10,0.039840653012,-0.021042885400,0.011330409357,2017-03-31,-0.142111414705,0.031610721979,0.011330409357,2017-06-02,0.430000000000,-0.020000000000,0.005660874723,0.044301400984
2017-03-03,-0.013357084208,-0.020256273368,-0.014947138170,2017-03-13,0.039887392416,-0.021247567210,0.014947138170,2017-04-05,-0.143905783242,0.031760568922,0.024425811156,2017-06-05,0.480000000000,0.050000000000,0.005117799901,0.023560209424
2017-03-06,-0.028844031079,-0.010733085561,-0.009879253568,2017-03-14,0.023380883556,-0.011179952516,0.021222100256,2017-04-06,-0.161815448045,0.042628507088,0.027808269301,2017-06-06,0.450000000000,0.010000000000,0.013794162894,0.014068863384
2017-03-07,-0.034467435500,-0.010100854192,-0.003679175865,2017-03-15,0.012829489476,-0.018455715735,0.033480500368,2017-04-07,-0.181835368958,0.043550380133,0.038631346578,2017-06-07,0.480000000000,0.080000000000,0.014842505182,0.002571638501
2017-03-08,-0.001115573820,-0.004332392064,0.014022140221,2017-03-16,0.057892272327,-0.043063132086,0.032841328413,2017-04-10,-0.160352638270,0.049890985192,0.038745387454,2017-06-08,0.490000000000,0.090000000000,0.008393316948,-0.001836884644
2017-03-09,0.015776431439,-0.006059818873,0.019666048237,2017-03-17,0.064981121999,-0.049529112622,0.042300556586,2017-04-11,-0.167221041889,0.050132058715,0.033395176252,2017-06-09,0.560000000000,0.180000000000,0.010963338619,-0.011678832117
2017-03-10,0.009025274152,-0.006087660473,0.021095484826,2017-03-20,0.073194173744,-0.054316132569,0.055884529978,2017-04-12,-0.172924040726,0.050375473287,0.025166543301,2017-06-12,0.600000000000,0.190000000000,0.005728738687,-0.008112094395
2017-03-13,0.027416048822,-0.016217199002,0.021433850702,2017-03-21,0.090975291515,-0.054444851317,0.056910569106,2017-04-13,-0.172889514098,0.050743242122,0.022542498152,2017-06-13,0.570000000000,0.170000000000,0.002905177624,-0.000367782273
2017-03-14,0.052971001447,-0.014560653491,0.022156573117,2017-03-22,0.093256852087,-0.060962712670,0.056129985229,2017-04-14,-0.166757841795,0.052662931763,0.026587887740,2017-06-14,0.610000000000,0.180000000000,0.003376181227,-0.004044117647
2017-03-15,0.027920492860,-0.015801883768,0.009461426492,2017-03-23,0.029069778276,-0.061167851575,0.041120815138,2017-04-17,-0.172599835970,0.057194615195,0.012008733624,2017-06-15,0.610000000000,0.150000000000,0.006457978294,0.000738825268
2017-03-16,0.069891306076,-0.015874593472,0.008369723435,2017-03-24,0.066342350856,-0.062464822442,0.035298398836,2017-04-18,-0.138467077145,0.056954812719,0.001455604076,2017-06-16,0.500000000000,0.050000000000,0.000539987578,0.009174311927
2017-03-17,0.087209334828,-0.000462260156,0.013410656035,2017-03-27,0.070453570547,-0.047990475872,0.031533164190,2017-04-19,-0.145067740774,0.073875087284,-0.001812250816,2017-06-19,0.510000000000,0.080000000000,0.003052136715,0.006211180124
2017-03-20,0.087836367888,0.005223971388,0.011939218524,2017-03-28,0.092696036295,-0.042674869676,0.027134587554,2017-04-20,-0.135994388318,0.079539855701,-0.007235890014,2017-06-20,0.490000000000,0.080000000000,0.005225285712,0.013186813187
2017-03-21,0.071084890305,0.002792276934,0.005419075145,2017-03-29,0.097489951251,-0.042864427589,0.024566473988,2017-04-21,-0.127405597353,0.079938494971,-0.009393063584,2017-06-21,0.470000000000,0.060000000000,0.004619097617,0.005482456140
2017-03-22,0.053237742010,0.001512483339,0.003965392934,2017-03-30,0.091175180540,-0.039928013584,0.018385003605,2017-04-24,-0.108515758849,0.083993020646,-0.005046863735,2017-06-22,0.450000000000,0.050000000000,0.001547133649,0.014990859232
2017-03-23,-0.022812119042,0.001519555037,-0.001443522194,2017-03-31,0.050144881563,-0.040106939890,0.012630819199,2017-04-25,-0.129342242345,0.084418240618,-0.004691447131,2017-06-23,0.430000000000,0.050000000000,0.000980769623,0.014603870026
2017-03-24,-0.032908279483,-0.013989836673,-0.004291845494,2017-04-05,0.046749794728,-0.040287477032,0.000357653791,2017-04-26,-0.103868910447,0.083056731558,-0.010729613734,2017-06-26,0.460000000000,0.110000000000,0.003326269423,-0.000720720721
2017-03-27,-0.055192169253,-0.019747928662,-0.002145155524,2017-04-06,0.025515873647,-0.041011684828,0.001430103683,2017-04-27,-0.111495614346,0.080034242950,-0.019663925635,2017-06-27,0.420000000000,0.110000000000,0.002794437391,0.005747126437
2017-03-28,-0.080661657022,-0.019839575568,0.009342436220,2017-04-07,0.001111852758,-0.041197865973,0.007186489400,2017-04-28,-0.146863794727,0.080443670503,-0.013654329860,2017-06-28,0.410000000000,0.060000000000,-0.000982188722,0.006849315068
2017-03-29,-0.094904097003,-0.023233833666,0.005026929982,2017-04-10,-0.021195902572,-0.041385745244,0.002513464991,2017-05-02,-0.165493680012,0.065516549202,-0.014721723519,2017-06-29,0.450000000000,0.110000000000,0.002365376258,0.011252268603
2017-03-30,-0.078522947978,-0.023342299889,0.015178894109,2017-04-11,-0.021410871238,-0.043219085548,0.008312251536,2017-05-03,-0.187195865218,0.053770644402,-0.013010480665,2017-06-30,0.410000000000,-0.020000000000,-0.000002184327,0.009427121102
2017-03-31,-0.080816702402,-0.023451783602,0.024784482759,2017-04-12,-0.024819503918,-0.043417653940,-0.006824712644,2017-05-04,-0.198442197837,0.040869196574,-0.026939655172,2017-07-03,0.460000000000,-0.020000000000,-0.000068257800,0.008768724881
2017-04-05,-0.083297303944,-0.023562299190,0.024722321748,2017-04-13,-0.031985390292,-0.053448233330,-0.021139376568,2017-05-05,-0.215660932883,0.037555695096,-0.037262629882,2017-07-04,0.430000000000,-0.020000000000,-0.003559854126,0.019350127784
2017-04-06,-0.068858310698,-0.020477890034,0.018155927376,2017-04-14,-0.034546305292,-0.051248914257,-0.022783908864,2017-05-08,-0.235315649798,0.030381754213,-0.040583837665,2017-07-05,0.370000000000,-0.110000000000,-0.002624259255,0.023818248443
2017-04-07,-0.054707109911,-0.020575309438,0.022150768131,2017-04-17,-0.073710101150,-0.057024189249,-0.020721686317,2017-05-09,-0.242141886617,0.028217775301,-0.039299749911,2017-07-06,0.390000000000,-0.100000000000,-0.000436702130,0.037541405962
2017-04-10,-0.044910196879,-0.020673660180,0.012815948736,2017-04-18,-0.079875778373,-0.057286576444,-0.027767888928,2017-05-10,-0.221513116048,0.027972427967,-0.043075827697,2017-07-07,0.440000000000,-0.120000000000,-0.002676597230,0.036927621861
2017-04-11,-0.023137445294,-0.017651008581,-0.002453557659,2017-04-19,-0.055903419761,-0.054546698446,-0.044514546092,2017-05-11,-0.187608295686,0.031391292333,-0.066596565019,2017-07-10,0.440000000000,-0.160000000000,0.000450531366,0.046096654275
2017-04-12,0.008260564968,-0.016408997150,-0.007342657343,2017-04-20,-0.050033374114,-0.053632772921,-0.043006993007,2017-05-12,-0.153556618967,0.032944186466,-0.066783216783,2017-07-11,0.410000000000,-0.160000000000,0.001996515174,0.045621780721
2017-04-13,0.020276725619,-0.015105491922,-0.008391608392,2017-04-21,-0.064523208123,-0.051773468157,-0.041958041958,2017-05-15,-0.134560951896,0.002213440602,-0.062237762238,2017-07-12,0.380000000000,-0.230000000000,-0.001810376641,0.053156146179
2017-04-14,0.020496752872,-0.014814570154,-0.012583012933,2017-04-24,-0.080399855280,-0.056078228431,-0.037749038798,2017-05-16,-0.105663604418,-0.021586717825,-0.062565536526,2017-07-13,0.320000000000,-0.290000000000,-0.002285928750,0.055370985604
2017-04-17,0.025319518254,-0.014886879242,-0.013708260105,2017-04-25,-0.118208253217,-0.056340425214,-0.027768014060,2017-05-17,-0.085001106449,-0.050457908460,-0.061159929701,2017-07-14,0.320000000000,-0.180000000000,0.005295448952,0.037090909091
2017-04-18,-0.049739479607,-0.018090397226,-0.017217146873,2017-04-26,-0.174825234754,-0.071220986697,-0.015108924807,2017-05-18,-0.107849717534,-0.060686593384,-0.052002810963,2017-07-17,0.380000000000,-0.130000000000,0.001071292632,0.032316630356
2017-04-19,-0.122893306372,-0.019504090707,-0.013384994716,2017-04-27,-0.234055680722,-0.076912985314,-0.020077492075,2017-05-19,-0.143934256315,-0.060971770188,-0.045438534695,2017-07-18,0.330000000000,-0.160000000000,-0.001517329500,0.027114967462
2017-04-20,-0.182370891735,-0.024171375791,-0.011636107193,2017-04-28,-0.285889417293,-0.077269925895,-0.017983074753,2017-05-22,-0.181413928454,-0.065670943227,-0.044076163611,2017-07-19,0.360000000000,-0.110000000000,-0.000476116169,0.030897855325
2017-04-21,-0.220935814798,-0.024651380181,-0.011681415929,2017-05-02,-0.319785544249,-0.080737571990,-0.008141592920,2017-05-23,-0.211621318198,-0.070479315730,-0.041061946903,2017-07-20,0.390000000000,-0.060000000000,0.001992231896,0.018371757925
2017-04-24,-0.316321854940,-0.024773520476,-0.005702066999,2017-05-03,-0.383064651622,-0.081114492114,-0.007840342124,2017-05-24,-0.303212009912,-0.072126127383,-0.032430506058,2017-07-21,0.400000000000,-0.030000000000,0.003928704897,0.009355883411
2017-04-25,-0.372632258488,-0.024896877135,-0.011440829460,2017-05-04,-0.464696038812,-0.081494948017,-0.002502681444,2017-05-25,-0.407346521995,-0.074002829603,-0.020736503396,2017-07-24,0.410000000000,-0.050000000000,0.002026264286,0.012261089073
2017-04-26,-0.357619587946,-0.025021468420,-0.024634059265,2017-05-05,-0.479229943470,-0.081878989686,-0.008925383792,2017-05-26,-0.433247167902,-0.074354423067,-0.026062120671,2017-07-25,0.440000000000,0.020000000000,0.002662233249,-0.002142857143
2017-04-27,-0.331713054863,-0.025147312959,-0.020692115590,2017-05-08,-0.480897556974,-0.082266668056,-0.006064930432,2017-05-31,-0.449080798790,-0.074709373377,-0.030324652158,2017-07-26,0.420000000000,0.010000000000,0.005911325019,0.003222341568
2017-04-28,-0.312405374788,-0.025274429758,-0.018266475645,2017-05-09,-0.483246137545,-0.082658035027,-0.004656160458,2017-06-01,-0.467465534205,-0.096731097853,-0.017908309456,2017-07-27,0.390000000000,-0.060000000000,0.004110727026,0.009332376167
2017-05-02,-0.218438377731,-0.025402838208,-0.021146953405,2017-05-10,-0.476739013027,-0.083053143496,-0.008243727599,2017-06-02,-0.467541780932,-0.141144034521,-0.018637992832,2017-07-28,0.370000000000,-0.040000000000,0.004544865438,0.001436781609
2017-05-03,-0.093365179026,-0.025277232516,-0.014104882459,2017-05-11,-0.472003884006,-0.083211897596,0.016274864376,2017-06-05,-0.464570805792,-0.141650448065,-0.005786618445,2017-07-31,0.410000000000,-0.050000000000,0.000622350291,0.009779065556
2017-05-04,-0.045700073189,-0.025406973521,0.001830161054,2017-05-12,-0.457871315345,-0.083613492829,0.028184480234,2017-06-06,-0.462941494405,-0.142290304745,0.002928257687,2017-08-01,0.460000000000,0.030000000000,0.003347012428,-0.016833810888
2017-05-05,-0.012836979630,-0.025538053247,-0.001821493625,2017-05-15,-0.449666209314,-0.087007633470,0.028415300546,2017-06-07,-0.461861621127,-0.149783888070,-0.001092896175,2017-08-02,0.500000000000,0.130000000000,0.001513900058,-0.016821760916
2017-05-08,0.048522311809,-0.025670492521,0.004377964247,2017-05-16,-0.426814736281,-0.087430250089,0.026997446188,2017-06-08,-0.438327204760,-0.176525968931,-0.002188982123,2017-08-03,0.500000000000,0.110000000000,0.001762086403,-0.028733593473
2017-05-09,0.072623292711,-0.025804312604,0.012815818382,2017-05-17,-0.412346440136,-0.087856992245,0.019772976932,2017-06-09,-0.424149505415,-0.182700104175,0.003661662395,2017-08-04,0.530000000000,0.090000000000,0.001414003783,-0.023860398860
2017-05-10,0.074496110500,-0.026194687298,0.028246515040,2017-05-18,-0.419232756684,-0.091185380612,0.016140865737,2017-06-12,-0.411567239248,-0.187428908160,0.000366837858,2017-08-07,0.560000000000,0.120000000000,0.001497957594,-0.031272210377
2017-05-11,0.069656123680,-0.026332642365,0.016441359152,2017-05-19,-0.424859716315,-0.092859098523,0.010960906102,2017-06-13,-0.403930294327,-0.188251854857,-0.004018998904,2017-08-08,0.560000000000,0.150000000000,0.001886751440,-0.039057002111
2017-05-12,0.069354189679,-0.026472058213,0.016423357664,2017-05-22,-0.423193992360,-0.097544384535,0.014598540146,2017-06-14,-0.410091029050,-0.196435407493,-0.004744525547,2017-08-09,0.510000000000,0.130000000000,0.002954006976,-0.039957939012
2017-05-15,0.035759385612,-0.026612958169,0.017798764984,2017-05-23,-0.418242130688,-0.098359006924,0.010170722848,2017-06-15,-0.449463494881,-0.200980083748,-0.004722121322,2017-08-10,0.490000000000,0.170000000000,0.001773384419,-0.038125218608
2017-05-16,0.024620451799,-0.025685151414,0.006507592191,2017-05-24,-0.412747104401,-0.097855405879,-0.005061460593,2017-06-16,-0.447810868278,-0.201860005155,-0.002892263196,2017-08-11,0.520000000000,0.200000000000,0.001473259041,-0.033309957924
2017-05-17,0.022430684088,-0.022191927626,-0.004637887977,2017-05-25,-0.375124781956,-0.094981586270,-0.017481270068,2017-06-19,-0.448040675195,-0.199776866301,-0.014983945772,2017-08-14,0.510000000000,0.130000000000,-0.000344598706,-0.026380583890
2017-05-18,0.022385037570,-0.021771066820,-0.002156721783,2017-05-26,-0.329597157547,-0.094956472654,-0.013659237958,2017-06-20,-0.438910147759,-0.200218106173,-0.015097052480,2017-08-15,0.440000000000,0.110000000000,-0.000892876619,-0.017599436818
2017-05-19,0.022294299618,-0.021889466082,0.000359066427,2017-05-31,-0.278810541803,-0.095434052681,-0.015439856373,2017-06-21,-0.434782771098,-0.201107456900,-0.017953321364,2017-08-16,0.430000000000,0.070000000000,-0.000349269765,-0.018335684062
2017-05-22,0.024370447042,-0.022009160185,-0.008208422555,2017-06-01,-0.235062296564,-0.095916460933,-0.014989293362,2017-06-22,-0.432237892930,-0.202093744730,-0.013561741613,2017-08-17,0.410000000000,0.020000000000,-0.001812536127,-0.013088079236
2017-05-23,0.010012021100,-0.023204290020,-0.006106321839,2017-06-02,-0.132439016420,-0.096403771001,-0.009339080460,2017-06-23,-0.437931965653,-0.202999371733,-0.008620689655,2017-08-18,0.430000000000,0.030000000000,-0.001782150917,-0.000713012478
2017-05-24,-0.013960918735,-0.026959605708,0.007168458781,2017-06-05,-0.017878438537,-0.096896057977,-0.008602150538,2017-06-26,-0.449688501665,-0.203913151903,-0.013978494624,2017-08-21,0.460000000000,0.050000000000,-0.000446707115,-0.012468827930
2017-05-25,-0.027866260527,-0.027646701693,0.011887608069,2017-06-06,0.014540932378,-0.097393398498,-0.012247838617,2017-06-27,-0.458176339833,-0.205284383835,-0.007925072046,2017-08-22,0.450000000000,0.010000000000,-0.002381593374,-0.003579098067
2017-05-26,-0.049563870978,-0.027800419675,0.013280689160,2017-06-07,0.025673959260,-0.097895870781,-0.014716439340,2017-06-28,-0.466978158394,-0.206216315354,-0.014716439340,2017-08-23,0.450000000000,0.030000000000,-0.006584967249,-0.004996431121
2017-05-31,-0.047581316139,-0.027955856584,0.012954300108,2017-06-08,0.059550109947,-0.098403554663,-0.012594458438,2017-06-29,-0.464078708939,-0.207156746857,-0.009355883411,2017-08-24,0.440000000000,0.050000000000,-0.011444223807,-0.013157894737
2017-06-01,-0.055511535495,-0.028113041415,0.006505240332,2017-06-09,0.048415528474,-0.098916531650,-0.013010480665,2017-06-30,-0.463150951525,-0.209463927842,-0.006866642573,2017-08-25,0.400000000000,0.030000000000,-0.022118492962,-0.003945480631
2017-06-02,-0.048543722049,-0.028272003818,-0.014234875445,2017-06-12,0.030674869029,-0.099670785170,-0.035943060498,2017-07-03,-0.469314255909,-0.210426301634,-0.018861209964,2017-08-28,0.400000000000,-0.010000000000,-0.020190943432,-0.006097560976
2017-06-05,-0.034807558564,-0.028432774118,-0.014951940192,2017-06-13,0.026121046380,-0.100195704198,-0.043431826273,2017-07-04,-0.461503488502,-0.219503214660,-0.009611961552,2017-08-29,0.360000000000,-0.100000000000,-0.017215872832,0.021857923497
2017-06-06,-0.010429711048,-0.028595383333,-0.015232022671,2017-06-14,0.028175139557,-0.100726181501,-0.045341834927,2017-07-05,-0.453708142833,-0.221046771112,-0.015940488842,2017-08-30,0.390000000000,-0.110000000000,-0.016336865988,0.027302511831
2017-06-07,-0.012489600673,-0.028759863195,-0.012078152753,2017-06-15,-0.002103493271,-0.101262305832,-0.044760213144,2017-07-06,-0.470181099762,-0.226608173742,-0.019538188277,2017-08-31,0.370000000000,-0.130000000000,-0.021351261283,0.031044558072
2017-06-08,-0.018891700876,-0.028926246172,-0.011849192101,2017-06-16,-0.041034086332,-0.101804167844,-0.034829443447,2017-07-07,-0.481473441858,-0.227650873057,-0.002513464991,2017-09-01,0.400000000000,-0.130000000000,-0.019541571707,0.023713973003
2017-06-09,-0.048894592471,-0.029094565484,-0.005776173285,2017-06-19,-0.087683583254,-0.102351860141,-0.038628158845,2017-07-10,-0.499776572666,-0.228703212338,0.008664259928,2017-09-04,0.410000000000,-0.150000000000,-0.018999727460,0.019809244314
2017-06-12,-0.112431135929,-0.029264855133,-0.008312251536,2017-06-20,-0.148555249325,-0.102905477330,-0.035417419588,2017-07-11,-0.534801176637,-0.229854741091,0.008312251536,2017-09-05,0.430000000000,-0.130000000000,-0.018335871746,0.014280483339
2017-06-13,-0.145446982467,-0.029437149919,-0.013669064748,2017-06-21,-0.178354396943,-0.103465116077,-0.035251798561,2017-07-12,-0.556649371774,-0.232806089398,0.005395683453,2017-09-06,0.460000000000,-0.050000000000,-0.015691162125,0.013143483023
2017-06-14,-0.141231127903,-0.029611485466,-0.007551240561,2017-06-22,-0.172623999881,-0.104030875161,-0.035598705502,2017-07-13,-0.557366564308,-0.237459884288,0.000359582884,2017-09-07,0.460000000000,-0.030000000000,-0.016063415660,0.011636363636
2017-06-15,-0.145485769138,-0.029787898249,0.002180232558,2017-06-23,-0.200240422000,-0.105586384766,-0.029433139535,2017-07-14,-0.585856693577,-0.238570140790,0.015261627907,2017-09-08,0.440000000000,-0.080000000000,-0.015447914067,0.000725426188
2017-06-16,-0.113992038438,-0.029966425617,0.004357298475,2017-06-26,-0.209413781022,-0.109489010935,-0.020334059550,2017-07-17,-0.592349030697,-0.251470204654,0.010530137981,2017-09-11,0.490000000000,-0.020000000000,-0.009654271624,-0.004696531792
2017-06-19,-0.050191244576,-0.027132395236,-0.000728862974,2017-06-27,-0.208996953952,-0.107822136603,-0.012390670554,2017-07-18,-0.593826858077,-0.254644343269,0.011297376093,2017-09-12,0.490000000000,0.050000000000,-0.008246840482,-0.013615191688
2017-06-20,-0.056734136437,-0.024263982423,0.001094091904,2017-06-28,-0.241871690373,-0.105641594766,-0.011305616338,2017-07-19,-0.609557079013,-0.253505687809,0.011670313640,2017-09-13,0.520000000000,0.090000000000,-0.008071604253,-0.014727011494
2017-06-21,-0.061364802295,-0.018919351078,-0.005797101449,2017-06-29,-0.241871690373,-0.101200200835,-0.018478260870,2017-07-20,-0.605529401530,-0.253016448625,0.002536231884,2017-09-14,0.500000000000,0.090000000000,-0.007240029682,-0.016129032258
2017-06-22,-0.042563881292,-0.015965279202,-0.009789702683,2017-06-30,-0.241871690373,-0.098957905781,-0.015591007977,2017-07-21,-0.594227714427,-0.251863415800,0.009064539521,2017-09-15,0.500000000000,0.070000000000,-0.006818575020,-0.015340706386
2017-06-23,-0.032795183985,-0.012974704269,-0.020607375271,2017-07-03,-0.224514714479,-0.096690253057,-0.009761388286,2017-07-24,-0.592301358394,-0.250699566705,0.001446131598,2017-09-18,0.460000000000,0.000000000000,-0.006338809092,-0.002886002886
2017-06-26,-0.072974394375,-0.011465516066,-0.020058351568,2017-07-04,-0.245700413391,-0.092975171364,-0.005105762217,2017-07-25,-0.601471441465,-0.248346633466,0.004011670314,2017-09-19,0.450000000000,0.000000000000,-0.005067694123,-0.007183908046
2017-06-27,-0.039225975615,-0.002020473301,-0.018214936248,2017-07-05,-0.233625527483,-0.081925773248,-0.009836065574,2017-07-26,-0.591959348423,-0.239934584386,0.005828779599,2017-09-20,0.430000000000,-0.020000000000,0.001239307506,-0.013271162123
2017-06-28,-0.036610910574,0.001710694766,-0.020043731778,2017-07-06,-0.233139212558,-0.073769049095,-0.000728862974,2017-07-27,-0.580123311345,-0.233940078990,0.001822157434,2017-09-21,0.500000000000,0.060000000000,-0.001238503536,-0.010090090090
2017-06-29,-0.028765715451,0.039156735520,-0.015745148297,2017-07-07,-0.220403176884,-0.036591701407,0.002563163676,2017-07-28,-0.572317124335,-0.203988080500,0.002196997437,2017-09-22,0.490000000000,0.090000000000,0.008567654750,-0.013323730645
2017-06-30,-0.033907176063,0.045225954502,-0.016980435585,2017-07-10,-0.212585184655,-0.028367201347,0.014765596161,2017-07-31,-0.571494898772,-0.198003490817,0.009597637505,2017-09-25,0.550000000000,0.150000000000,0.006464830817,-0.020570191267
2017-07-03,0.021715546250,0.045453576538,-0.006698920729,2017-07-11,-0.201527507798,-0.023997181209,0.019724599926,2017-08-01,-0.555818014247,-0.195218804325,0.031633792333,2017-09-26,0.580000000000,0.220000000000,0.000472248048,-0.034937611408
2017-07-04,0.027218315386,0.037065092532,-0.004823747681,2017-07-12,-0.204468946367,-0.019870076195,0.017439703154,2017-08-02,-0.549857088843,-0.195283799565,0.021521335807,2017-09-27,0.600000000000,0.210000000000,0.002297701266,-0.047129695252
2017-07-05,0.021715546250,0.031516179755,-0.002603198215,2017-07-13,-0.206576873649,-0.016286317006,0.017106731127,2017-08-03,-0.546178179478,-0.193196566517,0.017850502045,2017-09-28,0.600000000000,0.230000000000,0.007670623629,-0.047821466525
2017-07-06,0.013462586127,-0.004803985386,-0.006324404762,2017-07-14,-0.194694191053,-0.012659856756,0.019717261905,2017-08-04,-0.546178179478,-0.191088958133,0.019717261905,2017-09-29,0.580000000000,0.180000000000,0.003749114208,-0.039914468995
2017-07-07,0.056695515385,-0.009731797646,0.013143071724,2017-07-17,-0.125167728481,-0.008989927685,0.024033045437,2017-08-07,-0.536475815757,-0.191538192251,0.025910627112,2017-10-09,0.610000000000,0.200000000000,0.002254235627,-0.033812949640
2017-07-10,0.116897021694,-0.010644460623,0.015361558636,2017-07-18,0.004780118531,-0.005275743518,0.021356313226,2017-08-08,-0.507958999672,-0.190502219296,0.024728362683,2017-10-10,0.660000000000,0.230000000000,0.002534256667,-0.040433212996
2017-07-11,0.151033519726,-0.005856615633,0.010812826249,2017-07-19,0.071534345942,0.003942897144,0.016778523490,2017-08-09,-0.492167598850,-0.187726928729,0.018269947800,2017-10-11,0.660000000000,0.200000000000,0.001485461023,-0.038918918919
2017-07-12,0.172688782048,-0.004364751113,0.010067114094,2017-07-20,0.083456131121,0.009307100127,0.021625652498,2017-08-10,-0.478497352905,-0.184638837559,0.017897091723,2017-10-12,0.620000000000,0.160000000000,0.001900080380,-0.038102084831
2017-07-13,0.188629285006,-0.003922079740,0.016473231000,2017-07-21,0.120180370706,0.013662594702,0.032572070386,2017-08-11,-0.473894823571,-0.182085375497,0.023961063272,2017-10-13,0.570000000000,0.130000000000,0.000200401983,-0.027183762233
2017-07-14,0.150741058373,-0.002116678581,0.015196441809,2017-07-24,0.136226148862,0.019462056404,0.023350630096,2017-08-14,-0.438684130394,-0.178386124672,0.016308376575,2017-10-16,0.580000000000,0.090000000000,-0.003961038770,-0.029038112523
2017-07-17,0.083254109780,-0.002121489844,0.006642066421,2017-07-25,0.145948788751,0.020297062225,0.011070110701,2017-08-15,-0.392314025582,-0.176151137676,0.009225092251,2017-10-17,0.570000000000,0.080000000000,-0.006846349714,-0.021067925899
2017-07-18,0.057550688728,-0.007552714929,0.002582073036,2017-07-26,0.201360008159,0.021137259144,0.008852821837,2017-08-16,-0.343151436065,-0.173893669114,0.007377351531,2017-10-18,0.540000000000,0.020000000000,-0.009326535664,-0.012759752096
2017-07-19,0.065700094925,-0.008465434422,0.012181616833,2017-07-27,0.230125723610,0.020061784074,0.020302694721,2017-08-17,-0.286624348713,-0.171107889464,0.006644518272,2017-10-19,0.510000000000,0.010000000000,-0.010911398564,-0.013114754098
2017-07-20,0.064819002249,-0.008632262004,0.008471454880,2017-07-28,0.245816113856,0.021216398529,0.016574585635,2017-08-18,-0.180598658754,-0.168547831512,0.005156537753,2017-10-20,0.510000000000,0.010000000000,-0.010601094656,-0.018840579710
2017-07-21,0.055506257776,-0.008939209737,0.003650967506,2017-07-31,0.239958476751,0.023630170000,0.004381161008,2017-08-21,-0.055621808781,-0.164940325305,-0.010587805769,2017-10-23,0.500000000000,0.040000000000,-0.011821679490,-0.014471780029
2017-07-24,0.041721593999,-0.008959571982,0.004398826979,2017-08-01,0.287730987813,0.022883524740,0.009530791789,2017-08-22,-0.014540932378,-0.162578966927,-0.002199413490,2017-10-24,0.480000000000,0.030000000000,-0.011989881710,-0.013386396527
2017-07-25,0.032651307975,-0.008980027202,0.008830022075,2017-08-02,0.291235974629,0.014016211462,0.009933774834,2017-08-23,0.014976476235,-0.160193243095,0.000367917586,2017-10-25,0.480000000000,0.050000000000,-0.015964216828,-0.006543075245
2017-07-26,0.006377555540,-0.009604923575,-0.002552881109,2017-08-03,0.285016544532,0.008538866436,0.004011670314,2017-08-24,0.044111192553,-0.157782774737,-0.008752735230,2017-10-26,0.520000000000,0.020000000000,-0.008181324567,-0.013469239170
2017-07-27,-0.010495389375,-0.009929521782,0.001095690285,2017-08-04,0.269251722538,-0.027022417798,0.003652300950,2017-08-25,0.037411999275,-0.155347174871,-0.010226442659,2017-10-27,0.490000000000,0.000000000000,-0.008813826382,-0.000364963504
2017-07-28,-0.012620959628,-0.011465898278,-0.008002910149,2017-08-07,0.267278858242,-0.031890352285,0.002910149145,2017-08-28,0.028483806956,-0.153107947259,-0.013823208439,2017-10-30,0.490000000000,-0.060000000000,-0.007371199042,0.007737656595
2017-07-31,-0.014755490975,-0.011492252077,-0.005109489051,2017-08-08,0.241764294867,-0.032832913752,0.015328467153,2017-08-29,0.017414030920,-0.150622714327,-0.008759124088,2017-10-31,0.470000000000,-0.110000000000,-0.006055197439,0.012929442187
2017-08-01,-0.021079272821,-0.010290063055,-0.005470459519,2017-08-09,0.230524845897,-0.032286470797,0.013129102845,2017-08-30,0.006501955282,-0.147052283374,-0.010211524435,2017-11-01,0.480000000000,-0.120000000000,-0.010335080861,0.020825585720
2017-08-02,-0.021123800256,-0.010313823479,0.001828153565,2017-08-10,0.231137292895,-0.032359361699,0.009140767824,2017-08-31,-0.025241919255,-0.144508362856,-0.008043875686,2017-11-02,0.470000000000,-0.130000000000,-0.011267750490,0.020089285714
2017-08-03,-0.033941474998,-0.010337693886,0.006202116016,2017-08-11,0.209883288951,-0.032432582466,0.013498723094,2017-09-01,-0.065654538131,-0.141937216928,-0.010580080263,2017-11-03,0.480000000000,-0.100000000000,-0.010274312601,0.013734224202
2017-08-04,-0.048998756568,-0.008969808244,0.012467913458,2017-08-14,0.140521325602,-0.031145413399,0.024569123579,2017-09-04,-0.089722736353,-0.138127937404,-0.006600660066,2017-11-06,0.460000000000,-0.150000000000,-0.010376012823,0.023082650782
2017-08-07,-0.055626911729,-0.008990664590,0.005135730007,2017-08-15,0.049952465868,-0.031216207697,0.023477622891,2017-09-05,-0.101750170771,-0.135494465551,-0.003668378577,2017-11-07,0.470000000000,-0.190000000000,-0.010126098586,0.025206922498
2017-08-08,-0.043066353048,-0.009465970302,0.002933626696,2017-08-16,0.023020275491,-0.035799868764,0.024935826916,2017-09-06,-0.099310971025,-0.132152552992,-0.002566923359,2017-11-08,0.460000000000,-0.200000000000,-0.010967585052,0.019872515936
2017-08-09,-0.043159288706,-0.008554804254,0.008759124088,2017-08-17,0.004531041029,-0.036431601709,0.015328467153,2017-09-07,-0.099512658755,-0.128637389653,-0.005474452555,2017-11-09,0.460000000000,-0.160000000000,-0.012926045489,0.019058295964
2017-08-10,-0.046113340736,-0.007795282171,0.000725163162,2017-08-18,-0.029056794112,-0.036194923140,0.013052936911,2017-09-08,-0.130156274300,-0.126181908453,-0.007251631617,2017-11-10,0.420000000000,-0.150000000000,-0.014122562510,0.024217585693
2017-08-11,-0.038082465713,-0.008426787446,-0.003621876132,2017-08-21,-0.046625256531,-0.037271959244,0.007968127490,2017-09-11,-0.143598021272,-0.125994891980,-0.011952191235,2017-11-13,0.400000000000,-0.180000000000,-0.016887722377,0.032897196262
2017-08-14,-0.047575930808,-0.007508052386,0.005109489051,2017-08-22,-0.076855567893,-0.036445716535,0.012773722628,2017-09-12,-0.163216668801,-0.122889589026,-0.005839416058,2017-11-14,0.400000000000,-0.170000000000,-0.013801867833,0.024118738404
2017-08-15,-0.072007254731,-0.007519814712,0.003656307130,2017-08-23,-0.102307431655,-0.035767904957,0.014259597806,2017-09-13,-0.182395045199,-0.119402802505,-0.003656307130,2017-11-15,0.450000000000,-0.090000000000,-0.010953334861,0.011816838996
2017-08-16,-0.090212066014,-0.006746012322,-0.003979739508,2017-08-24,-0.142432073719,-0.034760675796,0.001085383502,2017-09-14,-0.200238038751,-0.115038349844,-0.015557163531,2017-11-16,0.490000000000,-0.020000000000,-0.007770396921,0.008859357697
2017-08-17,-0.085175019318,-0.006756612367,-0.004347826087,2017-08-25,-0.165827152132,-0.034371421553,0.008333333333,2017-09-15,-0.212133367786,-0.111468209211,-0.014130434783,2017-11-17,0.450000000000,-0.060000000000,-0.010399544308,0.019202363368
2017-08-18,-0.076851480245,-0.006767245775,0.002181025082,2017-08-28,-0.166175968431,-0.035162088053,0.006906579426,2017-09-18,-0.198220198369,-0.107857694565,-0.003271537623,2017-11-20,0.420000000000,-0.080000000000,-0.010294263483,0.014317180617
2017-08-21,-0.047573777017,-0.006934445534,0.010167029775,2017-08-29,-0.155986618878,-0.034476756231,-0.000363108206,2017-09-19,-0.180180303153,-0.104206117141,-0.010167029775,2017-11-21,0.430000000000,-0.050000000000,-0.011225229758,0.009167583425
2017-08-22,-0.082444295542,-0.006945391543,0.012021857923,2017-08-30,-0.202361019084,-0.033788266748,0.005828779599,2017-09-20,-0.210680163176,-0.100512772414,-0.006557377049,2017-11-22,0.430000000000,-0.050000000000,-0.011574036349,0.005854372484
2017-08-23,-0.116509764097,-0.007897476851,0.002542680712,2017-08-31,-0.247148462997,-0.033096597731,-0.001452960407,2017-09-21,-0.258118413904,-0.096776939651,-0.007628042136,2017-11-23,0.450000000000,-0.070000000000,-0.013239526230,0.014760147601
2017-08-24,-0.128334279764,-0.007909970613,0.010917030568,2017-09-01,-0.265167773418,-0.032401727105,-0.004002911208,2017-09-22,-0.272880123762,-0.092997881442,-0.006914119360,2017-11-24,0.420000000000,-0.070000000000,-0.011879499670,0.004381161008
2017-08-25,-0.249747939579,-0.007922503968,0.013420384476,2017-09-04,-0.366425483898,-0.031703632587,-0.007979688067,2017-09-25,-0.367772369453,-0.089174843209,-0.010881392818,2017-11-27,0.440000000000,-0.050000000000,-0.012311812252,0.005118829982
2017-08-28,-0.259740475974,-0.007935077104,0.002875629044,2017-09-05,-0.365853919451,-0.031002291689,-0.003594536305,2017-09-26,-0.371234882785,-0.085307052713,-0.015097052480,2017-11-28,0.420000000000,-0.050000000000,-0.014106036434,0.007293946025
2017-08-29,-0.203488551347,-0.007947690210,0.006119510439,2017-09-06,-0.350990777340,-0.031501507727,-0.008999280058,2017-09-27,-0.364671419808,-0.081393719525,-0.014038876890,2017-11-29,0.410000000000,-0.070000000000,-0.015949973461,0.017122040073
2017-08-30,-0.154321131988,-0.007960343479,0.007971014493,2017-09-07,-0.349590238520,-0.030797295313,-0.008333333333,2017-09-28,-0.364671419808,-0.077434034494,-0.012318840580,2017-11-30,0.390000000000,-0.080000000000,-0.017996986385,0.006564551422
2017-08-31,-0.141455101477,-0.007973037102,0.005759539237,2017-09-08,-0.346947992203,-0.030089789178,-0.013318934485,2017-09-29,-0.363714422846,-0.073427169185,-0.024838012959,2017-12-01,0.390000000000,-0.090000000000,-0.019369488523,0.009154155987
2017-09-01,-0.003362478550,-0.007985771272,-0.003937007874,2017-09-11,-0.336021756289,-0.030742169018,-0.022190408017,2017-10-09,-0.337505839298,-0.069372275303,-0.033285612026,2017-12-04,0.360000000000,-0.100000000000,-0.019939849088,0.009825327511
2017-09-04,-0.010121468873,-0.007998546184,-0.005376344086,2017-09-12,-0.335297036171,-0.030032209545,-0.019713261649,2017-10-10,-0.298757408188,-0.065268484095,-0.031541218638,2017-12-05,0.370000000000,-0.100000000000,-0.025841462147,0.026055045872
2017-09-05,-0.053085659241,-0.008011362034,-0.007513416816,2017-09-13,-0.357786046944,-0.030079258847,-0.022898032200,2017-10-11,-0.296004190104,-0.061114905728,-0.039713774597,2017-12-06,0.370000000000,-0.090000000000,-0.030056511947,0.026470588235
2017-09-06,-0.049767805538,-0.008024219019,-0.005391804457,2017-09-14,-0.354082359106,-0.030278613447,-0.018691588785,2017-10-12,-0.297005643107,-0.056910628647,-0.035585909418,2017-12-07,0.300000000000,-0.160000000000,-0.025584215890,0.024935826916
2017-09-07,-0.036987264052,-0.007715632643,-0.003937007874,2017-09-15,-0.340700077271,-0.030011929349,-0.021116678597,2017-10-13,-0.282924622705,-0.052347694307,-0.051539012169,2017-12-08,0.320000000000,-0.100000000000,-0.022551278718,0.013459439796
2017-09-08,-0.067476459150,-0.007567053756,-0.004671218110,2017-09-18,-0.356311408408,-0.029901783657,-0.014732303270,2017-10-16,-0.302724775248,-0.047882837185,-0.047790154510,2017-12-11,0.260000000000,-0.140000000000,-0.027082845881,0.011219688744
2017-09-11,-0.061349762951,-0.007579256446,-0.007927927928,2017-09-19,-0.344909883373,-0.030101797660,-0.014414414414,2017-10-17,-0.306995728062,-0.046481821889,-0.045405405405,2017-12-12,0.250000000000,-0.150000000000,-0.025989691031,0.007608695652
2017-09-12,-0.031534724988,-0.007591498555,-0.004686373468,2017-09-20,-0.329777182167,-0.030149313290,-0.015501081471,2017-10-18,-0.277196894349,-0.045072096704,-0.046142754146,2017-12-13,0.310000000000,-0.140000000000,-0.022609662694,0.010583941606
2017-09-13,-0.045391114282,-0.007603780276,-0.006505240332,2017-09-21,-0.322261049629,-0.031116058793,-0.014456089628,2017-10-19,-0.285042089472,-0.046033240977,-0.034333212866,2017-12-14,0.330000000000,-0.160000000000,-0.023901437372,0.014635931211
2017-09-14,-0.055865986809,-0.007937618740,-0.016528925620,2017-09-22,-0.319577520196,-0.031165284215,-0.019403521380,2017-10-20,-0.292887284595,-0.044616838083,-0.039885016170,2017-12-15,0.350000000000,-0.100000000000,-0.021089425984,0.002898550725
2017-09-15,-0.025325645593,-0.008111436866,-0.012635379061,2017-09-25,-0.320383720471,-0.031214665632,-0.021660649819,2017-10-23,-0.297339851626,-0.043191569006,-0.035018050542,2017-12-18,0.350000000000,-0.070000000000,-0.021646148140,0.006152732537
2017-09-18,-0.021786518744,-0.008124617331,0.006901561932,2017-09-26,-0.327173099545,-0.031264203788,-0.011260443153,2017-10-24,-0.268729884844,-0.043259265947,-0.026516527425,2017-12-19,0.350000000000,-0.080000000000,-0.019839101964,0.002180232558
2017-09-19,-0.036179493704,-0.008137840699,-0.002897500905,2017-09-27,-0.295983347413,-0.031313899429,-0.015211879754,2017-10-25,-0.274904985397,-0.050925568311,-0.027526258602,2017-12-20,0.360000000000,-0.070000000000,-0.014452586911,0.003637686431
2017-09-20,-0.091441223410,-0.008151107181,-0.004365223718,2017-09-28,-0.303030586448,-0.031363753308,-0.011276827937,2017-10-26,-0.325733193751,-0.055425005775,-0.025463805020,2017-12-21,0.370000000000,-0.080000000000,-0.012710917714,0.004363636364
2017-09-21,-0.081361047043,-0.008164416989,0.001461454147,2017-09-29,-0.282910202954,-0.031413766182,-0.009864815491,2017-10-27,-0.331179618722,-0.088123106930,-0.022287175740,2017-12-22,0.430000000000,0.010000000000,-0.011479055863,-0.006543075245
2017-09-22,-0.077951098677,-0.008177770334,-0.001096892139,2017-10-09,-0.164761448959,-0.031463938812,-0.008775137112,2017-10-30,-0.329373946521,-0.092077777725,-0.016087751371,2017-12-25,0.440000000000,0.000000000000,-0.014007116155,-0.004001455075
2017-09-25,-0.092798926997,-0.008191167431,-0.013347763348,2017-10-10,-0.175438793791,-0.031514271966,-0.020202020202,2017-10-31,-0.350691065082,-0.092351940050,-0.028860028860,2017-12-26,0.420000000000,0.000000000000,-0.009513487476,-0.010137581463
2017-09-26,-0.097597719717,-0.008204608496,-0.007991282238,2017-10-11,-0.202389075856,-0.031564766414,-0.014166363967,2017-11-01,-0.363010389516,-0.092354323444,-0.023610606611,2017-12-27,0.380000000000,-0.030000000000,-0.000747875354,-0.007163323782
2017-09-27,-0.044283473274,-0.008218093744,-0.002557544757,2017-10-12,-0.212342636964,-0.031615422934,-0.008768724881,2017-11-02,-0.369288318534,-0.091810282029,-0.014249177932,2017-12-28,0.400000000000,0.010000000000,0.003064305008,-0.004347826087
2017-09-28,-0.032206162381,-0.008231623395,-0.002188982123,2017-10-13,-0.191661277361,-0.031666242307,-0.010580080263,2017-11-03,-0.361318067055,-0.091263778568,-0.013863553448,2017-12-29,0.440000000000,0.050000000000,0.006243559435,-0.008708272859
2017-09-29,-0.028180392083,-0.008245197667,0.003660322108,2017-10-16,-0.185560262663,-0.031717225319,-0.008418740849,2017-11-06,-0.383239978913,-0.090714796309,-0.003660322108,2018-01-02,0.440000000000,0.080000000000,0.008877197504,-0.011891891892
2017-10-09,-0.020458293042,-0.008258816782,0.000000000000,2017-10-17,-0.184049288854,-0.031768372763,-0.006946983547,2017-11-07,-0.430542682003,-0.090163318350,0.001828153565,2018-01-03,0.490000000000,0.120000000000,0.013137740522,-0.023962804006
2017-10-10,-0.004159739545,-0.008272480963,0.000000000000,2017-10-18,-0.161177483272,-0.031819685434,-0.004027828634,2017-11-08,-0.448895372081,-0.094559990913,-0.004393994874,2018-01-04,0.490000000000,0.120000000000,0.013286873947,-0.022206303725
2017-10-11,0.004212305830,-0.008286190434,-0.001098901099,2017-10-19,-0.167597960426,-0.031871164136,-0.001831501832,2017-11-09,-0.459900664477,-0.095387305718,0.000000000000,2018-01-05,0.470000000000,0.170000000000,0.004120889623,-0.025402504472
2017-10-12,0.008319479090,0.002821981443,-0.002193784278,2017-10-20,-0.153631463724,-0.021382972933,0.001096892139,2017-11-10,-0.458203291762,-0.085111074496,-0.001828153565,2018-01-08,0.460000000000,0.140000000000,0.005022206254,-0.018664752333
2017-10-13,0.012427523374,0.002826673690,-0.011670313640,2017-10-23,-0.115774379853,-0.021576422065,-0.005105762217,2017-11-13,-0.457371564070,-0.086210344757,-0.002917578410,2018-01-09,0.440000000000,0.180000000000,0.014105676957,-0.021474588404
2017-10-16,0.029239806794,0.002831381568,-0.004753199269,2017-10-24,-0.105301507264,-0.021611482099,-0.004021937843,2017-11-14,-0.458937533990,-0.085647433857,-0.001828153565,2018-01-10,0.430000000000,0.180000000000,0.010314829202,-0.011866235167
2017-10-17,0.058479613589,0.002836105153,-0.004393994874,2017-10-25,-0.083212835520,-0.021646656259,-0.002196997437,2017-11-15,-0.448411296192,-0.085081952641,0.002929329916,2018-01-11,0.460000000000,0.150000000000,0.006767296752,-0.012278801011
2017-10-18,0.188758653186,0.002840844526,-0.003300330033,2017-10-26,0.036576489364,-0.021681945102,-0.002200220022,2017-11-16,-0.397534295305,-0.085072180238,0.004767143381,2018-01-12,0.480000000000,0.150000000000,0.010747070163,-0.015867291742
2017-10-19,0.185643819642,-0.008276589039,-0.006962257237,2017-10-27,0.062869899988,-0.021717349190,-0.002931476731,2017-11-17,-0.396725718392,-0.084782839831,0.019787467937,2018-01-15,0.500000000000,0.150000000000,0.011242287250,-0.015895953757
2017-10-20,0.184124637377,-0.008290312140,0.000369003690,2017-10-30,0.074239141598,-0.021752869089,0.011808118081,2017-11-20,-0.391249748457,-0.085612040477,0.026937269373,2018-01-16,0.490000000000,0.140000000000,0.009729589263,-0.020503597122
2017-10-23,0.158279434902,-0.008304080825,-0.002204261572,2017-10-31,0.059391313278,-0.021788505368,0.001469507715,2017-11-21,-0.398398256323,-0.085042665369,0.022409992652,2018-01-17,0.520000000000,0.170000000000,0.011404553576,-0.016316171139
2017-10-24,0.122336388235,-0.008317895320,-0.001838911364,2017-11-01,0.067567652112,-0.021824258599,0.002942258183,2017-11-22,-0.400506183605,-0.084470666870,0.015079073189,2018-01-18,0.520000000000,0.160000000000,0.009285100494,-0.013048205872
2017-10-25,0.021171513963,-0.001666351171,-0.001839587932,2017-11-02,0.165056582202,-0.015285654364,0.005150846210,2017-11-23,-0.388677924713,-0.077738520253,0.013612950699,2018-01-19,0.550000000000,0.180000000000,0.008906034051,-0.018102824041
2017-10-26,0.031315276404,-0.001669132532,0.000738007380,2017-11-03,0.193236974285,-0.015310819514,0.007011070111,2017-11-24,-0.371234882785,-0.077146969297,0.017712177122,2018-01-22,0.560000000000,0.130000000000,0.007689446557,-0.003658982803
2017-10-27,0.013821715989,-0.001671923193,-0.000737735153,2017-11-06,0.181159663392,-0.015336067661,0.005901881225,2017-11-27,-0.374947006780,-0.076552673807,0.017336776097,2018-01-23,0.570000000000,0.130000000000,0.013132651197,-0.011687363039
2017-10-30,0.028030866656,-0.001172306241,0.000000000000,2017-11-07,0.200491271810,-0.014865870208,0.008836524300,2017-11-28,-0.372272409266,-0.075490580264,0.018777614138,2018-01-24,0.540000000000,0.120000000000,0.010015197568,-0.008412582297
2017-10-31,0.031645606711,0.000503259781,0.002210759027,2017-11-08,0.220466195877,-0.013235969541,0.009211495947,2017-11-29,-0.368217318560,-0.074486323690,0.025055268976,2018-01-25,0.500000000000,0.120000000000,0.003522936890,-0.019480519481
2017-11-01,0.020732573984,0.002169872291,0.004423147807,2017-11-09,0.244313738155,-0.004971714260,0.004791743457,2017-11-30,-0.362538025132,-0.066105305596,0.019904165131,2018-01-26,0.500000000000,0.100000000000,0.000595902604,-0.013464337700
2017-11-02,-0.010121468873,0.002173500151,0.009587020649,2017-11-10,0.220466195877,-0.004979967252,-0.001106194690,2017-12-01,-0.355731485677,-0.065480370232,0.017330383481,2018-01-29,0.490000000000,0.050000000000,-0.004661144578,-0.007320644217
2017-11-03,-0.006816640328,0.002177140162,0.007013658176,2017-11-13,0.207125389568,-0.004988247688,-0.002953119232,2017-12-04,-0.347222481498,-0.066165886617,0.012550756737,2018-01-30,0.480000000000,0.040000000000,-0.007085856840,-0.010576221736
2017-11-06,-0.017041600820,0.001676688794,0.002945508100,2017-11-14,0.204678647561,-0.004996555708,-0.005154639175,2017-12-05,-0.346624638744,-0.065539040621,0.006627393225,2018-01-31,0.480000000000,-0.010000000000,-0.001528405629,-0.008061561011
2017-11-07,-0.017041600820,0.000000000000,0.001838235294,2017-11-15,0.204678647561,-0.005004891447,-0.013235294118,2017-12-06,-0.351035366813,-0.065641715921,0.004044117647,2018-02-01,0.460000000000,-0.030000000000,0.001401957450,-0.004029304029
2017-11-08,-0.013540976688,-0.008327592846,-0.001467889908,2017-11-16,0.222315747086,-0.005013255046,-0.015412844037,2017-12-07,-0.342805850854,-0.065891283148,0.002935779817,2018-02-02,0.440000000000,-0.030000000000,0.011285557654,-0.001468428781
2017-11-09,-0.027266561312,-0.003336594298,-0.006208911614,2017-11-17,0.177392983214,-0.011090629312,-0.032140248356,2017-12-08,-0.343002104821,-0.061280902859,-0.009495982469,2018-02-05,0.450000000000,-0.010000000000,0.008903526119,-0.001828822238
2017-11-10,-0.017158564583,0.005013255046,0.005131964809,2017-11-20,0.171849661552,-0.002818706128,-0.028592375367,2017-12-11,-0.333023081061,-0.053508454965,-0.002199413490,2018-02-06,0.460000000000,0.020000000000,0.010617565462,0.000365764448
2017-11-13,0.010402231163,0.011717175505,0.000734214391,2017-11-21,0.182630117194,0.003819877179,-0.027533039648,2017-12-12,-0.306850861759,-0.047437911496,-0.013950073421,2018-02-07,0.520000000000,0.090000000000,0.014391540031,-0.008733624454
2017-11-14,0.013869641551,0.011736821561,0.000733944954,2017-11-22,0.153907069070,0.003826231847,-0.028990825688,2017-12-13,-0.290979866618,-0.047512792148,-0.018715596330,2018-02-08,0.520000000000,0.060000000000,0.011259978278,-0.005850091408
2017-11-15,-0.010295138750,0.011756533610,0.004042631386,2017-11-23,0.017642928303,0.003832607693,-0.018008085263,2017-12-14,-0.285077082364,-0.048490507865,-0.009187798603,2018-02-09,0.510000000000,0.030000000000,0.004591728229,-0.001832172957
2017-11-16,0.000000000000,0.006695528860,0.002940095553,2017-11-24,-0.006958950312,0.003839004823,-0.018008085263,2017-12-15,-0.281832143795,-0.048567219563,-0.013965453877,2018-02-12,0.480000000000,-0.020000000000,0.001722494831,-0.001835535977
2017-11-17,0.000000000000,-0.001662749229,-0.005470459519,2017-11-27,-0.010366286992,0.003845423344,-0.025164113786,2017-12-18,-0.277497710644,-0.048644174361,-0.014952589351,2018-02-13,0.530000000000,0.040000000000,0.004101853744,0.001836210062
2017-11-20,0.006863425833,-0.008272480963,0.005135730007,2017-11-28,0.028030866656,0.003851863364,-0.016874541453,2017-12-19,-0.267232989704,-0.048721373416,-0.003301540719,2018-02-14,0.490000000000,-0.030000000000,0.002048046429,0.010689273867
2017-11-21,0.030779788851,-0.008286190434,0.004400440044,2017-11-29,0.059775034898,0.003858324990,-0.015401540154,2017-12-20,-0.203488551347,-0.048798817892,-0.007334066740,2018-02-22,0.520000000000,0.000000000000,0.001603351366,0.001101726037
2017-11-22,0.062413386978,-0.008299945420,-0.002196193265,2017-11-30,0.058742292954,-0.002837525304,-0.019399707174,2017-12-21,-0.140291938171,-0.048876508963,-0.007320644217,2018-02-23,0.520000000000,-0.030000000000,-0.002331798872,0.005162241888
2017-11-23,0.070077166640,-0.008313746147,-0.007328691829,2017-12-01,0.030364406618,-0.002842269428,-0.019421033346,2017-12-22,-0.118360391032,-0.048954447807,-0.005496518871,2018-02-26,0.480000000000,-0.080000000000,-0.006122694950,0.001836210062
2017-11-24,0.055865986809,-0.006995177991,-0.009534286762,2017-12-04,0.030674881476,-0.001507250882,-0.013201320132,2017-12-25,0.016812392751,-0.047754912208,-0.003667033370,2018-02-27,0.480000000000,-0.090000000000,-0.011234097553,0.009608277901
2017-11-27,0.010224960492,-0.007006848026,-0.013868613139,2017-12-05,0.010224960492,-0.002012026553,-0.017518248175,2017-12-26,0.000000000000,-0.047831306182,-0.016423357664,2018-02-28,0.500000000000,-0.040000000000,-0.008718157059,0.007377351531
2017-11-28,-0.019907122215,-0.007018557065,-0.020080321285,2017-12-06,0.006816640328,-0.003688715348,-0.018619934283,2017-12-27,-0.019907122215,-0.047907944964,-0.017159547280,2018-03-01,0.490000000000,-0.010000000000,-0.005981528077,0.006622516556
2017-11-29,-0.029373400102,0.007030305303,-0.015774027880,2017-12-07,0.006770488344,0.001998622283,-0.010271460015,2017-12-28,-0.013271414810,-0.034504141781,-0.012105649303,2018-03-02,0.500000000000,0.000000000000,-0.003681841826,0.009959424567
2017-11-30,-0.016371989055,0.007042092937,-0.021779254337,2017-12-08,0.023858241148,0.002001956579,-0.002214839424,2017-12-29,0.010087435651,-0.034559604548,0.000369139904,2018-03-05,0.530000000000,0.040000000000,0.000509150332,0.002949852507
2017-12-01,-0.019841291712,0.005702654217,-0.018881895594,2017-12-11,0.017158564583,0.002005302019,0.007774898186,2018-01-02,0.000000000000,-0.034615245907,0.000740466494,2018-03-06,0.560000000000,0.080000000000,0.000631910337,-0.004054552156
2017-12-04,-0.016869114788,0.005712235070,-0.019615099926,2017-12-12,0.010402231163,0.002008658658,0.014063656551,2018-01-03,-0.006816640328,-0.034671066721,0.007772020725,2018-03-07,0.510000000000,0.030000000000,-0.006047648965,-0.002585888437
2017-12-05,-0.027081953376,0.005890137822,-0.014157973174,2017-12-13,-0.003467410388,0.002179695433,0.013040238450,2018-01-04,0.007007716664,-0.034565546614,0.009687034277,2018-03-08,0.500000000000,0.040000000000,-0.000992449085,-0.006252298639
2017-12-06,-0.033624785502,-0.008144762685,-0.004099888185,2017-12-14,-0.013726851666,0.002183356242,0.017517704063,2018-01-05,0.003491624176,-0.034621467640,0.007454342154,2018-03-09,0.500000000000,0.060000000000,-0.003488979673,-0.012500000000
2017-12-07,-0.049933477512,-0.008158323421,0.008301886792,2017-12-15,0.000000000000,-0.002845599765,0.030188679245,2018-01-08,-0.003491624176,-0.034990319345,0.019245283019,2018-03-12,0.470000000000,0.020000000000,-0.002174952091,-0.022352510077
2017-12-08,-0.057354990278,-0.008171929389,0.008679245283,2017-12-18,-0.024441369229,-0.011140419838,0.031698113208,2018-01-09,0.010853848111,-0.035203636000,0.019245283019,2018-03-13,0.500000000000,0.040000000000,-0.003514540632,-0.030712979890
2017-12-11,-0.027453703333,0.008519686155,0.011702529256,2017-12-19,-0.027453703333,-0.001158147335,0.030577576444,2018-01-10,0.029048691659,-0.019011604553,0.020385050963,2018-03-14,0.500000000000,-0.020000000000,-0.005773865323,-0.026064610866
2017-12-12,-0.020876850936,0.008365210362,0.014739229025,2017-12-20,-0.037619741929,-0.001160066661,0.035147392290,2018-01-11,0.018089746852,-0.019042547235,0.020786092215,2018-03-15,0.510000000000,-0.010000000000,-0.005337849764,-0.025744759103
2017-12-13,-0.017397375780,0.008379229165,0.002619760479,2017-12-21,-0.020804462326,-0.001161992359,0.025449101796,2018-01-12,0.032918840428,-0.019073590804,0.005613772455,2018-03-16,0.510000000000,0.000000000000,-0.001457031874,-0.027165932452
2017-12-14,0.000000000000,0.033069582430,0.001497005988,2017-12-22,0.000000000000,0.023278489213,0.041541916168,2018-01-15,0.055473441165,0.004898650193,0.003742514970,2018-03-19,0.480000000000,0.000000000000,-0.002955847731,-0.016550202280
2017-12-15,0.032211921035,0.044391115320,0.006734006734,2017-12-25,0.006983248351,0.034476234382,0.041152263374,2018-01-16,0.070527184518,0.015864874448,0.005237560793,2018-03-20,0.480000000000,-0.050000000000,-0.003991620236,-0.020161290323
2017-12-18,0.035285856605,0.027165198863,0.004477611940,2017-12-26,0.000000000000,0.034533750986,0.038432835821,2018-01-17,0.089086969917,0.015890864817,0.001865671642,2018-03-21,0.470000000000,-0.020000000000,-0.004804917922,-0.024799416484
2017-12-19,0.046197638235,0.028039851764,0.001117318436,2017-12-27,-0.023224975918,0.035427002327,0.027932960894,2018-01-18,0.105105236618,0.016737401331,0.011173184358,2018-03-22,0.500000000000,-0.020000000000,-0.005607260100,-0.014673514307
2017-12-20,0.035410806670,0.031077908161,0.007092198582,2017-12-28,-0.045691955714,0.038499290943,0.028368794326,2018-01-19,0.177133893094,0.019723424986,0.019036954087,2018-03-23,0.550000000000,0.030000000000,-0.003237293378,-0.016874541453
2017-12-21,0.021023149992,0.009424556103,0.010089686099,2017-12-29,-0.045841569353,0.041581882103,0.030642750374,2018-01-22,0.173108122797,0.022719280569,0.025037369208,2018-03-26,0.570000000000,0.090000000000,-0.004873456865,-0.019061583578
2017-12-22,0.017337051938,-0.001449010294,0.011519881085,2018-01-02,-0.029761937568,0.040254029764,0.024897807507,2018-01-23,0.181159663392,0.022756745561,0.015235971758,2018-03-27,0.550000000000,0.070000000000,-0.001935675092,-0.019765739385
2017-12-25,0.006816640328,0.004999084039,0.017830609212,2018-01-03,-0.003373822958,0.047041935870,0.027860326895,2018-01-24,0.208674589027,0.029401387746,0.013001485884,2018-03-28,0.540000000000,0.040000000000,-0.003520057802,-0.013914317100
2017-12-26,0.013586971906,0.004196163545,0.011532738095,2018-01-04,0.010155732516,0.047121102580,0.034970238095,2018-01-25,0.241264893601,0.029450032230,0.004836309524,2018-03-29,0.540000000000,0.050000000000,-0.004945887774,-0.021564327485
2017-12-27,0.000000000000,0.001289462384,0.011860637509,2018-01-05,-0.016812392751,0.032579050740,0.025574499629,2018-01-26,0.231676820664,0.029498837945,-0.002965159377,2018-03-30,0.530000000000,0.030000000000,-0.010087573943,-0.017165814463
2017-12-28,0.013726851666,0.000804876133,0.009988901221,2018-01-08,-0.016644492504,0.035130739630,0.020717721051,2018-01-29,0.228785674966,0.032037789319,-0.001849796522,2018-04-02,0.480000000000,-0.050000000000,-0.008652663210,-0.010294117647
2017-12-29,0.000000000000,0.000806173873,0.004408523145,2018-01-09,-0.010121468873,0.035189328594,0.007714915503,2018-01-30,0.215410405151,0.032091060129,-0.001836884644,2018-04-03,0.470000000000,-0.090000000000,-0.012135604757,0.002220577350
2018-01-02,0.000000000000,-0.005616052025,-0.003649635036,2018-01-10,0.013726851666,0.035248113307,-0.002189781022,2018-01-31,0.233918454356,0.032144508386,-0.013503649635,2018-04-04,0.440000000000,-0.070000000000,-0.012722918230,0.008518518519
2018-01-03,0.016756050889,-0.005625077948,0.007355645458,2018-01-11,0.055671602495,0.035133883519,0.004413387275,2018-02-01,0.267335376407,0.032198134977,-0.004413387275,2018-04-09,0.460000000000,-0.040000000000,-0.017658968490,0.011472982976
2018-01-04,0.027359812312,-0.005634132929,0.003663003663,2018-01-12,0.045233177028,0.035192762491,0.001098901099,2018-02-02,0.260067477723,0.032251940798,-0.004761904762,2018-04-10,0.460000000000,-0.040000000000,-0.018410363659,0.012285927029
2018-01-05,0.003385244172,-0.008042288282,0.019413919414,2018-01-15,0.038542441652,0.035251839139,-0.006593406593,2018-02-05,0.222772583571,0.020857004378,-0.004761904762,2018-04-11,0.450000000000,-0.020000000000,-0.019036991314,0.022488755622
2018-01-08,-0.003408320164,-0.008055244802,0.017922457937,2018-01-16,0.046528330385,0.035311114459,-0.004389173372,2018-02-06,0.196399613202,0.020891586593,-0.000731528895,2018-04-12,0.460000000000,-0.040000000000,-0.022080899901,0.029800075443
2018-01-09,-0.013540976688,-0.008068243137,0.019413919414,2018-01-17,0.028228685284,0.018220560213,-0.016117216117,2018-02-07,0.182630117194,0.020926283678,-0.004761904762,2018-04-13,0.470000000000,-0.030000000000,-0.019085219938,0.031285337354
2018-01-10,-0.036255807796,-0.008081283489,0.007667031763,2018-01-18,0.039090309275,0.018250791089,-0.023731288792,2018-02-08,0.153907069070,0.020961096205,-0.004016064257,2018-04-16,0.520000000000,0.010000000000,-0.013114575845,0.030200075500
2018-01-11,-0.036617883509,-0.008094366062,0.005474452555,2018-01-19,0.024787564669,0.018281122448,-0.016058394161,2018-02-09,0.021171513963,0.020996024753,-0.004379562044,2018-04-17,0.520000000000,0.010000000000,-0.015724803119,0.031698113208
2018-01-12,-0.050607344363,-0.008107491062,-0.008983111750,2018-01-22,-0.014015433328,-0.006012216825,-0.035932447000,2018-02-12,-0.020876850936,0.021031069901,-0.020481494790,2018-04-18,0.540000000000,0.060000000000,-0.018492335563,0.037397157816
2018-01-15,-0.017099882695,-0.088027940263,-0.008983111750,2018-01-23,-0.003467410388,-0.095956681676,-0.029464606540,2018-02-13,-0.006910857995,-0.061192388871,-0.019403521380,2018-04-19,0.540000000000,0.060000000000,-0.022478985554,0.041152263374
2018-01-16,0.078929397082,-0.131931357953,-0.005749191520,2018-01-24,0.071574723443,-0.139490570760,-0.023715415020,2018-02-14,0.101611891628,-0.106344923311,-0.020481494790,2018-04-20,0.540000000000,0.070000000000,-0.026463801994,0.040014958863
2018-01-17,0.106019272708,-0.138989913210,0.007971014493,2018-01-25,0.098505546315,-0.147188505869,-0.019202898551,2018-02-22,0.137130962413,-0.113568957326,-0.019202898551,2018-04-23,0.510000000000,0.010000000000,-0.026129175259,0.032762472077
2018-01-18,0.114029156910,-0.126649710403,0.004355716878,2018-01-26,0.102599296169,-0.137488926742,-0.015607985481,2018-02-23,0.114029156910,-0.106824482035,-0.020689655172,2018-04-24,0.530000000000,-0.020000000000,-0.026158814834,0.029477611940
2018-01-19,0.142146579183,-0.123914197755,0.000362581581,2018-01-29,0.102951387499,-0.137311868253,-0.015953589558,2018-02-26,0.084345573938,-0.103993622616,-0.019579405366,2018-04-25,0.570000000000,0.000000000000,-0.021832315025,0.028026905830
2018-01-22,0.107863729835,-0.043453978675,-0.005438723713,2018-01-30,0.085208004099,-0.133986097693,-0.014865844815,2018-02-27,0.085208004099,-0.100483392105,-0.021754894851,2018-04-26,0.580000000000,0.030000000000,-0.025218671213,0.028379387603
2018-01-23,0.012722659799,0.007870863861,-0.011926273943,2018-01-31,0.077860615956,-0.137031669399,-0.026020961330,2018-02-28,0.085208004099,-0.098253963357,-0.027466570293,2018-04-27,0.600000000000,0.060000000000,-0.024694696082,0.025621982919
2018-01-24,-0.012368596546,0.018924569693,-0.018332135155,2018-02-01,0.070375413735,-0.134680437715,-0.032350826743,2018-03-01,0.088616324263,-0.097247950080,-0.036304816679,2018-05-02,0.570000000000,0.030000000000,-0.025217943660,0.036234590960
2018-01-25,-0.009305220539,0.005045657595,-0.012287676184,2018-02-02,0.092339366552,-0.134253338948,-0.026743765811,2018-03-02,0.081245860128,-0.104261462432,-0.027827972533,2018-05-03,0.580000000000,0.050000000000,-0.029432986775,0.034559643255
2018-01-26,-0.018668345435,0.001119583455,-0.017035157666,2018-02-05,0.067704883440,-0.137040592324,-0.017760057992,2018-03-05,0.074983043607,-0.104935890677,-0.025733961580,2018-05-04,0.560000000000,0.080000000000,-0.034455089090,0.027860326895
2018-01-29,-0.012562827222,0.012474083695,-0.007655851258,2018-02-06,0.071574723443,-0.123889665056,-0.014582573824,2018-03-06,0.078929397082,-0.091241241843,-0.015676266861,2018-05-07,0.570000000000,0.100000000000,-0.031375485290,0.016986706056
2018-01-30,-0.043969895278,0.013945352070,-0.017556693489,2018-02-07,0.030467197548,-0.120055457876,-0.004023408925,2018-03-07,0.055478566203,-0.087209263398,-0.013899049012,2018-05-08,0.610000000000,0.170000000000,-0.026875360325,0.002937936100
2018-01-31,-0.025046989195,0.010586656801,-0.020871475650,2018-02-08,0.026367860215,-0.120572749653,-0.007689491029,2018-03-08,0.079750438916,-0.087690823952,-0.013914317100,2018-05-09,0.630000000000,0.170000000000,-0.026459742447,0.000731796561
2018-02-01,-0.025046989195,0.013387537987,-0.013538236370,2018-02-09,0.036617883509,-0.117692082544,-0.010976948408,2018-03-09,0.068634258332,-0.084647041989,-0.014635931211,2018-05-10,0.610000000000,0.150000000000,-0.030329107338,0.003677822729
2018-02-02,-0.015852901979,0.016215805154,-0.010693215339,2018-02-12,0.047233521405,-0.115937122191,-0.004056047198,2018-03-12,0.087596458300,-0.087376651620,-0.006637168142,2018-05-11,0.670000000000,0.220000000000,-0.030961564529,0.001099706745
2018-02-05,-0.015903324749,0.006436028816,-0.007714915503,2018-02-13,0.058139601162,-0.111090610959,-0.007714915503,2018-03-13,0.080307356037,-0.089954733315,-0.010286554004,2018-05-14,0.700000000000,0.240000000000,-0.025465967940,-0.009157509158
2018-02-06,0.006570309429,-0.001100284313,0.011541325391,2018-02-14,0.051475693749,-0.113874168393,0.006329113924,2018-03-14,0.051475693749,-0.098773422703,-0.000372300819,2018-05-15,0.670000000000,0.200000000000,-0.028526836836,-0.003654970760
2018-02-07,-0.083493987898,0.000918925754,0.012341062079,2018-02-22,-0.023939835773,-0.112593235672,0.010097232610,2018-03-15,-0.023939835773,-0.097445599503,-0.007479431563,2018-05-16,0.690000000000,0.170000000000,-0.038633929118,-0.014657383657
2018-02-08,-0.102761831259,-0.006054894777,0.005934718101,2018-02-23,-0.034554289973,-0.115877956683,-0.003338278932,2018-03-16,-0.031206693489,-0.100761337393,-0.018545994065,2018-05-17,0.740000000000,0.220000000000,-0.031120360576,-0.019751280176
2018-02-09,-0.090206282438,-0.017791192296,0.011554230339,2018-02-26,0.003553664480,-0.124568098535,-0.000372717108,2018-03-19,-0.010511574996,-0.109575174223,-0.014535967201,2018-05-18,0.760000000000,0.220000000000,-0.019479348978,-0.029560201875
2018-02-12,-0.084033703979,-0.028320144064,0.005923731951,2018-02-27,-0.013917900624,-0.052892752731,-0.005183265457,2018-03-20,-0.010474872527,-0.114254573847,-0.019252128841,2018-05-21,0.780000000000,0.240000000000,-0.022610322299,-0.031979877830
2018-02-13,-0.075065355815,-0.022580673587,-0.008097165992,2018-02-28,-0.098600613444,-0.002248818246,-0.011777695988,2018-03-21,-0.034083201640,-0.111775908988,-0.025395656975,2018-05-22,0.790000000000,0.250000000000,-0.016567746430,-0.026249550521
2018-02-14,-0.017519291660,-0.020014189877,-0.005541189509,2018-03-01,-0.132962412866,0.010030021937,0.002955301071,2018-03-22,-0.069674927754,-0.108119200499,-0.020317694865,2018-05-23,0.780000000000,0.270000000000,-0.016004144936,-0.015861571738
2018-02-22,0.003579102337,0.005722581083,-0.007005899705,2018-03-02,-0.130273087545,0.018126992100,0.006637168142,2018-03-23,-0.084856489182,-0.088046204506,-0.019542772861,2018-05-24,0.820000000000,0.290000000000,-0.018754303852,-0.019934758971
2018-02-23,-0.007082161334,0.018673662069,-0.001473839352,2018-03-05,-0.127567027139,0.017913335284,0.010685335298,2018-03-26,-0.081859945274,-0.085343459639,-0.014001473839,2018-05-25,0.810000000000,0.240000000000,-0.013573963032,-0.014176663032
2018-02-26,-0.021171513963,0.017863401763,-0.005152741995,2018-03-06,-0.128768979030,0.007819574853,0.005520794994,2018-03-27,-0.082672048801,-0.092081093085,-0.017298490983,2018-05-28,0.760000000000,0.180000000000,-0.011655628932,-0.009803921569
2018-02-27,-0.021171513963,0.014650264381,0.010389610390,2018-03-07,-0.128768979030,0.004462512662,0.011873840445,2018-03-28,-0.064102636193,-0.092403802601,-0.006307977737,2018-05-29,0.730000000000,0.130000000000,-0.016843012781,-0.018102824041
2018-02-28,-0.024964366339,0.016488243882,0.006686478455,2018-03-08,-0.144020187873,0.007614963664,0.003343239227,2018-03-29,-0.074475371784,-0.087005750121,-0.001485884101,2018-05-30,0.770000000000,0.200000000000,-0.011363103628,-0.029560201875
2018-03-01,-0.021398028291,-0.005322921454,0.003713330858,2018-03-09,-0.140889314224,0.007623459132,-0.001113999257,2018-03-30,-0.077337006654,-0.099233129038,-0.003341997772,2018-05-31,0.750000000000,0.170000000000,-0.002815432825,-0.034123563218
2018-03-02,-0.021398028291,0.003666269732,-0.003321033210,2018-03-12,-0.129993796231,0.020502742149,-0.004428044280,2018-04-02,-0.086551361020,-0.088409586463,-0.012177121771,2018-06-01,0.710000000000,0.150000000000,0.002917365792,-0.024213950126
2018-03-05,-0.010814720998,0.011823091088,-0.000739918609,2018-03-13,-0.127226597993,0.007171574966,0.005179430263,2018-04-03,-0.074224105065,-0.086555741898,-0.011838697743,2018-06-04,0.740000000000,0.170000000000,0.000185741825,-0.015976761075
2018-03-06,-0.010814720998,0.013513173308,-0.007344840250,2018-03-14,-0.098554641431,0.004034375816,-0.007344840250,2018-04-04,-0.058339119583,-0.085363914218,-0.022401762762,2018-06-05,0.750000000000,0.140000000000,-0.000498566621,-0.008055657268
2018-03-07,0.003657648936,0.011612612108,-0.003321033210,2018-03-15,-0.118818367393,0.008637902085,-0.001107011070,2018-04-09,-0.045233177028,-0.081811757337,-0.015498154982,2018-06-06,0.760000000000,0.130000000000,-0.003036553180,-0.005850091408
2018-03-08,-0.007288638592,0.031554845643,-0.005919348872,2018-03-16,-0.125240981846,0.025687432387,0.005179430263,2018-04-10,-0.052192127340,-0.063179387901,-0.014428412875,2018-06-07,0.760000000000,0.150000000000,0.003437113523,-0.005496518871
2018-03-09,-0.003644319296,0.023013126980,-0.007034431692,2018-03-19,-0.119201158936,0.027328738682,0.005923731951,2018-04-11,-0.042046299984,-0.059760260635,-0.013328396890,2018-06-08,0.750000000000,0.080000000000,0.008327875732,-0.011351153424
2018-03-12,0.000000000000,0.022274414950,-0.005183265457,2018-03-20,-0.113122293818,0.023021536465,0.011477230655,2018-04-12,-0.017895511686,-0.058515561104,-0.011477230655,2018-06-11,0.780000000000,0.080000000000,0.002447148715,-0.002218114603
2018-03-13,-0.003644319296,0.016072660113,-0.006659267481,2018-03-21,-0.107702467039,0.021295594602,0.005179430263,2018-04-13,-0.035285856605,-0.078514050371,-0.010728819830,2018-06-12,0.770000000000,0.100000000000,0.002049368633,-0.010271460015
2018-03-14,-0.003644319296,0.016399010520,0.005183265457,2018-03-22,-0.042046299984,0.024237367557,0.009996297668,2018-04-16,-0.028429315837,-0.074496410899,-0.011847463902,2018-06-13,0.750000000000,0.060000000000,0.007084945327,0.004834510971
2018-03-15,0.003671076445,-0.004651049635,0.016002977298,2018-03-23,-0.021474614024,0.027136110299,0.015258652773,2018-04-17,-0.031869726003,-0.075284986080,-0.006698920729,2018-06-14,0.740000000000,0.000000000000,-0.002038796469,0.007089552239
2018-03-16,-0.007315297873,-0.015532563394,0.022744220731,2018-03-26,-0.038951887337,0.029691122690,0.016405667412,2018-04-18,-0.049054016648,-0.103995101831,0.001491424310,2018-06-15,0.740000000000,-0.020000000000,-0.005493154376,-0.001485884101
2018-03-19,-0.021865915775,-0.017859898384,0.016747301824,2018-03-27,-0.052928784908,0.034034481254,0.015630815035,2018-04-19,-0.069348207753,-0.114632814352,-0.003349460365,2018-06-19,0.770000000000,-0.010000000000,0.002238713746,-0.005939123979
2018-03-20,-0.018288244682,0.015998170816,0.015642458101,2018-03-28,-0.052928784908,0.061606239961,0.015270018622,2018-04-20,-0.085208004099,-0.088532165719,-0.010800744879,2018-06-20,0.770000000000,-0.020000000000,-0.000689466502,-0.007016248154
2018-03-21,0.000000000000,0.016313693320,-0.005156537753,2018-03-29,-0.024964366339,0.062205647373,-0.002946593002,2018-04-23,-0.071331602504,-0.085053007229,-0.026519337017,2018-06-21,0.810000000000,0.030000000000,-0.000059996006,-0.014652014652
2018-03-22,0.007315297873,0.022824747634,-0.014652014652,2018-03-30,-0.017831690242,0.044602410806,-0.011721611722,2018-04-24,-0.058139601162,-0.082686775403,-0.029670329670,2018-06-22,0.800000000000,-0.020000000000,-0.001241180254,0.003328402367
2018-03-23,0.014738411617,0.036633118951,-0.016405395552,2018-04-02,-0.017831690242,0.047844820001,-0.014218009479,2018-04-25,-0.054907406666,-0.079843712372,-0.029165147649,2018-06-25,0.750000000000,-0.060000000000,0.000782246555,0.010693215339
2018-03-26,0.040983657456,0.038005970392,-0.005490483163,2018-04-03,0.007209813999,0.054497060484,-0.012445095168,2018-04-26,-0.047716482295,-0.079649978653,-0.026720351391,2018-06-26,0.750000000000,-0.010000000000,-0.002210660013,0.004033736707
2018-03-27,0.037257870415,0.011323152875,-0.008800880088,2018-04-04,0.003604906999,0.058125156420,-0.013201320132,2018-04-27,-0.057549150924,-0.082796652705,-0.025302530253,2018-06-27,0.770000000000,0.040000000000,-0.006442603953,0.008849557522
2018-03-28,0.025603542555,0.010230835880,0.002221399482,2018-04-09,0.025603542555,0.055666807247,-0.007404664939,2018-05-02,-0.060321783201,-0.079554673829,-0.014068863384,2018-06-28,0.710000000000,-0.060000000000,-0.009231005113,0.010772659733
2018-03-29,0.021786518744,0.006501338221,0.010037174721,2018-04-10,0.025510235071,0.057020159671,0.000000000000,2018-05-03,-0.037619741929,-0.077912009653,-0.011152416357,2018-06-29,0.720000000000,-0.030000000000,-0.007137825261,-0.000371885459
2018-03-30,0.018155432287,0.002974037007,0.007042253521,2018-04-11,0.021865915775,0.047122117149,-0.003706449222,2018-05-04,-0.050778662580,-0.077849350569,-0.012231282431,2018-07-02,0.690000000000,-0.020000000000,-0.011962402752,-0.002962962963
2018-04-02,0.007158204675,0.001226319765,0.005520794994,2018-04-12,0.025510235071,0.043453366869,-0.006256900994,2018-05-07,-0.040899841968,-0.079263608853,-0.019138755981,2018-07-03,0.690000000000,-0.050000000000,-0.010279493485,-0.005166051661
2018-04-03,0.010775874971,0.004198640480,0.005179430263,2018-04-13,0.025510235071,0.048400624204,-0.002589715131,2018-05-08,-0.047393418408,-0.073743742271,-0.008879023307,2018-07-04,0.680000000000,-0.070000000000,-0.010344892905,0.002583979328
2018-04-04,0.003566338048,0.002269895459,0.007757665312,2018-04-16,0.025510235071,0.045917229456,-0.005171776875,2018-05-09,-0.072511615592,-0.072246674390,-0.011451791651,2018-07-05,0.710000000000,-0.050000000000,-0.005863406401,-0.002574475910
2018-04-09,0.000000000000,0.002444076048,0.004048582996,2018-04-17,0.033039688007,0.027190751710,-0.008833271991,2018-05-10,-0.063249071515,-0.070420984741,-0.014354066986,2018-07-06,0.710000000000,-0.050000000000,-0.005414885437,-0.002579218865
2018-04-10,-0.007132676097,0.008197956581,0.003312476997,2018-04-18,0.018288244682,0.031957802846,-0.008465218992,2018-05-11,-0.060728813235,-0.062751980822,-0.014354066986,2018-07-09,0.710000000000,-0.040000000000,-0.006204174161,0.003703703704
2018-04-11,-0.010660993439,0.020122005846,-0.001098096633,2018-04-19,0.014577277183,0.041256365268,-0.013909224012,2018-05-14,-0.047879671545,-0.053109107871,-0.023426061493,2018-07-10,0.720000000000,-0.060000000000,-0.008205981431,0.010003705076
2018-04-12,-0.010660993439,0.031358142037,0.003312476997,2018-04-20,0.018288244682,0.064172437992,-0.011777695988,2018-05-15,-0.044612267916,-0.036927766036,-0.015826278984,2018-07-11,0.680000000000,-0.090000000000,-0.008038408541,0.013713862120
2018-04-13,-0.014214657918,0.038675041846,-0.007697947214,2018-04-23,0.014630595746,0.068840200382,-0.027126099707,2018-05-16,-0.051299648084,-0.028514929439,-0.019794721408,2018-07-12,0.700000000000,-0.050000000000,-0.007728180475,0.004441154700
2018-04-16,-0.010660993439,0.051026307980,-0.010997067449,2018-04-24,0.018288244682,0.084649260910,-0.030058651026,2018-05-17,-0.038009718970,-0.015015171852,-0.021994134897,2018-07-13,0.690000000000,-0.050000000000,-0.005350387346,0.009633197481
2018-04-17,0.003591958324,0.045500659500,-0.008070432869,2018-04-25,0.029476823234,0.095935247154,-0.030080704329,2018-05-18,-0.007107328959,-0.012097164425,-0.021276595745,2018-07-16,0.710000000000,-0.030000000000,-0.009903899705,0.015252976190
2018-04-18,0.003591958324,0.053858091818,-0.011359472334,2018-04-26,0.040983657456,0.117291152647,-0.029314767314,2018-05-21,-0.027835801248,0.094209650488,-0.026016855991,2018-07-17,0.680000000000,-0.090000000000,-0.006908228063,0.018297236744
2018-04-19,0.003591958324,0.056924367954,-0.012839325018,2018-04-27,0.040983657456,0.107039179524,-0.028613352898,2018-05-22,-0.111323273244,0.172596800381,-0.028980190756,2018-07-18,0.710000000000,-0.060000000000,-0.007642375743,0.016734845668
2018-04-20,0.003604906999,0.056020191421,-0.009604728482,2018-05-02,0.018288244682,0.110598863742,-0.020317694865,2018-05-23,-0.139146711139,0.191516645295,-0.023272995936,2018-07-19,0.750000000000,-0.060000000000,-0.008864152210,0.011895910781
2018-04-23,-0.010775874971,0.045235103235,-0.002965159377,2018-05-03,0.000000000000,0.108414207638,-0.014455151964,2018-05-24,-0.145781788443,0.178840530310,-0.016679021497,2018-07-20,0.790000000000,-0.010000000000,-0.003994635752,-0.001842978253
2018-04-24,-0.017895511686,0.045837128272,-0.005917159763,2018-05-04,-0.003631086457,0.105665785419,-0.010355029586,2018-05-25,-0.146235372574,0.179319950082,-0.013683431953,2018-07-23,0.800000000000,0.050000000000,-0.004975332353,-0.014958044509
2018-04-25,-0.017895511686,0.029784496958,0.000741289844,2018-05-07,-0.017895511686,0.108441704963,-0.010378057821,2018-05-28,-0.138191099446,0.177988418093,-0.011119347665,2018-07-24,0.830000000000,0.080000000000,-0.002375565969,-0.014243973703
2018-04-26,-0.017895511686,0.009589051604,0.001858045336,2018-05-08,-0.014367833295,0.105140955359,-0.004830917874,2018-05-29,-0.138191099446,0.174595807916,-0.008175399480,2018-07-25,0.860000000000,0.090000000000,0.010899770716,-0.012426900585
2018-04-27,-0.028735666590,0.002382413595,0.004475941813,2018-05-09,-0.035663380484,0.101970688316,0.002610966057,2018-05-30,-0.153412808822,0.172172471126,-0.005221932115,2018-07-26,0.820000000000,0.110000000000,0.009403160923,-0.010657846380
2018-05-02,-0.018155432287,0.000951152607,0.001115241636,2018-05-10,-0.039090309275,0.102302040315,-0.002230483271,2018-05-31,-0.153412808822,0.174037993833,-0.007434944238,2018-07-27,0.790000000000,0.070000000000,0.005471796267,-0.001488095238
2018-05-03,-0.007288638592,-0.002373366649,0.002232142857,2018-05-11,-0.028530704387,0.099770875835,-0.004092261905,2018-06-01,-0.136334957023,0.175205251088,-0.006696428571,2018-07-30,0.800000000000,0.110000000000,0.016404198429,-0.002971768202
2018-05-04,0.000000000000,-0.008534667186,-0.002222222222,2018-05-14,-0.024875651357,0.097635471842,-0.010740740741,2018-06-04,-0.127226597993,0.153545258890,-0.010740740741,2018-07-31,0.780000000000,0.090000000000,0.013045901388,-0.003338278932
2018-05-07,0.000000000000,-0.008231578361,-0.004080118694,2018-05-15,-0.024875651357,0.091461247608,-0.012611275964,2018-06-05,-0.098554641431,0.148905143756,-0.008902077151,2018-08-01,0.790000000000,0.110000000000,0.013646278197,-0.008100147275
2018-05-08,0.018491147055,-0.002852101428,-0.014481990345,2018-05-16,-0.021321986878,0.096339180814,-0.009283327144,2018-06-06,-0.115607060166,0.156584948437,-0.010397326402,2018-08-02,0.780000000000,0.070000000000,0.013822016235,-0.007374631268
2018-05-09,0.033284064699,-0.003009121121,-0.017452655032,2018-05-17,-0.007107328959,0.096305625642,-0.010768659488,2018-06-07,-0.102761831259,0.155042002622,-0.011882658745,2018-08-03,0.810000000000,0.100000000000,0.012649700182,-0.006649427410
2018-05-10,0.025697535117,0.000793004306,-0.018559762435,2018-05-18,0.003591958324,0.091693344240,-0.010764662212,2018-06-08,-0.099871241271,0.157369515361,-0.010764662212,2018-08-06,0.820000000000,0.110000000000,0.009656636191,-0.007380073801
2018-05-11,0.021865915775,0.004304067376,-0.016703786192,2018-05-21,0.007183916647,0.080615615142,-0.008908685969,2018-06-11,-0.093729900592,0.151101671875,-0.012249443207,2018-08-07,0.800000000000,0.080000000000,0.008398936751,-0.012105649303
2018-05-14,0.025510235071,0.006384538181,-0.013780260708,2018-05-22,0.010775874971,0.065032289799,-0.004096834264,2018-06-12,-0.081592778060,0.157513966973,-0.011918063315,2018-08-08,0.820000000000,0.140000000000,0.009838542700,-0.014990859232
2018-05-15,0.039941951031,0.001906839452,-0.000753579503,2018-05-23,0.032444162995,0.057529717537,0.005651846270,2018-06-13,0.003503858332,0.157726505544,0.001883948757,2018-08-09,0.850000000000,0.150000000000,0.009384432816,-0.012527634488
2018-05-16,0.025053716361,-0.000317705606,0.004913076342,2018-05-24,0.028735666590,0.042749658003,0.008692365835,2018-06-14,0.025053716361,0.161709065455,0.004535147392,2018-08-10,0.900000000000,0.210000000000,0.014895728308,-0.026055045872
2018-05-17,0.028632818698,0.000475425569,0.012102874433,2018-05-25,0.028632818698,0.044678789291,0.015885022693,2018-06-15,0.017705403335,0.178893682625,0.007564296520,2018-08-13,0.920000000000,0.210000000000,0.013380376087,-0.031879809454
2018-05-18,0.024964366339,0.003491988109,0.007927519819,2018-05-28,0.028632818698,0.028970712888,0.010947527369,2018-06-19,0.014114342642,0.188787951267,-0.003020007550,2018-08-14,0.950000000000,0.270000000000,0.011992824044,-0.030436376971
2018-05-21,0.024875651357,0.007930043063,0.011329305136,2018-05-29,0.032211921035,0.015662117621,0.003021148036,2018-06-20,0.017642928303,0.193646443291,-0.003021148036,2018-08-15,0.910000000000,0.200000000000,0.014489541267,-0.034747622531
2018-05-22,0.027932993404,0.009040249092,0.013574660633,2018-05-30,0.057471333179,0.010482619816,-0.003393665158,2018-06-21,0.049928732678,0.192050567945,-0.015837104072,2018-08-16,0.900000000000,0.150000000000,0.012875892013,-0.027920646583
2018-05-23,0.031424617580,0.022882073421,0.009402030839,2018-05-31,0.072621729148,0.020449781045,-0.003760812335,2018-06-22,0.053495070726,0.181529976491,-0.021436630312,2018-08-17,0.910000000000,0.120000000000,0.011701531327,-0.021787296898
2018-05-24,0.031315276404,0.021067184360,0.000373692078,2018-06-01,0.080175024508,0.019936279852,-0.004857997010,2018-06-25,0.057061408775,0.181663665214,-0.025411061286,2018-08-20,0.870000000000,0.070000000000,0.011028522917,-0.012962962963
2018-05-25,0.034794751560,0.025782425433,0.000374531835,2018-06-04,0.083819343804,0.024971803988,-0.004119850187,2018-06-26,0.072098139988,0.198036775725,-0.018726591760,2018-08-21,0.860000000000,0.030000000000,0.012547670110,-0.007780659504
2018-05-28,0.031206693489,0.026907370668,-0.005974607916,2018-06-05,0.083819343804,0.033084613027,-0.007468259895,2018-06-27,0.072098139988,0.208065846547,-0.019044062733,2018-08-22,0.840000000000,-0.020000000000,0.010413717511,-0.012953367876
2018-05-29,0.006793485953,0.035522660943,-0.007440476190,2018-06-06,0.096153964687,0.043890671980,-0.009300595238,2018-06-28,0.084125925538,0.214372506053,-0.022321428571,2018-08-23,0.840000000000,0.020000000000,0.011065197102,-0.005943536404
2018-05-30,0.000000000000,0.025477168728,-0.007451564829,2018-06-07,0.092455735276,0.045453566410,-0.008941877794,2018-06-29,0.076530705212,0.218115950587,-0.022727272727,2018-08-24,0.730000000000,-0.060000000000,0.016385388904,-0.000372578241
2018-05-31,0.003373822958,0.022494095688,-0.004482629809,2018-06-08,0.091776911132,0.045359846322,-0.004482629809,2018-07-02,0.083819343804,0.203830553250,-0.014568546881,2018-08-27,0.780000000000,-0.020000000000,0.004093490652,0.000745156483
2018-06-01,-0.006724957100,0.016961864794,-0.000374391614,2018-06-11,0.076530705212,0.051329988701,-0.002246349682,2018-07-03,0.076530705212,0.204121277982,-0.010108573568,2018-08-28,0.760000000000,-0.020000000000,0.010313194820,-0.002605135839
2018-06-04,-0.006724957100,0.011645482105,0.004507888805,2018-06-12,0.076530705212,0.053789734173,0.006386175808,2018-07-04,0.076530705212,0.205839635764,-0.009767092412,2018-08-29,0.800000000000,0.010000000000,0.009289491946,-0.010764662212
2018-06-05,-0.003373822958,-0.003491124045,0.000374812594,2018-06-13,0.072621729148,0.043221694240,0.002998500750,2018-07-05,0.076530705212,0.196241492558,-0.009370314843,2018-08-30,0.820000000000,0.040000000000,0.007111596084,-0.011144130758
2018-06-06,0.000000000000,-0.013936995087,0.001876876877,2018-06-14,0.057265637396,0.033994499881,0.005255255255,2018-07-06,0.084434758241,0.164396715930,-0.008258258258,2018-08-31,0.790000000000,-0.020000000000,0.004630185985,-0.008553365563
2018-06-07,-0.003362478550,-0.015475329291,0.007879924953,2018-06-15,0.060844739734,0.028367058967,0.004878048780,2018-07-09,0.084125925538,0.158539267749,-0.009380863039,2018-09-03,0.830000000000,0.010000000000,0.002009480222,-0.009665427509
2018-06-08,-0.023696709204,-0.016678958554,0.002996254682,2018-06-19,0.028530704387,0.029364445466,-0.000749063670,2018-07-10,0.051020470141,0.158238699685,-0.012359550562,2018-09-04,0.800000000000,0.000000000000,0.009442778139,-0.010768659488
2018-06-11,-0.101557325161,-0.021053792288,-0.006731488407,2018-06-20,-0.056858631673,0.025058936080,0.000000000000,2018-07-11,-0.029261191491,0.161779255442,-0.018324607330,2018-09-05,0.820000000000,0.000000000000,0.010105721393,-0.008537490720
2018-06-12,-0.101557325161,-0.018735331606,-0.009741476208,2018-06-21,-0.073324107686,0.021728317993,0.001873360809,2018-07-12,-0.029261191491,0.154890450860,-0.013862869989,2018-09-06,0.830000000000,-0.020000000000,0.009677498258,-0.004104477612
2018-06-13,-0.101557325161,-0.011368636329,-0.007493443237,2018-06-22,-0.073324107686,0.022564266846,-0.000374672162,2018-07-13,-0.029261191491,0.156538229835,-0.011614837018,2018-09-07,0.830000000000,-0.070000000000,0.006073771110,0.004898266767
2018-06-14,-0.104588511683,-0.009862638108,-0.008562918838,2018-06-25,-0.076548453431,0.017740786829,-0.006701414743,2018-07-16,-0.022107617425,0.165211739428,-0.018242740134,2018-09-10,0.860000000000,-0.060000000000,0.006086144534,0.013247539743
2018-06-15,-0.083217849304,-0.010177118876,-0.007094846901,2018-06-26,-0.080027928587,0.015342915749,-0.007468259895,2018-07-17,-0.014903148166,0.167299008426,-0.015309932786,2018-09-11,0.820000000000,-0.130000000000,0.009428338181,0.014372163389
2018-06-19,-0.018839511228,0.002011407465,0.000753012048,2018-06-27,-0.097087490855,0.019039718426,-0.003388554217,2018-07-18,-0.029806296332,0.145785593270,-0.005647590361,2018-09-12,0.810000000000,-0.100000000000,0.011779425773,0.007578628268
2018-06-20,-0.026375315719,0.004967296561,0.007567158532,2018-06-28,-0.122282747150,0.017604150556,0.000378357927,2018-07-19,-0.054864734046,0.141996946272,0.001135073780,2018-09-13,0.770000000000,-0.130000000000,0.018744711437,0.001889644747
2018-06-21,-0.026375315719,0.006215874847,0.004152510381,2018-06-29,-0.125254034365,0.005903246413,0.001510003775,2018-07-20,-0.061728469775,0.137758085556,0.000000000000,2018-09-14,0.810000000000,-0.100000000000,0.020240044074,-0.003020007550
2018-06-22,-0.018839511228,0.007470658987,0.000751032670,2018-07-02,-0.121457626471,0.004188555749,0.001502065340,2018-07-23,-0.054466296861,0.132432118480,-0.006759294029,2018-09-17,0.790000000000,-0.080000000000,0.019346745488,-0.004502814259
2018-06-25,-0.011346459085,0.007477641851,0.002256487401,2018-07-03,-0.121049227807,-0.002775577875,0.003384731102,2018-07-24,-0.064423842071,0.132968100270,-0.004136893569,2018-09-18,0.780000000000,-0.080000000000,0.020971738653,-0.007468259895
2018-06-26,0.000000000000,0.002470609017,0.007900677201,2018-07-04,-0.124411706357,-0.005209820942,0.004138449962,2018-07-25,-0.064655249827,0.135756042194,-0.004514672686,2018-09-19,0.770000000000,-0.070000000000,0.023950928812,-0.003749531309
2018-06-27,0.015479896130,0.005715048309,0.004881712354,2018-07-05,-0.114709980556,-0.011687676150,0.001502065340,2018-07-26,-0.064194084872,0.136892156918,-0.004506196020,2018-09-20,0.760000000000,-0.080000000000,0.028923465563,-0.004857997010
2018-06-28,0.011609922097,0.004324233499,0.006766917293,2018-07-06,-0.115098301849,-0.014845929549,0.003759398496,2018-07-27,-0.071073289592,0.135297066969,-0.002255639098,2018-09-21,0.720000000000,-0.010000000000,0.030241328181,-0.010436079016
2018-06-29,0.015361002766,-0.008033200600,0.004878048780,2018-07-09,-0.110961792156,-0.025792215485,0.001876172608,2018-07-30,-0.057061408775,0.120004130375,-0.006378986867,2018-09-25,0.740000000000,-0.040000000000,0.036849793387,-0.009307520477
2018-07-02,0.011476678751,-0.016545190947,0.001125703565,2018-07-10,-0.104942569333,-0.035632320547,0.002251407129,2018-07-31,-0.060412296153,0.112858206699,-0.004878048780,2018-09-26,0.740000000000,-0.020000000000,0.035520592145,-0.004850746269
2018-07-03,-0.003840250692,-0.021410518818,-0.001866368048,2018-07-11,-0.121868790193,-0.037715066760,-0.002612915267,2018-08-01,-0.078180618551,0.106791894826,-0.011571481896,2018-09-27,0.730000000000,-0.070000000000,0.042396670442,0.000000000000
2018-07-04,0.003810980451,-0.020580126110,-0.000747384155,2018-07-12,-0.108327813505,-0.028636116601,-0.004110612855,2018-08-02,-0.063965960633,0.110972980431,-0.015321375187,2018-09-28,0.710000000000,-0.110000000000,0.040685280000,0.004132231405
2018-07-05,0.011476678751,-0.017683775951,-0.003734129948,2018-07-13,-0.104942569333,-0.018589256700,-0.006348020911,2018-08-03,-0.060412296153,0.112501689267,-0.010455563854,2018-10-08,0.710000000000,-0.080000000000,0.038780762778,0.003375843961
2018-07-06,0.000000000000,0.004516334804,-0.003734129948,2018-07-16,-0.107962334641,-0.006010045097,-0.004854368932,2018-08-06,-0.050287416532,0.115914227624,-0.010082150859,2018-10-09,0.710000000000,-0.120000000000,0.043960756520,0.006006006006
2018-07-09,-0.003782153028,0.020125355810,-0.003748125937,2018-07-17,-0.086685259692,0.000462596313,-0.002623688156,2018-08-07,-0.053879374856,0.112861861198,-0.006371814093,2018-10-10,0.700000000000,-0.100000000000,0.042625567828,0.004879879880
2018-07-10,0.015420220278,0.018573504487,-0.010097232610,2018-07-18,-0.007535804491,0.001237789209,-0.007853403141,2018-08-08,-0.053879374856,0.093072186180,-0.004113687360,2018-10-11,0.730000000000,-0.090000000000,0.034864978682,-0.001123174841
2018-07-11,0.007593024036,0.012074385743,-0.011219147345,2018-07-19,0.000000000000,0.001862736210,-0.005609573672,2018-08-09,-0.043258883993,0.082520761016,0.009723261032,2018-10-12,0.740000000000,-0.090000000000,0.039447093631,0.002622705133
2018-07-12,0.026475071199,0.004383125218,-0.005622188906,2018-07-20,0.022607413473,-0.002952540552,-0.003748125937,2018-08-10,-0.025143708266,0.063130308911,0.017616191904,2018-10-15,0.740000000000,-0.090000000000,0.049669887392,0.000374953131
2018-07-13,0.041603683313,-0.003565816287,-0.000374812594,2018-07-23,0.037679022455,0.000311277458,-0.001499250375,2018-08-13,-0.014316409349,0.063543166991,0.022488755622,2018-10-16,0.750000000000,-0.110000000000,0.047597955280,-0.004482629809
2018-07-16,0.045558144214,-0.005856843938,0.003762227239,2018-07-24,0.041603683313,0.004829310362,-0.006395786305,2018-08-14,-0.014316409349,0.049803585077,0.021444695260,2018-10-17,0.720000000000,-0.100000000000,0.045674474123,-0.004847129008
2018-07-17,0.037965120179,0.002936115081,0.008311295807,2018-07-25,0.049923258990,0.002161782890,-0.002644503211,2018-08-15,-0.021474614024,0.037237483731,0.029089535323,2018-10-18,0.750000000000,-0.060000000000,0.041401268938,0.001880406168
2018-07-18,0.007535804491,0.008676606753,0.008698940998,2018-07-26,0.034829766292,0.005560587544,-0.012859304085,2018-08-16,-0.039511541561,0.033989100617,0.035552193646,2018-10-19,0.770000000000,0.000000000000,0.037776120693,-0.004526593738
2018-07-19,0.007369205808,0.018546988405,0.006407840181,2018-07-27,0.058049610487,0.009266214640,-0.019223520543,2018-08-17,-0.007262172915,0.035985273621,0.029777610253,2018-10-22,0.790000000000,-0.020000000000,0.040763948942,0.003407800076
2018-07-20,-0.007262172915,0.020849099817,0.001124859393,2018-07-30,0.049923258990,0.013594647169,-0.022122234721,2018-08-20,-0.003644319296,0.038132090828,0.023247094113,2018-10-23,0.750000000000,-0.040000000000,0.044710707188,0.000753863551
2018-07-23,-0.007262172915,0.019844542813,0.001124437781,2018-07-31,0.045906715005,0.017163702758,-0.017991004498,2018-08-21,-0.003644319296,0.039670397475,0.032233883058,2018-10-24,0.780000000000,0.000000000000,0.041578083909,0.003762227239
2018-07-24,-0.003657648936,0.010169278425,0.001124016486,2018-08-01,0.046083008299,0.009858080607,-0.015736230798,2018-08-22,-0.007288638592,0.037833600543,0.035219183215,2018-10-25,0.850000000000,0.080000000000,0.040416432576,0.003387278886
2018-07-25,-0.011219161330,-0.003379345685,-0.000749906262,2018-08-02,0.007621960902,-0.003532409705,-0.014623172103,2018-08-23,-0.022189376466,0.028045664045,0.031496062992,2018-10-26,0.840000000000,0.080000000000,0.034779279498,0.001877581675
2018-07-26,-0.010972946809,-0.014842843362,-0.003370786517,2018-08-03,0.034430036254,-0.009995177711,-0.017602996255,2018-08-24,0.000000000000,0.019638474686,0.032958801498,2018-10-29,0.810000000000,0.090000000000,0.020904067488,0.006403013183
2018-07-27,-0.010972946809,-0.020728117814,-0.001872659176,2018-08-06,0.022692918171,0.000622942732,-0.011985018727,2018-08-27,-0.007342152891,0.019032103352,0.029588014981,2018-10-30,0.870000000000,0.130000000000,0.028582643233,0.003006388576
2018-07-30,-0.054864734046,-0.033140087101,-0.003743916136,2018-08-07,-0.022692918171,0.000000000000,-0.010108573568,2018-08-28,-0.058309108733,0.013868661543,0.023961063272,2018-10-31,0.840000000000,0.100000000000,0.027998764483,0.001499812523
2018-07-31,-0.036710764453,-0.028370369376,-0.007110778443,2018-08-08,0.011565165208,0.002675843867,-0.013473053892,2018-08-29,-0.043731831550,0.016759412725,0.018712574850,2018-11-01,0.850000000000,0.120000000000,0.021037989829,0.003001876173
2018-08-01,-0.007564306057,-0.014333854901,-0.002251407129,2018-08-09,-0.003796512018,0.002822583680,-0.008255159475,2018-08-30,-0.047204123946,0.016208135340,0.025515947467,2018-11-02,0.840000000000,0.130000000000,0.020910264459,-0.000374111485
2018-08-02,-0.025887605877,-0.004815058272,-0.001127395716,2018-08-10,-0.003782153028,0.002974263541,-0.007140172867,2018-08-31,-0.057265637396,0.017791513956,0.026305900038,2018-11-05,0.870000000000,0.160000000000,0.027249156108,-0.004112149533
2018-08-03,-0.022189376466,-0.002645858391,-0.000375234522,2018-08-13,0.000000000000,-0.006511490610,-0.009380863039,2018-09-03,-0.053686535059,0.015530568596,0.026266416510,2018-11-06,0.860000000000,0.150000000000,0.033560454101,-0.006343283582
2018-08-06,0.023219844195,0.012735576724,-0.007515971439,2018-08-14,0.003796512018,-0.007243991186,-0.009019165727,2018-09-04,-0.057061408775,0.022380469247,0.025930101466,2018-11-07,0.830000000000,0.130000000000,0.028133410790,-0.005229734778
2018-08-07,0.000000000000,0.012715584094,-0.004900113080,2018-08-15,-0.003796512018,-0.003090647454,-0.010554089710,2018-09-05,-0.067519625112,0.023155725745,0.028646814926,2018-11-08,0.830000000000,0.100000000000,0.036659713273,-0.002248875562
2018-08-08,0.000000000000,0.017044203595,-0.018427980444,2018-08-16,-0.011303706737,0.007746970315,-0.010154193306,2018-09-06,-0.083798980213,0.031561571392,0.023693117713,2018-11-09,0.850000000000,0.110000000000,0.025591752900,-0.006726457399
2018-08-09,-0.011389536054,0.014202913751,-0.021068472536,2018-08-17,-0.040530631946,0.012780277725,-0.007524454477,2018-09-07,-0.090782228564,0.032575173967,0.016553799850,2018-11-12,0.850000000000,0.110000000000,0.015150489809,-0.003748125937
2018-08-10,0.000000000000,0.014824903841,-0.021021021021,2018-08-20,-0.039941951031,0.011824862583,-0.010135135135,2018-09-10,-0.080027928587,0.030095977657,0.012012012012,2018-11-13,0.820000000000,0.070000000000,0.022843162888,-0.003377110694
2018-08-13,0.003782153028,0.009004622787,-0.007951533510,2018-08-21,-0.036310864574,0.007596739046,-0.001514577811,2018-09-11,-0.076548453431,0.027996866882,0.017417644832,2018-11-14,0.780000000000,0.060000000000,0.023486397396,-0.001873360809
2018-08-14,-0.015243921804,0.011160825008,-0.004924242424,2018-08-22,-0.054864734046,0.005084639212,0.000378787879,2018-09-12,-0.104022311630,0.026435311534,0.021212121212,2018-11-15,0.780000000000,0.030000000000,0.028882465922,-0.008633633634
2018-08-15,-0.019054902255,0.003843708065,0.006896551724,2018-08-23,-0.037397204434,0.002918525819,0.013793103448,2018-09-13,-0.125679490126,0.026249045918,0.036398467433,2018-11-16,0.800000000000,0.030000000000,0.026301989385,-0.000757862827
2018-08-16,-0.011520752075,0.010926210224,0.008070714835,2018-08-24,-0.058522382983,0.005202646127,0.018063028440,2018-09-14,-0.128639278537,0.020506013855,0.044581091468,2018-11-19,0.780000000000,-0.010000000000,0.029779270064,-0.017358490566
2018-08-17,-0.015128612114,0.040749570669,0.011503067485,2018-08-27,-0.047549436173,0.031549414614,0.014187116564,2018-09-17,-0.121457626471,0.049952405596,0.042944785276,2018-11-20,0.790000000000,0.040000000000,0.010489108908,-0.021468926554
2018-08-20,-0.018839511228,0.046621581699,0.009160305344,2018-08-28,-0.047549436173,0.034052199590,0.010687022901,2018-09-18,-0.124411706357,0.048881010360,0.039312977099,2018-11-21,0.790000000000,0.010000000000,0.008074518589,-0.019865067466
2018-08-21,-0.007739948065,0.025141281739,0.003425961172,2018-08-29,-0.058737223124,0.019981281657,0.007232584697,2018-09-19,-0.137861620558,0.024670034458,0.038066235249,2018-11-22,0.750000000000,-0.100000000000,0.004338307142,-0.014628657164
2018-08-22,-0.069930160490,-0.102157467696,0.005707762557,2018-08-30,-0.094553825711,-0.096483797504,0.008751902588,2018-09-20,-0.192307908578,-0.110198089414,0.038432267884,2018-11-23,0.770000000000,-0.070000000000,0.002598737337,-0.015742128936
2018-08-23,-0.147630338812,-0.202614164176,0.007243614182,2018-08-31,-0.188609699963,-0.186389352446,0.011818528403,2018-09-21,-0.257278557074,-0.206479611994,0.039649256576,2018-11-26,0.740000000000,-0.070000000000,0.013467161306,-0.016841317365
2018-08-24,-0.153610027663,-0.318108264964,0.000758150114,2018-09-03,-0.184911470552,-0.281706099295,0.003790750569,2018-09-25,-0.258910848365,-0.299796575279,0.033358605004,2018-11-27,0.730000000000,-0.140000000000,0.009870481065,-0.015361558636
2018-08-27,-0.142089275588,-0.379880672777,-0.002647503782,2018-09-04,-0.135449091137,-0.336785251133,0.003025718608,2018-09-26,-0.243737580385,-0.360417131656,0.026853252648,2018-11-28,0.730000000000,-0.110000000000,-0.002718855003,-0.011231748409
2018-08-28,-0.144305959836,-0.311194508381,-0.004172989378,2018-09-05,-0.163872159390,-0.276917164720,0.004552352049,2018-09-27,-0.257278557074,-0.302326398608,0.033383915023,2018-11-29,0.740000000000,-0.110000000000,-0.004743168695,-0.008604564160
2018-08-29,-0.116959227178,-0.204191782654,-0.004161937193,2018-09-06,-0.194360002998,-0.270518093751,-0.003026863413,2018-09-28,-0.284360510450,-0.289407561397,0.033673855467,2018-11-30,0.770000000000,-0.070000000000,-0.000610558025,-0.012724550898
2018-08-30,-0.031905244463,-0.092399280966,-0.001514004542,2018-09-07,-0.193622112911,-0.257993587150,0.003028009084,2018-10-08,-0.280975266278,-0.269621037262,0.029901589705,2018-12-03,0.770000000000,-0.100000000000,-0.000358275880,-0.008633633634
2018-08-31,-0.004537211944,0.047885912788,-0.001136363636,2018-09-10,-0.170196886279,-0.245313145664,0.004166666667,2018-10-09,-0.259784367729,-0.254733449877,0.032954545455,2018-12-04,0.760000000000,-0.100000000000,-0.002056258656,-0.006383777694
2018-09-03,0.026857694506,0.172588081560,0.000000000000,2018-09-11,-0.132375355995,-0.232101914942,0.005309063330,2018-10-10,-0.204577212872,-0.237311908339,0.032233598786,2018-12-05,0.780000000000,-0.050000000000,-0.000560645326,-0.010514457379
2018-09-04,0.036463136529,0.071209360731,0.006095238095,2018-09-12,-0.133384315783,-0.235152382464,0.014476190476,2018-10-11,-0.143180285331,-0.236572462656,0.041904761905,2018-12-06,0.780000000000,-0.050000000000,-0.004449089280,-0.013523666416
2018-09-05,0.085146775697,0.056804346111,0.005319148936,2018-09-13,-0.125762354881,-0.241999859782,0.025835866261,2018-10-12,-0.135644480840,-0.234704762520,0.040653495441,2018-12-07,0.800000000000,-0.050000000000,0.004163746668,-0.012791572611
2018-09-06,0.080037790392,0.037651426043,0.004169825625,2018-09-14,-0.119047771439,-0.240838295782,0.029188779378,2018-10-15,-0.135644480840,-0.233406100508,0.045489006823,2018-12-10,0.810000000000,-0.040000000000,0.002454065031,-0.009405568096
2018-09-07,0.041021028595,0.026053857873,0.003033750474,2018-09-17,-0.136157509024,-0.236962597737,0.034508911642,2018-10-16,-0.139412383085,-0.227699460369,0.048540007584,2018-12-11,0.800000000000,-0.020000000000,-0.000176741801,-0.005271084337
2018-09-10,-0.004359204242,0.003437026398,0.004171406902,2018-09-18,-0.139412383085,-0.236339107229,0.029579067122,2018-10-17,-0.136157509024,-0.226821802810,0.045127038301,2018-12-12,0.840000000000,0.060000000000,0.000360362459,-0.011636636637
2018-09-11,0.008795087650,0.009322807478,0.001893222264,2018-09-19,-0.112229246942,-0.236542669048,0.031427489587,2018-10-18,-0.119047771439,-0.231001943134,0.040893600909,2018-12-13,0.840000000000,0.060000000000,-0.004062644764,-0.000378644453
2018-09-12,0.000000000000,0.009330371414,0.001889644747,2018-09-20,-0.108780249651,-0.237856892551,0.034769463341,2018-10-19,-0.112229246942,-0.231382226138,0.038170823885,2018-12-14,0.860000000000,0.060000000000,-0.003365114568,0.000758437619
2018-09-13,-0.004359204242,0.012365359479,0.001887504719,2018-09-21,-0.112665258567,-0.239757557158,0.031332578331,2018-10-22,-0.116099220974,-0.228721064700,0.035862589656,2018-12-17,0.850000000000,0.070000000000,-0.015963729462,0.017665130568
2018-09-14,-0.004378290103,0.012696145370,0.001134215501,2018-09-25,-0.126728272822,-0.257530286034,0.031758034026,2018-10-23,-0.126728272822,-0.223693739789,0.043856332703,2018-12-18,0.870000000000,0.080000000000,-0.002610539937,0.022324865281
2018-09-17,-0.008756580205,0.014506956892,0.001510574018,2018-09-26,-0.130568523513,-0.259771342414,0.040030211480,2018-10-24,-0.133894585430,-0.221427228374,0.044184290030,2018-12-19,0.890000000000,0.100000000000,0.006623664660,0.010325047801
2018-09-18,-0.017436816967,0.007027920523,0.000755857899,2018-09-27,-0.120904993376,-0.250032300824,0.044217687075,2018-10-25,-0.134408774205,-0.227506016510,0.043461829176,2018-12-20,0.890000000000,0.140000000000,0.005120571163,0.007232584697
2018-09-19,-0.021796021209,0.015071935333,-0.006035458318,2018-09-28,-0.062656728845,-0.138345476802,0.037721614485,2018-10-26,-0.144817257136,-0.224231224782,0.052810260279,2018-12-21,0.920000000000,0.150000000000,0.004802524639,0.008377760853
2018-09-20,0.000000000000,0.011213150783,-0.001507159005,2018-10-08,0.041021028595,-0.035890629797,0.039186134137,2018-10-29,-0.126243466263,-0.223430664836,0.054257724190,2018-12-24,0.930000000000,0.190000000000,0.000598035028,0.009135896460
2018-09-21,0.000000000000,0.005969987678,0.001132930514,2018-10-09,0.031760483606,0.095338468899,0.038141993958,2018-10-30,-0.139939662052,-0.212734942851,0.060800604230,2018-12-25,0.920000000000,0.190000000000,-0.008403208973,0.011035007610
2018-09-25,0.004416967634,-0.012512075146,-0.000377073906,2018-10-10,0.017905129670,0.178751941616,0.031297134238,2018-10-31,-0.139939662052,-0.218234327065,0.062217194570,2018-12-26,0.920000000000,0.190000000000,0.006504094912,0.003029155623
2018-09-26,0.004436563793,0.012163179623,0.005664652568,2018-10-11,0.031905244463,0.102037803486,0.027945619335,2018-11-01,-0.127216817292,-0.201003095164,0.063066465257,2018-12-27,0.940000000000,0.200000000000,0.010921687066,0.001132075472
2018-09-27,0.004456334605,0.008908887031,0.024667931689,2018-10-12,0.066225269986,0.092387445939,0.037191650854,2018-11-02,-0.144267456679,-0.200873871907,0.069449715370,2018-12-28,0.920000000000,0.150000000000,0.011426101238,0.001516300227
2018-09-28,-0.021891450513,0.009306680058,0.024528301887,2018-10-15,0.051789158489,0.072147704651,0.030566037736,2018-11-05,-0.155068274166,-0.202093380604,0.064528301887,2019-01-02,0.910000000000,0.140000000000,0.009604355382,-0.006815600151
2018-10-08,-0.013192631476,0.005143283979,0.029045643154,2018-10-16,0.022789460330,0.050660279198,0.031686156167,2018-11-06,-0.151286121137,-0.212243586802,0.071293851377,2019-01-03,0.910000000000,0.150000000000,0.001574859333,0.003779289494
2018-10-09,-0.013192631476,0.025944583978,0.024141833270,2018-10-17,-0.021796021209,0.031337593629,0.029800075443,2018-11-07,-0.148063968696,-0.213774803734,0.086759713316,2019-01-04,0.910000000000,0.130000000000,0.010937986183,0.006451612903
2018-10-10,-0.004416967634,0.037036044740,0.022906496433,2018-10-18,-0.008795087650,0.066881010171,0.024784078107,2018-11-08,-0.144267456679,-0.186520573822,0.066466391288,2019-01-07,1.040000000000,0.260000000000,0.011945301361,0.009900990099
2018-10-11,0.039929074134,0.072211573631,0.014074074074,2018-10-19,0.021796021209,0.108313442063,0.008148148148,2018-11-09,-0.116804969612,-0.153390012234,0.050740740741,2019-01-08,1.060000000000,0.260000000000,0.011142939739,0.015625000000
2018-10-12,0.179051296704,0.106922789582,0.006261510129,2018-10-22,0.148212944221,0.143721965095,-0.004788213628,2018-11-12,-0.029476823234,-0.120633353158,0.041252302026,2019-01-09,1.020000000000,0.210000000000,0.005276842401,0.026205848842
2018-10-15,0.218360395663,0.111392413035,0.000366568915,2018-10-23,0.197023054616,0.138045390130,-0.011730205279,2018-11-13,-0.007262172915,-0.121360431769,0.036656891496,2019-01-10,1.030000000000,0.230000000000,0.011134510408,0.032551097653
2018-10-16,0.254011072506,0.142321239818,0.014364640884,2018-10-24,0.232049375437,0.174083482701,-0.010313075506,2018-11-14,0.021786518744,-0.096587110721,0.035359116022,2019-01-11,1.030000000000,0.190000000000,0.007686418574,0.035700721610
2018-10-17,0.292813210312,0.111129347722,0.014317180617,2018-10-25,0.270270662991,0.174493226691,-0.010279001468,2018-11-15,0.065837680855,-0.098765264703,0.027900146843,2019-01-14,1.030000000000,0.190000000000,0.006395432208,0.029924242424
2018-10-18,0.268771713270,0.072106550789,0.004747991234,2018-10-26,0.296425888442,0.177245959516,-0.012052593134,2018-11-16,0.112191613303,-0.100151517572,0.024470416362,2019-01-15,1.060000000000,0.200000000000,0.007929593587,0.031451307313
2018-10-19,0.144267456679,0.040764703297,0.009516837482,2018-10-29,0.319615177489,0.175806185494,-0.005124450952,2018-11-19,0.102414170220,-0.101451599477,0.026720351391,2019-01-16,1.070000000000,0.220000000000,0.015113834685,0.031698113208
2018-10-22,0.106071819156,0.044978551960,0.007328691829,2018-10-30,0.329815786889,0.174323640196,-0.003297911323,2018-11-20,0.106071819156,-0.100592336449,0.028215463540,2019-01-17,1.090000000000,0.220000000000,0.013287750287,0.027861445783
2018-10-23,0.071073289592,0.013728871267,-0.006899055919,2018-10-31,0.331272572545,0.173183008364,-0.011256354394,2018-11-21,0.102414170220,-0.102004580021,0.019970951344,2019-01-18,1.090000000000,0.200000000000,0.008322657204,0.038607115821
2018-10-24,0.054907406666,0.027354467395,-0.014838943178,2018-11-01,0.363798230994,0.198200008933,-0.013029315961,2018-11-22,0.128487675585,-0.083433290585,0.013029315961,2019-01-21,1.080000000000,0.190000000000,0.009962628317,0.037414965986
2018-10-25,0.053799656803,0.055136992381,-0.006543075245,2018-11-02,0.396613779878,0.223712052101,-0.007997091967,2018-11-23,0.185325498393,-0.047317133920,0.016721192294,2019-01-22,1.030000000000,0.110000000000,0.012111063260,0.041918429003
2018-10-26,0.162574831425,0.073397482620,-0.009789702683,2018-11-05,0.534151392515,0.248112130050,-0.011240029007,2018-11-26,0.295858352883,-0.020968802150,0.018129079043,2019-01-23,1.090000000000,0.160000000000,0.015354257158,0.039984911354
2018-10-29,0.191799153218,0.100997502854,-0.005092761004,2018-11-06,0.584873328750,0.285254442215,-0.008366678792,2018-11-27,0.332840646993,0.011205988480,0.018552200800,2019-01-24,1.020000000000,0.100000000000,0.017152181911,0.036130974784
2018-10-30,0.222296198071,0.114099286016,-0.001828153565,2018-11-07,0.620053679352,0.323603376899,-0.007312614260,2018-11-28,0.425697143572,0.034747684641,0.023765996344,2019-01-25,1.020000000000,0.100000000000,0.018511542061,0.036995092488
2018-10-31,0.224463483478,0.110498414414,0.002571638501,2018-11-08,0.662545145090,0.314609380048,0.000734753857,2018-11-29,0.434451771407,0.047565703464,0.035635562087,2019-01-28,1.070000000000,0.130000000000,0.014840244974,0.026762156050
2018-11-01,0.213784528594,0.078949888823,-0.004024881083,2018-11-09,0.687667387855,0.308665231854,-0.000365898280,2018-11-30,0.449695693211,0.042845062247,0.034760336626,2019-01-29,1.100000000000,0.180000000000,0.013908665822,0.033308099924
2018-11-02,0.082762635809,0.052672193651,-0.010618820945,2018-11-12,0.698300057147,0.301738074087,-0.003661662395,2018-12-03,0.440395394072,0.035585322366,0.039545953863,2019-01-30,1.120000000000,0.210000000000,0.004283168238,0.041174227983
2018-11-05,0.047169854948,0.018623590456,-0.014259597806,2018-11-13,0.681819194622,0.302491411369,-0.002925045704,2018-12-04,0.427383292213,0.032770840070,0.039122486289,2019-01-31,1.160000000000,0.250000000000,0.003176751702,0.028614457831
2018-11-06,0.029858876094,0.011852057152,-0.015750915751,2018-11-14,0.690731863832,0.305422164788,-0.002930402930,2018-12-05,0.434947598270,0.033844961510,0.039926739927,2019-02-01,1.140000000000,0.230000000000,-0.001134346346,0.030920060332
2018-11-07,0.021254003944,0.010639675259,-0.012092341517,2018-11-15,0.705413643025,0.281147751502,0.002198607549,2018-12-06,0.464939615015,0.045418357325,0.043239281788,2019-02-11,1.150000000000,0.110000000000,0.000997607189,0.031297134238
2018-11-08,0.005257628161,0.032238059023,-0.006245407788,2018-11-16,0.631400215302,0.259876401319,0.006245407788,2018-12-07,0.457317654113,0.058424362590,0.044819985305,2019-02-12,1.150000000000,0.090000000000,-0.001098115660,0.022138836773
2018-11-09,0.013178714794,0.024264762621,0.005921539600,2018-11-19,0.459377954161,0.204532467846,0.020725388601,2018-12-10,0.476191085754,0.045859304884,0.052923760178,2019-02-13,1.170000000000,0.150000000000,0.009032801150,0.005921539600
2018-11-12,0.034446241341,0.027349090439,0.008902077151,2018-11-20,0.427944925561,0.203997212038,0.025593471810,2018-12-11,0.476551281583,0.045516501577,0.054896142433,2019-02-14,1.150000000000,0.120000000000,0.003858462828,-0.010997067449
2018-11-13,0.047443373259,0.020723409163,0.013397841459,2018-11-21,0.412225079632,0.166462564114,0.025679196130,2018-12-12,0.497363096412,0.045852248668,0.059918124302,2019-02-15,1.150000000000,0.120000000000,0.006268623517,-0.013934726806
2018-11-14,0.070239394935,0.031582992988,0.011498516320,2018-11-22,0.411805549995,0.189429686709,0.019658753709,2018-12-13,0.592106026969,0.066532416310,0.065281899110,2019-02-18,1.120000000000,0.090000000000,0.004940766495,-0.011401250460
2018-11-15,0.099372471559,0.038494300519,0.008872458410,2018-11-23,0.413584861673,0.220377266762,0.015526802218,2018-12-14,0.633256453324,0.094958965474,0.064695009242,2019-02-19,1.120000000000,0.060000000000,0.002009370811,-0.006980161646
2018-11-16,0.085848149365,0.063271247073,0.003311258278,2018-11-26,0.384871029497,0.230580490643,0.009565857248,2018-12-17,0.621601426575,0.100013152415,0.069168506255,2019-02-20,1.110000000000,0.040000000000,-0.001570807763,-0.009875640088
2018-11-19,0.084528760697,0.057066074278,0.002205882353,2018-11-27,0.400132716196,0.217924142063,0.015073529412,2018-12-18,0.625960862725,0.061907739443,0.062132352941,2019-02-21,1.060000000000,-0.030000000000,-0.002198800392,-0.005860805861
2018-11-20,0.065425319095,0.048844101398,-0.002937936100,2018-11-28,0.404778151712,0.206868438445,0.015424164524,2018-12-19,0.625960862725,0.048073134674,0.052148365773,2019-02-22,1.070000000000,-0.020000000000,-0.000611858377,-0.007288629738
2018-11-21,0.014584357952,0.026160190055,-0.001100110011,2018-11-29,0.357840335980,0.188047000434,0.012467913458,2018-12-20,0.627925933341,0.067592464098,0.046204620462,2019-02-25,1.090000000000,0.010000000000,0.000858239823,-0.008014571949
2018-11-22,-0.004757377702,-0.000279754085,0.001099303774,2018-11-30,0.335035455260,0.156281952055,0.022718944668,2018-12-21,0.747703630888,0.219203375698,0.045804323928,2019-02-26,1.090000000000,0.060000000000,-0.002808659108,-0.011235955056
2018-11-23,0.000000000000,-0.008718352381,-0.002200220022,2018-12-03,0.191210227559,0.136440019698,0.026035936927,2018-12-24,0.902462629083,0.367497140204,0.047304730473,2019-02-27,1.090000000000,0.000000000000,-0.004150662956,-0.009430540443
2018-11-26,-0.007085503925,-0.002782749624,0.000366837858,2018-12-04,0.166481840993,0.103122360375,0.030447542186,2018-12-25,0.907442388751,0.552963119613,0.042920029347,2019-02-28,1.090000000000,0.070000000000,-0.001260586083,-0.009444242644
2018-11-27,-0.002361834642,0.023424998485,0.002578268877,2018-12-05,0.146579937188,0.108643857231,0.037569060773,2018-12-26,0.890780201104,0.729706201981,0.041252302026,2019-03-01,1.110000000000,0.090000000000,-0.003543265037,-0.009100837277
2018-11-28,0.011978926672,0.020170508028,0.004038179148,2018-12-06,0.122210522680,0.091411294480,0.033406754772,2018-12-27,0.925252089414,0.581181276454,0.027165932452,2019-03-04,1.150000000000,0.080000000000,-0.002450356256,-0.005139500734
2018-11-29,0.035850888983,0.014411367015,0.002562225476,2018-12-07,0.139327146273,0.087117731592,0.031478770132,2018-12-28,1.050143566925,0.554110319613,0.019033674963,2019-03-05,1.120000000000,0.020000000000,-0.004930116654,0.000366300366
2018-11-30,0.052707277358,0.021080152604,0.013597941933,2018-12-10,0.158144577530,0.102333998881,0.036751194414,2019-01-02,1.068739906999,0.538478495356,0.019110621095,2019-03-06,1.050000000000,-0.070000000000,0.002738933847,0.000366166239
2018-12-03,0.045195088166,0.053996463859,0.013934726806,2018-12-11,0.164282074088,0.141429550556,0.041437477081,2019-01-03,1.002736254537,0.562018934124,0.020168683535,2019-03-07,1.040000000000,-0.120000000000,0.007102230525,-0.004392386530
2018-12-04,0.054450800545,0.051534127105,0.012490815577,2018-12-12,0.173959035283,0.152121836827,0.058412931668,2019-01-04,0.941588116228,0.551137291817,0.022409992652,2019-03-08,1.020000000000,-0.120000000000,-0.005184135547,-0.005120702268
2018-12-05,0.059185652766,0.069612870060,0.005118829982,2018-12-13,0.163891921516,0.155097702656,0.038391224863,2019-01-07,0.967459641542,0.578824742569,0.027056672761,2019-03-11,0.970000000000,-0.180000000000,-0.010653648109,-0.003656307130
2018-12-06,0.032302747502,0.073515862323,0.002920774005,2018-12-14,0.169979227667,0.130590098743,0.035779481563,2019-01-08,0.950306524712,0.578685861810,0.021540708288,2019-03-12,0.970000000000,-0.180000000000,-0.008395617453,0.004038179148
2018-12-07,0.020482491642,0.064122406256,-0.005076142132,2018-12-17,0.166493380587,0.145229583399,0.025018129079,2019-01-09,0.954665728953,0.577725811735,0.021754894851,2019-03-13,0.970000000000,-0.200000000000,-0.008562192786,0.007358351729
2018-12-10,0.009103329619,0.029652630029,-0.001446654611,2018-12-18,0.135758312635,0.143988883293,0.022784810127,2019-01-10,0.941332372055,0.567497545412,0.020614828210,2019-03-14,0.960000000000,-0.190000000000,-0.008866045708,0.025574499629
2018-12-11,-0.002245174559,0.016814091930,0.003265602322,2018-12-19,0.118268846057,0.147709270493,0.019956458636,2019-01-11,0.945710662158,0.571815884151,0.016328011611,2019-03-15,0.990000000000,-0.160000000000,-0.007575246492,0.027519523987
2018-12-12,-0.008940552034,0.001026939709,0.004365223718,2018-12-20,0.077783242411,0.120883076024,0.018552200800,2019-01-14,0.932869707744,0.565848000938,0.021098581302,2019-03-18,1.060000000000,-0.060000000000,-0.005687306123,0.023065476190
2018-12-13,-0.008940552034,0.000642414574,0.016017473608,2018-12-21,0.054709843569,0.089381430148,0.021113942483,2019-01-15,0.932869707744,0.565097095417,0.024754277394,2019-03-19,1.080000000000,-0.040000000000,-0.010743157178,0.016648168701
2018-12-14,-0.017841226465,0.000256965830,0.019679300292,2018-12-24,0.055103062692,0.077358079062,0.022230320700,2019-01-16,0.928197501748,0.558855425643,0.027696793003,2019-03-20,1.080000000000,-0.030000000000,-0.007251517529,0.014037680089
2018-12-17,-0.018042413203,-0.001799917101,0.017385005433,2018-12-25,0.028342015700,0.080282326646,0.016298442593,2019-01-17,0.914689115639,0.545059874996,0.026077508149,2019-03-21,1.070000000000,0.010000000000,-0.002590186913,0.011790714812
2018-12-18,-0.033753400655,0.015382375080,0.018806509946,2018-12-26,0.014171007850,0.111093405989,0.015913200723,2019-01-18,0.896644429689,0.573172204286,0.022061482821,2019-03-22,1.050000000000,-0.020000000000,-0.004696670650,0.013582966226
2018-12-19,-0.018042413203,0.018722422897,0.019558131112,2018-12-27,0.043124136020,0.112758742795,0.013763129301,2019-01-21,0.931678396448,0.584032018274,0.031872509960,2019-03-25,1.010000000000,-0.080000000000,-0.008014169334,0.017260374587
2018-12-20,-0.013531809902,0.027349291281,0.009673951989,2018-12-28,0.045411126045,0.119488421656,0.002149767109,2019-01-22,0.949199270944,0.584027038670,0.022930849158,2019-03-26,0.970000000000,-0.120000000000,-0.002681553597,0.015395894428
2018-12-21,-0.013623988513,0.052921361939,0.008220157255,2019-01-02,0.040728350685,0.144350184053,0.003573981415,2019-01-23,0.901927761132,0.623151534929,0.018584703360,2019-03-27,1.030000000000,-0.060000000000,-0.004725134584,0.020871475650
2018-12-24,-0.002296740389,0.070709735121,0.011035955856,2019-01-03,0.033301643912,0.159896505382,-0.003203987184,2019-01-24,0.910291571814,0.644493046280,0.011391954432,2019-03-28,1.020000000000,-0.070000000000,-0.002910279580,0.026035936927
2018-12-25,0.044247821959,0.051760252570,0.022719204828,2019-01-04,0.061553078877,0.141855908388,-0.006034788782,2019-01-25,0.971857185367,0.675564787447,-0.002839900603,2019-03-29,0.990000000000,-0.120000000000,-0.006762832548,0.036002939015
2018-12-26,0.043638067400,0.068729941179,0.008880994671,2019-01-07,0.075757635541,0.165725313931,0.001420959147,2019-01-28,1.007068620537,0.672558812451,-0.009236234458,2019-04-01,0.990000000000,-0.160000000000,-0.007169221676,0.040221402214
2018-12-27,0.048011010525,0.085112913966,0.006742370476,2019-01-08,0.057683477683,0.197513536298,0.003548616040,2019-01-29,1.033719363678,0.703670388702,-0.009936124911,2019-04-02,1.040000000000,-0.080000000000,-0.006489104256,0.028560966679
2018-12-28,0.204880451873,0.063314796778,0.002126905353,2019-01-09,0.191169921992,0.191683611024,0.006380716058,2019-01-30,1.342884725283,0.710006560547,-0.008507621411,2019-04-03,1.030000000000,-0.020000000000,-0.008856855737,0.034407027818
2019-01-02,0.317679801780,0.057258776953,-0.004225352113,2019-01-10,0.302685709821,0.163486598600,0.000704225352,2019-01-31,1.550804442669,0.729758069849,-0.016197183099,2019-04-04,0.990000000000,-0.050000000000,-0.009646781168,0.043014705882
2019-01-03,0.343443609459,0.067337755619,-0.024297119056,2019-01-11,0.352492405697,0.159016993442,-0.014578271434,2019-02-01,1.684494480830,0.743167796350,-0.028115237765,2019-04-08,0.960000000000,-0.060000000000,0.000228310502,0.054411764706
2019-01-04,0.182658584697,0.075734947002,-0.014084507042,2019-01-14,0.201162420774,0.172397503715,0.002464788732,2019-02-11,1.384207903295,0.734973412541,-0.008450704225,2019-04-09,0.880000000000,-0.090000000000,0.004687803390,0.046972477064
2019-01-07,0.174520196713,0.075442264438,-0.011279520620,2019-01-15,0.203397558782,0.199662449686,0.002467395136,2019-02-12,1.296930171971,0.708803734021,-0.006344730349,2019-04-10,0.910000000000,-0.060000000000,0.000862997034,0.038756855576
2019-01-08,0.028658787835,0.078589870557,-0.007782101167,2019-01-16,0.200713797736,0.207885356237,0.006367173682,2019-02-13,1.044040804911,0.666237042141,0.000353731871,2019-04-11,0.920000000000,-0.050000000000,-0.004928084267,0.032870708546
2019-01-09,-0.078616397983,0.074410044400,-0.007779349364,2019-01-17,0.189445338630,0.214061569507,0.005657708628,2019-02-14,0.929042829850,0.672199146612,-0.008486562942,2019-04-12,0.910000000000,-0.050000000000,-0.004546738394,0.018070112035
2019-01-10,-0.131142170840,0.061739946398,-0.000711490573,2019-01-18,0.177767910117,0.210225792756,0.013162575596,2019-02-15,0.859986804059,0.620201759492,-0.007826396300,2019-04-15,0.910000000000,-0.080000000000,-0.014733160785,0.021715526602
2019-01-11,-0.029772999487,0.033832847775,-0.000357142857,2019-01-21,0.175913528728,0.210819611251,0.025714285714,2019-02-18,0.789293970824,0.614278758435,-0.005714285714,2019-04-16,0.930000000000,-0.130000000000,-0.016533382362,0.020000000000
2019-01-14,-0.035289769248,0.008996334636,-0.002852049911,2019-01-22,0.171402925427,0.209677899821,0.026737967914,2019-02-19,0.746470238142,0.608213943821,-0.011764705882,2019-04-17,0.880000000000,-0.200000000000,-0.015918525102,0.021470160116
2019-01-15,-0.035289769248,0.001276441485,0.001069518717,2019-01-23,0.179382515427,0.209116449603,0.036007130125,2019-02-20,0.723292107158,0.603017368808,-0.016399286988,2019-04-18,0.900000000000,-0.180000000000,-0.016710611351,0.020400728597
2019-01-16,-0.030337523915,-0.004235880962,-0.002138275125,2019-01-24,0.174552269601,0.211098826708,0.029579472559,2019-02-21,0.691138327974,0.593445058714,-0.015324305061,2019-04-19,0.910000000000,-0.160000000000,-0.018662281734,0.020757465404
2019-01-17,-0.019105858557,-0.005084133943,-0.003203987184,2019-01-25,0.195621949714,0.185831931178,0.019935920256,2019-02-22,0.703384984942,0.590133695923,-0.015663937344,2019-04-22,0.910000000000,-0.140000000000,-0.020171509635,0.017747193046
2019-01-18,-0.017261230828,-0.007943117956,0.007145409075,2019-01-28,0.176849009990,0.179125835711,0.019292604502,2019-02-25,0.666884262507,0.558815776511,-0.010003572705,2019-04-23,0.960000000000,-0.050000000000,-0.016310248921,0.014801444043
2019-01-21,-0.009626498284,-0.008916122217,0.011083303540,2019-01-29,0.176040371925,0.166976289367,0.020378977476,2019-02-26,0.641353585783,0.510585756405,-0.014658562746,2019-04-24,0.960000000000,-0.010000000000,-0.015016969472,0.010830324910
2019-01-22,-0.009626498284,-0.011154624771,0.011039886040,2019-01-30,0.184162203930,0.135535143006,0.017094017094,2019-02-27,0.468036974921,0.476746813015,-0.015313390313,2019-04-25,0.960000000000,-0.070000000000,-0.013623422977,0.003945480631
2019-01-23,-0.011732506670,-0.011698224933,0.015000000000,2019-01-31,0.163443955988,0.117885717255,0.015357142857,2019-02-28,0.402331115734,0.430343462104,-0.009285714286,2019-04-26,0.950000000000,-0.070000000000,-0.015703755268,0.001429592566
2019-01-24,0.009739001259,-0.008836239569,0.013928571429,2019-02-01,0.156110731572,0.117510985297,0.009642857143,2019-03-01,0.407166492188,0.414670050885,-0.007857142857,2019-04-29,0.960000000000,-0.030000000000,-0.015912977286,-0.007092198582
2019-01-25,0.015612812655,-0.007472935164,0.009932600213,2019-02-11,0.145246585421,0.095051480919,-0.007449450160,2019-03-04,0.382572070999,0.393218420844,-0.017382050372,2019-04-30,0.950000000000,-0.040000000000,-0.015774641359,-0.007804185882
2019-01-28,0.017496123313,-0.008353739305,0.005657708628,2019-02-12,0.141797659830,0.066458300123,-0.015558698727,2019-03-05,0.375920413530,0.388356152881,-0.010608203678,2019-05-06,0.970000000000,-0.070000000000,-0.020651016815,0.004983980064
2019-01-29,-0.017496123313,-0.005156778973,0.002113420218,2019-02-13,-0.034390545402,0.062412977494,-0.023247622402,2019-03-06,0.332103612813,0.395621129695,-0.016907361747,2019-05-07,0.970000000000,-0.060000000000,-0.017366505490,0.002476999292
2019-01-30,-0.005935896277,-0.004196645782,0.000703729768,2019-02-14,-0.122292174640,0.052906224230,-0.021111893033,2019-03-07,0.331213859048,0.398299460755,-0.015482054891,2019-05-08,0.940000000000,-0.050000000000,-0.019426278877,0.001762425097
2019-01-31,-0.032793230963,-0.010740981657,0.003170130328,2019-02-15,-0.167662775378,0.035761936165,-0.019725255372,2019-03-08,0.321560640978,0.383082730252,-0.013737231420,2019-05-09,0.860000000000,-0.100000000000,-0.024245547871,-0.010808926081
2019-02-01,-0.044196800024,-0.016456680853,0.008781173165,2019-02-18,-0.074432498718,0.001204405584,-0.013347383210,2019-03-11,0.293964875100,0.355864709727,-0.014401123990,2019-05-10,0.780000000000,-0.100000000000,-0.025037780813,-0.000350508237
2019-02-11,-0.049675232248,-0.024192322048,0.012658227848,2019-02-19,-0.076151607325,-0.032343965002,-0.016174402250,2019-03-12,0.300732479718,0.312457511008,-0.008087201125,2019-05-13,0.820000000000,-0.090000000000,-0.015863560129,-0.000351988736
2019-02-12,-0.001978632092,-0.032936881273,0.021441124780,2019-02-20,-0.063150113392,-0.047441075206,-0.009490333919,2019-03-13,0.312175088601,0.317680517282,0.006326889279,2019-05-14,0.830000000000,-0.090000000000,-0.006832859651,0.008132956153
2019-02-13,0.011942683083,-0.069158266099,0.015822784810,2019-02-21,-0.036025809648,-0.087788632929,-0.007735583685,2019-03-14,0.302254356433,0.266945682510,0.004922644163,2019-05-15,0.850000000000,-0.060000000000,-0.011812640364,0.010649627263
2019-02-14,0.029916254432,-0.087403703919,0.005969101124,2019-02-22,-0.013374100990,-0.109732557607,-0.016502808989,2019-03-15,0.299446652782,0.236570226048,0.001404494382,2019-05-16,0.850000000000,-0.060000000000,-0.004223348644,0.007084661707
2019-02-15,0.040209114200,-0.091862150782,-0.006615598886,2019-02-25,-0.007671658146,-0.120523576445,-0.022632311978,2019-03-18,0.257656990485,0.193614153870,-0.010793871866,2019-05-17,0.810000000000,-0.120000000000,-0.002057899397,0.019964349376
2019-02-18,0.046240481330,-0.092749018941,-0.009027777778,2019-02-26,0.001925299657,-0.129920638021,-0.022569444444,2019-03-19,0.237868885085,0.146591140524,-0.014236111111,2019-05-20,0.800000000000,-0.080000000000,0.001541418978,0.024581403634
2019-02-19,0.041633651621,-0.088999206712,-0.017205781142,2019-02-27,0.011551797941,-0.133324324646,-0.029593943565,2019-03-20,0.258744816119,0.128976260618,-0.024432209222,2019-05-21,0.800000000000,-0.100000000000,0.001622793334,0.027490182078
2019-02-20,0.033438259532,-0.059321097322,-0.015922464521,2019-02-28,0.027375848896,-0.138251749204,-0.019383869851,2019-03-21,0.240907133449,0.127449932769,-0.021114572516,2019-05-22,0.780000000000,-0.130000000000,-0.004104163068,0.033892258295
2019-02-21,-0.013555392174,-0.035097587951,-0.013263525305,2019-03-01,-0.007791201007,-0.136589100807,-0.013612565445,2019-03-22,0.203117779183,0.137604332418,-0.010122164049,2019-05-23,0.760000000000,-0.150000000000,-0.006361410646,0.024911032028
2019-02-22,-0.005798225614,-0.019267507180,-0.019277953032,2019-03-04,0.003903203164,-0.130562852936,-0.001402032948,2019-03-25,0.232391177441,0.140773337278,0.000701016474,2019-05-24,0.780000000000,-0.180000000000,-0.007417480255,0.017431519032
2019-02-25,-0.003843200002,-0.007197635857,-0.024526979678,2019-03-05,0.007776054806,-0.128411967010,0.000350385424,2019-03-26,0.239005926550,0.138656938947,0.001401541696,2019-05-27,0.740000000000,-0.220000000000,-0.014796102490,0.020714285714
2019-02-26,-0.009516564850,-0.003432156561,-0.029061624650,2019-03-06,0.011664082208,-0.126555950622,-0.002100840336,2019-03-27,0.246765889447,0.134996738859,-0.001050420168,2019-05-28,0.750000000000,-0.210000000000,-0.017541821818,0.020364415863
2019-02-27,-0.007613251880,0.003332043298,-0.021456208231,2019-03-07,0.031658113480,-0.125146129358,-0.000703482237,2019-03-28,0.240247573936,0.134363293790,0.002462187830,2019-05-29,0.720000000000,-0.230000000000,-0.018952652117,0.018201284797
2019-02-28,0.021594046325,0.003082562364,-0.015564202335,2019-03-08,0.003858027172,-0.126206534470,-0.006367173682,2019-03-29,0.232007758845,0.114992374046,0.008135833039,2019-05-30,0.760000000000,-0.200000000000,-0.016519887012,0.011785714286
2019-03-01,0.015552109611,0.005034297070,0.003931379557,2019-03-11,0.003843200002,-0.119606726200,-0.003216583274,2019-04-01,0.236742611066,0.123847749101,0.027877055039,2019-05-31,0.780000000000,-0.170000000000,-0.013426132722,0.010368251698
2019-03-04,0.005787040758,0.005160886965,0.005028735632,2019-03-12,-0.003821171711,-0.116533551295,0.002155172414,2019-04-02,0.203045841444,0.128273455836,0.043821839080,2019-06-03,0.800000000000,-0.170000000000,-0.005905071624,-0.013815090329
2019-03-05,-0.003843200002,0.002213985104,0.016227912009,2019-03-13,0.025722217202,-0.120084629427,0.008654886405,2019-04-03,0.179790759969,0.114025771465,0.062026685900,2019-06-04,0.780000000000,-0.190000000000,-0.007114671901,-0.022237910342
2019-03-06,-0.005753743609,-0.006764954485,0.014378145219,2019-03-14,0.031847154888,-0.127402493328,0.004313443566,2019-04-04,0.179790759969,0.068968840381,0.057872034508,2019-06-05,0.790000000000,-0.150000000000,-0.006339444817,-0.020408163265
2019-03-07,-0.001921600001,-0.008973420973,0.006467840460,2019-03-15,0.035899505318,-0.124645282111,0.006108515990,2019-04-08,0.166142917335,0.050833301182,0.061803808839,2019-06-06,0.780000000000,-0.080000000000,0.000911880597,-0.022559041241
2019-03-08,-0.005742729545,-0.011484231905,-0.000711997152,2019-03-18,0.044230025620,-0.115155767587,0.002491990032,2019-04-09,0.160929936619,0.038638606566,0.053755784977,2019-06-10,0.740000000000,-0.040000000000,0.003615771381,-0.018583450210
2019-03-11,0.000000000000,-0.008924057008,0.006075768406,2019-03-19,0.048250937040,-0.102710130761,0.007505360972,2019-04-10,0.165400212636,0.041628464413,0.055754110079,2019-06-11,0.720000000000,-0.100000000000,-0.003861283858,-0.011267605634
2019-03-12,0.007716054344,-0.005277280595,0.000709723208,2019-03-20,0.035685987104,-0.094917598125,0.003548616040,2019-04-11,0.165031344805,0.041371498584,0.044712562101,2019-06-12,0.730000000000,-0.100000000000,-0.009992978225,-0.015082427219
2019-03-13,0.009645067930,0.008297073882,0.003897944720,2019-03-21,0.029504346646,-0.054793655452,-0.006378454996,2019-04-12,0.180424132028,0.046797844625,0.051027639972,2019-06-13,0.710000000000,-0.140000000000,-0.009926232328,-0.009483667018
2019-03-14,0.001925299657,0.015380539351,0.008925383792,2019-03-22,0.007745938385,-0.026055497496,-0.004284184220,2019-04-15,0.171017229986,0.049351786714,0.066047840057,2019-06-14,0.690000000000,-0.160000000000,-0.012092827154,-0.009848751319
2019-03-15,0.001925299657,0.005067273619,0.014962593516,2019-03-25,0.005798225614,-0.020712570218,-0.008193801211,2019-04-16,0.173658227077,0.042830748271,0.068756679729,2019-06-17,0.690000000000,-0.120000000000,-0.008460244374,-0.017476406851
2019-03-18,-0.001917914536,-0.007770931683,0.014209591474,2019-03-26,0.000000000000,-0.018665055698,-0.015275310835,2019-04-17,0.173658227077,0.032870509709,0.062522202487,2019-06-18,0.650000000000,-0.150000000000,-0.008405676158,-0.023991655076
2019-03-19,-0.001914243182,-0.022454897734,0.010638297872,2019-03-27,-0.007613251880,-0.028805599711,-0.021631205674,2019-04-18,0.183923844932,0.017726087251,0.056737588652,2019-06-19,0.640000000000,-0.160000000000,-0.007841003956,-0.019110493398
2019-03-20,-0.003821171711,-0.031195745195,0.002823861631,2019-03-28,-0.007613251880,-0.026532937371,-0.024708789269,2019-04-19,0.197519673495,0.015970869135,0.076597246735,2019-06-20,0.660000000000,-0.120000000000,-0.004178149103,-0.027260179434
2019-03-21,-0.013451200007,-0.041411479115,-0.006015569710,2019-03-29,0.007852380482,-0.032428556069,-0.021585279547,2019-04-22,0.195621949714,-0.009342094366,0.088110403397,2019-06-21,0.580000000000,-0.180000000000,-0.004667465414,-0.014236111111
2019-03-22,0.057648000031,-0.036275832082,-0.021060021060,2019-04-01,0.069984493251,-0.037695834156,-0.027378027378,2019-04-23,0.264125144790,-0.013469054407,0.091260091260,2019-06-24,0.580000000000,-0.200000000000,-0.002842575296,-0.009440559441
2019-03-25,0.147963200079,-0.029089513156,-0.022767075306,2019-04-02,0.152392073297,-0.040304069630,-0.034676007005,2019-04-24,0.365798175429,-0.023871610231,0.102626970228,2019-06-25,0.540000000000,-0.200000000000,0.003152719650,-0.003149055283
2019-03-26,0.147679419307,-0.014009604278,-0.018596491228,2019-04-03,0.149884800080,-0.039113736843,-0.029824561404,2019-04-25,0.377532518057,-0.046967623814,0.098947368421,2019-06-26,0.550000000000,-0.200000000000,0.005255265367,-0.002100840336
2019-03-27,0.145761504770,0.001140953959,-0.016543470609,2019-04-04,0.145761504770,-0.028658807184,-0.023583245336,2019-04-26,0.375230490508,-0.050041284059,0.095740936290,2019-06-27,0.550000000000,-0.170000000000,0.005545721920,-0.001752541185
2019-03-28,0.161667420898,0.001401785314,-0.003203987184,2019-04-08,0.146041600078,-0.034049830267,-0.011035955856,2019-04-29,0.330062689609,-0.056774970424,0.112139551442,2019-06-28,0.550000000000,-0.210000000000,0.008502709013,0.003176844335
2019-03-29,0.238008865073,-0.000382792898,0.009680889208,2019-04-09,0.304364665878,-0.042882610625,-0.006812477591,2019-04-30,0.499560225616,-0.077266135666,0.093581929007,2019-07-01,0.560000000000,-0.220000000000,0.005400276876,-0.013446567587
2019-04-01,0.219283684457,0.001792542409,0.010394265233,2019-04-10,0.397008309045,-0.043520058835,0.002867383513,2019-05-06,0.589005663908,-0.098823607462,0.093906810036,2019-07-02,0.530000000000,-0.270000000000,0.001687821541,0.001436781609
2019-04-02,0.116978674788,-0.019328900572,0.011083303540,2019-04-11,0.289352037906,-0.059768270927,-0.002145155524,2019-05-07,0.277034949073,-0.121039873632,0.134072220236,2019-07-03,0.590000000000,-0.190000000000,0.001821232907,0.007942238267
2019-04-03,0.058587243939,-0.036342289154,0.003579098067,2019-04-12,0.219907548809,-0.057584169480,0.001431639227,2019-05-08,0.104821863977,-0.134142878208,0.124552612742,2019-07-04,0.580000000000,-0.210000000000,0.003046031993,0.004669540230
2019-04-04,0.008383639830,-0.009035221584,-0.003928571429,2019-04-15,0.157874571861,-0.034110067109,0.000000000000,2019-05-09,-0.001660027479,-0.124267105226,0.117857142857,2019-07-05,0.610000000000,-0.170000000000,-0.000454036271,0.009015506671
2019-04-08,-0.130613506806,0.006765264223,-0.011363636364,2019-04-16,0.140546874950,-0.025212776055,-0.003551136364,2019-05-10,0.102344685737,-0.136426305269,0.097656250000,2019-07-08,0.610000000000,-0.130000000000,-0.002458509405,0.003929974991
2019-04-09,-0.200439410781,0.010991628980,-0.016672578929,2019-04-17,0.116992786723,-0.024299580024,0.000709471444,2019-05-13,0.081723676154,-0.152830589594,0.093650230578,2019-07-09,0.610000000000,-0.110000000000,-0.001984182994,0.001068376068
2019-04-10,-0.146618864262,0.031326946813,-0.024398868458,2019-04-18,0.091883672718,-0.025169226031,0.012376237624,2019-05-14,0.059435400839,-0.159555185671,0.090523338048,2019-07-10,0.600000000000,-0.130000000000,-0.001984457067,0.006054131054
2019-04-11,-0.109108216903,0.038369879329,-0.014621968616,2019-04-19,0.076423434227,-0.029476294673,0.019258202568,2019-05-15,0.068259428808,-0.163187314045,0.119472182596,2019-07-11,0.540000000000,-0.170000000000,0.001804903433,0.002836879433
2019-04-12,-0.069837085599,0.020289872939,-0.008605234851,2019-04-22,0.074942400040,-0.029440019076,0.022588741484,2019-05-16,0.068781090804,-0.158455507897,0.116170670491,2019-07-12,0.570000000000,-0.120000000000,0.004156637563,-0.005328596803
2019-04-15,-0.067521982625,-0.003423295858,-0.004669540230,2019-04-23,0.061491200033,-0.033447546868,0.020474137931,2019-05-17,0.059455350630,-0.167546834742,0.119971264368,2019-07-15,0.610000000000,-0.080000000000,-0.001829068730,-0.009249377446
2019-04-16,-0.053228052443,-0.008090884910,-0.005772005772,2019-04-24,0.059569600032,-0.024614203440,0.024170274170,2019-05-20,0.061609589019,-0.167177291571,0.125901875902,2019-07-16,0.610000000000,-0.040000000000,-0.000909359702,-0.007837548985
2019-04-17,-0.035063134095,-0.012529843810,0.002174700979,2019-04-25,0.055619521557,-0.015271730789,0.027546212396,2019-05-21,0.059684289362,-0.171143814346,0.126857557086,2019-07-17,0.640000000000,0.000000000000,-0.001213380966,-0.019128586610
2019-04-18,-0.028399022837,-0.007466335684,0.003981179877,2019-04-26,0.049865777948,-0.005704769796,0.023525153818,2019-05-22,0.070395040018,-0.165902099044,0.138979370250,2019-07-18,0.650000000000,-0.010000000000,-0.005926945907,-0.024122029088
2019-04-19,-0.025026829357,-0.008306969195,0.004701627486,2019-04-29,0.062329608057,0.004077920913,0.025678119349,2019-05-23,0.062329608057,-0.161181526596,0.151898734177,2019-07-19,0.620000000000,0.040000000000,0.003064677480,-0.027122226136
2019-04-22,-0.010861700979,0.012849650439,-0.000360880549,2019-04-30,-0.007267446262,0.015822106443,0.030313966077,2019-05-24,0.066354453782,-0.150099240579,0.134969325153,2019-07-22,0.620000000000,0.040000000000,-0.000752925039,-0.021531944935
2019-04-23,-0.019949232227,0.001784317784,0.015239477504,2019-05-06,-0.095413511558,0.006401937175,0.037010159652,2019-05-27,0.050544356237,-0.158185550687,0.135703918723,2019-07-23,0.640000000000,0.100000000000,-0.001672546733,-0.032292032292
2019-04-24,-0.085392493576,-0.005383141232,0.009403254973,2019-05-07,-0.158756772926,-0.006656310131,0.031826401447,2019-05-28,-0.021384150715,-0.166306121870,0.135623869801,2019-07-24,0.620000000000,0.070000000000,0.001840111300,-0.033684210526
2019-04-25,-0.158933235253,-0.050107508017,0.008651766402,2019-05-08,-0.229327211989,-0.056602798787,0.027397260274,2019-05-29,-0.089038444162,-0.198318414796,0.132299927902,2019-07-25,0.570000000000,0.020000000000,0.001666588580,-0.028441011236
2019-04-26,-0.210854547644,-0.103310819867,0.007919366451,2019-05-09,-0.278336842352,-0.100914517132,0.025917926566,2019-05-30,-0.169753195572,-0.241135038199,0.126709863211,2019-07-26,0.560000000000,0.010000000000,0.001773468028,-0.024278676988
2019-04-29,-0.258052866064,-0.174723808261,0.012996389892,2019-05-10,-0.405048627849,-0.161345169397,0.038267148014,2019-05-31,-0.220984000118,-0.293316135206,0.136101083032,2019-07-29,0.540000000000,-0.020000000000,-0.000090510360,-0.006814921090
2019-04-30,-0.281273304511,-0.218825730242,0.008220157255,2019-05-13,-0.466776710039,-0.215231432582,0.038598999285,2019-06-03,-0.257929090517,-0.336856484234,0.123302358828,2019-07-30,0.580000000000,0.050000000000,0.002186158050,-0.003945480631
2019-05-06,-0.246325153175,-0.230794924213,0.025797205303,2019-05-14,-0.432376038488,-0.220854975032,0.055177355786,2019-06-04,-0.249307643654,-0.355394348420,0.131494088140,2019-07-31,0.560000000000,-0.030000000000,0.002640191332,0.000358166189
2019-05-07,-0.191138279133,-0.204425798402,0.021443888492,2019-05-15,-0.411132411518,-0.221152420929,0.051822730522,2019-06-05,-0.258758133465,-0.359514923922,0.116869192280,2019-08-01,0.600000000000,0.020000000000,0.007089045729,-0.003575259206
2019-05-08,-0.144052156174,-0.173669692983,0.018571428571,2019-05-16,-0.387429546297,-0.250284571889,0.055357142857,2019-06-06,-0.265257455962,-0.366118372193,0.138214285714,2019-08-02,0.580000000000,-0.030000000000,0.011980087795,0.002144388849
2019-05-09,-0.111001571289,-0.109434568782,0.012473271561,2019-05-17,-0.391627499228,-0.258141865438,0.054882394868,2019-06-10,-0.275432432269,-0.360121503005,0.154312188168,2019-08-05,0.620000000000,0.010000000000,0.013431935926,-0.001423487544
2019-05-10,-0.087538695107,-0.044950144427,0.006380716058,2019-05-20,-0.391483740547,-0.258655476973,0.047146401985,2019-06-11,-0.287495166529,-0.350963173106,0.181141439206,2019-08-06,0.600000000000,-0.010000000000,0.017878263459,-0.001067235859
2019-05-13,-0.081708031724,-0.017422957024,-0.009779951100,2019-05-21,-0.389200788453,-0.257684464614,0.028292001397,2019-06-12,-0.309278554903,-0.345053386124,0.168704156479,2019-08-07,0.590000000000,-0.010000000000,0.018711229119,0.000353982301
2019-05-14,-0.069817463138,-0.010122932897,-0.010496850945,2019-05-22,-0.385161747226,-0.257525307082,0.037788663401,2019-06-13,-0.318646943776,-0.318894431200,0.183694891533,2019-08-08,0.550000000000,0.010000000000,0.028764659349,0.010608203678
2019-05-15,-0.065146638750,-0.002740600767,-0.005610098177,2019-05-23,-0.384340593696,-0.267207509097,0.046984572230,2019-06-14,-0.333075350552,-0.307312100601,0.193548387097,2019-08-09,0.560000000000,-0.010000000000,0.025971941624,0.015714285714
2019-05-16,-0.044395157598,-0.029054187084,0.004927842309,2019-05-24,-0.376538967257,-0.277221666394,0.055966209081,2019-06-17,-0.334364343747,-0.315866695825,0.197465681098,2019-08-12,0.540000000000,-0.070000000000,0.029166707031,0.026211849192
2019-05-17,-0.050790115491,-0.077760815916,0.006692497358,2019-05-27,-0.389916811702,-0.310726196946,0.053539978866,2019-06-18,-0.353574400189,-0.340240786538,0.213103205354,2019-08-13,0.560000000000,-0.050000000000,0.032976961301,0.024775583483
2019-05-20,-0.045924268967,-0.098207441396,0.006349206349,2019-05-28,-0.396075821267,-0.322091283720,0.051146384480,2019-06-19,-0.367339403210,-0.351673470508,0.188359788360,2019-08-14,0.580000000000,-0.060000000000,0.035095233165,0.023835319610
2019-05-21,-0.060623614919,-0.102775868840,0.007779349364,2019-05-29,-0.405553772716,-0.328822552612,0.078500707214,2019-06-20,-0.380662594000,-0.350358182314,0.214639321075,2019-08-15,0.600000000000,-0.050000000000,0.039121358649,0.030170846965
2019-05-22,-0.023228826199,-0.106833643185,0.004936530324,2019-05-30,-0.383205221370,-0.340011899782,0.084273624824,2019-06-21,-0.339615455841,-0.358810259162,0.211565585331,2019-08-16,0.600000000000,-0.020000000000,0.033703116510,0.026068066618
2019-05-23,-0.055168462223,-0.081497784950,0.007355516637,2019-05-31,-0.404465839718,-0.344548818159,0.088966725044,2019-06-24,-0.367418589566,-0.359276907949,0.188791593695,2019-08-19,0.600000000000,-0.020000000000,0.034633791521,0.024891774892
2019-05-24,-0.101070254727,-0.015347247185,0.016794961512,2019-06-03,-0.440414779432,-0.322513503583,0.101469559132,2019-06-25,-0.416666934585,-0.345656548379,0.187543736879,2019-08-20,0.580000000000,-0.060000000000,0.032011156080,0.035908596300
2019-05-27,-0.114320210911,0.004726669914,0.032246757799,2019-06-04,-0.415177072690,-0.315200661432,0.097791798107,2019-06-26,-0.434281600232,-0.346365669652,0.191377497371,2019-08-21,0.560000000000,-0.060000000000,0.027923965854,0.037763253450
2019-05-28,-0.061462877958,0.028684669241,0.032631578947,2019-06-05,-0.336664014382,-0.273149376065,0.092280701754,2019-06-27,-0.414269539873,-0.333942753233,0.191228070175,2019-08-22,0.560000000000,-0.010000000000,0.025838515588,0.031441994940
2019-05-29,-0.098097600176,0.041729677839,0.036842105263,2019-06-06,-0.295074577970,-0.233258071748,0.096140350877,2019-06-28,-0.416987200222,-0.334106276773,0.192631578947,2019-08-23,0.530000000000,-0.030000000000,0.025491988338,0.031734583484
2019-05-30,0.039950870673,0.058449990571,0.029207232267,2019-06-10,-0.165269006141,-0.159357431871,0.060500695410,2019-07-01,-0.352220745419,-0.325223673742,0.224269819193,2019-08-26,0.500000000000,-0.040000000000,0.028784899725,0.028169014085
2019-05-31,0.148809687841,0.043754751052,0.016517549897,2019-06-11,-0.105561367629,-0.094786174117,0.050240880936,2019-07-02,-0.333717129342,-0.320532568163,0.208189951824,2019-08-27,0.480000000000,-0.100000000000,0.028200020033,0.036370183651
2019-06-03,0.183424120725,0.061533991603,-0.000339558574,2019-06-12,-0.081708031724,-0.054949326000,0.077079796265,2019-07-03,-0.327932309627,-0.307677731447,0.203056027165,2019-08-28,0.400000000000,-0.160000000000,0.029773116915,0.043322592195
2019-06-04,0.121152719005,0.058170284181,0.007815154604,2019-06-13,-0.080558611313,-0.033236963012,0.067618076792,2019-07-04,-0.339506391144,-0.290397585873,0.199456337071,2019-08-29,0.340000000000,-0.260000000000,0.021882174045,0.056332974525
2019-06-05,0.131839301076,0.079746936389,0.010490693739,2019-06-14,-0.067861082031,0.001884163027,0.059221658206,2019-07-05,-0.338852739605,-0.274493012770,0.185448392555,2019-08-30,0.380000000000,-0.200000000000,0.018547693385,0.056704707561
2019-06-06,0.023640685225,0.074233189261,0.013513513514,2019-06-17,-0.038845762898,0.014014372594,0.044256756757,2019-07-08,-0.333076840635,-0.266711621211,0.183108108108,2019-09-02,0.370000000000,-0.250000000000,0.017659393971,0.055595153243
2019-06-10,-0.002878528957,0.087619302586,0.012525389303,2019-06-18,-0.022573384663,0.030865587019,0.043669600542,2019-07-09,-0.335635043879,-0.254343827463,0.188219363575,2019-09-03,0.390000000000,-0.210000000000,0.013188357682,0.051638176638
2019-06-11,-0.002870266810,0.073566742585,0.012228260870,2019-06-19,-0.002870266810,0.032565314768,0.047554347826,2019-07-10,-0.334992556784,-0.252802667346,0.208220108696,2019-09-04,0.420000000000,-0.170000000000,0.014481319799,0.039278131635
2019-06-12,0.026285072318,0.032110930700,0.028320971005,2019-06-20,0.014434194028,0.008010722779,0.058327714093,2019-07-11,-0.328620767177,-0.273638268877,0.194200944032,2019-09-05,0.430000000000,-0.120000000000,0.001986371725,0.039888033590
2019-06-13,0.023296469905,-0.016583645858,0.029805760214,2019-06-21,0.020325222924,-0.012023078815,0.042531815137,2019-07-12,-0.324750400173,-0.297331976894,0.160080375084,2019-09-06,0.420000000000,-0.140000000000,0.003526963892,0.046765119550
2019-06-14,0.017321032834,-0.025618829570,0.036333333333,2019-06-24,0.023228826199,0.017602113380,0.039333333333,2019-07-15,-0.322828800172,-0.289099936351,0.145333333333,2019-09-09,0.420000000000,-0.120000000000,0.003450919968,0.057382785164
2019-06-17,0.054849937307,-0.027625515787,0.052490805751,2019-06-25,0.086206981973,0.086906098515,0.043463724507,2019-07-16,-0.297848000159,-0.269264467930,0.130725509863,2019-09-10,0.460000000000,-0.100000000000,0.000166700344,0.045199719692
2019-06-18,0.083477339740,-0.015521447999,0.051006711409,2019-06-26,0.132370770528,0.127241954073,0.043288590604,2019-07-17,-0.278097607785,-0.247503008910,0.139932885906,2019-09-11,0.480000000000,-0.100000000000,-0.002558172335,0.059611992945
2019-06-19,0.099601688106,0.014372344498,0.020655737705,2019-06-27,0.187461777773,0.139624052266,0.031803278689,2019-07-18,-0.258918462421,-0.239473558772,0.113114754098,2019-09-12,0.420000000000,-0.180000000000,-0.005257920567,0.054693013409
2019-06-20,0.099601688106,0.057022295718,0.015934959350,2019-06-28,0.148632727539,0.169226343311,0.035772357724,2019-07-19,-0.247370631977,-0.225177695404,0.110243902439,2019-09-16,0.360000000000,-0.240000000000,-0.005653970651,0.077628793225
2019-06-21,0.113507485346,0.030443843563,-0.018977163075,2019-07-01,0.205900641160,0.141621452565,0.011579285944,2019-07-22,-0.287064127340,-0.239883549297,0.095207462206,2019-09-17,0.270000000000,-0.330000000000,-0.010621920627,0.083773319254
2019-06-24,0.060208046167,0.003232317184,-0.030495552732,2019-07-02,0.281084965923,0.107415097004,-0.005717916137,2019-07-23,-0.351523463633,-0.244938116314,0.082274459975,2019-09-18,0.340000000000,-0.240000000000,-0.009125300730,0.085784313725
2019-06-25,0.021254003944,-0.024152417858,0.012771392082,2019-07-03,0.305706867875,0.094841381553,0.002554278416,2019-07-24,-0.357620520065,-0.255243892323,0.081417624521,2019-09-19,0.310000000000,-0.250000000000,-0.005794205939,0.107767669699
2019-06-26,-0.005175987902,-0.033171443355,0.009315772567,2019-07-04,0.258677427066,0.071097013999,0.008994539030,2019-07-25,-0.356545227399,-0.265539304376,0.094442659814,2019-09-20,0.330000000000,-0.230000000000,-0.003458043896,0.088997897687
2019-06-27,0.297619304364,-0.024177090776,0.001920614597,2019-07-05,0.652604540326,0.095253285131,0.001920614597,2019-07-26,-0.159289156768,-0.244969035914,0.100192061460,2019-09-23,0.350000000000,-0.180000000000,-0.005078562054,0.083537224747
2019-06-28,0.476554941008,0.004028781616,0.013442622951,2019-07-08,0.712175642411,0.082923904101,0.031803278689,2019-07-29,-0.149691884205,-0.236528954820,0.135409836066,2019-09-24,0.330000000000,-0.170000000000,-0.008896671393,0.092026694766
2019-07-01,0.474961689005,0.013735481088,0.010157273919,2019-07-09,0.644790486270,0.075564901614,0.029816513761,2019-07-30,-0.215541010224,-0.235936594149,0.140235910878,2019-09-25,0.310000000000,-0.170000000000,-0.008679638498,0.054204308548
2019-07-02,0.374610106322,0.026640834797,-0.027742749054,2019-07-10,0.516648025878,0.058853394068,-0.004413619168,2019-07-31,-0.209455520375,-0.220332859252,0.085750315259,2019-09-26,0.340000000000,-0.060000000000,-0.009918515668,0.052161976664
2019-07-03,0.374610106322,0.011723863027,-0.000954805856,2019-07-11,0.543224827906,0.024083198025,-0.005410566518,2019-08-01,-0.164452964607,-0.228905239013,0.090388287715,2019-09-27,0.330000000000,-0.010000000000,-0.004909871319,0.070652173913
2019-07-04,0.047866007091,-0.008427246569,-0.005431309904,2019-07-12,0.529994690346,0.005812824321,0.018210862620,2019-08-02,-0.126371869179,-0.244505810609,0.086261980831,2019-09-30,0.310000000000,-0.070000000000,-0.005267344272,0.052649341883
2019-07-05,-0.170866511832,-0.016384847293,0.008735037205,2019-07-15,0.386836399958,-0.008427246569,0.047880944678,2019-08-05,-0.189061551351,-0.254084625902,0.100614687803,2019-10-08,0.310000000000,-0.060000000000,-0.007729183387,0.055030384875
2019-07-08,-0.166258409905,-0.012545716591,0.012325656828,2019-07-16,0.375289044735,-0.023489959531,0.080765488161,2019-08-06,-0.182005598675,-0.253725093981,0.114174505352,2019-10-09,0.350000000000,-0.040000000000,-0.004584530529,0.052827632916
2019-07-09,-0.111657905411,-0.001506746205,0.008106355383,2019-07-17,0.351180532701,-0.015191204425,0.084954604410,2019-08-07,-0.177068827179,-0.245154620804,0.115434500649,2019-10-10,0.350000000000,-0.070000000000,-0.007855208963,0.049029622063
2019-07-10,-0.123012946640,0.025902603484,0.002548582351,2019-07-18,0.318725401940,0.017923159021,0.077731761708,2019-08-08,-0.177493892731,-0.238163453527,0.080280344059,2019-10-11,0.360000000000,-0.070000000000,-0.004363375942,0.036002691790
2019-07-11,-0.118005404140,0.026176515382,0.023128814648,2019-07-19,0.318725401940,0.049546811828,0.093478959203,2019-08-09,-0.171612544162,-0.240146927630,0.081593318342,2019-10-14,0.330000000000,-0.090000000000,-0.008013504024,0.052065838092
2019-07-12,-0.043713602355,0.045213981115,0.008659397049,2019-07-22,0.303632523300,0.063655309268,0.091084028223,2019-08-12,-0.168356365168,-0.217680711886,0.078576010263,2019-10-15,0.360000000000,-0.060000000000,-0.007536185452,0.029450694904
2019-07-15,-0.027288012376,0.040148151762,0.002883691125,2019-07-23,0.268199478379,0.044571952741,0.103492470362,2019-08-13,-0.159593857813,-0.217431867100,0.075296379366,2019-10-16,0.350000000000,-0.110000000000,-0.007368225861,0.046932618170
2019-07-16,-0.014912665042,0.024479656400,0.009971051785,2019-07-24,0.228480542402,0.024823318354,0.083628176262,2019-08-14,-0.159883817759,-0.216863689636,0.082663235767,2019-10-17,0.320000000000,-0.160000000000,-0.008188389225,0.038615179760
2019-07-17,0.006473893306,0.020597541318,-0.001906577693,2019-07-25,0.207039516080,0.024170147168,0.091515729266,2019-08-15,-0.147972322477,-0.216622534660,0.069907848745,2019-10-18,0.330000000000,-0.090000000000,-0.003077114756,0.038139846102
2019-07-18,0.023737608788,0.015073372540,-0.017268445840,2019-07-26,0.227743467688,0.007894560253,0.078806907378,2019-08-16,-0.130179764197,-0.222232488435,0.055572998430,2019-10-21,0.310000000000,-0.050000000000,-0.002554076515,0.026522593320
2019-07-19,0.032651307975,0.000650497891,0.000635930048,2019-07-29,0.208970615843,0.032901716530,0.079173290938,2019-08-19,-0.131771676288,-0.227103267674,0.064864864865,2019-10-22,0.250000000000,-0.020000000000,0.001964116789,0.031828515752
2019-07-22,0.028053537659,0.007328827896,0.004153354633,2019-07-30,0.229736903921,0.048837266090,0.084345047923,2019-08-20,-0.118430865057,-0.213100638462,0.074440894569,2019-10-23,0.250000000000,-0.090000000000,0.002990376161,0.016768784263
2019-07-23,0.045415257652,0.015384272952,0.005732484076,2019-07-31,0.257544448096,0.066344272461,0.082484076433,2019-08-21,-0.039729863415,-0.200511949791,0.072292993631,2019-10-24,0.260000000000,-0.050000000000,0.000979326540,-0.011370814908
2019-07-24,0.049313928898,0.010253679281,-0.005093919134,2019-08-01,0.273153202526,0.070170768410,0.080865966253,2019-08-22,0.062988751078,-0.166842591867,0.078637376632,2019-10-25,0.270000000000,-0.060000000000,0.000007262544,0.011261261261
2019-07-25,0.040050618360,0.019255447333,0.018210862620,2019-08-02,-0.015955335697,0.052754563523,0.085942492013,2019-08-23,0.146375578048,-0.115921335414,0.084345047923,2019-10-28,0.260000000000,-0.090000000000,-0.001608809539,0.015161290323
2019-07-26,0.061129891182,0.019664769314,0.029234191293,2019-08-05,-0.131170251507,0.048987349560,0.118843342866,2019-08-26,0.241736755251,-0.045052339860,0.068954559898,2019-10-29,0.280000000000,-0.050000000000,0.000279425141,0.008041170794
2019-07-29,0.060873258378,0.016814504968,0.060133630290,2019-08-06,-0.115505842671,0.052022904798,0.117085587019,2019-08-27,0.301236097868,0.024266563477,0.068087814190,2019-10-30,0.300000000000,-0.010000000000,0.001449323891,0.034607778510
2019-07-30,0.014480771260,0.017407742190,0.059531348955,2019-08-07,-0.071915261112,0.056754107055,0.121912602913,2019-08-28,0.292567468430,0.057462252493,0.065547815073,2019-10-31,0.290000000000,-0.050000000000,0.003459887723,0.028049575995
2019-07-31,-0.030649796111,0.018527063045,0.082560000000,2019-08-08,-0.102195371054,0.077366986723,0.129600000000,2019-08-29,0.273899278463,0.066642641573,0.086720000000,2019-11-01,0.280000000000,-0.050000000000,0.000277302500,0.003807106599
2019-08-01,-0.062829389832,0.011206928572,0.068089112018,2019-08-09,-0.119908717110,0.073600202341,0.099152808284,2019-08-30,0.255157668438,0.081875447917,0.064010040791,2019-11-04,0.260000000000,-0.050000000000,0.003676379804,-0.002244309073
2019-08-02,-0.081446220001,0.005100303851,0.050324174128,2019-08-12,-0.037468802018,0.071900428615,0.081197900587,2019-09-02,0.283019129688,0.077762677196,0.041679530719,2019-11-05,0.200000000000,-0.110000000000,0.011704086138,0.018880000000
2019-08-05,-0.092995708347,0.004452121881,0.033613445378,2019-08-13,-0.037783401752,0.070132214470,0.053421368547,2019-09-03,0.293454000615,0.077249231600,-0.003601440576,2019-11-06,0.200000000000,-0.150000000000,0.011633749693,0.057896429720
2019-08-06,-0.065252899166,0.022021071789,0.006873879259,2019-08-14,-0.023434187924,0.081654744292,0.063060370592,2019-09-04,0.315729349148,0.099912431698,-0.005080693365,2019-11-07,0.150000000000,-0.200000000000,0.030408222660,0.069782538137
2019-08-07,-0.018971345539,0.029262261995,0.015370972510,2019-08-15,0.004315928871,0.080895182434,0.046999704404,2019-09-05,0.343533817873,0.109082182516,-0.038427431274,2019-11-08,0.110000000000,-0.250000000000,0.022955909629,0.092237739526
2019-08-08,0.023788944485,0.053197081253,0.009400705053,2019-08-16,0.021579644353,0.101869495734,0.017626321974,2019-09-06,0.374564822459,0.142559363093,-0.042303172738,2019-11-11,0.090000000000,-0.240000000000,0.030765548464,0.081098339719
2019-08-09,0.038927363702,0.073261978492,-0.002351557907,2019-08-19,0.045711831165,0.100664548646,0.009994121105,2019-09-09,0.394890045383,0.191334972442,-0.044679600235,2019-11-12,0.070000000000,-0.290000000000,0.028957331051,0.093860495018
2019-08-12,0.056719063932,0.103844527014,-0.014518002323,2019-08-20,0.045317253141,0.135664747491,-0.018002322880,2019-09-10,0.439952873517,0.289378817397,-0.053716608595,2019-11-13,0.080000000000,-0.270000000000,0.031881774087,0.082933077169
2019-08-13,0.080715590980,0.092851863610,0.008904719501,2019-08-21,0.071366833454,0.153842729524,0.008311071535,2019-09-11,0.490373536275,0.332946628712,-0.030572870288,2019-11-14,0.040000000000,-0.280000000000,0.033362211122,0.110576923077
2019-08-14,0.094542396893,0.112952918150,-0.011644832606,2019-08-22,0.092195606200,0.178706981746,-0.011644832606,2019-09-12,0.565458477216,0.375750170588,-0.046870451237,2019-11-15,0.050000000000,-0.280000000000,0.018796511721,0.087979374799
2019-08-15,0.103506621255,0.116052949008,-0.010768335274,2019-08-23,0.101180509542,0.211483557153,-0.006402793946,2019-09-16,0.552913746446,0.427681122186,-0.048020954598,2019-11-18,0.020000000000,-0.290000000000,0.025704314951,0.088995215311
2019-08-16,0.099916805382,0.134749065326,0.037418974661,2019-08-26,0.113828073235,0.248166138372,0.003241013553,2019-09-17,0.623848211277,0.471815989464,-0.030053034767,2019-11-19,-0.020000000000,-0.270000000000,0.025570022978,0.076172489770
2019-08-19,0.097027316974,0.114582592395,0.034472598704,2019-08-27,0.115449283130,0.256582878695,0.003830288745,2019-09-18,0.757275967015,0.459518780365,-0.028579846788,2019-11-20,0.010000000000,-0.240000000000,0.023326569062,0.078972407231
2019-08-20,0.080742888402,0.110352481144,0.042365401589,2019-08-28,0.107571443643,0.261760864043,-0.003530450132,2019-09-19,0.818615057309,0.473077843698,-0.028243601059,2019-11-21,0.040000000000,-0.220000000000,0.027270838811,0.082428115016
2019-08-21,0.049077378012,0.086576667436,0.039764359352,2019-08-29,0.091949388332,0.267756337222,0.003534609720,2019-09-20,0.749837098709,0.453174213907,-0.034462444772,2019-11-22,0.020000000000,-0.250000000000,0.027085460638,0.078905504295
2019-08-22,0.017228188635,0.063711117361,0.030597234481,2019-08-30,0.077016671407,0.264323415308,0.011179758753,2019-09-23,0.751484016133,0.457806486675,-0.038246543101,2019-11-25,0.050000000000,-0.210000000000,0.027747963933,0.080711789005
2019-08-23,0.007570027486,0.026041205520,-0.005396194263,2019-09-02,0.057608301952,0.255971499502,-0.016472593013,2019-09-24,0.573286616713,0.426750309969,-0.075830729906,2019-11-26,0.070000000000,-0.210000000000,0.031458555514,0.084237396299
2019-08-26,0.003763645567,0.010550510181,-0.000284819140,2019-09-03,0.055401698590,0.248841812293,-0.008829393335,2019-09-25,0.535406385921,0.413088128826,-0.068641412703,2019-11-27,-0.020000000000,-0.320000000000,0.037284796854,0.121376234470
2019-08-27,0.005603290750,0.000255488663,0.003951453570,2019-09-04,0.097879348749,0.240489114937,-0.027942421677,2019-09-26,0.545350693983,0.388042408479,-0.078746824725,2019-11-28,0.000000000000,-0.290000000000,0.039839042087,0.117385786802
2019-08-28,-0.001871258652,0.001524945051,0.003399433428,2019-09-05,0.124367709646,0.246593872704,-0.029461756374,2019-09-27,0.557827645860,0.375383760525,-0.075354107649,2019-11-29,-0.060000000000,-0.340000000000,0.040155623725,0.113780025284
2019-08-29,0.000000000000,-0.002785820075,-0.011133314302,2019-09-06,0.149221560858,0.246828124030,-0.029403368541,2019-09-30,0.547467042775,0.346375943387,-0.066228946617,2019-12-02,-0.080000000000,-0.340000000000,0.037532924253,0.145565552699
2019-08-30,0.037565763565,0.006979574972,-0.018846373501,2019-09-09,0.194636818510,0.258319833254,-0.028555111365,2019-10-08,0.594688793965,0.337426952627,-0.063963449457,2019-12-03,-0.090000000000,-0.290000000000,0.027251942973,0.101758793970
2019-09-02,0.069366372557,0.040742864651,-0.036467236467,2019-09-10,0.244328275399,0.293962327232,-0.021367521368,2019-10-09,0.646651892467,0.352183970716,-0.052421652422,2019-12-04,-0.050000000000,-0.250000000000,0.026587166773,0.062937062937
2019-09-03,0.096582526364,0.071007706635,-0.044981726174,2019-09-11,0.287958324577,0.299947172095,-0.032892887265,2019-10-10,0.699482536445,0.384733764235,-0.067472589261,2019-12-05,-0.050000000000,-0.200000000000,0.013310099180,0.065230582524
2019-09-04,0.123734610508,0.072197713629,-0.041501976285,2019-09-12,0.287924572357,0.298595265260,-0.042631281762,2019-10-11,0.705749104296,0.428803125258,-0.064088085827,2019-12-06,-0.030000000000,-0.140000000000,0.017521500502,0.047873922093
2019-09-05,0.127963949294,0.075554250746,-0.014434180139,2019-09-16,0.266159883228,0.273295675254,-0.028002309469,2019-10-14,0.705749104296,0.472520121221,-0.055427251732,2019-12-09,-0.040000000000,-0.130000000000,0.008871818109,0.045186060248
2019-09-06,0.085083324332,0.063893044807,-0.009022118743,2019-09-17,0.247710413343,0.247335455434,-0.021245634459,2019-10-15,0.700908722010,0.460290157505,-0.045983701979,2019-12-10,0.010000000000,-0.060000000000,0.008060168269,0.007640317367
2019-09-09,0.052594701142,0.027158833668,0.007392075695,2019-09-18,0.239471675937,0.204068872312,-0.007687758723,2019-10-16,0.643131402236,0.428367087798,-0.029272619752,2019-12-11,0.010000000000,-0.070000000000,0.001144688645,0.017740981668
2019-09-10,0.016937678940,0.015621020217,-0.002943773918,2019-09-19,0.211950082055,0.208081092336,-0.009125699146,2019-10-17,0.595112110443,0.428537691861,-0.027671474831,2019-12-12,0.060000000000,0.020000000000,0.002049099551,-0.021933621934
2019-09-11,0.001668335929,-0.004733651624,0.003534609720,2019-09-20,0.178641655962,0.161278385272,-0.008247422680,2019-10-18,0.553830705513,0.401891205667,-0.039764359352,2019-12-13,0.120000000000,0.070000000000,0.014085662222,0.008293838863
2019-09-12,-0.008341679647,-0.021133072716,0.006736965436,2019-09-23,0.137825509077,0.116781265860,-0.015231400117,2019-10-21,0.538302741807,0.363643181666,-0.038664323374,2019-12-16,0.150000000000,0.130000000000,0.007767905557,-0.002929115407
2019-09-16,-0.018351695224,-0.024401407416,0.017033773862,2019-09-24,0.113550412283,0.072394551346,-0.016446402349,2019-10-22,0.499490740308,0.382566387606,-0.033186490455,2019-12-17,0.160000000000,0.180000000000,0.002661764424,-0.003509798187
2019-09-17,-0.024983358307,0.008337168431,0.021426474905,2019-09-25,0.101618430321,0.089293342268,-0.012914587614,2019-10-23,0.511100078386,0.435635196475,-0.033460522454,2019-12-18,0.170000000000,0.160000000000,0.002486942487,-0.002351557907
2019-09-18,-0.024983358307,0.007279442291,0.016829052259,2019-09-26,0.093388179173,0.095935992936,-0.005904930617,2019-10-24,0.522893273407,0.474550612086,-0.028343666962,2019-12-19,0.150000000000,0.110000000000,0.002023575861,0.005608028335
2019-09-19,-0.013324457764,0.019262470904,0.005576753742,2019-09-27,0.108533001829,0.089336364246,-0.005576753742,2019-10-25,0.541103486909,0.477919828087,-0.032579982389,2019-12-20,0.210000000000,0.190000000000,0.001704811018,0.002948982601
2019-09-20,0.001682369719,0.032444287490,-0.010765202211,2019-09-30,0.120436658159,0.083954486791,-0.012510910678,2019-10-28,0.187475194439,0.442767534740,-0.039569391912,2019-12-23,0.180000000000,0.130000000000,0.005088586835,0.003234342840
2019-09-23,0.011896675672,0.036060599291,-0.017614784869,2019-10-08,0.118332155229,0.082866590120,-0.028587929541,2019-10-29,0.027614789791,0.426674798901,-0.041871209934,2019-12-24,0.130000000000,0.060000000000,0.004465123233,0.012654502649
2019-09-24,0.029039989204,0.012402352147,-0.012931034483,2019-10-09,0.129358910985,0.091289481109,-0.035344827586,2019-10-30,0.054252744285,0.433747241615,-0.037931034483,2019-12-25,0.110000000000,0.130000000000,-0.003522703463,-0.017045454545
2019-09-25,0.037581162499,-0.005245283441,-0.001161440186,2019-10-10,0.128157583059,0.089909038617,-0.022938443670,2019-10-31,0.149508042839,0.428753003447,-0.026422764228,2019-12-26,0.060000000000,0.060000000000,-0.008541838895,-0.011925042589
2019-09-26,0.023632693919,-0.007232736391,-0.010215995330,2019-10-11,0.136857978289,0.079810829302,-0.008756567426,2019-11-01,0.147615535967,0.450228147405,-0.018096906013,2019-12-27,0.130000000000,0.190000000000,-0.005435817790,-0.025539160045
2019-09-27,0.015115896941,-0.012733442553,-0.009705882353,2019-10-14,0.137373063212,0.073141593999,-0.002647058824,2019-11-04,0.150361724630,0.436501892868,-0.008235294118,2019-12-30,0.130000000000,0.210000000000,-0.006277596561,-0.045161290323
2019-09-30,0.006718176418,-0.014531586043,-0.011463844797,2019-10-15,0.085083324332,0.059734325915,-0.008230452675,2019-11-05,0.247710413343,0.429362843218,-0.007936507937,2019-12-31,0.160000000000,0.250000000000,-0.000916843678,-0.031927023945
2019-10-08,-0.006640109916,-0.018200621248,-0.022998544396,2019-10-16,0.049088387733,0.029483238351,-0.033478893741,2019-11-06,0.256087500761,0.425536528381,-0.018631732169,2020-01-02,0.150000000000,0.200000000000,-0.002832473538,-0.030320366133
2019-10-09,-0.027988161556,-0.013592471458,-0.021511627907,2019-10-17,0.000000000000,0.003815821732,-0.032267441860,2019-11-07,0.257776067161,0.411459430167,-0.013953488372,2020-01-03,0.060000000000,0.110000000000,-0.009207963599,-0.020222158929
2019-10-10,-0.034630625896,-0.009048034015,-0.007077558242,2019-10-18,-0.023356703012,-0.002011801940,-0.040695959894,2019-11-08,0.263271661108,0.400821509680,0.030964317311,2020-01-06,0.100000000000,0.130000000000,-0.005522814350,-0.028944381385
2019-10-11,-0.031436152347,0.000946618301,-0.001485001485,2019-10-21,-0.023356703012,-0.001298680446,-0.031779031779,2019-11-11,0.263271661108,0.401183607591,0.031185031185,2020-01-07,0.150000000000,0.190000000000,-0.005946484438,-0.037863803334
2019-10-14,-0.025025038942,0.006302668907,-0.004162949747,2019-10-22,-0.025025038942,0.002369068681,-0.033600951531,2019-11-12,0.272094233126,0.376150405520,0.054713053821,2020-01-08,0.200000000000,0.190000000000,-0.006326762641,-0.021289005541
2019-10-15,-0.036764726362,0.004872173189,0.002085816448,2019-10-23,-0.039973373292,0.007146144369,-0.028903456496,2019-11-13,0.243849981190,0.377190342364,0.025029797378,2020-01-09,0.200000000000,0.190000000000,-0.005151189995,-0.022951772225
2019-10-16,-0.032181589985,0.003801316586,0.000297088532,2019-10-24,-0.048301159394,-0.007866494089,-0.029708853238,2019-11-14,0.235726813529,0.382970199027,0.013963161022,2020-01-10,0.210000000000,0.150000000000,-0.004637750389,-0.011507819416
2019-10-17,-0.052955274431,-0.001778697747,0.006237006237,2019-10-25,-0.076615632143,0.000951233131,-0.027621027621,2019-11-15,0.188679380131,0.370108994983,0.016632016632,2020-01-13,0.180000000000,0.060000000000,-0.001080959431,-0.008813160987
2019-10-18,-0.064912917044,-0.008866153706,0.009518143962,2019-10-28,-0.079071376778,0.011216798277,-0.027067221892,2019-11-18,0.153878691595,0.368138043934,0.001784651993,2020-01-14,0.170000000000,0.020000000000,-0.003881797542,-0.009694477086
2019-10-21,-0.065023993283,-0.017962367894,0.004478948940,2019-10-29,-0.071380054034,0.008984795783,-0.017020005972,2019-11-19,0.151770764313,0.350552953811,0.014631233204,2020-01-15,0.160000000000,0.000000000000,0.000389044507,-0.011153507485
2019-10-22,-0.065926478098,-0.017975112983,-0.001784121320,2019-10-30,-0.080287028976,-0.019135057599,-0.019625334523,2019-11-20,0.130142828256,0.342595538724,0.014867677669,2020-01-16,0.190000000000,0.020000000000,0.001081090266,-0.011196228639
2019-10-23,-0.057752921335,-0.015502709069,-0.000594000594,2019-10-31,-0.080287028976,-0.030306082104,-0.019008019008,2019-11-21,0.113777488469,0.340901617888,0.010395010395,2020-01-17,0.170000000000,0.020000000000,-0.001371728561,-0.010566480775
2019-10-24,-0.030663799100,-0.012235487761,0.002361275089,2019-11-01,-0.092842726110,-0.029980858913,-0.032467532468,2019-11-22,0.098079347554,0.339609120857,0.005608028335,2020-01-20,0.160000000000,-0.050000000000,-0.003085461132,-0.010879153190
2019-10-25,-0.007307275184,-0.009303284202,-0.000883912787,2019-11-04,-0.087336293437,-0.029672425765,-0.036829699470,2019-11-25,0.101337725536,0.329803897962,0.009133765468,2020-01-21,0.150000000000,-0.030000000000,-0.004163173304,-0.004103165299
2019-10-28,-0.001830162171,0.005054068911,0.002972651605,2019-11-05,-0.083977205227,-0.021211428014,-0.032699167658,2019-11-26,0.083432713172,0.331200981298,0.013376932224,2020-01-22,0.150000000000,0.020000000000,-0.009850380106,-0.013368206917
2019-10-29,-0.005572068829,0.001685906878,-0.011021745606,2019-11-06,-0.111221841092,-0.029517674203,-0.025915996425,2019-11-27,0.059358962775,0.322619832041,0.021149836163,2020-01-23,0.210000000000,0.100000000000,-0.006487332648,-0.028901734104
2019-10-30,-0.007429425105,-0.000961638324,-0.010698365527,2019-11-07,-0.120184458448,-0.026130354614,-0.030014858841,2019-11-28,0.089722736353,0.316691528826,0.043090638930,2020-02-03,0.230000000000,0.170000000000,-0.005653788320,-0.035632183908
2019-10-31,-0.016747312211,0.000841838305,-0.042108362780,2019-11-08,-0.128628039044,-0.022091303829,-0.038869257951,2019-11-29,0.113828073235,0.316348778324,0.033274440518,2020-02-04,0.210000000000,0.080000000000,-0.011368802088,-0.020675596971
2019-11-01,-0.055207983811,0.002648644328,-0.038631672073,2019-11-11,-0.150562624400,-0.014554256375,-0.035387791212,2019-12-02,0.110294197156,0.318549188935,0.020053081687,2020-02-05,0.150000000000,0.020000000000,-0.011266623059,-0.004994124559
2019-11-04,-0.055005534168,-0.003232705981,-0.036751630113,2019-11-12,-0.140140218074,-0.009989135626,-0.028452874926,2019-12-03,0.114619459789,0.320164360553,0.021932424422,2020-02-06,0.140000000000,-0.020000000000,-0.013187344353,-0.003828032980
2019-11-05,-0.037355271669,-0.005049208140,-0.018373493976,2019-11-13,-0.138703285820,-0.016517855445,0.001807228916,2019-12-04,0.124345640158,0.310108884786,0.048192771084,2020-02-07,0.150000000000,0.000000000000,-0.015266828169,-0.008259587021
2019-11-06,-0.046781466306,-0.005655063279,-0.018924601983,2019-11-14,-0.137195199410,-0.018293836070,-0.003604686092,2019-12-05,0.111256625405,0.281035774164,0.048663262241,2020-02-10,0.180000000000,0.120000000000,-0.017360051466,-0.036918604651
2019-11-07,-0.047312671784,-0.009252432308,0.006455579465,2019-11-15,-0.140075242043,-0.022293011757,0.019059329849,2019-12-06,0.081650251862,0.267091390129,0.069474331386,2020-02-11,0.150000000000,0.050000000000,-0.017513652551,-0.026592635885
2019-11-08,-0.038956005036,-0.013088162825,0.003374233129,2019-11-18,-0.157157588633,-0.028371691861,0.003680981595,2019-12-09,0.042247600512,0.235563434061,0.063190184049,2020-02-12,0.230000000000,0.080000000000,-0.012705184543,-0.039941262849
2019-11-11,-0.042685320583,-0.012972761046,0.012923076923,2019-11-19,-0.155715352336,-0.028952500882,0.008615384615,2019-12-10,0.027060801458,0.214091442607,0.068923076923,2020-02-13,0.230000000000,0.030000000000,-0.016098198943,-0.026817640048
2019-11-12,-0.056267013496,-0.006283125362,0.011660018411,2019-11-20,-0.156141658652,-0.027435698764,0.007364222154,2019-12-11,0.004128821999,0.179402782335,0.072414851181,2020-02-14,0.230000000000,0.030000000000,-0.008782774502,-0.038655961939
2019-11-13,-0.058892853614,-0.012947511996,0.011328842621,2019-11-21,-0.161008144329,-0.034673998146,0.011328842621,2019-12-12,-0.032297155361,0.157018247591,0.074402939375,2020-02-17,0.220000000000,0.010000000000,-0.008559332022,-0.024776119403
2019-11-14,-0.067540767806,-0.020618216607,0.001221747098,2019-11-22,-0.153318995502,-0.040745362156,-0.004276114844,2019-12-13,-0.078523804819,0.115021314154,0.073304825901,2020-02-18,0.220000000000,0.040000000000,-0.010132023983,-0.029045643154
2019-11-15,-0.042561844725,-0.024820127079,-0.000611433812,2019-11-25,-0.137011409701,-0.044011690650,0.003362885968,2019-12-16,-0.095712159081,0.079605222749,0.089269336594,2020-02-19,0.200000000000,0.030000000000,-0.008802149346,-0.030554731534
2019-11-18,-0.034454826682,-0.030180831862,-0.011543134872,2019-11-26,-0.128111351947,-0.041034226155,0.000000000000,2019-12-17,-0.098410357312,0.037629541977,0.083839611179,2020-02-20,0.210000000000,0.050000000000,-0.009269799967,-0.029682398338
2019-11-19,-0.018503302154,-0.034654096187,-0.008189262966,2019-11-27,-0.113298732850,-0.043954000753,-0.001213224143,2019-12-18,-0.101618430321,0.021487014638,0.095238095238,2020-02-21,0.180000000000,-0.010000000000,-0.006288587614,-0.019666269368
2019-11-20,-0.004171884419,-0.031873932223,-0.011807447775,2019-11-28,-0.113298732850,-0.050726421590,-0.003633060854,2019-12-19,-0.108330287841,0.008814358872,0.128670905238,2020-02-24,0.160000000000,-0.010000000000,-0.006882902336,-0.020765351528
2019-11-21,-0.002130380720,-0.033559806299,-0.004270896888,2019-11-29,-0.128396060288,-0.061454196299,0.005491153142,2019-12-20,-0.123503071047,-0.008260119027,0.122330689445,2020-02-25,0.130000000000,-0.030000000000,-0.003100675294,-0.020808561237
2019-11-22,-0.002116851621,-0.027448068255,0.000611807892,2019-12-02,-0.132499161145,-0.061520784153,0.009788926277,2019-12-23,-0.112909367024,-0.012916074891,0.121749770572,2020-02-26,0.140000000000,-0.010000000000,-0.005766850436,-0.032666274279
2019-11-25,-0.016792623001,-0.022963593544,0.007375537800,2019-12-03,-0.141180871031,-0.067767095747,0.019668100799,2019-12-24,-0.120210443407,-0.011928728134,0.126306084819,2020-02-27,0.150000000000,0.000000000000,-0.001106241756,-0.038586156112
2019-11-26,-0.039798938555,-0.014233286846,0.017125382263,2019-12-04,-0.143817795927,-0.059147866782,0.023853211009,2019-12-25,-0.140607511941,-0.003565000657,0.116819571865,2020-02-28,0.140000000000,-0.070000000000,-0.004679436316,-0.028869047619
2019-11-27,-0.043988300509,-0.013675844002,0.016237745098,2019-12-05,-0.145958174874,-0.062807298545,0.027267156863,2019-12-26,-0.152303214650,-0.005236179806,0.087316176471,2020-03-02,0.120000000000,-0.110000000000,-0.007290876462,-0.026221692491
2019-11-28,-0.034158862908,-0.005253624488,0.015625000000,2019-12-06,-0.143830522225,-0.067170255329,0.030637254902,2019-12-27,-0.151856112896,-0.014972460823,0.082107843137,2020-03-03,0.140000000000,-0.070000000000,-0.004256801729,-0.030330062444
2019-11-29,-0.038184159372,-0.003976838890,0.000305716906,2019-12-09,-0.116868015107,-0.067722237005,0.030877407521,2019-12-30,-0.146782177131,-0.014094994677,0.103026597371,2020-03-04,0.140000000000,-0.010000000000,-0.001761104506,-0.036020076764
2019-12-02,-0.010674644659,0.001284334104,0.000000000000,2019-12-10,-0.100892575923,-0.063542505492,0.029591214155,2019-12-31,-0.161115231182,-0.017517028064,0.099145820622,2020-03-05,0.170000000000,0.030000000000,-0.001540449215,-0.033697901271
2019-12-03,0.010907512295,-0.005877740944,-0.012928442574,2019-12-11,-0.100892575923,-0.059931349606,0.013529765484,2020-01-02,-0.187587767408,-0.048200812905,0.105532170776,2020-03-06,0.180000000000,0.030000000000,0.001621097013,-0.025282569899
2019-12-04,0.015337434515,-0.006034045368,-0.004220681339,2019-12-12,-0.090302375541,-0.063164497777,0.022610792885,2020-01-03,-0.215108522532,-0.076793412365,0.120289418149,2020-03-09,0.090000000000,-0.090000000000,0.009519124637,0.007244189556
2019-12-05,0.030946088230,-0.005152556905,-0.016591251885,2019-12-13,-0.073500247318,-0.063310053345,0.054600301659,2020-01-06,-0.221888678617,-0.086034118267,0.100150829563,2020-03-10,0.110000000000,-0.040000000000,0.005626100658,-0.003002101471
2019-12-06,0.037494513670,-0.018160423774,0.003056234719,2019-12-16,-0.046615353746,-0.072513704604,0.061124694377,2020-01-07,-0.215215334899,-0.099998394359,0.106662591687,2020-03-11,0.130000000000,-0.100000000000,0.003815768183,0.008565310493
2019-12-09,0.038843359836,-0.025782002777,0.004270896888,2019-12-17,-0.024321054129,-0.075695473459,0.082062233069,2020-01-08,-0.196863639675,-0.100330058649,0.104942037828,2020-03-12,0.150000000000,-0.080000000000,0.007229040050,0.002755664421
2019-12-10,0.049633182012,-0.030719257350,0.003045994517,2019-12-18,0.000000000000,-0.083048237529,0.047822113920,2020-01-09,-0.189873523137,-0.101832557262,0.057569296375,2020-03-13,0.140000000000,-0.090000000000,0.004198400840,0.014537581194
2019-12-11,0.082002648542,-0.032936646941,-0.003633060854,2019-12-19,0.045890728613,-0.082136671498,0.033303057826,2020-01-10,-0.164890164829,-0.120932670325,0.029367241901,2020-03-16,0.140000000000,-0.080000000000,0.000555949046,0.004591368228
2019-12-12,0.079331103010,-0.034183005453,0.011042944785,2019-12-20,0.072432944492,-0.076283544946,0.050000000000,2020-01-13,-0.161559050388,-0.113077838456,0.016871165644,2020-03-17,0.100000000000,-0.120000000000,-0.000229736756,0.007326007326
2019-12-13,0.078656518322,-0.022694072361,0.005789152956,2019-12-23,0.074089806724,-0.070491629836,0.026203534430,2020-01-14,-0.146366165526,-0.101433627431,0.029859841560,2020-03-18,0.180000000000,-0.020000000000,0.001236661896,-0.002141982864
2019-12-16,0.064395557676,-0.020934450680,0.007897934386,2019-12-24,0.075566803503,-0.066883034748,0.032199270960,2020-01-15,-0.129163907299,-0.097132927382,0.000911300122,2020-03-19,0.120000000000,-0.090000000000,0.000185560536,0.007647598654
2019-12-17,0.047286216616,0.001856484222,0.016702095354,2019-12-25,0.067029791251,-0.048367983619,0.036440935317,2020-01-16,-0.129825834088,-0.107605169584,0.007288187063,2020-03-20,0.160000000000,-0.020000000000,-0.004812475713,0.000607902736
2019-12-18,0.003988833924,-0.005476059203,0.018839258584,2019-12-26,0.054461705391,-0.057109311528,0.033728350046,2020-01-17,-0.140075242043,-0.132064580862,0.010331206320,2020-03-23,0.140000000000,-0.020000000000,-0.003993582378,-0.001817631021
2019-12-19,-0.001986493171,-0.015819526551,0.020631067961,2019-12-27,0.072587583680,-0.059327515564,0.033677184466,2020-01-20,-0.151924460907,-0.143604814483,0.077063106796,2020-03-24,0.160000000000,0.030000000000,-0.005177946635,-0.000607164542
2019-12-20,-0.013795830900,-0.027247824738,0.021508633747,2019-12-30,0.061518923433,-0.070300248771,0.037564374432,2020-01-21,-0.159556689932,-0.153385413503,0.090881551045,2020-03-25,0.150000000000,0.010000000000,-0.004780732595,0.004563431701
2019-12-23,-0.023419218982,-0.032947218824,0.017179023508,2019-12-31,0.068317725817,-0.076417879164,0.027426160338,2020-01-22,-0.159556689932,-0.157269261852,0.075346594334,2020-03-26,0.150000000000,0.000000000000,-0.005951214664,0.015012254902
2019-12-24,-0.027483331687,-0.053341197299,0.006869772999,2020-01-02,0.080715590980,-0.086121682526,0.023894862605,2020-01-23,-0.177622940252,-0.165555650966,0.076762246117,2020-03-27,0.180000000000,0.040000000000,-0.003292641125,0.020839718051
2019-12-25,-0.029797397562,-0.049287308209,0.011631374888,2020-01-03,0.070113986353,-0.091152600237,0.046823739934,2020-02-03,-0.195917130895,-0.170491775617,0.072770653146,2020-03-30,0.150000000000,0.030000000000,-0.001414280959,0.025703794370
2019-12-26,0.017914024624,-0.037187705009,0.039239001189,2020-01-06,0.130415657542,-0.089525676222,0.043103448276,2020-02-04,-0.156662355245,-0.169445000644,0.065101070155,2020-03-31,0.150000000000,0.010000000000,-0.001728812955,0.028212204845
2019-12-27,0.981215681599,-0.022767614683,0.029655990510,2020-01-07,1.186591079688,-0.087839780241,0.025800711744,2020-02-05,0.640304787285,-0.161990056721,0.039442467378,2020-04-01,0.160000000000,0.020000000000,-0.005648889919,0.030015313936
2019-12-30,1.133094279972,-0.018634051699,0.050962962963,2020-01-08,1.303410518926,-0.094790547523,0.021629629630,2020-02-06,0.780781214982,-0.160777516263,0.044740740741,2020-04-02,0.150000000000,-0.020000000000,-0.005826478304,0.028143163047
2019-12-31,1.140493298677,-0.019155116737,0.020468703649,2020-01-09,1.288304767879,-0.098327330011,0.032334618807,2020-02-07,0.772059253598,-0.166366889376,0.062592702462,2020-04-03,0.150000000000,-0.030000000000,-0.008415351361,0.032651815685
2020-01-02,1.169124467052,-0.021471546810,0.006191037736,2020-01-10,1.286146803443,-0.105268106889,0.029186320755,2020-02-10,0.794377142264,-0.177117594679,0.086674528302,2020-04-07,0.150000000000,0.060000000000,-0.014850914471,0.009889121966
2020-01-03,0.263981400066,-0.029003403443,-0.020881006865,2020-01-13,0.385935095723,-0.111353729884,-0.004862700229,2020-02-11,0.104202314202,-0.186170364144,0.042048054920,2020-04-08,0.080000000000,-0.030000000000,-0.013188595785,0.030412526347
2020-01-06,-0.407504676049,-0.038971293406,-0.029953917051,2020-01-14,0.248724666046,-0.107173740571,-0.001728110599,2020-02-12,0.003416469318,-0.195410027691,0.048963133641,2020-04-09,0.030000000000,-0.100000000000,-0.011615405591,0.060661207158
2020-01-07,-0.503091781616,-0.041801660050,-0.042007330138,2020-01-15,0.101786526649,-0.109675455449,-0.020580772484,2020-02-13,-0.092402516771,-0.200894904076,0.037778404285,2020-04-10,0.060000000000,-0.090000000000,-0.007815647524,0.058320610687
2020-01-08,-0.530931890775,-0.020099396505,-0.007848837209,2020-01-16,0.022615147077,-0.088448212577,0.015988372093,2020-02-14,-0.137057678150,-0.187083083810,0.068313953488,2020-04-13,0.090000000000,-0.050000000000,-0.013386671593,0.076524390244
2020-01-09,-0.546535946931,-0.008228508867,-0.003222970993,2020-01-17,-0.041882756204,-0.082408012890,0.028127746850,2020-02-17,-0.159258055803,-0.186979239151,0.083504248462,2020-04-14,0.120000000000,-0.020000000000,-0.012024877880,0.038391224863
2020-01-10,-0.256807063122,0.005391121493,-0.004674262343,2020-01-20,-0.045689342928,-0.074941655441,0.026584867076,2020-02-18,-0.133477713731,-0.180324955548,0.084721004966,2020-04-15,0.110000000000,0.010000000000,-0.014707242426,0.035757575758
2020-01-13,-0.166837003085,0.013957993199,0.016923990499,2020-01-21,-0.035474993743,-0.073689929956,0.057897862233,2020-02-19,-0.105955490169,-0.176881672721,0.099168646081,2020-04-16,0.070000000000,-0.110000000000,-0.016031134495,0.048144740877
2020-01-14,-0.071644087257,0.024696338553,0.003237198352,2020-01-22,-0.039032031637,-0.068180571200,0.050029429076,2020-02-20,-0.098828757216,-0.166182599178,0.085932901707,2020-04-17,0.080000000000,-0.040000000000,-0.017782677570,0.024286581664
2020-01-15,-0.012062734260,0.016147483844,0.004394960445,2020-01-23,-0.035335712168,-0.075445365907,0.058013477879,2020-02-21,-0.087295744983,-0.158836512311,0.064752417228,2020-04-20,0.050000000000,-0.110000000000,-0.014749673898,0.033718104496
2020-01-16,0.014571200785,0.017903575708,0.031746031746,2020-02-03,-0.031783890732,-0.060836922667,0.095825984715,2020-02-24,-0.094725170087,-0.159391552200,0.079952968842,2020-04-21,0.040000000000,-0.100000000000,-0.015274749766,0.033687405159
2020-01-17,0.002081600112,0.012173673099,0.029938362195,2020-02-04,-0.041799390790,-0.048630075781,0.079835632521,2020-02-25,-0.104205498205,-0.160069540655,0.081890226005,2020-04-22,0.070000000000,-0.090000000000,-0.018063635403,0.034021871203
2020-01-20,-0.008173278963,0.024343818177,0.009927007299,2020-02-05,-0.029976039153,-0.024561426748,0.070656934307,2020-02-26,-0.106735435367,-0.148926046961,0.090510948905,2020-04-23,0.090000000000,-0.060000000000,-0.018696128965,0.031193216233
2020-01-21,-0.020308705868,0.022224993130,0.011440305075,2020-02-06,-0.035971246983,-0.015018489429,0.075095335876,2020-02-27,-0.115511621753,-0.151937181100,0.097389263714,2020-04-24,0.090000000000,-0.060000000000,-0.019126762112,0.037428312708
2020-01-22,-0.014245023908,0.025482682084,0.015169194866,2020-02-07,-0.022204294311,0.001538002074,0.065344224037,2020-02-28,-0.095255942757,-0.138853223847,0.097724620770,2020-04-27,0.040000000000,-0.140000000000,-0.014061001644,0.022815971180
2020-01-23,-0.010258521583,0.018446659696,-0.005413105413,2020-02-10,-0.012285020670,0.006074187584,0.011111111111,2020-03-02,-0.097305449916,-0.143061068908,0.058974358974,2020-04-28,0.050000000000,-0.100000000000,-0.013376887873,0.023269689737
2020-02-03,0.002077276054,0.015749979668,-0.008549444286,2020-02-11,-0.056707115570,0.003678480437,0.006554573953,2020-03-03,-0.087055316083,-0.147558271098,0.062695924765,2020-04-29,0.040000000000,-0.110000000000,-0.010699939822,0.049806143752
2020-02-04,0.004120315973,0.000000000000,0.002023706273,2020-02-12,-0.508372170120,-0.001835604400,0.043076033536,2020-03-04,-0.050642806546,-0.151174284378,0.077768141081,2020-04-30,-0.090000000000,-0.250000000000,0.003190188436,0.038358608385
2020-02-05,0.014510789463,-0.017224009252,0.007540603248,2020-02-13,-0.541502885986,-0.013603252084,0.044953596288,2020-03-05,-0.050446287962,-0.163841167279,0.087006960557,2020-05-06,-0.030000000000,-0.180000000000,-0.000381173055,0.032133293663
2020-02-06,0.008257643998,-0.030014786820,0.004310344828,2020-02-14,-0.539419256702,-0.009550777063,0.056609195402,2020-03-06,-0.052386529806,-0.160461355396,0.072413793103,2020-05-07,0.000000000000,-0.150000000000,-0.001209839070,0.020094562648
2020-02-07,0.008291879693,-0.021622726665,0.005156115726,2020-02-17,-0.540872361989,0.005918751992,0.064451446577,2020-03-09,-0.045151187771,-0.156822201377,0.081352048124,2020-05-08,-0.020000000000,-0.170000000000,0.001968430453,0.029080118694
2020-02-10,0.026948609003,-0.011699803894,0.010060362173,2020-02-18,-0.233601605611,0.021564485973,0.048289738431,2020-03-10,-0.015891945366,-0.149663995839,0.078183386030,2020-05-11,-0.070000000000,-0.150000000000,0.002781172518,0.017241379310
2020-02-11,0.014361930216,-0.010185120218,0.027986151183,2020-02-19,-0.158324911091,0.028062912642,0.044720138488,2020-03-11,0.002026754511,-0.148677427895,0.079342181189,2020-05-12,-0.100000000000,-0.130000000000,0.003625367225,-0.007148984844
2020-02-12,0.014303238185,0.005602533839,0.027058146229,2020-02-20,-0.064102604388,0.035195979495,0.042602187680,2020-03-12,0.006080263532,-0.148105130547,0.080886586068,2020-05-13,-0.060000000000,-0.120000000000,0.000172896935,-0.000288517023
2020-02-13,0.000000000000,0.013528808302,0.033190271817,2020-02-21,-0.018094101390,0.024439435007,-0.006580829757,2020-03-13,0.004111844923,-0.143723304187,0.079256080114,2020-05-14,-0.040000000000,-0.130000000000,0.004531410917,-0.011611441518
2020-02-14,-0.002055922462,0.015068592232,0.062410943289,2020-02-24,0.010408000561,0.029548177794,-0.031062980906,2020-03-16,0.012515653258,-0.132889778962,0.088059276147,2020-05-15,-0.060000000000,-0.180000000000,0.006588972005,0.025234741784
2020-02-17,-0.028260010941,0.011410419082,0.046955036995,2020-02-25,0.002081600112,0.027680613831,-0.056630620376,2020-03-17,0.025564568644,-0.121855532836,0.109846328970,2020-05-18,-0.070000000000,-0.180000000000,0.009785835125,0.025453481568
2020-02-18,-0.016181240683,-0.000714578079,0.029188885770,2020-02-26,-0.006129959222,0.013186234846,-0.051361212461,2020-03-18,0.029635922690,-0.127633517385,0.085602020769,2020-05-19,-0.070000000000,-0.140000000000,0.011230072965,0.030427150380
2020-02-19,-0.020145057847,-0.006428446533,0.027186098655,2020-02-27,-0.012185223521,0.003752271567,-0.076513452915,2020-03-19,0.020990778751,-0.127240895374,0.095291479821,2020-05-20,-0.100000000000,-0.180000000000,0.018077746515,0.055720213397
2020-02-20,-0.002047503445,-0.018460308066,0.011354195514,2020-02-28,-0.008140013662,-0.010450762877,-0.081417889781,2020-03-20,0.020946809766,-0.129359164524,0.077263915813,2020-05-21,-0.090000000000,-0.140000000000,0.018100312765,0.050249779606
2020-02-21,-0.004120315973,-0.025448400822,-0.048015021459,2020-03-02,-0.008206817266,-0.014299736198,-0.108100858369,2020-03-23,0.012568085860,-0.127134697946,0.031652360515,2020-05-22,-0.110000000000,-0.150000000000,0.022313963855,0.070463887258
2020-02-24,0.027004588703,-0.013679049450,-0.039956509921,2020-03-03,0.027004588703,0.001431816333,-0.035063876053,2020-03-24,0.055508152226,-0.103791117941,0.047839086708,2020-05-25,-0.150000000000,-0.220000000000,0.023026908960,0.094300822562
2020-02-25,0.004111844923,0.010726335987,-0.016089446414,2020-03-04,0.006180473960,-0.000282920006,-0.017998363785,2020-03-25,0.036062817185,-0.093391571359,0.056176711208,2020-05-26,-0.210000000000,-0.300000000000,0.024439696124,0.071365638767
2020-02-26,0.034950681847,0.065419281521,-0.016916780355,2020-03-05,0.043532368389,0.046165992013,-0.026466575716,2020-03-26,0.074722512612,-0.048290962295,0.049113233288,2020-05-27,-0.200000000000,-0.290000000000,0.023150376241,0.067209775967
2020-02-27,0.084119876980,0.098956386275,0.006845564074,2020-03-06,0.090834083976,0.060448384618,-0.012869660460,2020-03-27,0.152705172124,-0.029388704720,0.054216867470,2020-05-28,-0.210000000000,-0.250000000000,0.018006569554,0.076900498973
2020-02-28,0.136532986163,0.122875857955,0.047055508594,2020-03-09,0.138888984860,0.086771721293,0.013524936602,2020-03-30,0.203768772837,-0.006290813256,0.086785009862,2020-05-29,-0.230000000000,-0.280000000000,0.016251962579,0.056268221574
2020-03-02,0.123381960209,0.105802918330,0.032559456399,2020-03-10,0.151326804399,0.090215355330,0.014439411099,2020-03-31,0.227674791980,-0.003735603756,0.098810872027,2020-06-01,-0.280000000000,-0.320000000000,0.007266246230,0.006250000000
2020-03-03,0.135135227365,0.120558030863,0.003603104213,2020-03-11,0.137464189211,0.120241002578,-0.028547671840,2020-04-01,0.222761522395,0.019963586418,0.076773835920,2020-06-02,-0.310000000000,-0.220000000000,-0.003855829474,0.012600229095
2020-03-04,0.053635315611,0.087852638602,0.005273383292,2020-03-12,0.083776109369,0.158020185211,-0.021371079656,2020-04-02,0.144583617166,0.033991197691,0.069109075770,2020-06-03,-0.430000000000,-0.400000000000,-0.003974153337,0.041222254252
2020-03-05,0.000000000000,0.060820396054,-0.055751971716,2020-03-13,0.081900137797,0.159755076757,-0.025836279576,2020-04-03,0.140267688295,0.035732023193,0.037530595594,2020-06-04,-0.440000000000,-0.440000000000,-0.005140518496,0.046060254925
2020-03-06,0.003640337119,0.035916681567,-0.085037674919,2020-03-16,0.133634960002,0.150685922318,-0.008073196986,2020-04-07,0.189900870307,0.035649076689,0.034714747040,2020-06-05,-0.480000000000,-0.460000000000,-0.007589576781,0.062860438293
2020-03-09,0.003601010444,0.028962511132,-0.091033726350,2020-03-17,0.125151477023,0.135070835882,-0.001096791884,2020-04-08,0.195111631726,0.030428054096,0.034823142309,2020-06-08,-0.570000000000,-0.500000000000,-0.005835655893,0.051134731399
2020-03-10,0.045093822206,0.002020422430,-0.066556199945,2020-03-18,0.171925682258,0.134054847583,0.005799502900,2020-04-09,0.231717851274,0.040928038015,0.047500690417,2020-06-09,-0.450000000000,-0.350000000000,-0.008209577602,0.040322580645
2020-03-11,0.098039277300,-0.028656010766,-0.090281612369,2020-03-19,0.173247497480,0.118569124943,0.016289342904,2020-04-10,0.209804881460,0.030940854779,0.055494202098,2020-06-10,-0.240000000000,-0.180000000000,-0.003014055310,0.052813852814
2020-03-12,0.102195371054,-0.017373744995,-0.044642857143,2020-03-20,0.192465323823,0.124394075888,0.058467741935,2020-04-13,0.197368556311,0.049992467978,0.107142857143,2020-06-11,-0.140000000000,-0.100000000000,-0.002322877041,0.033810888252
2020-03-13,0.018135665661,-0.001247172660,-0.022058823529,2020-03-23,0.156572006985,0.132190304272,0.087647058824,2020-04-14,0.119665017727,0.069586020609,0.132352941176,2020-06-12,-0.040000000000,0.020000000000,-0.001973052594,0.002289639382
2020-03-16,0.023322583018,0.006534193434,0.070889894419,2020-03-24,0.184877568812,0.129598416953,0.120060331825,2020-04-15,0.133095042441,0.073869145166,0.164404223228,2020-06-15,0.040000000000,0.110000000000,0.007599494892,-0.025962910128
2020-03-17,-0.003451848724,0.021801768741,0.065384615385,2020-03-25,0.187088944003,0.159607879481,0.095266272189,2020-04-16,0.137958308999,0.088320535357,0.136686390533,2020-06-16,0.000000000000,0.070000000000,0.002905226548,-0.075809199319
2020-03-18,-0.008585169749,0.036525546938,0.082852807284,2020-03-26,0.187088944003,0.166927001859,0.119878603945,2020-04-17,0.126854102819,0.091445342043,0.166009104704,2020-06-17,0.390000000000,0.490000000000,0.001242344170,-0.066254912970
2020-03-19,-0.012019237648,0.020964530036,0.086825444679,2020-03-27,0.180549979859,0.169556848997,0.095568284595,2020-04-20,0.129564277951,0.070018593974,0.159782936388,2020-06-18,0.550000000000,0.640000000000,0.001479344782,-0.073307218802
2020-03-20,-0.049875341334,-0.022976632764,0.081804511278,2020-03-30,0.103434080426,0.135061893455,0.104962406015,2020-04-21,0.059594795123,0.050764584477,0.153984962406,2020-06-19,0.620000000000,0.730000000000,0.004209274454,-0.082281952825
2020-03-23,-0.106942558989,-0.019350482938,0.009295774648,2020-03-31,0.030339826281,0.123103125247,0.038309859155,2020-04-22,0.013933130263,0.070016411629,0.096056338028,2020-06-22,0.170000000000,0.320000000000,0.016841829943,-0.104161073826
2020-03-24,-0.109109865552,0.004439984726,-0.026659261316,2020-04-01,0.053235089568,0.152395539013,0.037211885587,2020-04-23,0.027977636543,0.123773032547,0.081921688420,2020-06-23,-0.040000000000,0.170000000000,0.015015403420,-0.034265350877
2020-03-25,-0.096986547158,0.025751170261,-0.011771300448,2020-04-02,0.035756877074,0.123479515086,0.048486547085,2020-04-24,0.041966454814,0.157694139007,0.096692825112,2020-06-24,-0.130000000000,0.070000000000,0.011395828930,-0.023718647764
2020-03-26,-0.090371967543,0.031790657653,-0.006380027739,2020-04-03,-0.009462534357,0.098076179784,0.043828016644,2020-04-27,0.056520021881,0.166244042339,0.086546463245,2020-06-29,-0.190000000000,0.020000000000,0.007331996409,-0.026437721450
2020-03-27,-0.013123367781,0.067100060633,0.024742841257,2020-04-07,-0.041863876874,0.078680788038,0.033361134279,2020-04-28,0.077805130907,0.179400424007,0.086738949124,2020-06-30,-0.240000000000,-0.010000000000,0.014372349726,-0.003036157880
2020-03-30,0.033372617048,0.052577065502,0.016745743790,2020-04-08,-0.052214651431,0.069044557789,0.040747976556,2020-04-29,0.029331266674,0.169776020156,0.096846218253,2020-07-01,-0.220000000000,0.060000000000,0.014743575967,0.011575381141
2020-03-31,0.021384150715,0.014488952542,0.039087018545,2020-04-09,-0.052308833760,0.043312805841,0.063623395150,2020-04-30,-0.470042522373,0.166616399346,0.112981455064,2020-07-02,-0.250000000000,0.060000000000,0.016767544343,0.014140271493
2020-04-01,0.007671658146,-0.006126026049,0.043959160522,2020-04-10,-0.009426853587,0.026423074862,0.062960862167,2020-05-06,-0.507776062637,0.172449560275,0.110890527510,2020-07-03,-0.170000000000,0.260000000000,0.020846456792,-0.023255813953
2020-04-02,0.000000000000,-0.008991581003,0.025963149079,2020-04-13,-0.009462534357,0.025812421136,0.041876046901,2020-05-07,-0.506412833652,0.178328688139,0.092127303183,2020-07-06,-0.290000000000,0.150000000000,0.021544389194,-0.018831348657
2020-04-03,-0.024696064271,-0.011138877125,0.003255561584,2020-04-14,-0.068915529510,0.029682709298,0.024145415084,2020-05-08,-0.515386229748,0.191854180429,0.060499186110,2020-07-07,-0.400000000000,0.080000000000,0.024274133172,-0.030113944655
2020-04-07,-0.075987890063,0.001451354937,0.019214932748,2020-04-15,-0.127377184175,0.040461736266,0.029645896239,2020-05-11,-0.247524880118,0.206465382589,0.078506725226,2020-07-08,-0.460000000000,0.110000000000,0.024907302976,0.004646078163
2020-04-08,-0.076132518800,0.004115158598,0.016474464580,2020-04-16,-0.162236890022,0.045493864251,0.027182866557,2020-05-12,-0.173646676681,0.218920103859,0.083745194948,2020-07-09,-0.420000000000,0.030000000000,0.025459115066,0.008028792913
2020-04-09,-0.085649083650,0.005922068479,0.002444987775,2020-04-17,-0.175137462876,0.062961869372,0.020103232817,2020-05-13,-0.094268535865,0.230844218454,0.069274653627,2020-07-10,-0.420000000000,-0.180000000000,0.017867048268,0.000548245614
2020-04-10,-0.089797535217,0.006532677420,-0.011156462585,2020-04-20,-0.182005598675,0.050769524545,0.026394557823,2020-05-14,-0.042219569910,0.210353708452,0.071564625850,2020-07-13,-0.500000000000,-0.360000000000,0.015675684221,0.017461197339
2020-04-13,-0.058434007554,0.014655766329,-0.006489994592,2020-04-21,-0.138938450860,0.046078138533,0.032449972958,2020-05-15,0.006244800336,0.219355191804,0.062195781504,2020-07-14,-0.500000000000,-0.460000000000,0.011880356339,0.047972587093
2020-04-14,-0.008223689846,0.015458683287,-0.007271747913,2020-04-22,-0.154277790017,0.049687046512,0.050363587396,2020-05-18,0.004163200224,0.218546417056,0.063291139241,2020-07-15,-0.500000000000,-0.540000000000,0.001426399894,0.087287639133
2020-04-15,-0.006180473960,0.029652358640,0.008914100486,2020-04-23,-0.164530749643,0.053526482536,0.044840626688,2020-05-19,-0.014303238185,0.237786938266,0.064019448947,2020-07-16,-0.530000000000,-0.530000000000,0.005747278046,0.137327188940
2020-04-16,0.000000000000,0.024630139409,0.013821138211,2020-04-24,-0.167994554898,0.050763072477,0.059078590786,2020-05-20,-0.024370447042,0.230764701400,0.058265582656,2020-07-17,-0.560000000000,-0.950000000000,0.004359557673,0.121467227901
2020-04-17,0.004198155750,0.044590617269,0.035498073748,2020-04-27,-0.168578477916,0.075085327610,0.070445789763,2020-05-21,-0.026455044400,0.244232896825,0.077600440286,2020-07-20,-0.420000000000,-0.970000000000,0.008072054063,0.107789855072
2020-04-20,-0.043442313779,0.042854741764,0.011703864997,2020-04-28,-0.133108444637,0.116562391042,0.046815459989,2020-05-22,-0.051292607915,0.249244401939,0.072672836146,2020-07-21,-0.360000000000,-0.980000000000,-0.000097512650,0.091153616258
2020-04-21,-0.053897218005,0.052687064053,0.011665762344,2020-04-29,-0.104044041385,0.126796022373,0.045849158980,2020-05-25,-0.051931901352,0.267320109459,0.102278893109,2020-07-22,-0.310000000000,-0.480000000000,-0.010579665877,0.103985615823
2020-04-22,-0.047678308235,0.043782960140,-0.001874163320,2020-04-30,-0.106920753577,0.094792130190,0.036947791165,2020-05-26,-0.053564107653,0.261276625602,0.085943775100,2020-07-23,-0.380000000000,-0.340000000000,-0.007184145450,0.042861197843
2020-04-23,-0.043713602355,0.050186816908,0.001871157445,2020-05-06,-0.118910701260,0.075794557590,0.027800053462,2020-05-27,-0.047678308235,0.264430896145,0.091686714782,2020-07-24,-0.430000000000,-0.300000000000,-0.000270885444,0.044121753700
2020-04-24,-0.037625444276,0.042111871221,-0.008238107893,2020-05-07,-0.120366908908,0.085839626641,0.023119851183,2020-05-28,-0.049545863987,0.264409331332,0.106829657188,2020-07-27,-0.440000000000,-0.250000000000,0.002033838500,0.055151175812
2020-04-27,-0.004325262634,0.044985563412,0.015603981706,2020-05-08,-0.125380018604,0.093422840399,0.037664783427,2020-05-29,-0.045605338312,0.281797483227,0.154156577885,2020-07-28,-0.510000000000,-0.270000000000,-0.004035068387,0.035714285714
2020-04-28,0.000000000000,0.032990115619,0.005899705015,2020-05-11,-0.132978807611,0.105827964126,0.040761598284,2020-06-01,-0.053897218005,0.288830098549,0.132207026012,2020-07-29,-0.500000000000,-0.280000000000,0.000821737353,0.036561540608
2020-04-29,-0.002176753865,0.024674365667,0.003487124464,2020-05-12,-0.127521968990,0.105783782789,0.042113733906,2020-06-02,-0.059499425181,0.292397826269,0.130633047210,2020-07-30,-0.520000000000,-0.270000000000,-0.002106510758,0.040992749582
2020-04-30,-0.013060523190,0.049351640038,0.001867662753,2020-05-13,-0.137038533840,0.135844999405,0.027748132337,2020-06-03,-0.073559510666,0.350086537600,0.115528281750,2020-07-31,-0.510000000000,-0.340000000000,-0.003518029903,0.061791383220
2020-05-06,-0.034752414388,0.044605712004,0.010718113612,2020-05-14,-0.150936282599,0.144565731800,0.022240085745,2020-06-04,-0.090090151577,0.361679736839,0.128617363344,2020-08-03,-0.430000000000,-0.140000000000,-0.002019857228,0.055884843353
2020-05-07,-0.034752414388,0.035490762762,0.011390728477,2020-05-15,-0.134398217373,0.144983076829,0.018543046358,2020-06-05,-0.086348743386,0.356623349487,0.116026490066,2020-08-04,-0.380000000000,0.020000000000,0.003607375455,0.041398601399
2020-05-08,-0.010955310368,0.035873905846,0.039722740603,2020-05-18,-0.071957286155,0.143838217150,0.006131698214,2020-06-08,-0.088817177242,0.350870386768,0.146094374833,2020-08-05,-0.450000000000,0.010000000000,0.002589045007,0.025299238303
2020-05-11,-0.006544507377,0.034697381913,0.033948142208,2020-05-19,-0.061804739599,0.139462516044,0.013900026731,2020-06-09,-0.078883548330,0.351000752308,0.158246458166,2020-08-06,-0.430000000000,-0.010000000000,-0.002567732027,0.031035429827
2020-05-12,0.022055596277,0.000425616314,0.040745672437,2020-05-20,-0.035387201906,0.129638636206,0.018109187750,2020-06-10,-0.066478690894,0.343136190497,0.172303595206,2020-08-07,-0.400000000000,0.020000000000,0.002493696842,0.026301369863
2020-05-13,0.042754307496,-0.019447981722,0.031283138918,2020-05-21,-0.027288012376,0.115022158292,0.019088016967,2020-06-11,-0.051187586123,0.317375296359,0.149257688229,2020-08-10,-0.400000000000,0.100000000000,0.006234629219,0.023426859166
2020-05-14,0.040504080786,-0.014598330120,0.007333682556,2020-05-22,-0.043442313779,0.111971442269,0.008381351493,2020-06-12,-0.047383633693,0.316973970245,0.132268203248,2020-08-11,-0.430000000000,0.070000000000,0.006501611589,0.030245231608
2020-05-15,0.024368648921,-0.013831498143,-0.011538461538,2020-05-25,-0.041459398466,0.110845019633,-0.010256410256,2020-06-15,-0.039468245027,0.317156517658,0.035128205128,2020-08-12,-0.430000000000,0.070000000000,0.007756783111,0.032866379310
2020-05-18,0.010979366842,-0.002221485018,0.001292657704,2020-05-26,-0.045605338312,0.104189397125,-0.006721820062,2020-06-16,-0.053453984001,0.348963464097,0.051706308170,2020-08-13,-0.450000000000,0.080000000000,0.008401872061,0.060777957861
2020-05-19,-0.017263715482,0.017442844902,-0.016120777892,2020-05-27,-0.052040002803,0.121714756894,-0.016888433982,2020-06-17,-0.063733596309,0.375406030881,0.059877175026,2020-08-14,-0.440000000000,0.120000000000,0.010170723106,0.036193029491
2020-05-20,-0.019421679918,0.031259647374,-0.010282776350,2020-05-28,-0.050167259035,0.100792347514,-0.011053984576,2020-06-18,-0.067706242447,0.384107025672,0.051928020566,2020-08-17,-0.450000000000,-0.030000000000,0.005408661485,0.064595257563
2020-05-21,-0.017301050534,0.029951253530,0.002860114405,2020-05-29,-0.017301050534,0.098212756761,-0.002340093604,2020-06-19,-0.059991766647,0.391839070055,0.092563702548,2020-08-18,-0.480000000000,-0.120000000000,0.004423124624,0.059983566146
2020-05-22,-0.012975787901,0.027836853767,0.006744487678,2020-06-01,0.000000000000,0.084621906160,0.009338521401,2020-06-22,-0.076860893245,0.372597844823,0.093904020752,2020-08-19,-0.460000000000,-0.150000000000,0.008100129068,0.049131378936
2020-05-25,-0.008688103597,0.022900433157,0.003098373354,2020-06-02,-0.006530261595,0.082098343946,0.005938548928,2020-06-23,-0.065520110238,0.365211593494,0.049573973664,2020-08-20,-0.460000000000,-0.080000000000,0.008193802216,0.050081654872
2020-05-26,0.008783493473,0.010558076950,0.001820546164,2020-06-03,0.000000000000,0.079386914178,0.017685305592,2020-06-24,-0.087405699514,0.304582803878,0.063459037711,2020-08-21,-0.460000000000,-0.030000000000,0.006146894882,0.036640813052
2020-05-27,0.002200705840,0.026653744653,-0.009090909091,2020-06-04,-0.010860129496,0.084463786345,0.017402597403,2020-06-29,-0.138153001611,0.293043726442,0.049870129870,2020-08-24,-0.440000000000,0.000000000000,0.005975039210,0.017511276201
2020-05-28,0.024207764237,0.025744892505,-0.003111226342,2020-06-05,0.010860129496,0.077992046564,0.013481980814,2020-06-30,-0.152894159018,0.271442258896,0.053409385533,2020-08-25,-0.460000000000,0.050000000000,0.011442484549,0.032611601176
2020-05-29,0.039439117323,0.034166182646,-0.027570213862,2020-06-08,0.039439117323,0.085856756369,0.012625611956,2020-07-01,-0.145840922963,0.283677452789,0.046637464571,2020-08-26,-0.480000000000,0.020000000000,0.011954785124,0.040387722132
2020-06-01,0.043821241470,0.032959734398,-0.023680823681,2020-06-09,0.039267044261,0.090848034661,0.004118404118,2020-07-02,-0.140692725284,0.258487794628,0.055855855856,2020-08-27,-0.500000000000,0.020000000000,0.006304660611,0.043396731851
2020-06-02,0.047888585030,0.030205430026,-0.007528556594,2020-06-10,0.061755669575,0.059692687997,0.016874350987,2020-07-03,-0.092383165148,0.235450685859,0.059709241952,2020-08-28,-0.520000000000,-0.010000000000,0.006386584289,0.037907100908
2020-06-03,0.057092707578,0.010893760787,0.007601572739,2020-06-11,0.083258388283,0.049465518728,0.025425950197,2020-07-06,-0.088947822955,0.232187692042,0.084665792923,2020-08-31,-0.500000000000,-0.070000000000,0.007002539825,0.029938519113
2020-06-04,0.034379053416,0.001320985707,0.001300390117,2020-06-12,0.083258388283,0.042419785350,0.016644993498,2020-07-07,-0.126949659624,0.228980900299,0.079063719116,2020-09-01,-0.440000000000,-0.060000000000,-0.000379948282,0.026054257319
2020-06-05,0.012647563693,-0.006949945085,0.022787493376,2020-06-15,0.064244619882,0.040966574654,0.041070482247,2020-07-08,-0.138141453260,0.238875033048,0.095654478007,2020-09-02,-0.400000000000,0.050000000000,-0.002851676359,0.012735473600
2020-06-08,0.008396311500,-0.007023785347,0.012918534142,2020-06-16,0.054896834209,0.046862755386,0.040601107303,2020-07-09,-0.170866511832,0.247128719659,0.076983917743,2020-09-03,-0.360000000000,0.070000000000,0.003752837740,0.007725093234
2020-06-09,0.020772760541,-0.017672215742,0.004969918912,2020-06-17,0.060423004189,0.040522706755,0.029557938792,2020-07-10,-0.156250089429,0.249420955140,0.062516348417,2020-09-04,-0.400000000000,0.000000000000,-0.002352825047,0.009610250934
2020-06-10,0.024927312649,-0.018229179256,0.000780437045,2020-06-18,0.064738933059,0.050769979011,0.024453694069,2020-07-13,-0.152816021529,0.231114999793,0.061134235172,2020-09-07,-0.420000000000,-0.020000000000,-0.004808719962,0.017034868246
2020-06-11,0.024927312649,-0.018367921855,-0.003376623377,2020-06-19,0.067041570820,0.038432074422,0.020259740260,2020-07-14,-0.121125828955,0.207913551918,0.054545454545,2020-09-08,-0.520000000000,-0.090000000000,-0.006990993984,0.019571541920
2020-06-12,0.027060801458,-0.020184324468,0.008031088083,2020-06-22,0.067041570820,0.034260743098,0.022797927461,2020-07-15,-0.134993066265,0.205989011922,0.052072538860,2020-09-09,-0.550000000000,-0.120000000000,-0.008176651679,0.005216484090
2020-06-15,0.020816001121,-0.023847691665,0.014055179594,2020-06-23,0.065160776977,0.024172679444,0.025247267048,2020-07-16,-0.150675528620,0.191412674874,0.068453930245,2020-09-10,-0.500000000000,-0.050000000000,-0.005119895395,-0.021135727018
2020-06-16,-0.006105010246,-0.012879305777,0.018479958355,2020-06-24,0.072463821156,0.009512722796,0.016397709526,2020-07-17,-0.154139333876,0.189868676424,0.066631962520,2020-09-11,-0.520000000000,-0.080000000000,-0.006412030565,-0.006468305304
2020-06-17,0.014187281575,-0.013028131737,0.018195996881,2020-06-29,0.101232468627,0.005644322397,0.017936054068,2020-07-20,-0.130344183956,0.190125450636,0.062646217832,2020-09-14,-0.520000000000,-0.070000000000,-0.005116873320,-0.016385048643
2020-06-18,0.028374563150,-0.012198732655,0.018764659891,2020-06-30,0.116637409505,-0.004064983027,0.027104508731,2020-07-21,-0.048743937473,0.221238485630,0.068021892103,2020-09-15,-0.520000000000,-0.040000000000,-0.003209687882,-0.008785529716
2020-06-19,-0.008107018043,-0.012836258206,0.010023130301,2020-07-01,0.072305048426,-0.006666572224,0.044204574659,2020-07-22,-0.039261902409,0.214000114065,0.047802621434,2020-09-16,-0.570000000000,-0.110000000000,-0.007505261041,-0.005433376455
2020-06-22,0.006117459297,-0.019668460154,0.001283367556,2020-07-02,0.081069296720,-0.018449159506,0.041067761807,2020-07-23,-0.040824287730,0.162816534498,0.046457905544,2020-09-17,-0.600000000000,-0.140000000000,-0.009741599645,0.007257646449
2020-06-23,0.016380027559,-0.024127236067,0.001022233580,2020-07-03,0.080539893005,-0.025136710604,0.043700485561,2020-07-24,-0.047947863411,0.132009855455,0.039355992844,2020-09-18,-0.630000000000,-0.170000000000,-0.012570526030,0.001547987616
2020-06-24,-0.009992013051,-0.034091608309,-0.001276487107,2020-07-06,0.087834934735,-0.053857938843,0.063313760531,2020-07-27,-0.053496403959,0.114133134863,0.042889966811,2020-09-21,-0.660000000000,-0.220000000000,-0.011423342768,0.019556714472
2020-06-29,-0.019708329857,-0.027629120088,0.000000000000,2020-07-07,0.068758106831,-0.055887856849,0.097467382962,2020-07-28,-0.055091220296,0.112826045713,0.017651573292,2020-09-22,-0.640000000000,-0.180000000000,-0.013436014846,0.012166709811
2020-06-30,0.026563156629,-0.026845254724,-0.000254452926,2020-07-08,0.059021963900,-0.065269049497,0.074300254453,2020-07-29,-0.045592734038,0.122397599652,0.012722646310,2020-09-23,-0.700000000000,-0.220000000000,-0.012555911902,0.012939958592
2020-07-01,0.006080263532,-0.019851879635,0.011791848244,2020-07-09,0.041981557502,-0.068632416816,0.080492181492,2020-07-30,-0.055196076130,0.123454757946,0.004870546014,2020-09-24,-0.680000000000,-0.180000000000,-0.008976863270,0.011296534018
2020-07-02,-0.004029011569,-0.021115994082,0.004850651008,2020-07-10,0.027004588703,-0.073701172471,0.067398519275,2020-07-31,-0.059002702070,0.114936471917,-0.003829461322,2020-09-25,-0.680000000000,-0.160000000000,-0.008129545112,0.003858024691
2020-07-03,0.002018572210,-0.012051905837,0.006646216769,2020-07-13,0.031159140811,-0.075333845765,0.076687116564,2020-08-03,-0.051585818103,0.110692589621,0.002556237219,2020-09-28,-0.730000000000,-0.230000000000,-0.008341947568,0.016091357384
2020-07-06,-0.024125468520,-0.009794281345,0.004860578153,2020-07-14,0.008309104216,-0.066368071234,0.077769250448,2020-08-04,-0.054538407050,0.114339201777,0.015093374265,2020-09-29,-0.730000000000,-0.290000000000,-0.006928085197,0.021465968586
2020-07-07,-0.045780285151,-0.015732528058,0.004835836091,2020-07-15,-0.002081600112,-0.073535855475,0.094171544922,2020-08-05,-0.014391457231,0.103138402558,0.014252990583,2020-09-30,-0.760000000000,-0.360000000000,-0.013435441375,0.024626670160
2020-07-08,-0.044319127262,-0.029519067594,-0.002026855840,2020-07-16,-0.012489600673,-0.089731992366,0.097795794274,2020-08-06,-0.022661737853,0.085823086796,0.003800354700,2020-10-09,-0.780000000000,-0.420000000000,-0.012566271015,0.038329368226
2020-07-09,-0.046521066964,-0.042275799511,-0.007876016260,2020-07-17,-0.040700068308,-0.096901443464,0.118394308943,2020-08-07,-0.018734401009,0.061515275012,0.021087398374,2020-10-12,-0.750000000000,-0.350000000000,-0.008621457315,0.045478582760
2020-07-10,-0.068493196678,-0.042369484561,-0.005586592179,2020-07-20,-0.062829389832,-0.098070031030,0.100812595226,2020-08-10,-0.029387090251,0.056729841916,0.018791264601,2020-10-13,-0.770000000000,-0.350000000000,-0.011240884886,0.027479717351
2020-07-13,-0.061804739599,-0.045542805019,0.003309572301,2020-07-21,-0.077016671407,-0.092214148545,0.100560081466,2020-08-11,-0.057923085039,0.048226506052,0.000509164969,2020-10-14,-0.760000000000,-0.240000000000,-0.006148579448,0.021789883268
2020-07-14,-0.056320439661,-0.034486020353,0.029128672746,2020-07-22,-0.083096934939,-0.087058815735,0.022543059777,2020-08-12,-0.062189097698,0.048881226469,0.000000000000,2020-10-15,-0.780000000000,-0.230000000000,-0.007401788056,0.021017125065
2020-07-15,-0.050590254771,-0.021758108448,0.029702970297,2020-07-23,-0.081566123957,-0.087783443214,0.032749428789,2020-08-13,-0.066335037545,0.031608019353,0.008377760853,2020-10-16,-0.780000000000,-0.280000000000,-0.009571038018,0.024973985432
2020-07-16,-0.025456106248,-0.002716426776,0.045838668374,2020-07-24,-0.059377599903,-0.087603612500,0.060691421255,2020-08-14,-0.043713602355,0.033184273797,0.012548015365,2020-10-19,-0.770000000000,-0.250000000000,-0.012731486391,0.022656250000
2020-07-17,-0.023788944485,0.003070926109,0.063585291113,2020-07-27,-0.097921727899,-0.083358139829,0.044943820225,2020-08-17,-0.056438166415,0.014727648952,0.009703779367,2020-10-20,-0.790000000000,-0.270000000000,-0.012400136681,0.016137428423
2020-07-20,-0.013175240210,0.002505370604,0.088556204009,2020-07-28,-0.114308313171,-0.078701129947,0.066226845978,2020-08-18,-0.028114207118,0.007669294526,0.007866023852,2020-10-21,-0.820000000000,-0.300000000000,-0.012635873401,0.023201251303
2020-07-21,-0.006631304621,0.000340169377,0.039133645090,2020-07-29,-0.081732789629,-0.074873093253,0.037903027320,2020-08-19,-0.015337434515,-0.003276415592,-0.021658872754,2020-10-22,-0.840000000000,-0.270000000000,-0.012277155298,0.027835587929
2020-07-22,-0.002220250311,-0.000567399323,0.039201183432,2020-07-30,-0.089177198471,-0.070009554245,0.002218934911,2020-08-20,-0.021767538650,-0.012225026626,-0.025394477318,2020-10-23,-0.870000000000,-0.270000000000,-0.014686571803,0.040401441071
2020-07-23,0.065302615950,0.002950811337,0.023751224290,2020-07-31,-0.014101540493,-0.062286877015,0.001224289912,2020-08-21,0.065302615950,-0.013286980010,-0.033545543585,2020-10-26,-0.880000000000,-0.250000000000,-0.005750745762,0.047398248326
2020-07-24,0.068675283322,0.008164065051,0.011284513806,2020-08-03,-0.026241438731,-0.043257733450,-0.029531812725,2020-08-24,0.047784569783,-0.018328089586,-0.047298919568,2020-10-27,-0.900000000000,-0.240000000000,-0.007624246321,0.050895140665
2020-07-27,0.073431296122,0.018629724680,-0.017948717949,2020-08-04,-0.030156835650,-0.034871946767,-0.052913752914,2020-08-25,0.047784569783,-0.017745381381,-0.073659673660,2020-10-28,-0.920000000000,-0.280000000000,-0.009025659569,0.074936061381
2020-07-28,0.100133585621,0.055882158244,0.018237801990,2020-08-05,-0.015923577444,0.003771496452,-0.037896731407,2020-08-26,0.083260358794,0.018811926236,-0.073188062530,2020-10-29,-0.900000000000,-0.200000000000,-0.011353865919,0.072560040879
2020-07-29,0.131286256702,0.066196320802,0.027995255042,2020-08-06,0.024174069416,0.011635252920,-0.026809015421,2020-08-27,0.109075122946,0.027801687716,-0.073309608541,2020-10-30,-0.920000000000,-0.240000000000,-0.009017865289,0.067783701447
2020-07-30,0.077646150147,0.067668982349,0.052858167902,2020-08-07,0.066747617818,0.022763892045,-0.023678545802,2020-08-28,0.163211412448,0.003936950902,-0.063860320497,2020-11-02,-0.950000000000,-0.270000000000,-0.010059361622,0.069433768896
2020-07-31,0.105721466087,0.067370468746,0.029202279202,2020-08-10,0.074536714032,0.033655965885,-0.017568850902,2020-08-31,0.200270177220,0.003065171032,-0.064577397911,2020-11-03,-0.970000000000,-0.240000000000,-0.008817618252,0.076883780332
2020-08-03,0.103648496164,0.058435603073,0.026109660574,2020-08-11,0.096827425372,0.031629967209,-0.015191075243,2020-09-01,0.198019950510,0.004019830033,-0.057678613814,2020-11-04,-1.000000000000,-0.270000000000,-0.010951724684,0.076371091748
2020-08-04,0.086974168672,0.015029302846,-0.060944405676,2020-08-12,0.120984648161,0.035142896931,-0.038148406606,2020-09-02,0.190518527927,-0.001689343285,-0.080949057920,2020-11-05,-1.020000000000,-0.260000000000,-0.004467226555,0.075428279212
2020-08-05,0.062942606178,0.007028652194,-0.061158550658,2020-08-13,0.139123200621,0.049732819309,-0.057235171936,2020-09-03,0.186649236312,0.000317355003,-0.076390491576,2020-11-06,-1.050000000000,-0.270000000000,-0.005814148045,0.099796334012
2020-08-06,0.028441428670,-0.001589802203,-0.059064061790,2020-08-14,0.150615295301,0.066212902665,-0.077237619264,2020-09-04,0.170479190389,0.001914458587,-0.088141753748,2020-11-09,-1.050000000000,-0.300000000000,-0.009921875390,0.100910470410
2020-08-07,0.024371968736,-0.007586824888,-0.056055363322,2020-08-17,0.181661030609,0.071199990537,-0.059054209919,2020-09-07,0.179111048131,0.015198656137,-0.110957324106,2020-11-10,-1.080000000000,-0.310000000000,-0.007637236961,0.115129903209
2020-08-10,0.033809187208,-0.016647111579,-0.027989821883,2020-08-18,0.208607969996,0.062862026052,-0.060837381448,2020-09-08,0.190311555876,0.001932338937,-0.101549849641,2020-11-11,-1.040000000000,-0.280000000000,-0.009278857811,0.104087331810
2020-08-11,0.026051374551,-0.011422363465,0.044587565024,2020-08-19,0.218833052485,0.059869810376,0.005945008670,2020-09-09,0.192474187193,0.000749453755,-0.042605895467,2020-11-12,-1.020000000000,-0.240000000000,-0.004479189732,0.080813214740
2020-08-12,-0.005551446800,-0.001269017281,-0.000737463127,2020-08-20,0.193161777059,0.071719274419,0.009095378564,2020-09-10,0.167245994241,0.001272246287,-0.044493608653,2020-11-13,-0.990000000000,-0.210000000000,-0.009384573456,0.012436548223
2020-08-13,0.099557583307,0.021018804824,-0.012795750845,2020-08-21,0.298215279506,0.091588644188,-0.010622887494,2020-09-11,0.309618144941,0.005435841598,-0.057218734911,2020-11-16,-0.980000000000,-0.210000000000,-0.006987778906,0.032340208811
2020-08-14,0.096998595046,0.006476865486,-0.012218963832,2020-08-24,0.327869094572,0.074837262970,-0.000977517107,2020-09-14,0.319102346759,-0.009198155017,-0.050097751711,2020-11-17,-0.960000000000,-0.170000000000,-0.008774212365,0.047131147541
2020-08-17,0.067223877921,0.011464528107,-0.033079485959,2020-08-25,0.307076329236,0.072360576958,-0.024750118991,2020-09-15,0.292693876683,-0.016051471440,-0.081151832461,2020-11-18,-0.940000000000,-0.120000000000,-0.007107940906,0.051974522293
2020-08-18,0.061661263246,0.017759450595,-0.036755987669,2020-08-26,0.302625947653,0.078325702528,-0.033198956604,2020-09-16,0.282647007484,-0.009062371616,-0.086554422575,2020-11-19,-0.970000000000,-0.130000000000,-0.008866960564,0.069349531764
2020-08-19,0.059545998974,0.012176868270,0.009102091021,2020-08-27,0.267022894988,0.085385305734,0.002952029520,2020-09-17,0.247590014308,-0.009224579753,-0.054612546125,2020-11-20,-1.010000000000,-0.140000000000,-0.009322378368,0.033143705169
2020-08-20,-0.050301838979,-0.002703226488,-0.001711910002,2020-08-28,0.157335620035,0.085434919186,-0.005380288579,2020-09-18,0.232912663556,-0.007758244014,-0.058204940083,2020-11-23,-0.990000000000,-0.110000000000,-0.013652767140,0.005410723069
2020-08-21,-0.055055085672,0.011920917687,0.023750618506,2020-08-31,0.174129473555,0.078842568599,0.010638297872,2020-09-21,0.243741943890,-0.023416495149,-0.066798614547,2020-11-24,-0.990000000000,-0.090000000000,-0.012367730720,-0.004380627890
2020-08-24,-0.010214510393,0.034639331467,0.021166625646,2020-09-01,0.205224022405,0.089214661181,-0.020920502092,2020-09-22,0.249248137264,-0.007519457103,-0.083189761260,2020-11-25,-1.000000000000,-0.080000000000,-0.015840414258,-0.034975017844
2020-08-25,0.022207050568,0.034793994325,0.017971442639,2020-09-02,0.210356128881,0.056789294327,-0.020187099951,2020-09-23,0.261382982984,-0.008460802713,-0.084933530281,2020-11-26,-1.020000000000,-0.120000000000,-0.012874448600,-0.031919961887
2020-08-26,0.050930834171,0.030860529655,-0.004144319844,2020-09-03,0.177026079875,0.049413554820,-0.044368600683,2020-09-24,0.256087500761,-0.011238056555,-0.094100438810,2020-11-27,-1.010000000000,-0.090000000000,-0.014218324032,-0.034950071327
2020-08-27,0.056497208391,0.024290731491,-0.004899559040,2020-09-04,0.134622762371,0.041334857282,-0.044096031357,2020-09-25,0.243041298325,-0.013454982440,-0.104360607545,2020-11-30,-1.030000000000,-0.080000000000,-0.013301302549,-0.015812170580
2020-08-28,0.051200595104,0.021267421563,-0.014258095698,2020-09-07,0.116235543204,0.032244005776,-0.052199130014,2020-09-28,0.236809470163,-0.013394921774,-0.120347994200,2020-12-01,-0.990000000000,-0.020000000000,-0.017574359926,-0.025379506641
2020-08-31,0.010319923357,0.005119207923,-0.021450952037,2020-09-08,0.103305849803,0.034347837814,-0.043624969872,2020-09-29,0.220191261731,-0.003754768556,-0.108218847915,2020-12-02,-1.030000000000,-0.030000000000,-0.015329800658,-0.018333333333
2020-09-01,-0.045120345989,0.004368082684,-0.017896009674,2020-09-09,0.063267623910,0.045689453859,-0.036275695284,2020-09-30,0.189425610204,0.002840005453,-0.098186215236,2020-12-03,-1.080000000000,-0.060000000000,-0.019228097514,-0.008796956728
2020-09-02,-0.048462593841,0.013699831218,0.004895960832,2020-09-10,0.053663985729,0.056365517586,-0.030110159119,2020-10-09,0.185262409979,0.009397607309,-0.081517747858,2020-12-04,-1.080000000000,-0.030000000000,-0.019253920430,-0.045138888889
2020-09-03,-0.043449222064,0.018625696377,0.008862629247,2020-09-11,0.055309768504,0.062419480993,-0.010585918267,2020-10-12,0.164835276649,0.022998760316,-0.079763663220,2020-12-07,-1.070000000000,-0.020000000000,-0.016027752637,-0.068917987595
2020-09-04,-0.021834073359,0.019599564563,0.002206423143,2020-09-14,0.065885838144,0.060521529950,-0.016425594508,2020-10-13,0.180381151453,0.024620091472,-0.069624908066,2020-12-08,-1.020000000000,0.060000000000,-0.016027840443,-0.071493832800
2020-09-07,-0.008512091994,0.013038425871,0.009359605911,2020-09-15,0.058139570094,0.065572814968,-0.032019704433,2020-10-14,0.180381151453,0.028119112561,-0.064532019704,2020-12-09,-0.980000000000,0.060000000000,-0.014431233889,-0.065762244194
2020-09-08,0.019250973778,0.004247943995,0.003939916277,2020-09-16,0.056220563548,0.062265061726,-0.027825658705,2020-10-15,0.180381151453,0.027846398850,-0.077567101699,2020-12-10,-0.980000000000,0.040000000000,-0.018988935677,-0.043968963085
2020-09-09,0.022831063594,-0.008409135685,-0.006820950061,2020-09-17,0.083736561057,0.048813358893,-0.032399512789,2020-10-16,0.187602085102,0.025361961778,-0.087941534714,2020-12-11,-0.990000000000,0.000000000000,-0.015570670101,0.019804462271
2020-09-10,0.006988124265,-0.017186017456,-0.007564665691,2020-09-18,-0.033534559320,0.022665514399,-0.035139092240,2020-10-19,0.180180303153,0.018535516120,-0.086871644705,2020-12-14,-1.000000000000,-0.020000000000,-0.011531139124,0.010360138135
2020-09-11,-0.022321441347,-0.015918886167,-0.000733855186,2020-09-21,-0.050050077883,0.036923196376,-0.032778864971,2020-10-20,0.137889780102,0.021619068684,-0.086594911937,2020-12-15,-1.010000000000,-0.050000000000,-0.014165605316,-0.000244618395
2020-09-14,-0.027472543196,-0.011865096666,-0.029282576867,2020-09-22,-0.035750786375,0.040995172103,-0.030746705710,2020-10-21,0.116279146156,0.028466366151,-0.077110785749,2020-12-16,-0.980000000000,-0.040000000000,-0.015214033976,-0.010414143860
2020-09-15,-0.034340678995,-0.015006340934,-0.023792003924,2020-09-23,-0.039289397158,0.028066454637,-0.025018395879,2020-10-22,0.149162341072,0.025586883409,-0.068187392691,2020-12-17,-0.970000000000,0.000000000000,-0.014518603358,-0.029585798817
2020-09-16,-0.036057712945,-0.018576221467,-0.038508707383,2020-09-24,-0.014049885289,0.016947138319,-0.030414520481,2020-10-23,0.137819306728,0.026504371215,-0.062055432916,2020-12-18,-0.990000000000,0.020000000000,-0.014788131576,-0.021307158248
2020-09-17,-0.017349073184,-0.014639895178,-0.040570445045,2020-09-25,0.000000000000,0.010425206648,-0.029505778215,2020-10-26,0.141015404926,0.028437620170,-0.046471600688,2020-12-21,-0.990000000000,0.000000000000,-0.020046042837,-0.006849315068
2020-09-18,-0.005268706983,-0.018821593271,-0.039902080783,2020-09-28,0.000000000000,0.005421107457,-0.028641370869,2020-10-27,0.143318626913,0.037769812042,-0.059975520196,2020-12-22,-0.970000000000,0.020000000000,-0.023071915212,-0.003177707162
2020-09-21,-0.005296613287,-0.018418387616,-0.002513826043,2020-09-29,-0.030959770072,-0.012388483175,-0.001005530417,2020-10-28,0.132690076860,0.038208460193,-0.039215686275,2020-12-23,-0.970000000000,0.030000000000,-0.022086873152,0.005424063116
2020-09-22,0.001778094937,-0.013905737098,0.001256281407,2020-09-30,-0.058489337394,-0.020316663646,-0.016834170854,2020-10-29,0.121417278010,0.039223563103,-0.034170854271,2020-12-24,-0.940000000000,0.080000000000,-0.021482175342,-0.019438976378
2020-09-23,0.003562524381,-0.005657774976,0.010714285714,2020-10-09,-0.058489337394,-0.019078283474,-0.003571428571,2020-10-30,0.134971887572,0.041369788161,-0.021938775510,2020-12-25,-0.940000000000,0.070000000000,-0.016492470482,-0.033013057403
2020-09-24,-0.010593226573,0.006293762283,0.029984623270,2020-10-12,-0.063502709170,-0.007328142837,0.003075345976,2020-11-02,0.133495235636,0.057234928569,-0.006919528447,2020-12-28,-0.920000000000,0.110000000000,-0.011198720808,-0.055258033106
2020-09-25,-0.042372906293,0.011094824876,0.022947475778,2020-10-13,-0.089015837541,-0.004593647944,0.004589495156,2020-11-03,0.092667266094,0.062083820564,-0.017848036716,2020-12-29,-0.910000000000,0.080000000000,-0.007828459926,-0.044049647116
2020-09-28,-0.035498778546,0.006116438748,-0.009576612903,2020-10-14,-0.074906409549,-0.011408622637,0.000504032258,2020-11-04,0.119489163226,0.054890492923,-0.033014112903,2020-12-30,-0.920000000000,0.110000000000,-0.009125613393,-0.049478535047
2020-09-29,-0.019524328200,0.006428777031,-0.009284818068,2020-10-15,-0.033251681981,-0.018306615788,-0.008531994981,2020-11-05,0.152273781306,0.062622233783,-0.029611041405,2020-12-31,-0.940000000000,0.140000000000,-0.005033792270,-0.047253538019
2020-09-30,-0.012424572491,0.004034704250,0.002523977789,2020-10-16,-0.022831063594,-0.028430887316,0.010095911156,2020-11-06,0.172850037135,0.077374497898,-0.016405855628,2021-01-04,-0.980000000000,0.100000000000,-0.003394053396,-0.036606060606
2020-10-09,-0.007137762989,-0.004101244974,-0.016173177407,2020-10-19,-0.027952497061,-0.029476018312,-0.001244090570,2020-11-09,0.180314085924,0.099375946222,-0.023886538940,2021-01-05,-0.940000000000,0.130000000000,-0.001759134658,-0.020231926968
2020-10-12,0.023967566352,-0.005537816312,-0.014456630110,2020-10-20,-0.046359916644,-0.029134565248,-0.039381854437,2020-11-10,0.201124712460,0.102932893668,-0.020189431705,2021-01-06,-0.940000000000,0.080000000000,-0.013735700821,-0.012546125461
2020-10-13,0.020242927397,-0.001339496943,0.010687022901,2020-10-21,-0.048076950593,-0.025439571666,-0.011704834606,2020-11-11,0.217391463469,0.103745119083,-0.010432569975,2021-01-07,-0.940000000000,0.040000000000,-0.017158683310,-0.014767413241
2020-10-14,0.001810283496,-0.002266607433,0.006838905775,2020-10-22,-0.049793984543,-0.024674855899,-0.021023302938,2020-11-12,0.223253922232,0.098082170408,-0.014690982776,2021-01-08,-0.960000000000,0.020000000000,-0.011497901328,-0.026561731431
2020-10-15,-0.003594538458,0.003091146791,-0.004783484391,2020-10-23,-0.048076950593,-0.017162813312,-0.021399798590,2020-11-13,0.230906032346,0.104741915014,-0.060926485398,2021-01-11,-0.960000000000,0.030000000000,-0.014272566589,-0.028269419862
2020-10-16,-0.005391807687,0.007515595375,-0.001770359130,2020-10-26,-0.039902868322,-0.005083296937,-0.012392513910,2020-11-16,0.204614863311,0.110655425135,-0.046788062721,2021-01-12,-0.950000000000,0.050000000000,-0.020561906777,-0.031982421875
2020-10-19,-0.001800505222,0.012168541310,0.003540718260,2020-10-27,-0.026343534916,-0.001424336788,-0.016944865959,2020-11-17,0.228179167168,0.112936233209,-0.038189175518,2021-01-13,-0.950000000000,0.060000000000,-0.017647971112,-0.029116711524
2020-10-20,-0.012626270218,0.017952698972,0.000503524673,2020-10-28,-0.033545217482,0.003968602856,-0.027945619335,2020-11-18,0.218068697574,0.120752422773,-0.044310171198,2021-01-14,-0.930000000000,0.050000000000,-0.023352371427,-0.032794909447
2020-10-21,-0.010842073751,0.017864267912,-0.015597484277,2020-10-29,-0.026671424058,0.007873101151,-0.030943396226,2020-11-19,0.218068697574,0.117318526942,-0.046037735849,2021-01-15,-0.910000000000,0.060000000000,-0.022638134557,-0.032682926829
2020-10-22,-0.014430023106,0.011093835772,-0.011889704022,2020-10-30,-0.026718932858,0.012549973583,-0.027826966861,2020-11-20,0.215843506782,0.117631883963,-0.053630154313,2021-01-18,-0.910000000000,0.080000000000,-0.022039937333,-0.028864970646
2020-10-23,-0.012649086043,0.004189600472,-0.008360780339,2020-11-02,-0.035310755244,0.013928818168,-0.024322270079,2020-11-23,0.116469225221,0.112027245026,-0.039016974918,2021-01-19,-0.890000000000,0.100000000000,-0.019020913865,-0.025615763547
2020-10-26,-0.023448787547,0.001018834584,-0.007056451613,2020-11-03,-0.044138444055,0.018767881332,-0.049395161290,2020-11-24,0.122305225473,0.105048443753,-0.044858870968,2021-01-20,-0.900000000000,0.070000000000,-0.012315409387,-0.034330554193
2020-10-27,-0.005480456388,-0.003952915305,-0.001006542526,2020-11-04,-0.033723839619,0.018763990058,-0.062657272270,2020-11-25,0.128524135243,0.095905760769,-0.040513336688,2021-01-21,-0.910000000000,0.060000000000,-0.007636685413,-0.025993133889
2020-10-28,-0.009134093980,0.000913044113,0.009711219014,2020-11-05,-0.037273717474,0.023019169369,-0.050089445438,2020-11-26,0.097087444099,0.059151041917,-0.026066956300,2021-01-22,-0.920000000000,0.020000000000,-0.009928326222,-0.002760351317
2020-10-29,-0.009150810853,0.002946215515,0.024577572965,2020-11-06,-0.039048656401,0.021311514756,-0.048643113159,2020-11-27,0.064909562621,0.051330459964,-0.025345622120,2021-01-25,-0.910000000000,0.030000000000,-0.010506317187,-0.001273885350
2020-10-30,-0.009150810853,0.006105542856,0.025549310169,2020-11-09,-0.033904374200,0.013739170663,-0.065917220235,2020-11-30,0.026545333425,0.047906039722,-0.030148185999,2021-01-26,-0.860000000000,0.060000000000,-0.015122952260,0.004122648802
2020-11-02,0.007388257227,0.009261958308,-0.021827411168,2020-11-10,0.005530976850,0.016921105397,-0.076142131980,2020-12-01,0.022497201911,0.044888713924,-0.041370558376,2021-01-27,-0.820000000000,0.090000000000,-0.017651931941,0.000509164969
2020-11-03,0.001836885768,0.010277663808,-0.021662468514,2020-11-11,0.003680532254,0.022977524478,-0.068010075567,2020-12-02,0.024417746317,0.046042960505,-0.051133501259,2021-01-28,-0.840000000000,0.080000000000,-0.017761691140,0.007655014034
2020-11-04,0.005530976850,0.012872313943,-0.021766641357,2020-11-12,-0.012671984475,0.029568924235,-0.056188306758,2020-12-03,0.014886499744,0.056900292074,-0.047582890407,2021-01-29,-0.820000000000,0.120000000000,-0.018574101934,-0.001258811682
2020-11-05,0.022164771681,0.018739612177,-0.028735632184,2020-11-13,-0.005391807687,0.036269455678,-0.062468765617,2020-12-04,0.024056269465,0.063556615514,-0.055972013993,2021-02-01,-0.860000000000,0.120000000000,-0.021562038854,-0.002264720684
2020-11-06,0.036941286136,0.021037436928,-0.027154957648,2020-11-16,0.008986346146,0.039328184018,-0.068759342302,2020-12-07,0.035029520053,0.071655016446,-0.049576482312,2021-02-02,-0.870000000000,0.070000000000,-0.028547615156,0.007554772098
2020-11-09,0.033003320501,0.015227705630,0.008562532434,2020-11-17,0.014404041774,0.038155595632,-0.015308770109,2020-12-08,0.031112756901,0.068909601645,-0.025687597302,2021-02-03,-0.820000000000,0.120000000000,-0.019498539038,-0.005979073244
2020-11-10,0.038503873918,0.008762974238,-0.005921730175,2020-11-18,0.021645034659,0.033325987171,-0.022142121524,2020-12-09,0.029069785047,0.073072973543,-0.035530381050,2021-02-04,-0.770000000000,0.170000000000,-0.016575410874,-0.028478641019
2020-11-11,0.038503873918,-0.006404395977,-0.003363518758,2020-11-19,0.023491159795,0.025299107737,-0.030789133247,2020-12-10,0.027203498491,0.062265061726,-0.047865459250,2021-02-05,-0.780000000000,0.180000000000,-0.020710698357,-0.019454269833
2020-11-12,0.003614024584,-0.010440348028,-0.011319783895,2020-11-20,0.001803752888,0.022290392245,-0.036789297659,2020-12-11,0.033494624423,0.053789992012,-0.046050939028,2021-02-08,-0.780000000000,0.180000000000,-0.017659470721,-0.020237794080
2020-11-13,-0.010687573143,-0.010797279006,-0.013828425096,2020-11-23,0.003614024584,0.020437075471,-0.041741357234,2020-12-14,-0.068745846605,0.038261051830,-0.041741357234,2021-02-09,-0.830000000000,0.120000000000,-0.015036059429,-0.018915510719
2020-11-16,-0.014199511418,-0.009337313015,-0.029585798817,2020-11-24,0.001803752888,0.016097586422,-0.039361975817,2020-12-15,-0.073406780896,0.052114454313,-0.037303833290,2021-02-10,-0.830000000000,0.120000000000,-0.017952357406,-0.020161290323
2020-11-17,-0.010593226573,-0.001497733031,-0.035224035224,2020-11-25,0.023748644348,0.013581811562,-0.020461020461,2020-12-16,-0.045965296768,0.059321179271,-0.055944055944,2021-02-18,-0.810000000000,0.120000000000,-0.015755594033,-0.017965587045
2020-11-18,-0.007062151049,0.012387784798,-0.035046728972,2020-11-26,0.027402281940,0.019782622457,-0.013759086189,2020-12-17,-0.039289397158,0.056658498312,-0.057892004154,2021-02-19,-0.830000000000,0.080000000000,-0.017187657954,-0.027735753908
2020-11-19,0.012603536552,0.006933184997,-0.033047098621,2020-11-27,0.029282594731,0.018083667644,-0.004944054124,2020-12-18,-0.012293649627,0.048330727798,-0.046578194119,2021-02-22,-0.820000000000,0.090000000000,-0.015497838489,-0.033501259446
2020-11-20,0.019805557439,0.000600832995,-0.050636198390,2020-11-30,0.036603243413,0.016790242854,0.007011165931,2020-12-21,0.000000000000,0.041700826594,-0.038171903402,2021-02-23,-0.840000000000,0.050000000000,-0.013337010298,-0.028564206269
2020-11-23,0.023406567883,0.000200538727,-0.034994697773,2020-12-01,0.049870736283,0.015266964244,0.018027571580,2020-12-22,0.003531075524,0.039928541464,-0.016702014846,2021-02-24,-0.860000000000,0.040000000000,-0.015746651740,-0.022092432707
2020-11-24,0.014275525979,-0.001499979600,-0.006711409396,2020-12-02,0.044085258441,0.016077929521,0.026040268456,2020-12-23,-0.022359833941,0.022319746546,-0.011006711409,2021-02-25,-0.850000000000,0.060000000000,-0.017869001942,-0.054632426989
2020-11-25,0.005334284812,-0.007560582149,0.003228410008,2020-12-03,0.042404155853,0.011149248297,0.034167339252,2020-12-24,-0.055147089543,0.013408998007,-0.018025289212,2021-02-26,-0.860000000000,0.060000000000,-0.018375872148,-0.065425264217
2020-11-26,0.000000000000,-0.022452544302,0.009687836383,2020-12-04,0.038788350442,-0.007698435273,0.031754574812,2020-12-25,-0.060160461319,-0.005885853412,-0.038751345533,2021-03-01,-0.870000000000,0.040000000000,-0.022210270018,-0.051530612245
2020-11-27,0.010593226573,-0.029122902250,0.022428884026,2020-12-07,0.057258993510,-0.018812323407,0.059901531729,2020-12-28,-0.043449222064,-0.012620690441,-0.031728665208,2021-03-02,-0.870000000000,-0.010000000000,-0.023993890355,-0.045419553503
2020-11-30,0.007037301805,-0.039498208345,0.042582417582,2020-12-08,0.049504980751,-0.033783320439,0.058241758242,2020-12-29,-0.038629514405,-0.021947429068,-0.023626373626,2021-03-03,-0.910000000000,-0.090000000000,-0.020893512505,-0.076844783715
2020-12-01,-0.012315278158,-0.037956418420,0.026486486486,2020-12-09,0.029336284890,-0.032433077065,0.037027027027,2020-12-30,-0.044262878370,-0.021493030146,-0.049189189189,2021-03-04,-0.930000000000,-0.090000000000,-0.017137939476,-0.074955684984
2020-12-02,-0.024761245585,-0.039594488287,0.004558862966,2020-12-10,0.011001106834,-0.041228299105,0.037007240547,2020-12-31,-0.035001770506,-0.030949306250,-0.070260123357,2021-03-05,-0.890000000000,-0.070000000000,-0.015997427730,-0.065540710865
2020-12-03,-0.019559044310,-0.025622347424,-0.002132196162,2020-12-11,-0.003614024584,-0.050909125620,0.038646055437,2021-01-04,-0.031612241899,-0.044448288621,-0.061034115139,2021-03-08,-0.900000000000,-0.040000000000,-0.020036274373,-0.054728877680
2020-12-04,-0.027952497061,-0.019997658006,0.001070090958,2020-12-14,-0.008906310953,-0.058245872071,0.049491706795,2021-01-05,-0.027952497061,-0.050059271776,-0.066613162119,2021-03-09,-0.940000000000,-0.070000000000,-0.011874138359,-0.061734566358
2020-12-07,-0.029699528127,-0.012942097889,-0.016073781291,2020-12-15,-0.014199511418,-0.060593201483,0.035836627141,2021-01-06,-0.046359916644,-0.053163072669,-0.065349143610,2021-03-10,-0.920000000000,-0.100000000000,-0.011204248624,-0.061403508772
2020-12-08,-0.010687573143,-0.018738023280,-0.004212743549,2020-12-16,-0.019420915384,-0.058810983695,0.023959978936,2021-01-07,-0.046359916644,-0.052186314999,-0.062927856767,2021-03-11,-0.940000000000,-0.170000000000,-0.015710730918,-0.022885060427
2020-12-09,0.012694965962,-0.016699481147,0.014148424987,2020-12-17,-0.014124302098,-0.051162558354,0.038441003737,2021-01-08,-0.041208814794,-0.051162558354,-0.051521623065,2021-03-12,-0.970000000000,-0.190000000000,-0.014378428202,-0.026539551662
2020-12-10,0.012694965962,-0.016762464149,0.021367521368,2020-12-18,0.005401515665,-0.056972694103,-0.003739316239,2021-01-11,-0.041208814794,-0.052498017190,-0.045673076923,2021-03-15,-0.960000000000,-0.180000000000,-0.015013013898,-0.034340304673
2020-12-11,0.000000000000,-0.019669435674,0.036344200962,2020-12-21,0.001800505222,-0.066692462430,0.007215392838,2021-01-12,-0.034698146367,-0.052459624389,-0.045430251203,2021-03-16,-0.960000000000,-0.130000000000,-0.012807792365,-0.038817480720
2020-12-14,-0.009002526109,-0.029078570933,0.028387787895,2020-12-22,-0.009002526109,-0.079313066622,0.018478843064,2021-01-13,-0.033368477560,-0.065824707278,-0.043920728441,2021-03-17,-0.970000000000,-0.140000000000,-0.009588807371,-0.038065843621
2020-12-15,-0.016204546996,-0.031614226657,0.010576414595,2020-12-23,-0.024982170463,-0.087198814096,0.003701745108,2021-01-14,-0.035310755244,-0.071129574273,-0.044949762031,2021-03-18,-0.980000000000,-0.170000000000,-0.006928070971,-0.028858541613
2020-12-16,-0.034025808277,-0.031312572072,0.011845222427,2020-12-24,-0.040896183556,-0.092119724604,-0.001842590155,2021-01-15,-0.040896183556,-0.066870235751,-0.060542247960,2021-03-19,-0.990000000000,-0.160000000000,-0.005192452163,-0.016338174274
2020-12-17,-0.035816640292,-0.024187182796,0.002615062762,2020-12-25,-0.042674278494,-0.086117981035,-0.021705020921,2021-01-18,-0.040969030382,-0.057915042028,-0.063546025105,2021-03-22,-1.000000000000,-0.180000000000,-0.006297483829,-0.006515506906
2020-12-18,-0.037742653812,-0.017918193468,-0.000773594636,2020-12-28,-0.054731670628,-0.083966030887,-0.021918514698,2021-01-19,-0.054731670628,-0.055612096240,-0.079164517793,2021-03-23,-1.000000000000,-0.160000000000,-0.007389614633,-0.001301066875
2020-12-21,-0.027252923482,-0.004247377734,0.003125000000,2020-12-29,-0.058057739888,-0.083407384120,-0.013020833333,2021-01-20,-0.054731670628,-0.051948666008,-0.071093750000,2021-03-24,-1.000000000000,-0.140000000000,-0.008214600640,0.007270838743
2020-12-22,-0.012811135195,-0.003943850092,0.003924646782,2020-12-30,-0.051020438084,-0.089432933112,-0.002354788069,2021-01-21,-0.042598534255,-0.057432323160,-0.061224489796,2021-03-25,-1.000000000000,-0.150000000000,-0.006867523429,0.018641810919
2020-12-23,0.014831303196,-0.008766031977,0.005983350676,2020-12-31,-0.031835887181,-0.093222466093,-0.008584807492,2021-01-22,-0.028399022837,-0.062006591363,-0.068418314256,2021-03-26,-1.010000000000,-0.150000000000,-0.005150777370,0.028002154012
2020-12-24,0.009286781381,-0.018016766731,0.016431924883,2021-01-04,-0.033783803807,-0.081971095542,-0.007042253521,2021-01-25,-0.035498778546,-0.069624511801,-0.066249347939,2021-03-29,-1.010000000000,-0.140000000000,-0.005789771201,0.030661646046
2020-12-25,0.014942108668,-0.024581738980,0.012387096774,2021-01-05,-0.050663900922,-0.079681389891,-0.020387096774,2021-01-26,-0.030335492705,-0.084588177587,-0.081806451613,2021-03-30,-1.030000000000,-0.160000000000,-0.006832036438,0.035752688172
2020-12-28,0.007471054334,-0.022639934482,0.020508826584,2021-01-06,-0.057652025188,-0.067319783374,-0.019470404984,2021-01-27,-0.005530976850,-0.083580005448,-0.091121495327,2021-03-31,-1.030000000000,-0.120000000000,-0.007300971051,0.063395810364
2020-12-29,-0.046347822487,-0.018257535963,0.013552254365,2021-01-07,-0.083719322954,-0.070788087947,-0.018243419338,2021-01-28,-0.053367717684,-0.080266778333,-0.077925462601,2021-04-01,-1.030000000000,-0.100000000000,-0.007805196630,0.050369559266
2020-12-30,-0.065765476657,-0.011938799063,0.005947763124,2021-01-08,-0.072542662642,-0.067111039860,-0.026894233256,2021-01-29,-0.074221623354,-0.079125204922,-0.068269976726,2021-04-02,-1.020000000000,-0.130000000000,-0.009428198422,0.033719989210
2020-12-31,-0.060728782192,-0.005115012160,-0.042853477034,2021-01-11,-0.074356229208,-0.062649709758,-0.030536309982,2021-02-01,-0.082674384540,-0.078102975579,-0.074416217603,2021-04-06,-1.030000000000,-0.130000000000,-0.005625765118,0.027214514408
2021-01-04,-0.042326120921,0.002016098321,-0.039255671680,2021-01-12,-0.064701692249,-0.059008307023,-0.027529951568,2021-02-02,-0.064701692249,-0.078965228120,-0.081825133826,2021-04-07,-1.060000000000,-0.120000000000,-0.006988943083,0.039424613745
2021-01-05,-0.035224345090,-0.000671431142,-0.032561689138,2021-01-13,-0.063017682762,-0.055725115934,-0.044772322564,2021-02-03,-0.063017682762,-0.079095518512,-0.085220045790,2021-04-08,-1.080000000000,-0.160000000000,-0.011988609099,0.046728971963
2021-01-06,-0.040824287730,-0.021285806087,-0.023913602469,2021-01-14,-0.111631323749,-0.073200726151,-0.036770377989,2021-02-04,-0.110028926184,-0.098636667913,-0.063769606583,2021-04-09,-1.070000000000,-0.130000000000,-0.011662311181,0.034473684211
2021-01-07,-0.068439622239,-0.025844314743,-0.025192802057,2021-01-15,-0.146848225196,-0.075787038845,-0.053984575835,2021-02-05,-0.139139946476,-0.100886645954,-0.070694087404,2021-04-12,-1.020000000000,-0.050000000000,-0.011179342439,0.033086289042
2021-01-08,-0.068573712496,-0.046495325432,0.002949061662,2021-01-18,-0.148639057211,-0.090994952018,-0.005898123324,2021-02-08,-0.142496478172,-0.123675724715,-0.040214477212,2021-04-13,-1.010000000000,-0.050000000000,-0.007250823417,0.036898395722
2021-01-11,-0.115296000061,-0.059802354894,0.006367736800,2021-01-19,-0.172537845997,-0.097530765645,-0.007163703900,2021-02-09,-0.168052143147,-0.140504893862,-0.041124966835,2021-04-14,-0.930000000000,0.030000000000,-0.009519038076,0.010163145226
2021-01-12,-0.117217600063,-0.058341776654,-0.003418353931,2021-01-20,-0.165334402455,-0.084185204837,-0.016039968446,2021-02-10,-0.171356524385,-0.143248142461,-0.053904811991,2021-04-15,-0.910000000000,0.060000000000,-0.007827238760,0.017379679144
2021-01-13,-0.042561844725,-0.029875908525,0.004478398314,2021-01-21,-0.135432000630,-0.071537058606,-0.039778714436,2021-02-18,-0.137011409701,-0.140987312561,-0.039778714436,2021-04-16,-0.930000000000,0.050000000000,-0.013133316024,0.007429026267
2021-01-14,0.002099077875,-0.009647259443,0.005010548523,2021-01-22,-0.114942599767,-0.055116426054,-0.042985232068,2021-02-19,-0.127877315721,-0.125188492885,-0.031909282700,2021-04-19,-0.960000000000,0.030000000000,-0.009389836765,-0.005536514632
2021-01-15,0.006310479814,0.013480033609,0.017642341620,2021-01-25,-0.111441376573,-0.055906573128,-0.020582731890,2021-02-22,-0.124451027606,-0.121607585225,-0.025661587811,2021-04-20,-0.940000000000,0.060000000000,-0.007439815874,-0.007082896118
2021-01-18,0.034752414388,0.027939151144,0.000790930662,2021-01-26,-0.110198051425,-0.055390851835,-0.023464276298,2021-02-23,-0.128111351947,-0.120177435216,-0.035855523332,2021-04-21,-0.990000000000,0.010000000000,-0.004928047287,-0.016414799375
2021-01-19,0.069656123680,0.035913320940,-0.003430079156,2021-01-27,-0.082181597673,-0.047248558919,-0.021372031662,2021-02-24,-0.092353215339,-0.113382654449,-0.028232189974,2021-04-22,-0.990000000000,0.010000000000,-0.003177428140,-0.025779840165
2021-01-20,0.040220180793,0.037049552951,-0.012063991608,2021-01-28,-0.088987819174,-0.033325502390,-0.033831628639,2021-02-25,-0.097354945723,-0.105625891409,-0.036978756884,2021-04-23,-1.000000000000,0.000000000000,-0.008433576406,-0.009411764706
2021-01-21,0.031420214649,0.025512760091,-0.012595119391,2021-01-29,-0.100475033781,-0.022440520461,-0.042246129625,2021-02-26,-0.092182947507,-0.103688009166,-0.041983731304,2021-04-26,-1.020000000000,-0.010000000000,-0.011921426993,0.001833420639
2021-01-22,0.033444839357,0.024403964962,-0.007617546625,2021-02-01,-0.090173040224,-0.015122644648,-0.061728395062,2021-03-01,-0.086812022418,-0.102814628972,-0.040189125296,2021-04-27,-0.980000000000,0.030000000000,-0.010478451947,-0.006784968685
2021-01-25,0.048278791127,0.025907526784,0.005005268704,2021-02-02,-0.080971709589,-0.006496316812,-0.067439409905,2021-03-02,-0.077576700885,-0.102860929596,-0.042149631191,2021-04-28,-0.990000000000,0.040000000000,-0.003132273541,-0.016869971451
2021-01-26,0.010175017077,0.017219338557,-0.005824728621,2021-02-03,-0.079718254677,-0.008392889276,-0.059041567382,2021-03-03,-0.089842372474,-0.106392247948,-0.029917924279,2021-04-29,-1.030000000000,0.000000000000,-0.004645860535,-0.015292897875
2021-01-27,0.018315030739,0.004892403531,-0.005574727900,2021-02-04,-0.027216191820,-0.010530872485,-0.066100345102,2021-03-04,-0.082508301252,-0.110393330631,-0.038226705601,2021-04-30,-1.030000000000,0.000000000000,-0.009119527422,-0.015115976023
2021-01-28,0.014216094108,-0.003957871959,-0.022056869519,2021-02-05,-0.023465013339,-0.014544419552,-0.078660643104,2021-03-05,-0.084341819057,-0.118581394269,-0.026308796173,2021-05-06,-1.040000000000,-0.020000000000,-0.003305616479,-0.018528183716
2021-01-29,0.002022655085,-0.005645165661,-0.018528321863,2021-02-08,-0.029388733927,-0.015647465289,-0.067496029645,2021-03-08,-0.104806712930,-0.124289857470,-0.016410799365,2021-05-07,-1.060000000000,-0.030000000000,-0.004841461353,-0.018701298701
2021-02-01,-0.006007212660,-0.009808192343,-0.019134993447,2021-02-09,-0.046118400025,-0.018220156725,-0.085452162516,2021-03-09,-0.115782042383,-0.129963578500,-0.023853211009,2021-05-10,-1.020000000000,0.040000000000,-0.007623361493,-0.021014864172
2021-02-02,0.006043517354,0.002031342257,-0.003462050599,2021-02-10,-0.040353600022,-0.005710999250,-0.055392809587,2021-03-10,-0.113596091348,-0.118007743215,-0.006391478029,2021-05-11,-1.020000000000,0.060000000000,0.002926431767,-0.033418367347
2021-02-03,-0.001998402610,0.010416506268,-0.026962092899,2021-02-18,0.012160527064,0.021519811505,-0.049919914576,2021-03-11,-0.118291030068,-0.108935115809,-0.005605979712,2021-05-12,-1.030000000000,0.040000000000,0.003432550271,-0.046044263546
2021-02-04,-0.002002404220,0.012374922458,-0.013858695652,2021-02-19,0.046179713252,0.024118148608,-0.034510869565,2021-03-12,-0.120056567830,-0.101922261917,0.010597826087,2021-05-13,-1.040000000000,-0.020000000000,0.001569810034,-0.046118370484
2021-02-05,-0.020185722100,0.010900251796,-0.011866235167,2021-02-22,0.021034932713,0.043604978282,-0.036407766990,2021-03-15,-0.126035365524,-0.105404508138,0.002966558792,2021-05-14,-1.020000000000,-0.010000000000,0.000208613255,-0.050799381124
2021-02-08,-0.024174069416,0.012068582338,-0.010154997328,2021-02-23,0.052128621582,0.056829422328,-0.045430251203,2021-03-16,-0.127835870745,-0.109852299228,0.010422234099,2021-05-17,-1.020000000000,-0.090000000000,-0.000944346220,-0.017209425470
2021-02-09,-0.034040871740,0.007996273511,-0.008818813469,2021-02-24,0.050065338895,0.064334790162,-0.045964724746,2021-03-17,-0.131436881189,-0.102575558982,0.016301443079,2021-05-18,-1.030000000000,-0.120000000000,-0.005777643675,-0.013929040736
2021-02-10,-0.040048084400,0.008068007928,0.010699588477,2021-02-25,0.014817961345,0.061473939769,-0.009053497942,2021-03-18,-0.144539700535,-0.100398634579,0.041152263374,2021-05-19,-1.040000000000,-0.110000000000,-0.003336336735,-0.010797998420
2021-02-18,-0.042134859641,0.014354384637,0.005786718104,2021-02-26,0.000000000000,0.048938112538,-0.016533480298,2021-03-19,-0.151138069665,-0.100177713473,0.048773766878,2021-05-20,-1.060000000000,-0.100000000000,-0.005894509617,-0.032343584305
2021-02-19,-0.016481263893,0.026732153704,-0.025109170306,2021-03-01,-0.002090302460,0.057251007849,-0.022652838428,2021-03-22,-0.151138069665,-0.087814395494,0.040120087336,2021-05-21,-0.870000000000,0.070000000000,-0.000645837442,-0.039894319683
2021-02-22,-0.026837342993,0.052423542626,-0.044276457883,2021-03-02,-0.010495389375,0.082001948616,-0.035907127430,2021-03-23,-0.167726087409,-0.063750133105,0.035637149028,2021-05-24,-0.800000000000,0.190000000000,-0.003983243545,-0.026490066225
2021-02-23,-0.014510789463,0.060781199302,-0.041790239957,2021-03-03,-0.032560054647,0.089884947267,-0.038285252090,2021-03-24,-0.163617266958,-0.048219893944,0.021838770558,2021-05-25,-0.790000000000,0.200000000000,-0.004705147188,-0.017464937814
2021-02-24,0.004171884419,0.085592303184,-0.045059717698,2021-03-04,-0.020350034154,0.111159959295,-0.026058631922,2021-03-25,-0.153061314251,-0.021932600618,0.046959826276,2021-05-26,-0.790000000000,0.210000000000,-0.003218036435,-0.022169437846
2021-02-25,0.008378723906,0.112988903649,-0.050136986301,2021-03-05,-0.022339576455,0.138412436493,-0.018904109589,2021-03-26,-0.148567473510,0.009121768188,0.047397260274,2021-05-27,-0.790000000000,0.230000000000,-0.002239265608,-0.040522875817
2021-02-26,0.008378723906,0.124163998873,-0.013717805151,2021-03-08,-0.026294516110,0.160209801453,0.002239641657,2021-03-29,-0.144025689916,0.048998911408,0.070828667413,2021-05-28,-0.600000000000,0.380000000000,0.003507892759,-0.050709406201
2021-03-01,0.014849395311,0.113306744017,-0.014406779661,2021-03-09,-0.042050488620,0.174179967477,0.005084745763,2021-03-30,-0.164220920231,0.073599627920,0.083615819209,2021-05-31,-0.710000000000,0.280000000000,-0.002497223811,-0.050950369588
2021-03-02,0.035759385612,0.125340525984,-0.001969611705,2021-03-10,-0.008058023139,0.205729829674,-0.014912774339,2021-03-31,-0.139762485303,0.115122048158,0.080191333708,2021-06-01,-0.710000000000,0.320000000000,-0.002419323761,-0.069228744406
2021-03-03,0.033236416865,0.120723282985,0.011654349062,2021-03-11,-0.005995207831,0.239239975471,0.005685048323,2021-04-01,-0.114000780193,0.139390073178,0.088118249005,2021-06-02,-0.780000000000,0.250000000000,0.000199285969,-0.060862662080
2021-03-04,0.049854625297,0.107975098380,0.024805307182,2021-03-12,0.012014425320,0.266344661345,0.039226997404,2021-04-02,-0.083424062038,0.164176774028,0.096625324488,2021-06-03,-0.740000000000,0.300000000000,-0.002874009991,-0.065674022866
2021-03-05,0.064395557676,0.090598255998,0.014192449617,2021-03-15,0.034315727571,0.272506294895,0.023843315356,2021-04-06,-0.070729096076,0.174120096351,0.054499006529,2021-06-04,-0.660000000000,0.400000000000,0.002606258108,-0.078348332451
2021-03-08,0.075250888553,0.062025114218,0.023789051304,2021-03-16,0.036261104124,0.259360665712,0.032387503583,2021-04-07,-0.075485307624,0.163456165979,0.077386070507,2021-06-07,-0.660000000000,0.360000000000,0.010106692952,-0.078795811518
2021-03-09,0.048740894084,0.035192363706,0.006484352974,2021-03-17,0.034040871740,0.245632007439,0.013814491119,2021-04-08,-0.070219703649,0.169501633476,0.071045954328,2021-06-08,-0.620000000000,0.400000000000,0.012019123087,-0.074689891792
2021-03-10,0.046240481330,0.009593302450,0.014891823546,2021-03-18,0.042050488620,0.238230345212,0.023040179826,2021-04-09,-0.063017682762,0.172286926478,0.061534138803,2021-06-09,-0.660000000000,0.370000000000,0.009170150178,-0.055466666667
2021-03-11,0.045508538127,-0.017392651479,0.004503236701,2021-03-19,0.060192656630,0.229109436034,0.017450042218,2021-04-12,-0.053724960438,0.163356096335,0.060230790881,2021-06-10,-0.730000000000,0.310000000000,0.005399422596,-0.040290088638
2021-03-12,0.031225625309,-0.025340997022,0.002239014833,2021-03-22,0.088586793426,0.226886346564,0.001959137979,2021-04-13,-0.053724960438,0.163876154805,0.062132661629,2021-06-11,-0.740000000000,0.280000000000,0.000947833617,-0.042651453409
2021-03-15,0.000000000000,-0.009944729004,-0.000279955207,2021-03-23,0.061932329984,0.231968551274,0.011758118701,2021-04-14,-0.075485307624,0.174997446389,0.041433370661,2021-06-15,-0.620000000000,0.400000000000,0.005929999683,-0.042025862069
2021-03-16,-0.007745938385,-0.013743049814,-0.000840336134,2021-03-24,0.062189097698,0.218767625430,0.007843137255,2021-04-15,-0.069040739487,0.187973691524,0.041456582633,2021-06-16,-0.650000000000,0.380000000000,0.008710230757,-0.050639658849
2021-03-17,-0.026902400014,-0.012579030702,-0.006644518272,2021-03-25,0.056320439661,0.212869169608,0.009136212625,2021-04-16,-0.073206486827,0.195330130927,0.016888150609,2021-06-17,-0.680000000000,0.360000000000,0.012473525198,-0.047657082002
2021-03-18,-0.041635151170,-0.000182479487,0.003362286355,2021-03-26,0.060745748321,0.211494885207,0.028579434015,2021-04-19,-0.061179125682,0.200742132267,0.015690669655,2021-06-18,-0.670000000000,0.390000000000,0.008912856991,-0.012602739726
2021-03-19,-0.020817575585,0.004394342431,-0.000279251606,2021-03-29,0.083787239064,0.200193936509,0.017872102765,2021-04-20,-0.039004481801,0.197966048986,0.009494554594,2021-06-21,-0.560000000000,0.310000000000,0.007283717474,-0.012383048982
2021-03-22,0.007776054806,0.000639203093,-0.003640436852,2021-03-30,0.099703082805,0.171349727038,0.024082889947,2021-04-21,-0.031751980919,0.197200172706,0.019882385886,2021-06-22,-0.570000000000,0.230000000000,0.007547026670,-0.028571428571
2021-03-23,-0.003903203164,-0.000183349383,-0.018502943650,2021-03-31,0.073622264495,0.148723380411,0.032520325203,2021-04-22,-0.046694089587,0.192822243922,0.020465377068,2021-06-23,-0.640000000000,0.150000000000,0.006260660598,-0.034473471586
2021-03-24,-0.001974724839,0.001191443311,-0.013935340022,2021-04-01,0.049854625297,0.118572995502,0.023411371237,2021-04-23,-0.063033038582,0.201492806531,0.012263099220,2021-06-24,-0.660000000000,0.130000000000,0.009382636163,-0.034278002699
2021-03-25,-0.007898899354,-0.006935486108,0.006143535325,2021-04-02,0.043622797135,0.080956490505,0.019547612399,2021-04-26,-0.082206845821,0.202959584070,0.011728567439,2021-06-25,-0.690000000000,0.100000000000,0.012663882112,-0.022070844687
2021-03-26,-0.034789353685,-0.010664346883,0.007541899441,2021-04-06,0.037390968973,0.056246822736,0.020670391061,2021-04-27,-0.080971709589,0.206935600663,0.010614525140,2021-06-28,-0.690000000000,-0.090000000000,0.009254635409,-0.009410462220
2021-03-29,-0.036651258135,-0.009125639616,0.012366498033,2021-04-07,0.043896351656,0.042534250153,0.021922428331,2021-04-28,-0.080971709589,0.216170542205,0.017144463182,2021-06-29,-0.670000000000,0.040000000000,0.009143664780,-0.004450625869
2021-03-30,-0.017633240356,-0.004584575142,0.027135104256,2021-04-08,0.018277835282,0.016098634461,0.046558126250,2021-04-29,-0.070448690180,0.214857965456,0.027135104256,2021-06-30,-0.630000000000,0.080000000000,0.015986637112,0.000000000000
2021-03-31,-0.007914528370,-0.005767046474,0.029112492934,2021-04-09,0.008041822840,-0.007674641960,0.024024872809,2021-04-30,-0.025272178118,0.216779130410,0.020350480497,2021-07-01,-0.620000000000,0.160000000000,0.015221487705,-0.015215553677
2021-04-01,0.001990447180,-0.003216280333,0.003330557868,2021-04-12,-0.003957264185,-0.027523422702,0.016930335831,2021-05-06,-0.015643342226,0.213579207119,0.010269220094,2021-07-02,-0.630000000000,0.110000000000,0.013474375838,0.014513375071
2021-04-02,0.008009616880,-0.005619977491,-0.007485444968,2021-04-13,-0.017564414237,-0.036940749180,0.030219018575,2021-05-07,-0.013714742499,0.206323006602,0.012198502911,2021-07-05,-0.660000000000,0.000000000000,0.012760189011,0.037334865020
2021-04-06,0.010012021100,-0.019156142454,0.003331482510,2021-04-14,-0.019440137014,-0.037157123825,0.033870072182,2021-05-10,-0.030745600016,0.190473294839,0.013603553581,2021-07-06,-0.640000000000,0.020000000000,0.009018975446,0.020460358056
2021-04-07,0.005983250886,-0.023949589430,0.000556173526,2021-04-15,-0.023237815155,-0.041952467854,0.037541713014,2021-05-11,-0.030745600016,0.186559308839,0.022246941046,2021-07-07,-0.650000000000,-0.030000000000,-0.001395829454,0.028807758129
2021-04-08,0.005983250886,-0.023478207068,0.001098599286,2021-04-16,-0.030745600016,-0.040180500946,0.023070585004,2021-05-12,0.022294299618,0.214053444223,0.010711343038,2021-07-08,-0.660000000000,0.000000000000,0.004581765295,0.020327498588
2021-04-09,0.021851424878,-0.020374041590,0.015491009682,2021-04-19,-0.026495096199,-0.030474074409,0.028769017981,2021-05-13,0.079764959253,0.220393938948,0.019087136929,2021-07-09,-0.690000000000,0.040000000000,0.009554522597,0.016232857543
2021-04-12,0.021851424878,-0.017233174862,0.018156424581,2021-04-20,-0.026495096199,-0.028929421001,0.038826815642,2021-05-14,0.082036237580,0.243343911057,0.031005586592,2021-07-12,-0.640000000000,0.100000000000,0.012339495492,0.024971623156
2021-04-13,0.013877883874,-0.010610193147,0.011898173769,2021-04-21,-0.005832041104,-0.037804297198,0.046209186497,2021-05-17,0.110773320861,0.252760150353,0.019369120089,2021-07-13,-0.640000000000,-0.020000000000,0.007930601656,0.005343082115
2021-04-14,0.019825548391,-0.015571714066,0.023624235686,2021-04-22,0.003903203164,-0.043728827730,0.056976097832,2021-05-18,0.119721462575,0.240452764707,0.023624235686,2021-07-14,-0.690000000000,-0.040000000000,0.007076066950,0.014879281303
2021-04-15,0.017842993552,-0.019139863943,0.007407407407,2021-04-23,0.013823073870,-0.046557938605,0.041152263374,2021-05-19,0.086790916449,0.227488974808,0.019204389575,2021-07-15,-0.690000000000,-0.010000000000,0.004680605941,0.009784735812
2021-04-16,-0.042768301431,-0.018539194304,-0.005448106783,2021-04-26,-0.027646147740,-0.048274633569,0.036774720785,2021-05-20,0.031420214649,0.209436566929,0.013347861618,2021-07-16,-0.770000000000,-0.100000000000,0.006242469607,0.010821309656
2021-04-19,-0.044712315132,-0.012161624024,0.002469135802,2021-04-27,-0.050251288656,-0.044936094129,0.045541838134,2021-05-21,0.027173931977,0.211886558342,0.015089163237,2021-07-19,-0.770000000000,-0.210000000000,0.003111095061,0.022568960713
2021-04-20,-0.027375848896,-0.007782000726,-0.005742411813,2021-04-28,-0.040509285307,-0.045901967269,0.048947224501,2021-05-24,0.044080635377,0.209226410503,0.013125512715,2021-07-20,-0.730000000000,-0.160000000000,0.000192083693,0.018207282913
2021-04-21,-0.033048232924,-0.001054535192,-0.005158837904,2021-04-29,-0.025470236070,-0.044562070379,0.029052402932,2021-05-25,0.012210020492,0.196185663959,0.000543035569,2021-07-21,-0.740000000000,-0.100000000000,-0.000965106335,0.024546722455
2021-04-22,-0.037008204784,-0.002979870685,-0.013344226580,2021-04-30,-0.021764953017,-0.050530311962,0.050381263617,2021-05-26,0.006105010246,0.180108716033,-0.001361655773,2021-07-22,-0.760000000000,-0.100000000000,-0.004647710307,0.027389603130
2021-04-23,-0.079203952887,-0.007670817602,0.003560668310,2021-05-06,-0.097531911844,-0.048979354788,0.047110380718,2021-05-27,-0.079203952887,0.170301576273,0.006573541495,2021-07-23,-0.760000000000,-0.070000000000,-0.004957789105,0.022011702424
2021-04-26,-0.067155112709,-0.016319696557,0.016967706623,2021-05-07,-0.082098573020,-0.050395535858,0.046798029557,2021-05-28,-0.072815583074,0.163709804162,0.007389162562,2021-07-26,-0.760000000000,-0.070000000000,-0.008844489546,0.019558535904
2021-04-27,-0.078407772690,-0.017981592970,0.024202420242,2021-05-10,-0.082098573020,-0.054429231684,0.055005500550,2021-05-31,-0.082098573020,0.157494766709,0.010726072607,2021-07-27,-0.780000000000,-0.110000000000,-0.010433087420,0.020676166527
2021-04-28,-0.078407772690,-0.013243589143,0.018286026201,2021-05-11,-0.085759929371,-0.052873324358,0.047762008734,2021-06-01,-0.076551219817,0.160363185939,0.008460698690,2021-07-28,-0.760000000000,-0.130000000000,-0.014409633900,0.027149321267
2021-04-29,-0.095064789013,-0.008773506248,0.028153463980,2021-05-12,-0.107698515954,-0.053401412154,0.056582942313,2021-06-02,-0.105915338340,0.164059973714,0.025117306100,2021-07-29,-0.780000000000,-0.160000000000,-0.014806897968,0.042346208870
2021-04-30,-0.002205559628,0.000579758542,0.015010917031,2021-05-13,-0.101311151709,-0.045357594853,0.037663755459,2021-06-03,-0.094112998340,0.175633073785,0.015556768559,2021-07-30,-0.770000000000,-0.140000000000,-0.015209238418,0.016830294530
2021-05-06,-0.013089014754,0.001261262100,0.000807319699,2021-05-14,-0.101311151709,-0.043824148978,-0.000269106566,2021-06-04,-0.086798605032,0.171792510074,-0.008342303552,2021-08-02,-0.760000000000,-0.100000000000,-0.015296957492,0.017718715393
2021-05-07,-0.015270517212,0.004285518376,0.015306122449,2021-05-17,-0.105075406473,-0.031830579440,0.009398496241,2021-06-07,-0.090652760309,0.173969752945,-0.011278195489,2021-08-03,-0.870000000000,-0.230000000000,-0.016999308106,0.035087719298
2021-05-10,0.006544507377,-0.000097256057,0.019297775395,2021-05-18,-0.085249858082,-0.029727817763,0.018225676762,2021-06-08,-0.076091360360,0.157898245955,-0.013133208255,2021-08-04,-0.890000000000,-0.240000000000,-0.019283868665,0.034100360410
2021-05-11,0.031291932120,-0.002528903421,0.018791946309,2021-05-19,-0.085249858082,-0.033094050463,0.014228187919,2021-06-09,-0.076091360360,0.149146091005,-0.009664429530,2021-08-05,-0.910000000000,-0.250000000000,-0.019250637017,0.030713890426
2021-05-12,0.024314783609,-0.019893509849,0.023393385319,2021-05-20,-0.099144698772,-0.044889318187,0.012906695348,2021-06-10,-0.070224766068,0.138160952126,-0.014251142780,2021-08-06,-0.890000000000,-0.200000000000,-0.019616784494,0.027816028642
2021-05-13,0.019893913862,-0.033139098167,0.024737832751,2021-05-21,-0.103032726175,-0.059299701635,0.020435600968,2021-06-11,-0.049443791680,0.120743971562,-0.044097875773,2021-08-09,-0.850000000000,-0.210000000000,-0.015315453361,0.029069767442
2021-05-14,0.024368648921,-0.037435254467,0.014546416292,2021-05-24,-0.095815471135,-0.058080298100,-0.016133298069,2021-06-15,-0.045417041988,0.116546760000,-0.059243586353,2021-08-10,-0.850000000000,-0.210000000000,-0.015270649354,0.045874125874
2021-05-17,0.017338547420,-0.034334727213,-0.003418353931,2021-05-25,-0.087480616563,-0.048221018305,-0.022350775703,2021-06-16,-0.026948609003,0.109272082569,-0.068630028925,2021-08-11,-0.880000000000,-0.190000000000,-0.015881869333,0.044813278008
2021-05-18,0.013003910565,-0.034324264447,0.016337285903,2021-05-26,-0.089598811582,-0.048062430406,-0.032147562582,2021-06-17,-0.025031306516,0.100821063621,-0.057971014493,2021-08-12,-0.900000000000,-0.210000000000,-0.013673263954,0.052602436323
2021-05-19,0.023737608788,-0.029263574752,0.004466631634,2021-05-27,-0.036555670563,-0.055325771953,-0.047556489753,2021-06-18,-0.006284042930,0.089219222353,-0.057015239096,2021-08-13,-0.880000000000,-0.110000000000,-0.016259352920,0.046390337634
2021-05-20,0.015171228992,-0.014732210505,0.003673576489,2021-05-28,-0.046805078555,-0.061747623814,-0.051430070848,2021-06-21,-0.018852128789,0.075482959667,-0.046182104435,2021-08-16,-0.800000000000,-0.030000000000,-0.013474324407,0.038419618529
2021-05-21,-0.008650525267,-0.004231680050,0.000000000000,2021-05-31,-0.078407772690,-0.054709953080,-0.050573514077,2021-06-22,-0.027577448435,0.056439585699,-0.049791449426,2021-08-17,-0.780000000000,-0.050000000000,-0.011489776196,0.049793672627
2021-05-24,-0.055389898729,0.009266593447,0.012928759894,2021-06-01,-0.108564608340,-0.038387214908,-0.039577836412,2021-06-23,-0.067311784681,0.055402619048,-0.034828496042,2021-08-18,-0.800000000000,-0.060000000000,-0.009906511147,0.042199836646
2021-05-25,-0.055626911729,0.017570191907,-0.007518796992,2021-06-02,-0.107200719526,-0.028441586188,-0.058335493907,2021-06-24,-0.083091042162,0.031844733680,-0.052890847809,2021-08-19,-0.830000000000,-0.070000000000,-0.012414273410,0.036996735582
2021-05-26,-0.073777454875,0.023040688841,-0.005493068271,2021-06-03,-0.030877834787,-0.026089134397,-0.052314935914,2021-06-25,-0.087245594271,0.001191997406,-0.044729270207,2021-08-20,-0.860000000000,-0.100000000000,-0.013131950591,0.050163576881
2021-05-27,-0.064047867953,0.025429411209,-0.028758169935,2021-06-04,-0.043630049178,-0.021926556514,-0.054117647059,2021-06-28,-0.089322870325,-0.018976004210,-0.049411764706,2021-08-23,-0.820000000000,-0.060000000000,-0.016649641076,0.049328583173
2021-05-28,-0.054537561473,0.019831761902,-0.020072992701,2021-06-07,-0.054537561473,-0.018310851244,-0.056569343066,2021-06-29,-0.094063610691,-0.032260740522,-0.041449426486,2021-08-24,-0.810000000000,-0.030000000000,-0.015236367654,0.040240897892
2021-05-31,-0.011276508252,-0.001197588536,-0.010419380047,2021-06-08,-0.043630049178,-0.026648159487,-0.063297733785,2021-06-30,-0.109667011689,-0.063271377302,-0.043500911696,2021-08-25,-0.840000000000,-0.080000000000,-0.018664829323,0.053964757709
2021-06-01,0.004531041029,-0.015778292562,-0.013061650993,2021-06-09,-0.008940552034,-0.035307382375,-0.056948798328,2021-07-01,-0.108564608340,-0.093831634436,-0.044932079415,2021-08-26,-0.840000000000,-0.060000000000,-0.015901939967,0.057644798243
2021-06-02,0.018206659237,-0.023315490534,-0.009205681220,2021-06-10,-0.011052174368,-0.049347492877,-0.042609153077,2021-07-02,-0.114760661364,-0.117445223906,-0.036033666491,2021-08-27,-0.840000000000,-0.070000000000,-0.012620428884,0.046344827586
2021-06-03,0.018248189057,-0.034718309524,0.021534320323,2021-06-11,-0.013262609242,-0.057072891287,-0.017227456258,2021-07-05,-0.128805704401,-0.131701801424,-0.002422611036,2021-08-30,-0.850000000000,-0.090000000000,-0.013993796668,0.026659412405
2021-06-04,0.023073391073,-0.042761601788,-0.010375099761,2021-06-15,-0.017722653761,-0.064299413760,-0.028731045491,2021-07-06,-0.138024972800,-0.127744564392,-0.018621973929,2021-08-31,-0.790000000000,0.080000000000,-0.010113916923,0.004035512510
2021-06-07,-0.029653307218,-0.035970734211,-0.021321400369,2021-06-16,-0.078023463389,-0.061569071745,-0.032376941300,2021-07-07,-0.176220098257,-0.127665699590,-0.028691760990,2021-09-01,-0.840000000000,0.050000000000,-0.004003833955,0.007238605898
2021-06-08,-0.038340128056,-0.028735238154,-0.027792482795,2021-06-17,-0.075856144962,-0.060652535471,-0.025939650609,2021-07-08,-0.180630400096,-0.128233715857,-0.023557437798,2021-09-02,-0.820000000000,0.090000000000,-0.005331639168,0.014228187919
2021-06-09,-0.046937898181,-0.021230913510,-0.037695779135,2021-06-18,-0.079844684106,-0.050644705126,-0.022033448367,2021-07-09,-0.193035700880,-0.120892660456,-0.023360764534,2021-09-03,-0.830000000000,0.060000000000,-0.004386879187,0.011521972133
2021-06-10,-0.047043045880,-0.008118271084,-0.047430830040,2021-06-21,-0.078023463389,-0.032671432821,-0.027404479578,2021-07-12,-0.194928207752,-0.116358525610,-0.022397891963,2021-09-06,-0.820000000000,0.030000000000,-0.010939436708,0.012644605865
2021-06-11,-0.036084826406,0.002694821051,-0.020967741935,2021-06-22,-0.075692096087,-0.025289326010,-0.009677419355,2021-07-13,-0.169129192023,-0.116608907058,-0.002419354839,2021-09-07,-0.900000000000,-0.050000000000,-0.009667349512,0.014977266649
2021-06-15,0.030559497382,-0.000518234818,-0.020979020979,2021-06-23,-0.066041802330,-0.028706294918,-0.009413663260,2021-07-14,-0.144418517056,-0.115968484441,-0.015868746638,2021-09-08,-0.850000000000,0.030000000000,-0.006743001952,-0.012443738417
2021-06-16,0.023452175932,-0.003425675709,-0.011162537435,2021-06-24,-0.066324394754,-0.030596368665,0.011434794446,2021-07-15,-0.138230738698,-0.120152475416,-0.009528995372,2021-09-09,-0.870000000000,0.030000000000,-0.005369104598,-0.019200420831
2021-06-17,0.018761740746,-0.007680223715,-0.000551724138,2021-06-25,-0.084317091285,-0.029536742083,0.026206896552,2021-07-16,-0.142180188376,-0.127485185437,0.006068965517,2021-09-10,-0.750000000000,0.130000000000,0.003086167382,-0.038037775446
2021-06-18,0.023507305679,-0.009531568971,0.000829875519,2021-06-28,-0.070452654749,-0.027565481751,0.023513139696,2021-07-19,-0.158484833452,-0.128610200439,0.006915629322,2021-09-13,-0.750000000000,0.050000000000,0.002807608183,-0.048806087641
2021-06-21,-0.011698652081,-0.006098735846,-0.006315211422,2021-06-29,-0.078534088521,-0.027116898928,0.017298187809,2021-07-20,-0.185185304260,-0.122557340044,-0.000274574410,2021-09-14,-0.790000000000,-0.010000000000,0.004535249598,-0.049266247379
2021-06-22,-0.011405118161,0.009540464845,-0.012087912088,2021-06-30,-0.022553016504,-0.028442727723,0.012362637363,2021-07-21,-0.150862167491,-0.107370749824,0.006593406593,2021-09-15,-0.750000000000,0.050000000000,0.004842788060,-0.048850574713
2021-06-23,0.000000000000,0.024062159119,-0.006057268722,2021-07-01,-0.011327602573,-0.024411697927,0.009636563877,2021-07-22,-0.136525614382,-0.100053679302,0.001927312775,2021-09-16,-0.830000000000,0.000000000000,0.011130283921,-0.043809024134
2021-06-24,0.048342578532,0.037652429586,0.004692243997,2021-07-02,0.036413318475,-0.015675946827,0.014352746343,2021-07-23,-0.093551017483,-0.088309868577,-0.007452387524,2021-09-17,-0.840000000000,0.020000000000,0.010423563524,-0.058151609553
2021-06-25,0.045934807790,0.040689797718,0.009121061360,2021-07-05,0.038777401747,-0.013093762449,0.017412935323,2021-07-26,-0.088105785680,-0.083378354574,0.003869541183,2021-09-22,-0.810000000000,0.010000000000,0.013897310789,-0.053538782972
2021-06-28,0.075757635541,0.040353043368,0.008842221608,2021-07-06,0.048454121254,-0.007540328854,0.015473887814,2021-07-27,-0.090108189900,-0.078742797106,-0.001934235977,2021-09-23,-0.800000000000,0.010000000000,0.013863076330,-0.045000000000
2021-06-29,0.046146782146,0.029891724163,0.022246941046,2021-07-07,0.034215354482,0.001798536711,0.027530589544,2021-07-28,-0.095732014182,-0.076454458566,-0.005005561735,2021-09-24,-0.800000000000,0.040000000000,0.015994395711,-0.055381400209
2021-06-30,0.038955116831,0.023700211247,0.019390581717,2021-07-08,0.022553016504,0.014720507966,0.028808864266,2021-07-29,-0.095732014182,-0.073380906012,-0.005540166205,2021-09-27,-0.830000000000,0.010000000000,0.014590476489,-0.069815728004
2021-07-01,-0.002195873368,0.018243878524,0.012087912088,2021-07-09,0.015645966060,0.026208496104,0.022252747253,2021-07-30,-0.097338165368,-0.068681723913,-0.016483516484,2021-09-28,-0.870000000000,-0.030000000000,0.013309677950,-0.043237542842
2021-07-02,-0.002195873368,0.028846725987,0.010955902492,2021-07-12,0.017921160335,0.051895277180,0.009312517119,2021-08-02,-0.097338165368,-0.051606873109,-0.026294165982,2021-09-29,-0.870000000000,-0.020000000000,0.014035744582,-0.037625861155
2021-07-05,0.000000000000,0.033389529044,0.009038619556,2021-07-13,0.024808318154,0.071412757863,0.008490824432,2021-08-03,-0.099127741956,-0.029389296062,-0.027663653793,2021-09-30,-0.890000000000,-0.100000000000,0.011382282801,-0.023311897106
2021-07-06,0.000000000000,0.032714497390,0.001904243743,2021-07-14,0.065820455901,0.073174756243,0.001632208923,2021-08-04,-0.101110296795,-0.022838513964,-0.026115342764,2021-10-08,-0.890000000000,-0.050000000000,0.011151430369,-0.020761245675
2021-07-07,0.019850036649,0.026231759984,0.009510869565,2021-07-15,0.084427833355,0.072146806606,0.002445652174,2021-08-05,-0.083267303243,-0.026211242247,-0.025271739130,2021-10-11,-0.940000000000,-0.120000000000,0.014262343843,-0.026998411858
2021-07-08,0.017605646718,0.020391727057,0.009771986971,2021-07-16,0.084427833355,0.069848521080,-0.004885993485,2021-08-06,-0.101088712473,-0.029926212125,-0.028230184582,2021-10-12,-0.950000000000,-0.120000000000,0.011620984803,-0.027814569536
2021-07-09,0.017605646718,0.006154666175,0.002438363587,2021-07-19,0.086977031012,0.067031794828,-0.036846383094,2021-08-09,-0.101088712473,-0.029037055808,-0.027092928746,2021-10-13,-0.920000000000,-0.100000000000,0.016564816243,-0.022316684378
2021-07-12,0.024207764237,-0.003772805156,0.005700325733,2021-07-20,0.088909755818,0.064501884199,-0.034473398480,2021-08-10,-0.089949217800,-0.022681685042,-0.013843648208,2021-10-14,-0.910000000000,-0.010000000000,0.014489905530,-0.031884057971
2021-07-13,0.026466715532,-0.006470844115,0.000543035569,2021-07-21,0.061587638068,0.066783253912,-0.038284007602,2021-08-11,-0.095256671369,-0.013804824326,-0.011403746945,2021-10-15,-0.950000000000,-0.100000000000,0.012608290205,-0.010991957105
2021-07-14,0.010813156584,-0.002807863878,-0.012920592194,2021-07-22,0.071035801280,0.072811468504,-0.037685060565,2021-08-12,-0.089598811582,-0.009996985524,-0.033378196501,2021-10-18,-0.940000000000,-0.070000000000,0.011216754515,-0.009922231161
2021-07-15,0.041089995019,-0.001358150494,-0.012096774194,2021-07-23,0.108195294809,0.076664530240,-0.035215053763,2021-08-13,-0.022339576455,-0.012944504703,-0.036559139785,2021-10-19,-0.970000000000,-0.220000000000,0.002889572076,0.014725934006
2021-07-16,0.045415257652,-0.011263080709,-0.005135135135,2021-07-26,0.110243538695,0.065166436963,-0.017567567568,2021-08-16,-0.016280027323,-0.028153862481,-0.034054054054,2021-10-20,-1.010000000000,-0.260000000000,0.000511015876,0.023724137931
2021-07-19,0.038676435093,-0.029422800398,-0.008097165992,2021-07-27,0.144412992750,0.039521021856,-0.016194331984,2021-08-17,-0.028146379940,-0.043997514714,-0.029419703104,2021-10-21,-1.020000000000,-0.230000000000,0.002362597620,0.014057331863
2021-07-20,0.015040835869,-0.036842129821,0.002713704206,2021-07-28,0.089986225186,0.017770681375,-0.007327001357,2021-08-18,-0.050261392750,-0.049135635082,-0.022795115332,2021-10-22,-1.050000000000,-0.300000000000,0.004331628153,0.018676187860
2021-07-21,0.002139496605,-0.043110412369,0.012817016635,2021-07-29,0.073327278741,0.002441223476,-0.003817834742,2021-08-19,-0.052589032220,-0.049845084947,-0.016634851377,2021-10-25,-1.030000000000,-0.200000000000,0.001122532742,0.013717421125
2021-07-22,-0.037390968973,-0.040702784576,0.012517006803,2021-07-30,0.017566986947,-0.004636565813,-0.006258503401,2021-08-20,0.022055596277,-0.045800924831,-0.012244897959,2021-10-26,-0.980000000000,-0.140000000000,-0.002078488608,0.010749724366
2021-07-23,-0.059991766647,-0.028969464809,0.001086661233,2021-08-02,-0.002195873368,-0.006131185663,-0.012224938875,2021-08-23,-0.008726009836,-0.040651447696,-0.023091551209,2021-10-27,-1.010000000000,-0.200000000000,0.000768830751,0.016556291391
2021-07-26,-0.084815945949,-0.010204963694,0.001904761905,2021-08-03,-0.026408470077,-0.010996551481,0.000544217687,2021-08-24,-0.034904039343,-0.036426906199,-0.017687074830,2021-10-28,-1.050000000000,-0.250000000000,0.002113975140,0.017635712317
2021-07-27,-0.065622400242,-0.002220397459,-0.003518267930,2021-08-04,-0.026466715532,-0.013963504983,-0.006224627876,2021-08-25,-0.037085541802,-0.038513398383,-0.019485791610,2021-10-29,-1.110000000000,-0.310000000000,0.003477719842,0.012721238938
2021-07-28,-0.055508152226,0.002942628088,-0.006731287022,2021-08-05,-0.024261155904,-0.017885290898,-0.015616585891,2021-08-26,-0.011175690043,-0.038614409925,-0.032310177706,2021-11-01,-1.130000000000,-0.300000000000,0.009485541239,0.031808035714
2021-07-29,-0.032369466530,0.001215173138,-0.014780972857,2021-08-06,-0.013204235038,-0.021282627753,-0.015049717818,2021-08-27,-0.008841739494,-0.045194964122,-0.031174415480,2021-11-02,-1.150000000000,-0.280000000000,0.002725606556,0.021769082392
2021-07-30,-0.002200705840,-0.000606787771,-0.035278154681,2021-08-09,-0.002200705840,-0.034583362316,0.005698778833,2021-08-30,0.002210434874,-0.042441301161,-0.023066485753,2021-11-03,-1.150000000000,-0.280000000000,-0.002410805600,0.024229074890
2021-08-02,0.036166392530,-0.001819443299,-0.033948940793,2021-08-10,0.008802823359,-0.044693230311,0.001901140684,2021-08-31,0.015507322041,-0.042284380693,-0.027430744161,2021-11-04,-1.160000000000,-0.270000000000,-0.001475629325,0.009602194787
2021-08-03,0.020389684632,-0.005866801751,-0.038022813688,2021-08-11,-0.006616678883,-0.050800955290,0.002172732211,2021-09-01,-0.023840502702,-0.044061278831,-0.017925040739,2021-11-05,-1.170000000000,-0.280000000000,0.000486697076,0.000543625985
2021-08-04,0.015822796732,-0.008498466634,-0.030902683654,2021-08-12,-0.028114207118,-0.051122487155,0.000000000000,2021-09-02,-0.026007821130,-0.044368012282,-0.004337218758,2021-11-08,-1.190000000000,-0.250000000000,-0.001894610278,0.003536452666
2021-08-05,-0.006690459925,0.002022830474,-0.021003818876,2021-08-13,-0.036764732385,-0.038901310576,0.003546099291,2021-09-03,-0.038843359836,-0.023844394242,0.002454991817,2021-11-09,-1.160000000000,-0.210000000000,-0.001770038621,0.004087193460
2021-08-06,-0.024261155904,0.001113119674,0.022503516174,2021-08-16,-0.043252626336,-0.039420782481,0.043600562588,2021-09-06,-0.041179050122,-0.008518625122,0.033755274262,2021-11-10,-1.100000000000,-0.180000000000,-0.004868756107,-0.004619565217
2021-08-09,-0.034904039343,-0.001518966422,0.024739949396,2021-08-17,-0.049419889285,-0.042531968892,0.043294911442,2021-09-07,-0.043252626336,-0.006549028648,0.044700590385,2021-11-11,-1.060000000000,-0.150000000000,0.000138144892,-0.028851388133
2021-08-10,-0.019982252799,0.020553236138,0.032749858837,2021-08-18,-0.051568580124,-0.024982657953,0.033032185206,2021-09-08,-0.059650660169,0.010273831865,0.053077357425,2021-11-12,-1.040000000000,-0.090000000000,0.001343937652,-0.037137435619
2021-08-11,-0.035603052665,0.042448390512,0.021818181818,2021-08-19,-0.072742884569,-0.008058928438,0.017622377622,2021-09-09,-0.072742884569,0.031606149810,0.043076923077,2021-11-15,-1.040000000000,-0.100000000000,0.001091871537,-0.039003250271
2021-08-12,-0.033677618379,0.056625850296,0.017553636110,2021-08-20,-0.105941078757,0.016902827008,0.016160490387,2021-09-10,-0.092748800414,0.062524512451,0.040401225968,2021-11-16,-1.070000000000,-0.100000000000,0.002467870463,-0.037893039506
2021-08-13,-0.029385193931,0.068532364257,0.000275103164,2021-08-23,-0.111708806860,0.038102211342,0.001375515818,2021-09-13,-0.083262228339,0.075271057180,0.022558459422,2021-11-17,-1.050000000000,-0.040000000000,0.002555322104,-0.032336297494
2021-08-16,-0.009041598133,0.072209957347,0.008779149520,2021-08-24,-0.093090672384,0.057728078938,-0.001097393690,2021-09-14,-0.043630049178,0.069714714034,0.026063100137,2021-11-18,-1.080000000000,-0.060000000000,-0.000152041485,-0.015765153574
2021-08-17,0.004531041029,0.055133848634,0.003827227993,2021-08-25,-0.061388697000,0.068125831135,0.001640240569,2021-09-15,0.000000000000,0.056186862134,0.020776380536,2021-11-19,-1.100000000000,-0.050000000000,-0.002972030125,-0.013750337018
2021-08-18,0.023073391073,0.032203956564,0.000821242814,2021-08-26,-0.053373223294,0.070014254496,-0.003832466466,2021-09-16,0.004531041029,0.046441766788,0.014508623050,2021-11-22,-1.070000000000,-0.040000000000,0.000429243753,-0.009472259811
2021-08-19,0.037174749980,0.001910559817,0.003559693319,2021-08-27,-0.036685395400,0.062075094459,-0.015334063527,2021-09-17,0.015930826833,0.040578875015,-0.000273822563,2021-11-23,-1.050000000000,-0.070000000000,0.003149362703,-0.005181347150
2021-08-20,0.044247821959,-0.012770623706,0.019251925193,2021-08-30,-0.013204235038,0.055419949726,-0.001100110011,2021-09-22,0.022810236322,0.035214285374,-0.005775577558,2021-11-24,-1.040000000000,-0.030000000000,0.003950838810,-0.006786102063
2021-08-23,0.025091259954,-0.022133653975,0.003263530052,2021-08-31,0.015822796732,0.044980681555,-0.017677454447,2021-09-23,0.036917425717,0.025696647014,-0.017133532771,2021-11-25,-1.010000000000,0.040000000000,0.003759601694,-0.011102085026
2021-08-24,0.013531809902,-0.030331274208,0.004901960784,2021-09-01,0.018124164117,0.038033059630,-0.025599128540,2021-09-24,0.025091259954,0.025379351360,-0.016067538126,2021-11-26,-1.020000000000,0.090000000000,-0.000960885928,0.004642271983
2021-08-25,0.009021206601,-0.034802775422,0.009026258206,2021-09-02,0.011301997666,0.029744633218,-0.018052516411,2021-09-27,0.009021206601,0.026214603228,-0.010393873085,2021-11-29,-1.010000000000,0.120000000000,-0.008775907927,-0.010816657653
2021-08-26,0.002240145042,-0.037852293296,0.003819918145,2021-09-03,-0.002230153308,0.020632870833,-0.023192360164,2021-09-28,0.000000000000,0.025091079603,-0.019918144611,2021-11-30,-1.000000000000,0.150000000000,-0.002476134824,-0.016990291262
2021-08-27,-0.008920613233,-0.040915526590,0.001079330815,2021-09-06,-0.019850036649,0.012851472597,-0.040744738262,2021-09-29,-0.004480290084,0.028568093180,-0.036157582299,2021-12-01,-0.990000000000,0.160000000000,0.004217684230,-0.010215053763
2021-08-30,-0.011125953958,-0.034435608121,0.005963675793,2021-09-07,-0.030541034425,0.010835293813,-0.037679587964,2021-09-30,0.002255301650,0.034618085815,-0.029005150447,2021-12-02,-1.080000000000,0.080000000000,0.000063445247,0.002989130435
2021-08-31,-0.004450381583,-0.033326395207,-0.008401084011,2021-09-08,-0.006660750933,0.009360879825,-0.029810298103,2021-10-08,0.051716072493,0.028191974077,-0.034688346883,2021-12-03,-1.080000000000,0.090000000000,0.000009280642,0.002444987775
2021-09-01,0.008940552034,-0.028394197130,-0.013824884793,2021-09-09,0.004450381583,0.009081506624,-0.027649769585,2021-10-11,0.058630439830,0.026574938836,-0.027920845758,2021-12-06,-1.030000000000,0.160000000000,-0.001941505854,0.000271076172
2021-09-02,0.008940552034,-0.028044414425,-0.008698015765,2021-09-10,0.013471047351,-0.009992797111,-0.026909486273,2021-10-12,0.058630439830,0.017955117603,-0.026094047295,2021-12-07,-1.030000000000,0.130000000000,-0.001723664412,0.000542740841
2021-09-03,0.002250226710,-0.029373164677,-0.018867924528,2021-09-13,0.006781198599,-0.017992272622,-0.032075471698,2021-10-13,0.047014611358,0.006527052665,-0.033153638814,2021-12-08,-1.030000000000,0.070000000000,-0.001936757853,0.006552006552
2021-09-06,-0.006750680131,-0.033459772538,-0.018862840205,2021-09-14,-0.002260399533,-0.021500717637,-0.021018593371,2021-10-14,0.032756225828,-0.002687578508,-0.035839396389,2021-12-09,-1.010000000000,0.050000000000,-0.006240354343,0.039237668161
2021-09-07,0.000000000000,-0.037297875755,0.001366493577,2021-09-15,0.013593123088,-0.047855781816,-0.004919376879,2021-10-15,0.020529212689,-0.009644165549,-0.021317299809,2021-12-10,-1.010000000000,0.030000000000,-0.005433291088,0.040540540541
2021-09-08,-0.019937985481,-0.040650669583,0.000274876306,2021-09-16,0.020766051966,-0.071357703147,-0.012919186366,2021-10-18,0.013748864764,-0.011770666582,-0.014293567894,2021-12-13,-0.980000000000,0.060000000000,-0.003848599651,0.029594137542
2021-09-09,-0.042091302682,-0.035582703992,-0.013984096518,2021-09-17,0.004646843748,-0.096387742765,-0.017274472169,2021-10-19,-0.004604055098,-0.010668188383,-0.015080888401,2021-12-14,-1.030000000000,0.040000000000,-0.002811604723,0.016480446927
2021-09-10,-0.044903491172,-0.029850328395,-0.002197802198,2021-09-22,-0.009315330939,-0.108408405681,-0.018131868132,2021-10-20,-0.022967403895,-0.014121138026,-0.021428571429,2021-12-15,-1.080000000000,-0.030000000000,-0.004051695591,0.019214703425
2021-09-13,-0.045310410293,-0.029332090675,-0.007964844823,2021-09-23,-0.038777401747,-0.114168035674,-0.012359241966,2021-10-21,-0.002367426111,-0.026000672273,-0.018676187860,2021-12-16,-1.050000000000,0.030000000000,-0.004983396398,0.005799502900
2021-09-14,-0.071524416275,-0.022931610607,-0.023471615721,2021-09-24,-0.063148446210,-0.118301418408,-0.017194323144,2021-10-22,-0.041532103932,-0.041499163443,-0.013373362445,2021-12-17,-1.040000000000,0.060000000000,-0.005239911029,-0.003280481137
2021-09-15,-0.074593184594,-0.024664977924,-0.013465237703,2021-09-27,-0.076680256112,-0.122520942357,-0.009068425392,2021-10-25,-0.061869891437,-0.058792798716,-0.004396812311,2021-12-20,-1.050000000000,0.020000000000,-0.008686723341,-0.000273224044
2021-09-16,-0.064754906533,-0.023680809748,-0.004449388209,2021-09-28,-0.094086091761,-0.119468321158,0.009454949944,2021-10-26,-0.111989541787,-0.069145307553,0.001668520578,2021-12-21,-1.040000000000,0.010000000000,-0.008931930747,-0.005482456140
2021-09-17,-0.063469725333,-0.021219852955,-0.021200440529,2021-09-29,-0.111507665409,-0.116039116393,-0.009911894273,2021-10-27,-0.125164781997,-0.072770138030,-0.009911894273,2021-12-22,-1.010000000000,0.030000000000,-0.007562188289,-0.018311013938
2021-09-22,-0.061699147049,-0.013774492971,-0.017165005537,2021-09-30,-0.120160302745,-0.106595618398,-0.000553709856,2021-10-28,-0.129841644543,-0.076675954421,0.002214839424,2021-12-23,-0.960000000000,0.050000000000,-0.004110148598,-0.003285870756
2021-09-23,0.168512412544,0.007287429955,0.000558971492,2021-10-08,0.080106868496,-0.084095552817,0.012576858580,2021-10-29,0.070577908086,-0.062536554461,0.016210173281,2021-12-24,-0.960000000000,0.060000000000,-0.001520678918,-0.020114161457
2021-09-24,0.180752467638,0.028422796336,-0.000835654596,2021-10-11,0.080464968309,-0.065041378893,0.001114206128,2021-11-01,0.066166788830,-0.054450774513,0.012813370474,2021-12-27,-0.900000000000,0.110000000000,-0.001125248853,-0.019682886823
2021-09-27,0.185460093521,0.036815916950,0.000000000000,2021-10-12,0.071524416275,-0.051133985311,0.006983240223,2021-11-02,0.055017645993,-0.052167185237,0.013966480447,2021-12-28,-0.870000000000,0.130000000000,-0.001314558054,-0.015089163237
2021-09-28,0.220883718946,0.059077719830,0.010126582278,2021-10-13,0.094509521834,-0.023878184890,0.012658227848,2021-11-03,0.070422586871,-0.045524991071,0.018002812940,2021-12-29,-0.870000000000,0.120000000000,-0.004156019597,-0.032590983161
2021-09-29,0.230146880920,0.073082509829,0.023380281690,2021-10-14,0.094509521834,-0.007112706138,0.008732394366,2021-11-04,0.070422586871,-0.041210640936,0.019154929577,2021-12-30,-0.840000000000,0.240000000000,0.000526097939,-0.036304524519
2021-09-30,0.008240631947,0.068516936025,0.017039106145,2021-10-15,0.093875796361,0.012399023562,0.010055865922,2021-11-05,0.079400146596,-0.030036306264,0.018715083799,2021-12-31,-0.820000000000,0.260000000000,0.002044042425,-0.039837398374
2021-10-08,0.004137363217,0.077972824264,0.001115137998,2021-10-18,0.075321278483,0.037313674319,0.023975466964,2021-11-08,0.049740520286,-0.006777602464,0.008642319487,2022-01-04,-0.850000000000,0.180000000000,-0.000767732014,-0.027913279133
2021-10-11,-0.058406381871,0.087205027688,0.001117318436,2021-10-19,0.000000000000,0.061377615482,0.026536312849,2021-11-09,-0.023788944485,0.009895096456,0.014525139665,2022-01-05,-0.890000000000,0.140000000000,-0.000926093119,-0.030919446705
2021-10-12,-0.080180976001,0.074103369697,-0.004734057366,2021-10-20,0.004490349117,0.080184157998,0.023391812865,2021-11-10,-0.032439469752,0.018933627054,0.010025062657,2022-01-06,-0.890000000000,0.140000000000,0.001493957110,-0.026037428804
2021-10-13,-0.104852045540,0.066692657633,-0.010184420589,2021-10-21,-0.013593123088,0.095769794290,0.022846132673,2021-11-11,-0.064460725155,0.026606756796,-0.009633911368,2022-01-07,-0.900000000000,0.110000000000,0.002556232058,-0.031823085221
2021-10-14,-0.116469225221,0.056954321837,-0.010985992859,2021-10-22,-0.033527070129,0.111516736516,0.024443834112,2021-11-12,-0.070906797670,0.031884481745,-0.011260642681,2022-01-10,-0.960000000000,0.050000000000,-0.003587982700,-0.016233766234
2021-10-15,-0.098887583359,0.032949455925,0.004177109440,2021-10-25,-0.011301997666,0.116895130417,0.038429406850,2021-11-15,-0.064184898149,0.028837370436,0.009746588694,2022-01-11,-1.000000000000,-0.020000000000,-0.004020545327,-0.006569942513
2021-10-18,-0.015507322041,0.015369635901,0.012834821429,2021-10-26,0.027752102800,0.117452587636,0.041852678571,2021-11-16,-0.076859214000,0.026811380771,0.018136160714,2022-01-12,-0.970000000000,0.060000000000,-0.003480856066,-0.016213245397
2021-10-19,0.000000000000,0.003144613335,0.006155567991,2021-10-27,0.051716072493,0.116921389782,0.040011191942,2021-11-17,-0.074472537907,0.033781342015,0.021544487969,2022-01-13,-0.950000000000,0.130000000000,-0.003534951924,-0.018032786885
2021-10-20,0.029857625063,-0.008418355572,0.003893214683,2021-10-28,0.064072191166,0.119378939078,0.040044493882,2021-11-18,-0.072403856298,0.048823747871,0.014182424917,2022-01-14,-0.890000000000,0.160000000000,-0.010695506599,-0.015925315761
2021-10-21,0.037002803733,-0.014601791254,0.006109414052,2021-10-29,0.079441565914,0.120992770869,0.036934184949,2021-11-19,-0.050804438897,0.055711790795,0.009441821716,2022-01-17,-0.920000000000,0.120000000000,-0.007401836605,-0.012342292924
2021-10-22,0.020576147368,-0.010853012834,-0.003327787022,2021-11-01,0.090376233819,0.132711763882,0.027731558514,2021-11-22,-0.046968436499,0.063520178717,0.009706045480,2022-01-18,-0.960000000000,0.090000000000,-0.006238970683,-0.012025143482
2021-10-25,0.002250226710,-0.008987585401,-0.006887052342,2021-11-02,0.101384851125,0.134269814760,0.005785123967,2021-11-23,-0.038843359836,0.060758656893,-0.000826446281,2022-01-19,-0.980000000000,0.060000000000,-0.006802303012,-0.006063947078
2021-10-26,-0.004470276017,-0.005984533685,0.001112347052,2021-11-03,0.117971986255,0.134306963063,0.005283648498,2021-11-24,-0.019806352557,0.058251625989,0.022803114572,2022-01-20,-1.020000000000,-0.010000000000,-0.010790792683,0.008073496659
2021-10-27,-0.022301533082,-0.001907826055,-0.008033240997,2021-11-04,0.108750723951,0.132847762311,0.001108033241,2021-11-25,-0.009041598133,0.057615704464,0.016343490305,2022-01-21,-1.060000000000,-0.100000000000,-0.014590494435,-0.012637362637
2021-10-28,-0.022301533082,-0.000956010515,-0.001932100469,2021-11-05,-0.096827425372,0.111818788450,-0.002760143527,2021-11-26,-0.006796561544,0.057049589445,0.010212531052,2022-01-24,-1.110000000000,-0.150000000000,-0.011321186483,0.006657420250
2021-10-29,-0.017921160335,-0.009159312502,0.021981079577,2021-11-08,-0.093090672384,0.091318577204,0.006677796327,2021-11-29,-0.009041598133,0.050687283137,0.020868113523,2022-01-25,-1.000000000000,-0.100000000000,-0.011323192622,0.006413831567
2021-11-01,-0.011225872793,-0.012219411758,0.019417475728,2021-11-09,-0.081351746177,0.080625486677,-0.003606102635,2021-11-30,-0.017841226465,0.046525100899,0.019417475728,2022-01-26,-0.960000000000,-0.090000000000,-0.008553939966,0.001114206128
2021-11-02,-0.015716221910,-0.015768143686,0.020833333333,2021-11-10,-0.098684278155,0.054144589185,-0.007777777778,2021-12-01,-0.033083394415,0.042197354904,0.006111111111,2022-01-27,-0.920000000000,-0.050000000000,-0.009810115801,0.015440763616
2021-11-03,0.000000000000,-0.012233426002,0.037698966769,2021-11-11,-0.098684278155,0.042780161628,0.000279251606,2021-12-02,-0.043630049178,0.046581636952,0.003071767663,2022-01-28,-0.950000000000,-0.110000000000,-0.009734653557,0.008996345235
2021-11-04,0.009124094529,-0.007846787831,0.031526548673,2021-11-12,-0.096036027814,0.032360410135,-0.014933628319,2021-12-03,-0.017762002488,0.054944294625,0.001106194690,2022-02-07,-0.930000000000,-0.110000000000,-0.012886778954,0.009031893875
2021-11-05,-0.002281023632,0.007703317511,0.015246392595,2021-11-15,-0.098887583359,0.020179104664,-0.023686359924,2021-12-06,-0.026702289499,0.067856201179,-0.009256738361,2022-02-08,-1.030000000000,-0.180000000000,-0.008036755402,0.010315026485
2021-11-08,-0.009082659009,0.019329020127,0.016054421769,2021-11-16,-0.033229975801,0.013160250740,-0.025034013605,2021-12-07,-0.020206571027,0.064599900516,-0.005986394558,2022-02-09,-1.090000000000,-0.200000000000,-0.007991951423,0.024349286314
2021-11-09,-0.011405118161,0.023885498745,0.011428571429,2021-11-17,-0.031291932120,0.004859856972,-0.023945578231,2021-12-08,-0.020343595798,0.065904279492,-0.001904761905,2022-02-10,-1.110000000000,-0.220000000000,-0.010879477314,0.022277917015
2021-11-10,0.002281023632,0.018383889675,0.006458557589,2021-11-18,0.009186961558,-0.004445648448,-0.037136706136,2021-12-09,-0.006781198599,0.067443288815,-0.016684607104,2022-02-11,-1.170000000000,-0.270000000000,-0.010198083067,0.022005571031
2021-11-11,-0.006781198599,-0.004050872789,0.001072386059,2021-11-19,0.016188726633,-0.027225275305,-0.039946380697,2021-12-10,-0.004531041029,0.029511065453,-0.004289544236,2022-02-14,-1.140000000000,-0.180000000000,-0.004233336004,0.023377337734
2021-11-12,0.000000000000,-0.028188835769,-0.006167873425,2021-11-22,0.000000000000,-0.040203334499,-0.038348082596,2021-12-13,0.009229356429,-0.004502680857,0.000268168410,2022-02-15,-1.140000000000,-0.140000000000,-0.006996766540,0.025626894461
2021-11-15,-0.020623297146,-0.074332975321,-0.022228173540,2021-11-23,-0.038253854076,-0.076347172827,-0.038028923407,2021-12-14,-0.006970265621,-0.067347233548,-0.010712372791,2022-02-16,-1.150000000000,-0.180000000000,-0.008628795497,0.037988826816
2021-11-16,-0.006922017322,-0.094261468036,-0.027441485069,2021-11-24,-0.037997346146,-0.092712775821,-0.041700295938,2021-12-15,0.002328832735,-0.096489156889,-0.001345170837,2022-02-17,-1.130000000000,-0.180000000000,-0.007107428889,0.038397328881
2021-11-17,-0.029585821261,-0.105746852107,-0.033689839572,2021-11-25,-0.049063372780,-0.102164085251,-0.044652406417,2021-12-16,-0.027372283586,-0.109722387226,0.008288770053,2022-02-18,-1.100000000000,-0.210000000000,0.002191711644,0.037946428571
2021-11-18,-0.034137486070,-0.089287996982,-0.032404927691,2021-11-26,-0.053523679396,-0.100954710340,-0.031869309052,2021-12-17,-0.042850731357,-0.111403651999,0.007766470273,2022-02-21,-1.100000000000,-0.180000000000,-0.003010336008,0.037211885587
2021-11-19,-0.034293578946,-0.086724503979,-0.023745277928,2021-11-29,-0.053763481006,-0.113823539738,-0.022396114409,2021-12-20,-0.047361334657,-0.119201876581,0.023205612520,2022-02-22,-1.140000000000,-0.180000000000,-0.002245711489,0.031811894882
2021-11-22,-0.011698652081,-0.052237313912,-0.016159956176,2021-11-30,-0.051639014847,-0.116657196623,-0.013420980553,2021-12-21,-0.053763481006,-0.117752096273,0.036154478225,2022-02-23,-1.110000000000,-0.130000000000,0.001214064665,0.024958402662
2021-11-23,-0.030204484359,-0.033399168434,-0.011894882434,2021-12-01,-0.062864887640,-0.117735472857,-0.005255878285,2021-12-22,-0.069134752553,-0.115368370056,0.049792531120,2022-02-24,-0.980000000000,0.040000000000,0.001207965049,0.003037834852
2021-11-24,-0.035178263898,-0.012749497032,-0.008854454898,2021-12-02,-0.061587638068,-0.111916733186,0.001660210293,2021-12-23,-0.084557250080,-0.101178781165,0.051466519092,2022-02-25,-0.950000000000,0.110000000000,0.001984759991,0.005286588759
2021-11-25,-0.061263007590,0.007230860974,-0.014115693330,2021-12-03,-0.091240945287,-0.093587298768,0.006365900913,2021-12-24,-0.113484730370,-0.076982024015,0.051203985608,2022-02-28,-0.970000000000,0.140000000000,0.000227546409,-0.004960044089
2021-11-26,-0.085227339984,0.038866786619,-0.008844665561,2021-12-06,-0.118613228873,-0.070870521099,0.004975124378,2021-12-27,-0.136343418524,-0.051974153224,0.043946932007,2022-03-01,-0.970000000000,0.030000000000,-0.000262160121,0.005264616237
2021-11-29,-0.092329618316,0.062357237590,-0.002505567929,2021-12-07,-0.129427890878,-0.049965517028,0.010579064588,2021-12-28,-0.143048832550,-0.025864283268,0.065144766147,2022-03-02,-1.070000000000,-0.110000000000,-0.001378378041,0.005564830273
2021-11-30,-0.088644057374,0.094127729488,0.004199328108,2021-12-08,-0.132299370666,-0.019224913624,0.013157894737,2021-12-29,-0.144014509462,0.009191602552,0.072228443449,2022-03-03,-1.020000000000,-0.100000000000,-0.001250338193,-0.003317666575
2021-12-01,-0.065629610784,0.100192248585,-0.001116694584,2021-12-09,-0.123175276137,-0.010836819177,0.010050251256,2021-12-30,-0.135013602620,0.024143129286,0.074818537130,2022-03-04,-1.070000000000,-0.120000000000,-0.005623812104,0.000557258289
2021-12-02,0.007530126782,0.103144633903,0.005334081976,2021-12-10,-0.092676380859,0.007812397523,0.023862998316,2021-12-31,-0.102816348395,0.053325881823,0.105277933745,2022-03-07,-1.010000000000,-0.080000000000,-0.003639641837,0.000000000000
2021-12-03,0.059523860873,0.108299851925,0.000000000000,2021-12-13,-0.064014680700,0.021882180986,0.008923591746,2022-01-04,-0.093043932243,0.081402460235,0.095092024540,2022-03-08,-1.030000000000,0.000000000000,-0.003838344049,-0.016004415011
2021-12-06,0.070422596438,0.117088919217,0.002511861569,2021-12-14,-0.059578413977,0.041148611339,0.013675690762,2022-01-05,-0.090828600523,0.119594589635,0.129221322914,2022-03-09,-1.080000000000,0.010000000000,-0.003150439959,-0.018579234973
2021-12-07,0.113039005467,0.104938692044,-0.006969612490,2021-12-15,-0.023073391073,0.058415557656,0.011151379983,2022-01-06,-0.049393840289,0.148839913306,0.084471703373,2022-03-10,-1.010000000000,0.100000000000,-0.002137374231,-0.023699264506
2021-12-08,0.106659821939,0.103686383513,-0.001397428731,2021-12-16,-0.031861653665,0.072018071785,0.005589714925,2022-01-07,-0.036248328235,0.169462785350,0.102571268865,2022-03-11,-0.990000000000,0.180000000000,-0.004059601333,-0.021804306351
2021-12-09,0.059790782088,0.088619767223,0.009494554594,2021-12-17,-0.031861653665,0.101586885937,0.005305780508,2022-01-10,-0.049173036189,0.191096755062,0.094945545937,2022-03-14,-1.000000000000,0.140000000000,-0.008483136456,-0.039236764311
2021-12-10,0.039081614624,0.071908567462,0.010317902956,2021-12-20,-0.027434863157,0.127136942908,0.011154489682,2022-01-11,-0.038426792064,0.208282035801,0.081427774679,2022-03-15,-0.980000000000,0.160000000000,-0.001588220567,-0.042181622783
2021-12-13,0.041423035594,0.053364242097,0.002783964365,2021-12-21,0.000000000000,0.184776694701,0.015868596882,2022-01-12,-0.011563376167,0.222853334596,0.064587973274,2022-03-16,-0.960000000000,0.190000000000,-0.000488340192,-0.035252960172
2021-12-14,0.033065684983,0.050353297370,0.009545199326,2021-12-22,0.016263953116,0.227407504196,0.024985962942,2022-01-13,0.028208766815,0.243816110452,0.075238629983,2022-03-17,-0.980000000000,0.150000000000,-0.001144482942,-0.038585209003
2021-12-15,0.051716072493,0.039439389900,0.013154212147,2021-12-23,0.049249569457,0.246065292724,0.020710887210,2022-01-14,0.061699147049,0.252318813096,0.080324657151,2022-03-18,-0.930000000000,0.170000000000,-0.002517890480,-0.045161290323
2021-12-16,0.047014611358,0.025933755869,0.005809128631,2021-12-24,0.049481659976,0.240957808352,0.005532503458,2022-01-17,0.072219605376,0.250666156832,0.061964038728,2022-03-21,-0.920000000000,0.180000000000,-0.000327039073,-0.040428380187
2021-12-17,0.065820455901,0.029834767728,0.003588186586,2021-12-27,0.073390209430,0.270990864044,0.004968258349,2022-01-18,0.107474440217,0.275798388784,0.063759315484,2022-03-22,-0.980000000000,0.160000000000,0.000100312693,-0.027077747989
2021-12-20,0.060832990823,0.023601347819,0.007773459189,2021-12-28,0.073390209430,0.279580890198,0.006940588562,2022-01-19,0.121167261101,0.282074893104,0.066352026652,2022-03-23,-0.970000000000,0.140000000000,-0.000586738306,-0.019480519481
2021-12-21,0.025148624561,-0.001194219704,0.006395995551,2021-12-29,0.074269345368,0.268301940093,0.022803114572,2022-01-20,0.125502113037,0.269264323041,0.080367074527,2022-03-24,-0.960000000000,0.020000000000,-0.001179904997,-0.009085903084
2021-12-22,0.000000000000,-0.005371697600,-0.000552486188,2021-12-30,0.087506147712,0.255377235116,0.013535911602,2022-01-21,0.131512503383,0.262988764999,0.080662983425,2022-03-25,-0.960000000000,-0.010000000000,-0.002339912365,-0.006089122613
2021-12-23,-0.002245174559,-0.006083905106,0.003025302530,2021-12-31,0.115461943994,0.224553363676,0.006600660066,2022-01-24,-0.084466477453,0.234064067165,0.074257425743,2022-03-28,-1.010000000000,-0.040000000000,-0.002793258966,0.004430905566
2021-12-24,-0.022055596277,-0.020753678738,-0.004950495050,2022-01-04,0.147515655207,0.198048820122,0.009075907591,2022-01-25,-0.082747264341,0.214793063067,0.061606160616,2022-03-29,-0.970000000000,0.000000000000,-0.001895092798,0.001378169791
2021-12-27,-0.017644477021,-0.038935363580,0.000550964187,2022-01-05,0.161711147375,0.157576660180,0.012396694215,2022-01-26,-0.070922035129,0.188404634670,0.057851239669,2022-03-30,-0.970000000000,0.100000000000,-0.003503849310,0.004427227449
2021-12-28,0.080285519094,-0.049021550352,0.002210555402,2022-01-06,0.273396664385,0.102364724126,0.000828958276,2022-01-27,-0.004111844923,0.139711463587,0.061895551257,2022-03-31,-1.020000000000,0.000000000000,-0.001698955964,0.010263522885
2021-12-29,0.087170382335,-0.046034611170,-0.005527915976,2022-01-07,0.265348825311,0.088524695358,-0.007186290768,2022-01-28,0.000000000000,0.122791171466,0.064123825318,2022-04-01,-1.010000000000,0.060000000000,0.001159865057,0.009468114731
2021-12-30,0.094509521834,-0.046037911789,-0.012887304634,2022-01-10,0.211759019896,0.058952242559,-0.007403345215,2022-02-07,-0.006129959222,0.101761043562,0.053468604332,2022-04-06,-0.980000000000,0.030000000000,-0.000059639791,0.008671328671
2021-12-31,0.087956764364,-0.048615345010,0.002211166390,2022-01-11,0.178309866724,0.028426793899,0.005804311774,2022-02-08,-0.006180473960,0.072137862083,0.060807075732,2022-04-07,-1.060000000000,-0.030000000000,0.000502923784,0.021592821088
2022-01-04,0.076335934992,-0.035591454395,0.004680616740,2022-01-12,0.168128791528,-0.000637456817,0.005781938326,2022-02-09,0.062029288162,0.054177966551,0.062224669604,2022-04-08,-1.040000000000,0.040000000000,-0.001541369897,0.007795100223
2022-01-05,-0.086705261977,-0.023708736023,0.006617038875,2022-01-13,0.044874858192,-0.025983018216,0.011304108078,2022-02-10,-0.011175690043,0.035924825064,0.071133167907,2022-04-11,-0.910000000000,0.100000000000,0.000074509512,0.014229910714
2022-01-06,-0.115131657848,-0.045739915472,0.013618677043,2022-01-14,0.011753652839,-0.058848887402,0.015564202335,2022-02-11,-0.011483701947,0.004445648448,0.084213451918,2022-04-12,-0.820000000000,0.170000000000,0.001888793733,0.006965728615
2022-01-07,-0.162417874464,-0.049886418025,0.009722222222,2022-01-17,-0.042313150222,-0.075779313759,0.031666666667,2022-02-14,-0.057816880833,-0.009608920696,0.087222222222,2022-04-13,-0.730000000000,0.270000000000,0.007641761411,0.004755244755
2022-01-10,-0.176202443479,-0.046371494224,0.004136789851,2022-01-18,-0.065820455901,-0.085055258875,0.028681742967,2022-02-15,-0.091449543857,-0.010192394662,0.086596800883,2022-04-14,-0.720000000000,0.260000000000,0.000376137227,0.009537166900
2022-01-11,-0.181476972241,-0.037725065554,-0.006029049055,2022-01-19,-0.081890564569,-0.087056986276,0.012332145793,2022-02-16,-0.117011788938,-0.000946061621,0.079199780762,2022-04-15,-0.700000000000,0.260000000000,0.000763845484,0.012273361227
2022-01-12,-0.092676380859,-0.017937407829,0.007395234182,2022-01-20,-0.082304589472,-0.089310573553,0.016707751301,2022-02-17,-0.102816348395,0.014153897128,0.085456039441,2022-04-18,-0.790000000000,0.190000000000,0.000287036761,0.016164994426
2022-01-13,-0.060408968718,0.006121025289,0.006032355361,2022-01-21,-0.096110934370,-0.089016703081,0.034000548396,2022-02-18,-0.098126745560,0.019173651854,0.080065807513,2022-04-19,-0.740000000000,0.190000000000,-0.001822979583,0.028716216216
2022-01-14,0.002454592092,0.003899882965,0.006877579092,2022-01-24,-0.083071458667,-0.095628705612,0.035213204952,2022-02-21,-0.089206132327,0.008986498837,0.072077028886,2022-04-20,-0.730000000000,0.190000000000,-0.001390174635,0.018415178571
2022-01-17,0.025163584267,-0.005148674655,0.007690195001,2022-01-25,-0.101455742873,-0.116135892039,0.041472123043,2022-02-22,-0.087365656635,-0.004484246746,0.076901950014,2022-04-21,-0.660000000000,0.320000000000,-0.003744892794,0.001653348030
2022-01-18,0.025484221444,-0.012878622018,0.013234077750,2022-01-26,-0.112483541011,-0.119593220889,0.043010752688,2022-02-23,-0.096542506019,-0.004868671872,0.086572925283,2022-04-22,-0.660000000000,0.310000000000,-0.005676698998,0.001379690949
2022-01-19,-0.012456412935,-0.035031400874,-0.015225666123,2022-01-27,-0.115967972025,-0.120162580740,0.031810766721,2022-02-24,-0.110013553370,-0.015481450165,0.066884176183,2022-04-25,-0.590000000000,0.370000000000,-0.003441276993,0.007224228952
2022-01-20,-0.029673614963,-0.037813071642,-0.020986644862,2022-01-28,-0.122932590473,-0.118729863072,0.035704551649,2022-02-25,-0.104927087080,-0.017489976237,0.061869719270,2022-04-26,-0.570000000000,0.390000000000,-0.003983495156,0.023113338903
2022-01-21,-0.029382981867,-0.028898623251,-0.010928961749,2022-02-07,-0.108010882096,-0.116387979243,0.037704918033,2022-02-28,-0.095802992551,-0.019234199440,0.065300546448,2022-04-27,-0.500000000000,0.510000000000,-0.004860541652,0.012406947891
2022-01-24,-0.022091328826,-0.022330550416,-0.008176614881,2022-02-08,-0.101488574266,-0.117559170584,0.029435813573,2022-03-01,-0.091240945287,-0.017717630275,0.055055873535,2022-04-28,-0.590000000000,0.380000000000,-0.005355704582,0.007982383705
2022-01-25,-0.009940366087,-0.027436326617,-0.005986394558,2022-02-09,-0.105523204253,-0.109059246677,0.041088435374,2022-03-02,-0.095367919594,-0.020198826033,0.071292517007,2022-04-29,-0.630000000000,0.340000000000,-0.006490364064,0.011294765840
2022-01-26,0.012613532302,-0.024655081238,0.012700165654,2022-02-10,-0.171346112955,-0.097618924457,0.057426836002,2022-03-03,-0.084397874390,-0.024370976362,0.083931529542,2022-05-05,-0.630000000000,0.390000000000,-0.006961888815,0.008786381109
2022-01-27,0.022935799300,-0.023735094555,0.017260579065,2022-02-11,-0.174753409233,-0.098129641838,0.071826280624,2022-03-04,-0.084397874390,-0.028930436910,0.085746102450,2022-05-06,-0.530000000000,0.480000000000,-0.006033409653,-0.005241379310
2022-01-28,0.010090825842,-0.020782239596,0.025966850829,2022-02-14,-0.176809331695,-0.092994790123,0.087569060773,2022-03-07,-0.094936780392,-0.032021184907,0.088950276243,2022-05-09,-0.590000000000,0.390000000000,-0.000367277462,-0.003327787022
2022-02-07,0.005020084521,-0.016860867260,0.025006870019,2022-02-15,-0.169983533709,-0.088105839026,0.079142621599,2022-03-08,-0.084590828068,-0.041662143712,0.076944215444,2022-05-10,-0.660000000000,0.400000000000,-0.000813997622,-0.006313477903
2022-02-08,-0.005020084521,0.006312797540,0.011223651793,2022-02-16,-0.173133203402,-0.070347223690,0.107582808650,2022-03-09,-0.091659098426,-0.032710301640,0.060224473036,2022-05-11,-0.480000000000,0.560000000000,-0.000210546990,0.005801104972
2022-02-09,0.002491282587,0.023387422304,0.011995637950,2022-02-17,-0.090415981326,-0.054088183608,0.060523446020,2022-03-10,-0.071527512327,-0.024845578094,0.068429661941,2022-05-12,-0.460000000000,0.450000000000,-0.001492431966,0.006327372765
2022-02-10,0.009965130348,0.015543830813,0.032019704433,2022-02-18,-0.058085546844,-0.040210427666,0.079638752053,2022-03-11,-0.077378301759,-0.031638546048,0.063492063492,2022-05-13,-0.480000000000,0.340000000000,-0.001877390850,0.014111787493
2022-02-11,0.012487522883,0.004384157409,0.013193322563,2022-02-21,-0.004909184184,-0.041186568879,0.055735056543,2022-03-14,-0.077378301759,-0.023823044748,0.043887991384,2022-05-16,-0.420000000000,0.310000000000,-0.004844754396,0.014755011136
2022-02-14,0.007492513730,-0.001196513837,0.016621983914,2022-02-22,0.015098150560,-0.044907884490,0.039678284182,2022-03-15,-0.077732112279,-0.015044046609,0.038069705094,2022-05-17,-0.510000000000,0.210000000000,-0.002465122473,0.029452625729
2022-02-15,0.030272477525,-0.026661083522,0.024093123985,2022-02-23,0.040774754311,-0.059658322582,0.035192203573,2022-03-16,-0.044454877909,0.017105159654,0.039794260964,2022-05-18,-0.500000000000,0.200000000000,-0.003590624880,0.031138054560
2022-02-16,0.012425457609,-0.059125932011,0.022359913793,2022-02-24,0.014947695522,-0.093760514104,0.031788793103,2022-03-17,-0.053438703097,0.012982748858,0.037715517241,2022-05-19,-0.430000000000,0.360000000000,-0.006440009283,0.012616566100
2022-02-17,0.004933403168,-0.078197543675,0.007690267833,2022-02-25,0.007418403741,-0.120646161749,0.023601166799,2022-03-18,-0.044559134271,-0.001806178746,0.026252983294,2022-05-20,-0.430000000000,0.310000000000,-0.004733157723,0.019704433498
2022-02-18,-0.014800209505,-0.088689279589,0.009301089556,2022-02-28,-0.022037236400,-0.129617431498,0.020196651608,2022-03-21,-0.058906738067,-0.023181289594,0.029763486580,2022-05-23,-0.460000000000,0.270000000000,-0.004681480224,0.030136986301
2022-02-21,-0.012394655755,-0.101126709271,-0.003955696203,2022-03-01,-0.022091328826,-0.137050159208,0.016350210970,2022-03-22,-0.056818226656,-0.030576640997,0.021097046414,2022-05-24,-0.490000000000,0.170000000000,-0.004996228445,0.032737276479
2022-02-22,-0.014691490933,-0.103019737091,0.011366640233,2022-03-02,0.000000000000,-0.145527648526,0.015331747291,2022-03-23,-0.047348522213,-0.037392728260,0.028813111287,2022-05-25,-0.490000000000,0.170000000000,-0.003913399793,0.047395976853
2022-02-23,-0.027000513010,-0.086717127284,0.009222661397,2022-03-03,0.000000000000,-0.142300586985,0.023715415020,2022-03-24,-0.050311492023,-0.042893648880,0.024505928854,2022-05-26,-0.510000000000,0.080000000000,-0.005845139950,0.040551724138
2022-02-24,-0.049091841836,-0.050664514063,0.013157894737,2022-03-04,-0.012742110722,-0.132391244629,0.029473684211,2022-03-25,-0.058337431808,-0.040141470164,0.029736842105,2022-05-27,-0.540000000000,0.030000000000,-0.006099913241,0.048720740338
2022-02-25,-0.032548850400,-0.024711151675,0.036598209584,2022-03-07,-0.025227064604,-0.125864267973,0.028436018957,2022-03-28,-0.030120507129,-0.054158850760,0.025013164824,2022-05-30,-0.590000000000,-0.090000000000,-0.004280836756,0.036764705882
2022-02-28,-0.030120507129,0.004553462986,0.039714058777,2022-03-08,-0.030120507129,-0.113320712517,0.021975112523,2022-03-29,0.000000000000,-0.062596278050,0.025416997617,2022-05-31,-0.570000000000,0.020000000000,-0.004413132954,0.034134352813
2022-03-01,-0.002485091522,0.019983976892,0.057501306848,2022-03-09,0.007530126782,-0.103865247024,0.003659174072,2022-03-30,0.046948397625,-0.075787354315,0.005227391532,2022-06-01,-0.790000000000,-0.160000000000,-0.003111253564,0.031326614002
2022-03-02,0.065590367970,0.033951491919,0.015665796345,2022-03-10,0.052316934327,-0.090763102729,0.003394255875,2022-03-31,0.110410191386,-0.095533809267,0.012010443864,2022-06-02,-0.900000000000,-0.270000000000,-0.001885946069,0.044365813827
2022-03-03,0.092927286979,0.031841649236,0.024675324675,2022-03-11,0.054808216914,-0.083000070944,0.000000000000,2022-04-01,0.101456903795,-0.099773689795,0.004415584416,2022-06-06,-0.850000000000,-0.320000000000,-0.001987833104,0.061286744315
2022-03-04,0.137163679403,0.037057144796,-0.004064008128,2022-03-14,0.097402678490,-0.074231756126,-0.024130048260,2022-04-06,0.094668738307,-0.110822559875,-0.022098044196,2022-06-07,-0.830000000000,-0.240000000000,-0.007263460601,0.068725653868
2022-03-07,0.142339667305,0.027086381012,-0.012477718360,2022-03-15,0.102397687644,-0.073685310479,-0.022663610899,2022-04-07,0.078163229249,-0.131286903402,-0.014514896868,2022-06-08,-0.930000000000,-0.270000000000,-0.007110622768,0.084530386740
2022-03-08,0.122072846764,0.028398033887,-0.054869006426,2022-03-16,0.136226148862,-0.084198054211,-0.046465645082,2022-04-08,0.097465966103,-0.149164895144,-0.038309441424,2022-06-09,-0.990000000000,-0.510000000000,-0.005700895878,0.102719033233
2022-03-09,0.078125061652,0.046956393819,-0.015424164524,2022-03-17,0.131709850654,-0.069823057869,-0.001285347044,2022-04-11,0.075578708533,-0.142996196803,-0.005141388175,2022-06-10,-1.040000000000,-0.580000000000,-0.006272399322,0.110169491525
2022-03-10,0.144071913141,0.056828454996,-0.021546261090,2022-03-18,0.194869425152,-0.045721524909,-0.011153358682,2022-04-12,0.138693103505,-0.137993550729,-0.001267427123,2022-06-13,-0.900000000000,-0.420000000000,-0.006372664561,0.072578444748
2022-03-11,0.125170782257,0.067806563159,-0.020913032390,2022-03-21,0.219536440994,-0.015773596705,-0.001785258863,2022-04-13,0.162200409184,-0.127822647571,-0.014282070900,2022-06-14,-0.880000000000,-0.460000000000,-0.005706706854,0.080109739369
2022-03-14,0.197100284776,0.091710175179,-0.006188757091,2022-03-22,0.309866393874,0.012478616643,0.015987622486,2022-04-14,0.242125248492,-0.115238971255,-0.011861784425,2022-06-15,-0.940000000000,-0.430000000000,-0.001316881606,0.057219973009
2022-03-15,0.199822527992,0.085624355677,0.004445606695,2022-03-23,0.323212800533,0.021449857283,0.029811715481,2022-04-15,0.264389537038,-0.123107396680,0.004968619247,2022-06-16,-0.790000000000,-0.290000000000,0.005938566392,0.024051309460
2022-03-16,0.188845109680,0.060009601536,0.014360313316,2022-03-24,0.328915340301,0.047957982193,0.034725848564,2022-04-18,0.237768814029,-0.135117429329,0.010182767624,2022-06-17,-0.690000000000,-0.260000000000,0.007132767804,0.028169014085
2022-03-17,0.101156138973,0.024470149297,0.013471502591,2022-03-25,0.309278603566,0.060563253156,0.020466321244,2022-04-19,0.192221868739,-0.150407532791,0.002072538860,2022-06-20,-0.610000000000,-0.180000000000,0.004951483984,0.031937734836
2022-03-18,0.052589032220,-0.009172336716,0.017452461579,2022-03-28,0.302954684489,0.070105646161,0.015108101068,2022-04-20,0.168388091893,-0.157667399934,0.005209690023,2022-06-21,-0.710000000000,-0.250000000000,0.004488807187,0.024202127660
2022-03-21,-0.052990192399,-0.035396882866,0.001556824079,2022-03-29,0.256024310596,0.086515796741,0.017384535547,2022-04-21,0.103661302501,-0.171281381256,-0.001816294759,2022-06-22,-0.720000000000,-0.230000000000,0.006730397539,0.023175279702
2022-03-22,-0.081421219727,-0.027999230218,-0.000260348867,2022-03-30,0.233598603047,0.106880595514,0.026034886748,2022-04-22,0.094839063990,-0.167312267359,0.004686279615,2022-06-23,-0.580000000000,-0.090000000000,0.007049822964,0.017100762957
2022-03-23,-0.005541192920,-0.011835327981,-0.010810810811,2022-03-31,0.358224317377,0.133882049801,0.010038610039,2022-04-25,0.200713797736,-0.144331742325,-0.016216216216,2022-06-24,-0.530000000000,-0.020000000000,0.008366199321,0.016702014846
2022-03-24,0.041244870169,0.006121955782,-0.015848670757,2022-04-01,0.433660672570,0.124003042447,-0.004089979550,2022-04-26,0.241394904928,-0.140589873963,-0.017893660532,2022-06-27,-0.620000000000,-0.080000000000,0.012124198176,0.007007526603
2022-03-25,0.078785600042,0.014445374916,-0.016385048643,2022-04-06,0.452898941424,0.113068938791,-0.001792114695,2022-04-27,0.263276525110,-0.140269068317,-0.018177163338,2022-06-28,-0.580000000000,0.010000000000,0.010052660561,0.026267402154
2022-03-28,0.117905754001,0.014310339752,-0.005699481865,2022-04-07,0.447722953522,0.097068745014,0.002849740933,2022-04-28,0.261614991441,-0.141607330571,-0.007772020725,2022-06-29,-0.470000000000,0.100000000000,0.011207265913,0.022445207288
2022-03-29,0.126913864433,0.008824302657,0.004687500000,2022-04-08,0.393622648748,0.094770182857,0.025260416667,2022-04-29,0.255949899678,-0.125932232465,-0.003385416667,2022-06-30,-0.490000000000,0.300000000000,0.011577104275,0.016640253566
2022-03-30,0.033432412972,0.009082619499,0.010928961749,2022-04-11,0.317235098828,0.106609621398,0.021597710122,2022-05-05,0.148637591961,-0.092050963724,-0.011709601874,2022-07-01,-0.450000000000,0.450000000000,0.008696649839,0.000521240553
2022-03-31,0.000000000000,0.010573422645,0.013246753247,2022-04-12,0.311762172699,0.100835193569,0.012987012987,2022-05-06,0.141858649848,-0.089592722447,-0.014545454545,2022-07-04,-0.510000000000,0.340000000000,0.005747653575,0.001567807682
2022-04-01,-0.023156408477,0.015643589297,0.018740239459,2022-04-13,0.248065732109,0.090085862482,0.026028110359,2022-05-09,0.127467192617,-0.084680387119,-0.011192087454,2022-07-05,-0.520000000000,0.310000000000,0.005052506048,0.003124186410
2022-04-06,-0.021451568020,0.014511541513,0.026576341845,2022-04-14,0.240145174555,0.083637096378,0.021104742053,2022-05-10,0.134743045013,-0.084650708084,-0.027357998958,2022-07-06,-0.410000000000,0.520000000000,0.006768688394,-0.022924095772
2022-04-07,-0.021451568020,0.010355780375,0.020736132711,2022-04-15,0.215364280169,0.075563493885,0.003888024883,2022-05-11,0.141844070257,-0.084289095743,-0.046137895283,2022-07-07,-0.220000000000,0.770000000000,0.005073687006,-0.042839352428
2022-04-08,-0.021567230750,-0.004352068063,0.020077220077,2022-04-18,0.195432729785,0.052377718414,0.008751608752,2022-05-12,0.230560752382,-0.074049298988,-0.055341055341,2022-07-08,-0.160000000000,0.880000000000,0.005982401354,-0.051465156365
2022-04-11,-0.018005052218,-0.005033986317,0.009741092028,2022-04-19,0.125929070967,0.036396776685,-0.003845167906,2022-05-13,0.267193515484,-0.050757425086,-0.060497308382,2022-07-11,-0.150000000000,0.750000000000,0.007200303004,-0.011447468837
2022-04-12,-0.003646975229,0.007108909280,-0.004343382729,2022-04-20,0.105178064440,0.028121779603,-0.009453244762,2022-05-16,0.341188300760,-0.029772277273,-0.066428206438,2022-07-12,-0.120000000000,0.760000000000,0.009632936900,-0.007366014732
2022-04-13,0.018268187960,0.035759922186,-0.004822335025,2022-04-21,0.054882699270,0.028100589462,-0.017258883249,2022-05-17,0.402617348278,-0.005816095443,-0.072588832487,2022-07-13,-0.140000000000,0.800000000000,0.002778769384,0.002297676793
2022-04-14,0.021921825552,0.043983880803,0.000761808024,2022-04-22,0.035159163064,0.034308915901,-0.024631792788,2022-05-18,0.425586498120,-0.006534006759,-0.070848146267,2022-07-14,-0.100000000000,0.690000000000,-0.002712908598,0.025835073069
2022-04-15,0.025716400757,0.046194488133,-0.009841029523,2022-04-25,0.031400093215,0.038662071403,-0.028009084027,2022-05-19,0.391131366161,-0.013581692852,-0.082765581630,2022-07-15,-0.060000000000,0.630000000000,0.001336687850,0.038988408851
2022-04-18,0.027502767084,0.052578655685,-0.010916476263,2022-04-26,0.050618704299,0.064832515333,-0.017517136329,2022-05-20,0.385756994524,-0.006926156687,-0.076923076923,2022-07-18,-0.060000000000,0.550000000000,0.002844998271,0.031729518856
2022-04-19,0.043923892096,0.049901295434,0.000513215294,2022-04-27,0.096080000051,0.089418905293,-0.005645368232,2022-05-23,0.396670255199,0.014686185586,-0.070310495253,2022-07-19,-0.070000000000,0.640000000000,0.002321202939,0.022072189042
2022-04-20,0.023322583018,0.027428432889,-0.012751849018,2022-04-28,0.139888182713,0.095061542638,-0.012496812038,2022-05-24,0.400098510963,0.026739156936,-0.074725835246,2022-07-20,0.000000000000,0.720000000000,0.008165550470,0.011715699037
2022-04-21,0.039327874704,0.019826260950,-0.001014970820,2022-04-29,0.171232991696,0.085200163584,-0.012433392540,2022-05-25,0.444831382398,0.026381083286,-0.085257548845,2022-07-21,-0.070000000000,0.510000000000,0.011591586878,0.018365235385
2022-04-22,0.053724960438,0.012154434241,0.000509683996,2022-05-05,0.092867813811,0.063877763512,-0.009174311927,2022-05-26,0.484359640397,0.034653007881,-0.070591233435,2022-07-22,-0.120000000000,0.410000000000,0.016370098948,0.030247718383
2022-04-25,0.055317663168,0.001979239474,0.001026694045,2022-05-06,0.064818187984,0.060448057762,0.004363449692,2022-05-27,0.507136006741,0.034143517167,-0.061601642710,2022-07-25,-0.080000000000,0.540000000000,0.021691423920,0.011340206186
2022-04-26,0.008765783524,-0.015314027201,0.011028468838,2022-05-09,0.024937670667,0.057460106842,-0.001538856117,2022-05-30,0.451564456411,0.028880483194,-0.060528340600,2022-07-26,-0.100000000000,0.480000000000,0.029597775428,-0.004351164576
2022-04-27,-0.019284723752,-0.046111614750,0.012399896668,2022-05-10,0.000000000000,0.029829279776,0.000516662361,2022-05-31,0.404116803980,0.001764509364,-0.054507879101,2022-07-27,-0.080000000000,0.390000000000,0.032216125450,0.005165289256
2022-04-28,-0.037839718977,-0.065893171187,-0.016256032512,2022-05-11,0.000000000000,0.004825994738,-0.023114046228,2022-06-01,0.404116803980,-0.014203794465,-0.062484124968,2022-07-28,-0.060000000000,0.430000000000,0.031432552823,0.010652117433
2022-04-29,-0.095173405378,-0.102634960282,-0.001782985227,2022-05-12,-0.043134461499,-0.053906297601,-0.012735608762,2022-06-02,0.326358018899,-0.048068616906,-0.051451859399,2022-07-29,-0.120000000000,0.330000000000,0.044972156657,0.026829903621
2022-05-05,-0.118363272666,-0.116544459595,-0.003589743590,2022-05-13,-0.061217177540,-0.072943448790,-0.008461538462,2022-06-06,0.298953910442,-0.064168122074,-0.039230769231,2022-08-01,0.010000000000,0.520000000000,0.044396871283,0.025045656144
2022-05-06,-0.099061579806,-0.124891703625,-0.016489091832,2022-05-16,-0.054704628437,-0.088861366001,-0.023338406900,2022-06-07,0.294705540048,-0.080509072416,-0.038559107052,2022-08-02,0.180000000000,0.700000000000,0.051538661274,0.017908123540
2022-05-09,-0.069717596066,-0.114686799354,-0.011992855320,2022-05-17,-0.049324107492,-0.101319779528,-0.012503189589,2022-06-08,0.299700549201,-0.097914715684,-0.045419749936,2022-08-03,0.260000000000,0.670000000000,0.055075440485,0.026850886340
2022-05-10,-0.067929965397,-0.108063368359,-0.008262328944,2022-05-18,-0.047497288696,-0.112945033284,0.004647560031,2022-06-09,0.315338307550,-0.126248071972,-0.031241931319,2022-08-04,0.300000000000,0.520000000000,0.062706208346,0.017434296123
2022-05-11,-0.060105221704,-0.073496079930,-0.017096198010,2022-05-19,-0.080822973808,-0.119608954220,-0.012503189589,2022-06-10,0.243538969134,-0.138187416757,-0.033171727482,2022-08-05,0.340000000000,0.500000000000,0.059950659187,0.009865005192
2022-05-12,-0.069044923312,-0.066545032994,-0.004117344313,2022-05-20,-0.110011068336,-0.130256179083,0.013896037056,2022-06-13,0.197336126736,-0.139813675956,-0.032166752445,2022-08-08,0.210000000000,0.360000000000,0.062118506016,0.010808028821
2022-05-13,-0.059799421167,-0.049305731948,-0.000515862781,2022-05-23,-0.107979568070,-0.139900095450,-0.003095176683,2022-06-14,0.202269529904,-0.129660949019,-0.023471756513,2022-08-09,0.250000000000,0.370000000000,0.068707147553,-0.005117707267
2022-05-16,-0.086472000046,-0.032496471812,0.000000000000,2022-05-24,-0.147111677498,-0.160542645651,-0.010330578512,2022-06-15,0.178483042871,-0.126183771489,-0.019369834711,2022-08-10,0.240000000000,0.380000000000,0.066206912775,-0.019103413143
2022-05-17,-0.107403214041,-0.016266298831,0.013277792242,2022-05-25,-0.168037282825,-0.164138564213,0.000520697735,2022-06-16,0.139569163866,-0.116916827725,-0.014839885446,2022-08-11,0.200000000000,0.300000000000,0.065823925996,-0.013736962605
2022-05-18,-0.039968052204,-0.010042725591,0.009345794393,2022-05-26,-0.139684897138,-0.166933557785,0.004413291796,2022-06-17,0.179185222701,-0.093228663659,-0.017912772586,2022-08-12,0.270000000000,0.330000000000,0.054741998208,-0.027383367140
2022-05-19,-0.016481263893,0.009239049103,0.011111111111,2022-05-27,-0.148108582030,-0.166067616852,-0.000516795866,2022-06-20,0.171821446426,-0.058221615951,-0.016537467700,2022-08-15,0.170000000000,0.230000000000,0.062472725620,-0.029493319889
2022-05-20,-0.038982382015,0.019149366885,0.004645161290,2022-05-30,-0.178821983884,-0.165092683481,-0.004129032258,2022-06-21,0.172759282890,-0.026670626257,-0.022193548387,2022-08-16,0.250000000000,0.320000000000,0.054980910495,-0.016260162602
2022-05-23,-0.018931439441,0.020107079337,0.000258264463,2022-05-31,-0.182328297293,-0.166524535860,-0.006456611570,2022-06-22,0.170682873731,-0.008329505463,-0.022985537190,2022-08-17,0.230000000000,0.230000000000,0.043265935572,-0.002830674215
2022-05-24,0.004297381677,0.023263409303,-0.011819116136,2022-06-01,-0.196078543790,-0.161321437544,-0.008478931141,2022-06-23,0.161530948916,0.007409789185,-0.033401849949,2022-08-18,0.260000000000,0.330000000000,0.033662536754,-0.013970027940
2022-05-25,-0.031224001682,0.026330379468,-0.003086419753,2022-06-02,-0.209041586813,-0.155265867703,-0.016975308642,2022-06-24,0.174066745768,0.019012835475,-0.033950617284,2022-08-19,0.210000000000,0.330000000000,0.027193544156,-0.016198430777
2022-05-26,-0.010473404883,0.018534977310,-0.011755686174,2022-06-06,-0.201217563531,-0.152288523070,-0.018144646052,2022-06-27,0.219411649812,0.010427018940,-0.040889343215,2022-08-22,0.190000000000,0.270000000000,0.028290497726,-0.005861365953
2022-05-27,0.044833507567,0.006151343632,-0.011045466221,2022-06-07,-0.149461330936,-0.146892368197,-0.014898535834,2022-06-28,0.266563376953,0.004129862522,-0.034163883894,2022-08-23,0.130000000000,0.230000000000,0.029689539848,0.006940874036
2022-05-30,0.051458012763,0.004815695494,-0.000774593338,2022-06-08,-0.123346516116,-0.122025971667,-0.011102504518,2022-06-29,0.269151370904,-0.008070635975,-0.025561580170,2022-08-24,0.110000000000,0.190000000000,0.019949193747,-0.001798561151
2022-05-31,0.047068925309,-0.011255819593,0.011700468019,2022-06-09,-0.125134146785,-0.112265832684,-0.004940197608,2022-06-30,0.219232867657,-0.023444888442,-0.013260530421,2022-08-25,0.110000000000,0.170000000000,0.012636610726,-0.003341902314
2022-06-01,0.062312034316,-0.015215229979,-0.001547987616,2022-06-10,-0.071374950773,-0.072973348210,-0.020123839009,2022-07-01,0.170454679967,-0.029443519667,-0.020897832817,2022-08-26,0.210000000000,0.330000000000,0.002509492231,-0.022831050228
2022-06-02,0.046570735655,-0.014424993143,0.018877682958,2022-06-13,-0.051783692484,-0.054300746923,-0.018877682958,2022-07-04,0.167690259558,-0.034879415017,-0.028963020429,2022-08-29,0.290000000000,0.280000000000,0.008446060387,-0.013234919827
2022-06-06,0.004086639481,-0.007447641965,0.003896103896,2022-06-14,-0.052083366823,-0.032400909566,-0.013246753247,2022-07-05,0.118343285043,-0.038961866450,-0.017142857143,2022-08-30,0.260000000000,0.080000000000,-0.003908228831,-0.013513513514
2022-06-07,0.002039153099,-0.007690476382,-0.009819121447,2022-06-15,-0.055726400030,-0.015916639255,-0.035400516796,2022-07-06,0.113276025733,-0.041657086613,-0.026098191214,2022-08-31,0.280000000000,0.020000000000,-0.009294537878,-0.021579080985
2022-06-08,-0.004086639481,0.007664445180,-0.012336160370,2022-06-16,-0.065209094239,0.002916715653,-0.054227704960,2022-07-07,0.082149261508,-0.043133269172,-0.039578514521,2022-09-01,0.250000000000,-0.050000000000,-0.012775985557,-0.009718670077
2022-06-09,-0.014158585598,0.008458198904,-0.000258397933,2022-06-17,-0.025979233932,0.009027169071,-0.051679586563,2022-07-08,0.070267947788,-0.065132372399,-0.038759689922,2022-09-02,0.280000000000,-0.060000000000,-0.006622271111,-0.002313624679
2022-06-10,-0.014158585598,0.007880987186,-0.018274111675,2022-06-20,0.004120315973,0.021101531903,-0.069796954315,2022-07-11,0.006193232998,-0.079579393091,-0.048223350254,2022-09-05,0.290000000000,0.080000000000,-0.009399068667,-0.016038696538
2022-06-13,-0.012210020492,0.004703702575,-0.001552393273,2022-06-21,-0.004103408633,0.022568896686,-0.054592496766,2022-07-12,-0.018203895769,-0.095755163522,-0.023027166882,2022-09-06,0.390000000000,0.140000000000,-0.013725416959,0.009773662551
2022-06-14,0.000000000000,0.002807999339,0.003914405010,2022-06-22,0.033655892340,0.019992834568,-0.046450939457,2022-07-13,-0.070022754241,-0.119698651251,-0.020354906054,2022-09-07,0.690000000000,0.450000000000,-0.002368809087,0.001038691249
2022-06-15,0.002051704317,-0.016442702885,0.004163413999,2022-06-23,0.049419889285,0.002736871683,-0.047879260994,2022-07-14,-0.096225077859,-0.133094932376,-0.014832162373,2022-09-08,0.890000000000,0.690000000000,-0.006137992667,-0.011091049781
2022-06-16,0.002051704317,-0.019458438118,-0.012147841820,2022-06-24,0.016652800897,-0.000569921633,-0.060480744378,2022-07-15,-0.097894408259,-0.135218622178,-0.023003360041,2022-09-09,0.630000000000,0.360000000000,-0.010538185622,0.002606882169
2022-06-17,0.139515893527,-0.020106933139,-0.006721820062,2022-06-27,0.163385116174,-0.008589379729,-0.059979317477,2022-07-18,0.041244870169,-0.119629037580,-0.022233712513,2022-09-13,0.660000000000,0.490000000000,-0.014335014600,0.006233766234
2022-06-20,0.164812638932,-0.026083653174,-0.006219227779,2022-06-28,0.207088106382,-0.022815892746,-0.061155739829,2022-07-19,0.086472000046,-0.111188695660,-0.024099507644,2022-09-14,0.670000000000,0.420000000000,-0.002623166199,-0.003615702479
2022-06-21,0.162800273233,-0.024081174391,-0.004419027814,2022-06-29,0.225128805838,-0.024190470388,-0.056927475955,2022-07-20,0.141886585323,-0.109371882390,-0.024694567195,2022-09-15,0.670000000000,0.440000000000,-0.001083264276,-0.005935483871
2022-06-22,0.167895282484,-0.005117628114,-0.008292303706,2022-06-30,0.220368150312,-0.025074845628,-0.065820160663,2022-07-21,0.149073428064,-0.112687359217,-0.033946618295,2022-09-16,0.700000000000,0.440000000000,0.004571587259,-0.008500772798
2022-06-23,0.159705268704,-0.002851233147,-0.006279434851,2022-07-01,0.217017774687,-0.028986679011,-0.045787545788,2022-07-22,0.052005975734,-0.127356291002,-0.021978021978,2022-09-19,0.620000000000,0.410000000000,0.008052196197,-0.008489837921
2022-06-24,0.019805557439,-0.004901884786,-0.012493492972,2022-07-04,0.198984052346,-0.031402100457,-0.048412285268,2022-07-25,0.019805557439,-0.129275054224,-0.021603331598,2022-09-20,0.590000000000,0.400000000000,-0.002010596042,-0.018969495001
2022-06-27,0.001768660399,-0.002060171663,-0.009387222947,2022-07-05,0.157335620035,-0.030790997379,-0.044850065189,2022-07-26,0.008906310953,-0.125650111471,-0.022164276402,2022-09-21,0.570000000000,0.440000000000,-0.012524187989,-0.016339034976
2022-06-28,-0.005250265576,0.006312308221,-0.025326370757,2022-07-06,0.159053941717,-0.022737060606,-0.044386422977,2022-07-27,0.016088676015,-0.116394655883,-0.020365535248,2022-09-22,0.650000000000,0.540000000000,-0.004240314230,-0.013642213642
2022-06-29,-0.003506313409,0.001257410722,-0.038411288215,2022-07-07,0.161422259517,-0.012736504490,-0.035536974131,2022-07-28,0.016088676015,-0.119342828210,-0.015155474262,2022-09-23,0.720000000000,0.610000000000,0.004755765757,-0.014444157854
2022-06-30,0.022951990909,0.002973761360,-0.033701948394,2022-07-08,0.171925682258,-0.011052046568,-0.019483938915,2022-07-29,0.041337192270,-0.132639165289,-0.015797788310,2022-09-26,0.740000000000,0.530000000000,0.004573619322,-0.008826583593
2022-07-01,0.127118718879,0.002520295250,-0.034001054296,2022-07-11,0.291262332297,-0.014748704591,-0.012387981023,2022-08-01,0.149441933407,-0.136213747402,-0.016341591987,2022-09-27,0.650000000000,0.360000000000,-0.000641958721,-0.023987619293
2022-07-04,0.134180869928,0.000573451314,-0.038167938931,2022-07-12,0.307285515728,-0.022958548285,-0.002369044485,2022-08-02,0.171407835769,-0.138623730961,-0.014740721242,2022-09-28,0.540000000000,0.280000000000,0.006112585150,-0.017575600930
2022-07-05,0.135468059740,-0.001482641236,-0.021162603804,2022-07-13,0.313390525974,-0.016623356085,0.002143048486,2022-08-03,0.179028242010,-0.130325049746,0.012322528797,2022-09-29,0.540000000000,0.260000000000,0.005619277253,-0.014789828749
2022-07-06,0.133708734288,-0.002397496739,-0.005706521739,2022-07-14,0.322117577703,-0.022594734577,0.019565217391,2022-08-04,0.177201423214,-0.130458976772,0.027445652174,2022-09-30,0.520000000000,0.270000000000,0.006075309555,-0.037964876033
2022-07-07,0.086296218097,0.000798254241,-0.009536784741,2022-07-15,0.291342012954,-0.018563797285,0.032425068120,2022-08-05,0.156135290311,-0.128152450950,0.044414168937,2022-10-10,0.640000000000,0.360000000000,0.002207215610,-0.052821437774
2022-07-08,-0.020363419154,0.023654071883,-0.007912687585,2022-07-18,0.283135195688,0.000670231105,0.026193724420,2022-08-08,0.146681424448,-0.111308022035,0.037926330150,2022-10-11,0.680000000000,0.390000000000,-0.001173719430,-0.050711513583
2022-07-11,-0.021793286526,0.026936764856,-0.008483853311,2022-07-19,0.294602592091,-0.001337623240,0.036124794745,2022-08-09,0.150073297995,-0.121665044466,0.040503557745,2022-10-12,0.720000000000,0.330000000000,-0.007055117689,-0.065461029037
2022-07-12,-0.018593130148,0.029125761153,-0.007115489874,2022-07-20,0.288970484989,0.009184447907,0.039135194308,2022-08-10,0.136347408413,-0.135895417495,0.043787629995,2022-10-13,0.670000000000,-0.020000000000,-0.008386078049,-0.048508430610
2022-07-13,-0.003103663927,0.039024341118,-0.014758130637,2022-07-21,0.315315530518,0.032525369788,0.034162339437,2022-08-11,0.148373345473,-0.134589809912,0.039628313747,2022-10-14,0.640000000000,-0.250000000000,-0.002878879827,-0.049034950443
2022-07-14,0.020654602613,0.049224396705,0.003301237964,2022-07-22,0.315315530518,0.050181703386,0.040715268226,2022-08-12,0.150429889225,-0.125627472668,0.045392022008,2022-10-17,0.600000000000,-0.030000000000,0.008595313964,-0.051742069683
2022-07-15,0.025583640115,0.041638126503,0.005500550055,2022-07-25,0.154843449072,0.063724502219,0.046754675468,2022-08-15,0.144539700535,-0.120545108941,0.044004400440,2022-10-18,0.620000000000,-0.040000000000,0.011960977945,-0.065049044915
2022-07-18,0.025461503003,0.050339675612,0.011040574110,2022-07-26,0.139724171515,0.077027529387,0.045818382556,2022-08-16,0.129733596151,-0.121298300815,0.048578526083,2022-10-19,0.570000000000,-0.100000000000,0.007097450997,-0.057801969933
2022-07-19,0.017366602130,0.049388821656,0.008820286659,2022-07-27,0.127756462348,0.085158776358,0.042723263506,2022-08-17,0.129733596151,-0.117425933919,0.040518191841,2022-10-20,0.590000000000,-0.080000000000,0.010509566755,-0.058411214953
2022-07-20,0.003113326647,0.046480193710,0.023855755895,2022-07-28,0.129733596151,0.086075479394,0.043550624133,2022-08-18,0.108359195252,-0.111971658272,0.048266296810,2022-10-21,0.620000000000,-0.080000000000,0.007966671921,-0.057417511042
2022-07-21,-0.004669989970,0.039964657342,0.021113243762,2022-07-29,0.128884256641,0.095274738950,0.029887578832,2022-08-19,0.086675779898,-0.101602981705,0.046065259117,2022-10-24,0.660000000000,0.040000000000,0.009471307051,-0.066165023352
2022-07-22,-0.003118180604,0.037937503001,0.024890590810,2022-08-01,0.128884256641,0.109518284513,0.026531728665,2022-08-22,0.081163386971,-0.088983905389,0.048140043764,2022-10-25,0.580000000000,-0.010000000000,0.010728609401,-0.046250326627
2022-07-25,-0.007759159817,0.039213035816,0.034671034671,2022-08-02,0.128884256641,0.121571678662,0.026481026481,2022-08-23,0.111227036975,-0.072640125267,0.044772044772,2022-10-26,0.430000000000,-0.140000000000,0.011295089449,-0.049312224241
2022-07-26,-0.007759159817,0.031834550027,0.022131147541,2022-08-03,0.124912107033,0.112680733967,0.031147540984,2022-08-24,0.143010453468,-0.045307157083,0.042076502732,2022-10-27,0.450000000000,-0.200000000000,0.008867123881,-0.042797494781
2022-07-27,-0.001551831963,0.033364431369,0.016526686535,2022-08-04,0.131949408837,0.120902335573,0.028176645895,2022-08-25,0.150160976142,-0.017610326696,0.035491736657,2022-10-28,0.450000000000,-0.270000000000,0.009890228755,-0.042397278199
2022-07-28,0.006255868135,0.036862467283,0.017454350161,2022-08-05,0.110459159164,0.132282131330,0.019065520945,2022-08-26,0.208489987785,0.038054869267,0.022287862513,2022-10-31,0.360000000000,-0.380000000000,0.005363772769,-0.031691985333
2022-07-29,0.020331571438,0.035311842807,0.003736322391,2022-08-08,0.021929836012,0.145809641171,0.002135041366,2022-08-29,0.251246804275,0.067609753521,0.016279690419,2022-11-01,0.200000000000,-0.450000000000,0.007507525452,-0.009249471459
2022-08-01,0.023459505505,0.033643053947,-0.001055408971,2022-08-09,0.018679959880,0.158640351320,-0.001583113456,2022-08-30,0.262345847702,0.095360536516,0.006860158311,2022-11-02,0.140000000000,-0.400000000000,0.008449032162,-0.015259142331
2022-08-02,0.021895538471,0.036079857845,0.014969259556,2022-08-10,0.012395420099,0.154537862119,0.007484629778,2022-08-31,0.255572800136,0.117274682286,0.017642341620,2022-11-03,0.090000000000,-0.450000000000,0.013423305057,-0.006320779563
2022-08-03,0.020205170555,0.027398276007,0.008528784648,2022-08-11,0.018621983562,0.154380751227,-0.003997867804,2022-09-01,0.258918462421,0.131588748478,0.014125799574,2022-11-04,0.270000000000,-0.250000000000,0.009908675697,0.009127516779
2022-08-04,0.024867902221,0.012085643706,-0.001583531275,2022-08-12,0.047664467569,0.145052446772,-0.018210609660,2022-09-02,0.317746015019,0.133940621087,0.011876484561,2022-11-07,0.230000000000,-0.410000000000,0.007099205723,0.022850924918
2022-08-05,0.016860830197,-0.001795128739,0.011964902951,2022-08-15,0.060761145273,0.117323514624,-0.002924754055,2022-09-05,0.366708121623,0.141665419585,0.019409731454,2022-11-08,0.220000000000,-0.460000000000,0.008680639857,0.032979013355
2022-08-08,0.041259189720,-0.015334182286,0.000792393027,2022-08-16,0.084341228698,0.110948198576,-0.002641310090,2022-09-06,0.398030637417,0.134501505505,0.030903328051,2022-11-09,0.370000000000,-0.350000000000,0.012277320722,0.027255382938
2022-08-09,0.042852791987,-0.023446459367,-0.003687121412,2022-08-17,0.075781536565,0.095559045946,-0.011324730050,2022-09-07,0.433319613883,0.127725651698,0.036871214116,2022-11-10,0.290000000000,-0.380000000000,0.005435792673,0.032170119956
2022-08-10,0.044180400254,-0.028650352290,-0.005813953488,2022-08-18,0.066936522902,0.079192557530,0.000528541226,2022-09-08,0.472711984466,0.117343373395,0.051004228330,2022-11-11,0.330000000000,-0.310000000000,0.002703123956,0.040592430060
2022-08-11,0.036396742694,-0.033336199251,-0.007137192704,2022-08-19,0.063823196255,0.054951403845,-0.000793021412,2022-09-09,0.422564822762,0.107259251424,0.043616177637,2022-11-14,0.350000000000,-0.250000000000,-0.000278022679,0.035645736222
2022-08-12,0.030147738995,-0.039364037016,-0.013925380977,2022-08-22,0.065481792684,0.030435736871,-0.006305832895,2022-09-13,0.431504281179,0.086684924373,0.031791907514,2022-11-15,0.400000000000,-0.220000000000,-0.002879494451,0.047763666483
2022-08-15,0.002935134984,-0.042599638948,-0.007653734495,2022-08-23,0.060521446576,0.012645938380,-0.006070203220,2022-09-14,0.459009720331,0.065763455561,0.040907891264,2022-11-16,0.370000000000,-0.200000000000,-0.003284017584,0.045116918845
2022-08-16,0.011740539938,-0.042953516191,-0.002379064235,2022-08-24,0.069832438357,-0.000846100997,-0.008194554586,2022-09-15,0.478130701923,0.058012331764,0.045202220460,2022-11-17,0.350000000000,-0.240000000000,0.008275391785,0.046594982079
2022-08-17,-0.001459002752,-0.055010463215,0.008771929825,2022-08-25,0.062073278540,-0.025470638458,-0.009037745880,2022-09-16,0.464270763280,0.031872914887,0.050770866560,2022-11-18,0.380000000000,-0.240000000000,0.006917132281,0.041620727674
2022-08-18,0.002926545179,-0.061971543326,0.010383386581,2022-08-26,0.071942483548,-0.048453781358,-0.004792332268,2022-09-19,0.472711984466,0.011994487866,0.046059637913,2022-11-21,0.430000000000,-0.230000000000,0.002980357540,0.045012503473
2022-08-19,0.002926545179,-0.065001680683,0.000532907008,2022-08-29,0.071942483548,-0.071759446641,0.001598721023,2022-09-20,0.450889395208,-0.002441152686,0.048760991207,2022-11-22,0.360000000000,-0.220000000000,0.004887516229,0.030410958904
2022-08-22,0.002926545179,-0.065798200382,0.006382978723,2022-08-30,0.071942483548,-0.089680724350,-0.002659574468,2022-09-21,0.400490669180,-0.010448930519,0.045212765957,2022-11-23,0.430000000000,0.000000000000,0.011187431840,0.024570024570
2022-08-23,0.001450537400,-0.063087903043,-0.001324854266,2022-08-31,0.079762318717,-0.092762134517,-0.005829358771,2022-09-22,0.407830619787,-0.013486197713,0.047959724430,2022-11-24,0.460000000000,0.010000000000,0.017387324877,0.025899672846
2022-08-24,-0.007305672757,-0.044604593776,-0.015283267457,2022-09-01,0.055952779998,-0.099000462002,-0.006851119895,2022-09-23,0.388230750736,-0.002930523157,0.043478260870,2022-11-25,0.470000000000,0.020000000000,0.012626193609,0.034982235583
2022-08-25,-0.013131024769,-0.025460550633,-0.019762845850,2022-09-02,0.051290048332,-0.105648668726,-0.015019762846,2022-09-26,0.368123225542,0.001466087810,0.047167325428,2022-11-28,0.490000000000,0.130000000000,0.019803690570,0.027048958615
2022-08-26,-0.013131024769,-0.005784117170,-0.001331557923,2022-09-05,0.036787265884,-0.108605288689,-0.006125166445,2022-09-27,0.368123225542,0.006304789749,0.051930758988,2022-11-29,0.430000000000,0.230000000000,0.015901800138,0.013070152041
2022-08-29,-0.020426038530,0.003819308085,-0.002114164905,2022-09-06,0.025978008343,-0.115946204127,-0.010835095137,2022-09-28,0.366300614775,0.000783950429,0.042547568710,2022-11-30,0.470000000000,0.330000000000,0.020730897404,0.006411969009
2022-08-30,-0.030417164164,0.002259596960,-0.003979835500,2022-09-07,0.024487309707,-0.122376667667,0.002653223667,2022-09-29,0.362230607944,-0.003594239153,0.046696736535,2022-12-01,0.540000000000,0.450000000000,0.019419765589,0.002650410814
2022-08-31,-0.025022090581,-0.005200010490,0.013112122023,2022-09-08,0.009140772466,-0.127588247051,0.011774150388,2022-09-30,0.359048255402,-0.015659717033,0.063955044153,2022-12-02,0.560000000000,0.290000000000,0.021416874438,-0.000266028199
2022-09-01,-0.035481980821,-0.009909758139,0.016129032258,2022-09-09,-0.010615716619,-0.125085380475,0.030376344086,2022-10-10,0.338531212236,-0.016774515619,0.066666666667,2022-12-05,0.670000000000,0.440000000000,0.021245073534,-0.007978723404
2022-09-02,-0.048787723629,-0.016110741658,0.008533333333,2022-09-13,-0.030147738995,-0.121389098919,0.014400000000,2022-10-11,0.320065873387,-0.017649419088,0.041333333333,2022-12-06,0.810000000000,0.590000000000,0.024392863147,-0.016886543536
2022-09-05,-0.050640477927,-0.011973855367,-0.002648305085,2022-09-14,-0.064572969657,-0.112929231551,0.006885593220,2022-10-12,0.313144013971,-0.015828541670,0.032838983051,2022-12-07,0.730000000000,0.360000000000,0.022194920501,-0.001061289467
2022-09-06,-0.046310151534,-0.000225450269,-0.000532765051,2022-09-15,-0.063105402165,-0.101508073640,0.015982951518,2022-10-13,0.299145502066,-0.006608322275,0.040756526372,2022-12-08,0.730000000000,0.440000000000,0.026621662588,-0.000528262018
2022-09-07,-0.039251227481,0.004772653514,-0.015319598521,2022-09-16,-0.071491134856,-0.097569578540,0.004754358162,2022-10-14,0.303030509849,0.005572528390,0.034865293185,2022-12-09,0.850000000000,0.520000000000,0.031888151642,-0.009225092251
2022-09-08,-0.027590449413,0.007734184276,-0.011111111111,2022-09-19,-0.071700356892,-0.087913119602,0.005291005291,2022-10-17,0.298935502959,0.010492537981,0.040476190476,2022-12-12,0.820000000000,0.470000000000,0.035082240267,0.003441885094
2022-09-09,-0.021759414444,0.007505001060,-0.006081438392,2022-09-20,-0.079016719840,-0.078522030266,0.003701745108,2022-10-18,0.133237386411,0.010031764213,0.036224219989,2022-12-13,0.880000000000,0.480000000000,0.032347177768,-0.002635046113
2022-09-13,-0.012550994954,0.002718272773,-0.004248539565,2022-09-21,-0.079016719840,-0.070940324495,0.008762612852,2022-10-19,0.113194265531,0.013276661826,0.052841210834,2022-12-14,0.910000000000,0.540000000000,0.029801990560,-0.003158725981
2022-09-14,-0.010964918006,-0.004059019954,0.000000000000,2022-09-22,-0.084131169196,-0.064993242396,0.006130063966,2022-10-20,0.105005311519,0.013772308845,0.050906183369,2022-12-15,0.980000000000,0.630000000000,0.024338538954,-0.009483667018
2022-09-15,-0.007856698018,-0.004863078333,0.010997854077,2022-09-23,-0.077440131229,-0.049680661349,0.013680257511,2022-10-21,0.106942558989,0.005829813345,0.048819742489,2022-12-16,0.950000000000,0.570000000000,0.032456939768,-0.009261709447
2022-09-16,-0.004728880164,-0.020992905752,0.000000000000,2022-09-26,-0.078786148617,-0.048067763694,0.020599250936,2022-10-24,0.114759954543,-0.007891905147,0.052166934189,2022-12-19,1.020000000000,0.590000000000,0.030169054734,-0.008774262164
2022-09-19,-0.003177631171,-0.017155492873,-0.007182761373,2022-09-27,-0.084622159626,-0.031367712346,0.019420058526,2022-10-25,0.107697803494,-0.002405736375,0.047086991221,2022-12-20,1.070000000000,0.710000000000,0.028828232942,-0.005317734645
2022-09-20,-0.011121709100,-0.011521341138,-0.001866666667,2022-09-28,-0.091917173386,-0.016962221202,0.020533333333,2022-10-26,0.098870114683,0.003670088412,0.064266666667,2022-12-21,1.150000000000,0.720000000000,0.028786290166,0.000266453504
2022-09-21,-0.015837829077,-0.009056806099,0.007196162047,2022-09-29,-0.099942110826,-0.011072025105,0.016524520256,2022-10-27,0.093244248912,-0.001710739888,0.062633262260,2022-12-22,1.170000000000,0.710000000000,0.029956568544,-0.001062981664
2022-09-22,-0.012670263262,-0.006705203784,0.003183868400,2022-09-30,-0.082425710149,-0.011982632869,0.014062085434,2022-10-28,0.096762899814,-0.002169163717,0.048553993102,2022-12-23,1.130000000000,0.660000000000,0.032976235460,-0.008978082915
2022-09-23,-0.012670263262,0.011759096237,0.025414660246,2022-10-10,-0.078356040980,-0.011711532346,0.018459069021,2022-10-31,0.075940671925,0.000798254241,0.056714820760,2022-12-26,1.290000000000,0.800000000000,0.037182115594,-0.007110877008
2022-09-26,-0.006375521398,0.009646151599,0.019292604502,2022-10-11,-0.078356040980,-0.016334501959,0.020364415863,2022-11-01,-0.023496252870,0.004685106025,0.058681672026,2022-12-27,1.320000000000,0.890000000000,0.041125601150,-0.016324381253
2022-09-27,0.001606684665,0.002856771967,0.015762757147,2022-10-12,-0.071492439426,-0.017904830455,0.019503072402,2022-11-02,-0.029576603143,0.005960475628,0.062783863211,2022-12-28,1.560000000000,1.090000000000,0.041617796076,-0.005574727900
2022-09-28,0.003218540510,0.002856119224,0.009261709447,2022-10-13,-0.068718289373,-0.010483437521,0.007409367558,2022-11-03,-0.034087405272,0.002627029437,0.050542471553,2022-12-29,1.640000000000,1.100000000000,0.035620449567,-0.008458895057
2022-09-29,-0.003208214741,0.002517123303,0.006083046813,2022-10-14,-0.061896166413,-0.004318115084,0.006347527109,2022-11-04,-0.035692135160,0.002746581193,0.049986775985,2022-12-30,1.390000000000,0.830000000000,0.025221456871,0.005854177754
2022-09-30,0.003208214741,-0.004329923784,-0.008609444300,2022-10-17,-0.041385674119,-0.006141852219,0.000260892252,2022-11-07,-0.006355262343,-0.004329923784,0.039133837725,2023-01-03,1.570000000000,0.900000000000,0.034026118809,0.014209115282
2022-10-10,0.017645181074,-0.017856866636,-0.002103049422,2022-10-18,-0.013988195000,-0.018080229826,0.007886435331,2022-11-08,0.014390797565,-0.036056608205,0.051524710831,2023-01-04,1.680000000000,0.870000000000,0.032690195761,0.022544283414
2022-10-11,0.027269825297,-0.022105400372,-0.000789058390,2022-10-19,0.004706623108,-0.027975557291,0.026564965807,2022-11-09,0.019096127252,-0.042079950567,0.056286165176,2023-01-05,1.680000000000,0.950000000000,0.036760257899,0.009827357238
2022-10-12,0.041706791630,-0.055250909760,-0.010225485055,2022-10-20,0.017230585438,-0.064944319266,0.032249606712,2022-11-10,0.025260512188,-0.079577045230,0.040901940220,2023-01-06,1.620000000000,0.890000000000,0.033464052288,0.007399577167
2022-10-13,0.056324458923,-0.064253739043,-0.006572029443,2022-10-21,0.031426792074,-0.072719985307,0.045478443743,2022-11-11,0.021793286526,-0.096925522429,0.055730809674,2023-01-09,1.620000000000,0.770000000000,0.029894150290,0.015429635541
2022-10-14,0.049568302723,-0.089721652307,0.003947368421,2022-10-24,0.034678454539,-0.102255766729,0.038947368421,2022-11-14,0.021793286526,-0.136183913878,0.053421052632,2023-01-10,1.630000000000,0.810000000000,0.037013836008,0.006068601583
2022-10-17,0.033102161151,-0.094381837182,0.009483667018,2022-10-25,0.041309205227,-0.117379688077,0.034510010537,2022-11-15,0.021827264228,-0.161930980322,0.058219178082,2023-01-11,1.590000000000,0.710000000000,0.036729335350,0.001849405548
2022-10-18,0.023422872904,-0.091585591279,0.007370360621,2022-10-26,0.041309205227,-0.119392721404,0.038167938931,2022-11-16,0.017070151598,-0.171517181048,0.056330613319,2023-01-12,1.570000000000,0.660000000000,0.041391513684,0.003960918933
2022-10-19,-0.010779186315,-0.063787691411,0.010331125828,2022-10-27,0.017421611985,-0.121021571501,0.047417218543,2022-11-17,-0.003103663927,-0.178844598322,0.065960264901,2023-01-13,1.600000000000,0.620000000000,0.041006122668,0.008776595745
2022-10-20,-0.030469241555,-0.053298298748,0.011378671606,2022-10-28,0.007918914539,-0.117852480062,0.046043926965,2022-11-18,-0.012414655708,-0.183030744955,0.073829055306,2023-01-16,1.720000000000,0.770000000000,0.034369146768,0.008279914530
2022-10-21,-0.039610014021,-0.028035728833,-0.002096985583,2022-10-31,-0.001583782908,-0.108713997567,0.029882044561,2022-11-21,-0.014075703303,-0.192666436650,0.066841415465,2023-01-17,1.730000000000,0.710000000000,0.032901494815,0.011534334764
2022-10-24,-0.038144663892,-0.015472876687,-0.006263048017,2022-11-01,0.004781641049,-0.115868654325,0.027139874739,2022-11-22,-0.014075703303,-0.205056490688,0.062108559499,2023-01-18,1.690000000000,0.620000000000,0.032901494815,0.021117348303
2022-10-25,-0.042722023559,-0.016290121157,-0.002874314084,2022-11-02,0.008033423326,-0.123641090711,0.026914031879,2022-11-23,-0.018767604404,-0.215765482758,0.058531486804,2023-01-19,1.660000000000,0.510000000000,0.040282489492,0.019445924347
2022-10-26,-0.023349949849,-0.015198085144,-0.001835343471,2022-11-03,0.009655621530,-0.126468959239,0.036969061353,2022-11-24,-0.018767604404,-0.216274147880,0.074986890404,2023-01-20,1.590000000000,0.420000000000,0.015860261787,0.017291832934
2022-10-27,-0.007856698018,-0.016747967312,-0.004447933019,2022-11-04,0.012832858963,-0.126771482732,0.036106750392,2022-11-25,-0.018650926666,-0.222649187178,0.070120355835,2023-01-30,1.600000000000,0.470000000000,0.024169674988,0.017053024247
2022-10-28,0.001586295255,-0.027938973005,0.007092198582,2022-11-07,0.012832858963,-0.143685102419,0.043866561597,2022-11-28,-0.018650926666,-0.243122865877,0.073548726031,2023-01-31,1.510000000000,0.220000000000,0.019254277872,0.013262599469
2022-10-31,0.001586295255,-0.039095295888,0.006827731092,2022-11-08,0.012832858963,-0.158550777649,0.037289915966,2022-11-29,-0.032188857648,-0.262188525218,0.072478991597,2023-02-01,1.510000000000,0.190000000000,0.019254277872,0.019004282655
2022-11-01,0.007969401748,-0.037422729236,0.022798742138,2022-11-09,0.014436966334,-0.158839835663,0.033805031447,2022-11-30,-0.033618599031,-0.269683747825,0.080712788260,2023-02-02,1.580000000000,0.020000000000,0.018024856252,0.017084890550
2022-11-02,-0.015938803495,-0.038712363997,0.034147622800,2022-11-10,-0.009624644222,-0.162676905439,0.036249014972,2022-12-01,-0.055096446840,-0.272849514490,0.071447333859,2023-02-03,1.560000000000,-0.080000000000,0.025188201151,0.017595307918
2022-11-03,-0.033259441062,-0.035376728088,0.045203679369,2022-11-11,-0.017701972804,-0.159778391935,0.044940867280,2022-12-02,-0.070079255575,-0.270146055332,0.056767411301,2023-02-06,1.570000000000,0.180000000000,0.032778536198,0.006613756614
2022-11-04,-0.033259441062,-0.019959718627,0.029733959311,2022-11-14,-0.023984662608,-0.157127332420,0.034950443401,2022-12-05,-0.074310016333,-0.267087638181,0.045905059990,2023-02-07,1.740000000000,0.170000000000,0.004620609458,0.005551149881
2022-11-07,0.045929704324,-0.005136428960,0.024256651017,2022-11-15,0.040983628091,-0.147652567371,0.018518518519,2022-12-06,-0.004522160849,-0.264658208261,0.045905059990,2023-02-08,1.690000000000,0.010000000000,0.004620609458,0.005774278215
2022-11-08,0.101201824374,-0.004063864442,0.010504739944,2022-11-16,0.087445392174,-0.143320963452,-0.000768639508,2022-12-07,0.022013512383,-0.261324671943,0.027414809121,2023-02-09,1.690000000000,0.010000000000,0.008111514503,0.009731720147
2022-11-09,0.127956013366,-0.006258387600,0.004318008636,2022-11-17,0.072374536687,-0.119255249160,-0.007620015240,2022-12-08,0.022013512383,-0.260051122789,0.015240030480,2023-02-10,1.640000000000,0.020000000000,0.013875154275,0.034889821616
2022-11-10,0.140891295812,0.014262165219,-0.006034699522,2022-11-18,0.060938483109,-0.089277699504,-0.014835302992,2022-12-09,0.016049030274,-0.237902392863,0.013326628112,2023-02-13,1.700000000000,0.080000000000,-0.003767431947,0.028294472099
2022-11-11,0.140891295812,0.024846791695,-0.004812563323,2022-11-21,0.060938483109,-0.051042627383,-0.003799392097,2022-12-12,0.019022543665,-0.222974024658,0.012917933131,2023-02-14,1.430000000000,-0.200000000000,-0.017280387712,0.036454235510
2022-11-14,0.060569382480,0.024863670997,0.002291825821,2022-11-22,0.068660395006,-0.035421378861,-0.002037178508,2022-12-13,0.024875634024,-0.215493571802,0.022918258212,2023-02-15,1.430000000000,-0.160000000000,-0.017280387712,0.031909282700
2022-11-15,0.004307871103,0.019586144761,-0.003549695740,2022-11-23,0.067134608450,-0.038480601159,0.005324543611,2022-12-14,0.023412361434,-0.213345680028,0.012931034483,2023-02-16,1.510000000000,-0.060000000000,-0.024345998891,0.034455549711
2022-11-16,0.010051699240,0.015333778013,0.000252908447,2022-11-24,0.094956462721,-0.044821471443,-0.002781992919,2022-12-15,0.020307523599,-0.214985790403,0.011380880121,2023-02-17,1.450000000000,-0.150000000000,-0.022145361567,0.042446612180
2022-11-17,0.010051699240,-0.014731216895,0.001770806982,2022-11-25,0.105279753446,-0.052176359703,-0.010877814318,2022-12-16,0.027761556478,-0.205418734534,0.013913483430,2023-02-20,1.380000000000,-0.340000000000,-0.014666987422,0.048476821192
2022-11-18,0.001435957034,-0.026761573983,0.011453296004,2022-11-28,0.106281782086,-0.049798632439,0.001018070756,2022-12-19,0.017508033026,-0.193807467316,0.020615932807,2023-02-21,1.490000000000,-0.240000000000,-0.014595788971,0.047997878547
2022-11-21,-0.004283268743,-0.030623867845,0.003556910569,2022-11-29,0.106281782086,-0.050265380427,0.000000000000,2022-12-20,0.017508033026,-0.186649011761,0.019054878049,2023-02-22,1.570000000000,-0.120000000000,-0.014595788971,0.030366492147
2022-11-22,-0.002859595301,-0.028281237160,0.003816793893,2022-11-30,0.111571624467,-0.050201222145,0.015521628499,2022-12-21,0.017508033026,-0.181754131817,0.019592875318,2023-02-23,1.520000000000,-0.140000000000,-0.024207122396,0.027436634440
2022-11-23,-0.004265000599,-0.016315774144,-0.002528445006,2022-12-01,0.116353265515,-0.045905539739,0.008091024020,2022-12-22,0.014484363888,-0.175796643504,0.014664981037,2023-02-24,1.440000000000,-0.150000000000,-0.004899515753,0.028242677824
2022-11-24,-0.014216668665,-0.006524277926,0.004040404040,2022-12-02,0.098194540278,-0.042321048786,-0.002020202020,2022-12-23,0.020606427537,-0.173748176605,0.015151515152,2023-02-27,1.390000000000,-0.210000000000,-0.011295609592,0.034058160859
2022-11-25,-0.012905082165,0.025591685207,-0.001509813790,2022-12-05,0.090275625739,0.002528231026,-0.006039255159,2022-12-26,0.017740990411,-0.151574255169,0.010820332159,2023-02-28,1.390000000000,-0.120000000000,-0.010529443035,0.036387434555
2022-11-28,-0.010037286128,0.041711478014,-0.011392405063,2022-12-06,0.093443191555,0.029602051111,0.000253164557,2022-12-27,0.020697822146,-0.147793678682,0.020000000000,2023-03-01,1.360000000000,-0.150000000000,-0.010529443035,0.040714473339
2022-11-29,-0.010037286128,0.046264924213,-0.011406844106,2022-12-07,0.091714153339,0.032375453392,0.008365019011,2022-12-28,0.028299090606,-0.147155325299,0.019011406844,2023-03-02,1.430000000000,-0.150000000000,-0.022589764970,0.037007874016
2022-11-30,-0.015705318725,0.057298452010,-0.009632446134,2022-12-08,0.116618138764,0.049386841277,0.006337135615,2022-12-29,0.029877517119,-0.130535705912,0.023574144487,2023-03-03,1.500000000000,-0.060000000000,-0.040373698633,0.033272203301
2022-12-01,0.007210848577,0.058556852684,-0.014587525151,2022-12-09,0.144167837575,0.050936304355,-0.001509054326,2022-12-30,0.054347853436,-0.120793587735,0.021881287726,2023-03-06,1.340000000000,-0.230000000000,-0.039867653468,0.039684625493
2022-12-02,0.018884378697,0.026147656480,-0.008820564516,2022-12-12,0.149082650220,0.049693583391,0.003780241935,2023-01-03,0.075107334512,-0.120676022300,0.026209677419,2023-03-07,1.170000000000,-0.570000000000,-0.021736146003,0.046004206099
2022-12-05,0.026071854998,0.014047274461,0.003585147247,2022-12-13,0.072683258976,0.049455607886,0.024327784891,2023-01-04,0.101025852775,-0.121671986879,0.032522407170,2023-03-08,1.080000000000,-0.610000000000,-0.021736146003,0.028183716075
2022-12-06,0.034762473331,0.011678049047,0.016666666667,2022-12-14,0.025847226617,0.048693332115,0.029743589744,2023-01-05,0.120803326432,-0.126739468052,0.033846153846,2023-03-09,1.210000000000,-0.480000000000,-0.034359052374,0.015368585569
2022-12-07,0.036263434998,-0.002722627995,0.009214230868,2022-12-15,0.025847226617,0.053120588116,0.016124904018,2023-01-06,0.119047681207,-0.132707402390,0.038904530330,2023-03-10,1.200000000000,-0.440000000000,-0.042671782432,-0.011913814956
2022-12-08,0.028636897975,-0.020162499405,-0.002041858091,2022-12-16,0.031591054754,0.015266897509,0.025012761613,2023-01-09,0.128849847501,-0.142612599490,0.047983665135,2023-03-13,1.160000000000,-0.540000000000,-0.026659824361,-0.003821656051
2022-12-09,0.022811530658,-0.024058560087,0.000000000000,2022-12-19,0.030155097719,-0.000397449119,0.017798118485,2023-01-10,0.130832351215,-0.148417586367,0.048817696415,2023-03-14,1.200000000000,-0.230000000000,-0.016975198770,-0.007085020243
2022-12-12,0.012704692596,-0.037674116561,0.004337841286,2022-12-20,0.024271856212,-0.014582794212,0.025006379178,2023-01-11,0.139815771537,-0.161058475852,0.056391936719,2023-03-15,1.310000000000,-0.120000000000,-0.016975198770,0.002044467161
2022-12-13,-0.002799553378,-0.038650420693,0.006557377049,2022-12-21,0.018587369454,-0.011205773214,0.012105926860,2023-01-12,0.131871693609,-0.162767182160,0.051197982346,2023-03-16,1.330000000000,-0.180000000000,-0.011716292073,-0.002288329519
2022-12-14,-0.002799553378,-0.035880800859,0.011159015978,2022-12-22,0.012795001798,0.000000000000,0.020542733959,2023-01-13,0.128286415524,-0.160418678032,0.059599289881,2023-03-17,1.270000000000,-0.180000000000,-0.023024649671,0.002276176024
2022-12-15,0.001391982828,-0.022292173627,0.010741687980,2022-12-23,0.022746669864,0.007475735123,0.037851662404,2023-01-16,0.139372895878,-0.157629112677,0.091815856777,2023-03-20,1.300000000000,-0.080000000000,-0.021670375519,-0.006316321374
2022-12-16,0.002787846291,-0.027965036018,0.004322400203,2022-12-26,0.031545756403,-0.001633511822,0.034833460463,2023-01-17,0.139372895878,-0.154482244687,0.098398169336,2023-03-21,1.280000000000,-0.210000000000,-0.020636413402,-0.009362348178
2022-12-19,0.000000000000,-0.017354720807,0.003810975610,2022-12-27,0.028677960366,-0.001094071554,0.034044715447,2023-01-18,0.143449231457,-0.161228533868,0.073678861789,2023-03-22,1.350000000000,-0.220000000000,-0.020636413402,0.001524390244
2022-12-20,-0.011229651521,-0.014300870896,-0.003257328990,2022-12-28,0.010037286128,0.003020262115,0.015033826109,2023-01-19,0.131748142539,-0.165121419665,0.067151089952,2023-03-23,1.420000000000,-0.100000000000,-0.024597457301,0.002797558494
2022-12-21,-0.015440770841,-0.014562839732,-0.004263857537,2022-12-29,0.001427756248,0.001782009273,0.028342111864,2023-01-20,0.128741620396,-0.165083691148,0.073488838726,2023-03-24,1.450000000000,0.010000000000,-0.023161307732,0.012461851475
2022-12-22,-0.018070622774,-0.012142248874,0.004554655870,2022-12-30,0.018748206301,0.001778595993,0.034919028340,2023-01-30,0.133140911743,-0.162240038370,0.079706477733,2023-03-27,1.410000000000,0.020000000000,-0.022259323419,0.008614137319
2022-12-23,-0.015290526963,-0.002317928110,0.008354430380,2023-01-03,0.029052890303,-0.028802240894,0.034683544304,2023-01-31,0.136349126483,-0.166246284242,0.071645569620,2023-03-28,1.480000000000,0.090000000000,-0.026346919173,-0.002778479414
2022-12-26,-0.001393923146,-0.002738174645,0.012401923564,2023-01-04,0.037659346108,-0.043717218650,0.033662363958,2023-02-01,0.149181985446,-0.171516910111,0.075170842825,2023-03-29,1.550000000000,0.190000000000,-0.026346919173,-0.002271580010
2022-12-27,0.022714377586,-0.004927365163,0.009552538964,2023-01-05,0.043453091663,-0.046056126016,0.036701860231,2023-02-02,0.155598414928,-0.171601716291,0.066113624937,2023-03-30,1.550000000000,0.120000000000,-0.024639629583,0.003037205771
2022-12-28,0.034217295988,-0.009441532013,0.000000000000,2023-01-06,0.052219346398,-0.061453603307,0.027455919395,2023-02-03,0.163618951780,-0.175321959013,0.073551637280,2023-03-31,1.580000000000,0.080000000000,-0.006932454518,0.005578093306
2022-12-29,0.022650067313,-0.005462886786,0.011586901763,2023-01-09,0.034364277570,-0.058807289933,0.012846347607,2023-02-06,0.162536295750,-0.168908585760,0.075566750630,2023-04-03,1.600000000000,0.260000000000,-0.009305256308,0.001011122346
2022-12-30,0.012704692596,0.107145746642,0.005021340698,2023-01-10,0.022811530658,0.047858425980,0.006778809942,2023-02-07,0.147105930661,-0.072898842499,0.069545568667,2023-04-04,1.560000000000,0.390000000000,-0.013464957772,0.001759235989
2023-01-03,-0.001395868880,0.115868237496,0.004250000000,2023-01-11,0.009881427575,0.052303584504,0.002500000000,2023-02-08,0.127679764439,-0.058713609143,0.082250000000,2023-04-06,1.580000000000,0.500000000000,-0.013464957772,0.011928934010
2023-01-04,-0.006940591773,0.116228912361,-0.000747011952,2023-01-12,0.001399776689,0.052528256311,-0.001494023904,2023-02-09,0.117114364519,-0.054415357669,0.076693227092,2023-04-07,1.530000000000,0.320000000000,-0.011854327968,0.026680348897
2023-01-05,-0.015164054390,0.117555465183,0.013602015113,2023-01-13,0.000000000000,0.051741154863,0.006801007557,2023-02-10,0.100092444355,-0.024478074398,0.083375314861,2023-04-10,1.470000000000,0.270000000000,-0.010684478678,0.026423807081
2023-01-06,0.017995578625,0.100931924369,0.010458167331,2023-01-16,0.023663708084,0.057511169830,0.003486055777,2023-02-13,0.120353504141,-0.022197460806,0.066484063745,2023-04-11,1.490000000000,0.330000000000,-0.018584455371,0.015856777494
2023-01-09,0.043211617513,-0.017158087458,0.016737446915,2023-01-17,0.043211617513,0.055267393457,-0.000999250562,2023-02-14,0.140158511151,0.001005766057,0.080939295528,2023-04-12,1.340000000000,0.140000000000,-0.020226343439,0.023190621814
2023-01-10,0.026558581008,-0.025467093562,0.013193925815,2023-01-18,0.023696693475,0.065651967084,0.000000000000,2023-02-15,0.120537137899,0.012915376408,0.079163554892,2023-04-13,1.310000000000,0.000000000000,-0.026932603236,0.023463402193
2023-01-11,0.033547681273,-0.036228598017,0.009469225019,2023-01-19,0.037900073882,0.055179775439,-0.004485422377,2023-02-16,0.128166070677,0.003206716763,0.091951158734,2023-04-14,1.370000000000,0.040000000000,-0.028236831055,0.025739041794
2023-01-12,0.034994417224,-0.041779272932,0.018886679920,2023-01-20,0.037900073882,0.045306612500,-0.006212723658,2023-02-17,0.150996342360,-0.001545567981,0.067842942346,2023-04-17,1.310000000000,0.040000000000,-0.031339511373,0.014130709059
2023-01-13,0.009518633632,-0.043531754981,0.007885657960,2023-01-30,0.031971101831,0.034537952353,-0.012321340562,2023-02-20,0.166561997990,-0.012110068672,0.059881715131,2023-04-18,1.220000000000,-0.080000000000,-0.040754787678,0.023900330536
2023-01-16,0.017370397902,-0.079250090679,0.004176904177,2023-01-31,0.058382012039,-0.000409046137,-0.014742014742,2023-02-21,0.207804678408,-0.051738838898,0.059950859951,2023-04-19,1.310000000000,0.030000000000,-0.038671946661,0.034482758621
2023-01-17,0.036764722569,-0.071580641969,0.003439803440,2023-02-01,0.061332618406,0.006845436613,-0.014496314496,2023-02-22,0.207804678408,-0.044810222861,0.056019656020,2023-04-20,1.310000000000,-0.040000000000,-0.029776646487,0.031456113648
2023-01-18,0.031106316431,-0.052038476252,0.018020241916,2023-02-02,0.082339618749,0.014782095488,-0.010861515675,2023-02-23,0.215173847186,-0.033250160122,0.064675388793,2023-04-21,1.360000000000,-0.060000000000,-0.027488985012,0.028658381943
2023-01-19,0.035163662052,-0.035603090555,-0.005121951220,2023-02-03,0.091246122634,0.022988077945,-0.021219512195,2023-02-24,0.219955488235,-0.022233452295,0.046341463415,2023-04-24,1.250000000000,-0.200000000000,-0.030803362162,0.021853805576
2023-01-20,0.030980617358,-0.025169089333,-0.016870415648,2023-02-06,0.083522123217,0.020895541957,-0.017114914425,2023-02-27,0.212226909633,-0.020570912258,0.053789731051,2023-04-25,1.190000000000,-0.220000000000,-0.032199047360,0.030143180106
2023-01-30,0.017073818875,0.019505844660,-0.018840225104,2023-02-07,0.093167745703,0.021456482427,-0.017127477367,2023-02-28,0.226480955802,-0.005455656425,0.058967457793,2023-04-26,1.250000000000,-0.230000000000,-0.031436354214,0.037487335360
2023-01-31,0.026267413654,0.012102033468,-0.018119490695,2023-02-08,0.090731477169,0.021828258012,-0.013467189030,2023-03-01,0.237567436156,0.006082613242,0.058276199804,2023-04-27,1.260000000000,-0.290000000000,-0.035201093016,0.029344801417
2023-02-01,0.022298016045,-0.015915542957,-0.027643064985,2023-02-09,0.081898982926,0.003576274227,-0.025218234724,2023-03-02,0.232447940358,-0.011649744735,0.042677012609,2023-04-28,1.280000000000,-0.270000000000,-0.035776044544,0.032298763563
2023-02-02,0.022210618505,-0.058853932031,-0.020102966413,2023-02-10,0.078577372749,-0.028042020484,-0.010051483207,2023-03-03,0.267249901333,-0.042720297965,0.081147340034,2023-05-04,1.140000000000,-0.440000000000,-0.036698585108,0.040090771558
2023-02-03,0.024823632446,-0.054580946755,0.002238249192,2023-02-13,0.085825067287,-0.029524304407,0.010445162895,2023-03-06,0.285059133387,-0.040069892759,0.098234270082,2023-05-05,1.180000000000,-0.420000000000,-0.023718628998,0.028030303030
2023-02-06,0.019369843048,-0.080678221536,-0.002743142145,2023-02-14,0.100362466482,-0.151830558085,0.015461346633,2023-03-07,0.293250487795,-0.067072760096,0.086783042394,2023-05-08,1.310000000000,-0.250000000000,-0.016873542303,0.008028098344
2023-02-07,0.014077303164,-0.071475249142,0.001745635910,2023-02-15,0.107632144084,-0.149726825437,0.005486284289,2023-03-08,0.199878962184,-0.061004307529,0.090024937656,2023-05-09,1.380000000000,-0.200000000000,-0.020265869491,0.005768748432
2023-02-08,0.012830387833,-0.047970597039,-0.003740648379,2023-02-16,0.103438683924,-0.144051806402,0.005486284289,2023-03-09,0.133544004185,-0.055222047035,0.095511221945,2023-05-10,1.360000000000,-0.170000000000,-0.015002558160,0.001999000500
2023-02-09,0.003834357462,-0.008811654579,0.000500375281,2023-02-17,0.099384144916,-0.137945765065,0.015511633725,2023-03-10,0.127800176048,-0.045179881645,0.101576182137,2023-05-11,1.290000000000,-0.180000000000,-0.013712300065,0.004498875281
2023-02-10,0.002549720614,-0.002122500543,-0.005459057072,2023-02-20,0.069350045032,-0.120367173514,0.018858560794,2023-03-13,0.129236133083,-0.055576863740,0.086848635236,2023-05-12,1.340000000000,-0.150000000000,-0.001102237264,0.005287009063
2023-02-13,-0.002533570870,0.030999240882,0.002750687672,2023-02-21,0.052111193707,-0.110271916983,0.031507876969,2023-03-14,0.130672090117,-0.061472130338,0.095773943486,2023-05-15,1.410000000000,0.070000000000,-0.001102237264,0.000747198007
2023-02-14,-0.010095915403,0.029517578586,-0.001493651979,2023-02-22,0.068082819573,-0.101753081881,0.030619865571,2023-03-15,0.119931524810,-0.056740326570,0.091610654717,2023-05-16,1.410000000000,0.100000000000,0.007786522816,0.000498380264
2023-02-15,-0.001266785435,0.026057652773,0.003003754693,2023-02-23,0.066269978483,-0.088733912823,0.043304130163,2023-03-16,0.127251990874,-0.049225360906,0.089361702128,2023-05-17,1.460000000000,0.090000000000,0.013866082832,-0.005714285714
2023-02-16,0.006366185539,0.021651427503,0.003500875219,2023-02-24,0.068974875563,-0.080880933977,0.044761190298,2023-03-17,0.123685017385,-0.039238762612,0.087021755439,2023-05-18,1.460000000000,0.150000000000,0.021163100829,-0.004478726051
2023-02-17,0.005086472146,0.007799055492,0.002994011976,2023-02-27,0.064655201444,-0.073159891791,0.065119760479,2023-03-20,0.123685017385,-0.033980614196,0.079590818363,2023-05-19,1.490000000000,0.270000000000,0.024574149212,-0.008691333499
2023-02-20,0.002540006155,0.002682049018,0.001745635910,2023-02-28,0.036774379115,-0.031100227850,0.077306733167,2023-03-21,0.131918617684,-0.033078614390,0.085037406484,2023-05-22,1.460000000000,0.150000000000,0.024574149212,-0.009876543210
2023-02-21,0.006374301536,-0.005059636246,0.004487658938,2023-03-01,0.036774379115,-0.037393923637,0.053602592870,2023-03-22,0.131918617684,-0.031864834024,0.081775118424,2023-05-23,1.460000000000,0.150000000000,0.017836567438,-0.015002459420
2023-02-22,0.001268392216,-0.010523161057,0.003244322436,2023-03-02,0.035414496071,-0.048825648734,0.062889942600,2023-03-23,0.131918617684,-0.031850036847,0.088844522086,2023-05-24,1.530000000000,0.170000000000,0.019779544494,-0.009615384615
2023-02-23,-0.001265182720,-0.013613775232,0.006229753302,2023-03-03,0.031356167301,-0.059924003523,0.066533765263,2023-03-24,0.127070306049,-0.036599728915,0.078245701470,2023-05-25,1.520000000000,0.270000000000,0.021364230107,-0.014749262537
2023-02-24,0.000000000000,-0.010974884961,0.010696517413,2023-03-06,0.032662674272,-0.059664466305,0.061442786070,2023-03-27,0.139890462403,-0.038308221382,0.073880597015,2023-05-26,1.490000000000,0.300000000000,0.028824008461,-0.019507437210
2023-02-27,0.003800356305,-0.009854802161,0.013691809808,2023-03-07,0.023243811658,-0.059003475452,0.053771471247,2023-03-28,0.151075029573,-0.066497339576,0.072940004979,2023-05-29,1.570000000000,0.320000000000,0.028824008461,-0.020996093750
2023-02-28,0.003800356305,-0.000423780529,0.000744601638,2023-03-08,0.014077303164,-0.049307173750,0.054355919583,2023-03-29,0.147740511655,-0.071024069939,0.069744353438,2023-05-30,1.560000000000,0.300000000000,0.029169542928,-0.013271073974
2023-03-01,0.002533570870,0.003828627241,0.002985074627,2023-03-09,0.015396465399,-0.029741770164,0.054975124378,2023-03-30,0.146292075267,-0.071118006554,0.079850746269,2023-05-31,1.490000000000,0.210000000000,0.023835958953,-0.015155218773
2023-03-02,0.013934639783,0.007541117588,0.005200594354,2023-03-10,0.023006144771,0.006395555743,0.055473006439,2023-03-31,0.161009651392,-0.081938137743,0.082961862308,2023-06-01,1.570000000000,0.430000000000,0.026873010080,-0.024000000000
2023-03-03,0.010121461758,0.007113249765,0.010583312823,2023-03-13,0.017848044301,0.001698000435,0.050947575683,2023-04-03,0.143184489874,-0.085044388518,0.078513413734,2023-06-02,1.600000000000,0.420000000000,0.013047897867,-0.006632277082
2023-03-06,0.007571936552,0.018341746840,0.013015717092,2023-03-14,0.011401068914,0.042351075572,0.046168958743,2023-04-04,0.138294904617,-0.073598498332,0.063359528487,2023-06-05,1.450000000000,0.140000000000,0.013047897867,0.013190642111
2023-03-07,0.007571936552,0.025154971583,0.026785714286,2023-03-15,0.007571936552,0.049630046348,0.073660714286,2023-04-06,0.127046925958,-0.060848229498,0.080605158730,2023-06-06,1.490000000000,0.110000000000,0.030970118453,0.016458852868
2023-03-08,0.008845088386,0.036445125507,0.033730158730,2023-03-16,0.011401068914,0.056290288586,0.072420634921,2023-04-07,0.117581241873,-0.048377875565,0.083333333333,2023-06-07,1.590000000000,0.230000000000,0.025373088208,0.005735660848
2023-03-09,-0.004997503331,0.046885132555,0.029317565903,2023-03-17,0.014005608185,0.062946865389,0.059620596206,2023-04-10,0.114781688495,-0.036270809564,0.069475240207,2023-06-08,1.660000000000,0.370000000000,0.026754368860,0.003483453595
2023-03-10,-0.005010022132,0.055939029848,0.039698002923,2023-03-20,0.010172944292,0.059981826783,0.043107647345,2023-04-11,0.105790694966,-0.013982073399,0.063321967852,2023-06-09,1.630000000000,0.290000000000,0.016929145974,0.017029802154
2023-03-13,-0.003757516599,0.058502100491,0.047272727273,2023-03-21,0.010160024621,0.070156755884,0.048969696970,2023-04-12,0.108726005355,0.004771285766,0.058909090909,2023-06-12,1.440000000000,0.030000000000,0.016929145974,0.017670482827
2023-03-14,0.003757516599,0.046042698951,0.020772946860,2023-03-22,0.021672625222,0.066477998453,0.047101449275,2023-04-13,0.117089544229,0.020852571512,0.058695652174,2023-06-13,1.310000000000,-0.100000000000,0.006578302716,0.031631382316
2023-03-15,0.012525055329,0.039797544982,0.021833013436,2023-03-23,0.025367844312,0.070435024672,0.051343570058,2023-04-14,0.134755818246,0.029276311174,0.046545105566,2023-06-14,1.330000000000,-0.130000000000,0.004396832532,0.034232883558
2023-03-16,0.020090415240,0.027383822447,0.024413595022,2023-03-24,0.027834019836,0.068910965349,0.028482527525,2023-04-17,0.140370644006,0.026968221726,0.040689325036,2023-06-15,1.220000000000,-0.240000000000,0.003786025845,0.043239190202
2023-03-17,0.027693868619,0.013511459858,-0.000468493792,2023-03-27,0.032894750715,0.065990013418,0.007495900679,2023-04-18,0.134834646851,0.022125875726,0.021316467557,2023-06-16,1.340000000000,-0.150000000000,0.002577745248,0.051603206413
2023-03-20,0.038974117414,-0.005935785877,-0.020138888889,2023-03-28,0.046871061089,0.060958990508,-0.001388888889,2023-04-19,0.148735125908,0.027542439900,0.010416666667,2023-06-19,1.290000000000,-0.170000000000,0.002577745248,0.079052369077
2023-03-21,0.031195421011,0.011069912295,0.005205868434,2023-03-29,0.046871061089,0.083767284595,0.017037387601,2023-04-20,0.151937622869,0.050382413471,0.033601514434,2023-06-20,1.330000000000,-0.130000000000,-0.001967993974,0.070162297129
2023-03-22,0.032162309155,0.022545147970,-0.004226344212,2023-03-30,0.057005344568,0.106208955698,0.012679032637,2023-04-21,0.184554317885,0.067751270986,0.023714486969,2023-06-21,1.360000000000,-0.170000000000,-0.006152658354,0.051282051282
2023-03-23,0.046775006883,0.024159232451,-0.004205607477,2023-03-31,0.077273911525,0.109844203356,0.002336448598,2023-04-24,0.212432379257,0.067322228267,0.017056074766,2023-06-26,1.200000000000,-0.320000000000,-0.012382103606,0.061127744511
2023-03-24,0.057569842222,0.027586621993,0.000703070073,2023-04-03,0.092358338545,0.107552336446,0.010077337708,2023-04-25,0.222253785510,0.063232914548,0.021326458870,2023-06-27,1.190000000000,-0.300000000000,-0.015642225987,0.063168366078
2023-03-27,0.049612798327,0.035163908932,0.006378454996,2023-04-04,0.094649206903,0.109197376533,0.022442712025,2023-04-26,0.224449569193,0.066146098692,0.022915190172,2023-06-28,1.160000000000,-0.410000000000,-0.015642225987,0.058852867830
2023-03-28,0.050822866579,0.022158105644,0.019067796610,2023-04-06,0.095911196328,0.108251169847,0.017419962335,2023-04-27,0.212172069687,0.076604830003,0.020480225989,2023-06-29,1.290000000000,-0.270000000000,-0.011194056676,0.052303860523
2023-03-29,0.040747859040,0.008332119835,0.019570855930,2023-04-07,0.097295972242,0.111171758814,0.013911813252,2023-04-28,0.205441516492,0.081979209192,0.025701485499,2023-06-30,1.240000000000,-0.250000000000,0.002053289588,0.052370315215
2023-03-30,0.016462847469,0.007563970679,0.009150633505,2023-04-10,0.079960053290,0.109869376891,0.034725480995,2023-05-04,0.191618505477,0.085645579804,0.023932426091,2023-07-03,1.240000000000,-0.330000000000,-0.006732068166,0.055141579732
2023-03-31,0.006949273010,0.008606143810,0.003044496487,2023-04-11,0.088927892839,0.109194116344,0.034192037471,2023-05-05,0.203488465988,0.078273737266,0.020608899297,2023-07-04,1.210000000000,-0.390000000000,-0.003293005734,0.058605341246
2023-04-03,0.001152871091,0.010126730261,0.015727699531,2023-04-12,0.087675387306,0.100249422798,0.023004694836,2023-05-08,0.210482394983,-0.027280124664,0.024882629108,2023-07-05,1.160000000000,-0.290000000000,-0.003293005734,0.036845983788
2023-04-04,0.003454630529,0.007268427888,0.001386001386,2023-04-13,0.091432903905,0.088914792885,0.009702009702,2023-05-09,0.218059928273,-0.028173741187,0.008316008316,2023-07-06,1.140000000000,-0.350000000000,-0.016441421315,0.047350343474
2023-04-06,0.002303087019,0.011822831438,0.013413506013,2023-04-14,0.090180398372,0.084774222530,0.015957446809,2023-05-10,0.216662108220,-0.019223337723,0.004856614246,2023-07-07,1.100000000000,-0.490000000000,-0.012220856536,0.073642449789
2023-04-07,0.019666828500,0.008779591039,-0.000930016275,2023-04-17,0.106730330960,0.069471273696,0.023715415020,2023-05-11,0.233762707056,-0.020024385251,0.015345268542,2023-07-10,1.060000000000,-0.600000000000,-0.014392067378,0.073146541036
2023-04-10,0.013802627790,-0.001655600463,0.004202661686,2023-04-18,0.109516662268,0.048694766222,0.022647676862,2023-05-12,0.198531501465,-0.022202442368,0.020312864814,2023-07-11,1.140000000000,-0.490000000000,-0.009107932713,0.055651317410
2023-04-11,0.020727783175,-0.018654500379,-0.003004391033,2023-04-19,0.114407893055,0.020049765629,0.012710885140,2023-05-15,0.184393454656,-0.028761126411,0.011093136122,2023-07-12,1.140000000000,-0.300000000000,-0.006589759718,0.054292002935
2023-04-12,0.020656422866,-0.019875591457,-0.008535178777,2023-04-20,0.109807881960,0.020294839207,0.011534025375,2023-05-16,0.211056740676,-0.022597768805,0.016608996540,2023-07-13,1.140000000000,-0.170000000000,-0.000284775688,0.048044422984
2023-04-13,0.019531257480,-0.014574446272,-0.015746234596,2023-04-21,0.097723939355,0.028050358520,-0.006846188955,2023-05-17,0.200162383988,0.002812890608,0.003879507074,2023-07-14,1.140000000000,-0.190000000000,-0.003050164876,0.050012080213
2023-04-14,0.009076472686,-0.011604240896,-0.001629043519,2023-04-24,0.094780935000,0.028886038800,0.011636025134,2023-05-18,0.202867281069,0.010835723212,0.022573888760,2023-07-17,1.160000000000,-0.060000000000,-0.003371437564,0.045999041687
2023-04-17,0.021556622629,-0.001658346022,0.002092536619,2023-04-25,0.102890781843,0.032998351666,0.006045105789,2023-05-19,0.212823371419,0.020604746708,0.025342943502,2023-07-18,1.220000000000,-0.120000000000,-0.002693759071,0.030014292520
2023-04-18,0.016922389035,0.009439896053,0.003245248030,2023-04-26,0.090755118891,0.035827378911,0.008576726936,2023-05-22,0.183871895575,0.064792141354,0.034538711173,2023-07-19,1.280000000000,-0.010000000000,-0.001064586357,-0.005084354056
2023-04-19,0.014616600936,0.015887088524,0.005583992555,2023-04-27,0.091965187143,0.025155966995,0.009539320614,2023-05-23,0.185185266257,0.069484709013,0.041647277804,2023-07-20,1.300000000000,-0.030000000000,0.002620441040,0.002566495567
2023-04-20,0.018030207359,0.004972500796,-0.003014143288,2023-04-28,0.082694184521,0.010383103179,0.011592858799,2023-05-24,0.184942368373,0.063122661899,0.030141432877,2023-07-21,1.320000000000,-0.040000000000,0.003404000411,0.020127871182
2023-04-21,0.010119185263,0.005742626213,0.027972027972,2023-05-04,0.056444048465,0.010384434323,0.008624708625,2023-05-25,0.173765427125,0.054172369256,0.037296037296,2023-07-24,1.280000000000,0.080000000000,0.010140701965,0.008229485069
2023-04-24,-0.001110617914,0.006388848852,0.024593967517,2023-05-05,0.041695638057,0.011688941593,0.001624129930,2023-05-26,0.175071934096,0.053644508943,0.026914153132,2023-07-25,1.290000000000,0.100000000000,0.004223038739,0.000467836257
2023-04-25,-0.002218771621,0.008967304695,0.006931608133,2023-05-08,0.036891874910,0.009613984425,-0.004158964880,2023-05-29,0.161415358736,0.053785481024,0.022412199630,2023-07-26,1.240000000000,0.080000000000,0.010504108421,0.016486104569
2023-04-26,-0.002216312875,0.001652863981,0.011337343822,2023-05-09,0.036849392311,0.004590586034,-0.002776492365,2023-05-30,0.152290825139,0.058443107851,0.027070800555,2023-07-27,1.150000000000,-0.140000000000,0.009367945414,0.023195266272
2023-04-27,0.000000000000,-0.001268691634,0.021627906977,2023-05-10,0.040304022840,0.000762763319,0.009534883721,2023-05-31,0.159096809125,0.078945896842,0.028139534884,2023-07-28,1.180000000000,-0.060000000000,0.005326888456,0.021933962264
2023-04-28,0.005565451753,-0.003552787314,-0.001587301587,2023-05-11,0.045118018324,-0.000763442699,-0.008390022676,2023-06-01,0.154652417626,0.116114867592,-0.000453514739,2023-07-31,1.260000000000,0.020000000000,0.007611180326,0.011770244821
2023-05-04,0.005559263790,-0.003301111103,-0.008152173913,2023-05-12,0.040257664388,-0.000254707764,-0.007699275362,2023-06-02,0.152983236862,0.110794528363,0.001585144928,2023-08-01,1.260000000000,0.050000000000,0.007762166802,0.026629292221
2023-05-05,0.013342233097,-0.004443803408,0.005507113355,2023-05-15,0.049516370918,-0.004949153162,-0.006424965581,2023-06-05,0.154547823050,0.141170251906,0.012849931161,2023-08-02,1.180000000000,0.020000000000,0.006766345759,0.045960672826
2023-05-08,0.019991122461,-0.015993630981,0.003202928392,2023-05-16,0.053936215261,-0.018609630218,-0.003202928392,2023-06-06,0.159010667597,0.121687664662,0.008922443377,2023-08-03,1.230000000000,0.090000000000,0.005960696183,0.023190442727
2023-05-09,0.016603946795,-0.016386912015,-0.009333029820,2023-05-17,0.055147079943,-0.027138624092,-0.005690871842,2023-06-07,0.163415321094,0.114740051159,-0.000910539495,2023-08-04,1.290000000000,0.190000000000,0.006101764354,0.010854503464
2023-05-10,0.011069297863,-0.015280519782,-0.012718600954,2023-05-18,0.036305890744,-0.024595945377,-0.014081308199,2023-06-08,0.162974349790,0.108830685263,0.002952532364,2023-08-07,1.300000000000,0.240000000000,0.009124026555,0.016173752311
2023-05-11,0.016585587714,-0.015541132026,-0.012100456621,2023-05-19,0.043113245259,-0.014159723725,-0.003196347032,2023-06-09,0.169125198849,0.095857482045,0.006849315068,2023-08-08,1.260000000000,0.120000000000,0.012109622111,0.024959178913
2023-05-12,0.008777707841,-0.011350396167,-0.007074395253,2023-05-22,0.037229255877,0.002456959247,-0.003194888179,2023-06-12,0.167640406249,0.094295197043,0.006846188955,2023-08-09,1.230000000000,0.090000000000,0.011353638945,0.012526096033
2023-05-15,0.004355402278,0.001289967049,-0.010490307868,2023-05-23,0.037103679298,0.002583266427,-0.000456100342,2023-06-13,0.175930722391,0.090932906975,0.002280501710,2023-08-10,1.280000000000,0.140000000000,0.013290168807,0.009444828381
2023-05-16,0.018510459680,0.002712079447,0.002527573529,2023-05-24,0.054090622076,-0.010072501612,0.002297794118,2023-06-14,0.186453655697,0.089376714574,0.011259191176,2023-08-11,1.310000000000,0.170000000000,0.018394815517,0.005292222734
2023-05-17,0.025180652938,0.001939704668,-0.004600874166,2023-05-25,0.052844634152,-0.011230024594,0.000230043708,2023-06-15,0.184716677090,0.087436927520,0.015642972165,2023-08-14,1.350000000000,0.190000000000,0.019831359948,-0.002977553825
2023-05-18,0.028279322848,-0.007246249290,-0.002311070025,2023-05-26,0.049977806152,-0.019677654464,0.007626531084,2023-06-16,0.196103321569,0.079497564138,0.021724058239,2023-08-15,1.350000000000,0.130000000000,0.026021474393,0.004856614246
2023-05-19,0.032629987902,-0.015221611179,-0.009423121122,2023-05-29,0.053250518915,-0.022033948678,0.003217651115,2023-06-19,0.202685669574,0.074755713533,0.018846242243,2023-08-16,1.420000000000,0.140000000000,0.020701283587,0.005807200929
2023-05-22,0.027103218814,-0.017907441972,-0.006683567642,2023-05-30,0.049867039697,-0.030768698723,0.006683567642,2023-06-20,0.200152098705,0.076845535952,0.019128831528,2023-08-17,1.460000000000,0.160000000000,0.018915910352,0.011636025134
2023-05-23,0.012828740941,-0.015842071803,-0.005042402017,2023-05-31,0.048704910599,-0.030575468376,-0.000687600275,2023-06-21,0.200152098705,0.083520794267,0.012376804951,2023-08-18,1.480000000000,0.160000000000,0.026258642728,0.005106778087
2023-05-24,0.011747120798,-0.014455089585,0.010630922117,2023-06-01,0.054541427182,-0.031086888997,0.006008782066,2023-06-26,0.200152098705,0.086509424405,0.021955165242,2023-08-21,1.440000000000,0.160000000000,0.024235976845,0.014925373134
2023-05-25,0.004231014819,-0.005604697310,0.015056752374,2023-06-02,0.055592637904,-0.031360555481,0.009497336113,2023-06-27,0.201164052448,0.085358997180,0.027102154274,2023-08-22,1.480000000000,0.190000000000,0.027862242487,0.013560907178
2023-05-26,0.000000000000,0.000130990593,0.004640371230,2023-06-05,0.055592637904,-0.030598760611,0.004640371230,2023-06-28,0.198132339783,0.085594818584,0.030162412993,2023-08-23,1.580000000000,0.340000000000,0.018918839116,-0.001390176089
2023-05-29,-0.010555207429,0.003673029053,0.010904872390,2023-06-06,0.041092862836,-0.028813922481,0.005800464037,2023-06-29,0.182988466679,0.081259037418,0.035034802784,2023-08-24,1.570000000000,0.420000000000,0.019097182206,-0.002081887578
2023-05-30,-0.006333124458,0.006936141432,0.006219765031,2023-06-07,0.042063331881,-0.022611397974,0.002073255010,2023-06-30,0.189537608263,0.086875008476,0.025570145128,2023-08-25,1.570000000000,0.390000000000,0.023251635991,-0.007615970459
2023-05-31,-0.009499686686,0.006547814235,-0.007317630917,2023-06-08,0.038742542522,-0.021265390030,-0.002058083695,2023-07-03,0.172413864907,0.085438268662,0.014863937800,2023-08-28,1.470000000000,0.210000000000,0.027807532178,0.015588645882
2023-06-01,-0.015799457833,0.007471357176,-0.003651300776,2023-06-09,0.033171175428,-0.020891357806,-0.005476951164,2023-07-04,0.170340752480,0.085744927065,0.017571884984,2023-08-29,1.460000000000,0.200000000000,0.025608192774,-0.007508532423
2023-06-02,-0.017906052211,0.006548671825,0.008775981524,2023-06-12,0.023041483082,-0.019895076428,0.008314087760,2023-07-05,0.167835741414,0.073022908250,0.033949191686,2023-08-30,1.450000000000,0.270000000000,0.027403693661,-0.009060022650
2023-06-05,-0.005333904180,0.001699094095,0.005967408768,2023-06-13,0.015243907972,-0.011351710032,0.001836125775,2023-07-06,0.167835741414,0.056519480749,0.030066559559,2023-08-31,1.510000000000,0.280000000000,0.027403693661,-0.010073260073
2023-06-06,-0.009560232831,-0.008447992081,-0.001373626374,2023-06-14,0.015243907972,-0.014722716997,-0.005265567766,2023-07-07,0.167835741414,0.039797544982,0.023809523810,2023-09-01,1.500000000000,0.210000000000,0.029352709756,-0.004569339730
2023-06-07,-0.006393864164,-0.006375114882,0.001612531675,2023-06-15,0.020801408949,-0.012414109877,0.005989403363,2023-07-10,0.170768529536,0.030216631666,0.034554250173,2023-09-04,1.500000000000,0.200000000000,0.030016904234,-0.007958162801
2023-06-08,-0.002140411722,-0.008716993818,-0.001374255612,2023-06-16,0.014139661424,-0.014104306653,0.000916170408,2023-07-11,0.173716084977,0.019263863560,0.030920751260,2023-09-05,1.580000000000,0.320000000000,0.023096807010,-0.012744651798
2023-06-09,-0.001072501456,-0.010539826491,-0.000686813187,2023-06-19,0.013051995161,-0.019091512326,0.001602564103,2023-07-12,0.170983224786,0.003033846115,0.031135531136,2023-09-06,1.530000000000,0.300000000000,0.024638935643,0.002290950745
2023-06-12,-0.001072501456,-0.008481060357,-0.003422313484,2023-06-20,0.009757158773,-0.020999374399,0.005475701574,2023-07-13,0.162216189259,0.001449631372,0.027834816336,2023-09-07,1.550000000000,0.270000000000,0.024638935643,-0.000912825194
2023-06-13,-0.001072501456,-0.005374134109,-0.000458505273,2023-06-21,-0.004276246980,-0.022668330385,0.008482347547,2023-07-14,0.152152462540,-0.005374134109,0.038743695552,2023-09-08,1.560000000000,0.250000000000,0.025121258906,0.004348821241
2023-06-14,-0.001072501456,-0.007201652557,0.001149954002,2023-06-26,-0.005339600363,-0.021424507778,0.010579576817,2023-07-17,0.146479626818,-0.004464205996,0.042778288868,2023-09-11,1.640000000000,0.290000000000,0.023884407317,0.002297266253
2023-06-15,-0.001072501456,-0.004331199758,-0.000458715596,2023-06-27,-0.014808551868,-0.011209394620,0.011467889908,2023-07-18,0.140862379905,0.001319934067,0.041743119266,2023-09-12,1.620000000000,0.270000000000,0.009974830662,-0.003682393556
2023-06-16,0.006441917702,-0.003156177112,-0.008018327606,2023-06-28,-0.012639566266,-0.007073492010,0.022451317297,2023-07-19,0.134317575959,0.005838535823,0.041466208477,2023-09-13,1.510000000000,0.090000000000,0.014660195626,0.006697459584
2023-06-19,0.005368264751,0.000263187815,-0.007554945055,2023-06-29,-0.011610728172,-0.002885951398,0.024954212454,2023-07-20,0.133107507707,-0.009254267651,0.045329670330,2023-09-14,1.550000000000,0.090000000000,0.014660195626,0.004370830458
2023-06-20,0.005368264751,-0.008038864881,-0.002293577982,2023-06-30,-0.011610728172,-0.014919247609,0.019036697248,2023-07-21,0.122243577119,-0.035123089765,0.063302752294,2023-09-15,1.550000000000,0.070000000000,0.016486498919,0.010161662818
2023-06-21,0.003220958851,-0.011210561246,0.002526992878,2023-07-03,-0.013721769658,-0.018202923573,0.022283482656,2023-07-24,0.098777084814,-0.038845476540,0.044107512061,2023-09-18,1.520000000000,0.080000000000,0.015433260505,0.000919117647
2023-06-26,0.000000000000,-0.012522844304,0.000000000000,2023-07-04,-0.018959349399,-0.018088548952,0.015603487838,2023-07-25,0.078758427441,-0.037764272840,0.040844424048,2023-09-19,1.510000000000,0.030000000000,0.014562388077,0.004382929642
2023-06-27,-0.006400685016,-0.006068492703,0.008314087760,2023-07-05,-0.018959349399,-0.013228317086,0.021939953811,2023-07-26,0.073783749821,-0.034225784552,0.056351039261,2023-09-20,1.540000000000,-0.040000000000,0.021321244274,0.009280742459
2023-06-28,-0.007475440508,-0.005262371309,0.006920415225,2023-07-06,-0.008534246687,-0.011762959121,0.023990772780,2023-07-27,0.070244154093,-0.035832074323,0.059746251442,2023-09-21,1.570000000000,0.000000000000,0.023901760844,0.004867872045
2023-06-29,-0.008543360581,0.054203883124,-0.001149425287,2023-07-07,-0.013809225200,0.031322555255,0.016321839080,2023-07-28,0.069092610584,0.008771778164,0.054482758621,2023-09-22,1.530000000000,-0.040000000000,0.025012039596,0.010000000000
2023-06-30,-0.011772264474,0.058822462338,0.000687442713,2023-07-10,-0.015984660409,0.032786305108,0.010082493126,2023-07-31,0.068255463618,0.010051995537,0.043767186068,2023-09-25,1.650000000000,0.180000000000,0.020797209997,-0.003665521191
2023-07-03,-0.015031141304,0.064743184478,0.002753556677,2023-07-11,-0.018193499641,0.037730271752,0.014915098669,2023-08-01,0.055210511161,0.015791881343,0.050940798531,2023-09-26,1.590000000000,0.130000000000,0.022986232611,-0.000917010546
2023-07-04,-0.015031141304,0.034111409722,0.002061383417,2023-07-12,-0.016087521839,0.013792859359,0.010994044892,2023-08-02,0.056425631977,-0.011294221318,0.045579477783,2023-09-27,1.610000000000,0.160000000000,0.016907470244,-0.002514285714
2023-07-05,-0.012911560473,0.002645105180,0.009621993127,2023-07-13,-0.016087521839,-0.010829661687,0.010309278351,2023-08-03,0.052788636213,-0.040257567410,0.022451317297,2023-09-28,1.610000000000,0.100000000000,0.021489829287,0.009944495837
2023-07-06,-0.011848345486,-0.045493864251,0.012428078251,2023-07-14,-0.016087521839,-0.007209204293,0.010126582278,2023-08-04,0.053998182444,-0.048372084608,0.012658227848,2023-10-09,1.690000000000,0.190000000000,0.017779963050,0.001836125775
2023-07-07,-0.007580682832,-0.047366283470,0.006182734142,2023-07-17,-0.017160023295,-0.009820435305,0.011220517518,2023-08-07,0.039709568002,-0.046164697477,0.007556675063,2023-10-10,1.780000000000,0.280000000000,0.011958228050,-0.000916800367
2023-07-10,-0.001090037457,-0.055289929861,0.009153318078,2023-07-18,-0.017160023295,-0.011024872111,0.009153318078,2023-08-08,0.039709568002,-0.038779783895,-0.004118993135,2023-10-11,1.790000000000,0.210000000000,0.015797645205,0.007376671277
2023-07-11,-0.001090037457,-0.033242905784,0.020114285714,2023-07-19,-0.016104794254,-0.009468531336,0.008457142857,2023-08-09,0.033844778070,-0.025992042556,-0.001600000000,2023-10-12,1.760000000000,0.230000000000,0.009805595839,-0.000228571429
2023-07-12,-0.001090037457,-0.006595317641,0.015883821194,2023-07-20,-0.016104794254,-0.008948385711,-0.002722940776,2023-08-10,0.030357555790,-0.027253460802,-0.004992058089,2023-10-13,1.750000000000,0.200000000000,0.003186643673,-0.001598903609
2023-07-13,-0.004360149829,-0.004092876072,0.010002273244,2023-07-21,-0.019325753105,-0.005930310158,0.000454648784,2023-08-11,0.029299086958,-0.038250006120,0.018185951353,2023-10-16,1.600000000000,0.040000000000,-0.003345290423,0.004557885141
2023-07-14,-0.001091226936,-0.003173706477,0.012744651798,2023-07-24,-0.017178447204,-0.005803114057,0.004779244424,2023-08-14,0.029233201871,-0.038028946920,0.018661811561,2023-10-17,1.520000000000,-0.120000000000,-0.002500318812,0.005730002292
2023-07-17,-0.001091226936,-0.000928981242,0.003628117914,2023-07-25,-0.017178447204,-0.007645525996,0.002494331066,2023-08-15,0.016659268717,-0.038077539159,0.020408163265,2023-10-18,1.590000000000,-0.030000000000,0.005136526992,0.017787017787
2023-07-18,0.001091226936,-0.001327644642,-0.008514452162,2023-07-26,-0.021335616718,-0.007651577755,-0.006721935918,2023-08-16,0.017750172972,-0.036381636190,0.019269549630,2023-10-19,1.560000000000,0.050000000000,0.009158075710,0.014452856160
2023-07-19,0.003273680807,0.000132782093,-0.008487826670,2023-07-27,-0.018154641234,-0.009077590508,-0.012285012285,2023-08-17,0.018838659441,-0.042338746590,0.025463480009,2023-10-20,1.570000000000,0.020000000000,0.014646888702,0.024507558406
2023-07-20,0.008758487978,0.003579413125,-0.004951609273,2023-07-28,-0.016018801089,0.005712664153,-0.005851901868,2023-08-18,0.019924736154,-0.039583178976,0.028584289894,2023-10-23,1.530000000000,-0.020000000000,-0.001012301482,0.021947873800
2023-07-21,0.006554514076,0.007959527395,-0.009438202247,2023-07-31,-0.013912676196,0.013471811102,-0.006292134831,2023-08-21,0.025601078065,-0.035908528923,0.027865168539,2023-10-24,1.500000000000,-0.020000000000,0.001791401690,0.022268135904
2023-07-24,0.021848380252,0.023246126266,-0.000677812924,2023-08-01,0.004294611801,0.028300113628,0.001807501130,2023-08-22,0.040026699291,-0.021965085418,0.032083145052,2023-10-25,1.490000000000,-0.020000000000,-0.000886010417,0.020211299954
2023-07-25,0.042511460835,0.032038771966,-0.002485875706,2023-08-02,0.026841323757,0.030394991542,0.003389830508,2023-08-23,0.063375607211,-0.014347136718,0.035932203390,2023-10-26,1.480000000000,-0.060000000000,-0.012188243729,0.016091954023
2023-07-26,0.045681983062,0.034651525145,-0.006533002929,2023-08-03,0.034430827929,0.030683220088,0.004956071187,2023-08-24,0.067747692784,-0.010789354233,0.034016670421,2023-10-27,1.520000000000,-0.050000000000,-0.012342525800,0.023990772780
2023-07-27,0.046668130623,0.039365210876,-0.007238181407,2023-08-04,0.038776403410,-0.008443459570,0.007011988238,2023-08-25,0.067522716967,-0.000508121303,0.048405338159,2023-10-30,1.500000000000,-0.030000000000,-0.013513699431,0.024176836288
2023-07-28,0.060777100346,0.040009812933,0.001814882033,2023-08-07,0.058479553274,-0.004535069694,0.006805807623,2023-08-28,0.081912804189,0.006239545578,0.047413793103,2023-10-31,1.640000000000,-0.010000000000,-0.016035168948,0.012646585422
2023-07-31,0.049176840274,0.025833634509,-0.002939181551,2023-08-08,0.069762397269,-0.009277675305,0.008139271987,2023-08-29,0.085139350265,0.006624089060,0.039113723717,2023-11-01,1.580000000000,-0.010000000000,-0.016035168948,0.011702615879
2023-08-01,0.030322051555,0.018935646625,-0.000453103761,2023-08-09,0.074122547098,0.015273767522,0.014272768464,2023-08-30,0.081193797525,0.008799745343,0.045990031717,2023-11-02,1.600000000000,-0.010000000000,-0.006309054458,0.014207149404
2023-08-02,0.019762852702,0.006544220452,-0.003401360544,2023-08-10,0.068672359811,0.034691370792,0.017687074830,2023-08-31,0.067508735304,0.011867696852,0.044217687075,2023-11-03,1.680000000000,0.070000000000,-0.008410135949,0.013281428899
2023-08-03,0.017627546532,-0.005210891118,0.002734107997,2023-08-11,0.069762397269,0.033403149877,0.018910913648,2023-09-01,0.068597585873,0.010848317788,0.049669628617,2023-11-06,1.720000000000,0.030000000000,-0.010131938486,0.009392898053
2023-08-04,0.006138737514,-0.009364556621,-0.000226449275,2023-08-14,0.073112204682,0.035175246782,0.016983695652,2023-09-04,0.076636769811,0.012284796233,0.035552536232,2023-11-07,1.830000000000,0.050000000000,-0.006168384523,0.009635237440
2023-08-07,-0.001018952863,-0.002784057374,0.002494331066,2023-08-15,0.069838523875,0.045785504071,0.020634920635,2023-09-05,0.066347642066,0.019668390929,0.034240362812,2023-11-08,1.670000000000,-0.120000000000,-0.006168384523,0.009153318078
2023-08-08,-0.003044449985,0.001264200767,0.004759746147,2023-08-16,0.072020977747,0.051512612093,0.020852221215,2023-09-06,0.068522974593,0.021671446425,0.027651858568,2023-11-09,1.680000000000,-0.080000000000,0.003222931190,0.009144947417
2023-08-09,0.007139945308,0.009688766233,0.006143344710,2023-08-17,0.077477112424,0.051652234138,0.025028441411,2023-09-07,0.070468368917,0.020355221810,0.033674630262,2023-11-10,1.660000000000,-0.090000000000,0.008905840878,0.009151223976
2023-08-10,0.005094764315,0.017503209348,0.003635537378,2023-08-18,0.079921202803,0.055812330574,0.029538741195,2023-09-08,0.054522148999,0.025759466346,0.027720972506,2023-11-13,1.660000000000,0.060000000000,0.012915605226,-0.002722323049
2023-08-11,0.007118163893,0.024015934317,0.001585503964,2023-08-21,0.081931425945,0.063410901581,0.026953567384,2023-09-11,0.057667683920,0.034588964365,0.030577576444,2023-11-14,1.760000000000,0.240000000000,0.014576342941,0.006153144941
2023-08-14,0.008159937495,0.021573231731,0.002940511197,2023-08-22,0.079746587920,0.069339873775,0.027369373445,2023-09-12,0.045483409309,0.049269199608,0.032119429993,2023-11-15,1.800000000000,0.210000000000,0.014576342941,0.003404448479
2023-08-15,0.010179156548,0.020832975595,0.001579066095,2023-08-23,0.081752809299,0.074845761895,0.025490638394,2023-09-13,0.045291779121,0.059076757344,0.030002255809,2023-11-16,1.830000000000,0.270000000000,0.018154103440,0.002035278155
2023-08-16,0.011140372406,0.029418686750,0.008819538670,2023-08-24,0.085925634807,0.082446732242,0.032564450475,2023-09-14,0.053831557889,0.069525192782,0.035278154681,2023-11-17,1.890000000000,0.320000000000,0.014206627271,-0.008942544154
2023-08-17,0.033454999140,0.032520790705,0.007923930269,2023-08-25,0.106359925606,0.086260009067,0.049581163686,2023-09-15,0.075997493490,0.076166685163,0.029431741001,2023-11-20,1.960000000000,0.430000000000,0.017917215204,-0.009172259508
2023-08-18,0.029281108401,0.028567379595,0.003618272275,2023-08-28,0.106359925606,0.085152463710,0.027815468114,2023-09-18,0.075997493490,0.079752377380,0.021257349616,2023-11-21,1.970000000000,0.470000000000,0.016544485867,-0.007186166629
2023-08-21,0.045528141619,0.031676483478,0.005638249887,2023-08-29,0.104768051018,0.078149989822,0.023004059540,2023-09-19,0.088476963864,0.088607674578,0.020072169599,2023-11-22,1.940000000000,0.450000000000,0.016544485867,-0.000900495272
2023-08-22,0.060459512448,0.035744605904,0.008333333333,2023-08-30,0.100376446527,0.078705306721,0.030180180180,2023-09-20,0.108489610452,0.096789369567,0.013063063063,2023-11-23,2.000000000000,0.520000000000,0.023765804228,0.002488687783
2023-08-23,0.081129834779,0.028823265060,0.006052454607,2023-08-31,0.122737716780,0.076349238612,0.029813943062,2023-09-21,0.151482878701,0.096325565249,0.007397444519,2023-11-24,1.990000000000,0.470000000000,0.018854882336,0.002928587520
2023-08-24,0.066705927247,0.034901526620,0.004492362983,2023-09-01,0.127540483734,0.081594929218,0.030323450135,2023-09-22,0.155088221474,0.106054792897,0.017744833783,2023-11-27,1.840000000000,0.340000000000,0.015445603930,0.003597122302
2023-08-25,0.078477561467,0.052394526907,0.011942316359,2023-09-04,0.124820996119,0.098074748397,0.026363226679,2023-09-25,0.171568688395,0.128933445882,0.025912573231,2023-11-28,1.910000000000,0.270000000000,0.020232169688,0.009990917348
2023-08-28,0.067737587168,0.061166969451,0.009419152276,2023-09-05,0.124312249274,0.115285284890,0.027136129177,2023-09-26,0.180864790548,0.146627642290,0.031621439785,2023-11-29,1.920000000000,0.340000000000,0.020232169688,0.009299160807
2023-08-29,0.048460676695,0.051229165612,0.006030824213,2023-09-06,0.119748366061,0.112893128513,0.019656019656,2023-09-27,0.183397748962,0.145475629839,0.026580299308,2023-11-30,1.900000000000,0.300000000000,0.014049748972,0.008133755084
2023-08-30,0.031498990643,0.049593854940,0.003787878788,2023-09-07,0.135658960852,0.122384415569,-0.005570409982,2023-09-28,0.194122763522,0.148744750876,0.022504456328,2023-12-01,1.830000000000,0.150000000000,0.014154522928,0.011751412429
2023-08-31,0.029428002400,0.036779670736,0.013193202147,2023-09-08,0.140615495080,0.127249609563,-0.016100178891,2023-10-09,0.200557772257,0.156505271370,0.043828264758,2023-12-04,1.860000000000,0.140000000000,0.013062248626,0.019972764412
2023-09-01,0.020010921112,0.020052699416,0.009574704965,2023-09-11,0.140329516755,0.130682451097,-0.020262747718,2023-10-10,0.202702775169,0.158960112796,0.019817412603,2023-12-05,1.850000000000,0.020000000000,0.011193985728,0.019995455578
2023-09-04,0.022657248099,0.010438962930,0.009109086870,2023-09-12,0.150958843655,0.130073897202,-0.033103754721,2023-10-11,0.210210285360,0.168785542088,0.016440790935,2023-12-06,1.920000000000,0.250000000000,0.011193985728,0.021768707483
2023-09-05,0.032626437263,0.012495547041,0.009325044405,2023-09-13,0.159812757808,0.125376634947,-0.030195381883,2023-10-12,0.223319813657,0.172143159986,0.017984014210,2023-12-07,1.920000000000,0.240000000000,0.009375889504,0.021295876756
2023-09-06,0.024250052168,0.012834876699,0.013540510544,2023-09-14,0.154952452553,0.125881676779,-0.026637069922,2023-10-13,0.224393466607,0.173440770109,0.017980022198,2023-12-08,1.980000000000,0.320000000000,0.012501953538,0.021310360462
2023-09-07,0.025906743466,0.017114096394,0.023173692342,2023-09-15,0.164233632142,0.126818527459,-0.011476495255,2023-10-16,0.232982690209,0.182653552862,0.003531229309,2023-12-11,2.000000000000,0.340000000000,0.013742274027,0.024567788899
2023-09-08,0.029427510085,0.017737836138,0.002426113807,2023-09-18,0.165589716475,0.123750395452,-0.012792236436,2023-10-17,0.239424607911,0.188073651013,0.001985002206,2023-12-12,1.950000000000,0.190000000000,0.014258132307,0.027406568516
2023-09-11,0.027472535588,0.022683539027,-0.001321003963,2023-09-19,0.173006938152,0.131302129554,-0.009247027741,2023-10-18,0.244792872662,0.200497328284,-0.001981505945,2023-12-13,1.930000000000,0.130000000000,0.014258132307,0.028047952952
2023-09-12,0.023696689397,0.034106963026,0.006159260889,2023-09-20,0.175332586099,0.140010013437,0.000659920810,2023-10-19,0.244292811426,0.215959185957,0.009678838539,2023-12-14,1.940000000000,0.110000000000,-0.003169031152,0.025953509366
2023-09-13,0.028060337911,0.052819649717,0.006132282085,2023-09-21,0.174278904340,0.151475456806,0.005475251862,2023-10-20,0.252029137131,0.235096438217,0.005256241787,2023-12-15,1.930000000000,0.040000000000,-0.008690181302,0.027972027972
2023-09-14,0.036572633395,0.059058610210,-0.010569456428,2023-09-22,0.167745787635,0.155779984668,-0.014236410699,2023-10-23,0.271251698438,0.262649698371,-0.013157894737,2023-12-18,1.900000000000,-0.060000000000,-0.001765044989,0.036802890043
2023-09-15,0.050242564750,0.061944002622,0.002200220022,2023-09-25,0.189327117038,0.160215671397,0.006380638064,2023-10-24,0.297517229423,0.275972051194,0.008580858086,2023-12-19,1.950000000000,-0.020000000000,-0.003598926343,0.028726532459
2023-09-18,0.066413681333,0.046007877778,0.009700176367,2023-09-26,0.196439002787,0.147017460039,0.007054673721,2023-10-25,0.327464149833,0.271654392605,0.013227513228,2023-12-20,1.980000000000,0.040000000000,-0.003598926343,0.019378098242
2023-09-19,0.084019228401,0.031246148478,-0.001967643201,2023-09-27,0.201444381555,0.135058709340,0.002186270223,2023-10-26,0.357526432441,0.261609294019,0.004591167468,2023-12-21,1.960000000000,-0.040000000000,-0.000362003955,0.028887384338
2023-09-20,0.098942368629,-0.006071492786,-0.028515454941,2023-09-28,0.193626148362,0.112420685597,-0.000870700914,2023-10-27,0.386270850825,0.234091808427,0.006965607314,2023-12-22,2.000000000000,0.010000000000,0.002608820323,0.031895777179
2023-09-21,0.081485237871,-0.019149557624,-0.040767386091,2023-10-09,0.183925014998,0.095415631431,0.010464355788,2023-10-30,0.386686911779,0.174792215282,0.009592326139,2023-12-25,2.000000000000,0.160000000000,0.004536418043,0.025985663082
2023-09-22,0.047014199663,-0.027179207990,-0.034028540066,2023-10-10,0.154629844955,0.072489355935,0.013611416026,2023-10-31,0.374702322830,0.172332648370,0.018221734358,2023-12-26,2.110000000000,0.200000000000,0.000456419478,0.025404676259
2023-09-25,0.038013598084,-0.023304307224,-0.049781659389,2023-10-11,0.163132186313,0.055712291289,0.003493449782,2023-11-01,0.398953709379,0.166496659535,0.015283842795,2023-12-27,2.070000000000,0.150000000000,0.000456419478,0.029438202247
2023-09-26,0.024517564198,-0.019147542970,-0.043154435926,2023-10-12,0.174007665400,0.059069858741,0.011391018620,2023-11-02,0.412034158867,0.196633712978,0.025410733844,2023-12-28,2.180000000000,0.280000000000,0.003373866399,0.025997310623
2023-09-27,0.005433096718,-0.005465572466,-0.017477033386,2023-10-13,0.163463314611,0.054065498307,0.031817163343,2023-11-03,0.412034158867,0.224108893443,0.039211292852,2023-12-29,2.230000000000,0.400000000000,0.002666522444,0.007594371231
2023-09-28,0.015535191221,-0.001072715524,0.017954545455,2023-10-16,0.167947164537,0.055422471103,0.047045454545,2023-11-06,0.425114608355,0.229465116549,0.055227272727,2024-01-02,2.270000000000,0.410000000000,0.002655460221,-0.012906097018
2023-10-09,0.033086506246,0.000107455984,0.017272727273,2023-10-17,0.169431118670,0.051518810693,0.039318181818,2023-11-07,0.431034639544,0.230754908402,0.058636363636,2024-01-03,2.200000000000,0.350000000000,0.003673284081,-0.018712408109
2023-10-10,0.020258693122,0.014832113374,0.034007352941,2023-10-18,0.160404159401,0.060302279494,0.048023897059,2023-11-08,0.428852185673,0.253081032645,0.066176470588,2024-01-04,2.200000000000,0.280000000000,0.002655220328,-0.035064358633
2023-10-11,0.040142051398,0.023811730302,0.041437728938,2023-10-19,0.182552273873,0.070906581028,0.038003663004,2023-11-09,0.470318809224,0.267254866349,0.066620879121,2024-01-05,2.340000000000,0.420000000000,-0.000631071583,-0.033939662822
2023-10-12,0.019299063172,0.027154774456,0.046978335234,2023-10-20,0.157839400748,0.068968332433,0.036031927024,2023-11-10,0.440855681964,0.265696967894,0.063397947548,2024-01-08,2.260000000000,0.280000000000,-0.001602952657,-0.025527192009
2023-10-13,0.026005819695,0.020081321836,0.020317035052,2023-10-23,0.168059958220,0.058501453510,0.009823621344,2023-11-13,0.468579106846,0.259308595258,0.038401428890,2024-01-09,2.360000000000,0.360000000000,-0.004019261401,-0.021980461812
2023-10-16,0.028976673524,0.023960109748,0.021894548704,2023-10-24,0.168918967694,0.057947615356,0.016532618409,2023-11-14,0.474109851471,0.264256309517,0.038203753351,2024-01-10,2.290000000000,0.340000000000,-0.007110653693,-0.016754850088
2023-10-17,0.037421729398,0.011120365138,0.015111111111,2023-10-25,0.171640553056,0.048313761868,0.014000000000,2023-11-15,0.483941622585,0.268193879600,0.029333333333,2024-01-11,2.330000000000,0.400000000000,-0.005412759394,-0.014301430143
2023-10-18,0.011874724624,0.001047654009,0.007693998681,2023-10-26,0.168895795866,0.036670827033,0.003737085074,2023-11-16,0.486156705965,0.270268976791,0.019344910969,2024-01-12,2.420000000000,0.480000000000,0.003704391097,-0.005059392873
2023-10-19,0.047712826344,0.000104908281,-0.000217817469,2023-10-27,0.179972756731,0.015445025509,-0.002831627096,2023-11-17,0.504677146210,0.265661692779,0.015900675234,2024-01-15,2.470000000000,0.540000000000,0.008949954927,-0.002194426158
2023-10-20,0.038019988574,0.005263636609,0.014223194748,2023-10-30,0.169690907732,0.004734780731,-0.005032822757,2023-11-20,0.511178826126,0.261421987663,0.022757111597,2024-01-16,2.490000000000,0.590000000000,0.005130973218,0.001088850174
2023-10-23,0.046687428162,0.001154233266,0.009400961959,2023-10-31,0.164962104081,-0.002613385384,-0.012680367293,2023-11-21,0.532884933393,0.255720613582,0.019020550940,2024-01-17,2.460000000000,0.510000000000,0.006318809411,0.005277044855
2023-10-24,0.055212027683,-0.003980251250,0.006129597198,2023-11-01,0.159333591970,-0.001784564067,-0.009851138354,2023-11-22,0.532392749053,0.234449969467,0.012259194396,2024-01-18,2.450000000000,0.470000000000,0.004478512821,0.011273209549
2023-10-25,0.051342245206,-0.011198166096,0.007198952880,2023-11-02,0.133660269340,-0.005996757963,-0.018760907504,2023-11-23,0.498745468683,0.217051459616,0.011343804538,2024-01-19,2.430000000000,0.470000000000,0.003496759610,-0.000438692696
2023-10-26,0.030359989967,-0.020874557963,0.003267973856,2023-11-03,0.106333464331,0.000321504263,-0.020915032680,2023-11-24,0.482629665984,0.197738112103,0.012200435730,2024-01-22,2.520000000000,0.520000000000,0.002331086860,-0.000870700914
2023-10-27,0.022263722652,-0.028693695430,-0.006040992449,2023-11-06,0.105639300305,-0.005041762961,-0.022437971953,2023-11-27,0.475943756375,0.178822531792,-0.002588996764,2024-01-23,2.440000000000,0.440000000000,0.002778877252,0.004148471616
2023-10-30,0.010620223407,-0.034587076424,-0.009529997834,2023-11-07,0.124468285402,-0.010208318469,-0.013861815031,2023-11-28,0.460405313555,0.165651413744,0.002815681178,2024-01-24,2.420000000000,0.310000000000,0.004819673254,0.010524007893
2023-10-31,-0.006278779191,-0.038068653135,-0.007615317668,2023-11-08,0.109864451162,-0.016874215940,0.000870322019,2023-11-29,0.451396118265,0.157552337748,0.002393385553,2024-01-25,2.440000000000,0.370000000000,0.005822516012,0.008513425016
2023-11-01,-0.004883494927,-0.038102753813,-0.017977041369,2023-11-09,0.101127091021,-0.025206110905,-0.004548408057,2023-11-30,0.447534147735,0.148922850378,0.001299545159,2024-01-26,2.460000000000,0.280000000000,0.003478800929,0.005460899956
2023-11-02,-0.023151401513,-0.035568369692,-0.013463626493,2023-11-10,0.074880365107,-0.029956457535,-0.003474484256,2023-12-01,0.420236780986,0.147626201280,0.006731813246,2024-01-29,2.360000000000,0.130000000000,0.000470435935,0.022611394369
2023-11-03,-0.030209364950,-0.031374203031,-0.018233123508,2023-11-13,0.055836024638,-0.035222853274,0.013240720643,2023-12-04,0.406562192297,0.147819074563,0.007380073801,2024-01-30,2.270000000000,0.000000000000,-0.000985620766,0.039224526601
2023-11-06,-0.032226433195,-0.031266501765,-0.005029521102,2023-11-14,0.053378082807,-0.041258664320,0.001530723814,2023-12-05,0.404718461365,0.139880042963,0.017712661273,2024-01-31,2.180000000000,-0.020000000000,-0.001054774241,0.041316685585
2023-11-07,-0.030890206611,-0.029954731186,0.000438500329,2023-11-15,0.054223322189,-0.060261788222,0.003069502302,2023-12-06,0.407996874744,0.126013053582,0.019951764964,2024-02-01,2.250000000000,0.050000000000,-0.001139544457,0.050827966881
2023-11-08,-0.039960749664,-0.042693023080,0.007057785620,2023-11-16,0.016327746358,-0.088526763788,0.011248345831,2023-12-07,0.393933358419,0.098483157360,0.030216144685,2024-02-02,2.190000000000,-0.150000000000,-0.001852631867,0.045005740528
2023-11-09,-0.035191045483,-0.052765254824,0.007704160247,2023-11-17,0.017418968348,-0.105432822192,0.009465111160,2023-12-08,0.360542961496,0.076640098099,0.025533788246,2024-02-05,2.150000000000,-0.110000000000,-0.001606210315,0.029840546697
2023-11-10,-0.036945821729,-0.062666014851,0.005306212691,2023-11-20,-0.008945879664,-0.113484005282,0.005306212691,2023-12-11,0.347729233485,0.057382244603,0.026088879063,2024-02-06,2.290000000000,-0.070000000000,-0.000762379088,0.033825198638
2023-11-13,-0.044158111133,-0.057939271574,-0.007472527473,2023-11-21,-0.021491038361,-0.117941653718,-0.001538461538,2023-12-12,0.333198819736,0.048651869180,0.021758241758,2024-02-07,2.290000000000,0.000000000000,-0.000762379088,0.017488789238
2023-11-14,-0.046363384131,-0.049362480187,-0.008766162612,2023-11-22,-0.030918735502,-0.116474720796,-0.006574621959,2023-12-13,0.331849565577,0.047825278977,0.020162174008,2024-02-08,2.320000000000,-0.010000000000,-0.009889913367,0.017410714286
2023-11-15,-0.033591362054,-0.017930754186,-0.014892685064,2023-11-23,-0.029338425832,-0.105806971246,0.005256241787,2023-12-14,0.333534977004,0.056770844671,0.015768725361,2024-02-19,2.160000000000,-0.260000000000,-0.009449578593,0.011938978554
2023-11-16,-0.015631982441,0.028966349311,-0.018348623853,2023-11-24,-0.044094271142,-0.079617032632,0.002621231979,2023-12-15,0.324519339116,0.076167011074,0.014635211883,2024-02-20,2.220000000000,-0.250000000000,-0.011868536282,0.002639102705
2023-11-17,0.003008876939,0.054861956867,-0.003518803607,2023-11-27,-0.042372891500,-0.069744529767,0.006157906312,2023-12-18,0.308024428757,0.080261350414,0.022212447768,2024-02-21,2.180000000000,-0.310000000000,-0.014913793280,-0.005438329345
2023-11-20,0.013632236098,0.057933871163,0.008193091231,2023-11-28,-0.052393102141,-0.067916440977,0.015057573074,2023-12-19,0.312929276349,0.078591790360,0.027236492471,2024-02-22,2.160000000000,-0.300000000000,-0.014990900648,-0.010936132983
2023-11-21,0.016712249750,0.052518418197,0.017024099049,2023-11-29,-0.066276002576,-0.066357237924,0.016139730268,2023-12-20,0.295142344088,0.068993451763,0.025646694672,2024-02-23,2.120000000000,-0.330000000000,-0.023355749110,-0.012896174863
2023-11-22,0.018135111112,0.041431924773,0.021787461094,2023-11-30,-0.059997223384,-0.058212540548,0.021565140062,2023-12-21,0.280311757352,0.062573619535,0.033125833704,2024-02-26,2.160000000000,-0.270000000000,-0.022451904612,-0.012727671714
2023-11-23,0.016636422826,0.012764789604,0.021139296840,2023-12-01,-0.056826167351,-0.047995872355,0.029372496662,2023-12-22,0.245506838832,0.059369566731,0.034045393858,2024-02-27,2.160000000000,-0.360000000000,-0.023691480364,-0.020697167756
2023-11-24,0.007499626894,0.003152040000,0.030236150960,2023-12-04,-0.056203469674,-0.039244707571,0.022070183183,2023-12-25,0.235424019197,0.047120281039,0.025601412492,2024-02-28,2.160000000000,-0.280000000000,-0.025430060686,-0.021743857360
2023-11-27,0.005977287801,0.002024032917,0.005930155941,2023-12-05,-0.056746545408,-0.032569272672,0.018669009444,2023-12-26,0.224668068846,0.026967423353,0.021304634307,2024-02-29,2.210000000000,-0.210000000000,-0.025430060686,-0.013668908657
2023-11-28,0.005230126826,0.004955995267,-0.005434782609,2023-12-06,-0.055461961870,-0.024597863200,0.010869565217,2023-12-27,0.219322161598,0.012367901732,0.012826086957,2024-03-01,2.180000000000,-0.260000000000,-0.028415568495,-0.012987012987
2023-11-29,-0.005195192023,0.005731537482,-0.002393385553,2023-12-07,-0.060291657387,-0.015294665485,0.018494342907,2023-12-28,0.214790711978,0.016584998800,0.028285465622,2024-03-04,2.120000000000,-0.340000000000,-0.026213904589,-0.002606995438
2023-11-30,0.002231479280,0.012491368577,-0.000653737198,2023-12-08,-0.032318307076,-0.000555423735,0.010677707562,2023-12-29,0.210167118785,0.021921515070,0.042057093049,2024-03-05,2.060000000000,-0.300000000000,-0.024819694149,-0.005202688055
2023-12-01,0.003721900581,0.009426407587,-0.025921165381,2023-12-11,-0.023181692066,0.001224380397,-0.005355612682,2024-01-02,0.204573939781,0.019494202515,0.029134532991,2024-03-06,2.140000000000,-0.130000000000,-0.022457001210,-0.004555314534
2023-12-04,-0.001485443030,0.008977531035,-0.008078602620,2023-12-12,-0.026784428064,0.007620639201,0.017030567686,2024-01-03,0.198858628755,0.015817178721,0.058515283843,2024-03-07,2.000000000000,-0.180000000000,-0.022457001210,0.012208415086
2023-12-05,0.007432735601,0.005491958428,-0.009180327869,2023-12-13,-0.018110696926,0.011044573193,0.014207650273,2024-01-04,0.201169857370,0.007411453346,0.067759562842,2024-03-08,2.070000000000,-0.180000000000,-0.014614623277,0.002407529000
2023-12-06,0.010444645987,-0.001452654200,0.001090512541,2023-12-14,-0.010953705018,0.027126012743,0.016139585605,2024-01-05,0.188695860013,0.002580461018,0.071319520174,2024-03-11,2.010000000000,-0.180000000000,-0.015464738092,0.005932762030
2023-12-07,0.001484340578,-0.001778343686,0.000872219799,2023-12-15,0.004466280697,0.053241791851,0.016790231138,2024-01-08,0.183269081980,0.007177192318,0.068687309202,2024-03-12,1.980000000000,-0.170000000000,-0.018409321689,0.013934970139
2023-12-08,0.003708099404,0.002556937438,0.006157906312,2023-12-18,0.018053261635,0.070893048159,0.022872223444,2024-01-09,0.178509282047,0.004902978961,0.069056520783,2024-03-13,1.970000000000,-0.320000000000,-0.016614069133,0.008124725516
2023-12-11,0.001487652853,0.005672253206,0.009024873432,2023-12-19,0.019691007697,0.075659018603,0.022892361875,2024-01-10,0.166320214345,0.003774365751,0.077701959058,2024-03-14,2.020000000000,-0.270000000000,-0.016614069133,0.004186866461
2023-12-12,-0.001475579528,0.014156512620,0.013898080741,2023-12-20,0.028106965488,0.078599799695,0.021839841165,2024-01-11,0.167327976346,-0.000988236038,0.076329141849,2024-03-15,2.040000000000,-0.280000000000,-0.008094921957,-0.004168494954
2023-12-13,0.011075017492,0.035585850529,0.001089324619,2023-12-21,0.034758962964,0.083097928216,0.010239651416,2024-01-12,0.174039830258,0.004014262131,0.062962962963,2024-03-18,2.040000000000,-0.120000000000,-0.016581721394,-0.010487218702
2023-12-14,0.020008897784,0.040863427522,0.007843137255,2023-12-22,0.040834856028,0.065419546722,0.016122004357,2024-01-15,0.174002096555,-0.004260696692,0.062527233115,2024-03-19,1.880000000000,-0.340000000000,-0.017294866578,0.008554507567
2023-12-15,0.019210881043,0.047459918546,0.012240437158,2023-12-25,0.034498283710,0.063378518577,0.021639344262,2024-01-16,0.158770205749,-0.006102606276,0.066229508197,2024-03-20,1.700000000000,-0.480000000000,-0.011633150531,0.003937007874
2023-12-18,0.026737974534,0.045675048462,0.011780104712,2023-12-26,0.032875082904,0.063194805522,0.016797556719,2024-01-17,0.140217788469,-0.011603431103,0.084205933682,2024-03-21,1.690000000000,-0.470000000000,-0.011555780315,0.011941618753
2023-12-19,0.036205121966,0.047592166132,0.011749347258,2023-12-27,0.047818302405,0.073551475220,0.006092254134,2024-01-18,0.134260793233,0.000524871784,0.075500435161,2024-03-22,1.740000000000,-0.380000000000,-0.002864954460,0.016164747564
2023-12-20,0.022637657037,0.032850176397,0.018715995647,2023-12-28,0.039335025317,0.074172837997,0.008922742111,2024-01-19,0.107560926806,0.005575932843,0.080304678999,2024-03-25,1.740000000000,-0.420000000000,-0.001972816033,0.023338519671
2023-12-21,0.014530663211,0.025459621041,0.002594033722,2023-12-29,0.038678974184,0.078774396431,0.004323389537,2024-01-22,0.083824920787,0.027327862331,0.071984435798,2024-03-26,1.670000000000,-0.490000000000,-0.001111693760,0.024471635150
2023-12-22,0.005074671373,0.014820874906,0.002591232995,2024-01-02,0.032008344997,0.075747918111,-0.001727488663,2024-01-23,0.076899196546,0.028319689822,0.074713884690,2024-03-27,1.700000000000,-0.460000000000,0.000837307103,0.028450766837
2023-12-25,0.000723379804,0.007086095853,0.004312203536,2024-01-03,0.027480696049,0.068565893282,-0.001724881414,2024-01-24,0.089806231239,0.023210492518,0.078050884002,2024-03-28,1.710000000000,-0.500000000000,0.000837307103,0.019357677079
2023-12-26,-0.022104968175,-0.007868946577,-0.002150537634,2024-01-04,0.019325112563,0.059851138786,-0.009247311828,2024-01-25,0.068567884413,0.016336820528,0.096774193548,2024-03-29,1.710000000000,-0.470000000000,0.001284148754,0.019078947368
2023-12-27,-0.015709800940,-0.016425796829,-0.004699850459,2024-01-05,0.028349753394,0.050507669120,-0.012390514847,2024-01-26,0.064072889731,0.008366283620,0.105533005768,2024-04-01,1.710000000000,-0.410000000000,0.001243852485,0.015029405358
2023-12-28,-0.009309655617,0.054245005495,0.005390254420,2024-01-08,0.026718130404,0.123261446754,-0.000431220354,2024-01-29,0.067932702365,0.089007316272,0.107589478223,2024-04-02,1.640000000000,-0.420000000000,-0.003657307617,0.015907605143
2023-12-29,0.002885170919,0.053514784268,0.001723023907,2024-01-09,0.031148034992,0.122732997033,-0.000430755977,2024-01-30,0.063484795137,0.084513370509,0.120827051475,2024-04-03,1.680000000000,-0.460000000000,0.000204237901,0.012856831554
2024-01-02,0.010119996656,0.052929300737,-0.002361528553,2024-01-10,0.039422800611,0.115113373883,-0.000858737656,2024-01-31,0.065578787448,0.077252551161,0.135465865178,2024-04-08,1.720000000000,-0.280000000000,0.000204237901,0.004953693733
2024-01-03,0.021875461056,0.059009303589,-0.001724137931,2024-01-11,0.033938329137,0.116261753250,0.002586206897,2024-02-01,0.070261206217,0.060579512941,0.160129310345,2024-04-09,1.740000000000,-0.330000000000,-0.000976537314,0.018122270742
2024-01-04,0.019587932769,0.057758977213,-0.004722043357,2024-01-12,0.037655059474,0.112800431865,0.002575660013,2024-02-02,0.043045876762,0.041801394972,0.154754239107,2024-04-10,1.710000000000,-0.300000000000,0.000103147245,0.015945827872
2024-01-05,0.018071422599,-0.017415162432,0.000214454214,2024-01-15,0.043723147009,0.105665920213,-0.000857816856,2024-02-05,0.066646487591,0.041753495754,0.151619129316,2024-04-11,1.770000000000,-0.210000000000,0.000358087686,0.017452006981
2024-01-08,0.015103570940,-0.010991039233,0.004945173081,2024-01-16,0.042855042327,0.107561030350,-0.002150075253,2024-02-06,0.052184298043,0.051478366032,0.173081057837,2024-04-12,1.830000000000,-0.140000000000,-0.002789583699,0.012851230669
2024-01-09,0.015743527442,-0.064631080209,0.003012696363,2024-01-17,0.054218670583,0.037159361461,0.000430385195,2024-02-07,0.051874920181,-0.015949405129,0.159888099849,2024-04-15,1.790000000000,-0.230000000000,-0.000199007468,0.020188720650
2024-01-10,0.019980024732,-0.055122079429,-0.001727115717,2024-01-18,0.056154883049,0.040008195085,0.004965457686,2024-02-08,0.052267386206,-0.008903193586,0.181131260794,2024-04-16,1.800000000000,-0.240000000000,-0.001565196480,0.020268781670
2024-01-11,0.021346241010,-0.037710666869,-0.000215656675,2024-01-19,0.048196302078,0.034038834095,0.000215656675,2024-02-19,0.052809166498,0.001465180611,0.179426353246,2024-04-17,1.820000000000,-0.220000000000,0.005123815621,0.022521527931
2024-01-12,0.027691003430,-0.033433580366,-0.003859348199,2024-01-22,0.051583854399,0.026743299413,-0.004073756432,2024-02-20,0.046262841854,0.006818322953,0.162307032590,2024-04-18,1.760000000000,-0.120000000000,0.009145626789,0.010439321444
2024-01-15,0.026923628294,-0.037144067722,-0.010911424904,2024-01-23,0.050746713727,0.018102640064,-0.005562687206,2024-02-21,0.040936522296,0.007121063099,0.169020111254,2024-04-19,1.690000000000,-0.010000000000,0.007727571226,0.018082788671
2024-01-16,0.023953788914,0.037214218263,-0.006650933276,2024-01-24,0.051359966088,0.028767433911,-0.004720017164,2024-02-22,0.029028610646,0.019494533984,0.168633340485,2024-04-22,1.690000000000,0.000000000000,0.011877303606,0.022071678322
2024-01-17,0.023086615150,0.034664477450,-0.003676470588,2024-01-25,0.042783809371,0.027174095512,0.003243944637,2024-02-23,0.020231621839,0.029550529091,0.151600346021,2024-04-23,1.770000000000,0.030000000000,0.013892798503,0.009152320767
2024-01-18,0.030653483501,0.027693200306,-0.002804141501,2024-01-26,0.056412467012,0.028875923088,0.002372735116,2024-02-26,0.032091538089,0.040854619366,0.139128559103,2024-04-24,1.800000000000,0.060000000000,0.009143096878,0.002606429192
2024-01-19,0.031090237919,0.024588107524,-0.002152389152,2024-01-29,0.068748226093,0.025870694929,0.000215238915,2024-02-27,0.047004360648,0.053566821825,0.135385277658,2024-04-25,1.800000000000,0.130000000000,0.008421177887,0.008251900109
2024-01-22,0.039326626955,0.031922185565,0.003893575600,2024-01-30,0.086555127562,0.035259253572,0.005191434134,2024-02-28,0.058311099787,0.069972019817,0.144278606965,2024-04-26,1.810000000000,0.110000000000,0.006926990872,-0.000432245515
2024-01-23,0.036466225509,0.016654439704,0.005183585313,2024-01-31,0.088911399188,0.038541772560,0.004319654428,2024-02-29,0.055345396139,0.073606556238,0.144492440605,2024-04-29,1.800000000000,0.090000000000,0.001907351235,-0.000431592577
2024-01-24,0.033506572189,0.010520793582,0.009767744736,2024-02-01,0.102085484927,0.046213379334,0.011287171695,2024-03-01,0.061078363072,0.081555581988,0.149555024962,2024-04-30,1.850000000000,0.140000000000,0.002863927396,-0.004519044545
2024-01-25,0.027713944327,0.005999510277,0.010382868267,2024-02-02,0.103018016787,0.052334100900,0.022279904824,2024-03-04,0.065900183656,0.088577019534,0.130002163098,2024-05-06,1.880000000000,0.170000000000,0.004070880724,-0.011802575107
2024-01-26,0.018761730269,0.005796137048,0.004961173425,2024-02-05,0.099031395844,-0.021274204107,0.031492666091,2024-03-05,0.091927629016,0.098754340081,0.138481449525,2024-05-07,1.850000000000,0.210000000000,0.009605996794,-0.007936507937
2024-01-29,0.001327668908,-0.000201528879,0.000000000000,2024-02-06,0.084867684328,-0.017526251751,0.035121741004,2024-03-06,0.092726768262,0.104406255649,0.132945485887,2024-05-08,1.850000000000,0.170000000000,0.008609922111,-0.003012048193
2024-01-30,0.000663834454,0.000303363206,-0.001074344650,2024-02-07,0.078717637211,-0.013365069056,0.041684572411,2024-03-07,0.091211836111,0.108594108618,0.128491620112,2024-05-09,1.780000000000,0.060000000000,0.008629569855,-0.004072010287
2024-01-31,0.001984915086,0.000808641466,0.000644883921,2024-02-08,0.080633671242,-0.011284048869,0.050085984523,2024-03-08,0.097073335524,0.115855318796,0.145743766122,2024-05-10,1.800000000000,0.060000000000,0.002848052691,-0.002144542140
2024-02-01,0.000657721796,0.000909721649,-0.007064868337,2024-02-19,0.082538798572,-0.004223594689,0.051594947549,2024-03-11,0.110997544179,0.138158759817,0.143224149004,2024-05-13,1.730000000000,0.020000000000,0.001788862640,0.003655127929
2024-02-02,0.011838992335,0.004650628603,-0.003004936682,2024-02-20,0.092303344766,0.000704924887,0.051942476926,2024-03-12,0.145154122662,0.165354463679,0.144022322387,2024-05-14,1.680000000000,-0.090000000000,0.007031496948,0.003216123499
2024-02-05,0.021877490913,0.001612556006,0.001508295626,2024-02-21,0.092107149428,-0.005005939046,0.047403576815,2024-03-13,0.159470477777,0.180141966595,0.154923507865,2024-05-15,1.820000000000,-0.010000000000,0.007031496948,-0.001505376344
2024-02-06,0.020565216170,0.004650158469,-0.002151000215,2024-02-22,0.083838261199,0.059713358817,0.053129705313,2024-03-14,0.165101526078,0.182247824684,0.171219617122,2024-05-16,1.900000000000,0.110000000000,0.002408748050,-0.003441600344
2024-02-07,0.021130485369,0.004140938979,-0.003437164339,2024-02-23,0.081852544623,0.050728503585,0.048120300752,2024-03-15,0.174718974658,0.178657463258,0.161331901182,2024-05-17,1.850000000000,0.050000000000,0.004161373295,0.002375296912
2024-02-08,0.018404105518,0.002322731176,0.001940491591,2024-02-26,0.079420389072,0.037202940788,0.051962052609,2024-03-18,0.170772296301,0.161631322348,0.189952565761,2024-05-20,1.860000000000,0.040000000000,0.005651717606,0.006694018571
2024-02-19,0.014300575121,-0.003824039442,0.000430570506,2024-02-27,0.078071041885,0.031360255783,0.049946178687,2024-03-19,0.179975846939,0.128217752722,0.194617868676,2024-05-21,1.910000000000,0.150000000000,0.004085919054,-0.000430477830
2024-02-20,0.015570264169,-0.004528012094,-0.000215146299,2024-02-28,0.080033135558,0.028698772691,0.049483648881,2024-03-20,0.173991343931,0.113698585725,0.183304647160,2024-05-22,1.910000000000,0.220000000000,0.001675400681,-0.006633854055
2024-02-21,0.020150810398,-0.000704357437,0.002371200690,2024-02-29,0.079812870926,0.020972257404,0.071351584393,2024-03-21,0.172594185245,0.116719231551,0.159732701013,2024-05-23,1.950000000000,0.260000000000,-0.002663829681,-0.007483429549
2024-02-22,0.016813247287,0.006738994518,0.004311273981,2024-03-01,0.075218835526,0.022369454316,0.065531364518,2024-03-22,0.174835668170,0.127391605625,0.139685276999,2024-05-24,1.980000000000,0.210000000000,-0.002714730999,0.001727488663
2024-02-23,0.025171039364,0.015113143034,0.017000215193,2024-03-04,0.073678534919,0.024506474183,0.068216053368,2024-03-25,0.178863039647,0.132274894427,0.145470195825,2024-05-27,2.020000000000,0.220000000000,-0.001443294397,0.003032928943
2024-02-26,0.032683934180,0.025961861722,0.029051000646,2024-03-05,0.079737353645,0.032743089988,0.067140090381,2024-03-26,0.198601655906,0.142919262095,0.154938670110,2024-05-28,1.960000000000,0.160000000000,0.000313738338,0.001723023907
2024-02-27,0.033218353822,0.032648899196,0.033785237788,2024-03-06,0.073685624377,0.029423216288,0.071013557134,2024-03-27,0.203960151844,0.146445975014,0.155153862707,2024-05-29,1.970000000000,0.160000000000,0.001427787083,0.004540540541
2024-02-28,0.029310570772,0.030409411370,0.042580645161,2024-03-07,0.072357955470,0.034785647604,0.075268817204,2024-03-28,0.199792087491,0.148353700359,0.146236559140,2024-05-30,1.990000000000,0.190000000000,0.006483391454,0.002806563040
2024-02-29,0.025438825032,0.024377728507,0.048508263576,2024-03-08,0.066825474577,0.036388865977,0.094655505473,2024-03-29,0.198454040547,0.149179523827,0.144880875724,2024-05-31,1.940000000000,0.090000000000,0.006234341722,0.004539559014
2024-03-01,0.016998240787,0.018560543500,0.039356749894,2024-03-11,0.062483570658,0.037298587627,0.095006347863,2024-04-01,0.205162689039,0.146718074236,0.125476089716,2024-06-03,1.920000000000,0.040000000000,0.004016081035,0.013463626493
2024-03-04,0.002482314030,0.010240114941,0.024884985362,2024-03-12,0.062483570658,0.037306129448,0.074236721037,2024-04-02,0.198901637450,0.140378004734,0.116687578419,2024-06-04,1.870000000000,0.020000000000,0.003216986580,0.021621621622
2024-03-05,-0.006182763732,0.000685190565,0.011865112406,2024-03-13,0.065632472738,0.030336209864,0.083263946711,2024-04-03,0.192079549115,0.136518224961,0.104496253122,2024-06-05,1.880000000000,0.030000000000,0.003481358314,0.033448424687
2024-03-06,-0.012999878874,-0.005276974722,0.009900990099,2024-03-14,0.057715284091,0.029012945232,0.090965346535,2024-04-08,0.185956606654,0.132130133500,0.113036303630,2024-06-06,1.810000000000,0.030000000000,0.003164746299,0.038089089735
2024-03-07,-0.011783678943,-0.011703736301,-0.001228249744,2024-03-15,0.052165885756,0.023431654711,0.101944728762,2024-04-09,0.175593963798,0.129526517043,0.108085977482,2024-06-07,1.810000000000,0.010000000000,0.001913253770,0.049860305179
2024-03-08,-0.009285627767,-0.015981078403,-0.006718241042,2024-03-18,0.051925869139,0.019793709155,0.095276872964,2024-04-10,0.181630286875,0.130033831177,0.068811074919,2024-06-11,1.810000000000,0.080000000000,0.001830188299,0.045629820051
2024-03-11,-0.006809460363,-0.015984193582,-0.004896959804,2024-03-19,0.042901725364,0.016000586084,0.095694756172,2024-04-11,0.188972923515,0.124149105414,0.071822077127,2024-06-12,1.810000000000,0.130000000000,-0.002078021064,0.047018593717
2024-03-12,0.007465473739,-0.016531130956,0.003497222794,2024-03-20,0.050603358549,0.011672208953,0.122402797778,2024-04-12,0.196542090671,0.114879615921,0.082287595145,2024-06-13,1.830000000000,0.010000000000,-0.004028547672,0.050829205255
2024-03-13,0.027596593828,-0.016602587882,0.015114379085,2024-03-21,0.065002614188,0.007244819350,0.100898692810,2024-04-15,0.216874682332,0.107054350875,0.072099673203,2024-06-14,1.860000000000,-0.040000000000,-0.001073382272,0.051154759335
2024-03-14,0.042048458652,-0.022697810431,0.013117442099,2024-03-22,0.073719622719,-0.003922698301,0.121336339414,2024-04-16,0.226836172316,0.088479662208,0.086698093872,2024-06-17,1.890000000000,0.040000000000,-0.001413495660,0.050624730720
2024-03-15,0.031242195960,-0.027529833229,0.017421602787,2024-03-25,0.065186537840,-0.010579200124,0.120926419348,2024-04-17,0.205199407332,0.061161841581,0.082803853249,2024-06-18,1.990000000000,0.130000000000,-0.001255654604,0.050836550837
2024-03-18,0.028671160282,-0.030011481620,0.016813614927,2024-03-26,0.057677530906,-0.010708005224,0.111543981956,2024-04-18,0.199070085990,0.047603072955,0.086938691819,2024-06-19,1.990000000000,0.080000000000,-0.001717760816,0.046511627907
2024-03-19,0.026553049803,-0.023274003853,0.020295202952,2024-03-27,0.061965006168,-0.007378853379,0.120131201312,2024-04-19,0.205161714069,0.039592908677,0.089175891759,2024-06-20,2.030000000000,0.120000000000,0.001499714638,0.049116760017
2024-03-20,0.013427737107,-0.016882887505,0.006036217304,2024-03-28,0.057983955224,-0.009062407362,0.095975855131,2024-04-22,0.201099585527,0.040824373124,0.083098591549,2024-06-21,2.000000000000,0.050000000000,0.001586177202,0.051271003878
2024-03-21,-0.000602264635,-0.006967489894,0.031762087801,2024-03-29,0.055329444444,-0.017484026593,0.077281003439,2024-04-23,0.183257316804,0.031790544170,0.072223346146,2024-06-24,1.960000000000,-0.020000000000,0.002690879958,0.073076093986
2024-03-22,0.008482793764,0.003360442259,0.042506043513,2024-04-01,0.047846899993,-0.022034442016,0.063859790492,2024-04-24,0.188517611282,0.030863758373,0.067687348912,2024-06-25,1.930000000000,-0.090000000000,0.010026069585,0.068250539957
2024-03-25,0.024236553611,0.015827412179,0.035894333535,2024-04-02,0.049025702086,-0.020480229883,0.063722524703,2024-04-25,0.210541442409,0.037762869210,0.066142367413,2024-06-26,1.870000000000,-0.090000000000,0.010026069585,0.065577295205
2024-03-26,0.025264682640,0.026883538069,0.045609805103,2024-04-03,0.053790044473,-0.012920736372,0.062889290737,2024-04-26,0.229371088039,0.051950024494,0.052039381153,2024-06-27,1.920000000000,-0.050000000000,0.004833830995,0.068876452863
2024-03-27,0.040351730577,0.036174685524,0.057800000000,2024-04-08,0.069332687329,-0.003517983148,0.059800000000,2024-04-29,0.248662774966,0.070887456344,0.056600000000,2024-06-28,1.920000000000,-0.070000000000,0.005541990140,0.074273412271
2024-03-28,0.067494288597,0.047996082218,0.055490196078,2024-04-09,0.098610786945,0.005169150200,0.038431372549,2024-04-30,0.291672814076,0.089888724105,0.038627450980,2024-07-01,1.880000000000,-0.060000000000,0.007599827955,0.082203572197
2024-03-29,0.078106240108,0.053079547466,0.039613526570,2024-04-10,0.110808491356,0.011108798402,0.009468599034,2024-05-06,0.301799260447,0.103710870686,0.026280193237,2024-07-02,1.880000000000,-0.040000000000,0.006597114828,0.098350117849
2024-04-01,0.094060595926,0.062624797248,0.045357212381,2024-04-11,0.144855793169,0.030311489048,0.027447926806,2024-05-07,0.336851317250,0.046011650744,0.033677243527,2024-07-03,1.880000000000,0.010000000000,0.006597114828,0.091005291005
2024-04-02,0.089180960882,0.066341826409,0.048424289008,2024-04-12,0.154908580090,0.051843191756,0.010376633359,2024-05-08,0.335155431328,0.064758014943,0.034012298232,2024-07-04,1.980000000000,0.100000000000,0.005911088248,0.077260388390
2024-04-03,0.117517679271,0.080022469054,0.019096237474,2024-04-15,0.210737625593,0.081932297594,-0.006995651352,2024-05-09,0.381422733033,0.098442710133,0.014369446020,2024-07-05,2.000000000000,0.190000000000,0.005441254082,0.084369817579
2024-04-08,0.151292791256,0.088879091058,0.016347761471,2024-04-16,0.279904665057,0.107469198084,-0.009845810886,2024-05-10,0.455259134974,0.120629478170,0.008173880736,2024-07-08,2.000000000000,0.190000000000,0.006841923988,0.096008188332
2024-04-09,0.194494017405,0.119890487172,0.016542750929,2024-04-17,0.339290248123,0.150720885518,-0.007434944238,2024-05-13,0.525117528845,0.168541540462,-0.002788104089,2024-07-09,2.040000000000,0.230000000000,0.005231261474,0.099979512395
2024-04-10,0.185465589825,0.137828138811,0.009497206704,2024-04-18,0.366492222740,0.191360338252,-0.007448789572,2024-05-14,0.556660171509,0.211276059059,0.000744878957,2024-07-10,2.000000000000,0.190000000000,0.008586995843,0.099816289039
2024-04-11,0.248868822967,0.144980961833,0.001466275660,2024-04-19,0.431641437496,0.224584191023,-0.017595307918,2024-05-15,0.642624496392,0.232676046862,-0.010813782991,2024-07-11,2.150000000000,0.320000000000,0.009595195723,0.096126255380
2024-04-12,0.252279363911,0.144827050170,0.010575139147,2024-04-22,0.475463963921,0.259536933364,0.010204081633,2024-05-16,0.703114156948,0.344418123175,0.013729128015,2024-07-12,2.160000000000,0.300000000000,0.010198358171,0.130184804928
2024-04-15,0.238305422887,0.151129874028,-0.026686163407,2024-04-23,0.520958909692,0.304449014938,-0.011880826174,2024-05-17,0.766755460742,0.365245225814,-0.003472856882,2024-07-15,2.110000000000,0.220000000000,0.008990033905,0.110723805618
2024-04-16,0.212279588859,0.125127623291,-0.034375571402,2024-04-24,0.574406320570,0.331359973019,0.009142439203,2024-05-20,0.810227302547,0.366281762533,0.002742731761,2024-07-16,2.200000000000,0.210000000000,0.007972191000,0.112880179628
2024-04-17,0.204798425591,0.104837524285,-0.026932300314,2024-04-25,0.600460615701,0.356984728896,0.023611879727,2024-05-21,0.824927646107,0.384553834203,0.032835270245,2024-07-17,2.240000000000,0.250000000000,0.005241941079,0.123662551440
2024-04-18,0.153122865356,0.076103772733,-0.031844802343,2024-04-26,0.608157003561,0.349180500148,0.006588579795,2024-05-22,0.844487568301,0.377659211641,0.016654465593,2024-07-18,2.200000000000,0.170000000000,0.005148242485,0.118069815195
2024-04-19,0.103416908444,0.047271063700,-0.027170919772,2024-04-29,0.606480487931,0.341728841061,-0.012300348816,2024-05-23,0.835282976763,0.357453622526,0.002019460253,2024-07-19,2.240000000000,0.240000000000,0.005530347574,0.121106557377
2024-04-22,0.039993669649,0.033131714978,-0.005446009390,2024-04-30,0.582740866727,0.357123391419,-0.007136150235,2024-05-24,0.795952041382,0.363222737662,0.019154929577,2024-07-22,2.210000000000,0.250000000000,0.004087109507,0.077541181197
2024-04-23,0.018472908774,0.019045235570,-0.010793410339,2024-05-06,0.590002521430,0.352172140931,0.007953039197,2024-05-27,0.788833488539,0.354784599277,0.028214353342,2024-07-23,2.210000000000,0.280000000000,-0.002379100737,0.057824504650
2024-04-24,0.009464679017,-0.010986417778,0.000568720379,2024-05-07,0.577378249207,0.321165693754,0.017440758294,2024-05-28,0.786652547720,0.336481008601,0.029194312796,2024-07-24,2.200000000000,0.330000000000,-0.000682883665,0.066787732042
2024-04-25,-0.056482389028,-0.065287276091,-0.006049149338,2024-05-08,0.479934381588,0.228081017551,0.014744801512,2024-05-29,0.674455805111,0.247880520783,0.018525519849,2024-07-25,2.240000000000,0.320000000000,0.000873960663,0.064840918244
2024-04-26,-0.081727535144,-0.077627191965,-0.008869598037,2024-05-09,0.417969282924,0.194368301060,0.005850160408,2024-05-30,0.625995889980,0.231567247129,0.002453293074,2024-07-26,2.280000000000,0.360000000000,0.002030605204,0.067935871743
2024-04-29,-0.067773386609,-0.095608197009,0.006419939577,2024-05-10,0.382183655524,0.171160170989,0.007175226586,2024-05-31,0.619955145330,0.220051558980,0.018693353474,2024-07-29,2.240000000000,0.360000000000,0.000901933649,0.052694372639
2024-04-30,-0.069150552845,-0.098175084304,0.022205206738,2024-05-13,0.372826640813,0.157958608098,0.018185298622,2024-06-03,0.620231654002,0.214492148900,0.029670750383,2024-07-30,2.220000000000,0.340000000000,-0.000423008639,0.031213421771
2024-05-06,-0.071632172171,-0.084682985857,0.009852216749,2024-05-14,0.338488219330,0.138017333236,0.011746873816,2024-06-04,0.628124315558,0.216254230050,0.025009473285,2024-07-31,2.280000000000,0.400000000000,-0.003258682183,0.019204655674
2024-05-07,-0.036076757067,-0.030845914483,0.019399011031,2024-05-15,0.309739335944,0.116152162495,0.009128946367,2024-06-05,0.611906791281,0.209632280791,0.046215290985,2024-08-01,2.140000000000,0.160000000000,-0.004047143153,0.021128125606
2024-05-08,-0.025312324830,-0.016010987972,0.036747905560,2024-05-16,0.236738540672,0.088167439320,0.027418126428,2024-06-06,0.583786781608,0.211481119952,0.042460015232,2024-08-02,2.150000000000,0.150000000000,-0.002679003140,0.005735041101
2024-05-09,-0.031449113904,-0.006627928633,0.014258911820,2024-05-17,0.162793004935,0.068436169371,0.015572232645,2024-06-07,0.565900811301,0.210985890912,0.011257035647,2024-08-05,2.170000000000,0.170000000000,-0.003784971154,-0.019424729174
2024-05-10,-0.047901281143,-0.001914252157,0.033520599251,2024-05-20,0.094242806482,0.032013394680,-0.016853932584,2024-06-11,0.541606533808,0.211065572115,0.001872659176,2024-08-06,2.130000000000,0.090000000000,-0.000649986669,0.000000000000
2024-05-13,-0.054132672717,-0.005153723948,0.041088180113,2024-05-21,0.067962061054,-0.004988304090,-0.014446529081,2024-06-12,0.521970991933,0.204384844889,-0.004315196998,2024-08-07,2.160000000000,0.160000000000,-0.003983978719,-0.009465478842
2024-05-14,-0.038249573394,-0.004332562137,0.026119402985,2024-05-22,0.008626640302,-0.029401884450,-0.018470149254,2024-06-13,0.517062522612,0.202452451848,-0.002798507463,2024-08-08,2.150000000000,0.000000000000,-0.002227845240,-0.003552729993
2024-05-15,-0.020943288507,-0.004339069583,-0.011937557392,2024-05-23,-0.033093410702,-0.053616172922,-0.035996326905,2024-06-14,0.519370887366,0.200641247011,-0.007162534435,2024-08-09,2.120000000000,-0.040000000000,-0.006789437979,-0.024345930233
2024-05-16,-0.016867675475,0.005587926609,-0.022012578616,2024-05-24,-0.076819523880,-0.066650482701,-0.019237883833,2024-06-17,0.507630735392,0.212730946348,0.000739918609,2024-08-12,2.050000000000,-0.060000000000,-0.006091091856,0.000000000000
2024-05-17,-0.002984565957,0.014843060486,-0.035513680014,2024-05-27,-0.100061589191,-0.069144148416,-0.042761369813,2024-06-18,0.509229488669,0.226193374076,-0.007791266534,2024-08-13,2.070000000000,-0.130000000000,-0.004099122354,-0.006603081438
2024-05-20,0.002135474806,0.016878150449,-0.032798702469,2024-05-28,-0.111683212398,-0.084204119816,-0.044692737430,2024-06-19,0.503717103246,0.229413960976,-0.013696161471,2024-08-14,2.100000000000,-0.140000000000,-0.001394242881,0.016297381432
2024-05-21,0.014112215491,0.020836582948,-0.024000000000,2024-05-29,-0.112964778056,-0.079250450746,-0.034000000000,2024-06-20,0.514884484239,0.233090902622,-0.012545454545,2024-08-15,2.110000000000,-0.090000000000,-0.000260714828,0.006611570248
2024-05-22,-0.017113034014,0.021119437459,-0.009293680297,2024-05-30,-0.138711871574,-0.077248522736,0.000557620818,2024-06-21,0.463871641789,0.226862264297,0.015799256506,2024-08-16,2.090000000000,-0.150000000000,0.000524755206,0.003838420764
2024-05-23,-0.015012441024,0.015758302801,0.008889729525,2024-05-31,-0.125647289782,-0.082345931437,0.002458861358,2024-06-24,0.460442733071,0.223595722948,0.040665783998,2024-08-19,2.100000000000,-0.110000000000,0.000925389601,0.000372856078
2024-05-24,-0.013684572597,0.003944080822,-0.000751455946,2024-06-03,-0.128476436981,-0.082938431312,-0.004320871689,2024-06-25,0.452027292040,0.212701843429,0.035506293444,2024-08-20,2.170000000000,-0.040000000000,0.000184556606,0.016628440367
2024-05-27,-0.011080806211,0.020377750914,-0.005030743432,2024-06-04,-0.129762992520,-0.055161873087,-0.014905906465,2024-06-26,0.439990161762,0.222722499974,0.027389603130,2024-08-21,2.140000000000,-0.060000000000,-0.001513132838,0.009646302251
2024-05-28,-0.016867675475,0.043281753724,-0.011549925484,2024-06-05,-0.075721545053,0.027696724261,-0.024590163934,2024-06-27,0.441449330499,0.245787644174,0.031110283159,2024-08-22,2.140000000000,-0.100000000000,0.001238465626,0.008698940998
2024-05-29,0.030904505224,0.059503603702,0.012382739212,2024-06-06,-0.033069327600,0.059938570355,-0.008818011257,2024-06-28,0.466138513916,0.261503414007,0.032645403377,2024-08-23,2.200000000000,-0.080000000000,0.000669305827,0.007693751173
2024-05-30,0.048336533754,0.062463583323,0.014810648669,2024-06-07,-0.016745632079,0.078043859655,-0.006936632921,2024-07-01,0.493053934725,0.269088403782,0.035995500562,2024-08-26,2.250000000000,0.010000000000,-0.002192956812,0.004344540990
2024-05-31,0.048126958048,0.069486867719,-0.012972363226,2024-06-11,-0.018673380784,0.087556229076,-0.001504042113,2024-07-02,0.496471564622,0.273334908054,0.039293100207,2024-08-27,2.190000000000,-0.030000000000,0.001090362970,0.010783200908
2024-06-03,0.047405626531,0.060234482856,-0.016292134831,2024-06-12,-0.018178882629,0.094429522659,-0.005617977528,2024-07-03,0.504519108687,0.283232113103,0.038389513109,2024-08-28,2.160000000000,-0.120000000000,0.003938409306,0.007993909402
2024-06-04,0.046753030619,0.034571799971,-0.008480964945,2024-06-13,0.003701571619,0.097066055575,0.014134941576,2024-07-04,0.518228302067,0.287974257605,0.043912551828,2024-08-29,2.080000000000,-0.060000000000,0.003133503295,0.014806378132
2024-06-05,0.029978048468,0.030056233043,-0.027242401779,2024-06-14,0.021781020047,0.109561506979,-0.005744996294,2024-07-05,0.529980040554,0.306312834410,0.024462564863,2024-08-30,2.020000000000,-0.130000000000,0.004218799385,0.011974909713
2024-06-06,0.015369280187,0.028588695968,-0.020506188805,2024-06-17,0.030783507743,0.116262234223,0.002586366156,2024-07-08,0.534078183774,0.320828616136,0.016996120451,2024-09-02,1.990000000000,-0.180000000000,0.005140339934,0.028190476190
2024-06-07,0.011996361379,0.031682535484,0.006285714286,2024-06-18,0.043063023090,0.124164702602,0.021904761905,2024-07-09,0.528617955640,0.335012323066,0.044952380952,2024-09-03,2.000000000000,-0.130000000000,0.004072489202,0.005587632706
2024-06-11,-0.001234364883,0.024076919758,0.009137635637,2024-06-19,0.036730166671,0.126586128366,0.023034456501,2024-07-10,0.512964454617,0.335474878706,0.043023034457,2024-09-04,2.130000000000,-0.030000000000,0.004072489202,-0.018737118231
2024-06-12,-0.011883299443,0.026049704355,0.009884052462,2024-06-20,0.031217931238,0.130542447383,0.025850598745,2024-07-11,0.489070126605,0.343739133825,0.042197300893,2024-09-05,2.120000000000,-0.030000000000,0.003182441322,-0.011634452993
2024-06-13,-0.008608675441,0.026772682478,0.025528672128,2024-06-21,0.034653893878,0.144232348676,0.040960182892,2024-07-12,0.476074315608,0.363931119417,0.049723756906,2024-09-06,2.090000000000,-0.030000000000,0.007296514326,-0.018808193669
2024-06-14,-0.007363771255,0.020770858874,-0.000377216145,2024-06-24,0.040748054209,0.133116189450,0.028291210864,2024-07-15,0.461334710779,0.379576732057,0.034515277254,2024-09-09,2.030000000000,-0.020000000000,0.006663523887,-0.026952187558
2024-06-17,-0.011854154656,0.018173542645,0.003217868635,2024-06-25,0.033783788600,0.127853953317,0.038046564452,2024-07-16,0.464735915482,0.397754165523,0.043346583381,2024-09-10,2.030000000000,-0.040000000000,0.005123047840,-0.025295420975
2024-06-18,-0.004119634742,0.018690013955,-0.002641011130,2024-06-26,0.030259124653,0.128593468471,0.056215808338,2024-07-17,0.464735915482,0.402526831038,0.044331258253,2024-09-11,2.060000000000,-0.040000000000,0.005147239243,-0.047927927928
2024-06-19,-0.001244090742,0.016284069975,-0.014492753623,2024-06-27,0.015602599815,0.125500691196,0.045548654244,2024-07-18,0.448748886900,0.398161491857,0.040466779597,2024-09-12,2.010000000000,-0.100000000000,0.004654766323,-0.032110928663
2024-06-20,-0.004134965836,0.005346756965,-0.018577001672,2024-06-28,0.048315494083,0.126558009530,0.013932751254,2024-07-19,0.450493947341,0.394771497925,0.042727103845,2024-09-13,2.010000000000,-0.080000000000,0.004977390846,-0.025673707210
2024-06-21,-0.007006265387,0.007173109681,-0.000566037736,2024-07-01,0.049207462290,0.123539087016,0.023962264151,2024-07-22,0.451970682570,0.399221649975,0.060566037736,2024-09-18,2.000000000000,-0.100000000000,0.004509686940,0.001863585539
2024-06-24,-0.034334413603,0.002404172595,0.002075471698,2024-07-02,0.012140133562,0.126123984870,0.024528301887,2024-07-23,0.402547545171,0.396422012241,0.054905660377,2024-09-19,2.020000000000,-0.150000000000,0.003918350148,-0.005452152660
2024-06-25,-0.038057422307,0.001747343455,0.004350293172,2024-07-03,0.002154801206,0.107987221271,0.026858331757,2024-07-24,0.375650807630,0.383086841595,0.062795536221,2024-09-20,2.030000000000,-0.110000000000,0.003805433363,-0.006744098913
2024-06-26,-0.025328022107,0.015440487989,0.027692895340,2024-07-04,0.006862830183,0.095465311284,0.029029793736,2024-07-25,0.377258933204,0.382581115526,0.085752482811,2024-09-23,2.010000000000,-0.130000000000,0.005047543134,-0.011811023622
2024-06-27,-0.022421527767,0.022366090501,0.015521484005,2024-07-05,-0.005911164487,0.087070118403,0.005489305319,2024-07-26,0.362973324645,0.376184057955,0.083286011736,2024-09-24,2.060000000000,-0.140000000000,0.004152007468,-0.023836126629
2024-06-28,-0.021167098471,0.035682786856,0.024542193695,2024-07-08,-0.020353911600,0.095218801894,0.018501038324,2024-07-29,0.331376374878,0.382781674917,0.080611666981,2024-09-25,2.030000000000,-0.220000000000,0.006494057110,-0.003761519654
2024-07-01,0.010709391522,0.046732585534,0.010167576728,2024-07-09,-0.023992722759,0.102164697758,0.012803615138,2024-07-30,0.314868538206,0.388005708483,0.084541517605,2024-09-26,2.080000000000,-0.110000000000,0.005164977022,-0.008235073929
2024-07-02,0.013761075336,0.047386696374,0.012052730697,2024-07-10,-0.030036212151,0.094560773184,0.018832391714,2024-07-31,0.274683730703,0.363253296524,0.083050847458,2024-09-27,2.160000000000,0.000000000000,0.006221793835,0.001888217523
2024-07-03,0.002556019789,0.032276259534,0.002973425014,2024-07-11,-0.035649898329,0.093034658410,0.022300687605,2024-08-01,0.267722521677,0.338412905779,0.048875673667,2024-09-30,2.130000000000,0.050000000000,0.007549208171,-0.001122334456
2024-07-04,0.000424736723,0.022589391281,0.018452935694,2024-07-12,-0.034434701762,0.079189984971,0.020503261883,2024-08-02,0.220161662550,0.303001797127,0.059086672880,2024-10-08,2.090000000000,0.070000000000,0.004518567034,0.007700976709
2024-07-05,-0.001696065369,0.006455625713,0.004606596646,2024-07-15,-0.036818856273,0.071651991582,-0.006817763037,2024-08-05,0.154457218538,0.278111047665,0.044776119403,2024-10-09,2.090000000000,0.100000000000,0.004044405813,-0.003149314561
2024-07-08,-0.017801138397,-0.025968370247,0.022180801491,2024-07-16,-0.052730550023,0.040575215620,-0.002795899348,2024-08-06,0.081179447168,0.207226490292,0.052562907735,2024-10-10,2.000000000000,0.000000000000,0.003497690120,-0.002778292276
2024-07-09,-0.012725886248,-0.027201186638,0.041868254559,2024-07-17,-0.041196347422,0.039753363016,-0.012467435802,2024-08-07,0.061576364042,0.165528557376,0.063453665798,2024-10-11,2.010000000000,-0.120000000000,0.003470154673,0.023868627077
2024-07-10,-0.014872102047,-0.031475522466,0.029275523439,2024-07-18,-0.038566812995,0.031753936452,-0.009634982398,2024-08-08,0.000000000000,0.132146038673,0.069112469891,2024-10-14,2.040000000000,-0.080000000000,0.004082467215,0.024681982153
2024-07-11,-0.014859473955,-0.031288902070,-0.001098096633,2024-07-19,-0.040522665195,0.018164325031,-0.010614934114,2024-08-09,-0.040125760476,0.102552827793,0.057101024890,2024-10-15,2.010000000000,-0.080000000000,-0.000364486875,0.028088821408
2024-07-12,-0.014441048596,-0.027887904012,-0.004585473221,2024-07-22,-0.043686125355,0.020567794084,-0.007703595011,2024-08-12,-0.081175270079,0.079345812740,0.073550990462,2024-10-16,1.950000000000,-0.080000000000,0.000182229903,0.033200531208
2024-07-15,0.000863036285,-0.005061256891,-0.009846827133,2024-07-23,-0.040539428110,0.016829208162,-0.001458789205,2024-08-13,-0.107373782247,0.067537923730,0.074215900802,2024-10-17,1.940000000000,-0.090000000000,0.000182229903,0.030877060049
2024-07-16,-0.006874625029,0.000213993216,-0.030362564744,2024-07-24,-0.043848769180,0.020895315489,-0.022504018575,2024-08-14,-0.124933763021,0.055157837199,0.064654402572,2024-10-18,1.960000000000,-0.100000000000,0.002445260142,0.041824375473
2024-07-17,0.001725328060,0.013056763346,-0.030063006301,2024-07-25,-0.035708359036,0.028477503792,-0.022322232223,2024-08-15,-0.131293500323,0.065815612429,0.079207920792,2024-10-21,1.910000000000,-0.100000000000,-0.001269031176,0.051083883129
2024-07-18,0.005602483135,0.023739067081,-0.026749725174,2024-07-26,-0.031141010787,0.036791126068,0.001282521070,2024-08-16,-0.125215581367,0.077778659656,0.102601685599,2024-10-22,1.900000000000,-0.110000000000,-0.001831045898,0.041487572416
2024-07-19,0.013790727718,0.026106035256,-0.005896443707,2024-07-29,-0.023657345350,0.039752514074,0.013819789939,2024-08-19,-0.104325325455,0.072005859973,0.113322277501,2024-10-23,1.890000000000,-0.110000000000,-0.000650852349,0.009114583333
2024-07-22,0.024144178688,0.029805541767,-0.009392265193,2024-07-30,0.017563402097,0.044624895052,0.015101289134,2024-08-20,-0.102403277711,0.078810274098,0.104972375691,2024-10-24,1.930000000000,-0.090000000000,-0.000650852349,0.024763705104
2024-07-23,0.035476339805,0.035230010606,-0.003499723706,2024-07-31,0.029242285090,0.055017989502,0.015656658685,2024-08-21,-0.102385251323,0.104465174826,0.104070731258,2024-10-25,1.960000000000,-0.070000000000,-0.000063789333,0.017351942663
2024-07-24,0.040044787008,0.032504467063,0.020972531552,2024-08-01,0.028968224272,0.045760563518,0.027282850780,2024-08-22,-0.042419923145,0.177323634043,0.110987379362,2024-10-28,1.960000000000,-0.050000000000,-0.004752352377,0.036805160311
2024-07-25,0.050141431694,0.027615504483,0.030685240964,2024-08-02,0.040774725447,0.042114606457,0.036144578313,2024-08-23,0.000408263304,0.200753156874,0.136295180723,2024-10-29,2.000000000000,-0.060000000000,-0.008711230745,0.016215185044
2024-07-26,0.059513696581,0.027398914779,-0.000926784059,2024-08-05,0.056818189849,0.031436090428,0.024281742354,2024-08-26,0.017970922231,0.217810304706,0.132715477294,2024-10-30,1.990000000000,-0.040000000000,-0.005028846345,0.010005663583
2024-07-29,0.054727632501,0.049884729401,-0.005391336680,2024-08-06,0.061880147761,0.047770691792,0.027700316044,2024-08-27,0.017049608542,0.255927190504,0.141476110801,2024-10-31,1.930000000000,-0.150000000000,-0.005028846345,0.016606906964
2024-07-30,0.054316043330,0.044915533996,-0.019038817006,2024-08-07,0.070416570574,0.052528822155,0.024953789279,2024-08-28,0.019390808138,0.260844931429,0.112199630314,2024-11-01,1.920000000000,-0.240000000000,-0.008727947495,0.016584998115
2024-07-31,0.057133401939,0.042523608833,-0.028358480276,2024-08-08,0.084983440268,0.056141770756,0.006907834939,2024-08-29,0.050176859721,0.266452571442,0.092710416288,2024-11-04,1.900000000000,-0.230000000000,-0.010301273743,0.017977528090
2024-08-01,0.046931119672,0.042258906783,-0.012602739726,2024-08-09,0.089156843729,0.062159689636,0.009680365297,2024-08-30,0.074558107084,0.271859398124,0.096438356164,2024-11-05,1.850000000000,-0.240000000000,-0.005624001591,0.021435228332
2024-08-02,0.028486603072,0.035648353754,0.003710575139,2024-08-12,0.088769975191,0.061353388827,0.021335807050,2024-09-02,0.080964842282,0.269638309357,0.118367346939,2024-11-06,1.790000000000,-0.300000000000,-0.016850579727,0.023044043858
2024-08-05,0.023948274919,0.003379691210,0.023551401869,2024-08-13,0.107016499384,0.079340548167,0.025420560748,2024-09-03,0.093800644354,0.262588749827,0.096261682243,2024-11-07,1.760000000000,-0.240000000000,-0.016850579727,-0.003343239227
2024-08-06,0.015059049306,-0.014965583114,0.031279442246,2024-08-14,0.100541391043,0.065767248424,0.032410024496,2024-09-04,0.093960891484,0.248409610319,0.116449971735,2024-11-08,1.710000000000,-0.300000000000,-0.017711293162,-0.006527415144
2024-08-07,0.005091251546,-0.007368355125,0.016089803555,2024-08-15,0.106970339742,0.082429786179,0.025818521983,2024-09-05,0.097502579756,0.262591153774,0.104022450889,2024-11-11,1.780000000000,-0.260000000000,-0.016312154478,-0.008337965536
2024-08-08,0.014812506797,0.014761710563,0.010913799482,2024-08-16,0.121961748256,0.112652663782,0.019237883833,2024-09-06,0.113801676193,0.296258775461,0.078431372549,2024-11-12,1.850000000000,-0.160000000000,-0.011206210369,-0.012553073657
2024-08-09,0.030428341321,0.038494039599,0.017005545287,2024-08-19,0.138338237421,0.133829290627,0.013863216266,2024-09-09,0.132967334787,0.311185011100,0.073012939002,2024-11-13,1.870000000000,-0.080000000000,-0.013490806286,-0.009181050312
2024-08-12,0.025337182679,0.054421279883,0.006574141709,2024-08-20,0.134086420926,0.143869057377,0.006574141709,2024-09-10,0.124871724950,0.311828889998,0.045288531775,2024-11-14,1.840000000000,-0.100000000000,-0.013490806286,-0.000918779860
2024-08-13,0.049582266154,0.070208851589,0.007491321031,2024-08-21,0.163104635445,0.140349515937,0.011511054266,2024-09-11,0.145755220161,0.313883098759,0.043486205006,2024-11-15,1.790000000000,-0.170000000000,-0.019383343920,-0.005631244323
2024-08-14,0.056499383897,0.056799594065,0.019149327932,2024-08-22,0.167499162863,0.129168078262,0.017860430860,2024-09-12,0.143375241542,0.307070926990,0.058368624563,2024-11-18,1.760000000000,-0.150000000000,-0.017153689439,-0.021520803443
2024-08-15,0.023815014188,0.002586128421,0.007136322049,2024-08-23,0.142281669421,0.089662553994,0.027081427264,2024-09-13,0.160181097499,0.272731689797,0.063311985361,2024-11-19,1.770000000000,-0.130000000000,-0.013499020620,-0.023326753992
2024-08-16,0.006057394571,-0.029350117552,0.004362050164,2024-08-26,0.129654838981,0.072551208013,0.021628498728,2024-09-18,0.157202600767,0.252957099521,0.072337331879,2024-11-20,1.800000000000,-0.090000000000,-0.016889260393,0.005161290323
2024-08-19,0.006082725832,-0.054117922954,0.002902757620,2024-08-27,0.114086064675,0.050650046030,0.014332365747,2024-09-19,0.147415907535,0.235960706281,0.072931785196,2024-11-21,1.810000000000,-0.120000000000,-0.016889260393,0.016971038554
2024-08-20,-0.017482519650,-0.071356491277,0.005622052956,2024-08-28,0.103618298044,0.022939988989,0.019042437432,2024-09-20,0.138338237421,0.195762069283,0.082335872325,2024-11-22,1.790000000000,-0.170000000000,-0.023626195355,0.022061549870
2024-08-21,-0.033193188414,-0.075383489987,0.000722673893,2024-08-29,0.085286092750,0.011179593935,0.027100271003,2024-09-23,0.124388797059,0.158401701687,0.085636856369,2024-11-25,1.750000000000,-0.210000000000,-0.018279910266,0.013174748399
2024-08-22,-0.022135517138,-0.065066818270,0.004360465116,2024-08-30,0.063663084076,-0.008615893616,0.039789244186,2024-09-24,0.100489796275,0.123091119344,0.060138081395,2024-11-26,1.720000000000,-0.280000000000,-0.012885065465,0.036793692510
2024-08-23,-0.018062770385,-0.064841393390,-0.003800217155,2024-09-02,0.046942712104,-0.023742892099,0.035830618893,2024-09-25,0.083907962104,0.102827083885,0.060441549041,2024-11-27,1.760000000000,-0.230000000000,-0.020263176916,0.028785046729
2024-08-26,-0.010580412457,-0.055558734124,-0.007597684515,2024-09-03,0.045102584431,-0.054870280825,0.041968162084,2024-09-26,0.083147194389,0.091450796869,0.054811866860,2024-11-28,1.680000000000,-0.250000000000,-0.020263176916,0.028030443661
2024-08-27,-0.005678807410,-0.040541079292,-0.011902614968,2024-09-04,0.040817949436,-0.060719392284,0.037150586114,2024-09-27,0.080645172351,0.082104574949,0.060234445446,2024-11-29,1.670000000000,-0.250000000000,-0.016838584275,0.025954764553
2024-08-28,0.008773938706,-0.033778430858,-0.010110128182,2024-09-05,0.035638760821,-0.062828385220,0.018956490341,2024-09-30,0.083592865048,0.081870499401,0.056147319011,2024-12-02,1.680000000000,-0.220000000000,-0.013051262787,0.016924208977
2024-08-29,0.024171273810,-0.016553852164,-0.003256150507,2024-09-06,0.040539492287,-0.064557880864,0.027858176556,2024-10-08,0.094285492920,0.072271201859,0.070369030391,2024-12-03,1.690000000000,-0.160000000000,-0.021655898128,0.010036496350
2024-08-30,0.029125473177,-0.006620146318,-0.003633060854,2024-09-09,0.047593046682,-0.063587423774,0.029972752044,2024-10-09,0.098592715130,0.065077043449,0.074477747502,2024-12-04,1.710000000000,-0.080000000000,-0.010584779408,0.003088101726
2024-09-02,0.027879624692,-0.000981620144,0.004739336493,2024-09-10,0.049115154117,-0.058978401621,0.029347429821,2024-10-10,0.100147168649,0.056894315138,0.082209259934,2024-12-05,1.760000000000,0.000000000000,-0.010584779408,0.023294819232
2024-09-03,0.029698450312,-0.006878575455,0.010403358277,2024-09-11,0.055828850867,-0.053008017597,0.043073553568,2024-10-11,0.114113882359,0.049395036882,0.070633327249,2024-12-06,1.760000000000,0.050000000000,-0.005369105019,0.032663788249
2024-09-04,0.021933144498,-0.004843758599,0.008207185847,2024-09-12,0.052992525586,-0.060444842226,0.052343607514,2024-10-14,0.120676801951,0.049296320925,0.083530913733,2024-12-09,1.730000000000,-0.050000000000,-0.008487536001,0.020739910314
2024-09-05,0.011613098026,-0.007223945683,0.018693284936,2024-09-13,0.037258973811,-0.084825012207,0.048275862069,2024-10-15,0.116606036581,0.036768109539,0.083484573503,2024-12-10,1.700000000000,-0.150000000000,-0.013343955249,0.028603477285
2024-09-06,0.004096224535,-0.004279159455,0.024794895169,2024-09-18,0.020822293837,-0.102156120360,0.067092069280,2024-10-16,0.111275979679,0.038939738266,0.098997265269,2024-12-11,1.700000000000,-0.170000000000,-0.011109175175,0.022424017791
2024-09-09,0.000371553884,-0.003579415581,0.014332365747,2024-09-19,0.023570562598,-0.110741305304,0.068759071118,2024-10-17,0.113758599288,0.034314099758,0.095428156749,2024-12-12,1.690000000000,-0.150000000000,-0.011109175175,0.007356998345
2024-09-10,-0.003327910483,0.003957838839,0.014992774566,2024-09-20,0.002603779522,-0.111631320709,0.076770231214,2024-10-18,0.114999602190,0.034218809337,0.086705202312,2024-12-13,1.660000000000,-0.130000000000,-0.001706841567,0.007124588966
2024-09-11,-0.001110124471,0.009593587420,0.028400868307,2024-09-23,-0.004425758455,-0.102413676497,0.084479015919,2024-10-21,0.120827121855,0.042388509480,0.075434153401,2024-12-16,1.630000000000,-0.130000000000,-0.002571649038,0.015762463343
2024-09-12,-0.001481262218,0.008548134048,0.019597363264,2024-09-24,0.011630525954,-0.079382808018,0.072153928381,2024-10-22,0.119581481424,0.040069543242,0.061286299662,2024-12-17,1.610000000000,-0.160000000000,-0.008423493852,0.016167554657
2024-09-13,-0.002225189416,0.002677161893,0.018324141612,2024-09-25,0.012418154640,-0.072531126476,0.074897705035,2024-10-23,0.116626562163,0.034301986550,0.057107276285,2024-12-18,1.630000000000,-0.170000000000,-0.008606457531,0.028974876215
2024-09-18,0.004456990598,-0.001831355282,0.030227150778,2024-09-26,0.021916568661,-0.061584770841,0.073153282060,2024-10-24,0.158498994531,0.029943740653,0.049365050975,2024-12-19,1.580000000000,-0.230000000000,-0.008606457531,0.017413386541
2024-09-19,0.001113007483,-0.013023458558,0.023491724506,2024-09-27,0.021579468158,-0.055828164009,0.066737853711,2024-10-25,0.160402534389,0.018969214346,0.045915643353,2024-12-20,1.580000000000,-0.210000000000,-0.006497174347,0.015780881553
2024-09-20,0.004815885606,-0.039966081932,-0.007211961302,2024-09-30,0.034714279229,-0.068031658936,0.052946350044,2024-10-28,0.155491203813,-0.014488454280,0.041160949868,2024-12-23,1.560000000000,-0.190000000000,-0.012627784912,0.022756005057
2024-09-23,0.008529892762,-0.042308366914,-0.007164074786,2024-10-08,0.043354824452,-0.056972841198,0.054691595317,2024-10-29,0.155028904042,-0.025724827294,0.035820373930,2024-12-24,1.580000000000,-0.140000000000,-0.014533624836,0.034039471302
2024-09-24,0.015611063486,-0.033094118831,-0.009433962264,2024-10-09,0.047137278958,-0.041044907170,0.067610062893,2024-10-30,0.158582111966,-0.034383223906,0.036338225017,2024-12-25,1.580000000000,-0.180000000000,-0.014799747049,0.035065406977
2024-09-25,0.023295373379,-0.015665646000,-0.019618055556,2024-10-10,0.056904987385,-0.021946221800,0.065972222222,2024-10-31,0.172925344427,-0.031453667706,0.033854166667,2024-12-26,1.550000000000,-0.130000000000,-0.011678611580,0.036475261827
2024-09-26,0.055588503754,0.000285303937,-0.006259780908,2024-10-11,0.084526358580,-0.015652268638,0.046252825596,2024-11-01,0.208280338265,-0.026854232727,0.034602677795,2024-12-27,1.610000000000,-0.060000000000,-0.020907621031,0.039212143115
2024-09-27,0.065624547218,0.020887711737,0.022324592488,2024-10-14,0.093026785285,-0.015303469198,0.065024805103,2024-11-04,0.228180537121,-0.025361072186,0.051381998583,2024-12-30,1.630000000000,-0.050000000000,-0.021245081800,0.032561505065
2024-09-30,0.073913372302,0.020333326117,0.016543470609,2024-10-15,0.094028632405,-0.021601701653,0.056494192186,2024-11-05,0.239874365270,-0.027874300285,0.040830693418,2024-12-31,1.600000000000,-0.090000000000,-0.015981445540,0.031074977416
2024-10-08,0.090762710531,-0.003415415704,0.032275132275,2024-10-16,0.109853294339,-0.037951233857,0.063139329806,2024-11-06,0.265885188850,-0.043853729059,,,1.630000000000,-0.080000000000,-0.008497764489,0.034770010866
2024-10-09,0.046975506128,-0.044375508275,0.043208783425,2024-10-17,0.076540100139,-0.064429480460,0.038604568798,2024-11-07,0.250280522753,-0.049757145212,,,1.770000000000,0.010000000000,0.000488004401,0.027135312329
2024-10-10,-0.010883304181,-0.063105491846,0.043044619423,2024-10-18,0.041783764949,-0.071382450490,0.036745406824,2024-11-08,0.210535391501,-0.062771343398,,,1.770000000000,0.010000000000,-0.005420556548,0.031812397746
2024-10-11,-0.047744262356,-0.090467505270,0.038994800693,2024-10-21,0.018502074514,-0.100027257075,0.022703639515,2024-11-11,0.187198094548,-0.084725480833,,,1.760000000000,0.030000000000,-0.005564088955,0.050521691378
2024-10-14,-0.061635399447,-0.078422174522,0.041897506925,2024-10-22,0.014812622181,-0.091768810981,0.009349030471,2024-11-12,0.181003301299,-0.075173712422,,,1.750000000000,0.050000000000,-0.002468794536,0.053980370774
2024-10-15,-0.071466925185,-0.054250592236,0.032291132752,2024-10-23,0.026331408091,-0.086232793599,-0.008200922604,2024-11-13,0.192639227811,-0.069783440397,,,1.750000000000,0.050000000000,0.005898894222,0.051114736270
2024-10-16,-0.031062335319,-0.008176960835,0.018502800883,2024-10-24,0.042712826563,-0.068746259809,-0.028348327958,2024-11-14,0.210399271421,-0.052732881588,,,1.750000000000,0.060000000000,0.006013771134,0.074310754062
2024-10-17,0.036558533466,0.027779604382,0.005535983895,2024-10-25,0.083475561262,-0.049348348372,-0.041939271934,2024-11-15,0.263476718796,-0.036941590069,,,1.750000000000,0.090000000000,0.000074977174,0.071104661709
2024-10-18,0.098822857485,0.073521711949,-0.001501251043,2024-10-28,0.120397140154,-0.043040395927,-0.041201000834,2024-11-18,0.302273553547,-0.030096728762,,,1.790000000000,0.160000000000,-0.001517790198,0.072717430530
2024-10-21,0.150707944182,0.082995388350,0.002991026919,2024-10-29,0.169485260531,-0.024726578676,-0.034396809571,2024-11-19,0.351418581100,-0.021642685447,,,1.770000000000,0.160000000000,-0.000124317832,0.088410775628
2024-10-22,0.190792824889,0.086352217124,0.011420059583,2024-10-30,0.224873652601,-0.009977420115,-0.023502151605,2024-11-20,0.400867256258,-0.015167256396,,,1.880000000000,0.250000000000,0.004896493452,0.072536089824
2024-10-23,0.204103465140,0.088645937838,0.023333333333,2024-10-31,0.249963054031,0.015665646000,-0.014333333333,2024-11-21,0.423086697410,0.001391484781,,,1.870000000000,0.290000000000,0.004940149275,0.079693349973
2024-10-24,0.235584193442,0.079827395103,0.003837170504,2024-11-01,0.337236922774,0.040085203168,-0.004337671004,2024-11-22,0.507646097274,0.004546664484,,,1.930000000000,0.350000000000,0.007558657559,0.070535714286
2024-10-25,0.260547575337,0.088346085348,0.004176411627,2024-11-04,0.405544954720,0.084860877651,0.003842298697,2024-11-25,0.578372192097,0.022359187870,,,1.910000000000,0.350000000000,0.013078224423,0.059155924422
2024-10-28,0.232130423472,0.096601800054,-0.005467196819,2024-11-05,0.428771104995,0.116733771519,-0.033300198807,2024-11-26,0.585618754165,0.044036789592,,,1.960000000000,0.380000000000,0.013078224423,0.053580808965
2024-10-29,0.209989703829,0.085733735998,-0.013582065128,2024-11-06,0.459303232726,0.111691360364,-0.041073474063,2024-11-27,0.599823543549,0.040750694463,,,1.990000000000,0.410000000000,0.018846232572,0.065121994032
2024-10-30,0.181635327341,0.074549424114,-0.044788273616,2024-11-07,0.443376507838,0.108752255337,-0.050325732899,2024-11-28,0.594316355913,0.024916939118,,,1.980000000000,0.430000000000,0.013151056571,0.069686411150
2024-10-31,0.115009433083,0.071800180714,-0.015290011634,2024-11-08,0.412512335874,0.114445553009,-0.022935017451,2024-11-29,0.594436156830,0.030392659981,,,1.950000000000,0.340000000000,0.021318231067,0.061206746653
2024-11-01,0.078165991516,0.057157669835,-0.018299783730,2024-11-11,0.422086957063,0.123403665581,-0.026784228914,2024-12-02,0.609775281295,0.036710197856,,,1.950000000000,0.320000000000,0.022576401169,0.060091100210
2024-11-04,0.090080823088,0.036743188559,-0.028818923871,2024-11-12,0.450280834849,0.134694027356,-0.014326170248,2024-12-03,0.650970693455,0.038511662670,,,2.040000000000,0.440000000000,0.022576401169,0.052391799544
2024-11-05,0.079751222998,0.048633375988,-0.036994027870,2024-11-13,0.444571248218,0.169751853124,-0.018745852687,2024-12-04,0.679566289507,0.053799690156,,,2.030000000000,0.400000000000,0.010263376886,0.051102555128
2024-11-06,0.084868823425,0.040087582315,-0.024040920716,2024-11-14,0.495616816872,0.206749578549,0.012276214834,2024-12-05,0.689171368880,0.062412754235,,,1.990000000000,0.220000000000,0.015544381101,0.062765957447
2024-11-07,0.071829801646,0.034166955870,-0.036118143460,2024-11-15,0.530631141079,0.230152119591,-0.009957805907,2024-12-06,0.683610614457,0.081787623110,,,2.040000000000,0.270000000000,0.009572972027,0.032417195208
2024-11-08,0.037465943093,0.025447172178,-0.025927808846,2024-11-18,0.549338825430,0.266574991833,0.006778512117,2024-12-09,0.661627267979,0.070982923272,,,1.980000000000,0.220000000000,0.017814223102,0.027705175118
2024-11-11,-0.071303778573,0.018636519391,-0.003259005146,2024-11-19,0.435337959828,0.254197684281,0.024013722127,2024-12-10,0.510870465657,0.042477159314,,,1.950000000000,0.200000000000,0.017814223102,0.018279013623
2024-11-12,-0.121939898882,0.000436350870,0.016365202412,2024-11-20,0.366047597751,0.237391496897,0.038415159345,2024-12-11,0.431210776004,0.015181095286,,,1.950000000000,0.200000000000,0.015275208789,0.001379548198
2024-11-13,-0.135228699191,-0.003729919976,0.033193570929,2024-11-21,0.334829419253,0.212160286378,0.054856743536,2024-12-12,0.424650297122,0.003820825579,,,2.080000000000,0.330000000000,0.014792184346,-0.014955812373
2024-11-14,-0.153510817914,-0.008785423819,0.045000875503,2024-11-22,0.249965786646,0.186387340886,0.053405708282,2024-12-13,0.357833700074,0.001938695206,,,2.090000000000,0.340000000000,0.016348002534,-0.038103302286
2024-11-15,-0.164618716554,-0.014542856747,0.045407098121,2024-11-25,0.177886542552,0.162673618311,0.034272790536,2024-12-16,0.313860037110,-0.001317016048,,,2.100000000000,0.310000000000,0.016645909329,-0.044070647603
2024-11-18,-0.132455393337,-0.019535930483,0.004130098090,2024-11-26,0.082133578797,0.135457988775,0.025124763380,2024-12-17,0.280258157657,0.019474904973,,,2.100000000000,0.330000000000,0.016645909329,-0.043521594684
2024-11-19,-0.122473823094,-0.023988830302,-0.006779661017,2024-11-27,0.006675973243,0.111709354686,0.007118644068,2024-12-18,0.248363092793,0.020788346223,,,2.080000000000,0.200000000000,0.013783375866,-0.026586905949
2024-11-20,-0.101403648877,-0.026456782845,-0.014034494420,2024-11-28,-0.003845699113,0.083998372558,-0.007947243828,2024-12-19,0.272445620774,0.033176312034,,,2.050000000000,0.180000000000,0.015921206040,-0.032859973580
2024-11-21,-0.065198340383,-0.008426368767,-0.014912868633,2024-11-29,-0.054317708155,0.089424484863,-0.015247989276,2024-12-20,0.291890700877,0.069835713000,,,2.060000000000,0.130000000000,0.018381153107,-0.010341951626
2024-11-22,-0.020772514856,0.000502382044,-0.026460309536,2024-12-02,-0.084985843125,0.068830715083,-0.014977533699,2024-12-23,0.330739341667,0.080647699377,,,2.090000000000,0.180000000000,0.017382340719,0.002000666889
2024-11-25,0.035751966920,0.013979258576,0.014053127678,2024-12-03,-0.090338196868,0.049907860396,0.015938303342,2024-12-24,0.356046699924,0.105668756315,,,2.070000000000,0.110000000000,0.017382340719,-0.016785773641
2024-11-26,0.080484725034,0.014938583271,0.009385665529,2024-12-04,-0.101068373800,0.039220464506,0.012286689420,2024-12-25,0.373649162470,0.107873542104,,,1.980000000000,-0.010000000000,0.016056705974,-0.036914963744
2024-11-27,0.069786786025,0.007306691853,0.018178700051,2024-12-05,-0.098137400539,0.016164347708,0.021265649117,2024-12-26,0.375802064340,0.101948263570,,,2.020000000000,0.040000000000,0.016740148076,-0.039250814332
2024-11-28,0.050990510197,-0.017184795598,-0.002211260418,2024-12-06,-0.108614613562,-0.001023729015,0.012076883824,2024-12-27,0.365519388456,0.095878919103,,,1.990000000000,0.040000000000,0.018027663902,-0.038341799115
2024-11-29,0.033253070486,-0.030378851900,0.015555555556,2024-12-09,-0.123102384448,-0.019672377494,0.014358974359,2024-12-30,0.363031357212,0.084449878190,,,1.990000000000,0.040000000000,0.015300419385,-0.021153528342
2024-12-02,0.025181079785,-0.040361479154,0.008957241846,2024-12-10,-0.144496398962,-0.028175890333,-0.000507013689,2024-12-31,0.357383726353,0.078902319349,,,1.920000000000,-0.120000000000,0.015300419385,-0.022311022311
2024-12-03,0.012554403578,-0.035475857044,0.019103972950,2024-12-11,-0.157012136465,-0.044133773707,,,0.351530541885,0.075692017249,,,1.930000000000,-0.100000000000,0.027852013517,-0.012487512488
2024-12-04,0.008605374991,-0.024688002191,0.017011958902,2024-12-12,-0.161535988795,-0.047121322361,,,0.350003758887,0.075799388776,,,1.950000000000,-0.040000000000,0.010296613258,-0.010844177511
2024-12-05,0.011432077797,-0.022929410209,0.025571087624,2024-12-13,-0.158844275333,-0.056177217095,,,0.341295708388,0.078167317072,,,1.900000000000,-0.140000000000,0.015840727025,0.011433447099
2024-12-06,0.008323161351,-0.013529140344,0.000673287325,2024-12-16,-0.147734745625,-0.056933737051,,,0.344878668946,0.074985172264,,,1.920000000000,-0.060000000000,0.011800250035,0.000847744998
2024-12-09,0.003587790803,-0.011701125180,-0.002177554439,2024-12-17,-0.075507201192,-0.057119339604,,,0.346615359035,0.074036731261,,,1.910000000000,-0.040000000000,0.011800250035,0.005249788315
2024-12-10,0.003030804268,-0.011021162197,-0.014266755143,2024-12-18,-0.037033121454,-0.055080846720,,,0.350096468142,0.068408531523,,,1.930000000000,-0.020000000000,0.001737651838,0.026519717582
2024-12-11,0.006330159660,-0.010894997278,-0.028320635972,2024-12-19,-0.024283505389,-0.053974332927,,,0.358044911361,0.067901018910,,,1.930000000000,-0.150000000000,0.005127858187,0.037094547964
2024-12-12,0.014611017497,-0.006751824435,-0.023105053191,2024-12-20,0.008218278199,-0.054240847840,,,0.365437457080,0.066666028400,,,1.960000000000,-0.130000000000,0.003102292939,0.065492957746
2024-12-13,0.015133173301,-0.006365190258,-0.004373423045,2024-12-23,0.035650126848,-0.049107844846,,,0.366748211547,0.057992741265,,,2.000000000000,-0.100000000000,0.005982905983,0.055956361077
2024-12-16,0.013474866487,-0.003683450572,-0.004868222260,2024-12-24,0.080002352206,-0.041874521163,,,0.366785388763,0.061010906593,,,2.070000000000,-0.030000000000,0.005982905983,0.032823897187
2024-12-17,0.014833536135,0.002901391718,-0.001682935039,2024-12-25,0.113643225985,-0.029047245249,,,0.373178755721,0.068647460929,,,2.070000000000,-0.010000000000,0.007459782627,0.013997951519
2024-12-18,0.019691501631,0.018534231208,0.014999147776,2024-12-26,0.107204381937,-0.010255006109,,,0.378642259360,0.089689351651,,,2.090000000000,0.040000000000,0.010339745327,0.012805190370
2024-12-19,0.025540704411,0.024353002111,0.012421303386,2024-12-27,0.106083705123,-0.022976008766,,,0.398754866928,0.107060302411,,,2.180000000000,0.120000000000,0.007432018464,-0.008090342154
2024-12-20,0.034151897703,0.036784770656,0.002534211860,2024-12-30,0.093739259043,-0.014624529944,,,0.406650986414,0.142575007991,,,2.280000000000,0.190000000000,0.004609361440,-0.019633943428
2024-12-23,0.042057853698,0.052551188555,-0.002361673414,2024-12-31,0.086577645105,-0.005427277722,,,0.412223335077,0.166104257594,,,2.230000000000,0.160000000000,0.004609361440,0.005916159567
2024-12-24,0.039248596006,0.061410457504,,,0.071141620275,0.015410611659,,,0.405138389345,0.173096174618,,,2.270000000000,0.290000000000,0.006712366517,0.013175906913
2024-12-25,0.055519798977,0.053036704249,,,0.092438382970,0.034677735036,,,0.422056855057,0.165745032524,,,2.240000000000,0.220000000000,0.008495906988,0.006272249534
2024-12-26,0.055373044314,0.049094344641,,,0.110695972814,0.042912583353,,,0.398469362738,0.161079441899,,,2.240000000000,0.250000000000,0.007304198380,0.012097461237
2024-12-27,0.047177233246,0.041722041264,,,0.108478536278,0.058647852401,,,0.382300071766,0.165892738190,,,2.230000000000,0.240000000000,0.007194840134,0.003714333952
2024-12-30,0.041662330457,0.020322225188,,,0.104045933290,0.057465525885,,,0.369812396682,0.166091570720,,,2.280000000000,0.360000000000,0.007194840134,0.008685286104
2024-12-31,0.041933639105,0.004460099946,,,0.102220762130,0.057453514173,,,0.342235979761,0.182366574168,,,2.240000000000,0.310000000000,0.005098081387,-0.000505816894
