Date,YearOffset,ForecastPeriod,LeftTruncated,Status,SnapshotDate,Members,WeightTotal,MembersWithOneInstitution,MembersWithTwoInstitutions,WeightWithOneInstitutionPct,WeightWithTwoInstitutionsPct,AmbiguousOrMissingInstitutionKeys
2024-09-09,0,2024Q4,True,NO_SNAPSHOT,,,,,,,,
2024-09-09,1,2025Q4,True,NO_SNAPSHOT,,,,,,,,
2024-09-10,0,2024Q4,True,NO_SNAPSHOT,,,,,,,,
2024-09-10,1,2025Q4,True,NO_SNAPSHOT,,,,,,,,
2024-09-11,0,2024Q4,True,NO_SNAPSHOT,,,,,,,,
2024-09-11,1,2025Q4,True,NO_SNAPSHOT,,,,,,,,
2024-09-12,0,2024Q4,True,NO_SNAPSHOT,,,,,,,,
2024-09-12,1,2025Q4,True,NO_SNAPSHOT,,,,,,,,
2024-09-13,0,2024Q4,True,NO_SNAPSHOT,,,,,,,,
2024-09-13,1,2025Q4,True,NO_SNAPSHOT,,,,,,,,
2024-09-18,0,2024Q4,True,NO_SNAPSHOT,,,,,,,,
2024-09-18,1,2025Q4,True,NO_SNAPSHOT,,,,,,,,
2024-09-19,0,2024Q4,True,NO_SNAPSHOT,,,,,,,,
2024-09-19,1,2025Q4,True,NO_SNAPSHOT,,,,,,,,
2024-09-20,0,2024Q4,True,NO_SNAPSHOT,,,,,,,,
2024-09-20,1,2025Q4,True,NO_SNAPSHOT,,,,,,,,
2024-09-23,0,2024Q4,True,NO_SNAPSHOT,,,,,,,,
2024-09-23,1,2025Q4,True,NO_SNAPSHOT,,,,,,,,
2024-09-24,0,2024Q4,True,NO_SNAPSHOT,,,,,,,,
2024-09-24,1,2025Q4,True,NO_SNAPSHOT,,,,,,,,
2024-09-25,0,2024Q4,True,NO_SNAPSHOT,,,,,,,,
2024-09-25,1,2025Q4,True,NO_SNAPSHOT,,,,,,,,
2024-09-26,0,2024Q4,True,NO_SNAPSHOT,,,,,,,,
2024-09-26,1,2025Q4,True,NO_SNAPSHOT,,,,,,,,
2024-09-27,0,2024Q4,True,NO_SNAPSHOT,,,,,,,,
2024-09-27,1,2025Q4,True,NO_SNAPSHOT,,,,,,,,
2024-09-30,0,2024Q4,True,NO_SNAPSHOT,,,,,,,,
2024-09-30,1,2025Q4,True,NO_SNAPSHOT,,,,,,,,
2024-10-08,0,2024Q4,True,NO_SNAPSHOT,,,,,,,,
2024-10-08,1,2025Q4,True,NO_SNAPSHOT,,,,,,,,
2024-10-09,0,2024Q4,True,NO_SNAPSHOT,,,,,,,,
2024-10-09,1,2025Q4,True,NO_SNAPSHOT,,,,,,,,
2024-10-10,0,2024Q4,True,NO_SNAPSHOT,,,,,,,,
2024-10-10,1,2025Q4,True,NO_SNAPSHOT,,,,,,,,
2024-10-11,0,2024Q4,True,NO_SNAPSHOT,,,,,,,,
2024-10-11,1,2025Q4,True,NO_SNAPSHOT,,,,,,,,
2024-10-14,0,2024Q4,True,NO_SNAPSHOT,,,,,,,,
2024-10-14,1,2025Q4,True,NO_SNAPSHOT,,,,,,,,
2024-10-15,0,2024Q4,True,NO_SNAPSHOT,,,,,,,,
2024-10-15,1,2025Q4,True,NO_SNAPSHOT,,,,,,,,
2024-10-16,0,2024Q4,True,NO_SNAPSHOT,,,,,,,,
2024-10-16,1,2025Q4,True,NO_SNAPSHOT,,,,,,,,
2024-10-17,0,2024Q4,True,NO_SNAPSHOT,,,,,,,,
2024-10-17,1,2025Q4,True,NO_SNAPSHOT,,,,,,,,
2024-10-18,0,2024Q4,True,NO_SNAPSHOT,,,,,,,,
2024-10-18,1,2025Q4,True,NO_SNAPSHOT,,,,,,,,
2024-10-21,0,2024Q4,True,NO_SNAPSHOT,,,,,,,,
2024-10-21,1,2025Q4,True,NO_SNAPSHOT,,,,,,,,
2024-10-22,0,2024Q4,True,NO_SNAPSHOT,,,,,,,,
2024-10-22,1,2025Q4,True,NO_SNAPSHOT,,,,,,,,
2024-10-23,0,2024Q4,True,NO_SNAPSHOT,,,,,,,,
2024-10-23,1,2025Q4,True,NO_SNAPSHOT,,,,,,,,
2024-10-24,0,2024Q4,True,NO_SNAPSHOT,,,,,,,,
2024-10-24,1,2025Q4,True,NO_SNAPSHOT,,,,,,,,
2024-10-25,0,2024Q4,True,NO_SNAPSHOT,,,,,,,,
2024-10-25,1,2025Q4,True,NO_SNAPSHOT,,,,,,,,
2024-10-28,0,2024Q4,True,NO_SNAPSHOT,,,,,,,,
2024-10-28,1,2025Q4,True,NO_SNAPSHOT,,,,,,,,
2024-10-29,0,2024Q4,True,NO_SNAPSHOT,,,,,,,,
2024-10-29,1,2025Q4,True,NO_SNAPSHOT,,,,,,,,
2024-10-30,0,2024Q4,True,NO_SNAPSHOT,,,,,,,,
2024-10-30,1,2025Q4,True,NO_SNAPSHOT,,,,,,,,
2024-10-31,0,2024Q4,True,NO_SNAPSHOT,,,,,,,,
2024-10-31,1,2025Q4,True,NO_SNAPSHOT,,,,,,,,
2024-11-01,0,2024Q4,True,NO_SNAPSHOT,,,,,,,,
2024-11-01,1,2025Q4,True,NO_SNAPSHOT,,,,,,,,
2024-11-04,0,2024Q4,True,CONDITIONAL_ON_35_DAY_LAG,2024-09-30,80.0,99.997,41.0,31.0,85.3915617468524,79.05837175115254,3.0
2024-11-04,1,2025Q4,True,CONDITIONAL_ON_35_DAY_LAG,2024-09-30,80.0,99.997,41.0,31.0,85.3915617468524,79.05837175115254,3.0
2024-11-05,0,2024Q4,True,CONDITIONAL_ON_35_DAY_LAG,2024-09-30,80.0,99.997,42.0,32.0,86.56959708791263,80.35141054231626,3.0
2024-11-05,1,2025Q4,True,CONDITIONAL_ON_35_DAY_LAG,2024-09-30,80.0,99.997,42.0,32.0,86.56959708791263,80.35141054231626,3.0
2024-11-06,0,2024Q4,True,CONDITIONAL_ON_35_DAY_LAG,2024-09-30,80.0,99.997,42.0,32.0,86.56959708791263,80.35141054231626,3.0
2024-11-06,1,2025Q4,True,CONDITIONAL_ON_35_DAY_LAG,2024-09-30,80.0,99.997,42.0,32.0,86.56959708791263,80.35141054231626,3.0
2024-11-07,0,2024Q4,True,CONDITIONAL_ON_35_DAY_LAG,2024-09-30,80.0,99.997,43.0,33.0,86.86060581817453,80.91642749282477,4.0
2024-11-07,1,2025Q4,True,CONDITIONAL_ON_35_DAY_LAG,2024-09-30,80.0,99.997,43.0,33.0,86.86060581817453,80.91642749282477,4.0
2024-11-08,0,2024Q4,True,CONDITIONAL_ON_35_DAY_LAG,2024-09-30,80.0,99.997,43.0,33.0,86.86060581817453,80.91642749282477,4.0
2024-11-08,1,2025Q4,True,CONDITIONAL_ON_35_DAY_LAG,2024-09-30,80.0,99.997,43.0,33.0,86.86060581817453,80.91642749282477,4.0
2024-11-11,0,2024Q4,True,CONDITIONAL_ON_35_DAY_LAG,2024-09-30,80.0,99.997,43.0,33.0,86.86060581817453,80.91642749282477,4.0
2024-11-11,1,2025Q4,True,CONDITIONAL_ON_35_DAY_LAG,2024-09-30,80.0,99.997,43.0,33.0,86.86060581817453,80.91642749282477,4.0
2024-11-12,0,2024Q4,True,CONDITIONAL_ON_35_DAY_LAG,2024-09-30,80.0,99.997,43.0,33.0,86.86060581817453,80.91642749282477,4.0
2024-11-12,1,2025Q4,True,CONDITIONAL_ON_35_DAY_LAG,2024-09-30,80.0,99.997,43.0,33.0,86.86060581817453,80.91642749282477,4.0
2024-11-13,0,2024Q4,True,CONDITIONAL_ON_35_DAY_LAG,2024-09-30,80.0,99.997,43.0,33.0,86.86060581817453,80.91642749282477,4.0
2024-11-13,1,2025Q4,True,CONDITIONAL_ON_35_DAY_LAG,2024-09-30,80.0,99.997,43.0,33.0,86.86060581817453,80.91642749282477,4.0
2024-11-14,0,2024Q4,True,CONDITIONAL_ON_35_DAY_LAG,2024-09-30,80.0,99.997,43.0,33.0,86.86060581817453,80.91642749282477,4.0
2024-11-14,1,2025Q4,True,CONDITIONAL_ON_35_DAY_LAG,2024-09-30,80.0,99.997,43.0,33.0,86.86060581817453,80.91642749282477,4.0
2024-11-15,0,2024Q4,True,CONDITIONAL_ON_35_DAY_LAG,2024-09-30,80.0,99.997,43.0,33.0,86.86060581817453,80.91642749282477,5.0
2024-11-15,1,2025Q4,True,CONDITIONAL_ON_35_DAY_LAG,2024-09-30,80.0,99.997,43.0,33.0,86.86060581817453,80.91642749282477,5.0
2024-11-18,0,2024Q4,True,CONDITIONAL_ON_35_DAY_LAG,2024-09-30,80.0,99.997,43.0,33.0,86.86060581817453,80.91642749282477,5.0
2024-11-18,1,2025Q4,True,CONDITIONAL_ON_35_DAY_LAG,2024-09-30,80.0,99.997,43.0,33.0,86.86060581817453,80.91642749282477,5.0
2024-11-19,0,2024Q4,True,CONDITIONAL_ON_35_DAY_LAG,2024-09-30,80.0,99.997,43.0,33.0,86.86060581817453,80.91642749282477,5.0
2024-11-19,1,2025Q4,True,CONDITIONAL_ON_35_DAY_LAG,2024-09-30,80.0,99.997,43.0,33.0,86.86060581817453,80.91642749282477,5.0
2024-11-20,0,2024Q4,True,CONDITIONAL_ON_35_DAY_LAG,2024-09-30,80.0,99.997,43.0,33.0,86.86060581817453,80.91642749282477,5.0
2024-11-20,1,2025Q4,True,CONDITIONAL_ON_35_DAY_LAG,2024-09-30,80.0,99.997,43.0,33.0,86.86060581817453,80.91642749282477,5.0
2024-11-21,0,2024Q4,True,CONDITIONAL_ON_35_DAY_LAG,2024-09-30,80.0,99.997,43.0,33.0,86.86060581817453,80.91642749282477,5.0
2024-11-21,1,2025Q4,True,CONDITIONAL_ON_35_DAY_LAG,2024-09-30,80.0,99.997,43.0,33.0,86.86060581817453,80.91642749282477,5.0
2024-11-22,0,2024Q4,True,CONDITIONAL_ON_35_DAY_LAG,2024-09-30,80.0,99.997,43.0,33.0,86.86060581817453,80.91642749282477,5.0
2024-11-22,1,2025Q4,True,CONDITIONAL_ON_35_DAY_LAG,2024-09-30,80.0,99.997,43.0,33.0,86.86060581817453,80.91642749282477,5.0
2024-11-25,0,2024Q4,True,CONDITIONAL_ON_35_DAY_LAG,2024-09-30,80.0,99.997,43.0,33.0,86.86060581817453,80.91642749282477,5.0
2024-11-25,1,2025Q4,True,CONDITIONAL_ON_35_DAY_LAG,2024-09-30,80.0,99.997,43.0,33.0,86.86060581817453,80.91642749282477,5.0
2024-11-26,0,2024Q4,True,CONDITIONAL_ON_35_DAY_LAG,2024-09-30,80.0,99.997,43.0,33.0,86.86060581817453,80.91642749282477,5.0
2024-11-26,1,2025Q4,True,CONDITIONAL_ON_35_DAY_LAG,2024-09-30,80.0,99.997,43.0,33.0,86.86060581817453,80.91642749282477,5.0
2024-11-27,0,2024Q4,True,CONDITIONAL_ON_35_DAY_LAG,2024-09-30,80.0,99.997,43.0,33.0,86.86060581817453,80.91642749282477,5.0
2024-11-27,1,2025Q4,True,CONDITIONAL_ON_35_DAY_LAG,2024-09-30,80.0,99.997,43.0,33.0,86.86060581817453,80.91642749282477,5.0
2024-11-28,0,2024Q4,True,CONDITIONAL_ON_35_DAY_LAG,2024-09-30,80.0,99.997,43.0,33.0,86.86060581817453,80.91642749282477,5.0
2024-11-28,1,2025Q4,True,CONDITIONAL_ON_35_DAY_LAG,2024-09-30,80.0,99.997,43.0,33.0,86.86060581817453,80.91642749282477,5.0
2024-11-29,0,2024Q4,True,CONDITIONAL_ON_35_DAY_LAG,2024-09-30,80.0,99.997,43.0,33.0,86.86060581817453,80.91642749282477,5.0
2024-11-29,1,2025Q4,True,CONDITIONAL_ON_35_DAY_LAG,2024-09-30,80.0,99.997,43.0,33.0,86.86060581817453,80.91642749282477,5.0
2024-12-02,0,2024Q4,True,CONDITIONAL_ON_35_DAY_LAG,2024-09-30,80.0,99.997,43.0,33.0,86.86060581817453,80.91642749282477,5.0
2024-12-02,1,2025Q4,True,CONDITIONAL_ON_35_DAY_LAG,2024-09-30,80.0,99.997,43.0,33.0,86.86060581817453,80.91642749282477,5.0
2024-12-03,0,2024Q4,True,CONDITIONAL_ON_35_DAY_LAG,2024-09-30,80.0,99.997,43.0,34.0,86.86060581817453,82.09446283388499,5.0
2024-12-03,1,2025Q4,True,CONDITIONAL_ON_35_DAY_LAG,2024-09-30,80.0,99.997,43.0,34.0,86.86060581817453,82.09446283388499,5.0
2024-12-04,0,2024Q4,True,CONDITIONAL_ON_35_DAY_LAG,2024-09-30,80.0,99.997,43.0,34.0,86.86060581817453,82.09446283388499,5.0
2024-12-04,1,2025Q4,True,CONDITIONAL_ON_35_DAY_LAG,2024-09-30,80.0,99.997,43.0,34.0,86.86060581817453,82.09446283388499,5.0
2024-12-05,0,2024Q4,True,CONDITIONAL_ON_35_DAY_LAG,2024-10-31,80.0,100.00300000000001,43.0,34.0,85.44643660690177,80.56658300250992,5.0
2024-12-05,1,2025Q4,True,CONDITIONAL_ON_35_DAY_LAG,2024-10-31,80.0,100.00300000000001,43.0,34.0,85.44643660690177,80.56658300250992,5.0
2024-12-06,0,2024Q4,True,CONDITIONAL_ON_35_DAY_LAG,2024-10-31,80.0,100.00300000000001,44.0,34.0,85.8854234372969,80.56658300250992,5.0
2024-12-06,1,2025Q4,True,CONDITIONAL_ON_35_DAY_LAG,2024-10-31,80.0,100.00300000000001,44.0,34.0,85.8854234372969,80.56658300250992,5.0
2024-12-09,0,2024Q4,True,CONDITIONAL_ON_35_DAY_LAG,2024-10-31,80.0,100.00300000000001,45.0,34.0,86.20441386758395,80.56658300250992,5.0
2024-12-09,1,2025Q4,True,CONDITIONAL_ON_35_DAY_LAG,2024-10-31,80.0,100.00300000000001,45.0,34.0,86.20441386758395,80.56658300250992,5.0
2024-12-10,0,2024Q4,True,CONDITIONAL_ON_35_DAY_LAG,2024-10-31,80.0,100.00300000000001,45.0,34.0,86.20441386758395,80.56658300250992,5.0
2024-12-10,1,2025Q4,True,CONDITIONAL_ON_35_DAY_LAG,2024-10-31,80.0,100.00300000000001,45.0,34.0,86.20441386758395,80.56658300250992,5.0
2024-12-11,0,2024Q4,True,CONDITIONAL_ON_35_DAY_LAG,2024-10-31,80.0,100.00300000000001,45.0,34.0,86.20441386758395,80.56658300250992,5.0
2024-12-11,1,2025Q4,True,CONDITIONAL_ON_35_DAY_LAG,2024-10-31,80.0,100.00300000000001,45.0,34.0,86.20441386758395,80.56658300250992,5.0
2024-12-12,0,2024Q4,True,CONDITIONAL_ON_35_DAY_LAG,2024-10-31,80.0,100.00300000000001,45.0,34.0,86.20441386758395,80.56658300250992,5.0
2024-12-12,1,2025Q4,True,CONDITIONAL_ON_35_DAY_LAG,2024-10-31,80.0,100.00300000000001,45.0,34.0,86.20441386758395,80.56658300250992,5.0
2024-12-13,0,2024Q4,True,CONDITIONAL_ON_35_DAY_LAG,2024-10-31,80.0,100.00300000000001,45.0,34.0,86.20441386758395,80.56658300250992,5.0
2024-12-13,1,2025Q4,True,CONDITIONAL_ON_35_DAY_LAG,2024-10-31,80.0,100.00300000000001,45.0,34.0,86.20441386758395,80.56658300250992,5.0
2024-12-16,0,2024Q4,True,CONDITIONAL_ON_35_DAY_LAG,2024-10-31,80.0,100.00300000000001,45.0,34.0,86.20441386758395,80.56658300250992,5.0
2024-12-16,1,2025Q4,True,CONDITIONAL_ON_35_DAY_LAG,2024-10-31,80.0,100.00300000000001,45.0,34.0,86.20441386758395,80.56658300250992,5.0
2024-12-17,0,2024Q4,True,CONDITIONAL_ON_35_DAY_LAG,2024-10-31,80.0,100.00300000000001,45.0,34.0,86.20441386758395,80.56658300250992,5.0
2024-12-17,1,2025Q4,True,CONDITIONAL_ON_35_DAY_LAG,2024-10-31,80.0,100.00300000000001,45.0,34.0,86.20441386758395,80.56658300250992,5.0
2024-12-18,0,2024Q4,True,CONDITIONAL_ON_35_DAY_LAG,2024-10-31,80.0,100.00300000000001,45.0,34.0,86.20441386758395,80.56658300250992,5.0
2024-12-18,1,2025Q4,True,CONDITIONAL_ON_35_DAY_LAG,2024-10-31,80.0,100.00300000000001,45.0,34.0,86.20441386758395,80.56658300250992,5.0
2024-12-19,0,2024Q4,True,CONDITIONAL_ON_35_DAY_LAG,2024-10-31,80.0,100.00300000000001,45.0,34.0,86.20441386758395,80.56658300250992,5.0
2024-12-19,1,2025Q4,True,CONDITIONAL_ON_35_DAY_LAG,2024-10-31,80.0,100.00300000000001,45.0,34.0,86.20441386758395,80.56658300250992,5.0
2024-12-20,0,2024Q4,True,CONDITIONAL_ON_35_DAY_LAG,2024-10-31,80.0,100.00300000000001,45.0,34.0,86.20441386758395,80.56658300250992,5.0
2024-12-20,1,2025Q4,True,CONDITIONAL_ON_35_DAY_LAG,2024-10-31,80.0,100.00300000000001,45.0,34.0,86.20441386758395,80.56658300250992,5.0
2024-12-23,0,2024Q4,True,CONDITIONAL_ON_35_DAY_LAG,2024-10-31,80.0,100.00300000000001,45.0,35.0,86.20441386758395,80.84157475275742,5.0
2024-12-23,1,2025Q4,True,CONDITIONAL_ON_35_DAY_LAG,2024-10-31,80.0,100.00300000000001,45.0,35.0,86.20441386758395,80.84157475275742,5.0
2024-12-24,0,2024Q4,True,CONDITIONAL_ON_35_DAY_LAG,2024-10-31,80.0,100.00300000000001,45.0,35.0,86.20441386758395,80.84157475275742,5.0
2024-12-24,1,2025Q4,True,CONDITIONAL_ON_35_DAY_LAG,2024-10-31,80.0,100.00300000000001,45.0,35.0,86.20441386758395,80.84157475275742,5.0
2024-12-25,0,2024Q4,True,CONDITIONAL_ON_35_DAY_LAG,2024-10-31,80.0,100.00300000000001,45.0,35.0,86.20441386758395,80.84157475275742,5.0
2024-12-25,1,2025Q4,True,CONDITIONAL_ON_35_DAY_LAG,2024-10-31,80.0,100.00300000000001,45.0,35.0,86.20441386758395,80.84157475275742,5.0
2024-12-26,0,2024Q4,True,CONDITIONAL_ON_35_DAY_LAG,2024-10-31,80.0,100.00300000000001,45.0,35.0,86.20441386758395,80.84157475275742,5.0
2024-12-26,1,2025Q4,True,CONDITIONAL_ON_35_DAY_LAG,2024-10-31,80.0,100.00300000000001,45.0,35.0,86.20441386758395,80.84157475275742,5.0
2024-12-27,0,2024Q4,True,CONDITIONAL_ON_35_DAY_LAG,2024-10-31,80.0,100.00300000000001,45.0,35.0,86.20441386758395,80.84157475275742,5.0
2024-12-27,1,2025Q4,True,CONDITIONAL_ON_35_DAY_LAG,2024-10-31,80.0,100.00300000000001,45.0,35.0,86.20441386758395,80.84157475275742,5.0
2024-12-30,0,2024Q4,True,CONDITIONAL_ON_35_DAY_LAG,2024-10-31,80.0,100.00300000000001,46.0,35.0,86.74739757807265,80.84157475275742,5.0
2024-12-30,1,2025Q4,True,CONDITIONAL_ON_35_DAY_LAG,2024-10-31,80.0,100.00300000000001,46.0,35.0,86.74739757807265,80.84157475275742,5.0
2024-12-31,0,2024Q4,True,CONDITIONAL_ON_35_DAY_LAG,2024-10-31,80.0,100.00300000000001,46.0,35.0,86.74739757807265,80.84157475275742,5.0
2024-12-31,1,2025Q4,True,CONDITIONAL_ON_35_DAY_LAG,2024-10-31,80.0,100.00300000000001,46.0,35.0,86.74739757807265,80.84157475275742,5.0
2025-01-02,0,2025Q4,True,CONDITIONAL_ON_35_DAY_LAG,2024-10-31,80.0,100.00300000000001,46.0,36.0,86.74739757807265,81.3845584632461,5.0
2025-01-02,1,2026Q4,True,CONDITIONAL_ON_35_DAY_LAG,2024-10-31,80.0,100.00300000000001,45.0,34.0,85.96942091737247,79.78060658180254,6.0
2025-01-03,0,2025Q4,True,CONDITIONAL_ON_35_DAY_LAG,2024-11-29,80.0,100.0,46.0,36.0,86.94900000000001,81.49900000000001,5.0
2025-01-03,1,2026Q4,True,CONDITIONAL_ON_35_DAY_LAG,2024-11-29,80.0,100.0,45.0,34.0,86.122,79.87100000000001,6.0
2025-01-06,0,2025Q4,True,CONDITIONAL_ON_35_DAY_LAG,2024-11-29,80.0,100.0,46.0,36.0,86.94900000000001,81.49900000000001,5.0
2025-01-06,1,2026Q4,True,CONDITIONAL_ON_35_DAY_LAG,2024-11-29,80.0,100.0,45.0,34.0,86.122,79.87100000000001,6.0
2025-01-07,0,2025Q4,True,CONDITIONAL_ON_35_DAY_LAG,2024-11-29,80.0,100.0,47.0,36.0,87.24100000000001,81.49900000000001,5.0
2025-01-07,1,2026Q4,True,CONDITIONAL_ON_35_DAY_LAG,2024-11-29,80.0,100.0,46.0,34.0,86.41400000000002,79.87100000000001,6.0
2025-01-08,0,2025Q4,True,CONDITIONAL_ON_35_DAY_LAG,2024-11-29,80.0,100.0,47.0,36.0,87.24100000000001,81.49900000000001,5.0
2025-01-08,1,2026Q4,True,CONDITIONAL_ON_35_DAY_LAG,2024-11-29,80.0,100.0,46.0,34.0,86.41400000000002,79.87100000000001,6.0
2025-01-09,0,2025Q4,True,CONDITIONAL_ON_35_DAY_LAG,2024-11-29,80.0,100.0,47.0,36.0,87.24100000000001,81.49900000000001,5.0
2025-01-09,1,2026Q4,True,CONDITIONAL_ON_35_DAY_LAG,2024-11-29,80.0,100.0,46.0,34.0,86.41400000000002,79.87100000000001,6.0
2025-01-10,0,2025Q4,True,CONDITIONAL_ON_35_DAY_LAG,2024-11-29,80.0,100.0,47.0,36.0,87.24100000000001,81.49900000000001,5.0
2025-01-10,1,2026Q4,True,CONDITIONAL_ON_35_DAY_LAG,2024-11-29,80.0,100.0,46.0,34.0,86.41400000000002,79.87100000000001,6.0
2025-01-13,0,2025Q4,True,CONDITIONAL_ON_35_DAY_LAG,2024-11-29,80.0,100.0,47.0,36.0,87.24100000000001,81.49900000000001,5.0
2025-01-13,1,2026Q4,True,CONDITIONAL_ON_35_DAY_LAG,2024-11-29,80.0,100.0,46.0,34.0,86.41400000000002,79.87100000000001,6.0
2025-01-14,0,2025Q4,True,CONDITIONAL_ON_35_DAY_LAG,2024-11-29,80.0,100.0,47.0,36.0,87.24100000000001,81.49900000000001,5.0
2025-01-14,1,2026Q4,True,CONDITIONAL_ON_35_DAY_LAG,2024-11-29,80.0,100.0,46.0,34.0,86.41400000000002,79.87100000000001,6.0
2025-01-15,0,2025Q4,True,CONDITIONAL_ON_35_DAY_LAG,2024-11-29,80.0,100.0,47.0,36.0,87.24100000000001,81.49900000000001,5.0
2025-01-15,1,2026Q4,True,CONDITIONAL_ON_35_DAY_LAG,2024-11-29,80.0,100.0,46.0,34.0,86.41400000000002,79.87100000000001,6.0
2025-01-16,0,2025Q4,True,CONDITIONAL_ON_35_DAY_LAG,2024-11-29,80.0,100.0,47.0,36.0,87.24100000000001,81.49900000000001,5.0
2025-01-16,1,2026Q4,True,CONDITIONAL_ON_35_DAY_LAG,2024-11-29,80.0,100.0,46.0,34.0,86.41400000000002,79.87100000000001,6.0
2025-01-17,0,2025Q4,True,CONDITIONAL_ON_35_DAY_LAG,2024-11-29,80.0,100.0,47.0,36.0,87.24100000000001,81.49900000000001,5.0
2025-01-17,1,2026Q4,True,CONDITIONAL_ON_35_DAY_LAG,2024-11-29,80.0,100.0,46.0,34.0,86.41400000000002,79.87100000000001,6.0
2025-01-20,0,2025Q4,True,CONDITIONAL_ON_35_DAY_LAG,2024-11-29,80.0,100.0,47.0,36.0,87.24100000000001,81.49900000000001,5.0
2025-01-20,1,2026Q4,True,CONDITIONAL_ON_35_DAY_LAG,2024-11-29,80.0,100.0,46.0,34.0,86.41400000000002,79.87100000000001,6.0
2025-01-21,0,2025Q4,True,CONDITIONAL_ON_35_DAY_LAG,2024-11-29,80.0,100.0,47.0,36.0,87.24100000000001,81.49900000000001,5.0
2025-01-21,1,2026Q4,True,CONDITIONAL_ON_35_DAY_LAG,2024-11-29,80.0,100.0,46.0,34.0,86.41400000000002,79.87100000000001,6.0
2025-01-22,0,2025Q4,True,CONDITIONAL_ON_35_DAY_LAG,2024-11-29,80.0,100.0,47.0,36.0,87.24100000000001,81.49900000000001,5.0
2025-01-22,1,2026Q4,True,CONDITIONAL_ON_35_DAY_LAG,2024-11-29,80.0,100.0,46.0,34.0,86.41400000000002,79.87100000000001,6.0
2025-01-23,0,2025Q4,True,CONDITIONAL_ON_35_DAY_LAG,2024-11-29,80.0,100.0,47.0,36.0,87.24100000000001,81.49900000000001,5.0
2025-01-23,1,2026Q4,True,CONDITIONAL_ON_35_DAY_LAG,2024-11-29,80.0,100.0,46.0,34.0,86.41400000000002,79.87100000000001,6.0
2025-01-24,0,2025Q4,True,CONDITIONAL_ON_35_DAY_LAG,2024-11-29,80.0,100.0,47.0,36.0,87.24100000000001,81.49900000000001,5.0
2025-01-24,1,2026Q4,True,CONDITIONAL_ON_35_DAY_LAG,2024-11-29,80.0,100.0,46.0,34.0,86.41400000000002,79.87100000000001,6.0
2025-01-27,0,2025Q4,True,CONDITIONAL_ON_35_DAY_LAG,2024-11-29,80.0,100.0,47.0,36.0,87.24100000000001,81.49900000000001,5.0
2025-01-27,1,2026Q4,True,CONDITIONAL_ON_35_DAY_LAG,2024-11-29,80.0,100.0,46.0,34.0,86.41400000000002,79.87100000000001,6.0
2025-02-05,0,2025Q4,True,CONDITIONAL_ON_35_DAY_LAG,2024-12-31,80.0,100.001,48.0,37.0,87.48112518874811,81.68018319816802,5.0
2025-02-05,1,2026Q4,True,CONDITIONAL_ON_35_DAY_LAG,2024-12-31,80.0,100.001,47.0,35.0,86.50813491865081,80.16219837801623,6.0
2025-02-06,0,2025Q4,True,CONDITIONAL_ON_35_DAY_LAG,2024-12-31,80.0,100.001,48.0,37.0,87.48112518874811,81.68018319816802,5.0
2025-02-06,1,2026Q4,True,CONDITIONAL_ON_35_DAY_LAG,2024-12-31,80.0,100.001,47.0,35.0,86.50813491865081,80.16219837801623,6.0
2025-02-07,0,2025Q4,True,CONDITIONAL_ON_35_DAY_LAG,2024-12-31,80.0,100.001,48.0,37.0,87.48112518874811,81.68018319816802,5.0
2025-02-07,1,2026Q4,True,CONDITIONAL_ON_35_DAY_LAG,2024-12-31,80.0,100.001,47.0,35.0,86.50813491865081,80.16219837801623,6.0
2025-02-10,0,2025Q4,True,CONDITIONAL_ON_35_DAY_LAG,2024-12-31,80.0,100.001,48.0,37.0,87.48112518874811,81.68018319816802,5.0
2025-02-10,1,2026Q4,True,CONDITIONAL_ON_35_DAY_LAG,2024-12-31,80.0,100.001,47.0,35.0,86.50813491865081,80.16219837801623,6.0
2025-02-11,0,2025Q4,True,CONDITIONAL_ON_35_DAY_LAG,2024-12-31,80.0,100.001,48.0,37.0,87.48112518874811,81.68018319816802,5.0
2025-02-11,1,2026Q4,True,CONDITIONAL_ON_35_DAY_LAG,2024-12-31,80.0,100.001,47.0,35.0,86.50813491865081,80.16219837801623,6.0
2025-02-12,0,2025Q4,True,CONDITIONAL_ON_35_DAY_LAG,2024-12-31,80.0,100.001,48.0,37.0,87.48112518874811,81.68018319816802,5.0
2025-02-12,1,2026Q4,True,CONDITIONAL_ON_35_DAY_LAG,2024-12-31,80.0,100.001,47.0,35.0,86.50813491865081,80.16219837801623,6.0
2025-02-13,0,2025Q4,True,CONDITIONAL_ON_35_DAY_LAG,2024-12-31,80.0,100.001,48.0,37.0,87.48112518874811,81.68018319816802,5.0
2025-02-13,1,2026Q4,True,CONDITIONAL_ON_35_DAY_LAG,2024-12-31,80.0,100.001,47.0,35.0,86.50813491865081,80.16219837801623,6.0
2025-02-14,0,2025Q4,True,CONDITIONAL_ON_35_DAY_LAG,2024-12-31,80.0,100.001,48.0,37.0,87.48112518874811,81.68018319816802,5.0
2025-02-14,1,2026Q4,True,CONDITIONAL_ON_35_DAY_LAG,2024-12-31,80.0,100.001,47.0,35.0,86.50813491865081,80.16219837801623,6.0
2025-02-17,0,2025Q4,True,CONDITIONAL_ON_35_DAY_LAG,2024-12-31,80.0,100.001,48.0,37.0,87.48112518874811,81.68018319816802,5.0
2025-02-17,1,2026Q4,True,CONDITIONAL_ON_35_DAY_LAG,2024-12-31,80.0,100.001,47.0,35.0,86.50813491865081,80.16219837801623,6.0
2025-02-18,0,2025Q4,True,CONDITIONAL_ON_35_DAY_LAG,2024-12-31,80.0,100.001,48.0,37.0,87.48112518874811,81.68018319816802,5.0
2025-02-18,1,2026Q4,True,CONDITIONAL_ON_35_DAY_LAG,2024-12-31,80.0,100.001,47.0,35.0,86.50813491865081,80.16219837801623,6.0
2025-02-19,0,2025Q4,True,CONDITIONAL_ON_35_DAY_LAG,2024-12-31,80.0,100.001,48.0,37.0,87.48112518874811,81.68018319816802,5.0
2025-02-19,1,2026Q4,True,CONDITIONAL_ON_35_DAY_LAG,2024-12-31,80.0,100.001,47.0,35.0,86.50813491865081,80.16219837801623,6.0
2025-02-20,0,2025Q4,True,CONDITIONAL_ON_35_DAY_LAG,2024-12-31,80.0,100.001,48.0,37.0,87.48112518874811,81.68018319816802,5.0
2025-02-20,1,2026Q4,True,CONDITIONAL_ON_35_DAY_LAG,2024-12-31,80.0,100.001,47.0,35.0,86.50813491865081,80.16219837801623,6.0
2025-02-21,0,2025Q4,True,CONDITIONAL_ON_35_DAY_LAG,2024-12-31,80.0,100.001,48.0,37.0,87.48112518874811,81.68018319816802,5.0
2025-02-21,1,2026Q4,True,CONDITIONAL_ON_35_DAY_LAG,2024-12-31,80.0,100.001,47.0,35.0,86.50813491865081,80.16219837801623,6.0
2025-02-24,0,2025Q4,True,CONDITIONAL_ON_35_DAY_LAG,2024-12-31,80.0,100.001,48.0,37.0,87.48112518874811,81.68018319816802,5.0
2025-02-24,1,2026Q4,True,CONDITIONAL_ON_35_DAY_LAG,2024-12-31,80.0,100.001,47.0,35.0,86.50813491865081,80.16219837801623,6.0
2025-02-25,0,2025Q4,True,CONDITIONAL_ON_35_DAY_LAG,2024-12-31,80.0,100.001,48.0,37.0,87.48112518874811,81.68018319816802,5.0
2025-02-25,1,2026Q4,True,CONDITIONAL_ON_35_DAY_LAG,2024-12-31,80.0,100.001,47.0,35.0,86.50813491865081,80.16219837801623,6.0
2025-02-26,0,2025Q4,True,CONDITIONAL_ON_35_DAY_LAG,2024-12-31,80.0,100.001,48.0,37.0,87.48112518874811,81.68018319816802,5.0
2025-02-26,1,2026Q4,True,CONDITIONAL_ON_35_DAY_LAG,2024-12-31,80.0,100.001,47.0,35.0,86.50813491865081,80.16219837801623,6.0
2025-02-27,0,2025Q4,True,CONDITIONAL_ON_35_DAY_LAG,2024-12-31,80.0,100.001,48.0,37.0,87.48112518874811,81.68018319816802,5.0
2025-02-27,1,2026Q4,True,CONDITIONAL_ON_35_DAY_LAG,2024-12-31,80.0,100.001,47.0,35.0,86.50813491865081,80.16219837801623,6.0
2025-02-28,0,2025Q4,True,CONDITIONAL_ON_35_DAY_LAG,2024-12-31,80.0,100.001,49.0,37.0,87.84712152878471,81.68018319816802,5.0
2025-02-28,1,2026Q4,True,CONDITIONAL_ON_35_DAY_LAG,2024-12-31,80.0,100.001,48.0,35.0,86.8741312586874,80.16219837801623,6.0
2025-03-03,0,2025Q4,True,CONDITIONAL_ON_35_DAY_LAG,2025-01-27,80.0,99.998,49.0,37.0,87.98375967519351,81.85763715274308,5.0
2025-03-03,1,2026Q4,True,CONDITIONAL_ON_35_DAY_LAG,2025-01-27,80.0,99.998,48.0,35.0,86.98673973479471,80.31160623212466,6.0
2025-03-04,0,2025Q4,True,CONDITIONAL_ON_35_DAY_LAG,2025-01-27,80.0,99.998,49.0,37.0,87.98375967519351,81.85763715274308,5.0
2025-03-04,1,2026Q4,True,CONDITIONAL_ON_35_DAY_LAG,2025-01-27,80.0,99.998,48.0,35.0,86.98673973479471,80.31160623212466,6.0
2025-03-05,0,2025Q4,True,CONDITIONAL_ON_35_DAY_LAG,2025-01-27,80.0,99.998,49.0,37.0,87.98375967519351,81.85763715274308,5.0
2025-03-05,1,2026Q4,True,CONDITIONAL_ON_35_DAY_LAG,2025-01-27,80.0,99.998,48.0,35.0,86.98673973479471,80.31160623212466,6.0
2025-03-06,0,2025Q4,True,CONDITIONAL_ON_35_DAY_LAG,2025-01-27,80.0,99.998,49.0,37.0,87.98375967519351,81.85763715274308,5.0
2025-03-06,1,2026Q4,True,CONDITIONAL_ON_35_DAY_LAG,2025-01-27,80.0,99.998,48.0,35.0,86.98673973479471,80.31160623212466,6.0
2025-03-07,0,2025Q4,True,CONDITIONAL_ON_35_DAY_LAG,2025-01-27,80.0,99.998,49.0,37.0,87.98375967519351,81.85763715274308,5.0
2025-03-07,1,2026Q4,True,CONDITIONAL_ON_35_DAY_LAG,2025-01-27,80.0,99.998,48.0,35.0,86.98673973479471,80.31160623212466,6.0
2025-03-10,0,2025Q4,False,CONDITIONAL_ON_35_DAY_LAG,2025-01-27,80.0,99.998,48.0,37.0,87.10374207484149,81.85763715274308,5.0
2025-03-10,1,2026Q4,False,CONDITIONAL_ON_35_DAY_LAG,2025-01-27,80.0,99.998,46.0,34.0,77.28954579091584,71.49442988859778,6.0
2025-03-11,0,2025Q4,False,CONDITIONAL_ON_35_DAY_LAG,2025-01-27,80.0,99.998,48.0,37.0,87.10374207484149,81.85763715274308,5.0
2025-03-11,1,2026Q4,False,CONDITIONAL_ON_35_DAY_LAG,2025-01-27,80.0,99.998,46.0,34.0,77.28954579091584,71.49442988859778,6.0
2025-03-12,0,2025Q4,False,CONDITIONAL_ON_35_DAY_LAG,2025-01-27,80.0,99.998,48.0,37.0,87.10374207484149,81.85763715274308,5.0
2025-03-12,1,2026Q4,False,CONDITIONAL_ON_35_DAY_LAG,2025-01-27,80.0,99.998,46.0,34.0,77.28954579091584,71.49442988859778,6.0
2025-03-13,0,2025Q4,False,CONDITIONAL_ON_35_DAY_LAG,2025-01-27,80.0,99.998,48.0,37.0,87.10374207484149,81.85763715274308,4.0
2025-03-13,1,2026Q4,False,CONDITIONAL_ON_35_DAY_LAG,2025-01-27,80.0,99.998,46.0,34.0,77.28954579091584,71.49442988859778,5.0
2025-03-14,0,2025Q4,False,CONDITIONAL_ON_35_DAY_LAG,2025-01-27,80.0,99.998,48.0,37.0,87.10374207484149,81.85763715274308,4.0
2025-03-14,1,2026Q4,False,CONDITIONAL_ON_35_DAY_LAG,2025-01-27,80.0,99.998,46.0,34.0,77.28954579091584,71.49442988859778,5.0
2025-03-17,0,2025Q4,False,CONDITIONAL_ON_35_DAY_LAG,2025-01-27,80.0,99.998,48.0,37.0,87.10374207484149,81.85763715274308,4.0
2025-03-17,1,2026Q4,False,CONDITIONAL_ON_35_DAY_LAG,2025-01-27,80.0,99.998,46.0,34.0,77.28954579091584,71.49442988859778,5.0
2025-03-18,0,2025Q4,False,CONDITIONAL_ON_35_DAY_LAG,2025-01-27,80.0,99.998,48.0,37.0,87.10374207484149,81.85763715274308,4.0
2025-03-18,1,2026Q4,False,CONDITIONAL_ON_35_DAY_LAG,2025-01-27,80.0,99.998,46.0,34.0,77.28954579091584,71.49442988859778,5.0
2025-03-19,0,2025Q4,False,CONDITIONAL_ON_35_DAY_LAG,2025-01-27,80.0,99.998,48.0,37.0,87.10374207484149,81.85763715274308,4.0
2025-03-19,1,2026Q4,False,CONDITIONAL_ON_35_DAY_LAG,2025-01-27,80.0,99.998,46.0,34.0,77.28954579091584,71.49442988859778,5.0
2025-03-20,0,2025Q4,False,CONDITIONAL_ON_35_DAY_LAG,2025-01-27,80.0,99.998,47.0,36.0,86.6457329146583,81.09962199243988,4.0
2025-03-20,1,2026Q4,False,CONDITIONAL_ON_35_DAY_LAG,2025-01-27,80.0,99.998,45.0,33.0,76.83153663073263,70.73641472829458,5.0
2025-03-21,0,2025Q4,False,CONDITIONAL_ON_35_DAY_LAG,2025-01-27,80.0,99.998,47.0,36.0,86.6457329146583,81.09962199243988,4.0
2025-03-21,1,2026Q4,False,CONDITIONAL_ON_35_DAY_LAG,2025-01-27,80.0,99.998,45.0,33.0,76.83153663073263,70.73641472829458,5.0
2025-03-24,0,2025Q4,False,CONDITIONAL_ON_35_DAY_LAG,2025-01-27,80.0,99.998,48.0,36.0,86.9837396747935,81.09962199243988,4.0
2025-03-24,1,2026Q4,False,CONDITIONAL_ON_35_DAY_LAG,2025-01-27,80.0,99.998,46.0,33.0,77.16954339086783,70.73641472829458,5.0
2025-03-25,0,2025Q4,False,CONDITIONAL_ON_35_DAY_LAG,2025-01-27,80.0,99.998,48.0,36.0,86.9837396747935,81.09962199243988,4.0
2025-03-25,1,2026Q4,False,CONDITIONAL_ON_35_DAY_LAG,2025-01-27,80.0,99.998,46.0,33.0,77.16954339086783,70.73641472829458,5.0
2025-03-26,0,2025Q4,False,CONDITIONAL_ON_35_DAY_LAG,2025-01-27,80.0,99.998,48.0,37.0,86.9837396747935,81.38962779255586,4.0
2025-03-26,1,2026Q4,False,CONDITIONAL_ON_35_DAY_LAG,2025-01-27,80.0,99.998,46.0,34.0,77.16954339086783,71.02642052841057,5.0
2025-03-27,0,2025Q4,False,CONDITIONAL_ON_35_DAY_LAG,2025-01-27,80.0,99.998,48.0,37.0,86.9837396747935,81.38962779255586,4.0
2025-03-27,1,2026Q4,False,CONDITIONAL_ON_35_DAY_LAG,2025-01-27,80.0,99.998,46.0,34.0,77.16954339086783,71.02642052841057,5.0
2025-03-28,0,2025Q4,False,CONDITIONAL_ON_35_DAY_LAG,2025-01-27,80.0,99.998,48.0,37.0,86.9837396747935,81.38962779255586,4.0
2025-03-28,1,2026Q4,False,CONDITIONAL_ON_35_DAY_LAG,2025-01-27,80.0,99.998,46.0,34.0,77.16954339086783,71.02642052841057,5.0
2025-03-31,0,2025Q4,False,CONDITIONAL_ON_35_DAY_LAG,2025-01-27,80.0,99.998,47.0,37.0,86.45072901458029,81.38962779255586,4.0
2025-03-31,1,2026Q4,False,CONDITIONAL_ON_35_DAY_LAG,2025-01-27,80.0,99.998,45.0,34.0,76.63653273065462,71.02642052841057,5.0
2025-04-01,0,2025Q4,False,CONDITIONAL_ON_35_DAY_LAG,2025-01-27,80.0,99.998,47.0,37.0,86.45072901458029,81.38962779255586,4.0
2025-04-01,1,2026Q4,False,CONDITIONAL_ON_35_DAY_LAG,2025-01-27,80.0,99.998,45.0,34.0,76.63653273065462,71.02642052841057,5.0
2025-04-02,0,2025Q4,False,CONDITIONAL_ON_35_DAY_LAG,2025-01-27,80.0,99.998,47.0,38.0,86.45072901458029,82.14764295285907,4.0
2025-04-02,1,2026Q4,False,CONDITIONAL_ON_35_DAY_LAG,2025-01-27,80.0,99.998,45.0,35.0,76.63653273065462,71.78443568871377,5.0
2025-04-03,0,2025Q4,False,CONDITIONAL_ON_35_DAY_LAG,2025-01-27,80.0,99.998,48.0,39.0,86.9677393547871,82.87965759315188,4.0
2025-04-03,1,2026Q4,False,CONDITIONAL_ON_35_DAY_LAG,2025-01-27,80.0,99.998,46.0,36.0,77.15354307086143,72.51645032900659,5.0
2025-04-07,0,2025Q4,False,CONDITIONAL_ON_35_DAY_LAG,2025-02-28,80.0,99.998,48.0,40.0,86.3897277945559,81.88463769275386,4.0
2025-04-07,1,2026Q4,False,CONDITIONAL_ON_35_DAY_LAG,2025-02-28,80.0,99.998,46.0,38.0,75.87151743034862,72.77445548910976,5.0
2025-04-08,0,2025Q4,False,CONDITIONAL_ON_35_DAY_LAG,2025-02-28,80.0,99.998,48.0,40.0,86.3897277945559,81.88463769275386,4.0
2025-04-08,1,2026Q4,False,CONDITIONAL_ON_35_DAY_LAG,2025-02-28,80.0,99.998,46.0,38.0,75.87151743034862,72.77445548910976,5.0
2025-04-09,0,2025Q4,False,CONDITIONAL_ON_35_DAY_LAG,2025-02-28,80.0,99.998,48.0,40.0,86.3897277945559,81.88463769275386,4.0
2025-04-09,1,2026Q4,False,CONDITIONAL_ON_35_DAY_LAG,2025-02-28,80.0,99.998,46.0,39.0,75.87151743034862,73.05546110922216,5.0
2025-04-10,0,2025Q4,False,CONDITIONAL_ON_35_DAY_LAG,2025-02-28,80.0,99.998,48.0,40.0,86.3897277945559,81.88463769275386,4.0
2025-04-10,1,2026Q4,False,CONDITIONAL_ON_35_DAY_LAG,2025-02-28,80.0,99.998,46.0,39.0,75.87151743034862,73.05546110922216,5.0
2025-04-11,0,2025Q4,False,CONDITIONAL_ON_35_DAY_LAG,2025-02-28,80.0,99.998,48.0,40.0,86.3897277945559,81.88463769275386,4.0
2025-04-11,1,2026Q4,False,CONDITIONAL_ON_35_DAY_LAG,2025-02-28,80.0,99.998,46.0,39.0,75.87151743034862,73.05546110922216,5.0
2025-04-14,0,2025Q4,False,CONDITIONAL_ON_35_DAY_LAG,2025-02-28,80.0,99.998,48.0,40.0,86.3897277945559,81.88463769275386,4.0
2025-04-14,1,2026Q4,False,CONDITIONAL_ON_35_DAY_LAG,2025-02-28,80.0,99.998,46.0,39.0,75.87151743034862,73.05546110922216,5.0
2025-04-15,0,2025Q4,False,CONDITIONAL_ON_35_DAY_LAG,2025-02-28,80.0,99.998,48.0,40.0,86.3897277945559,81.88463769275386,4.0
2025-04-15,1,2026Q4,False,CONDITIONAL_ON_35_DAY_LAG,2025-02-28,80.0,99.998,46.0,39.0,75.87151743034862,73.05546110922216,5.0
2025-04-16,0,2025Q4,False,CONDITIONAL_ON_35_DAY_LAG,2025-02-28,80.0,99.998,48.0,40.0,86.3897277945559,81.88463769275386,4.0
2025-04-16,1,2026Q4,False,CONDITIONAL_ON_35_DAY_LAG,2025-02-28,80.0,99.998,46.0,39.0,75.87151743034862,73.05546110922216,5.0
2025-04-17,0,2025Q4,False,CONDITIONAL_ON_35_DAY_LAG,2025-02-28,80.0,99.998,48.0,40.0,86.3897277945559,81.88463769275386,4.0
2025-04-17,1,2026Q4,False,CONDITIONAL_ON_35_DAY_LAG,2025-02-28,80.0,99.998,46.0,39.0,75.87151743034862,73.05546110922216,5.0
2025-04-18,0,2025Q4,False,CONDITIONAL_ON_35_DAY_LAG,2025-02-28,80.0,99.998,48.0,40.0,86.3897277945559,81.88463769275386,4.0
2025-04-18,1,2026Q4,False,CONDITIONAL_ON_35_DAY_LAG,2025-02-28,80.0,99.998,46.0,39.0,75.87151743034862,73.05546110922216,5.0
2025-04-21,0,2025Q4,False,CONDITIONAL_ON_35_DAY_LAG,2025-02-28,80.0,99.998,47.0,39.0,84.70069401388028,81.64563291265824,4.0
2025-04-21,1,2026Q4,False,CONDITIONAL_ON_35_DAY_LAG,2025-02-28,80.0,99.998,46.0,38.0,75.87151743034862,72.81645632912657,5.0
2025-04-22,0,2025Q4,False,CONDITIONAL_ON_35_DAY_LAG,2025-02-28,80.0,99.998,48.0,39.0,86.3897277945559,81.64563291265824,4.0
2025-04-22,1,2026Q4,False,CONDITIONAL_ON_35_DAY_LAG,2025-02-28,80.0,99.998,47.0,38.0,77.5605512110242,72.81645632912657,5.0
2025-04-23,0,2025Q4,False,CONDITIONAL_ON_35_DAY_LAG,2025-02-28,80.0,99.998,48.0,39.0,86.3897277945559,81.64563291265824,4.0
2025-04-23,1,2026Q4,False,CONDITIONAL_ON_35_DAY_LAG,2025-02-28,80.0,99.998,47.0,38.0,77.5605512110242,72.81645632912657,5.0
2025-04-24,0,2025Q4,False,CONDITIONAL_ON_35_DAY_LAG,2025-02-28,80.0,99.998,48.0,39.0,86.3897277945559,81.64563291265824,4.0
2025-04-24,1,2026Q4,False,CONDITIONAL_ON_35_DAY_LAG,2025-02-28,80.0,99.998,48.0,38.0,86.3897277945559,72.81645632912657,5.0
2025-04-25,0,2025Q4,False,CONDITIONAL_ON_35_DAY_LAG,2025-02-28,80.0,99.998,49.0,39.0,86.6637332746655,81.64563291265824,4.0
2025-04-25,1,2026Q4,False,CONDITIONAL_ON_35_DAY_LAG,2025-02-28,80.0,99.998,49.0,38.0,86.6637332746655,72.81645632912657,5.0
2025-04-28,0,2025Q4,False,CONDITIONAL_ON_35_DAY_LAG,2025-02-28,80.0,99.998,49.0,38.0,87.26074521490429,80.61261225224503,3.0
2025-04-28,1,2026Q4,False,CONDITIONAL_ON_35_DAY_LAG,2025-02-28,80.0,99.998,49.0,37.0,87.26074521490429,71.78343566871338,3.0
2025-04-29,0,2025Q4,False,CONDITIONAL_ON_35_DAY_LAG,2025-02-28,80.0,99.998,49.0,39.0,87.26074521490429,81.50163003260064,3.0
2025-04-29,1,2026Q4,False,CONDITIONAL_ON_35_DAY_LAG,2025-02-28,80.0,99.998,49.0,39.0,87.26074521490429,81.50163003260064,3.0
2025-04-30,0,2025Q4,False,CONDITIONAL_ON_35_DAY_LAG,2025-02-28,80.0,99.998,49.0,39.0,87.26074521490429,81.50163003260064,3.0
2025-04-30,1,2026Q4,False,CONDITIONAL_ON_35_DAY_LAG,2025-02-28,80.0,99.998,49.0,39.0,87.26074521490429,81.50163003260064,3.0
2025-05-06,0,2025Q4,False,CONDITIONAL_ON_35_DAY_LAG,2025-03-31,80.0,99.999,48.0,41.0,87.11487114871149,83.2278322783228,3.0
2025-05-06,1,2026Q4,False,CONDITIONAL_ON_35_DAY_LAG,2025-03-31,80.0,99.999,48.0,41.0,87.11487114871149,83.2278322783228,3.0
2025-05-07,0,2025Q4,False,CONDITIONAL_ON_35_DAY_LAG,2025-03-31,80.0,99.999,48.0,41.0,87.11487114871149,83.2278322783228,3.0
2025-05-07,1,2026Q4,False,CONDITIONAL_ON_35_DAY_LAG,2025-03-31,80.0,99.999,48.0,41.0,87.11487114871149,83.2278322783228,3.0
2025-05-08,0,2025Q4,False,CONDITIONAL_ON_35_DAY_LAG,2025-03-31,80.0,99.999,48.0,41.0,87.11487114871149,83.2278322783228,3.0
2025-05-08,1,2026Q4,False,CONDITIONAL_ON_35_DAY_LAG,2025-03-31,80.0,99.999,48.0,41.0,87.11487114871149,83.2278322783228,3.0
2025-05-09,0,2025Q4,False,CONDITIONAL_ON_35_DAY_LAG,2025-03-31,80.0,99.999,48.0,41.0,87.11487114871149,83.2278322783228,4.0
2025-05-09,1,2026Q4,False,CONDITIONAL_ON_35_DAY_LAG,2025-03-31,80.0,99.999,48.0,41.0,87.11487114871149,83.2278322783228,4.0
2025-05-12,0,2025Q4,False,CONDITIONAL_ON_35_DAY_LAG,2025-03-31,80.0,99.999,47.0,41.0,86.6808668086681,83.2278322783228,4.0
2025-05-12,1,2026Q4,False,CONDITIONAL_ON_35_DAY_LAG,2025-03-31,80.0,99.999,47.0,41.0,86.6808668086681,83.2278322783228,4.0
2025-05-13,0,2025Q4,False,CONDITIONAL_ON_35_DAY_LAG,2025-03-31,80.0,99.999,47.0,41.0,86.6808668086681,83.2278322783228,4.0
2025-05-13,1,2026Q4,False,CONDITIONAL_ON_35_DAY_LAG,2025-03-31,80.0,99.999,47.0,41.0,86.6808668086681,83.2278322783228,4.0
2025-05-14,0,2025Q4,False,CONDITIONAL_ON_35_DAY_LAG,2025-03-31,80.0,99.999,48.0,41.0,87.0738707387074,83.2278322783228,4.0
2025-05-14,1,2026Q4,False,CONDITIONAL_ON_35_DAY_LAG,2025-03-31,80.0,99.999,48.0,41.0,87.0738707387074,83.2278322783228,4.0
2025-05-15,0,2025Q4,False,CONDITIONAL_ON_35_DAY_LAG,2025-03-31,80.0,99.999,48.0,41.0,87.0738707387074,83.2278322783228,4.0
2025-05-15,1,2026Q4,False,CONDITIONAL_ON_35_DAY_LAG,2025-03-31,80.0,99.999,48.0,41.0,87.0738707387074,83.2278322783228,4.0
2025-05-16,0,2025Q4,False,CONDITIONAL_ON_35_DAY_LAG,2025-03-31,80.0,99.999,48.0,42.0,87.0738707387074,84.5828458284583,4.0
2025-05-16,1,2026Q4,False,CONDITIONAL_ON_35_DAY_LAG,2025-03-31,80.0,99.999,48.0,42.0,87.0738707387074,84.5828458284583,4.0
2025-05-19,0,2025Q4,False,CONDITIONAL_ON_35_DAY_LAG,2025-03-31,80.0,99.999,48.0,42.0,87.0738707387074,84.5828458284583,4.0
2025-05-19,1,2026Q4,False,CONDITIONAL_ON_35_DAY_LAG,2025-03-31,80.0,99.999,48.0,42.0,87.0738707387074,84.5828458284583,4.0
2025-05-20,0,2025Q4,False,CONDITIONAL_ON_35_DAY_LAG,2025-03-31,80.0,99.999,48.0,42.0,87.0738707387074,84.5828458284583,4.0
2025-05-20,1,2026Q4,False,CONDITIONAL_ON_35_DAY_LAG,2025-03-31,80.0,99.999,48.0,42.0,87.0738707387074,84.5828458284583,4.0
2025-05-21,0,2025Q4,False,CONDITIONAL_ON_35_DAY_LAG,2025-03-31,80.0,99.999,48.0,42.0,87.0738707387074,84.5828458284583,4.0
2025-05-21,1,2026Q4,False,CONDITIONAL_ON_35_DAY_LAG,2025-03-31,80.0,99.999,48.0,42.0,87.0738707387074,84.5828458284583,4.0
2025-05-22,0,2025Q4,False,CONDITIONAL_ON_35_DAY_LAG,2025-03-31,80.0,99.999,48.0,42.0,87.0738707387074,84.5828458284583,4.0
2025-05-22,1,2026Q4,False,CONDITIONAL_ON_35_DAY_LAG,2025-03-31,80.0,99.999,48.0,42.0,87.0738707387074,84.5828458284583,4.0
2025-05-23,0,2025Q4,False,CONDITIONAL_ON_35_DAY_LAG,2025-03-31,80.0,99.999,48.0,43.0,87.0738707387074,84.97584975849757,4.0
2025-05-23,1,2026Q4,False,CONDITIONAL_ON_35_DAY_LAG,2025-03-31,80.0,99.999,48.0,43.0,87.0738707387074,84.97584975849757,4.0
2025-05-26,0,2025Q4,False,CONDITIONAL_ON_35_DAY_LAG,2025-03-31,80.0,99.999,48.0,43.0,87.0738707387074,84.97584975849757,4.0
2025-05-26,1,2026Q4,False,CONDITIONAL_ON_35_DAY_LAG,2025-03-31,80.0,99.999,48.0,43.0,87.0738707387074,84.97584975849757,4.0
2025-05-27,0,2025Q4,False,CONDITIONAL_ON_35_DAY_LAG,2025-03-31,80.0,99.999,48.0,43.0,87.0738707387074,84.97584975849757,4.0
2025-05-27,1,2026Q4,False,CONDITIONAL_ON_35_DAY_LAG,2025-03-31,80.0,99.999,48.0,43.0,87.0738707387074,84.97584975849757,4.0
2025-05-28,0,2025Q4,False,CONDITIONAL_ON_35_DAY_LAG,2025-03-31,80.0,99.999,48.0,43.0,87.0738707387074,84.97584975849757,4.0
2025-05-28,1,2026Q4,False,CONDITIONAL_ON_35_DAY_LAG,2025-03-31,80.0,99.999,48.0,43.0,87.0738707387074,84.97584975849757,4.0
2025-05-29,0,2025Q4,False,CONDITIONAL_ON_35_DAY_LAG,2025-03-31,80.0,99.999,48.0,43.0,87.0738707387074,84.97584975849757,4.0
2025-05-29,1,2026Q4,False,CONDITIONAL_ON_35_DAY_LAG,2025-03-31,80.0,99.999,48.0,43.0,87.0738707387074,84.97584975849757,4.0
2025-05-30,0,2025Q4,False,CONDITIONAL_ON_35_DAY_LAG,2025-03-31,80.0,99.999,48.0,43.0,87.0738707387074,84.97584975849757,4.0
2025-05-30,1,2026Q4,False,CONDITIONAL_ON_35_DAY_LAG,2025-03-31,80.0,99.999,48.0,43.0,87.0738707387074,84.97584975849757,4.0
2025-06-03,0,2025Q4,False,CONDITIONAL_ON_35_DAY_LAG,2025-03-31,80.0,99.999,47.0,43.0,86.749867498675,84.97584975849757,4.0
2025-06-03,1,2026Q4,False,CONDITIONAL_ON_35_DAY_LAG,2025-03-31,80.0,99.999,47.0,43.0,86.749867498675,84.97584975849757,4.0
2025-06-04,0,2025Q4,False,CONDITIONAL_ON_35_DAY_LAG,2025-04-30,80.0,99.999,46.0,43.0,86.70186701867019,85.41585415854159,4.0
2025-06-04,1,2026Q4,False,CONDITIONAL_ON_35_DAY_LAG,2025-04-30,80.0,99.999,46.0,43.0,86.70186701867019,85.41585415854159,4.0
2025-06-05,0,2025Q4,False,CONDITIONAL_ON_35_DAY_LAG,2025-04-30,80.0,99.999,46.0,43.0,86.70186701867019,85.41585415854159,4.0
2025-06-05,1,2026Q4,False,CONDITIONAL_ON_35_DAY_LAG,2025-04-30,80.0,99.999,46.0,43.0,86.70186701867019,85.41585415854159,4.0
2025-06-06,0,2025Q4,False,CONDITIONAL_ON_35_DAY_LAG,2025-04-30,80.0,99.999,47.0,43.0,87.4338743387434,85.41585415854159,4.0
2025-06-06,1,2026Q4,False,CONDITIONAL_ON_35_DAY_LAG,2025-04-30,80.0,99.999,47.0,43.0,87.4338743387434,85.41585415854159,4.0
2025-06-09,0,2025Q4,False,CONDITIONAL_ON_35_DAY_LAG,2025-04-30,80.0,99.999,47.0,43.0,87.4338743387434,85.41585415854159,4.0
2025-06-09,1,2026Q4,False,CONDITIONAL_ON_35_DAY_LAG,2025-04-30,80.0,99.999,47.0,43.0,87.4338743387434,85.41585415854159,4.0
2025-06-10,0,2025Q4,False,CONDITIONAL_ON_35_DAY_LAG,2025-04-30,80.0,99.999,47.0,43.0,87.4338743387434,85.41585415854159,4.0
2025-06-10,1,2026Q4,False,CONDITIONAL_ON_35_DAY_LAG,2025-04-30,80.0,99.999,47.0,43.0,87.4338743387434,85.41585415854159,4.0
2025-06-11,0,2025Q4,False,CONDITIONAL_ON_35_DAY_LAG,2025-04-30,80.0,99.999,47.0,43.0,87.4338743387434,85.41585415854159,4.0
2025-06-11,1,2026Q4,False,CONDITIONAL_ON_35_DAY_LAG,2025-04-30,80.0,99.999,47.0,43.0,87.4338743387434,85.41585415854159,4.0
2025-06-12,0,2025Q4,False,CONDITIONAL_ON_35_DAY_LAG,2025-04-30,80.0,99.999,47.0,43.0,87.4338743387434,85.41585415854159,4.0
2025-06-12,1,2026Q4,False,CONDITIONAL_ON_35_DAY_LAG,2025-04-30,80.0,99.999,47.0,43.0,87.4338743387434,85.41585415854159,4.0
2025-06-13,0,2025Q4,False,CONDITIONAL_ON_35_DAY_LAG,2025-04-30,80.0,99.999,47.0,43.0,87.4338743387434,85.41585415854159,4.0
2025-06-13,1,2026Q4,False,CONDITIONAL_ON_35_DAY_LAG,2025-04-30,80.0,99.999,47.0,43.0,87.4338743387434,85.41585415854159,4.0
2025-06-16,0,2025Q4,False,CONDITIONAL_ON_35_DAY_LAG,2025-04-30,80.0,99.999,47.0,43.0,87.4338743387434,85.41585415854159,4.0
2025-06-16,1,2026Q4,False,CONDITIONAL_ON_35_DAY_LAG,2025-04-30,80.0,99.999,47.0,43.0,87.4338743387434,85.41585415854159,4.0
2025-06-17,0,2025Q4,False,CONDITIONAL_ON_35_DAY_LAG,2025-04-30,80.0,99.999,47.0,43.0,87.4338743387434,85.41585415854159,2.0
2025-06-17,1,2026Q4,False,CONDITIONAL_ON_35_DAY_LAG,2025-04-30,80.0,99.999,47.0,43.0,87.4338743387434,85.41585415854159,2.0
2025-06-18,0,2025Q4,False,CONDITIONAL_ON_35_DAY_LAG,2025-04-30,80.0,99.999,47.0,43.0,87.4338743387434,85.41585415854159,2.0
2025-06-18,1,2026Q4,False,CONDITIONAL_ON_35_DAY_LAG,2025-04-30,80.0,99.999,47.0,43.0,87.4338743387434,85.41585415854159,2.0
2025-06-19,0,2025Q4,False,CONDITIONAL_ON_35_DAY_LAG,2025-04-30,80.0,99.999,47.0,43.0,87.4338743387434,85.41585415854159,2.0
2025-06-19,1,2026Q4,False,CONDITIONAL_ON_35_DAY_LAG,2025-04-30,80.0,99.999,47.0,43.0,87.4338743387434,85.41585415854159,2.0
2025-06-20,0,2025Q4,False,CONDITIONAL_ON_35_DAY_LAG,2025-04-30,80.0,99.999,47.0,43.0,87.4338743387434,85.41585415854159,2.0
2025-06-20,1,2026Q4,False,CONDITIONAL_ON_35_DAY_LAG,2025-04-30,80.0,99.999,47.0,43.0,87.4338743387434,85.41585415854159,2.0
2025-06-23,0,2025Q4,False,CONDITIONAL_ON_35_DAY_LAG,2025-04-30,80.0,99.999,47.0,43.0,87.4338743387434,85.41585415854159,2.0
2025-06-23,1,2026Q4,False,CONDITIONAL_ON_35_DAY_LAG,2025-04-30,80.0,99.999,47.0,43.0,87.4338743387434,85.41585415854159,2.0
2025-06-24,0,2025Q4,False,CONDITIONAL_ON_35_DAY_LAG,2025-04-30,80.0,99.999,47.0,43.0,87.4338743387434,85.41585415854159,2.0
2025-06-24,1,2026Q4,False,CONDITIONAL_ON_35_DAY_LAG,2025-04-30,80.0,99.999,47.0,43.0,87.4338743387434,85.41585415854159,2.0
2025-06-25,0,2025Q4,False,CONDITIONAL_ON_35_DAY_LAG,2025-04-30,80.0,99.999,47.0,43.0,87.4338743387434,85.41585415854159,2.0
2025-06-25,1,2026Q4,False,CONDITIONAL_ON_35_DAY_LAG,2025-04-30,80.0,99.999,47.0,43.0,87.4338743387434,85.41585415854159,2.0
2025-06-26,0,2025Q4,False,CONDITIONAL_ON_35_DAY_LAG,2025-04-30,80.0,99.999,47.0,43.0,87.4338743387434,85.41585415854159,2.0
2025-06-26,1,2026Q4,False,CONDITIONAL_ON_35_DAY_LAG,2025-04-30,80.0,99.999,47.0,43.0,87.4338743387434,85.41585415854159,2.0
2025-06-27,0,2025Q4,False,CONDITIONAL_ON_35_DAY_LAG,2025-04-30,80.0,99.999,47.0,43.0,87.4338743387434,85.41585415854159,2.0
2025-06-27,1,2026Q4,False,CONDITIONAL_ON_35_DAY_LAG,2025-04-30,80.0,99.999,47.0,43.0,87.4338743387434,85.41585415854159,2.0
2025-06-30,0,2025Q4,False,CONDITIONAL_ON_35_DAY_LAG,2025-04-30,80.0,99.999,47.0,42.0,87.4338743387434,84.919849198492,2.0
2025-06-30,1,2026Q4,False,CONDITIONAL_ON_35_DAY_LAG,2025-04-30,80.0,99.999,47.0,42.0,87.4338743387434,84.919849198492,2.0
2025-07-01,0,2025Q4,False,CONDITIONAL_ON_35_DAY_LAG,2025-04-30,80.0,99.999,47.0,42.0,87.4338743387434,84.919849198492,2.0
2025-07-01,1,2026Q4,False,CONDITIONAL_ON_35_DAY_LAG,2025-04-30,80.0,99.999,47.0,42.0,87.4338743387434,84.919849198492,2.0
2025-07-02,0,2025Q4,False,CONDITIONAL_ON_35_DAY_LAG,2025-04-30,80.0,99.999,47.0,42.0,87.4338743387434,84.919849198492,2.0
2025-07-02,1,2026Q4,False,CONDITIONAL_ON_35_DAY_LAG,2025-04-30,80.0,99.999,47.0,42.0,87.4338743387434,84.919849198492,2.0
2025-07-03,0,2025Q4,False,CONDITIONAL_ON_35_DAY_LAG,2025-04-30,80.0,99.999,47.0,42.0,87.4338743387434,84.919849198492,2.0
2025-07-03,1,2026Q4,False,CONDITIONAL_ON_35_DAY_LAG,2025-04-30,80.0,99.999,47.0,42.0,87.4338743387434,84.919849198492,2.0
2025-07-04,0,2025Q4,False,CONDITIONAL_ON_35_DAY_LAG,2025-05-30,79.0,99.99999999999999,48.0,42.0,87.28100000000002,84.16600000000001,2.0
2025-07-04,1,2026Q4,False,CONDITIONAL_ON_35_DAY_LAG,2025-05-30,79.0,99.99999999999999,48.0,42.0,87.28100000000002,84.16600000000001,2.0
2025-07-07,0,2025Q4,False,CONDITIONAL_ON_35_DAY_LAG,2025-05-30,79.0,99.99999999999999,48.0,42.0,87.28100000000002,84.16600000000001,2.0
2025-07-07,1,2026Q4,False,CONDITIONAL_ON_35_DAY_LAG,2025-05-30,79.0,99.99999999999999,48.0,42.0,87.28100000000002,84.16600000000001,2.0
2025-07-08,0,2025Q4,False,CONDITIONAL_ON_35_DAY_LAG,2025-05-30,79.0,99.99999999999999,48.0,42.0,87.28100000000002,84.16600000000001,2.0
2025-07-08,1,2026Q4,False,CONDITIONAL_ON_35_DAY_LAG,2025-05-30,79.0,99.99999999999999,48.0,42.0,87.28100000000002,84.16600000000001,2.0
2025-07-09,0,2025Q4,False,CONDITIONAL_ON_35_DAY_LAG,2025-05-30,79.0,99.99999999999999,48.0,42.0,87.28100000000002,84.16600000000001,2.0
2025-07-09,1,2026Q4,False,CONDITIONAL_ON_35_DAY_LAG,2025-05-30,79.0,99.99999999999999,48.0,42.0,87.28100000000002,84.16600000000001,2.0
2025-07-10,0,2025Q4,False,CONDITIONAL_ON_35_DAY_LAG,2025-05-30,79.0,99.99999999999999,48.0,42.0,87.28100000000002,84.16600000000001,2.0
2025-07-10,1,2026Q4,False,CONDITIONAL_ON_35_DAY_LAG,2025-05-30,79.0,99.99999999999999,48.0,42.0,87.28100000000002,84.16600000000001,2.0
2025-07-11,0,2025Q4,False,CONDITIONAL_ON_35_DAY_LAG,2025-05-30,79.0,99.99999999999999,48.0,42.0,87.28100000000002,84.16600000000001,2.0
2025-07-11,1,2026Q4,False,CONDITIONAL_ON_35_DAY_LAG,2025-05-30,79.0,99.99999999999999,48.0,42.0,87.28100000000002,84.16600000000001,2.0
2025-07-14,0,2025Q4,False,CONDITIONAL_ON_35_DAY_LAG,2025-05-30,79.0,99.99999999999999,48.0,42.0,87.28100000000002,84.16600000000001,2.0
2025-07-14,1,2026Q4,False,CONDITIONAL_ON_35_DAY_LAG,2025-05-30,79.0,99.99999999999999,48.0,42.0,87.28100000000002,84.16600000000001,2.0
2025-07-15,0,2025Q4,False,CONDITIONAL_ON_35_DAY_LAG,2025-05-30,79.0,99.99999999999999,48.0,42.0,87.28100000000002,84.16600000000001,2.0
2025-07-15,1,2026Q4,False,CONDITIONAL_ON_35_DAY_LAG,2025-05-30,79.0,99.99999999999999,48.0,42.0,87.28100000000002,84.16600000000001,2.0
2025-07-16,0,2025Q4,False,CONDITIONAL_ON_35_DAY_LAG,2025-05-30,79.0,99.99999999999999,48.0,42.0,87.28100000000002,84.16600000000001,2.0
2025-07-16,1,2026Q4,False,CONDITIONAL_ON_35_DAY_LAG,2025-05-30,79.0,99.99999999999999,48.0,42.0,87.28100000000002,84.16600000000001,2.0
2025-07-17,0,2025Q4,False,CONDITIONAL_ON_35_DAY_LAG,2025-05-30,79.0,99.99999999999999,48.0,42.0,87.28100000000002,84.16600000000001,2.0
2025-07-17,1,2026Q4,False,CONDITIONAL_ON_35_DAY_LAG,2025-05-30,79.0,99.99999999999999,48.0,42.0,87.28100000000002,84.16600000000001,2.0
2025-07-18,0,2025Q4,False,CONDITIONAL_ON_35_DAY_LAG,2025-05-30,79.0,99.99999999999999,48.0,42.0,87.28100000000002,84.16600000000001,2.0
2025-07-18,1,2026Q4,False,CONDITIONAL_ON_35_DAY_LAG,2025-05-30,79.0,99.99999999999999,48.0,42.0,87.28100000000002,84.16600000000001,2.0
2025-07-21,0,2025Q4,False,CONDITIONAL_ON_35_DAY_LAG,2025-05-30,79.0,99.99999999999999,48.0,42.0,87.28100000000002,84.16600000000001,2.0
2025-07-21,1,2026Q4,False,CONDITIONAL_ON_35_DAY_LAG,2025-05-30,79.0,99.99999999999999,48.0,42.0,87.28100000000002,84.16600000000001,2.0
2025-07-22,0,2025Q4,False,CONDITIONAL_ON_35_DAY_LAG,2025-05-30,79.0,99.99999999999999,48.0,42.0,87.28100000000002,84.16600000000001,2.0
2025-07-22,1,2026Q4,False,CONDITIONAL_ON_35_DAY_LAG,2025-05-30,79.0,99.99999999999999,48.0,42.0,87.28100000000002,84.16600000000001,2.0
2025-07-23,0,2025Q4,False,CONDITIONAL_ON_35_DAY_LAG,2025-05-30,79.0,99.99999999999999,48.0,42.0,87.28100000000002,84.16600000000001,2.0
2025-07-23,1,2026Q4,False,CONDITIONAL_ON_35_DAY_LAG,2025-05-30,79.0,99.99999999999999,48.0,42.0,87.28100000000002,84.16600000000001,2.0
2025-07-24,0,2025Q4,False,CONDITIONAL_ON_35_DAY_LAG,2025-05-30,79.0,99.99999999999999,48.0,42.0,87.28100000000002,84.16600000000001,2.0
2025-07-24,1,2026Q4,False,CONDITIONAL_ON_35_DAY_LAG,2025-05-30,79.0,99.99999999999999,48.0,42.0,87.28100000000002,84.16600000000001,2.0
2025-07-25,0,2025Q4,False,CONDITIONAL_ON_35_DAY_LAG,2025-05-30,79.0,99.99999999999999,48.0,42.0,87.28100000000002,84.16600000000001,2.0
2025-07-25,1,2026Q4,False,CONDITIONAL_ON_35_DAY_LAG,2025-05-30,79.0,99.99999999999999,48.0,42.0,87.28100000000002,84.16600000000001,2.0
2025-07-28,0,2025Q4,False,CONDITIONAL_ON_35_DAY_LAG,2025-05-30,79.0,99.99999999999999,48.0,42.0,87.28100000000002,84.16600000000001,2.0
2025-07-28,1,2026Q4,False,CONDITIONAL_ON_35_DAY_LAG,2025-05-30,79.0,99.99999999999999,48.0,42.0,87.28100000000002,84.16600000000001,2.0
2025-07-29,0,2025Q4,False,CONDITIONAL_ON_35_DAY_LAG,2025-05-30,79.0,99.99999999999999,48.0,42.0,87.28100000000002,84.16600000000001,2.0
2025-07-29,1,2026Q4,False,CONDITIONAL_ON_35_DAY_LAG,2025-05-30,79.0,99.99999999999999,48.0,42.0,87.28100000000002,84.16600000000001,2.0
2025-07-30,0,2025Q4,False,CONDITIONAL_ON_35_DAY_LAG,2025-05-30,79.0,99.99999999999999,48.0,42.0,87.28100000000002,84.16600000000001,2.0
2025-07-30,1,2026Q4,False,CONDITIONAL_ON_35_DAY_LAG,2025-05-30,79.0,99.99999999999999,48.0,42.0,87.28100000000002,84.16600000000001,2.0
2025-07-31,0,2025Q4,False,CONDITIONAL_ON_35_DAY_LAG,2025-05-30,79.0,99.99999999999999,48.0,42.0,87.28100000000002,84.16600000000001,2.0
2025-07-31,1,2026Q4,False,CONDITIONAL_ON_35_DAY_LAG,2025-05-30,79.0,99.99999999999999,48.0,42.0,87.28100000000002,84.16600000000001,2.0
2025-08-01,0,2025Q4,False,CONDITIONAL_ON_35_DAY_LAG,2025-05-30,79.0,99.99999999999999,48.0,42.0,87.28100000000002,84.16600000000001,2.0
2025-08-01,1,2026Q4,False,CONDITIONAL_ON_35_DAY_LAG,2025-05-30,79.0,99.99999999999999,48.0,42.0,87.28100000000002,84.16600000000001,2.0
2025-08-04,0,2025Q4,False,CONDITIONAL_ON_35_DAY_LAG,2025-06-30,80.0,99.99499999999999,49.0,40.0,86.96934846742337,82.22011100555028,2.0
2025-08-04,1,2026Q4,False,CONDITIONAL_ON_35_DAY_LAG,2025-06-30,80.0,99.99499999999999,49.0,40.0,86.96934846742337,82.22011100555028,2.0
2025-08-05,0,2025Q4,False,CONDITIONAL_ON_35_DAY_LAG,2025-06-30,80.0,99.99499999999999,49.0,40.0,86.96934846742337,82.22011100555028,2.0
2025-08-05,1,2026Q4,False,CONDITIONAL_ON_35_DAY_LAG,2025-06-30,80.0,99.99499999999999,49.0,40.0,86.96934846742337,82.22011100555028,2.0
2025-08-06,0,2025Q4,False,CONDITIONAL_ON_35_DAY_LAG,2025-06-30,80.0,99.99499999999999,49.0,41.0,86.96934846742337,82.47312365618282,2.0
2025-08-06,1,2026Q4,False,CONDITIONAL_ON_35_DAY_LAG,2025-06-30,80.0,99.99499999999999,49.0,41.0,86.96934846742337,82.47312365618282,2.0
2025-08-07,0,2025Q4,False,CONDITIONAL_ON_35_DAY_LAG,2025-06-30,80.0,99.99499999999999,49.0,41.0,86.96934846742337,82.47312365618282,2.0
2025-08-07,1,2026Q4,False,CONDITIONAL_ON_35_DAY_LAG,2025-06-30,80.0,99.99499999999999,49.0,41.0,86.96934846742337,82.47312365618282,2.0
2025-08-08,0,2025Q4,False,CONDITIONAL_ON_35_DAY_LAG,2025-06-30,80.0,99.99499999999999,49.0,41.0,86.96934846742337,82.47312365618282,2.0
2025-08-08,1,2026Q4,False,CONDITIONAL_ON_35_DAY_LAG,2025-06-30,80.0,99.99499999999999,49.0,41.0,86.96934846742337,82.47312365618282,2.0
2025-08-11,0,2025Q4,False,CONDITIONAL_ON_35_DAY_LAG,2025-06-30,80.0,99.99499999999999,49.0,41.0,86.96934846742337,82.47312365618282,2.0
2025-08-11,1,2026Q4,False,CONDITIONAL_ON_35_DAY_LAG,2025-06-30,80.0,99.99499999999999,49.0,41.0,86.96934846742337,82.47312365618282,2.0
2025-08-12,0,2025Q4,False,CONDITIONAL_ON_35_DAY_LAG,2025-06-30,80.0,99.99499999999999,49.0,41.0,86.96934846742337,82.47312365618282,2.0
2025-08-12,1,2026Q4,False,CONDITIONAL_ON_35_DAY_LAG,2025-06-30,80.0,99.99499999999999,49.0,41.0,86.96934846742337,82.47312365618282,2.0
2025-08-13,0,2025Q4,False,CONDITIONAL_ON_35_DAY_LAG,2025-06-30,80.0,99.99499999999999,49.0,41.0,86.96934846742337,82.47312365618282,2.0
2025-08-13,1,2026Q4,False,CONDITIONAL_ON_35_DAY_LAG,2025-06-30,80.0,99.99499999999999,49.0,41.0,86.96934846742337,82.47312365618282,2.0
2025-08-14,0,2025Q4,False,CONDITIONAL_ON_35_DAY_LAG,2025-06-30,80.0,99.99499999999999,49.0,41.0,86.96934846742337,82.47312365618282,2.0
2025-08-14,1,2026Q4,False,CONDITIONAL_ON_35_DAY_LAG,2025-06-30,80.0,99.99499999999999,49.0,41.0,86.96934846742337,82.47312365618282,2.0
2025-08-15,0,2025Q4,False,CONDITIONAL_ON_35_DAY_LAG,2025-06-30,80.0,99.99499999999999,49.0,41.0,86.96934846742337,82.47312365618282,2.0
2025-08-15,1,2026Q4,False,CONDITIONAL_ON_35_DAY_LAG,2025-06-30,80.0,99.99499999999999,49.0,41.0,86.96934846742337,82.47312365618282,2.0
2025-08-18,0,2025Q4,False,CONDITIONAL_ON_35_DAY_LAG,2025-06-30,80.0,99.99499999999999,49.0,41.0,86.96934846742337,82.47312365618282,2.0
2025-08-18,1,2026Q4,False,CONDITIONAL_ON_35_DAY_LAG,2025-06-30,80.0,99.99499999999999,49.0,41.0,86.96934846742337,82.47312365618282,2.0
2025-08-19,0,2025Q4,False,CONDITIONAL_ON_35_DAY_LAG,2025-06-30,80.0,99.99499999999999,49.0,41.0,86.96934846742337,82.47312365618282,2.0
2025-08-19,1,2026Q4,False,CONDITIONAL_ON_35_DAY_LAG,2025-06-30,80.0,99.99499999999999,49.0,41.0,86.96934846742337,82.47312365618282,2.0
2025-08-20,0,2025Q4,False,CONDITIONAL_ON_35_DAY_LAG,2025-06-30,80.0,99.99499999999999,49.0,41.0,86.96934846742337,82.47312365618282,2.0
2025-08-20,1,2026Q4,False,CONDITIONAL_ON_35_DAY_LAG,2025-06-30,80.0,99.99499999999999,49.0,41.0,86.96934846742337,82.47312365618282,2.0
2025-08-21,0,2025Q4,False,CONDITIONAL_ON_35_DAY_LAG,2025-06-30,80.0,99.99499999999999,49.0,41.0,86.96934846742337,82.47312365618282,2.0
2025-08-21,1,2026Q4,False,CONDITIONAL_ON_35_DAY_LAG,2025-06-30,80.0,99.99499999999999,49.0,41.0,86.96934846742337,82.47312365618282,2.0
2025-08-22,0,2025Q4,False,CONDITIONAL_ON_35_DAY_LAG,2025-06-30,80.0,99.99499999999999,49.0,41.0,86.96934846742337,82.47312365618282,3.0
2025-08-22,1,2026Q4,False,CONDITIONAL_ON_35_DAY_LAG,2025-06-30,80.0,99.99499999999999,49.0,41.0,86.96934846742337,82.47312365618282,3.0
2025-08-25,0,2025Q4,False,CONDITIONAL_ON_35_DAY_LAG,2025-06-30,80.0,99.99499999999999,49.0,41.0,86.96934846742337,82.47312365618282,3.0
2025-08-25,1,2026Q4,False,CONDITIONAL_ON_35_DAY_LAG,2025-06-30,80.0,99.99499999999999,49.0,41.0,86.96934846742337,82.47312365618282,3.0
2025-08-26,0,2025Q4,False,CONDITIONAL_ON_35_DAY_LAG,2025-06-30,80.0,99.99499999999999,48.0,41.0,86.61433071653585,82.47312365618282,3.0
2025-08-26,1,2026Q4,False,CONDITIONAL_ON_35_DAY_LAG,2025-06-30,80.0,99.99499999999999,48.0,41.0,86.61433071653585,82.47312365618282,3.0
2025-08-27,0,2025Q4,False,CONDITIONAL_ON_35_DAY_LAG,2025-06-30,80.0,99.99499999999999,48.0,41.0,86.61433071653585,82.47312365618282,3.0
2025-08-27,1,2026Q4,False,CONDITIONAL_ON_35_DAY_LAG,2025-06-30,80.0,99.99499999999999,48.0,41.0,86.61433071653585,82.47312365618282,3.0
2025-08-28,0,2025Q4,False,CONDITIONAL_ON_35_DAY_LAG,2025-06-30,80.0,99.99499999999999,48.0,41.0,86.61433071653585,82.47312365618282,3.0
2025-08-28,1,2026Q4,False,CONDITIONAL_ON_35_DAY_LAG,2025-06-30,80.0,99.99499999999999,48.0,41.0,86.61433071653585,82.47312365618282,3.0
2025-08-29,0,2025Q4,False,CONDITIONAL_ON_35_DAY_LAG,2025-06-30,80.0,99.99499999999999,48.0,42.0,86.61433071653585,83.38816940847043,3.0
2025-08-29,1,2026Q4,False,CONDITIONAL_ON_35_DAY_LAG,2025-06-30,80.0,99.99499999999999,48.0,42.0,86.61433071653585,83.38816940847043,3.0
2025-09-01,0,2025Q4,False,CONDITIONAL_ON_35_DAY_LAG,2025-06-30,80.0,99.99499999999999,49.0,42.0,86.91434571728588,83.38816940847043,3.0
2025-09-01,1,2026Q4,False,CONDITIONAL_ON_35_DAY_LAG,2025-06-30,80.0,99.99499999999999,49.0,42.0,86.91434571728588,83.38816940847043,3.0
2025-09-02,0,2025Q4,False,CONDITIONAL_ON_35_DAY_LAG,2025-06-30,80.0,99.99499999999999,49.0,42.0,86.91434571728588,83.38816940847043,4.0
2025-09-02,1,2026Q4,False,CONDITIONAL_ON_35_DAY_LAG,2025-06-30,80.0,99.99499999999999,49.0,42.0,86.91434571728588,83.38816940847043,4.0
2025-09-03,0,2025Q4,False,CONDITIONAL_ON_35_DAY_LAG,2025-06-30,80.0,99.99499999999999,49.0,42.0,86.91434571728588,83.38816940847043,4.0
2025-09-03,1,2026Q4,False,CONDITIONAL_ON_35_DAY_LAG,2025-06-30,80.0,99.99499999999999,49.0,42.0,86.91434571728588,83.38816940847043,4.0
2025-09-04,0,2025Q4,False,CONDITIONAL_ON_35_DAY_LAG,2025-07-31,80.0,99.997,49.0,42.0,87.11861355840676,83.64650939528187,4.0
2025-09-04,1,2026Q4,False,CONDITIONAL_ON_35_DAY_LAG,2025-07-31,80.0,99.997,49.0,42.0,87.11861355840676,83.64650939528187,4.0
2025-09-05,0,2025Q4,False,CONDITIONAL_ON_35_DAY_LAG,2025-07-31,80.0,99.997,49.0,42.0,87.11861355840676,83.64650939528187,4.0
2025-09-05,1,2026Q4,False,CONDITIONAL_ON_35_DAY_LAG,2025-07-31,80.0,99.997,49.0,42.0,87.11861355840676,83.64650939528187,4.0
2025-09-08,0,2025Q4,False,CONDITIONAL_ON_35_DAY_LAG,2025-07-31,80.0,99.997,49.0,42.0,87.11361340840224,83.64650939528187,4.0
2025-09-08,1,2026Q4,False,CONDITIONAL_ON_35_DAY_LAG,2025-07-31,80.0,99.997,49.0,42.0,87.11361340840224,83.64650939528187,4.0
2025-09-09,0,2025Q4,False,CONDITIONAL_ON_35_DAY_LAG,2025-07-31,80.0,99.997,49.0,42.0,87.11361340840224,83.64650939528187,4.0
2025-09-09,1,2026Q4,False,CONDITIONAL_ON_35_DAY_LAG,2025-07-31,80.0,99.997,49.0,42.0,87.11361340840224,83.64650939528187,4.0
2025-09-10,0,2025Q4,False,CONDITIONAL_ON_35_DAY_LAG,2025-07-31,80.0,99.997,49.0,42.0,87.11361340840224,83.64650939528187,4.0
2025-09-10,1,2026Q4,False,CONDITIONAL_ON_35_DAY_LAG,2025-07-31,80.0,99.997,49.0,42.0,87.11361340840224,83.64650939528187,4.0
2025-09-11,0,2025Q4,False,CONDITIONAL_ON_35_DAY_LAG,2025-07-31,80.0,99.997,49.0,42.0,87.11361340840224,83.64650939528187,4.0
2025-09-11,1,2026Q4,False,CONDITIONAL_ON_35_DAY_LAG,2025-07-31,80.0,99.997,49.0,42.0,87.11361340840224,83.64650939528187,4.0
2025-09-12,0,2025Q4,False,CONDITIONAL_ON_35_DAY_LAG,2025-07-31,80.0,99.997,49.0,42.0,87.11361340840224,83.64650939528187,4.0
2025-09-12,1,2026Q4,False,CONDITIONAL_ON_35_DAY_LAG,2025-07-31,80.0,99.997,49.0,42.0,87.11361340840224,83.64650939528187,4.0
2025-09-15,0,2025Q4,False,CONDITIONAL_ON_35_DAY_LAG,2025-07-31,80.0,99.997,49.0,42.0,87.11361340840224,83.64650939528187,4.0
2025-09-15,1,2026Q4,False,CONDITIONAL_ON_35_DAY_LAG,2025-07-31,80.0,99.997,49.0,42.0,87.11361340840224,83.64650939528187,4.0
2025-09-16,0,2025Q4,False,CONDITIONAL_ON_35_DAY_LAG,2025-07-31,80.0,99.997,50.0,42.0,87.60162804884148,83.64650939528187,4.0
2025-09-16,1,2026Q4,False,CONDITIONAL_ON_35_DAY_LAG,2025-07-31,80.0,99.997,50.0,42.0,87.60162804884148,83.64650939528187,4.0
2025-09-17,0,2025Q4,False,CONDITIONAL_ON_35_DAY_LAG,2025-07-31,80.0,99.997,50.0,42.0,87.60162804884148,83.64650939528187,4.0
2025-09-17,1,2026Q4,False,CONDITIONAL_ON_35_DAY_LAG,2025-07-31,80.0,99.997,50.0,42.0,87.60162804884148,83.64650939528187,4.0
2025-09-18,0,2025Q4,False,CONDITIONAL_ON_35_DAY_LAG,2025-07-31,80.0,99.997,50.0,42.0,87.60162804884148,83.64650939528187,4.0
2025-09-18,1,2026Q4,False,CONDITIONAL_ON_35_DAY_LAG,2025-07-31,80.0,99.997,50.0,42.0,87.60162804884148,83.64650939528187,4.0
2025-09-19,0,2025Q4,False,CONDITIONAL_ON_35_DAY_LAG,2025-07-31,80.0,99.997,49.0,42.0,87.26361790853726,83.64650939528187,4.0
2025-09-19,1,2026Q4,False,CONDITIONAL_ON_35_DAY_LAG,2025-07-31,80.0,99.997,49.0,42.0,87.26361790853726,83.64650939528187,4.0
2025-09-22,0,2025Q4,False,CONDITIONAL_ON_35_DAY_LAG,2025-07-31,80.0,99.997,49.0,42.0,87.26361790853726,83.64650939528187,4.0
2025-09-22,1,2026Q4,False,CONDITIONAL_ON_35_DAY_LAG,2025-07-31,80.0,99.997,49.0,42.0,87.26361790853726,83.64650939528187,4.0
2025-09-23,0,2025Q4,False,CONDITIONAL_ON_35_DAY_LAG,2025-07-31,80.0,99.997,49.0,42.0,87.26361790853726,83.64650939528187,4.0
2025-09-23,1,2026Q4,False,CONDITIONAL_ON_35_DAY_LAG,2025-07-31,80.0,99.997,49.0,42.0,87.26361790853726,83.64650939528187,4.0
2025-09-24,0,2025Q4,False,CONDITIONAL_ON_35_DAY_LAG,2025-07-31,80.0,99.997,49.0,42.0,87.26361790853726,83.64650939528187,4.0
2025-09-24,1,2026Q4,False,CONDITIONAL_ON_35_DAY_LAG,2025-07-31,80.0,99.997,49.0,42.0,87.26361790853726,83.64650939528187,4.0
2025-09-25,0,2025Q4,False,CONDITIONAL_ON_35_DAY_LAG,2025-07-31,80.0,99.997,49.0,42.0,87.26361790853726,83.64650939528187,4.0
2025-09-25,1,2026Q4,False,CONDITIONAL_ON_35_DAY_LAG,2025-07-31,80.0,99.997,49.0,42.0,87.26361790853726,83.64650939528187,4.0
2025-09-26,0,2025Q4,False,CONDITIONAL_ON_35_DAY_LAG,2025-07-31,80.0,99.997,49.0,42.0,87.26361790853726,83.64650939528187,4.0
2025-09-26,1,2026Q4,False,CONDITIONAL_ON_35_DAY_LAG,2025-07-31,80.0,99.997,49.0,42.0,87.26361790853726,83.64650939528187,4.0
2025-09-29,0,2025Q4,False,CONDITIONAL_ON_35_DAY_LAG,2025-07-31,80.0,99.997,49.0,42.0,87.26361790853726,83.64650939528187,4.0
2025-09-29,1,2026Q4,False,CONDITIONAL_ON_35_DAY_LAG,2025-07-31,80.0,99.997,49.0,42.0,87.26361790853726,83.64650939528187,4.0
2025-09-30,0,2025Q4,False,CONDITIONAL_ON_35_DAY_LAG,2025-07-31,80.0,99.997,48.0,41.0,86.70260107803233,83.08549256477694,4.0
2025-09-30,1,2026Q4,False,CONDITIONAL_ON_35_DAY_LAG,2025-07-31,80.0,99.997,48.0,41.0,86.70260107803233,83.08549256477694,4.0
2025-10-09,0,2025Q4,False,CONDITIONAL_ON_35_DAY_LAG,2025-08-29,80.0,100.006,47.0,41.0,87.23876567405956,83.8639681619103,4.0
2025-10-09,1,2026Q4,False,CONDITIONAL_ON_35_DAY_LAG,2025-08-29,80.0,100.006,47.0,41.0,87.23876567405956,83.8639681619103,4.0
2025-10-10,0,2025Q4,False,CONDITIONAL_ON_35_DAY_LAG,2025-08-29,80.0,100.006,47.0,41.0,87.23876567405956,83.8639681619103,4.0
2025-10-10,1,2026Q4,False,CONDITIONAL_ON_35_DAY_LAG,2025-08-29,80.0,100.006,47.0,41.0,87.23876567405956,83.8639681619103,4.0
2025-10-13,0,2025Q4,False,CONDITIONAL_ON_35_DAY_LAG,2025-08-29,80.0,100.006,47.0,41.0,87.23876567405956,83.8639681619103,4.0
2025-10-13,1,2026Q4,False,CONDITIONAL_ON_35_DAY_LAG,2025-08-29,80.0,100.006,47.0,41.0,87.23876567405956,83.8639681619103,4.0
2025-10-14,0,2025Q4,False,CONDITIONAL_ON_35_DAY_LAG,2025-08-29,80.0,100.006,47.0,41.0,87.23876567405956,83.8639681619103,4.0
2025-10-14,1,2026Q4,False,CONDITIONAL_ON_35_DAY_LAG,2025-08-29,80.0,100.006,47.0,41.0,87.23876567405956,83.8639681619103,4.0
2025-10-15,0,2025Q4,False,CONDITIONAL_ON_35_DAY_LAG,2025-08-29,80.0,100.006,47.0,41.0,87.23876567405956,83.8639681619103,4.0
2025-10-15,1,2026Q4,False,CONDITIONAL_ON_35_DAY_LAG,2025-08-29,80.0,100.006,47.0,41.0,87.23876567405956,83.8639681619103,4.0
2025-10-16,0,2025Q4,False,CONDITIONAL_ON_35_DAY_LAG,2025-08-29,80.0,100.006,47.0,41.0,87.23876567405956,83.8639681619103,4.0
2025-10-16,1,2026Q4,False,CONDITIONAL_ON_35_DAY_LAG,2025-08-29,80.0,100.006,47.0,41.0,87.23876567405956,83.8639681619103,4.0
2025-10-17,0,2025Q4,False,CONDITIONAL_ON_35_DAY_LAG,2025-08-29,80.0,100.006,47.0,41.0,87.23876567405956,83.8639681619103,4.0
2025-10-17,1,2026Q4,False,CONDITIONAL_ON_35_DAY_LAG,2025-08-29,80.0,100.006,47.0,41.0,87.23876567405956,83.8639681619103,4.0
2025-10-20,0,2025Q4,False,CONDITIONAL_ON_35_DAY_LAG,2025-08-29,80.0,100.006,47.0,41.0,87.23876567405956,83.8639681619103,4.0
2025-10-20,1,2026Q4,False,CONDITIONAL_ON_35_DAY_LAG,2025-08-29,80.0,100.006,47.0,41.0,87.23876567405956,83.8639681619103,4.0
2025-10-21,0,2025Q4,False,CONDITIONAL_ON_35_DAY_LAG,2025-08-29,80.0,100.006,47.0,41.0,87.23876567405956,83.8639681619103,4.0
2025-10-21,1,2026Q4,False,CONDITIONAL_ON_35_DAY_LAG,2025-08-29,80.0,100.006,47.0,41.0,87.23876567405956,83.8639681619103,4.0
2025-10-22,0,2025Q4,False,CONDITIONAL_ON_35_DAY_LAG,2025-08-29,80.0,100.006,47.0,41.0,87.23876567405956,83.8639681619103,4.0
2025-10-22,1,2026Q4,False,CONDITIONAL_ON_35_DAY_LAG,2025-08-29,80.0,100.006,47.0,41.0,87.23876567405956,83.8639681619103,4.0
2025-10-23,0,2025Q4,False,CONDITIONAL_ON_35_DAY_LAG,2025-08-29,80.0,100.006,47.0,41.0,87.23876567405956,83.8639681619103,4.0
2025-10-23,1,2026Q4,False,CONDITIONAL_ON_35_DAY_LAG,2025-08-29,80.0,100.006,47.0,41.0,87.23876567405956,83.8639681619103,4.0
2025-10-24,0,2025Q4,False,CONDITIONAL_ON_35_DAY_LAG,2025-08-29,80.0,100.006,47.0,41.0,87.23876567405956,83.8639681619103,4.0
2025-10-24,1,2026Q4,False,CONDITIONAL_ON_35_DAY_LAG,2025-08-29,80.0,100.006,47.0,41.0,87.23876567405956,83.8639681619103,4.0
2025-10-27,0,2025Q4,False,CONDITIONAL_ON_35_DAY_LAG,2025-08-29,80.0,100.006,47.0,40.0,87.23876567405956,83.44999300041998,4.0
2025-10-27,1,2026Q4,False,CONDITIONAL_ON_35_DAY_LAG,2025-08-29,80.0,100.006,47.0,40.0,87.23876567405956,83.44999300041998,4.0
2025-10-28,0,2025Q4,False,CONDITIONAL_ON_35_DAY_LAG,2025-08-29,80.0,100.006,47.0,40.0,87.23876567405956,83.44999300041998,4.0
2025-10-28,1,2026Q4,False,CONDITIONAL_ON_35_DAY_LAG,2025-08-29,80.0,100.006,47.0,40.0,87.23876567405956,83.44999300041998,4.0
2025-10-29,0,2025Q4,False,CONDITIONAL_ON_35_DAY_LAG,2025-08-29,80.0,100.006,47.0,40.0,87.23876567405956,83.44999300041998,4.0
2025-10-29,1,2026Q4,False,CONDITIONAL_ON_35_DAY_LAG,2025-08-29,80.0,100.006,47.0,40.0,87.23876567405956,83.44999300041998,4.0
2025-10-30,0,2025Q4,False,CONDITIONAL_ON_35_DAY_LAG,2025-08-29,80.0,100.006,47.0,40.0,87.23876567405956,83.44999300041998,4.0
2025-10-30,1,2026Q4,False,CONDITIONAL_ON_35_DAY_LAG,2025-08-29,80.0,100.006,47.0,40.0,87.23876567405956,83.44999300041998,4.0
2025-10-31,0,2025Q4,False,CONDITIONAL_ON_35_DAY_LAG,2025-08-29,80.0,100.006,47.0,40.0,87.23876567405956,83.44999300041998,4.0
2025-10-31,1,2026Q4,False,CONDITIONAL_ON_35_DAY_LAG,2025-08-29,80.0,100.006,47.0,40.0,87.23876567405956,83.44999300041998,4.0
2025-11-03,0,2025Q4,False,CONDITIONAL_ON_35_DAY_LAG,2025-08-29,80.0,100.006,47.0,40.0,87.23876567405956,83.44999300041998,4.0
2025-11-03,1,2026Q4,False,CONDITIONAL_ON_35_DAY_LAG,2025-08-29,80.0,100.006,47.0,40.0,87.23876567405956,83.44999300041998,4.0
2025-11-04,0,2025Q4,False,CONDITIONAL_ON_35_DAY_LAG,2025-09-30,80.0,99.99900000000001,47.0,40.0,88.02288022880228,84.59984599845997,4.0
2025-11-04,1,2026Q4,False,CONDITIONAL_ON_35_DAY_LAG,2025-09-30,80.0,99.99900000000001,47.0,40.0,88.02288022880228,84.59984599845997,4.0
2025-11-05,0,2025Q4,False,CONDITIONAL_ON_35_DAY_LAG,2025-09-30,80.0,99.99900000000001,47.0,40.0,88.02288022880228,84.59984599845997,4.0
2025-11-05,1,2026Q4,False,CONDITIONAL_ON_35_DAY_LAG,2025-09-30,80.0,99.99900000000001,47.0,40.0,88.02288022880228,84.59984599845997,4.0
2025-11-06,0,2025Q4,False,CONDITIONAL_ON_35_DAY_LAG,2025-09-30,80.0,99.99900000000001,47.0,40.0,88.02288022880228,84.59984599845997,4.0
2025-11-06,1,2026Q4,False,CONDITIONAL_ON_35_DAY_LAG,2025-09-30,80.0,99.99900000000001,47.0,40.0,88.02288022880228,84.59984599845997,4.0
2025-11-07,0,2025Q4,False,CONDITIONAL_ON_35_DAY_LAG,2025-09-30,80.0,99.99900000000001,47.0,40.0,88.02288022880228,84.59984599845997,4.0
2025-11-07,1,2026Q4,False,CONDITIONAL_ON_35_DAY_LAG,2025-09-30,80.0,99.99900000000001,47.0,40.0,88.02288022880228,84.59984599845997,4.0
2025-11-10,0,2025Q4,False,CONDITIONAL_ON_35_DAY_LAG,2025-09-30,80.0,99.99900000000001,47.0,40.0,88.02288022880228,84.59984599845997,4.0
2025-11-10,1,2026Q4,False,CONDITIONAL_ON_35_DAY_LAG,2025-09-30,80.0,99.99900000000001,47.0,40.0,88.02288022880228,84.59984599845997,4.0
2025-11-11,0,2025Q4,False,CONDITIONAL_ON_35_DAY_LAG,2025-09-30,80.0,99.99900000000001,47.0,40.0,88.02288022880228,84.59984599845997,4.0
2025-11-11,1,2026Q4,False,CONDITIONAL_ON_35_DAY_LAG,2025-09-30,80.0,99.99900000000001,47.0,40.0,88.02288022880228,84.59984599845997,4.0
2025-11-12,0,2025Q4,False,CONDITIONAL_ON_35_DAY_LAG,2025-09-30,80.0,99.99900000000001,47.0,40.0,88.02288022880228,84.59984599845997,4.0
2025-11-12,1,2026Q4,False,CONDITIONAL_ON_35_DAY_LAG,2025-09-30,80.0,99.99900000000001,47.0,40.0,88.02288022880228,84.59984599845997,4.0
2025-11-13,0,2025Q4,False,CONDITIONAL_ON_35_DAY_LAG,2025-09-30,80.0,99.99900000000001,47.0,40.0,88.02288022880228,84.59984599845997,4.0
2025-11-13,1,2026Q4,False,CONDITIONAL_ON_35_DAY_LAG,2025-09-30,80.0,99.99900000000001,47.0,40.0,88.02288022880228,84.59984599845997,4.0
2025-11-14,0,2025Q4,False,CONDITIONAL_ON_35_DAY_LAG,2025-09-30,80.0,99.99900000000001,47.0,40.0,88.02288022880228,84.59984599845997,4.0
2025-11-14,1,2026Q4,False,CONDITIONAL_ON_35_DAY_LAG,2025-09-30,80.0,99.99900000000001,47.0,40.0,88.02288022880228,84.59984599845997,4.0
2025-11-17,0,2025Q4,False,CONDITIONAL_ON_35_DAY_LAG,2025-09-30,80.0,99.99900000000001,47.0,39.0,88.02288022880228,84.24284242842428,4.0
2025-11-17,1,2026Q4,False,CONDITIONAL_ON_35_DAY_LAG,2025-09-30,80.0,99.99900000000001,47.0,39.0,88.02288022880228,84.24284242842428,4.0
2025-11-18,0,2025Q4,False,CONDITIONAL_ON_35_DAY_LAG,2025-09-30,80.0,99.99900000000001,47.0,39.0,88.02288022880228,84.24284242842428,4.0
2025-11-18,1,2026Q4,False,CONDITIONAL_ON_35_DAY_LAG,2025-09-30,80.0,99.99900000000001,47.0,39.0,88.02288022880228,84.24284242842428,4.0
2025-11-19,0,2025Q4,False,CONDITIONAL_ON_35_DAY_LAG,2025-09-30,80.0,99.99900000000001,47.0,39.0,88.02288022880228,84.24284242842428,4.0
2025-11-19,1,2026Q4,False,CONDITIONAL_ON_35_DAY_LAG,2025-09-30,80.0,99.99900000000001,47.0,39.0,88.02288022880228,84.24284242842428,4.0
2025-11-20,0,2025Q4,False,CONDITIONAL_ON_35_DAY_LAG,2025-09-30,80.0,99.99900000000001,47.0,40.0,88.02288022880228,84.55484554845548,4.0
2025-11-20,1,2026Q4,False,CONDITIONAL_ON_35_DAY_LAG,2025-09-30,80.0,99.99900000000001,47.0,40.0,88.02288022880228,84.55484554845548,4.0
2025-11-21,0,2025Q4,False,CONDITIONAL_ON_35_DAY_LAG,2025-09-30,80.0,99.99900000000001,47.0,40.0,88.02288022880228,84.55484554845548,4.0
2025-11-21,1,2026Q4,False,CONDITIONAL_ON_35_DAY_LAG,2025-09-30,80.0,99.99900000000001,47.0,40.0,88.02288022880228,84.55484554845548,4.0
2025-11-24,0,2025Q4,False,CONDITIONAL_ON_35_DAY_LAG,2025-09-30,80.0,99.99900000000001,47.0,40.0,88.02288022880228,84.55484554845548,4.0
2025-11-24,1,2026Q4,False,CONDITIONAL_ON_35_DAY_LAG,2025-09-30,80.0,99.99900000000001,47.0,40.0,88.02288022880228,84.55484554845548,4.0
2025-11-25,0,2025Q4,False,CONDITIONAL_ON_35_DAY_LAG,2025-09-30,80.0,99.99900000000001,47.0,39.0,88.02288022880228,83.38883388833887,4.0
2025-11-25,1,2026Q4,False,CONDITIONAL_ON_35_DAY_LAG,2025-09-30,80.0,99.99900000000001,47.0,39.0,88.02288022880228,83.38883388833887,4.0
2025-11-26,0,2025Q4,False,CONDITIONAL_ON_35_DAY_LAG,2025-09-30,80.0,99.99900000000001,47.0,39.0,88.02288022880228,83.38883388833887,4.0
2025-11-26,1,2026Q4,False,CONDITIONAL_ON_35_DAY_LAG,2025-09-30,80.0,99.99900000000001,47.0,39.0,88.02288022880228,83.38883388833887,4.0
2025-11-27,0,2025Q4,False,CONDITIONAL_ON_35_DAY_LAG,2025-09-30,80.0,99.99900000000001,47.0,39.0,88.02288022880228,83.38883388833887,4.0
2025-11-27,1,2026Q4,False,CONDITIONAL_ON_35_DAY_LAG,2025-09-30,80.0,99.99900000000001,47.0,39.0,88.02288022880228,83.38883388833887,4.0
2025-11-28,0,2025Q4,False,CONDITIONAL_ON_35_DAY_LAG,2025-09-30,80.0,99.99900000000001,47.0,39.0,88.02288022880228,83.38883388833887,4.0
2025-11-28,1,2026Q4,False,CONDITIONAL_ON_35_DAY_LAG,2025-09-30,80.0,99.99900000000001,47.0,39.0,88.02288022880228,83.38883388833887,4.0
2025-12-01,0,2025Q4,False,CONDITIONAL_ON_35_DAY_LAG,2025-09-30,80.0,99.99900000000001,47.0,39.0,88.02288022880228,83.38883388833887,4.0
2025-12-01,1,2026Q4,False,CONDITIONAL_ON_35_DAY_LAG,2025-09-30,80.0,99.99900000000001,47.0,39.0,88.02288022880228,83.38883388833887,4.0
2025-12-02,0,2025Q4,False,CONDITIONAL_ON_35_DAY_LAG,2025-09-30,80.0,99.99900000000001,47.0,39.0,88.02288022880228,83.38883388833887,4.0
2025-12-02,1,2026Q4,False,CONDITIONAL_ON_35_DAY_LAG,2025-09-30,80.0,99.99900000000001,47.0,39.0,88.02288022880228,83.38883388833887,4.0
2025-12-03,0,2025Q4,False,CONDITIONAL_ON_35_DAY_LAG,2025-09-30,80.0,99.99900000000001,47.0,39.0,88.02288022880228,83.38883388833887,4.0
2025-12-03,1,2026Q4,False,CONDITIONAL_ON_35_DAY_LAG,2025-09-30,80.0,99.99900000000001,47.0,39.0,88.02288022880228,83.38883388833887,4.0
2025-12-04,0,2025Q4,False,CONDITIONAL_ON_35_DAY_LAG,2025-09-30,80.0,99.99900000000001,47.0,39.0,88.02288022880228,83.38883388833887,4.0
2025-12-04,1,2026Q4,False,CONDITIONAL_ON_35_DAY_LAG,2025-09-30,80.0,99.99900000000001,47.0,39.0,88.02288022880228,83.38883388833887,4.0
2025-12-05,0,2025Q4,False,CONDITIONAL_ON_35_DAY_LAG,2025-10-31,80.0,100.0,47.0,39.0,88.46199999999999,83.92799999999998,4.0
2025-12-05,1,2026Q4,False,CONDITIONAL_ON_35_DAY_LAG,2025-10-31,80.0,100.0,47.0,39.0,88.46199999999999,83.92799999999998,4.0
2025-12-08,0,2025Q4,False,CONDITIONAL_ON_35_DAY_LAG,2025-10-31,80.0,100.0,47.0,39.0,88.46199999999999,83.92799999999998,4.0
2025-12-08,1,2026Q4,False,CONDITIONAL_ON_35_DAY_LAG,2025-10-31,80.0,100.0,47.0,39.0,88.46199999999999,83.92799999999998,4.0
2025-12-09,0,2025Q4,False,CONDITIONAL_ON_35_DAY_LAG,2025-10-31,80.0,100.0,47.0,39.0,88.46199999999999,83.92799999999998,4.0
2025-12-09,1,2026Q4,False,CONDITIONAL_ON_35_DAY_LAG,2025-10-31,80.0,100.0,47.0,39.0,88.46199999999999,83.92799999999998,4.0
2025-12-10,0,2025Q4,False,CONDITIONAL_ON_35_DAY_LAG,2025-10-31,80.0,100.0,47.0,39.0,88.46199999999999,83.92799999999998,4.0
2025-12-10,1,2026Q4,False,CONDITIONAL_ON_35_DAY_LAG,2025-10-31,80.0,100.0,47.0,39.0,88.46199999999999,83.92799999999998,4.0
2025-12-11,0,2025Q4,False,CONDITIONAL_ON_35_DAY_LAG,2025-10-31,80.0,100.0,47.0,39.0,88.46199999999999,83.92799999999998,4.0
2025-12-11,1,2026Q4,False,CONDITIONAL_ON_35_DAY_LAG,2025-10-31,80.0,100.0,47.0,39.0,88.46199999999999,83.92799999999998,4.0
2025-12-12,0,2025Q4,False,CONDITIONAL_ON_35_DAY_LAG,2025-10-31,80.0,100.0,47.0,39.0,88.46199999999999,83.92799999999998,4.0
2025-12-12,1,2026Q4,False,CONDITIONAL_ON_35_DAY_LAG,2025-10-31,80.0,100.0,47.0,39.0,88.46199999999999,83.92799999999998,4.0
2025-12-15,0,2025Q4,False,CONDITIONAL_ON_35_DAY_LAG,2025-10-31,80.0,100.0,47.0,39.0,88.46199999999999,83.92799999999998,4.0
2025-12-15,1,2026Q4,False,CONDITIONAL_ON_35_DAY_LAG,2025-10-31,80.0,100.0,47.0,39.0,88.46199999999999,83.92799999999998,4.0
2025-12-16,0,2025Q4,False,CONDITIONAL_ON_35_DAY_LAG,2025-10-31,80.0,100.0,47.0,39.0,88.46199999999999,83.92799999999998,4.0
2025-12-16,1,2026Q4,False,CONDITIONAL_ON_35_DAY_LAG,2025-10-31,80.0,100.0,47.0,39.0,88.46199999999999,83.92799999999998,4.0
2025-12-17,0,2025Q4,False,CONDITIONAL_ON_35_DAY_LAG,2025-10-31,80.0,100.0,47.0,38.0,88.46199999999999,83.615,4.0
2025-12-17,1,2026Q4,False,CONDITIONAL_ON_35_DAY_LAG,2025-10-31,80.0,100.0,47.0,38.0,88.46199999999999,83.615,4.0
2025-12-18,0,2025Q4,False,CONDITIONAL_ON_35_DAY_LAG,2025-10-31,80.0,100.0,47.0,38.0,88.46199999999999,83.615,4.0
2025-12-18,1,2026Q4,False,CONDITIONAL_ON_35_DAY_LAG,2025-10-31,80.0,100.0,47.0,38.0,88.46199999999999,83.615,4.0
2025-12-19,0,2025Q4,False,CONDITIONAL_ON_35_DAY_LAG,2025-10-31,80.0,100.0,47.0,38.0,88.46199999999999,83.615,4.0
2025-12-19,1,2026Q4,False,CONDITIONAL_ON_35_DAY_LAG,2025-10-31,80.0,100.0,47.0,38.0,88.46199999999999,83.615,4.0
2025-12-22,0,2025Q4,False,CONDITIONAL_ON_35_DAY_LAG,2025-10-31,80.0,100.0,47.0,38.0,88.46199999999999,83.615,4.0
2025-12-22,1,2026Q4,False,CONDITIONAL_ON_35_DAY_LAG,2025-10-31,80.0,100.0,47.0,38.0,88.46199999999999,83.615,4.0
2025-12-23,0,2025Q4,False,CONDITIONAL_ON_35_DAY_LAG,2025-10-31,80.0,100.0,47.0,38.0,88.46199999999999,83.615,4.0
2025-12-23,1,2026Q4,False,CONDITIONAL_ON_35_DAY_LAG,2025-10-31,80.0,100.0,47.0,38.0,88.46199999999999,83.615,4.0
2025-12-24,0,2025Q4,False,CONDITIONAL_ON_35_DAY_LAG,2025-10-31,80.0,100.0,47.0,38.0,88.46199999999999,83.615,4.0
2025-12-24,1,2026Q4,False,CONDITIONAL_ON_35_DAY_LAG,2025-10-31,80.0,100.0,47.0,38.0,88.46199999999999,83.615,4.0
2025-12-25,0,2025Q4,False,CONDITIONAL_ON_35_DAY_LAG,2025-10-31,80.0,100.0,47.0,38.0,88.46199999999999,83.615,4.0
2025-12-25,1,2026Q4,False,CONDITIONAL_ON_35_DAY_LAG,2025-10-31,80.0,100.0,47.0,38.0,88.46199999999999,83.615,4.0
2025-12-26,0,2025Q4,False,CONDITIONAL_ON_35_DAY_LAG,2025-10-31,80.0,100.0,47.0,38.0,88.46199999999999,83.615,4.0
2025-12-26,1,2026Q4,False,CONDITIONAL_ON_35_DAY_LAG,2025-10-31,80.0,100.0,47.0,38.0,88.46199999999999,83.615,4.0
2025-12-29,0,2025Q4,False,CONDITIONAL_ON_35_DAY_LAG,2025-10-31,80.0,100.0,47.0,38.0,88.46199999999999,83.615,4.0
2025-12-29,1,2026Q4,False,CONDITIONAL_ON_35_DAY_LAG,2025-10-31,80.0,100.0,47.0,38.0,88.46199999999999,83.615,4.0
2025-12-30,0,2025Q4,False,CONDITIONAL_ON_35_DAY_LAG,2025-10-31,80.0,100.0,47.0,37.0,88.46199999999999,83.30699999999999,4.0
2025-12-30,1,2026Q4,False,CONDITIONAL_ON_35_DAY_LAG,2025-10-31,80.0,100.0,47.0,37.0,88.46199999999999,83.30699999999999,4.0
2025-12-31,0,2025Q4,False,CONDITIONAL_ON_35_DAY_LAG,2025-10-31,80.0,100.0,47.0,37.0,88.46199999999999,83.30699999999999,4.0
2025-12-31,1,2026Q4,False,CONDITIONAL_ON_35_DAY_LAG,2025-10-31,80.0,100.0,47.0,37.0,88.46199999999999,83.30699999999999,4.0
2026-01-05,0,2026Q4,False,CONDITIONAL_ON_35_DAY_LAG,2025-11-28,80.0,99.999,47.0,36.0,88.71588715887157,81.39181391813918,4.0
2026-01-05,1,2027Q4,False,CONDITIONAL_ON_35_DAY_LAG,2025-11-28,80.0,99.999,46.0,35.0,88.40888408884086,80.9518095180952,4.0
2026-01-06,0,2026Q4,False,CONDITIONAL_ON_35_DAY_LAG,2025-11-28,80.0,99.999,47.0,36.0,88.71588715887157,81.39181391813918,4.0
2026-01-06,1,2027Q4,False,CONDITIONAL_ON_35_DAY_LAG,2025-11-28,80.0,99.999,46.0,35.0,88.40888408884086,80.9518095180952,4.0
2026-01-07,0,2026Q4,False,CONDITIONAL_ON_35_DAY_LAG,2025-11-28,80.0,99.999,47.0,36.0,88.71588715887157,81.39181391813918,4.0
2026-01-07,1,2027Q4,False,CONDITIONAL_ON_35_DAY_LAG,2025-11-28,80.0,99.999,46.0,35.0,88.40888408884086,80.9518095180952,4.0
2026-01-08,0,2026Q4,False,CONDITIONAL_ON_35_DAY_LAG,2025-11-28,80.0,99.999,47.0,36.0,88.71588715887157,81.39181391813918,4.0
2026-01-08,1,2027Q4,False,CONDITIONAL_ON_35_DAY_LAG,2025-11-28,80.0,99.999,46.0,35.0,88.40888408884086,80.9518095180952,4.0
2026-01-09,0,2026Q4,False,CONDITIONAL_ON_35_DAY_LAG,2025-11-28,80.0,99.999,47.0,36.0,88.71588715887157,81.39181391813918,4.0
2026-01-09,1,2027Q4,False,CONDITIONAL_ON_35_DAY_LAG,2025-11-28,80.0,99.999,46.0,35.0,88.40888408884086,80.9518095180952,4.0
2026-01-12,0,2026Q4,False,CONDITIONAL_ON_35_DAY_LAG,2025-11-28,80.0,99.999,47.0,36.0,88.71588715887157,81.39181391813918,4.0
2026-01-12,1,2027Q4,False,CONDITIONAL_ON_35_DAY_LAG,2025-11-28,80.0,99.999,46.0,35.0,88.40888408884086,80.9518095180952,4.0
2026-01-13,0,2026Q4,False,CONDITIONAL_ON_35_DAY_LAG,2025-11-28,80.0,99.999,47.0,36.0,88.71588715887157,81.39181391813918,4.0
2026-01-13,1,2027Q4,False,CONDITIONAL_ON_35_DAY_LAG,2025-11-28,80.0,99.999,46.0,35.0,88.40888408884086,80.9518095180952,4.0
2026-01-14,0,2026Q4,False,CONDITIONAL_ON_35_DAY_LAG,2025-11-28,80.0,99.999,47.0,36.0,88.71588715887157,81.39181391813918,4.0
2026-01-14,1,2027Q4,False,CONDITIONAL_ON_35_DAY_LAG,2025-11-28,80.0,99.999,46.0,35.0,88.40888408884086,80.9518095180952,4.0
2026-01-15,0,2026Q4,False,CONDITIONAL_ON_35_DAY_LAG,2025-11-28,80.0,99.999,47.0,36.0,88.71588715887157,81.39181391813918,4.0
2026-01-15,1,2027Q4,False,CONDITIONAL_ON_35_DAY_LAG,2025-11-28,80.0,99.999,46.0,35.0,88.40888408884086,80.9518095180952,4.0
2026-01-16,0,2026Q4,False,CONDITIONAL_ON_35_DAY_LAG,2025-11-28,80.0,99.999,47.0,36.0,88.71588715887157,81.39181391813918,4.0
2026-01-16,1,2027Q4,False,CONDITIONAL_ON_35_DAY_LAG,2025-11-28,80.0,99.999,46.0,35.0,88.40888408884086,80.9518095180952,4.0
2026-01-19,0,2026Q4,False,CONDITIONAL_ON_35_DAY_LAG,2025-11-28,80.0,99.999,47.0,36.0,88.71588715887157,81.39181391813918,4.0
2026-01-19,1,2027Q4,False,CONDITIONAL_ON_35_DAY_LAG,2025-11-28,80.0,99.999,46.0,35.0,88.40888408884086,80.9518095180952,4.0
2026-01-20,0,2026Q4,False,CONDITIONAL_ON_35_DAY_LAG,2025-11-28,80.0,99.999,47.0,36.0,88.71588715887157,81.39181391813918,4.0
2026-01-20,1,2027Q4,False,CONDITIONAL_ON_35_DAY_LAG,2025-11-28,80.0,99.999,46.0,35.0,88.40888408884086,80.9518095180952,4.0
2026-01-21,0,2026Q4,False,CONDITIONAL_ON_35_DAY_LAG,2025-11-28,80.0,99.999,47.0,36.0,88.71588715887157,81.39181391813918,4.0
2026-01-21,1,2027Q4,False,CONDITIONAL_ON_35_DAY_LAG,2025-11-28,80.0,99.999,46.0,35.0,88.40888408884086,80.9518095180952,4.0
2026-01-22,0,2026Q4,False,CONDITIONAL_ON_35_DAY_LAG,2025-11-28,80.0,99.999,47.0,36.0,88.71588715887157,81.39181391813918,4.0
2026-01-22,1,2027Q4,False,CONDITIONAL_ON_35_DAY_LAG,2025-11-28,80.0,99.999,46.0,35.0,88.40888408884086,80.9518095180952,4.0
2026-01-23,0,2026Q4,False,CONDITIONAL_ON_35_DAY_LAG,2025-11-28,80.0,99.999,47.0,36.0,88.71588715887157,81.39181391813918,4.0
2026-01-23,1,2027Q4,False,CONDITIONAL_ON_35_DAY_LAG,2025-11-28,80.0,99.999,46.0,35.0,88.40888408884086,80.9518095180952,4.0
2026-01-26,0,2026Q4,False,CONDITIONAL_ON_35_DAY_LAG,2025-11-28,80.0,99.999,47.0,36.0,88.71588715887157,81.39181391813918,4.0
2026-01-26,1,2027Q4,False,CONDITIONAL_ON_35_DAY_LAG,2025-11-28,80.0,99.999,46.0,35.0,88.40888408884086,80.9518095180952,4.0
2026-01-27,0,2026Q4,False,CONDITIONAL_ON_35_DAY_LAG,2025-11-28,80.0,99.999,47.0,36.0,88.71588715887157,81.39181391813918,4.0
2026-01-27,1,2027Q4,False,CONDITIONAL_ON_35_DAY_LAG,2025-11-28,80.0,99.999,46.0,35.0,88.40888408884086,80.9518095180952,4.0
2026-01-28,0,2026Q4,False,CONDITIONAL_ON_35_DAY_LAG,2025-11-28,80.0,99.999,47.0,36.0,88.71588715887157,81.39181391813918,4.0
2026-01-28,1,2027Q4,False,CONDITIONAL_ON_35_DAY_LAG,2025-11-28,80.0,99.999,46.0,35.0,88.40888408884086,80.9518095180952,4.0
2026-01-29,0,2026Q4,False,CONDITIONAL_ON_35_DAY_LAG,2025-11-28,80.0,99.999,47.0,37.0,88.71588715887157,81.80381803818037,4.0
2026-01-29,1,2027Q4,False,CONDITIONAL_ON_35_DAY_LAG,2025-11-28,80.0,99.999,46.0,35.0,88.40888408884086,80.9518095180952,4.0
2026-01-30,0,2026Q4,False,CONDITIONAL_ON_35_DAY_LAG,2025-11-28,80.0,99.999,47.0,37.0,88.71588715887157,81.80381803818037,4.0
2026-01-30,1,2027Q4,False,CONDITIONAL_ON_35_DAY_LAG,2025-11-28,80.0,99.999,46.0,36.0,88.40888408884086,81.39181391813918,4.0
2026-02-02,0,2026Q4,False,CONDITIONAL_ON_35_DAY_LAG,2025-11-28,80.0,99.999,47.0,36.0,88.71588715887157,81.60081600816008,4.0
2026-02-02,1,2027Q4,False,CONDITIONAL_ON_35_DAY_LAG,2025-11-28,80.0,99.999,46.0,34.0,88.40888408884086,79.88579885798858,4.0
2026-02-03,0,2026Q4,False,CONDITIONAL_ON_35_DAY_LAG,2025-11-28,80.0,99.999,47.0,36.0,88.71588715887157,81.60081600816008,4.0
2026-02-03,1,2027Q4,False,CONDITIONAL_ON_35_DAY_LAG,2025-11-28,80.0,99.999,46.0,34.0,88.40888408884086,79.88579885798858,4.0
2026-02-04,0,2026Q4,False,CONDITIONAL_ON_35_DAY_LAG,2025-12-31,80.0,99.99699999999999,48.0,38.0,88.0696420892627,81.52844585337562,4.0
2026-02-04,1,2027Q4,False,CONDITIONAL_ON_35_DAY_LAG,2025-12-31,80.0,99.99699999999999,47.0,37.0,87.79563386901607,80.26140784223529,4.0
2026-02-05,0,2026Q4,False,CONDITIONAL_ON_35_DAY_LAG,2025-12-31,80.0,99.99699999999999,48.0,38.0,88.0696420892627,81.52844585337562,4.0
2026-02-05,1,2027Q4,False,CONDITIONAL_ON_35_DAY_LAG,2025-12-31,80.0,99.99699999999999,47.0,37.0,87.79563386901607,80.26140784223529,4.0
2026-02-06,0,2026Q4,False,CONDITIONAL_ON_35_DAY_LAG,2025-12-31,80.0,99.99699999999999,48.0,38.0,88.0696420892627,81.52844585337562,4.0
2026-02-06,1,2027Q4,False,CONDITIONAL_ON_35_DAY_LAG,2025-12-31,80.0,99.99699999999999,47.0,37.0,87.79563386901607,80.26140784223529,4.0
2026-02-09,0,2026Q4,False,CONDITIONAL_ON_35_DAY_LAG,2025-12-31,80.0,99.99699999999999,48.0,39.0,88.0696420892627,82.07746232386974,4.0
2026-02-09,1,2027Q4,False,CONDITIONAL_ON_35_DAY_LAG,2025-12-31,80.0,99.99699999999999,47.0,38.0,87.79563386901607,80.8104243127294,4.0
2026-02-10,0,2026Q4,False,CONDITIONAL_ON_35_DAY_LAG,2025-12-31,80.0,99.99699999999999,48.0,39.0,88.0696420892627,82.07746232386974,4.0
2026-02-10,1,2027Q4,False,CONDITIONAL_ON_35_DAY_LAG,2025-12-31,80.0,99.99699999999999,47.0,38.0,87.79563386901607,80.8104243127294,4.0
2026-02-11,0,2026Q4,False,CONDITIONAL_ON_35_DAY_LAG,2025-12-31,80.0,99.99699999999999,48.0,39.0,88.0696420892627,82.07746232386974,4.0
2026-02-11,1,2027Q4,False,CONDITIONAL_ON_35_DAY_LAG,2025-12-31,80.0,99.99699999999999,47.0,38.0,87.79563386901607,80.8104243127294,4.0
2026-02-12,0,2026Q4,False,CONDITIONAL_ON_35_DAY_LAG,2025-12-31,80.0,99.99699999999999,48.0,39.0,88.0696420892627,82.07746232386974,4.0
2026-02-12,1,2027Q4,False,CONDITIONAL_ON_35_DAY_LAG,2025-12-31,80.0,99.99699999999999,47.0,38.0,87.79563386901607,80.8104243127294,4.0
2026-02-13,0,2026Q4,False,CONDITIONAL_ON_35_DAY_LAG,2025-12-31,80.0,99.99699999999999,48.0,39.0,88.0696420892627,82.07746232386974,5.0
2026-02-13,1,2027Q4,False,CONDITIONAL_ON_35_DAY_LAG,2025-12-31,80.0,99.99699999999999,47.0,38.0,87.79563386901607,80.8104243127294,5.0
2026-02-24,0,2026Q4,False,CONDITIONAL_ON_35_DAY_LAG,2025-12-31,80.0,99.99699999999999,47.0,39.0,87.87663629908899,82.07746232386974,5.0
2026-02-24,1,2027Q4,False,CONDITIONAL_ON_35_DAY_LAG,2025-12-31,80.0,99.99699999999999,46.0,38.0,87.60262807884239,80.8104243127294,5.0
2026-02-25,0,2026Q4,False,CONDITIONAL_ON_35_DAY_LAG,2025-12-31,80.0,99.99699999999999,46.0,37.0,86.82560476814307,80.1724051721552,5.0
2026-02-25,1,2027Q4,False,CONDITIONAL_ON_35_DAY_LAG,2025-12-31,80.0,99.99699999999999,45.0,37.0,86.55159654789645,80.1724051721552,5.0
2026-02-26,0,2026Q4,False,CONDITIONAL_ON_35_DAY_LAG,2025-12-31,80.0,99.99699999999999,45.0,37.0,86.65059951798555,80.1724051721552,5.0
2026-02-26,1,2027Q4,False,CONDITIONAL_ON_35_DAY_LAG,2025-12-31,80.0,99.99699999999999,44.0,37.0,86.37659129773895,80.1724051721552,5.0
2026-02-27,0,2026Q4,False,CONDITIONAL_ON_35_DAY_LAG,2025-12-31,80.0,99.99699999999999,45.0,37.0,86.65059951798555,80.1724051721552,5.0
2026-02-27,1,2027Q4,False,CONDITIONAL_ON_35_DAY_LAG,2025-12-31,80.0,99.99699999999999,44.0,37.0,86.37659129773895,80.1724051721552,5.0
2026-03-02,0,2026Q4,False,CONDITIONAL_ON_35_DAY_LAG,2025-12-31,80.0,99.99699999999999,45.0,35.0,86.65059951798555,79.55038651159538,5.0
2026-03-02,1,2027Q4,False,CONDITIONAL_ON_35_DAY_LAG,2025-12-31,80.0,99.99699999999999,44.0,35.0,86.37659129773895,79.55038651159538,5.0
2026-03-03,0,2026Q4,False,CONDITIONAL_ON_35_DAY_LAG,2025-12-31,80.0,99.99699999999999,45.0,35.0,86.65059951798555,79.55038651159538,5.0
2026-03-03,1,2027Q4,False,CONDITIONAL_ON_35_DAY_LAG,2025-12-31,80.0,99.99699999999999,44.0,35.0,86.37659129773895,79.55038651159538,5.0
2026-03-04,0,2026Q4,False,CONDITIONAL_ON_35_DAY_LAG,2025-12-31,80.0,99.99699999999999,43.0,35.0,84.0415212456374,79.55038651159538,5.0
2026-03-04,1,2027Q4,False,CONDITIONAL_ON_35_DAY_LAG,2025-12-31,80.0,99.99699999999999,42.0,35.0,83.7675130253908,79.55038651159538,5.0
2026-03-05,0,2026Q4,False,CONDITIONAL_ON_35_DAY_LAG,2025-12-31,80.0,99.99699999999999,43.0,35.0,84.0415212456374,79.55038651159538,4.0
2026-03-05,1,2027Q4,False,CONDITIONAL_ON_35_DAY_LAG,2025-12-31,80.0,99.99699999999999,42.0,35.0,83.7675130253908,79.55038651159538,4.0
2026-03-06,0,2026Q4,False,CONDITIONAL_ON_35_DAY_LAG,2026-01-30,80.0,100.0,43.0,35.0,84.699,80.16,4.0
2026-03-06,1,2027Q4,False,CONDITIONAL_ON_35_DAY_LAG,2026-01-30,80.0,100.0,42.0,35.0,84.41000000000001,80.16,4.0
2026-03-09,0,2026Q4,False,CONDITIONAL_ON_35_DAY_LAG,2026-01-30,80.0,100.0,43.0,36.0,84.699,80.50399999999999,4.0
2026-03-09,1,2027Q4,False,CONDITIONAL_ON_35_DAY_LAG,2026-01-30,80.0,100.0,42.0,36.0,84.41000000000001,80.50399999999999,4.0
2026-03-10,0,2026Q4,False,CONDITIONAL_ON_35_DAY_LAG,2026-01-30,80.0,100.0,43.0,36.0,84.699,80.50399999999999,4.0
2026-03-10,1,2027Q4,False,CONDITIONAL_ON_35_DAY_LAG,2026-01-30,80.0,100.0,42.0,36.0,84.41000000000001,80.50399999999999,4.0
2026-03-11,0,2026Q4,False,CONDITIONAL_ON_35_DAY_LAG,2026-01-30,80.0,100.0,43.0,36.0,84.699,80.50399999999999,4.0
2026-03-11,1,2027Q4,False,CONDITIONAL_ON_35_DAY_LAG,2026-01-30,80.0,100.0,42.0,36.0,84.41000000000001,80.50399999999999,4.0
2026-03-12,0,2026Q4,False,CONDITIONAL_ON_35_DAY_LAG,2026-01-30,80.0,100.0,43.0,35.0,84.699,79.868,4.0
2026-03-12,1,2027Q4,False,CONDITIONAL_ON_35_DAY_LAG,2026-01-30,80.0,100.0,42.0,35.0,84.41000000000001,79.868,4.0
2026-03-13,0,2026Q4,False,CONDITIONAL_ON_35_DAY_LAG,2026-01-30,80.0,100.0,44.0,36.0,84.88900000000001,80.106,4.0
2026-03-13,1,2027Q4,False,CONDITIONAL_ON_35_DAY_LAG,2026-01-30,80.0,100.0,43.0,36.0,84.6,80.106,4.0
2026-03-16,0,2026Q4,False,CONDITIONAL_ON_35_DAY_LAG,2026-01-30,80.0,100.0,44.0,36.0,84.88900000000001,80.36599999999999,4.0
2026-03-16,1,2027Q4,False,CONDITIONAL_ON_35_DAY_LAG,2026-01-30,80.0,100.0,43.0,36.0,84.6,80.36599999999999,4.0
2026-03-17,0,2026Q4,False,CONDITIONAL_ON_35_DAY_LAG,2026-01-30,80.0,100.0,44.0,36.0,84.88900000000001,80.36599999999999,4.0
2026-03-17,1,2027Q4,False,CONDITIONAL_ON_35_DAY_LAG,2026-01-30,80.0,100.0,43.0,36.0,84.6,80.36599999999999,4.0
2026-03-18,0,2026Q4,False,CONDITIONAL_ON_35_DAY_LAG,2026-01-30,80.0,100.0,44.0,36.0,84.88900000000001,80.36599999999999,4.0
2026-03-18,1,2027Q4,False,CONDITIONAL_ON_35_DAY_LAG,2026-01-30,80.0,100.0,43.0,36.0,84.6,80.36599999999999,4.0
2026-03-19,0,2026Q4,False,CONDITIONAL_ON_35_DAY_LAG,2026-01-30,80.0,100.0,44.0,36.0,84.88900000000001,80.36599999999999,4.0
2026-03-19,1,2027Q4,False,CONDITIONAL_ON_35_DAY_LAG,2026-01-30,80.0,100.0,43.0,36.0,84.6,80.36599999999999,4.0
2026-03-20,0,2026Q4,False,CONDITIONAL_ON_35_DAY_LAG,2026-01-30,80.0,100.0,44.0,36.0,84.88900000000001,80.36599999999999,4.0
2026-03-20,1,2027Q4,False,CONDITIONAL_ON_35_DAY_LAG,2026-01-30,80.0,100.0,43.0,36.0,84.6,80.36599999999999,4.0
2026-03-23,0,2026Q4,False,CONDITIONAL_ON_35_DAY_LAG,2026-01-30,80.0,100.0,44.0,36.0,84.88900000000001,80.36599999999999,4.0
2026-03-23,1,2027Q4,False,CONDITIONAL_ON_35_DAY_LAG,2026-01-30,80.0,100.0,43.0,36.0,84.6,80.36599999999999,4.0
2026-03-24,0,2026Q4,False,CONDITIONAL_ON_35_DAY_LAG,2026-01-30,80.0,100.0,44.0,36.0,84.88900000000001,80.36599999999999,4.0
2026-03-24,1,2027Q4,False,CONDITIONAL_ON_35_DAY_LAG,2026-01-30,80.0,100.0,43.0,36.0,84.6,80.36599999999999,4.0
2026-03-25,0,2026Q4,False,CONDITIONAL_ON_35_DAY_LAG,2026-01-30,80.0,100.0,44.0,36.0,84.88900000000001,80.36599999999999,4.0
2026-03-25,1,2027Q4,False,CONDITIONAL_ON_35_DAY_LAG,2026-01-30,80.0,100.0,43.0,36.0,84.6,80.36599999999999,4.0
2026-03-26,0,2026Q4,False,CONDITIONAL_ON_35_DAY_LAG,2026-01-30,80.0,100.0,44.0,36.0,84.88900000000001,80.36599999999999,5.0
2026-03-26,1,2027Q4,False,CONDITIONAL_ON_35_DAY_LAG,2026-01-30,80.0,100.0,43.0,36.0,84.6,80.36599999999999,5.0
2026-03-27,0,2026Q4,False,CONDITIONAL_ON_35_DAY_LAG,2026-01-30,80.0,100.0,44.0,36.0,84.88900000000001,80.36599999999999,5.0
2026-03-27,1,2027Q4,False,CONDITIONAL_ON_35_DAY_LAG,2026-01-30,80.0,100.0,43.0,36.0,84.6,80.36599999999999,5.0
2026-03-30,0,2026Q4,False,CONDITIONAL_ON_35_DAY_LAG,2026-01-30,80.0,100.0,44.0,36.0,84.88900000000001,80.36599999999999,5.0
2026-03-30,1,2027Q4,False,CONDITIONAL_ON_35_DAY_LAG,2026-01-30,80.0,100.0,43.0,36.0,84.6,80.36599999999999,5.0
2026-03-31,0,2026Q4,False,CONDITIONAL_ON_35_DAY_LAG,2026-01-30,80.0,100.0,44.0,36.0,84.88900000000001,80.36599999999999,5.0
2026-03-31,1,2027Q4,False,CONDITIONAL_ON_35_DAY_LAG,2026-01-30,80.0,100.0,43.0,36.0,84.6,80.36599999999999,5.0
2026-04-01,0,2026Q4,False,CONDITIONAL_ON_35_DAY_LAG,2026-01-30,80.0,100.0,44.0,36.0,84.88900000000001,80.36599999999999,6.0
2026-04-01,1,2027Q4,False,CONDITIONAL_ON_35_DAY_LAG,2026-01-30,80.0,100.0,43.0,36.0,84.6,80.36599999999999,6.0
2026-04-02,0,2026Q4,False,CONDITIONAL_ON_35_DAY_LAG,2026-01-30,80.0,100.0,44.0,36.0,84.88900000000001,80.36599999999999,6.0
2026-04-02,1,2027Q4,False,CONDITIONAL_ON_35_DAY_LAG,2026-01-30,80.0,100.0,43.0,36.0,84.6,80.36599999999999,6.0
2026-04-03,0,2026Q4,False,CONDITIONAL_ON_35_DAY_LAG,2026-02-27,80.0,99.997,44.0,36.0,84.79954398631958,80.48441453243595,6.0
2026-04-03,1,2027Q4,False,CONDITIONAL_ON_35_DAY_LAG,2026-02-27,80.0,99.997,43.0,36.0,84.48953468604059,80.48441453243595,6.0
2026-04-07,0,2026Q4,False,CONDITIONAL_ON_35_DAY_LAG,2026-02-27,80.0,99.997,44.0,36.0,84.79954398631958,80.48441453243595,6.0
2026-04-07,1,2027Q4,False,CONDITIONAL_ON_35_DAY_LAG,2026-02-27,80.0,99.997,43.0,36.0,84.48953468604059,80.48441453243595,6.0
2026-04-08,0,2026Q4,False,CONDITIONAL_ON_35_DAY_LAG,2026-02-27,80.0,99.997,44.0,37.0,84.79954398631958,81.02343070292109,6.0
2026-04-08,1,2027Q4,False,CONDITIONAL_ON_35_DAY_LAG,2026-02-27,80.0,99.997,43.0,37.0,84.48953468604059,81.02343070292109,6.0
2026-04-09,0,2026Q4,False,CONDITIONAL_ON_35_DAY_LAG,2026-02-27,80.0,99.997,44.0,37.0,84.79954398631958,81.02343070292109,6.0
2026-04-09,1,2027Q4,False,CONDITIONAL_ON_35_DAY_LAG,2026-02-27,80.0,99.997,43.0,37.0,84.48953468604059,81.02343070292109,6.0
2026-04-10,0,2026Q4,False,CONDITIONAL_ON_35_DAY_LAG,2026-02-27,80.0,99.997,44.0,37.0,84.79954398631958,81.02343070292109,7.0
2026-04-10,1,2027Q4,False,CONDITIONAL_ON_35_DAY_LAG,2026-02-27,80.0,99.997,43.0,37.0,84.48953468604059,81.02343070292109,7.0
2026-04-13,0,2026Q4,False,CONDITIONAL_ON_35_DAY_LAG,2026-02-27,80.0,99.997,45.0,37.0,85.24455733672012,81.02343070292109,7.0
2026-04-13,1,2027Q4,False,CONDITIONAL_ON_35_DAY_LAG,2026-02-27,80.0,99.997,44.0,37.0,84.9345480364411,81.02343070292109,7.0
2026-04-14,0,2026Q4,False,CONDITIONAL_ON_35_DAY_LAG,2026-02-27,80.0,99.997,45.0,37.0,85.24455733672012,81.02343070292109,7.0
2026-04-14,1,2027Q4,False,CONDITIONAL_ON_35_DAY_LAG,2026-02-27,80.0,99.997,44.0,37.0,84.9345480364411,81.02343070292109,7.0
2026-04-15,0,2026Q4,False,CONDITIONAL_ON_35_DAY_LAG,2026-02-27,80.0,99.997,45.0,37.0,85.24455733672012,81.02343070292109,7.0
2026-04-15,1,2027Q4,False,CONDITIONAL_ON_35_DAY_LAG,2026-02-27,80.0,99.997,44.0,37.0,84.9345480364411,81.02343070292109,7.0
2026-04-16,0,2026Q4,False,CONDITIONAL_ON_35_DAY_LAG,2026-02-27,80.0,99.997,45.0,37.0,85.24455733672012,81.02343070292109,8.0
2026-04-16,1,2027Q4,False,CONDITIONAL_ON_35_DAY_LAG,2026-02-27,80.0,99.997,44.0,37.0,84.9345480364411,81.02343070292109,8.0
2026-04-17,0,2026Q4,False,CONDITIONAL_ON_35_DAY_LAG,2026-02-27,80.0,99.997,44.0,37.0,84.74354230626919,81.02343070292109,8.0
2026-04-17,1,2027Q4,False,CONDITIONAL_ON_35_DAY_LAG,2026-02-27,80.0,99.997,43.0,37.0,84.43353300599018,81.02343070292109,8.0
2026-04-20,0,2026Q4,False,CONDITIONAL_ON_35_DAY_LAG,2026-02-27,80.0,99.997,45.0,37.0,85.10055301659051,81.02343070292109,8.0
2026-04-20,1,2027Q4,False,CONDITIONAL_ON_35_DAY_LAG,2026-02-27,80.0,99.997,44.0,37.0,84.79054371631149,81.02343070292109,8.0
2026-04-21,0,2026Q4,False,CONDITIONAL_ON_35_DAY_LAG,2026-02-27,80.0,99.997,45.0,37.0,85.10055301659051,81.02343070292109,8.0
2026-04-21,1,2027Q4,False,CONDITIONAL_ON_35_DAY_LAG,2026-02-27,80.0,99.997,44.0,37.0,84.79054371631149,81.02343070292109,8.0
2026-04-22,0,2026Q4,False,CONDITIONAL_ON_35_DAY_LAG,2026-02-27,80.0,99.997,46.0,37.0,85.36156084682541,81.02343070292109,8.0
2026-04-22,1,2027Q4,False,CONDITIONAL_ON_35_DAY_LAG,2026-02-27,80.0,99.997,45.0,37.0,85.0515515465464,81.02343070292109,8.0
2026-04-23,0,2026Q4,False,CONDITIONAL_ON_35_DAY_LAG,2026-02-27,80.0,99.997,47.0,37.0,87.39062171865156,81.02343070292109,8.0
2026-04-23,1,2027Q4,False,CONDITIONAL_ON_35_DAY_LAG,2026-02-27,80.0,99.997,46.0,37.0,87.08061241837255,81.02343070292109,8.0
2026-04-24,0,2026Q4,False,CONDITIONAL_ON_35_DAY_LAG,2026-02-27,80.0,99.997,47.0,36.0,87.39062171865156,80.62641879256378,9.0
2026-04-24,1,2027Q4,False,CONDITIONAL_ON_35_DAY_LAG,2026-02-27,80.0,99.997,46.0,36.0,87.08061241837255,80.62641879256378,9.0
2026-04-27,0,2026Q4,False,CONDITIONAL_ON_35_DAY_LAG,2026-02-27,80.0,99.997,48.0,37.0,87.73563206896208,81.214436433093,9.0
2026-04-27,1,2027Q4,False,CONDITIONAL_ON_35_DAY_LAG,2026-02-27,80.0,99.997,47.0,37.0,87.42562276868307,81.214436433093,9.0
2026-04-28,0,2026Q4,False,CONDITIONAL_ON_35_DAY_LAG,2026-02-27,80.0,99.997,49.0,37.0,87.97763932917988,81.214436433093,8.0
2026-04-28,1,2027Q4,False,CONDITIONAL_ON_35_DAY_LAG,2026-02-27,80.0,99.997,48.0,37.0,87.66763002890086,81.214436433093,8.0
2026-04-29,0,2026Q4,False,CONDITIONAL_ON_35_DAY_LAG,2026-02-27,80.0,99.997,50.0,38.0,88.4786543596308,81.7154514635439,9.0
2026-04-29,1,2027Q4,False,CONDITIONAL_ON_35_DAY_LAG,2026-02-27,80.0,99.997,49.0,38.0,88.16864505935177,81.7154514635439,9.0
2026-04-30,0,2026Q4,False,CONDITIONAL_ON_35_DAY_LAG,2026-02-27,80.0,99.997,50.0,39.0,88.4786543596308,82.26746802404074,8.0
2026-04-30,1,2027Q4,False,CONDITIONAL_ON_35_DAY_LAG,2026-02-27,80.0,99.997,49.0,39.0,88.16864505935177,82.26746802404074,8.0
2026-05-06,0,2026Q4,False,CONDITIONAL_ON_35_DAY_LAG,2026-03-31,80.0,99.99499999999999,50.0,38.0,88.35841792089607,82.09710485524278,8.0
2026-05-06,1,2027Q4,False,CONDITIONAL_ON_35_DAY_LAG,2026-03-31,80.0,99.99499999999999,49.0,38.0,88.08040402020103,82.09710485524278,8.0
2026-05-07,0,2026Q4,False,CONDITIONAL_ON_35_DAY_LAG,2026-03-31,80.0,99.99499999999999,50.0,38.0,88.35841792089607,82.09710485524278,8.0
2026-05-07,1,2027Q4,False,CONDITIONAL_ON_35_DAY_LAG,2026-03-31,80.0,99.99499999999999,49.0,38.0,88.08040402020103,82.09710485524278,8.0
2026-05-08,0,2026Q4,False,CONDITIONAL_ON_35_DAY_LAG,2026-03-31,80.0,99.99499999999999,50.0,38.0,88.35841792089607,82.09710485524278,8.0
2026-05-08,1,2027Q4,False,CONDITIONAL_ON_35_DAY_LAG,2026-03-31,80.0,99.99499999999999,49.0,38.0,88.08040402020103,82.09710485524278,8.0
2026-05-11,0,2026Q4,False,CONDITIONAL_ON_35_DAY_LAG,2026-03-31,80.0,99.99499999999999,50.0,39.0,88.23441172058604,82.46912345617282,7.0
2026-05-11,1,2027Q4,False,CONDITIONAL_ON_35_DAY_LAG,2026-03-31,80.0,99.99499999999999,49.0,39.0,87.956397819891,82.46912345617282,7.0
2026-05-12,0,2026Q4,False,CONDITIONAL_ON_35_DAY_LAG,2026-03-31,80.0,99.99499999999999,50.0,39.0,88.23441172058604,82.46912345617282,8.0
2026-05-12,1,2027Q4,False,CONDITIONAL_ON_35_DAY_LAG,2026-03-31,80.0,99.99499999999999,49.0,39.0,87.956397819891,82.46912345617282,8.0
2026-05-13,0,2026Q4,False,CONDITIONAL_ON_35_DAY_LAG,2026-03-31,80.0,99.99499999999999,50.0,39.0,88.23441172058604,82.46912345617282,9.0
2026-05-13,1,2027Q4,False,CONDITIONAL_ON_35_DAY_LAG,2026-03-31,80.0,99.99499999999999,49.0,39.0,87.956397819891,82.46912345617282,9.0
2026-05-14,0,2026Q4,False,CONDITIONAL_ON_35_DAY_LAG,2026-03-31,80.0,99.99499999999999,49.0,39.0,87.82439121956098,82.46912345617282,9.0
2026-05-14,1,2027Q4,False,CONDITIONAL_ON_35_DAY_LAG,2026-03-31,80.0,99.99499999999999,48.0,39.0,87.54637731886595,82.46912345617282,9.0
2026-05-15,0,2026Q4,False,CONDITIONAL_ON_35_DAY_LAG,2026-03-31,80.0,99.99499999999999,49.0,39.0,87.82439121956098,82.46912345617282,9.0
2026-05-15,1,2027Q4,False,CONDITIONAL_ON_35_DAY_LAG,2026-03-31,80.0,99.99499999999999,48.0,39.0,87.54637731886595,82.46912345617282,9.0
2026-05-18,0,2026Q4,False,CONDITIONAL_ON_35_DAY_LAG,2026-03-31,80.0,99.99499999999999,48.0,38.0,87.54637731886595,81.08905445272265,9.0
2026-05-18,1,2027Q4,False,CONDITIONAL_ON_35_DAY_LAG,2026-03-31,80.0,99.99499999999999,48.0,38.0,87.54637731886595,81.08905445272265,9.0
2026-05-19,0,2026Q4,False,CONDITIONAL_ON_35_DAY_LAG,2026-03-31,80.0,99.99499999999999,48.0,39.0,87.54637731886595,81.42507125356269,9.0
2026-05-19,1,2027Q4,False,CONDITIONAL_ON_35_DAY_LAG,2026-03-31,80.0,99.99499999999999,48.0,39.0,87.54637731886595,81.42507125356269,9.0
2026-05-20,0,2026Q4,False,CONDITIONAL_ON_35_DAY_LAG,2026-03-31,80.0,99.99499999999999,48.0,39.0,87.54637731886595,81.42507125356269,9.0
2026-05-20,1,2027Q4,False,CONDITIONAL_ON_35_DAY_LAG,2026-03-31,80.0,99.99499999999999,48.0,39.0,87.54637731886595,81.42507125356269,9.0
2026-05-21,0,2026Q4,False,CONDITIONAL_ON_35_DAY_LAG,2026-03-31,80.0,99.99499999999999,48.0,39.0,87.54637731886595,81.42507125356269,9.0
2026-05-21,1,2027Q4,False,CONDITIONAL_ON_35_DAY_LAG,2026-03-31,80.0,99.99499999999999,48.0,39.0,87.54637731886595,81.42507125356269,9.0
2026-05-22,0,2026Q4,False,CONDITIONAL_ON_35_DAY_LAG,2026-03-31,80.0,99.99499999999999,48.0,39.0,87.54637731886595,81.42507125356269,9.0
2026-05-22,1,2027Q4,False,CONDITIONAL_ON_35_DAY_LAG,2026-03-31,80.0,99.99499999999999,48.0,39.0,87.54637731886595,81.42507125356269,9.0
2026-05-25,0,2026Q4,False,CONDITIONAL_ON_35_DAY_LAG,2026-03-31,80.0,99.99499999999999,49.0,39.0,88.4434221711086,81.42507125356269,9.0
2026-05-25,1,2027Q4,False,CONDITIONAL_ON_35_DAY_LAG,2026-03-31,80.0,99.99499999999999,49.0,39.0,88.4434221711086,81.42507125356269,9.0
2026-05-26,0,2026Q4,False,CONDITIONAL_ON_35_DAY_LAG,2026-03-31,80.0,99.99499999999999,49.0,39.0,88.4434221711086,81.42507125356269,9.0
2026-05-26,1,2027Q4,False,CONDITIONAL_ON_35_DAY_LAG,2026-03-31,80.0,99.99499999999999,49.0,39.0,88.4434221711086,81.42507125356269,9.0
2026-05-27,0,2026Q4,False,CONDITIONAL_ON_35_DAY_LAG,2026-03-31,80.0,99.99499999999999,49.0,39.0,88.4434221711086,81.42507125356269,9.0
2026-05-27,1,2027Q4,False,CONDITIONAL_ON_35_DAY_LAG,2026-03-31,80.0,99.99499999999999,49.0,39.0,88.4434221711086,81.42507125356269,9.0
2026-05-28,0,2026Q4,False,CONDITIONAL_ON_35_DAY_LAG,2026-03-31,80.0,99.99499999999999,49.0,39.0,88.4434221711086,81.42507125356269,9.0
2026-05-28,1,2027Q4,False,CONDITIONAL_ON_35_DAY_LAG,2026-03-31,80.0,99.99499999999999,49.0,39.0,88.4434221711086,81.42507125356269,9.0
2026-05-29,0,2026Q4,False,CONDITIONAL_ON_35_DAY_LAG,2026-03-31,80.0,99.99499999999999,49.0,39.0,88.4434221711086,81.42507125356269,9.0
2026-05-29,1,2027Q4,False,CONDITIONAL_ON_35_DAY_LAG,2026-03-31,80.0,99.99499999999999,49.0,39.0,88.4434221711086,81.42507125356269,9.0
2026-06-01,0,2026Q4,False,CONDITIONAL_ON_35_DAY_LAG,2026-03-31,80.0,99.99499999999999,49.0,39.0,88.4434221711086,81.42507125356269,9.0
2026-06-01,1,2027Q4,False,CONDITIONAL_ON_35_DAY_LAG,2026-03-31,80.0,99.99499999999999,49.0,39.0,88.4434221711086,81.42507125356269,9.0
2026-06-02,0,2026Q4,False,CONDITIONAL_ON_35_DAY_LAG,2026-03-31,80.0,99.99499999999999,49.0,39.0,88.4434221711086,81.42507125356269,9.0
2026-06-02,1,2027Q4,False,CONDITIONAL_ON_35_DAY_LAG,2026-03-31,80.0,99.99499999999999,49.0,39.0,88.4434221711086,81.42507125356269,9.0
2026-06-03,0,2026Q4,False,CONDITIONAL_ON_35_DAY_LAG,2026-03-31,80.0,99.99499999999999,49.0,39.0,88.4434221711086,81.42507125356269,9.0
2026-06-03,1,2027Q4,False,CONDITIONAL_ON_35_DAY_LAG,2026-03-31,80.0,99.99499999999999,49.0,39.0,88.4434221711086,81.42507125356269,9.0
2026-06-04,0,2026Q4,False,CONDITIONAL_ON_35_DAY_LAG,2026-04-30,80.0,99.99900000000001,49.0,39.0,88.98888988889888,82.23682236822366,9.0
2026-06-04,1,2027Q4,False,CONDITIONAL_ON_35_DAY_LAG,2026-04-30,80.0,99.99900000000001,49.0,39.0,88.98888988889888,82.23682236822366,10.0
2026-06-05,0,2026Q4,False,CONDITIONAL_ON_35_DAY_LAG,2026-04-30,80.0,99.99900000000001,49.0,39.0,88.98888988889888,82.23682236822366,9.0
2026-06-05,1,2027Q4,False,CONDITIONAL_ON_35_DAY_LAG,2026-04-30,80.0,99.99900000000001,49.0,39.0,88.98888988889888,82.23682236822366,10.0
2026-06-08,0,2026Q4,False,CONDITIONAL_ON_35_DAY_LAG,2026-04-30,80.0,99.99900000000001,49.0,39.0,88.98888988889888,82.23682236822366,9.0
2026-06-08,1,2027Q4,False,CONDITIONAL_ON_35_DAY_LAG,2026-04-30,80.0,99.99900000000001,49.0,39.0,88.98888988889888,82.23682236822366,10.0
2026-06-09,0,2026Q4,False,CONDITIONAL_ON_35_DAY_LAG,2026-04-30,80.0,99.99900000000001,49.0,39.0,88.98888988889888,82.23682236822366,9.0
2026-06-09,1,2027Q4,False,CONDITIONAL_ON_35_DAY_LAG,2026-04-30,80.0,99.99900000000001,49.0,39.0,88.98888988889888,82.23682236822366,10.0
2026-06-10,0,2026Q4,False,CONDITIONAL_ON_35_DAY_LAG,2026-04-30,80.0,99.99900000000001,49.0,39.0,88.98888988889888,82.23682236822366,10.0
2026-06-10,1,2027Q4,False,CONDITIONAL_ON_35_DAY_LAG,2026-04-30,80.0,99.99900000000001,49.0,39.0,88.98888988889888,82.23682236822366,10.0
2026-06-11,0,2026Q4,False,CONDITIONAL_ON_35_DAY_LAG,2026-04-30,80.0,99.99900000000001,49.0,39.0,88.98888988889888,82.23682236822366,10.0
2026-06-11,1,2027Q4,False,CONDITIONAL_ON_35_DAY_LAG,2026-04-30,80.0,99.99900000000001,49.0,39.0,88.98888988889888,82.23682236822366,10.0
2026-06-12,0,2026Q4,False,CONDITIONAL_ON_35_DAY_LAG,2026-04-30,80.0,99.99900000000001,49.0,39.0,88.98888988889888,82.23682236822366,10.0
2026-06-12,1,2027Q4,False,CONDITIONAL_ON_35_DAY_LAG,2026-04-30,80.0,99.99900000000001,49.0,39.0,88.98888988889888,82.23682236822366,10.0
2026-06-15,0,2026Q4,False,CONDITIONAL_ON_35_DAY_LAG,2026-04-30,80.0,99.99900000000001,49.0,39.0,88.98888988889888,82.23682236822366,10.0
2026-06-15,1,2027Q4,False,CONDITIONAL_ON_35_DAY_LAG,2026-04-30,80.0,99.99900000000001,49.0,39.0,88.98888988889888,82.23682236822366,10.0
2026-06-16,0,2026Q4,False,CONDITIONAL_ON_35_DAY_LAG,2026-04-30,80.0,99.99900000000001,49.0,39.0,88.98888988889888,82.23682236822366,10.0
2026-06-16,1,2027Q4,False,CONDITIONAL_ON_35_DAY_LAG,2026-04-30,80.0,99.99900000000001,49.0,39.0,88.98888988889888,82.23682236822366,10.0
2026-06-17,0,2026Q4,False,CONDITIONAL_ON_35_DAY_LAG,2026-04-30,80.0,99.99900000000001,49.0,39.0,88.98888988889888,82.23682236822366,10.0
2026-06-17,1,2027Q4,False,CONDITIONAL_ON_35_DAY_LAG,2026-04-30,80.0,99.99900000000001,49.0,39.0,88.98888988889888,82.23682236822366,10.0
2026-06-18,0,2026Q4,False,CONDITIONAL_ON_35_DAY_LAG,2026-04-30,80.0,99.99900000000001,49.0,39.0,88.98888988889888,82.23682236822366,10.0
2026-06-18,1,2027Q4,False,CONDITIONAL_ON_35_DAY_LAG,2026-04-30,80.0,99.99900000000001,49.0,39.0,88.98888988889888,82.23682236822366,10.0
2026-06-22,0,2026Q4,False,CONDITIONAL_ON_35_DAY_LAG,2026-04-30,80.0,99.99900000000001,49.0,39.0,88.98888988889888,82.23682236822366,10.0
2026-06-22,1,2027Q4,False,CONDITIONAL_ON_35_DAY_LAG,2026-04-30,80.0,99.99900000000001,49.0,39.0,88.98888988889888,82.23682236822366,10.0
2026-06-23,0,2026Q4,False,CONDITIONAL_ON_35_DAY_LAG,2026-04-30,80.0,99.99900000000001,49.0,40.0,88.98888988889888,82.77882778827788,10.0
2026-06-23,1,2027Q4,False,CONDITIONAL_ON_35_DAY_LAG,2026-04-30,80.0,99.99900000000001,49.0,40.0,88.98888988889888,82.77882778827788,10.0
2026-06-24,0,2026Q4,False,CONDITIONAL_ON_35_DAY_LAG,2026-04-30,80.0,99.99900000000001,49.0,40.0,88.98888988889888,82.77882778827788,10.0
2026-06-24,1,2027Q4,False,CONDITIONAL_ON_35_DAY_LAG,2026-04-30,80.0,99.99900000000001,49.0,40.0,88.98888988889888,82.77882778827788,10.0
2026-06-25,0,2026Q4,False,CONDITIONAL_ON_35_DAY_LAG,2026-04-30,80.0,99.99900000000001,49.0,40.0,88.98888988889888,82.77882778827788,10.0
2026-06-25,1,2027Q4,False,CONDITIONAL_ON_35_DAY_LAG,2026-04-30,80.0,99.99900000000001,49.0,40.0,88.98888988889888,82.77882778827788,10.0
2026-06-26,0,2026Q4,False,CONDITIONAL_ON_35_DAY_LAG,2026-04-30,80.0,99.99900000000001,49.0,40.0,88.98888988889888,82.77882778827788,10.0
2026-06-26,1,2027Q4,False,CONDITIONAL_ON_35_DAY_LAG,2026-04-30,80.0,99.99900000000001,49.0,40.0,88.98888988889888,82.77882778827788,10.0
2026-06-29,0,2026Q4,False,CONDITIONAL_ON_35_DAY_LAG,2026-04-30,80.0,99.99900000000001,50.0,39.0,89.32289322893229,82.18782187821876,10.0
2026-06-29,1,2027Q4,False,CONDITIONAL_ON_35_DAY_LAG,2026-04-30,80.0,99.99900000000001,50.0,39.0,89.32289322893229,82.18782187821876,10.0
2026-06-30,0,2026Q4,False,CONDITIONAL_ON_35_DAY_LAG,2026-04-30,80.0,99.99900000000001,50.0,39.0,89.32289322893229,82.18782187821876,10.0
2026-06-30,1,2027Q4,False,CONDITIONAL_ON_35_DAY_LAG,2026-04-30,80.0,99.99900000000001,50.0,39.0,89.32289322893229,82.18782187821876,10.0
2026-07-01,0,2026Q4,False,CONDITIONAL_ON_35_DAY_LAG,2026-04-30,80.0,99.99900000000001,50.0,39.0,89.32289322893229,82.18782187821876,10.0
2026-07-01,1,2027Q4,False,CONDITIONAL_ON_35_DAY_LAG,2026-04-30,80.0,99.99900000000001,50.0,39.0,89.32289322893229,82.18782187821876,10.0
2026-07-02,0,2026Q4,False,CONDITIONAL_ON_35_DAY_LAG,2026-04-30,80.0,99.99900000000001,50.0,39.0,89.32289322893229,82.18782187821876,10.0
2026-07-02,1,2027Q4,False,CONDITIONAL_ON_35_DAY_LAG,2026-04-30,80.0,99.99900000000001,50.0,39.0,89.32289322893229,82.18782187821876,10.0
2026-07-03,0,2026Q4,False,CONDITIONAL_ON_35_DAY_LAG,2026-05-29,80.0,99.999,50.0,39.0,89.89889898898991,83.05383053830539,10.0
2026-07-03,1,2027Q4,False,CONDITIONAL_ON_35_DAY_LAG,2026-05-29,80.0,99.999,50.0,39.0,89.89889898898991,83.05383053830539,10.0
2026-07-06,0,2026Q4,False,CONDITIONAL_ON_35_DAY_LAG,2026-05-29,80.0,99.999,51.0,39.0,90.1839018390184,83.05383053830539,10.0
2026-07-06,1,2027Q4,False,CONDITIONAL_ON_35_DAY_LAG,2026-05-29,80.0,99.999,51.0,39.0,90.1839018390184,83.05383053830539,10.0
2026-07-07,0,2026Q4,False,CONDITIONAL_ON_35_DAY_LAG,2026-05-29,80.0,99.999,51.0,39.0,90.1839018390184,83.05383053830539,10.0
2026-07-07,1,2027Q4,False,CONDITIONAL_ON_35_DAY_LAG,2026-05-29,80.0,99.999,51.0,39.0,90.1839018390184,83.05383053830539,10.0
2026-07-08,0,2026Q4,False,CONDITIONAL_ON_35_DAY_LAG,2026-05-29,80.0,99.999,51.0,39.0,90.1839018390184,83.05383053830539,10.0
2026-07-08,1,2027Q4,False,CONDITIONAL_ON_35_DAY_LAG,2026-05-29,80.0,99.999,51.0,39.0,90.1839018390184,83.05383053830539,10.0
2026-07-09,0,2026Q4,False,CONDITIONAL_ON_35_DAY_LAG,2026-05-29,80.0,99.999,51.0,39.0,90.1839018390184,83.05383053830539,10.0
2026-07-09,1,2027Q4,False,CONDITIONAL_ON_35_DAY_LAG,2026-05-29,80.0,99.999,51.0,39.0,90.1839018390184,83.05383053830539,10.0
2026-07-10,0,2026Q4,False,CONDITIONAL_ON_35_DAY_LAG,2026-05-29,80.0,99.999,51.0,40.0,90.1839018390184,83.5518355183552,10.0
2026-07-10,1,2027Q4,False,CONDITIONAL_ON_35_DAY_LAG,2026-05-29,80.0,99.999,51.0,40.0,90.1839018390184,83.5518355183552,10.0
2026-07-13,0,2026Q4,False,CONDITIONAL_ON_35_DAY_LAG,2026-05-29,80.0,99.999,51.0,40.0,90.1839018390184,83.5518355183552,10.0
2026-07-13,1,2027Q4,False,CONDITIONAL_ON_35_DAY_LAG,2026-05-29,80.0,99.999,51.0,40.0,90.1839018390184,83.5518355183552,10.0
2026-07-14,0,2026Q4,False,CONDITIONAL_ON_35_DAY_LAG,2026-05-29,80.0,99.999,51.0,40.0,90.1839018390184,83.5518355183552,10.0
2026-07-14,1,2027Q4,False,CONDITIONAL_ON_35_DAY_LAG,2026-05-29,80.0,99.999,51.0,40.0,90.1839018390184,83.5518355183552,10.0
2026-07-15,0,2026Q4,False,CONDITIONAL_ON_35_DAY_LAG,2026-05-29,80.0,99.999,51.0,40.0,90.1839018390184,83.5518355183552,10.0
2026-07-15,1,2027Q4,False,CONDITIONAL_ON_35_DAY_LAG,2026-05-29,80.0,99.999,51.0,40.0,90.1839018390184,83.5518355183552,10.0
2026-07-16,0,2026Q4,False,CONDITIONAL_ON_35_DAY_LAG,2026-05-29,80.0,99.999,51.0,40.0,90.1839018390184,83.5518355183552,10.0
2026-07-16,1,2027Q4,False,CONDITIONAL_ON_35_DAY_LAG,2026-05-29,80.0,99.999,51.0,40.0,90.1839018390184,83.5518355183552,10.0
2026-07-17,0,2026Q4,False,CONDITIONAL_ON_35_DAY_LAG,2026-05-29,80.0,99.999,51.0,40.0,90.1839018390184,83.5518355183552,10.0
2026-07-17,1,2027Q4,False,CONDITIONAL_ON_35_DAY_LAG,2026-05-29,80.0,99.999,51.0,40.0,90.1839018390184,83.5518355183552,10.0
2026-07-20,0,2026Q4,False,CONDITIONAL_ON_35_DAY_LAG,2026-05-29,80.0,99.999,51.0,41.0,90.1839018390184,83.83683836838371,9.0
2026-07-20,1,2027Q4,False,CONDITIONAL_ON_35_DAY_LAG,2026-05-29,80.0,99.999,51.0,41.0,90.1839018390184,83.83683836838371,9.0
2026-07-21,0,2026Q4,False,CONDITIONAL_ON_35_DAY_LAG,2026-05-29,80.0,99.999,51.0,42.0,90.1839018390184,84.1738417384174,9.0
2026-07-21,1,2027Q4,False,CONDITIONAL_ON_35_DAY_LAG,2026-05-29,80.0,99.999,51.0,42.0,90.1839018390184,84.1738417384174,9.0
2026-07-22,0,2026Q4,False,CONDITIONAL_ON_35_DAY_LAG,2026-05-29,80.0,99.999,51.0,42.0,90.1839018390184,84.1738417384174,9.0
2026-07-22,1,2027Q4,False,CONDITIONAL_ON_35_DAY_LAG,2026-05-29,80.0,99.999,51.0,42.0,90.1839018390184,84.1738417384174,9.0
2026-07-23,0,2026Q4,False,CONDITIONAL_ON_35_DAY_LAG,2026-05-29,80.0,99.999,51.0,42.0,90.1839018390184,84.1738417384174,9.0
2026-07-23,1,2027Q4,False,CONDITIONAL_ON_35_DAY_LAG,2026-05-29,80.0,99.999,51.0,42.0,90.1839018390184,84.1738417384174,9.0
2026-07-24,0,2026Q4,False,CONDITIONAL_ON_35_DAY_LAG,2026-05-29,80.0,99.999,51.0,42.0,90.1839018390184,84.1738417384174,9.0
2026-07-24,1,2027Q4,False,CONDITIONAL_ON_35_DAY_LAG,2026-05-29,80.0,99.999,51.0,42.0,90.1839018390184,84.1738417384174,9.0
2026-07-27,0,2026Q4,False,CONDITIONAL_ON_35_DAY_LAG,2026-05-29,80.0,99.999,51.0,42.0,90.1839018390184,84.1738417384174,9.0
2026-07-27,1,2027Q4,False,CONDITIONAL_ON_35_DAY_LAG,2026-05-29,80.0,99.999,51.0,42.0,90.1839018390184,84.1738417384174,9.0
2026-07-28,0,2026Q4,False,CONDITIONAL_ON_35_DAY_LAG,2026-05-29,80.0,99.999,51.0,42.0,90.1839018390184,84.1738417384174,9.0
2026-07-28,1,2027Q4,False,CONDITIONAL_ON_35_DAY_LAG,2026-05-29,80.0,99.999,51.0,42.0,90.1839018390184,84.1738417384174,9.0
2026-07-29,0,2026Q4,False,CONDITIONAL_ON_35_DAY_LAG,2026-05-29,80.0,99.999,51.0,42.0,90.1839018390184,84.1738417384174,9.0
2026-07-29,1,2027Q4,False,CONDITIONAL_ON_35_DAY_LAG,2026-05-29,80.0,99.999,51.0,42.0,90.1839018390184,84.1738417384174,9.0
2026-07-30,0,2026Q4,False,CONDITIONAL_ON_35_DAY_LAG,2026-05-29,80.0,99.999,51.0,42.0,90.1839018390184,84.1738417384174,9.0
2026-07-30,1,2027Q4,False,CONDITIONAL_ON_35_DAY_LAG,2026-05-29,80.0,99.999,51.0,42.0,90.1839018390184,84.1738417384174,9.0
2026-07-31,0,2026Q4,False,CONDITIONAL_ON_35_DAY_LAG,2026-05-29,80.0,99.999,51.0,42.0,90.1839018390184,84.1738417384174,9.0
2026-07-31,1,2027Q4,False,CONDITIONAL_ON_35_DAY_LAG,2026-05-29,80.0,99.999,51.0,42.0,90.1839018390184,84.1738417384174,9.0
2026-08-03,0,2026Q4,False,CONDITIONAL_ON_35_DAY_LAG,2026-05-29,80.0,99.999,51.0,42.0,90.1839018390184,84.1738417384174,10.0
2026-08-03,1,2027Q4,False,CONDITIONAL_ON_35_DAY_LAG,2026-05-29,80.0,99.999,51.0,42.0,90.1839018390184,84.1738417384174,9.0
2026-08-04,0,2026Q4,False,CONDITIONAL_ON_35_DAY_LAG,2026-06-30,80.0,100.0,50.0,41.0,90.22200000000001,85.03300000000002,10.0
2026-08-04,1,2027Q4,False,CONDITIONAL_ON_35_DAY_LAG,2026-06-30,80.0,100.0,50.0,41.0,90.22200000000001,85.03300000000002,9.0
2026-08-05,0,2026Q4,False,CONDITIONAL_ON_35_DAY_LAG,2026-06-30,80.0,100.0,50.0,41.0,90.22200000000001,85.03300000000002,10.0
2026-08-05,1,2027Q4,False,CONDITIONAL_ON_35_DAY_LAG,2026-06-30,80.0,100.0,50.0,41.0,90.22200000000001,85.03300000000002,9.0
2026-08-06,0,2026Q4,False,CONDITIONAL_ON_35_DAY_LAG,2026-06-30,80.0,100.0,49.0,41.0,89.74100000000001,85.03300000000002,10.0
2026-08-06,1,2027Q4,False,CONDITIONAL_ON_35_DAY_LAG,2026-06-30,80.0,100.0,49.0,41.0,89.74100000000001,85.03300000000002,9.0
2026-08-07,0,2026Q4,False,CONDITIONAL_ON_35_DAY_LAG,2026-06-30,80.0,100.0,49.0,41.0,89.74100000000001,85.03300000000002,11.0
2026-08-07,1,2027Q4,False,CONDITIONAL_ON_35_DAY_LAG,2026-06-30,80.0,100.0,49.0,41.0,89.74100000000001,85.03300000000002,9.0
2026-08-10,0,2026Q4,False,CONDITIONAL_ON_35_DAY_LAG,2026-06-30,80.0,100.0,49.0,41.0,89.74100000000001,85.03300000000002,11.0
2026-08-10,1,2027Q4,False,CONDITIONAL_ON_35_DAY_LAG,2026-06-30,80.0,100.0,49.0,41.0,89.74100000000001,85.03300000000002,9.0
2026-08-11,0,2026Q4,False,CONDITIONAL_ON_35_DAY_LAG,2026-06-30,80.0,100.0,49.0,41.0,89.74100000000001,85.03300000000002,11.0
2026-08-11,1,2027Q4,False,CONDITIONAL_ON_35_DAY_LAG,2026-06-30,80.0,100.0,49.0,41.0,89.74100000000001,85.03300000000002,9.0
2026-08-12,0,2026Q4,False,CONDITIONAL_ON_35_DAY_LAG,2026-06-30,80.0,100.0,49.0,41.0,89.74100000000001,85.03300000000002,11.0
2026-08-12,1,2027Q4,False,CONDITIONAL_ON_35_DAY_LAG,2026-06-30,80.0,100.0,49.0,41.0,89.74100000000001,85.03300000000002,9.0
2026-08-13,0,2026Q4,False,CONDITIONAL_ON_35_DAY_LAG,2026-06-30,80.0,100.0,50.0,41.0,90.01700000000001,85.03300000000002,11.0
2026-08-13,1,2027Q4,False,CONDITIONAL_ON_35_DAY_LAG,2026-06-30,80.0,100.0,50.0,41.0,90.01700000000001,85.03300000000002,9.0
2026-08-14,0,2026Q4,False,CONDITIONAL_ON_35_DAY_LAG,2026-06-30,80.0,100.0,50.0,41.0,90.01700000000001,85.03300000000002,11.0
2026-08-14,1,2027Q4,False,CONDITIONAL_ON_35_DAY_LAG,2026-06-30,80.0,100.0,50.0,41.0,90.01700000000001,85.03300000000002,9.0
2026-08-17,0,2026Q4,False,CONDITIONAL_ON_35_DAY_LAG,2026-06-30,80.0,100.0,50.0,42.0,90.01700000000001,85.15700000000001,11.0
2026-08-17,1,2027Q4,False,CONDITIONAL_ON_35_DAY_LAG,2026-06-30,80.0,100.0,50.0,42.0,90.01700000000001,85.15700000000001,9.0
2026-08-18,0,2026Q4,False,CONDITIONAL_ON_35_DAY_LAG,2026-06-30,80.0,100.0,50.0,42.0,90.01700000000001,85.15700000000001,11.0
2026-08-18,1,2027Q4,False,CONDITIONAL_ON_35_DAY_LAG,2026-06-30,80.0,100.0,50.0,42.0,90.01700000000001,85.15700000000001,9.0
2026-08-19,0,2026Q4,False,CONDITIONAL_ON_35_DAY_LAG,2026-06-30,80.0,100.0,50.0,42.0,90.01700000000001,85.15700000000001,12.0
2026-08-19,1,2027Q4,False,CONDITIONAL_ON_35_DAY_LAG,2026-06-30,80.0,100.0,50.0,42.0,90.01700000000001,85.15700000000001,10.0
2026-08-20,0,2026Q4,False,CONDITIONAL_ON_35_DAY_LAG,2026-06-30,80.0,100.0,50.0,42.0,90.01700000000001,85.15700000000001,12.0
2026-08-20,1,2027Q4,False,CONDITIONAL_ON_35_DAY_LAG,2026-06-30,80.0,100.0,50.0,42.0,90.01700000000001,85.15700000000001,10.0
2026-08-21,0,2026Q4,False,CONDITIONAL_ON_35_DAY_LAG,2026-06-30,80.0,100.0,50.0,42.0,90.01700000000001,85.15700000000001,12.0
2026-08-21,1,2027Q4,False,CONDITIONAL_ON_35_DAY_LAG,2026-06-30,80.0,100.0,50.0,42.0,90.01700000000001,85.15700000000001,10.0
2026-08-24,0,2026Q4,False,CONDITIONAL_ON_35_DAY_LAG,2026-06-30,80.0,100.0,51.0,42.0,90.58900000000001,85.15700000000001,12.0
2026-08-24,1,2027Q4,False,CONDITIONAL_ON_35_DAY_LAG,2026-06-30,80.0,100.0,51.0,42.0,90.58900000000001,85.15700000000001,10.0
2026-08-25,0,2026Q4,False,CONDITIONAL_ON_35_DAY_LAG,2026-06-30,80.0,100.0,51.0,42.0,90.58900000000001,85.15700000000001,12.0
2026-08-25,1,2027Q4,False,CONDITIONAL_ON_35_DAY_LAG,2026-06-30,80.0,100.0,51.0,42.0,90.58900000000001,85.15700000000001,10.0
2026-08-26,0,2026Q4,False,CONDITIONAL_ON_35_DAY_LAG,2026-06-30,80.0,100.0,51.0,42.0,90.58900000000001,85.15700000000001,12.0
2026-08-26,1,2027Q4,False,CONDITIONAL_ON_35_DAY_LAG,2026-06-30,80.0,100.0,51.0,42.0,90.58900000000001,85.15700000000001,10.0
2026-08-27,0,2026Q4,False,CONDITIONAL_ON_35_DAY_LAG,2026-06-30,80.0,100.0,51.0,42.0,90.58900000000001,85.15700000000001,12.0
2026-08-27,1,2027Q4,False,CONDITIONAL_ON_35_DAY_LAG,2026-06-30,80.0,100.0,51.0,42.0,90.58900000000001,85.15700000000001,10.0
2026-08-28,0,2026Q4,False,CONDITIONAL_ON_35_DAY_LAG,2026-06-30,80.0,100.0,51.0,42.0,90.58900000000001,85.15700000000001,12.0
2026-08-28,1,2027Q4,False,CONDITIONAL_ON_35_DAY_LAG,2026-06-30,80.0,100.0,51.0,42.0,90.58900000000001,85.15700000000001,10.0
2026-08-31,0,2026Q4,False,CONDITIONAL_ON_35_DAY_LAG,2026-06-30,80.0,100.0,51.0,42.0,90.58900000000001,85.15700000000001,12.0
2026-08-31,1,2027Q4,False,CONDITIONAL_ON_35_DAY_LAG,2026-06-30,80.0,100.0,51.0,42.0,90.58900000000001,85.15700000000001,10.0
2026-09-01,0,2026Q4,False,CONDITIONAL_ON_35_DAY_LAG,2026-06-30,80.0,100.0,51.0,42.0,90.58900000000001,85.15700000000001,12.0
2026-09-01,1,2027Q4,False,CONDITIONAL_ON_35_DAY_LAG,2026-06-30,80.0,100.0,51.0,42.0,90.58900000000001,85.15700000000001,10.0
2026-09-02,0,2026Q4,False,CONDITIONAL_ON_35_DAY_LAG,2026-06-30,80.0,100.0,51.0,43.0,90.58900000000001,85.81000000000002,12.0
2026-09-02,1,2027Q4,False,CONDITIONAL_ON_35_DAY_LAG,2026-06-30,80.0,100.0,51.0,43.0,90.58900000000001,85.81000000000002,10.0
2026-09-03,0,2026Q4,False,CONDITIONAL_ON_35_DAY_LAG,2026-06-30,80.0,100.0,51.0,44.0,90.58900000000001,86.37100000000001,12.0
2026-09-03,1,2027Q4,False,CONDITIONAL_ON_35_DAY_LAG,2026-06-30,80.0,100.0,51.0,44.0,90.58900000000001,86.37100000000001,10.0
2026-09-04,0,2026Q4,False,CONDITIONAL_ON_35_DAY_LAG,2026-07-31,80.0,100.001,51.0,44.0,89.3051069489305,85.06314936850632,12.0
2026-09-04,1,2027Q4,False,CONDITIONAL_ON_35_DAY_LAG,2026-07-31,80.0,100.001,51.0,44.0,89.3051069489305,85.06314936850632,10.0
2026-09-07,0,2026Q4,False,CONDITIONAL_ON_35_DAY_LAG,2026-07-31,80.0,100.001,50.0,43.0,89.17310826891732,83.98216017839822,32.0
2026-09-07,1,2027Q4,False,CONDITIONAL_ON_35_DAY_LAG,2026-07-31,80.0,100.001,50.0,43.0,89.17310826891732,83.98216017839822,30.0
2026-09-08,0,2026Q4,False,CONDITIONAL_ON_35_DAY_LAG,2026-07-31,80.0,100.001,50.0,43.0,89.17310826891732,83.98216017839822,32.0
2026-09-08,1,2027Q4,False,CONDITIONAL_ON_35_DAY_LAG,2026-07-31,80.0,100.001,50.0,43.0,89.17310826891732,83.98216017839822,30.0
2026-09-09,0,2026Q4,False,CONDITIONAL_ON_35_DAY_LAG,2026-07-31,80.0,100.001,50.0,42.0,89.17310826891732,83.66016339836602,32.0
2026-09-09,1,2027Q4,False,CONDITIONAL_ON_35_DAY_LAG,2026-07-31,80.0,100.001,50.0,42.0,89.17310826891732,83.66016339836602,30.0
2026-09-10,0,2026Q4,False,CONDITIONAL_ON_35_DAY_LAG,2026-07-31,80.0,100.001,50.0,42.0,89.17310826891732,83.66016339836602,32.0
2026-09-10,1,2027Q4,False,CONDITIONAL_ON_35_DAY_LAG,2026-07-31,80.0,100.001,50.0,42.0,89.17310826891732,83.66016339836602,30.0
2026-09-11,0,2026Q4,False,CONDITIONAL_ON_35_DAY_LAG,2026-07-31,80.0,100.001,50.0,42.0,89.17310826891732,83.66016339836602,32.0
2026-09-11,1,2027Q4,False,CONDITIONAL_ON_35_DAY_LAG,2026-07-31,80.0,100.001,50.0,42.0,89.17310826891732,83.66016339836602,30.0
2026-09-14,0,2026Q4,False,CONDITIONAL_ON_35_DAY_LAG,2026-07-31,80.0,100.001,50.0,42.0,89.17310826891732,83.66016339836602,32.0
2026-09-14,1,2027Q4,False,CONDITIONAL_ON_35_DAY_LAG,2026-07-31,80.0,100.001,50.0,42.0,89.17310826891732,83.66016339836602,30.0
2026-09-15,0,2026Q4,False,CONDITIONAL_ON_35_DAY_LAG,2026-07-31,80.0,100.001,50.0,42.0,89.17310826891732,83.66016339836602,32.0
2026-09-15,1,2027Q4,False,CONDITIONAL_ON_35_DAY_LAG,2026-07-31,80.0,100.001,50.0,42.0,89.17310826891732,83.66016339836602,30.0
2026-09-16,0,2026Q4,False,CONDITIONAL_ON_35_DAY_LAG,2026-07-31,80.0,100.001,50.0,42.0,89.17310826891732,83.66016339836602,32.0
2026-09-16,1,2027Q4,False,CONDITIONAL_ON_35_DAY_LAG,2026-07-31,80.0,100.001,50.0,42.0,89.17310826891732,83.66016339836602,30.0
2026-09-17,0,2026Q4,False,CONDITIONAL_ON_35_DAY_LAG,2026-07-31,80.0,100.001,50.0,42.0,89.17310826891732,83.66016339836602,32.0
2026-09-17,1,2027Q4,False,CONDITIONAL_ON_35_DAY_LAG,2026-07-31,80.0,100.001,50.0,42.0,89.17310826891732,83.66016339836602,30.0
2026-09-18,0,2026Q4,False,CONDITIONAL_ON_35_DAY_LAG,2026-07-31,80.0,100.001,50.0,42.0,89.17310826891732,83.66016339836602,32.0
2026-09-18,1,2027Q4,False,CONDITIONAL_ON_35_DAY_LAG,2026-07-31,80.0,100.001,50.0,42.0,89.17310826891732,83.66016339836602,30.0
2026-09-21,0,2026Q4,False,CONDITIONAL_ON_35_DAY_LAG,2026-07-31,80.0,100.001,50.0,42.0,89.17310826891732,83.66016339836602,32.0
2026-09-21,1,2027Q4,False,CONDITIONAL_ON_35_DAY_LAG,2026-07-31,80.0,100.001,50.0,42.0,89.17310826891732,83.66016339836602,30.0
2026-09-22,0,2026Q4,False,CONDITIONAL_ON_35_DAY_LAG,2026-07-31,80.0,100.001,50.0,42.0,89.17310826891732,83.66016339836602,32.0
2026-09-22,1,2027Q4,False,CONDITIONAL_ON_35_DAY_LAG,2026-07-31,80.0,100.001,50.0,42.0,89.17310826891732,83.66016339836602,30.0
2026-09-23,0,2026Q4,False,CONDITIONAL_ON_35_DAY_LAG,2026-07-31,80.0,100.001,50.0,42.0,89.17310826891732,83.66016339836602,32.0
2026-09-23,1,2027Q4,False,CONDITIONAL_ON_35_DAY_LAG,2026-07-31,80.0,100.001,50.0,42.0,89.17310826891732,83.66016339836602,30.0
2026-09-24,0,2026Q4,False,CONDITIONAL_ON_35_DAY_LAG,2026-07-31,80.0,100.001,50.0,42.0,89.17310826891732,83.66016339836602,32.0
2026-09-24,1,2027Q4,False,CONDITIONAL_ON_35_DAY_LAG,2026-07-31,80.0,100.001,50.0,42.0,89.17310826891732,83.66016339836602,30.0
2026-09-28,0,2026Q4,False,CONDITIONAL_ON_35_DAY_LAG,2026-07-31,80.0,100.001,50.0,41.0,89.17310826891732,83.1181688183118,39.0
2026-09-28,1,2027Q4,False,CONDITIONAL_ON_35_DAY_LAG,2026-07-31,80.0,100.001,50.0,41.0,89.17310826891732,83.1181688183118,37.0
