,TSF_Daily_ETFReturn1_absolute_sum_of_changes_20,TSF_Daily_ETFReturn1_mean_abs_change_20,TSF_Daily_ETFReturn1_cid_ce_normalized_20,TSF_Daily_ETFReturn1_count_above_mean_20,TSF_Daily_ETFReturn1_longest_strike_above_mean_20,TSF_Daily_ETFReturn1_skewness_20,TSF_Daily_ETFReturn1_absolute_sum_of_changes_60,TSF_Daily_ETFReturn1_mean_abs_change_60,TSF_Daily_ETFReturn1_cid_ce_normalized_60,TSF_Daily_ETFReturn1_count_above_mean_60,TSF_Daily_ETFReturn1_longest_strike_above_mean_60,TSF_Daily_ETFReturn1_skewness_60,TSF_Daily_ETFRange_absolute_sum_of_changes_20,TSF_Daily_ETFRange_mean_abs_change_20,TSF_Daily_ETFRange_cid_ce_normalized_20,TSF_Daily_ETFRange_count_above_mean_20,TSF_Daily_ETFRange_longest_strike_above_mean_20,TSF_Daily_ETFRange_skewness_20,TSF_Daily_ETFRange_absolute_sum_of_changes_60,TSF_Daily_ETFRange_mean_abs_change_60,TSF_Daily_ETFRange_cid_ce_normalized_60,TSF_Daily_ETFRange_count_above_mean_60,TSF_Daily_ETFRange_longest_strike_above_mean_60,TSF_Daily_ETFRange_skewness_60,TSF_Daily_ETFLogVolumeChange1_absolute_sum_of_changes_20,TSF_Daily_ETFLogVolumeChange1_mean_abs_change_20,TSF_Daily_ETFLogVolumeChange1_cid_ce_normalized_20,TSF_Daily_ETFLogVolumeChange1_count_above_mean_20,TSF_Daily_ETFLogVolumeChange1_longest_strike_above_mean_20,TSF_Daily_ETFLogVolumeChange1_skewness_20,TSF_Daily_ETFLogVolumeChange1_absolute_sum_of_changes_60,TSF_Daily_ETFLogVolumeChange1_mean_abs_change_60,TSF_Daily_ETFLogVolumeChange1_cid_ce_normalized_60,TSF_Daily_ETFLogVolumeChange1_count_above_mean_60,TSF_Daily_ETFLogVolumeChange1_longest_strike_above_mean_60,TSF_Daily_ETFLogVolumeChange1_skewness_60,TSF_Daily_ETFThemeExcessReturn1_absolute_sum_of_changes_20,TSF_Daily_ETFThemeExcessReturn1_mean_abs_change_20,TSF_Daily_ETFThemeExcessReturn1_cid_ce_normalized_20,TSF_Daily_ETFThemeExcessReturn1_count_above_mean_20,TSF_Daily_ETFThemeExcessReturn1_longest_strike_above_mean_20,TSF_Daily_ETFThemeExcessReturn1_skewness_20,TSF_Daily_ETFThemeExcessReturn1_absolute_sum_of_changes_60,TSF_Daily_ETFThemeExcessReturn1_mean_abs_change_60,TSF_Daily_ETFThemeExcessReturn1_cid_ce_normalized_60,TSF_Daily_ETFThemeExcessReturn1_count_above_mean_60,TSF_Daily_ETFThemeExcessReturn1_longest_strike_above_mean_60,TSF_Daily_ETFThemeExcessReturn1_skewness_60,TSF_30m_BarReturn_absolute_sum_of_changes_40,TSF_30m_BarReturn_mean_abs_change_40,TSF_30m_BarReturn_cid_ce_normalized_40,TSF_30m_BarReturn_count_above_mean_40,TSF_30m_BarReturn_longest_strike_above_mean_40,TSF_30m_BarReturn_skewness_40,TSF_30m_BarReturn_absolute_sum_of_changes_80,TSF_30m_BarReturn_mean_abs_change_80,TSF_30m_BarReturn_cid_ce_normalized_80,TSF_30m_BarReturn_count_above_mean_80,TSF_30m_BarReturn_longest_strike_above_mean_80,TSF_30m_BarReturn_skewness_80,TSF_30m_BarVolumeShare_absolute_sum_of_changes_40,TSF_30m_BarVolumeShare_mean_abs_change_40,TSF_30m_BarVolumeShare_cid_ce_normalized_40,TSF_30m_BarVolumeShare_count_above_mean_40,TSF_30m_BarVolumeShare_longest_strike_above_mean_40,TSF_30m_BarVolumeShare_skewness_40,TSF_30m_BarVolumeShare_absolute_sum_of_changes_80,TSF_30m_BarVolumeShare_mean_abs_change_80,TSF_30m_BarVolumeShare_cid_ce_normalized_80,TSF_30m_BarVolumeShare_count_above_mean_80,TSF_30m_BarVolumeShare_longest_strike_above_mean_80,TSF_30m_BarVolumeShare_skewness_80
TSF_Daily_ETFReturn1_absolute_sum_of_changes_20,1.0,1.0,0.10371589350735329,0.0432814028058082,0.021904003094869232,-0.02278548758132846,0.7591109322209971,0.7591109322209971,0.15835833893772572,0.235224010664957,0.20081493368770012,0.05426924393911205,0.7757722830939724,0.7757722830939724,-0.04191177166000462,0.061205291014534854,0.07444302102028885,-0.04305124631779226,0.6521086308013122,0.6521086308013122,0.31715062281272133,0.6003959807626628,0.5072706351323464,-0.4881803193308196,-0.6298021413133277,-0.6298021413133277,-0.3088840859084448,-0.3522195718090906,0.05939763475141814,0.38206381658919775,-0.762691758900849,-0.762691758900849,-0.2662431217997954,-0.45824282866600174,0.17884001663047164,0.3398123729057731,-0.03781305915913988,-0.03781305915913988,0.02117310867378769,0.06102708034201591,0.04854441252165302,-0.11050398602791454,-0.27970250980149763,-0.27970250980149763,0.02993453770491518,0.20466327862056122,-0.208350561064328,-0.37468747728363905,0.6789978275322045,0.6789978275322045,-0.1580687567976545,-0.03595825234833189,0.03359209792962761,-0.0019856522549436856,0.7858010175271698,0.7858010175271698,-0.1955050779000776,-0.02399221879794447,-0.016310252363326977,-0.01040158665253589,-0.5629946119460694,-0.5629946119460694,-0.52866739545868,-0.2186522015396496,0.1239134313915417,0.2066017429812044,-0.5870170431628461,-0.5870170431628461,-0.5800169680583256,-0.2933789395400544,0.030122584609386,0.2540755885273673
TSF_Daily_ETFReturn1_mean_abs_change_20,1.0,1.0,0.10371589350735329,0.0432814028058082,0.021904003094869232,-0.02278548758132846,0.7591109322209971,0.7591109322209971,0.15835833893772572,0.235224010664957,0.20081493368770012,0.05426924393911205,0.7757722830939724,0.7757722830939724,-0.04191177166000462,0.061205291014534854,0.07444302102028885,-0.04305124631779226,0.6521086308013122,0.6521086308013122,0.31715062281272133,0.6003959807626628,0.5072706351323464,-0.4881803193308196,-0.6298021413133277,-0.6298021413133277,-0.3088840859084448,-0.3522195718090906,0.05939763475141814,0.38206381658919775,-0.762691758900849,-0.762691758900849,-0.2662431217997954,-0.45824282866600174,0.17884001663047164,0.3398123729057731,-0.03781305915913988,-0.03781305915913988,0.02117310867378769,0.06102708034201591,0.04854441252165302,-0.11050398602791454,-0.27970250980149763,-0.27970250980149763,0.02993453770491518,0.20466327862056122,-0.208350561064328,-0.37468747728363905,0.6789978275322045,0.6789978275322045,-0.1580687567976545,-0.03595825234833189,0.03359209792962761,-0.0019856522549436856,0.7858010175271698,0.7858010175271698,-0.1955050779000776,-0.02399221879794447,-0.016310252363326977,-0.01040158665253589,-0.5629946119460694,-0.5629946119460694,-0.52866739545868,-0.2186522015396496,0.1239134313915417,0.2066017429812044,-0.5870170431628461,-0.5870170431628461,-0.5800169680583256,-0.2933789395400544,0.030122584609386,0.2540755885273673
TSF_Daily_ETFReturn1_cid_ce_normalized_20,0.10371589350735329,0.10371589350735329,1.0,0.057114138279258674,-0.16596366796911088,-0.07238072984903991,0.13453451931687463,0.13453451931687463,0.5103200693231366,0.241258933796086,0.086274189315639,-0.13268561277063062,-0.1273250829626786,-0.1273250829626786,0.2492589965479737,0.06938254574313923,-0.18837856853319643,-0.23266278904809193,-0.07033687074892536,-0.07033687074892536,0.029480971664343443,-0.05699667266200131,-0.08689772436420563,-0.07016288063213917,-0.10739089677579075,-0.10739089677579075,0.1153666630505231,-0.029829040053790657,0.014016479178430718,0.12736602883457257,-0.03824630417770352,-0.03824630417770352,0.13947762960624951,-0.050721759147717906,0.03653186780119452,0.06186409450996375,-0.07781826083091768,-0.07781826083091768,0.15046507225550085,0.1260778840868413,0.1355920012577896,-0.001560304001501242,-0.07256673223488075,-0.07256673223488075,-0.0156971088030442,0.24894794153591895,0.17801793522316486,-0.15670338863901195,-0.0974307021716333,-0.0974307021716333,-0.04304023098812514,0.10522998279374723,0.038521082087412235,-0.020063477228031232,-0.08727045137816795,-0.08727045137816795,-0.007056598210287094,0.10008489316139153,0.04626145128004306,-0.04555706691812773,-0.07376654733392861,-0.07376654733392861,-0.09138506643968411,-0.010501164809243234,0.13529698829698714,0.09623793112080979,-0.07033677423302985,-0.07033677423302985,-0.07972083371581005,-0.04361480013364913,0.07823743659286694,0.18085480070876414
TSF_Daily_ETFReturn1_count_above_mean_20,0.0432814028058082,0.0432814028058082,0.057114138279258674,1.0,0.4544465656449478,-0.654490038968086,0.05187443477045345,0.05187443477045345,0.06524650570287384,0.3633414103945163,0.31342593798155616,-0.2904190996588433,0.06711024980040874,0.06711024980040874,0.08380284675085671,0.12530164371298275,0.08487835724053812,-0.04098574405178193,-0.07340932244495171,-0.07340932244495171,0.05552362006862783,0.043245297723360096,-0.03613136363872781,-0.09035295711805809,-0.043334051882131366,-0.043334051882131366,0.2975161818242827,0.17821893066065486,0.037055826200115015,-0.21753649858226515,-0.06945051274294481,-0.06945051274294481,0.2248747845548438,0.20748919045078534,-0.06507781140702674,-0.29624309224709305,-0.014783491838262074,-0.014783491838262074,0.08599427937082282,0.044272505257963286,-0.09027629232771395,0.017895370382094444,-0.11608574285931939,-0.11608574285931939,0.21280277472581302,0.29190145050434696,-0.07464933990310925,-0.1426358408115865,0.006221167069267084,0.006221167069267084,-0.08188101347726094,-0.0008843657615240698,0.04312089782302849,0.06647936960645219,0.011393555450957497,0.011393555450957497,-0.02216821447829737,0.06876770823848692,0.10907156493875017,0.026867783485240906,0.019358673477699363,0.019358673477699363,-0.020843752277805223,0.03827422902866511,0.12220524236141338,-0.03174614353022687,0.056762008534702445,0.056762008534702445,-0.003288210272714125,0.00025541588285998986,0.1118897995832245,-0.010787153953759612
TSF_Daily_ETFReturn1_longest_strike_above_mean_20,0.021904003094869232,0.021904003094869232,-0.16596366796911088,0.4544465656449478,1.0,-0.15645870628191955,0.04400125468716335,0.04400125468716335,-0.02284237866346554,0.20024761001166547,0.25097776472984146,-0.27498700598823106,0.133511122207718,0.133511122207718,0.0005889169961605975,-0.0753679253696858,0.06944896895745771,0.20452250965534063,0.033342136045820626,0.033342136045820626,0.13586502261095407,-0.02770255638209666,-0.07782758400622931,0.04308055535765136,0.0373264200222502,0.0373264200222502,0.1777107482854757,0.05035479968729667,-0.03340968732139326,-0.14939782594500534,-0.04100112751032821,-0.04100112751032821,0.07495013588408293,-0.006930947106083516,-0.019173716386726294,-0.062335848582626294,-0.014923131996527129,-0.014923131996527129,0.13274652052534874,0.06850016886793073,0.00025128011151031264,-0.035399946440714467,-0.006836834280325804,-0.006836834280325804,0.15847916085893476,0.12490700948950258,-0.2046449860330648,0.04089473628161339,0.05410343935305979,0.05410343935305979,0.035312274906444854,0.033630844335784706,-0.07627170813981396,0.006446943991243521,0.03364321018936027,0.03364321018936027,0.06762596036204863,0.10732875273039424,-0.07298474444800203,-0.03453206777883182,0.019799869969054397,0.019799869969054397,0.12358228958290583,0.20824550774266046,0.06180315644107682,-0.11879939477481247,0.037115301035708176,0.037115301035708176,0.12950820124658957,0.17402791762197034,0.05076839765851754,-0.10005418661587574
TSF_Daily_ETFReturn1_skewness_20,-0.02278548758132846,-0.02278548758132846,-0.07238072984903991,-0.654490038968086,-0.15645870628191955,1.0,-0.12800224706574767,-0.12800224706574767,-0.33398737618153745,-0.14294108220182652,-0.036282581725223195,0.43953677434580635,-0.07734063238006225,-0.07734063238006225,-0.13232203705712672,-0.10141602371316369,-0.08742026356413711,0.010004255922825932,-0.046979344641061266,-0.046979344641061266,0.10682719963050825,-0.015286309478927979,-0.10976068682288631,-0.03177476533622224,0.15282123176976847,0.15282123176976847,-0.22086080907040076,-0.03962922763444208,-0.024891919198728314,0.07231018723278786,0.058687652793593545,0.058687652793593545,-0.11844903236455166,0.049323286756730186,0.1288301979591011,0.062379384909187124,0.10873475918399597,0.10873475918399597,-0.04733119669726764,0.07428845832854554,0.1404591604321145,-0.0783991361274212,0.0017640301686332053,0.0017640301686332053,-0.14533430430586855,-0.05173589115609932,0.05964089943144969,0.11084469822443482,0.021224426215371947,0.021224426215371947,0.0140093852834083,0.10626971950983397,0.12133677597432675,-0.17728149452432412,0.03623353611553857,0.03623353611553857,-0.05700344089969652,0.028058792093690894,0.0427030966676766,-0.12889460054130888,0.02084601069822169,0.02084601069822169,0.01575859738135572,-0.11614203367265068,-0.15491927278267514,0.047002522955557596,0.036783746269113404,0.036783746269113404,0.015234312195583298,-0.12619994294244524,-0.12528896279176333,0.051952634082431386
TSF_Daily_ETFReturn1_absolute_sum_of_changes_60,0.7591109322209971,0.7591109322209971,0.13453451931687463,0.05187443477045345,0.04400125468716335,-0.12800224706574767,1.0,1.0,0.22435836644690693,0.3292228391312479,0.3933085048073635,-0.08858694747266638,0.49324483098865823,0.49324483098865823,0.20060056886090996,0.2596862394609968,0.040863600841398964,-0.211869053401836,0.754384999677853,0.754384999677853,0.2533110557227422,0.686762117694173,0.7069038855866312,-0.583820402690977,-0.6555424846726806,-0.6555424846726806,-0.006114856622871568,-0.3347561997092938,-0.2038602332278815,0.4027355708915219,-0.8903760577461148,-0.8903760577461148,-0.14442421473956407,-0.5595847366943477,0.1754956058339605,0.35154938223790083,-0.37719575750511997,-0.37719575750511997,0.11937710526677753,0.13747623949287227,-0.05879549792256093,-0.11983057240090722,-0.5094082624655418,-0.5094082624655418,0.05166232616406795,0.2502063559012783,-0.17990646725722323,-0.49090662166415,0.5997852836015599,0.5997852836015599,-0.042865819625194646,-0.07350377544236682,-0.05006328234433338,0.11233721623012734,0.6675760140209953,0.6675760140209953,-0.04529169505059156,-0.028259388489571484,-0.06824312651418908,0.13672005136977625,-0.5768933012972027,-0.5768933012972027,-0.5071740324912387,-0.3113213581209137,0.11216634491267731,0.2800360804629071,-0.6327089955746414,-0.6327089955746414,-0.5725359917819941,-0.36950680729698837,0.02279663285852379,0.318342036128242
TSF_Daily_ETFReturn1_mean_abs_change_60,0.7591109322209971,0.7591109322209971,0.13453451931687463,0.05187443477045345,0.04400125468716335,-0.12800224706574767,1.0,1.0,0.22435836644690693,0.3292228391312479,0.3933085048073635,-0.08858694747266638,0.49324483098865823,0.49324483098865823,0.20060056886090996,0.2596862394609968,0.040863600841398964,-0.211869053401836,0.754384999677853,0.754384999677853,0.2533110557227422,0.686762117694173,0.7069038855866312,-0.583820402690977,-0.6555424846726806,-0.6555424846726806,-0.006114856622871568,-0.3347561997092938,-0.2038602332278815,0.4027355708915219,-0.8903760577461148,-0.8903760577461148,-0.14442421473956407,-0.5595847366943477,0.1754956058339605,0.35154938223790083,-0.37719575750511997,-0.37719575750511997,0.11937710526677753,0.13747623949287227,-0.05879549792256093,-0.11983057240090722,-0.5094082624655418,-0.5094082624655418,0.05166232616406795,0.2502063559012783,-0.17990646725722323,-0.49090662166415,0.5997852836015599,0.5997852836015599,-0.042865819625194646,-0.07350377544236682,-0.05006328234433338,0.11233721623012734,0.6675760140209953,0.6675760140209953,-0.04529169505059156,-0.028259388489571484,-0.06824312651418908,0.13672005136977625,-0.5768933012972027,-0.5768933012972027,-0.5071740324912387,-0.3113213581209137,0.11216634491267731,0.2800360804629071,-0.6327089955746414,-0.6327089955746414,-0.5725359917819941,-0.36950680729698837,0.02279663285852379,0.318342036128242
TSF_Daily_ETFReturn1_cid_ce_normalized_60,0.15835833893772572,0.15835833893772572,0.5103200693231366,0.06524650570287384,-0.02284237866346554,-0.33398737618153745,0.22435836644690693,0.22435836644690693,1.0,0.22279844502078425,-0.0974451447796452,-0.4126895509270956,0.04354833688901566,0.04354833688901566,0.07320714341042903,-0.063227497639634,-0.009610091437293886,-0.04820274556106785,-0.07098990340657774,-0.07098990340657774,-0.08781828303617385,0.08674388648936958,0.12480880691125715,-0.13280868016016134,-0.01409179524192515,-0.01409179524192515,0.18688434633479978,-0.0446531047199798,0.01952881168302587,0.12905396649816087,0.013145768979344224,0.013145768979344224,0.2458960283257695,-0.2154080036955146,-0.1253333385586565,0.21811045225817802,-0.030698798355530105,-0.030698798355530105,0.13886113437728262,-0.1263781883735001,-0.055962073371539224,0.07750190573472318,-0.03904850495330931,-0.03904850495330931,0.03942772399365705,0.10521686944200608,0.16826592142465066,-0.24053499832198186,-0.021913234594677554,-0.021913234594677554,-0.0008107969192612771,-0.05635665602124437,-0.14428032234668603,0.0905771643391245,0.007957971762549435,0.007957971762549435,0.07384941039861527,-0.04625640379745553,-0.031080841453982735,0.03996403536522419,-0.1086321638794316,-0.1086321638794316,0.0423858568060248,0.11242374138700553,0.1806480061173982,-0.06265346322493026,-0.12538453129784696,-0.12538453129784696,0.0884721328374924,0.130710913528535,0.21050552040064485,-0.008144744624307837
TSF_Daily_ETFReturn1_count_above_mean_60,0.235224010664957,0.235224010664957,0.241258933796086,0.3633414103945163,0.20024761001166547,-0.14294108220182652,0.3292228391312479,0.3292228391312479,0.22279844502078425,1.0,0.6258394655423464,-0.5481935688377337,0.013314536414779718,0.013314536414779718,0.06854628747984227,0.15083721062827862,0.33393635494103924,-0.2405820110992018,-0.015072889723908684,-0.015072889723908684,0.02406760200494683,0.2337047403115301,0.10709145669288692,-0.2759710286996063,0.052171180825169805,0.052171180825169805,0.41833487701393274,0.1364501836332522,0.04293727310088761,-0.130262908464335,-0.2658225768306343,-0.2658225768306343,0.5154562444394633,0.16070773949135347,0.07272572179466026,-0.35548476004195084,-0.15508979112337087,-0.15508979112337087,0.09105600607502785,0.13931981968583182,0.1414143408817787,-0.13064608049865134,-0.41724075132742366,-0.41724075132742366,0.3870661540793893,0.5291062225721862,0.2324878531522349,-0.5500309996131738,0.03859668162770112,0.03859668162770112,-0.12417213338521652,0.059433285988140266,0.1066562455204843,-0.01658497016719617,0.09611341088828106,0.09611341088828106,-0.13523649894625067,0.09737964227182933,0.21630724436282853,-0.07089126828962736,0.010642963705734141,0.010642963705734141,0.03896397918397091,-0.1588380199073972,0.10634636679759492,0.19015425574830067,0.02475726797549226,0.02475726797549226,0.01423838734586512,-0.24477738229909513,0.07727706647901296,0.29568982472557065
TSF_Daily_ETFReturn1_longest_strike_above_mean_60,0.20081493368770012,0.20081493368770012,0.086274189315639,0.31342593798155616,0.25097776472984146,-0.036282581725223195,0.3933085048073635,0.3933085048073635,-0.0974451447796452,0.6258394655423464,1.0,-0.28929076790488045,0.13180996019648658,0.13180996019648658,0.17418344101654093,0.1066244650098742,0.1452505869891159,-0.13476073133862496,0.2050596430352937,0.2050596430352937,0.15238767334609948,0.19027641546533516,0.2813080911293893,-0.26053930905567385,-0.1432841371536552,-0.1432841371536552,0.29585623369613834,0.00027120883382484825,-0.04504312514623915,-0.04922470467653681,-0.340127041565867,-0.340127041565867,0.2754560523453372,0.03507598000853372,0.0715119967786664,-0.25717763833331253,-0.10001203375249582,-0.10001203375249582,0.19555922499177836,0.14718941634191213,0.046337185168242624,-0.168375872335517,-0.3573095811288772,-0.3573095811288772,0.25930383365580695,0.3043868213780233,-0.07256552844378457,-0.36885822753899405,0.1044441421272427,0.1044441421272427,0.03751715993795704,0.03903939103869424,0.13534177037054126,-0.015303914535064961,0.14873194355689293,0.14873194355689293,0.08680631484405807,0.11354168379159751,0.22394493676000504,-0.09957051443987969,0.02159192326271889,0.02159192326271889,-0.0766784663761581,-0.2388169459951447,0.03163872184935064,0.12920908410379287,-0.0005501371357091828,-0.0005501371357091828,-0.12891455516893136,-0.3202226387989718,-0.04461174987482854,0.1664728285583115
TSF_Daily_ETFReturn1_skewness_60,0.05426924393911205,0.05426924393911205,-0.13268561277063062,-0.2904190996588433,-0.27498700598823106,0.43953677434580635,-0.08858694747266638,-0.08858694747266638,-0.4126895509270956,-0.5481935688377337,-0.28929076790488045,1.0,0.10006841099006267,0.10006841099006267,-0.1293417994044986,0.11056109142974598,-0.19069370125839988,-0.07484886238676895,0.05760031621079851,0.05760031621079851,0.045867360863267065,0.06879149211640243,-0.08893791065008651,-0.17434247627514105,-0.23010720617479768,-0.23010720617479768,-0.43750876855150406,-0.06752498412387044,-0.0025063078315910488,0.10615127009165624,-0.06358645882273735,-0.06358645882273735,-0.39349842220367365,-0.003471453137883192,0.13760402047933024,0.2677144286379263,0.0701827261164203,0.0701827261164203,-0.09543311395967878,0.12587206580512125,-0.029643371653973086,-0.06881537502615181,-0.06567445229357438,-0.06567445229357438,-0.3730389713727059,-0.16135972541163246,-0.024791222115699237,0.18767851523035423,0.16881964618849435,0.16881964618849435,-0.026422134176755176,0.04856026570910666,0.12148146673532279,-0.04323835185256237,0.13771834507661668,0.13771834507661668,-0.07215281784506106,0.022338358546456258,0.04226013950452764,0.035537663326714236,-0.15891431396807632,-0.15891431396807632,-0.24741685169004102,-0.05728973225637693,-0.12583676774779665,-0.08068283579118216,-0.14942914829403262,-0.14942914829403262,-0.26992674594619637,-0.058432412967176536,-0.10790984975412812,-0.15542557065262635
TSF_Daily_ETFRange_absolute_sum_of_changes_20,0.7757722830939724,0.7757722830939724,-0.1273250829626786,0.06711024980040874,0.133511122207718,-0.07734063238006225,0.49324483098865823,0.49324483098865823,0.04354833688901566,0.013314536414779718,0.13180996019648658,0.10006841099006267,1.0,1.0,-0.06250952263750689,-0.17854128172852474,0.10751196255546817,0.28808375011803095,0.6079584229765884,0.6079584229765884,0.14190907132703268,0.2567778503352159,0.40001294670844456,-0.1973187404035823,-0.4978386031671854,-0.4978386031671854,-0.36944770360974577,-0.2601590114165943,0.17135179962660832,0.18755612672079755,-0.5248890764661127,-0.5248890764661127,-0.40453973882204236,-0.422853059496466,0.020237671396831594,0.3679001156109536,0.2727774458145472,0.2727774458145472,0.14403027504662574,0.058567461892811555,0.041396022327129856,-0.1838904883480906,0.08300622499023877,0.08300622499023877,0.08762632473111447,0.021542416399327798,-0.3843876184846697,-0.1401596533053475,0.642045797556411,0.642045797556411,-0.06923723148373584,-0.09872964587369776,-0.04239182913111838,0.045601962265920025,0.7550083268485416,0.7550083268485416,-0.04412898024134261,-0.13405468464626333,-0.13309437756392795,0.06015277351170989,-0.27521522542860993,-0.27521522542860993,-0.33434469548457263,-0.15386074892832163,0.058949468429019033,0.07584022003843774,-0.2925870592967589,-0.2925870592967589,-0.35781665630647935,-0.2009129430659204,-0.049274060236792226,0.09659343329974289
TSF_Daily_ETFRange_mean_abs_change_20,0.7757722830939724,0.7757722830939724,-0.1273250829626786,0.06711024980040874,0.133511122207718,-0.07734063238006225,0.49324483098865823,0.49324483098865823,0.04354833688901566,0.013314536414779718,0.13180996019648658,0.10006841099006267,1.0,1.0,-0.06250952263750689,-0.17854128172852474,0.10751196255546817,0.28808375011803095,0.6079584229765884,0.6079584229765884,0.14190907132703268,0.2567778503352159,0.40001294670844456,-0.1973187404035823,-0.4978386031671854,-0.4978386031671854,-0.36944770360974577,-0.2601590114165943,0.17135179962660832,0.18755612672079755,-0.5248890764661127,-0.5248890764661127,-0.40453973882204236,-0.422853059496466,0.020237671396831594,0.3679001156109536,0.2727774458145472,0.2727774458145472,0.14403027504662574,0.058567461892811555,0.041396022327129856,-0.1838904883480906,0.08300622499023877,0.08300622499023877,0.08762632473111447,0.021542416399327798,-0.3843876184846697,-0.1401596533053475,0.642045797556411,0.642045797556411,-0.06923723148373584,-0.09872964587369776,-0.04239182913111838,0.045601962265920025,0.7550083268485416,0.7550083268485416,-0.04412898024134261,-0.13405468464626333,-0.13309437756392795,0.06015277351170989,-0.27521522542860993,-0.27521522542860993,-0.33434469548457263,-0.15386074892832163,0.058949468429019033,0.07584022003843774,-0.2925870592967589,-0.2925870592967589,-0.35781665630647935,-0.2009129430659204,-0.049274060236792226,0.09659343329974289
TSF_Daily_ETFRange_cid_ce_normalized_20,-0.04191177166000462,-0.04191177166000462,0.2492589965479737,0.08380284675085671,0.0005889169961605975,-0.13232203705712672,0.20060056886090996,0.20060056886090996,0.07320714341042903,0.06854628747984227,0.17418344101654093,-0.1293417994044986,-0.06250952263750689,-0.06250952263750689,1.0,0.35336514604750396,-0.3389238856565691,-0.3604407579720923,0.21260096819029284,0.21260096819029284,0.11533488496089823,0.02202056157832484,0.18255616262193955,-0.1085029689040837,-0.12034881877279213,-0.12034881877279213,0.25026606471784346,-0.041147963290653206,-0.2035515838652067,-0.034109469011040366,-0.1562590988426598,-0.1562590988426598,0.061721336338108106,0.009725262361820817,-0.03667891155368509,-0.10030108074885782,-0.2441752304949654,-0.2441752304949654,0.1010083671195084,0.0012121221566943825,0.038712229836012635,0.13480883033167243,-0.11724284426468201,-0.11724284426468201,0.05484790539372922,0.12516921757431382,-0.013221509151538328,-0.1118939057254153,-0.004420936291150233,-0.004420936291150233,0.08091660126591096,-0.0030726207422796616,-0.048217679865116665,0.11643590095705134,-0.03147639414177292,-0.03147639414177292,0.04667612683346015,0.05071995884766584,-0.016379349739954436,0.04618188950799393,-0.038842078238100326,-0.038842078238100326,-0.06281568441697355,-0.06790148165957087,0.09981318444725824,0.10509354132432162,-0.07099746822230905,-0.07099746822230905,-0.05587458003648289,-0.10607572084929617,-0.0626300269594891,0.1493642692728785
TSF_Daily_ETFRange_count_above_mean_20,0.061205291014534854,0.061205291014534854,0.06938254574313923,0.12530164371298275,-0.0753679253696858,-0.10141602371316369,0.2596862394609968,0.2596862394609968,-0.063227497639634,0.15083721062827862,0.1066244650098742,0.11056109142974598,-0.17854128172852474,-0.17854128172852474,0.35336514604750396,1.0,0.17628179735141128,-0.7250111063170567,0.12092474834157796,0.12092474834157796,0.1652032883003435,0.31061118771119056,0.1525529447279571,-0.39611445270272955,-0.2248738246193524,-0.2248738246193524,0.14048490283296192,0.05311459657591295,-0.08983622651866131,-0.07049179599453774,-0.3071094125978702,-0.3071094125978702,0.08815989844910381,0.06873709081348253,0.06906819785242191,-0.1655840226123277,-0.3149160557748455,-0.3149160557748455,-0.023803125915858814,-0.14678937581706933,-0.10114134038098868,-0.0194601999304027,-0.3673682471019127,-0.3673682471019127,0.10037972594180734,0.2541822979677118,0.1125483164876916,-0.23795488623452274,0.1307188871738449,0.1307188871738449,-0.09222812305071074,-0.03591703542782691,0.08384498432539643,0.05930954113133609,0.11200852475036578,0.11200852475036578,-0.03454893820279416,0.04252993236372166,0.0933646342733885,0.0688428744171736,-0.201329027912407,-0.201329027912407,-0.252572088777874,-0.09110984614128083,0.06642825729596251,0.12121485150930117,-0.21419462757093563,-0.21419462757093563,-0.28295045424791904,-0.12492377440256561,0.01142470295558487,0.16491709904480484
TSF_Daily_ETFRange_longest_strike_above_mean_20,0.07444302102028885,0.07444302102028885,-0.18837856853319643,0.08487835724053812,0.06944896895745771,-0.08742026356413711,0.040863600841398964,0.040863600841398964,-0.009610091437293886,0.33393635494103924,0.1452505869891159,-0.19069370125839988,0.10751196255546817,0.10751196255546817,-0.3389238856565691,0.17628179735141128,1.0,-0.08100345819357255,-0.04353934534858368,-0.04353934534858368,-0.11968712921643167,0.031222151774637392,0.08617290932642939,-0.006688603025351921,0.1083162083566231,0.1083162083566231,0.08955463419032153,0.26335304837341494,0.19725683849884484,-0.2512677873321272,-0.08944199880555574,-0.08944199880555574,0.24806016309896362,0.13566766775770728,0.09211877316999235,-0.22093409977191156,0.056296849229847346,0.056296849229847346,0.03543881044345976,-0.16962580120683235,-0.09266166195244031,-0.13108875905449238,-0.1488335069820233,-0.1488335069820233,0.30665003789274414,0.0429190858368607,0.00028480078907556117,-0.19155556801496704,0.042605423655336455,0.042605423655336455,-0.07766738711612588,0.07034725464912521,0.06382092431296224,-0.10378966585107875,0.11983270536179935,0.11983270536179935,0.013821704520427434,0.08830325249896373,0.1006236769862502,0.016191194382515494,0.08920347289255079,0.08920347289255079,0.02343142822706098,-0.08317169390626473,-0.028263392828917978,0.052449091402367976,0.12686055870358354,0.12686055870358354,0.04010248397542137,-0.1412481071321886,0.03875103162901018,0.048606015638115944
TSF_Daily_ETFRange_skewness_20,-0.04305124631779226,-0.04305124631779226,-0.23266278904809193,-0.04098574405178193,0.20452250965534063,0.010004255922825932,-0.211869053401836,-0.211869053401836,-0.04820274556106785,-0.2405820110992018,-0.13476073133862496,-0.07484886238676895,0.28808375011803095,0.28808375011803095,-0.3604407579720923,-0.7250111063170567,-0.08100345819357255,1.0,0.01427322890283558,0.01427322890283558,-0.14663829525346334,-0.23214174626055317,-0.005428601847736099,0.39418525029700546,0.19338223472109797,0.19338223472109797,-0.24901565790169097,-0.05615457387822315,0.12076305166775743,0.14785075897290395,0.2674842202269218,0.2674842202269218,-0.1718772192850943,-0.12024185536792883,-0.2256742466298121,0.21422876200721463,0.3600438520684053,0.3600438520684053,0.014557767363460232,0.023501074295121556,0.01377740354462425,0.0917206833943213,0.4244685949438332,0.4244685949438332,-0.058246773569407925,-0.35255780268719683,-0.3271500576110131,0.2771425201090124,-0.0576548295168703,-0.0576548295168703,0.03637111274603787,0.04149388011191023,-0.07348609469118265,-0.11653021514913695,-0.02297562271138818,-0.02297562271138818,0.09655086476052488,-0.05568664169054247,-0.14795942018467306,-0.1091862023091387,0.1802487948680696,0.1802487948680696,0.16361886982629162,0.073130970509533,-0.05232914682382469,-0.12589496207419576,0.18067403798971235,0.18067403798971235,0.17682318842118042,0.16334902965648737,-0.04618521312922242,-0.15527499386902469
TSF_Daily_ETFRange_absolute_sum_of_changes_60,0.6521086308013122,0.6521086308013122,-0.07033687074892536,-0.07340932244495171,0.033342136045820626,-0.046979344641061266,0.754384999677853,0.754384999677853,-0.07098990340657774,-0.015072889723908684,0.2050596430352937,0.05760031621079851,0.6079584229765884,0.6079584229765884,0.21260096819029284,0.12092474834157796,-0.04353934534858368,0.01427322890283558,1.0,1.0,0.23568241080705818,0.40379031932324955,0.6179470637839872,-0.14105206215674698,-0.6724958148906206,-0.6724958148906206,-0.2557943741661775,-0.3449225498438487,-0.08746187186850733,0.398805766348816,-0.7893818904164528,-0.7893818904164528,-0.5409625462498109,-0.6138635116815255,0.06168358244004199,0.39363871902773867,-0.2689012941126058,-0.2689012941126058,0.11401917457363075,0.049799970922613894,0.04549813722056213,-0.07921281119426529,-0.08673764980827936,-0.08673764980827936,0.24190823090748353,-0.08680076970972904,-0.2462011470651484,-0.1878568073778823,0.5519180756750601,0.5519180756750601,-0.010324659806183637,-0.1954673346786947,-0.13818801139005743,0.17671025814094005,0.6265434433190528,0.6265434433190528,0.01795074728036192,-0.2590545631978016,-0.2753865142554797,0.28834965053869355,-0.38788364461267644,-0.38788364461267644,-0.5100114775959685,-0.3656144258577018,-0.05292930688950531,0.32233840416264886,-0.4154557577643449,-0.4154557577643449,-0.5895735631651707,-0.4354479096874509,-0.1509680988767536,0.3651680126216169
TSF_Daily_ETFRange_mean_abs_change_60,0.6521086308013122,0.6521086308013122,-0.07033687074892536,-0.07340932244495171,0.033342136045820626,-0.046979344641061266,0.754384999677853,0.754384999677853,-0.07098990340657774,-0.015072889723908684,0.2050596430352937,0.05760031621079851,0.6079584229765884,0.6079584229765884,0.21260096819029284,0.12092474834157796,-0.04353934534858368,0.01427322890283558,1.0,1.0,0.23568241080705818,0.40379031932324955,0.6179470637839872,-0.14105206215674698,-0.6724958148906206,-0.6724958148906206,-0.2557943741661775,-0.3449225498438487,-0.08746187186850733,0.398805766348816,-0.7893818904164528,-0.7893818904164528,-0.5409625462498109,-0.6138635116815255,0.06168358244004199,0.39363871902773867,-0.2689012941126058,-0.2689012941126058,0.11401917457363075,0.049799970922613894,0.04549813722056213,-0.07921281119426529,-0.08673764980827936,-0.08673764980827936,0.24190823090748353,-0.08680076970972904,-0.2462011470651484,-0.1878568073778823,0.5519180756750601,0.5519180756750601,-0.010324659806183637,-0.1954673346786947,-0.13818801139005743,0.17671025814094005,0.6265434433190528,0.6265434433190528,0.01795074728036192,-0.2590545631978016,-0.2753865142554797,0.28834965053869355,-0.38788364461267644,-0.38788364461267644,-0.5100114775959685,-0.3656144258577018,-0.05292930688950531,0.32233840416264886,-0.4154557577643449,-0.4154557577643449,-0.5895735631651707,-0.4354479096874509,-0.1509680988767536,0.3651680126216169
TSF_Daily_ETFRange_cid_ce_normalized_60,0.31715062281272133,0.31715062281272133,0.029480971664343443,0.05552362006862783,0.13586502261095407,0.10682719963050825,0.2533110557227422,0.2533110557227422,-0.08781828303617385,0.02406760200494683,0.15238767334609948,0.045867360863267065,0.14190907132703268,0.14190907132703268,0.11533488496089823,0.1652032883003435,-0.11968712921643167,-0.14663829525346334,0.23568241080705818,0.23568241080705818,1.0,0.5256375757611832,-0.03252273640268313,-0.4316249037662102,-0.1618004554802429,-0.1618004554802429,-0.050396740604318,-0.15279944826796277,0.17860522173899884,0.1692266700103445,-0.30620122097328933,-0.30620122097328933,-0.12762783263124594,-0.12003352879017685,0.18365089079641575,0.01979748899089808,-0.01853210434000372,-0.01853210434000372,0.001265238874050999,-0.1569319414369792,-0.0624915866117641,0.3060608378731333,-0.06545785519247586,-0.06545785519247586,-0.10591084609113184,-0.024677291307522765,-0.34786528968076275,0.3316957385303869,0.26668931893366205,0.26668931893366205,-0.04525411040866396,-0.037796830549484205,-0.062358388289682265,0.10049079592282201,0.2865181529209202,0.2865181529209202,-0.06478859913223507,0.027886431858619914,-0.027695787628790804,0.1356948920815516,-0.3197177678994849,-0.3197177678994849,-0.29793895046285684,0.027081314210148158,0.13906735882749666,-0.10395607511656618,-0.3428936828358606,-0.3428936828358606,-0.30655289917862283,0.01910157057384278,0.031673635420798416,-0.012476529308419483
TSF_Daily_ETFRange_count_above_mean_60,0.6003959807626628,0.6003959807626628,-0.05699667266200131,0.043245297723360096,-0.02770255638209666,-0.015286309478927979,0.686762117694173,0.686762117694173,0.08674388648936958,0.2337047403115301,0.19027641546533516,0.06879149211640243,0.2567778503352159,0.2567778503352159,0.02202056157832484,0.31061118771119056,0.031222151774637392,-0.23214174626055317,0.40379031932324955,0.40379031932324955,0.5256375757611832,1.0,0.5590376046650948,-0.8313315298908508,-0.34051746966556906,-0.34051746966556906,-0.04999804661263134,-0.28551004426737575,-0.029799068391706193,0.3675847179304919,-0.6509017680842647,-0.6509017680842647,-0.02287003497464341,-0.32071230029320075,0.09891418983378414,0.15910800921298768,-0.28248601745960594,-0.28248601745960594,-0.15880696541248862,-0.010670158867620076,-0.09783278869107682,0.04004464864502672,-0.5486841215357526,-0.5486841215357526,-0.24744173897419927,0.22309928257006728,-0.031330054407042486,-0.40294602193791557,0.4808366479299791,0.4808366479299791,-0.11472408761398559,-0.02117080243478057,0.03320782185169048,0.051163138139026745,0.5154848516621751,0.5154848516621751,-0.154777245840599,-0.01639663570068492,0.07444674494522066,0.11798506023914489,-0.5430021702549161,-0.5430021702549161,-0.45267909149548635,-0.1212997582371897,0.1371945397648204,0.11324406945378424,-0.5588095113182838,-0.5588095113182838,-0.48673039855994427,-0.18356175824022974,0.04957881584502978,0.20099400939461332
TSF_Daily_ETFRange_longest_strike_above_mean_60,0.5072706351323464,0.5072706351323464,-0.08689772436420563,-0.03613136363872781,-0.07782758400622931,-0.10976068682288631,0.7069038855866312,0.7069038855866312,0.12480880691125715,0.10709145669288692,0.2813080911293893,-0.08893791065008651,0.40001294670844456,0.40001294670844456,0.18255616262193955,0.1525529447279571,0.08617290932642939,-0.005428601847736099,0.6179470637839872,0.6179470637839872,-0.03252273640268313,0.5590376046650948,1.0,-0.43434587555162096,-0.4061933992299008,-0.4061933992299008,-0.06367946929443262,-0.3001803823726614,-0.21304363379774843,0.35070892668135106,-0.6106145981501205,-0.6106145981501205,-0.09886561432966033,-0.4670844575987383,-0.1728747460818976,0.21479840887237456,-0.2463240892406742,-0.2463240892406742,-0.08448918287644855,0.008344698204517656,0.0037391473193431747,-0.19167553474849391,-0.3814860849952289,-0.3814860849952289,-0.05451862200819577,0.033988770612154655,-0.10574014253788973,-0.5593788887044364,0.40583635064214735,0.40583635064214735,-0.026992507405686893,-0.09693999945173633,-0.028988004675401646,0.08356934376881824,0.4626621698626813,0.4626621698626813,0.033516838689938384,-0.16628503366290026,-0.05629916015061921,0.13916290636743767,-0.2884195324112478,-0.2884195324112478,-0.3714421089472215,-0.3201586649586108,-0.013252103419870122,0.32087305406720656,-0.32322386782223056,-0.32322386782223056,-0.45197917368512736,-0.40556269287931623,-0.05682198190379173,0.3664782555891185
TSF_Daily_ETFRange_skewness_60,-0.4881803193308196,-0.4881803193308196,-0.07016288063213917,-0.09035295711805809,0.04308055535765136,-0.03177476533622224,-0.583820402690977,-0.583820402690977,-0.13280868016016134,-0.2759710286996063,-0.26053930905567385,-0.17434247627514105,-0.1973187404035823,-0.1973187404035823,-0.1085029689040837,-0.39611445270272955,-0.006688603025351921,0.39418525029700546,-0.14105206215674698,-0.14105206215674698,-0.4316249037662102,-0.8313315298908508,-0.43434587555162096,1.0,0.3185402430512517,0.3185402430512517,-0.06394136791892578,0.1695691760076692,0.05566448277642853,-0.14493089141319948,0.5424738137932482,0.5424738137932482,-0.17672144130735212,0.11830950964971186,-0.11650514959156062,-0.06225906843777532,0.21724636051499924,0.21724636051499924,0.12354764985366137,-0.13393398975529033,0.052545432919735076,0.1060275640607165,0.6659313566526346,0.6659313566526346,0.32088225013744076,-0.4438253566691723,0.005319698726191282,0.45615636778501173,-0.45920276865727655,-0.45920276865727655,0.09340033918007229,-0.03526258525202588,-0.10117376803281569,-0.06781804027310409,-0.4799487174915284,-0.4799487174915284,0.11320803552504322,-0.10727369958521317,-0.20854149812088285,-0.0186436880843228,0.4632239534638269,0.4632239534638269,0.3713472500502558,0.10909554468574463,-0.15954373040537348,-0.06870596504265346,0.5123580434768229,0.5123580434768229,0.40670635558575857,0.1402723678316061,-0.11546585539469187,-0.11495872120427619
TSF_Daily_ETFLogVolumeChange1_absolute_sum_of_changes_20,-0.6298021413133277,-0.6298021413133277,-0.10739089677579075,-0.043334051882131366,0.0373264200222502,0.15282123176976847,-0.6555424846726806,-0.6555424846726806,-0.01409179524192515,0.052171180825169805,-0.1432841371536552,-0.23010720617479768,-0.4978386031671854,-0.4978386031671854,-0.12034881877279213,-0.2248738246193524,0.1083162083566231,0.19338223472109797,-0.6724958148906206,-0.6724958148906206,-0.1618004554802429,-0.34051746966556906,-0.4061933992299008,0.3185402430512517,1.0,1.0,0.35118884892586627,0.4457781997245039,0.13173618850365543,-0.35249032681592996,0.7060143033263667,0.7060143033263667,0.45892828573641714,0.4816553514278704,-0.23120253534169127,-0.4332552699989937,0.24413203686602566,0.24413203686602566,-0.0965965593245728,-0.20614064590075667,-0.044278948756601606,0.25776476262434217,0.16832319630461667,0.16832319630461667,-0.02321167012644552,-0.16923357195217575,0.24408386432209475,0.21043409523917309,-0.5253210718249564,-0.5253210718249564,0.06889621389767427,0.10516186211234844,0.02579055670703577,-0.08586093424460152,-0.5900245619598385,-0.5900245619598385,0.07399497634207605,0.12588742321845467,0.05455281872113912,-0.14729242640452408,0.48901921841229046,0.48901921841229046,0.440635106078181,0.1577536679719405,-0.026213930257841963,-0.20172851663008798,0.5416286554343683,0.5416286554343683,0.49071402145763965,0.21065481492371735,0.0058661755896745,-0.19892428073513418
TSF_Daily_ETFLogVolumeChange1_mean_abs_change_20,-0.6298021413133277,-0.6298021413133277,-0.10739089677579075,-0.043334051882131366,0.0373264200222502,0.15282123176976847,-0.6555424846726806,-0.6555424846726806,-0.01409179524192515,0.052171180825169805,-0.1432841371536552,-0.23010720617479768,-0.4978386031671854,-0.4978386031671854,-0.12034881877279213,-0.2248738246193524,0.1083162083566231,0.19338223472109797,-0.6724958148906206,-0.6724958148906206,-0.1618004554802429,-0.34051746966556906,-0.4061933992299008,0.3185402430512517,1.0,1.0,0.35118884892586627,0.4457781997245039,0.13173618850365543,-0.35249032681592996,0.7060143033263667,0.7060143033263667,0.45892828573641714,0.4816553514278704,-0.23120253534169127,-0.4332552699989937,0.24413203686602566,0.24413203686602566,-0.0965965593245728,-0.20614064590075667,-0.044278948756601606,0.25776476262434217,0.16832319630461667,0.16832319630461667,-0.02321167012644552,-0.16923357195217575,0.24408386432209475,0.21043409523917309,-0.5253210718249564,-0.5253210718249564,0.06889621389767427,0.10516186211234844,0.02579055670703577,-0.08586093424460152,-0.5900245619598385,-0.5900245619598385,0.07399497634207605,0.12588742321845467,0.05455281872113912,-0.14729242640452408,0.48901921841229046,0.48901921841229046,0.440635106078181,0.1577536679719405,-0.026213930257841963,-0.20172851663008798,0.5416286554343683,0.5416286554343683,0.49071402145763965,0.21065481492371735,0.0058661755896745,-0.19892428073513418
TSF_Daily_ETFLogVolumeChange1_cid_ce_normalized_20,-0.3088840859084448,-0.3088840859084448,0.1153666630505231,0.2975161818242827,0.1777107482854757,-0.22086080907040076,-0.006114856622871568,-0.006114856622871568,0.18688434633479978,0.41833487701393274,0.29585623369613834,-0.43750876855150406,-0.36944770360974577,-0.36944770360974577,0.25026606471784346,0.14048490283296192,0.08955463419032153,-0.24901565790169097,-0.2557943741661775,-0.2557943741661775,-0.050396740604318,-0.04999804661263134,-0.06367946929443262,-0.06394136791892578,0.35118884892586627,0.35118884892586627,1.0,0.1908393519020596,-0.19957764503785,-0.4015935510251767,0.10073485710066261,0.10073485710066261,0.651064713900896,0.3293231793033804,0.027240292305979713,-0.47502376286506676,-0.3768430132165262,-0.3768430132165262,0.022957611313306897,0.060422541095515474,-0.059435188262486664,0.0421498048550034,-0.34448210614563807,-0.34448210614563807,0.19593706322014945,0.24225592633688792,0.17757114328395274,-0.21146519494392024,-0.21768861665818265,-0.21768861665818265,0.10621036498015293,0.021971048522402305,-0.022622764610567805,0.11810948013763599,-0.2660939807899327,-0.2660939807899327,0.12806444524185046,0.09920303679970982,0.0991591446947242,0.09135068525920795,0.15816110754132834,0.15816110754132834,0.2892228351121978,0.12921273133655423,0.1519695132605916,-0.011345455759264976,0.16094709581945985,0.16094709581945985,0.3326583940428207,0.12443266544751846,0.14460915249369366,0.008925309945229333
TSF_Daily_ETFLogVolumeChange1_count_above_mean_20,-0.3522195718090906,-0.3522195718090906,-0.029829040053790657,0.17821893066065486,0.05035479968729667,-0.03962922763444208,-0.3347561997092938,-0.3347561997092938,-0.0446531047199798,0.1364501836332522,0.00027120883382484825,-0.06752498412387044,-0.2601590114165943,-0.2601590114165943,-0.041147963290653206,0.05311459657591295,0.26335304837341494,-0.05615457387822315,-0.3449225498438487,-0.3449225498438487,-0.15279944826796277,-0.28551004426737575,-0.3001803823726614,0.1695691760076692,0.4457781997245039,0.4457781997245039,0.1908393519020596,1.0,0.41364758335285884,-0.596601526461554,0.23853856030189943,0.23853856030189943,0.281649276170986,0.5161994070007341,-0.028291756158521295,-0.41750430962574964,0.062178778713595,0.062178778713595,0.043487448173104015,-0.01728510854797325,-0.10963360253520554,0.06924805397150885,-0.08503556255168108,-0.08503556255168108,0.26519773304780186,0.1227925615962938,0.22967977806882375,-0.006174106417214755,-0.3125441987025293,-0.3125441987025293,-0.04057034335490796,0.11625692674525448,0.0821590304015717,-0.0966384087860193,-0.32203442153621625,-0.32203442153621625,0.011898146241118138,0.17137289594812524,0.07216055023408668,-0.13344663660938244,0.32260150702175067,0.32260150702175067,0.18823075866860134,0.011622355077483248,-0.04667887570810128,-0.07198521893255704,0.36799611330120036,0.36799611330120036,0.20709618417035797,0.031064872099116746,0.04634948884957428,-0.07240802825216042
TSF_Daily_ETFLogVolumeChange1_longest_strike_above_mean_20,0.05939763475141814,0.05939763475141814,0.014016479178430718,0.037055826200115015,-0.03340968732139326,-0.024891919198728314,-0.2038602332278815,-0.2038602332278815,0.01952881168302587,0.04293727310088761,-0.04504312514623915,-0.0025063078315910488,0.17135179962660832,0.17135179962660832,-0.2035515838652067,-0.08983622651866131,0.19725683849884484,0.12076305166775743,-0.08746187186850733,-0.08746187186850733,0.17860522173899884,-0.029799068391706193,-0.21304363379774843,0.05566448277642853,0.13173618850365543,0.13173618850365543,-0.19957764503785,0.41364758335285884,1.0,-0.20794591143360744,0.0997027806804498,0.0997027806804498,-0.003946494414412641,0.14881754648261067,-0.05126027574724625,-0.173959928616327,0.2521719150890516,0.2521719150890516,-0.06345615678588849,-0.1480768097239213,0.0016074545043601438,0.07194487696127252,0.204195109046925,0.204195109046925,0.15708186848680092,-0.05041671988134324,0.10103651589846414,0.11399766640651676,-0.017592588456128173,-0.017592588456128173,-0.10072129893636436,0.04068723656797093,0.11867191106461837,-0.12246483828769941,0.011093392842883184,0.011093392842883184,-0.1133558784414738,-0.04427156363284453,0.06671662520930682,-0.11110909040426686,0.16592577697495536,0.16592577697495536,-0.036200161483371664,-0.020581369644337363,-0.010736548659906907,-0.05594082659429806,0.18277886558862513,0.18277886558862513,-0.08109319106076009,-0.0311254160616918,-0.060536337148489085,-0.04820469500051941
TSF_Daily_ETFLogVolumeChange1_skewness_20,0.38206381658919775,0.38206381658919775,0.12736602883457257,-0.21753649858226515,-0.14939782594500534,0.07231018723278786,0.4027355708915219,0.4027355708915219,0.12905396649816087,-0.130262908464335,-0.04922470467653681,0.10615127009165624,0.18755612672079755,0.18755612672079755,-0.034109469011040366,-0.07049179599453774,-0.2512677873321272,0.14785075897290395,0.398805766348816,0.398805766348816,0.1692266700103445,0.3675847179304919,0.35070892668135106,-0.14493089141319948,-0.35249032681592996,-0.35249032681592996,-0.4015935510251767,-0.596601526461554,-0.20794591143360744,1.0,-0.2636540734943972,-0.2636540734943972,-0.2810211987198096,-0.5788867484935135,-0.04348393745272967,0.6142856625767271,0.00895629114217848,0.00895629114217848,-0.03509844493059225,-0.1443176813213755,-0.05438695785648326,0.17311565324602426,0.035854045938956705,0.035854045938956705,-0.3040473971566407,-0.31679167773548284,-0.249268849078389,0.043079578976326235,0.15871409934380903,0.15871409934380903,-0.012859785423603404,-0.027027720649426525,-0.05333507241803077,-0.07834091332660174,0.2006855095563548,0.2006855095563548,0.011346679684783546,-0.08816448545553544,-0.09282345731342871,-0.02434610388346004,-0.417008447867727,-0.417008447867727,-0.3517320493241984,-0.11019294563914972,0.05027292144410779,0.03828294376340407,-0.4525333311080142,-0.4525333311080142,-0.41719259302529355,-0.11474487497371927,-0.03746522795468585,0.04315116314648998
TSF_Daily_ETFLogVolumeChange1_absolute_sum_of_changes_60,-0.762691758900849,-0.762691758900849,-0.03824630417770352,-0.06945051274294481,-0.04100112751032821,0.058687652793593545,-0.8903760577461148,-0.8903760577461148,0.013145768979344224,-0.2658225768306343,-0.340127041565867,-0.06358645882273735,-0.5248890764661127,-0.5248890764661127,-0.1562590988426598,-0.3071094125978702,-0.08944199880555574,0.2674842202269218,-0.7893818904164528,-0.7893818904164528,-0.30620122097328933,-0.6509017680842647,-0.6106145981501205,0.5424738137932482,0.7060143033263667,0.7060143033263667,0.10073485710066261,0.23853856030189943,0.0997027806804498,-0.2636540734943972,1.0,1.0,0.3056475625055652,0.4878103222369432,-0.19393815120376534,-0.25858861974131236,0.37184768311160693,0.37184768311160693,-0.08275340842374564,-0.1802204422867763,0.01549207989122486,0.14512511971923261,0.5105001277557258,0.5105001277557258,-0.19591408024800716,-0.2883688766026612,0.06151064290624767,0.47398140381560866,-0.6495847199529159,-0.6495847199529159,0.09583880198963772,0.10354317938445001,0.03595701826359758,-0.12974213038338386,-0.7084073125195007,-0.7084073125195007,0.11633082541298158,0.07103420867503805,0.07809245958293963,-0.17681757865635025,0.49963825426736175,0.49963825426736175,0.5412037583332912,0.3715324927741135,-0.03299196277927333,-0.3637217605586391,0.5331461743778039,0.5331461743778039,0.6270671520830604,0.47123409087290385,0.07275305931386389,-0.4242794585324431
TSF_Daily_ETFLogVolumeChange1_mean_abs_change_60,-0.762691758900849,-0.762691758900849,-0.03824630417770352,-0.06945051274294481,-0.04100112751032821,0.058687652793593545,-0.8903760577461148,-0.8903760577461148,0.013145768979344224,-0.2658225768306343,-0.340127041565867,-0.06358645882273735,-0.5248890764661127,-0.5248890764661127,-0.1562590988426598,-0.3071094125978702,-0.08944199880555574,0.2674842202269218,-0.7893818904164528,-0.7893818904164528,-0.30620122097328933,-0.6509017680842647,-0.6106145981501205,0.5424738137932482,0.7060143033263667,0.7060143033263667,0.10073485710066261,0.23853856030189943,0.0997027806804498,-0.2636540734943972,1.0,1.0,0.3056475625055652,0.4878103222369432,-0.19393815120376534,-0.25858861974131236,0.37184768311160693,0.37184768311160693,-0.08275340842374564,-0.1802204422867763,0.01549207989122486,0.14512511971923261,0.5105001277557258,0.5105001277557258,-0.19591408024800716,-0.2883688766026612,0.06151064290624767,0.47398140381560866,-0.6495847199529159,-0.6495847199529159,0.09583880198963772,0.10354317938445001,0.03595701826359758,-0.12974213038338386,-0.7084073125195007,-0.7084073125195007,0.11633082541298158,0.07103420867503805,0.07809245958293963,-0.17681757865635025,0.49963825426736175,0.49963825426736175,0.5412037583332912,0.3715324927741135,-0.03299196277927333,-0.3637217605586391,0.5331461743778039,0.5331461743778039,0.6270671520830604,0.47123409087290385,0.07275305931386389,-0.4242794585324431
TSF_Daily_ETFLogVolumeChange1_cid_ce_normalized_60,-0.2662431217997954,-0.2662431217997954,0.13947762960624951,0.2248747845548438,0.07495013588408293,-0.11844903236455166,-0.14442421473956407,-0.14442421473956407,0.2458960283257695,0.5154562444394633,0.2754560523453372,-0.39349842220367365,-0.40453973882204236,-0.40453973882204236,0.061721336338108106,0.08815989844910381,0.24806016309896362,-0.1718772192850943,-0.5409625462498109,-0.5409625462498109,-0.12762783263124594,-0.02287003497464341,-0.09886561432966033,-0.17672144130735212,0.45892828573641714,0.45892828573641714,0.651064713900896,0.281649276170986,-0.003946494414412641,-0.2810211987198096,0.3056475625055652,0.3056475625055652,1.0,0.5144680274629603,0.04156442035940685,-0.5637243666915939,-0.18582929684361102,-0.18582929684361102,-0.14076607278205416,0.057351365431942296,0.04395361950327806,0.005319406931010593,-0.4629163215230746,-0.4629163215230746,0.055002344001988376,0.29371080720387066,0.16229886288914253,-0.2808930974038382,-0.3040870680063155,-0.3040870680063155,0.01506808160381422,0.13447587646146658,0.10559760548562608,-0.04648226345542825,-0.3081768145381679,-0.3081768145381679,0.042987294377919684,0.24220827006336446,0.28507099247710427,-0.14307452743932234,0.19587970379851116,0.19587970379851116,0.3068743272014403,0.11290037782645224,0.13763901903595618,-0.016692281575291543,0.19727065487053672,0.19727065487053672,0.33901967413203105,0.11913085946529553,0.21328031253571728,2.3744766921223117e-05
TSF_Daily_ETFLogVolumeChange1_count_above_mean_60,-0.45824282866600174,-0.45824282866600174,-0.050721759147717906,0.20748919045078534,-0.006930947106083516,0.049323286756730186,-0.5595847366943477,-0.5595847366943477,-0.2154080036955146,0.16070773949135347,0.03507598000853372,-0.003471453137883192,-0.422853059496466,-0.422853059496466,0.009725262361820817,0.06873709081348253,0.13566766775770728,-0.12024185536792883,-0.6138635116815255,-0.6138635116815255,-0.12003352879017685,-0.32071230029320075,-0.4670844575987383,0.11830950964971186,0.4816553514278704,0.4816553514278704,0.3293231793033804,0.5161994070007341,0.14881754648261067,-0.5788867484935135,0.4878103222369432,0.4878103222369432,0.5144680274629603,1.0,0.23922999915978,-0.8148351983849281,0.0990772318170485,0.0990772318170485,-0.07628626044489431,0.11727876194339329,0.05892609163769701,-0.011187049693105706,-0.08257126448351206,-0.08257126448351206,0.14856034917444308,0.3264861137425768,0.2774915980460865,0.12011157574945004,-0.436466792869072,-0.436466792869072,-0.04100313464254115,0.19989642678669084,0.20576462277519278,-0.12577264882202135,-0.45769852442118897,-0.45769852442118897,-0.09431985807720815,0.22201450234455203,0.26948517341328987,-0.16057719245468588,0.4758016371895664,0.4758016371895664,0.3899869158908256,0.06550795187129471,-0.07629495958552886,-0.05939969902936964,0.5186080075914236,0.5186080075914236,0.4118868826596043,0.09124327967167298,0.04140741025286578,-0.03784205601037738
TSF_Daily_ETFLogVolumeChange1_longest_strike_above_mean_60,0.17884001663047164,0.17884001663047164,0.03653186780119452,-0.06507781140702674,-0.019173716386726294,0.1288301979591011,0.1754956058339605,0.1754956058339605,-0.1253333385586565,0.07272572179466026,0.0715119967786664,0.13760402047933024,0.020237671396831594,0.020237671396831594,-0.03667891155368509,0.06906819785242191,0.09211877316999235,-0.2256742466298121,0.06168358244004199,0.06168358244004199,0.18365089079641575,0.09891418983378414,-0.1728747460818976,-0.11650514959156062,-0.23120253534169127,-0.23120253534169127,0.027240292305979713,-0.028291756158521295,-0.05126027574724625,-0.04348393745272967,-0.19393815120376534,-0.19393815120376534,0.04156442035940685,0.23922999915978,1.0,-0.18043230176217087,-0.17277601176087007,-0.17277601176087007,0.023987843467107257,0.3140166389999637,0.06178206960892055,-0.10115847133500314,-0.21477270948479915,-0.21477270948479915,0.03621507565369231,0.300875282247346,-0.08817260791649487,0.18314489257793018,0.219794006709269,0.219794006709269,0.0004584585753327546,0.07238952415728639,0.05826982582013301,0.03723322675901981,0.19164053295876812,0.19164053295876812,-0.06286509886208107,0.16956264152167635,0.0708685053224552,0.07306794820719012,-0.2309671858545969,-0.2309671858545969,-0.0764391448115874,-0.058115098472669754,0.017967990982619874,0.02106302400540568,-0.2616786645166675,-0.2616786645166675,-0.1077792553863325,-0.07619675844803575,0.11097218991326167,-0.06683019326032132
TSF_Daily_ETFLogVolumeChange1_skewness_60,0.3398123729057731,0.3398123729057731,0.06186409450996375,-0.29624309224709305,-0.062335848582626294,0.062379384909187124,0.35154938223790083,0.35154938223790083,0.21811045225817802,-0.35548476004195084,-0.25717763833331253,0.2677144286379263,0.3679001156109536,0.3679001156109536,-0.10030108074885782,-0.1655840226123277,-0.22093409977191156,0.21422876200721463,0.39363871902773867,0.39363871902773867,0.01979748899089808,0.15910800921298768,0.21479840887237456,-0.06225906843777532,-0.4332552699989937,-0.4332552699989937,-0.47502376286506676,-0.41750430962574964,-0.173959928616327,0.6142856625767271,-0.25858861974131236,-0.25858861974131236,-0.5637243666915939,-0.8148351983849281,-0.18043230176217087,1.0,0.09379327719047284,0.09379327719047284,0.11924708818936741,-0.09840809656373196,-0.15745278844547062,0.063967388589626,0.204427878519322,0.204427878519322,-0.35653859028194623,-0.4255687754934801,-0.3489846180987007,0.08004490385239012,0.3284907522096026,0.3284907522096026,0.06486259525958894,-0.08660783643888224,-0.14489879818044085,-0.013272166427650492,0.3443851227452425,0.3443851227452425,0.07835005722633613,-0.10610553323657151,-0.20486512341398763,0.02661701500770619,-0.5114669126083988,-0.5114669126083988,-0.2973127149607234,0.051204819473153036,0.09996605372003807,-0.10486992138889513,-0.5721290006855577,-0.5721290006855577,-0.3219632578688927,0.09772510924381757,0.025551011915038845,-0.19358210802855452
TSF_Daily_ETFThemeExcessReturn1_absolute_sum_of_changes_20,-0.03781305915913988,-0.03781305915913988,-0.07781826083091768,-0.014783491838262074,-0.014923131996527129,0.10873475918399597,-0.37719575750511997,-0.37719575750511997,-0.030698798355530105,-0.15508979112337087,-0.10001203375249582,0.0701827261164203,0.2727774458145472,0.2727774458145472,-0.2441752304949654,-0.3149160557748455,0.056296849229847346,0.3600438520684053,-0.2689012941126058,-0.2689012941126058,-0.01853210434000372,-0.28248601745960594,-0.2463240892406742,0.21724636051499924,0.24413203686602566,0.24413203686602566,-0.3768430132165262,0.062178778713595,0.2521719150890516,0.00895629114217848,0.37184768311160693,0.37184768311160693,-0.18582929684361102,0.0990772318170485,-0.17277601176087007,0.09379327719047284,1.0,1.0,0.4038731384681735,-0.24539112415941824,-0.17102881093155883,-0.006672296324097074,0.5601786926084062,0.5601786926084062,-0.103886951635208,-0.19343716020090201,-0.16440402701147325,0.27980610728956323,0.005233474403988826,0.005233474403988826,0.05710994457585799,0.10119880016104198,0.09115106800634651,-0.1537766277035113,0.05140456660691328,0.05140456660691328,0.13204786196475043,0.06876606451617741,0.09133767307094,-0.1660125399796213,0.16229736113923196,0.16229736113923196,0.09717361567217615,0.0020870170855108727,-0.07741642478004636,-0.1750953173431309,0.18252264620236808,0.18252264620236808,0.10669346515291434,0.03592262415772709,-0.04184110921658614,-0.19860687377880054
TSF_Daily_ETFThemeExcessReturn1_mean_abs_change_20,-0.03781305915913988,-0.03781305915913988,-0.07781826083091768,-0.014783491838262074,-0.014923131996527129,0.10873475918399597,-0.37719575750511997,-0.37719575750511997,-0.030698798355530105,-0.15508979112337087,-0.10001203375249582,0.0701827261164203,0.2727774458145472,0.2727774458145472,-0.2441752304949654,-0.3149160557748455,0.056296849229847346,0.3600438520684053,-0.2689012941126058,-0.2689012941126058,-0.01853210434000372,-0.28248601745960594,-0.2463240892406742,0.21724636051499924,0.24413203686602566,0.24413203686602566,-0.3768430132165262,0.062178778713595,0.2521719150890516,0.00895629114217848,0.37184768311160693,0.37184768311160693,-0.18582929684361102,0.0990772318170485,-0.17277601176087007,0.09379327719047284,1.0,1.0,0.4038731384681735,-0.24539112415941824,-0.17102881093155883,-0.006672296324097074,0.5601786926084062,0.5601786926084062,-0.103886951635208,-0.19343716020090201,-0.16440402701147325,0.27980610728956323,0.005233474403988826,0.005233474403988826,0.05710994457585799,0.10119880016104198,0.09115106800634651,-0.1537766277035113,0.05140456660691328,0.05140456660691328,0.13204786196475043,0.06876606451617741,0.09133767307094,-0.1660125399796213,0.16229736113923196,0.16229736113923196,0.09717361567217615,0.0020870170855108727,-0.07741642478004636,-0.1750953173431309,0.18252264620236808,0.18252264620236808,0.10669346515291434,0.03592262415772709,-0.04184110921658614,-0.19860687377880054
TSF_Daily_ETFThemeExcessReturn1_cid_ce_normalized_20,0.02117310867378769,0.02117310867378769,0.15046507225550085,0.08599427937082282,0.13274652052534874,-0.04733119669726764,0.11937710526677753,0.11937710526677753,0.13886113437728262,0.09105600607502785,0.19555922499177836,-0.09543311395967878,0.14403027504662574,0.14403027504662574,0.1010083671195084,-0.023803125915858814,0.03543881044345976,0.014557767363460232,0.11401917457363075,0.11401917457363075,0.001265238874050999,-0.15880696541248862,-0.08448918287644855,0.12354764985366137,-0.0965965593245728,-0.0965965593245728,0.022957611313306897,0.043487448173104015,-0.06345615678588849,-0.03509844493059225,-0.08275340842374564,-0.08275340842374564,-0.14076607278205416,-0.07628626044489431,0.023987843467107257,0.11924708818936741,0.4038731384681735,0.4038731384681735,1.0,-0.027952601539295473,-0.20380773773444286,-0.030968449226909764,0.15292147092762845,0.15292147092762845,0.3041234847235057,0.026786588947054924,-0.08954984326129099,0.02464027078119906,-0.03234037369731867,-0.03234037369731867,0.11420415244848946,0.04198073009401586,0.01250575340769447,-0.06636826190088181,0.026445496850190205,0.026445496850190205,0.1476352311204829,0.08318137494313918,0.06500017185355818,-0.028749508228024172,-0.0003687919446515785,-0.0003687919446515785,0.024802558695763106,-0.0038624995111125444,0.008330416318147139,-0.11332355550727,-0.0013880562373147522,-0.0013880562373147522,0.04141775185721082,0.013561305848164874,-0.029179957013024668,-0.13780209614203856
TSF_Daily_ETFThemeExcessReturn1_count_above_mean_20,0.06102708034201591,0.06102708034201591,0.1260778840868413,0.044272505257963286,0.06850016886793073,0.07428845832854554,0.13747623949287227,0.13747623949287227,-0.1263781883735001,0.13931981968583182,0.14718941634191213,0.12587206580512125,0.058567461892811555,0.058567461892811555,0.0012121221566943825,-0.14678937581706933,-0.16962580120683235,0.023501074295121556,0.049799970922613894,0.049799970922613894,-0.1569319414369792,-0.010670158867620076,0.008344698204517656,-0.13393398975529033,-0.20614064590075667,-0.20614064590075667,0.060422541095515474,-0.01728510854797325,-0.1480768097239213,-0.1443176813213755,-0.1802204422867763,-0.1802204422867763,0.057351365431942296,0.11727876194339329,0.3140166389999637,-0.09840809656373196,-0.24539112415941824,-0.24539112415941824,-0.027952601539295473,1.0,0.5218411719385565,-0.5714404183881718,-0.28818948756551827,-0.28818948756551827,0.04998756691821868,0.4834344875421694,0.13594594287557016,-0.2412191300320398,0.12933825663532053,0.12933825663532053,-0.025571509613383468,0.026960367218350354,0.05528569370569301,0.06691805760230332,0.09043915244083102,0.09043915244083102,-0.13087327769140997,0.048548054991289974,0.050757556092235596,0.049104035100004544,0.05199125447966043,0.05199125447966043,0.07924340754762467,-0.09162876631952348,0.0020165819843049656,0.17895410069463016,0.02026437468648069,0.02026437468648069,0.051927202268154955,-0.05736306715280608,0.14915371547807887,0.09859157182539033
TSF_Daily_ETFThemeExcessReturn1_longest_strike_above_mean_20,0.04854441252165302,0.04854441252165302,0.1355920012577896,-0.09027629232771395,0.00025128011151031264,0.1404591604321145,-0.05879549792256093,-0.05879549792256093,-0.055962073371539224,0.1414143408817787,0.046337185168242624,-0.029643371653973086,0.041396022327129856,0.041396022327129856,0.038712229836012635,-0.10114134038098868,-0.09266166195244031,0.01377740354462425,0.04549813722056213,0.04549813722056213,-0.0624915866117641,-0.09783278869107682,0.0037391473193431747,0.052545432919735076,-0.044278948756601606,-0.044278948756601606,-0.059435188262486664,-0.10963360253520554,0.0016074545043601438,-0.05438695785648326,0.01549207989122486,0.01549207989122486,0.04395361950327806,0.05892609163769701,0.06178206960892055,-0.15745278844547062,-0.17102881093155883,-0.17102881093155883,-0.20380773773444286,0.5218411719385565,1.0,-0.38313961959303566,-0.034271035271821744,-0.034271035271821744,0.15305528238355554,0.25886971061835007,0.276288382277535,-0.16926317195145824,-0.006230153253500993,-0.006230153253500993,-0.13593711739927988,-0.046519826134781596,0.01375708360908247,0.07810995419587768,0.003596551398147484,0.003596551398147484,-0.1893056050981863,-0.14576732438590326,-0.009766088586959112,0.13858049088283517,0.22138822936420685,0.22138822936420685,0.08887591959467946,-0.14311265488906205,-0.09721206750793844,0.22244415742989052,0.21725260981026095,0.21725260981026095,0.09169873570521296,-0.12620305787638678,-0.016750752571013612,0.17850336623105972
TSF_Daily_ETFThemeExcessReturn1_skewness_20,-0.11050398602791454,-0.11050398602791454,-0.001560304001501242,0.017895370382094444,-0.035399946440714467,-0.0783991361274212,-0.11983057240090722,-0.11983057240090722,0.07750190573472318,-0.13064608049865134,-0.168375872335517,-0.06881537502615181,-0.1838904883480906,-0.1838904883480906,0.13480883033167243,-0.0194601999304027,-0.13108875905449238,0.0917206833943213,-0.07921281119426529,-0.07921281119426529,0.3060608378731333,0.04004464864502672,-0.19167553474849391,0.1060275640607165,0.25776476262434217,0.25776476262434217,0.0421498048550034,0.06924805397150885,0.07194487696127252,0.17311565324602426,0.14512511971923261,0.14512511971923261,0.005319406931010593,-0.011187049693105706,-0.10115847133500314,0.063967388589626,-0.006672296324097074,-0.006672296324097074,-0.030968449226909764,-0.5714404183881718,-0.38313961959303566,1.0,0.13947416874986127,0.13947416874986127,-0.06956188274070202,-0.38268731120861216,-0.15739241852388358,0.4097742924139216,-0.18031503036228985,-0.18031503036228985,0.07518042064405256,-0.006911981337059168,-0.14124679266053874,0.0026368525276668033,-0.20992426300047573,-0.20992426300047573,0.07639748015216537,0.06225952637709502,-0.06981153478447656,-0.037544679232983866,-0.1359607043326963,-0.1359607043326963,-0.08413480231178096,0.182443578894834,0.11019894585471175,-0.24658920126354533,-0.11890949255716489,-0.11890949255716489,-0.04416146911013552,0.21242575764566526,-0.03842743430724782,-0.17050151687991874
TSF_Daily_ETFThemeExcessReturn1_absolute_sum_of_changes_60,-0.27970250980149763,-0.27970250980149763,-0.07256673223488075,-0.11608574285931939,-0.006836834280325804,0.0017640301686332053,-0.5094082624655418,-0.5094082624655418,-0.03904850495330931,-0.41724075132742366,-0.3573095811288772,-0.06567445229357438,0.08300622499023877,0.08300622499023877,-0.11724284426468201,-0.3673682471019127,-0.1488335069820233,0.4244685949438332,-0.08673764980827936,-0.08673764980827936,-0.06545785519247586,-0.5486841215357526,-0.3814860849952289,0.6659313566526346,0.16832319630461667,0.16832319630461667,-0.34448210614563807,-0.08503556255168108,0.204195109046925,0.035854045938956705,0.5105001277557258,0.5105001277557258,-0.4629163215230746,-0.08257126448351206,-0.21477270948479915,0.204427878519322,0.5601786926084062,0.5601786926084062,0.15292147092762845,-0.28818948756551827,-0.034271035271821744,0.13947416874986127,1.0,1.0,0.045385711294694375,-0.42819827302771596,-0.2076080372023573,0.6098140773316073,-0.2029695044688387,-0.2029695044688387,0.09114620173739081,-0.05640979952789484,-0.10921487747065117,-0.03587302430231662,-0.19658981445167548,-0.19658981445167548,0.11298542278874861,-0.17899232770961926,-0.18519518828917583,0.013595559759427481,0.26371698210941025,0.26371698210941025,0.20127294325251713,0.18185265734134912,-0.06675512344767766,-0.1767495896364207,0.2813825302424138,0.2813825302424138,0.2236891761953866,0.23970233895180415,-0.07249045339081085,-0.23046584482228025
TSF_Daily_ETFThemeExcessReturn1_mean_abs_change_60,-0.27970250980149763,-0.27970250980149763,-0.07256673223488075,-0.11608574285931939,-0.006836834280325804,0.0017640301686332053,-0.5094082624655418,-0.5094082624655418,-0.03904850495330931,-0.41724075132742366,-0.3573095811288772,-0.06567445229357438,0.08300622499023877,0.08300622499023877,-0.11724284426468201,-0.3673682471019127,-0.1488335069820233,0.4244685949438332,-0.08673764980827936,-0.08673764980827936,-0.06545785519247586,-0.5486841215357526,-0.3814860849952289,0.6659313566526346,0.16832319630461667,0.16832319630461667,-0.34448210614563807,-0.08503556255168108,0.204195109046925,0.035854045938956705,0.5105001277557258,0.5105001277557258,-0.4629163215230746,-0.08257126448351206,-0.21477270948479915,0.204427878519322,0.5601786926084062,0.5601786926084062,0.15292147092762845,-0.28818948756551827,-0.034271035271821744,0.13947416874986127,1.0,1.0,0.045385711294694375,-0.42819827302771596,-0.2076080372023573,0.6098140773316073,-0.2029695044688387,-0.2029695044688387,0.09114620173739081,-0.05640979952789484,-0.10921487747065117,-0.03587302430231662,-0.19658981445167548,-0.19658981445167548,0.11298542278874861,-0.17899232770961926,-0.18519518828917583,0.013595559759427481,0.26371698210941025,0.26371698210941025,0.20127294325251713,0.18185265734134912,-0.06675512344767766,-0.1767495896364207,0.2813825302424138,0.2813825302424138,0.2236891761953866,0.23970233895180415,-0.07249045339081085,-0.23046584482228025
TSF_Daily_ETFThemeExcessReturn1_cid_ce_normalized_60,0.02993453770491518,0.02993453770491518,-0.0156971088030442,0.21280277472581302,0.15847916085893476,-0.14533430430586855,0.05166232616406795,0.05166232616406795,0.03942772399365705,0.3870661540793893,0.25930383365580695,-0.3730389713727059,0.08762632473111447,0.08762632473111447,0.05484790539372922,0.10037972594180734,0.30665003789274414,-0.058246773569407925,0.24190823090748353,0.24190823090748353,-0.10591084609113184,-0.24744173897419927,-0.05451862200819577,0.32088225013744076,-0.02321167012644552,-0.02321167012644552,0.19593706322014945,0.26519773304780186,0.15708186848680092,-0.3040473971566407,-0.19591408024800716,-0.19591408024800716,0.055002344001988376,0.14856034917444308,0.03621507565369231,-0.35653859028194623,-0.103886951635208,-0.103886951635208,0.3041234847235057,0.04998756691821868,0.15305528238355554,-0.06956188274070202,0.045385711294694375,0.045385711294694375,1.0,0.16763618065407354,0.13207004383789306,-0.08506807617288244,-0.04363726427762734,-0.04363726427762734,-0.05624673265275297,-0.1265295851620868,-0.042754719586600015,0.10592599395913471,0.020653247454788186,0.020653247454788186,-0.010886354861442713,-0.18196995486732193,-0.06893009979084616,0.11097301981889592,0.3409749394194101,0.3409749394194101,0.09551958275458756,-0.31029273255143275,-0.15681424346811798,0.3249058372831689,0.38567943193753856,0.38567943193753856,0.11913301960995981,-0.37741099489294744,-0.2021966907265403,0.3564658108701623
TSF_Daily_ETFThemeExcessReturn1_count_above_mean_60,0.20466327862056122,0.20466327862056122,0.24894794153591895,0.29190145050434696,0.12490700948950258,-0.05173589115609932,0.2502063559012783,0.2502063559012783,0.10521686944200608,0.5291062225721862,0.3043868213780233,-0.16135972541163246,0.021542416399327798,0.021542416399327798,0.12516921757431382,0.2541822979677118,0.0429190858368607,-0.35255780268719683,-0.08680076970972904,-0.08680076970972904,-0.024677291307522765,0.22309928257006728,0.033988770612154655,-0.4438253566691723,-0.16923357195217575,-0.16923357195217575,0.24225592633688792,0.1227925615962938,-0.05041671988134324,-0.31679167773548284,-0.2883688766026612,-0.2883688766026612,0.29371080720387066,0.3264861137425768,0.300875282247346,-0.4255687754934801,-0.19343716020090201,-0.19343716020090201,0.026786588947054924,0.4834344875421694,0.25886971061835007,-0.38268731120861216,-0.42819827302771596,-0.42819827302771596,0.16763618065407354,1.0,0.3304287414385922,-0.4942028696741762,0.21898959783738783,0.21898959783738783,-0.1279418230171673,0.1359887298076636,0.15606350820486106,-0.03220174985908595,0.21454169463323278,0.21454169463323278,-0.14703340619480587,0.18082723652874022,0.20581442705378933,-0.11401827050985942,0.03438392489227911,0.03438392489227911,0.04376313958130182,-0.1662388077238087,0.06353395688933362,0.24729099546696784,0.02005769390474265,0.02005769390474265,0.05319890924530843,-0.17620955840207242,0.14050977561870412,0.27642774801565484
TSF_Daily_ETFThemeExcessReturn1_longest_strike_above_mean_60,-0.208350561064328,-0.208350561064328,0.17801793522316486,-0.07464933990310925,-0.2046449860330648,0.05964089943144969,-0.17990646725722323,-0.17990646725722323,0.16826592142465066,0.2324878531522349,-0.07256552844378457,-0.024791222115699237,-0.3843876184846697,-0.3843876184846697,-0.013221509151538328,0.1125483164876916,0.00028480078907556117,-0.3271500576110131,-0.2462011470651484,-0.2462011470651484,-0.34786528968076275,-0.031330054407042486,-0.10574014253788973,0.005319698726191282,0.24408386432209475,0.24408386432209475,0.17757114328395274,0.22967977806882375,0.10103651589846414,-0.249268849078389,0.06151064290624767,0.06151064290624767,0.16229886288914253,0.2774915980460865,-0.08817260791649487,-0.3489846180987007,-0.16440402701147325,-0.16440402701147325,-0.08954984326129099,0.13594594287557016,0.276288382277535,-0.15739241852388358,-0.2076080372023573,-0.2076080372023573,0.13207004383789306,0.3304287414385922,1.0,-0.42441034982158404,-0.2989465513052377,-0.2989465513052377,-0.07100976269711701,0.04757834108480677,0.14732617976128978,0.03315363407131481,-0.34706546071304784,-0.34706546071304784,-0.09936714730323506,-0.09113029920480169,0.15580105621350873,0.013602165362153884,0.35604657992510813,0.35604657992510813,0.1536792355572522,-0.024932865994865792,-0.08389576823513317,0.13439155822010718,0.42172274036218116,0.42172274036218116,0.17654866988900217,-0.07111721935129436,-0.02330162122091802,0.18351950720299676
TSF_Daily_ETFThemeExcessReturn1_skewness_60,-0.37468747728363905,-0.37468747728363905,-0.15670338863901195,-0.1426358408115865,0.04089473628161339,0.11084469822443482,-0.49090662166415,-0.49090662166415,-0.24053499832198186,-0.5500309996131738,-0.36885822753899405,0.18767851523035423,-0.1401596533053475,-0.1401596533053475,-0.1118939057254153,-0.23795488623452274,-0.19155556801496704,0.2771425201090124,-0.1878568073778823,-0.1878568073778823,0.3316957385303869,-0.40294602193791557,-0.5593788887044364,0.45615636778501173,0.21043409523917309,0.21043409523917309,-0.21146519494392024,-0.006174106417214755,0.11399766640651676,0.043079578976326235,0.47398140381560866,0.47398140381560866,-0.2808930974038382,0.12011157574945004,0.18314489257793018,0.08004490385239012,0.27980610728956323,0.27980610728956323,0.02464027078119906,-0.2412191300320398,-0.16926317195145824,0.4097742924139216,0.6098140773316073,0.6098140773316073,-0.08506807617288244,-0.4942028696741762,-0.42441034982158404,1.0,-0.1787022717013885,-0.1787022717013885,0.13158770114997564,-0.032083530267787104,-0.15491318572097548,0.010566856725979856,-0.23618268502924888,-0.23618268502924888,0.10729400314187676,-0.026430336671270583,-0.21391496052409414,0.09861949817899121,0.11297567243693067,0.11297567243693067,0.10276775053724874,0.2160387711893081,-0.02084275237498514,-0.34038034207194107,0.11289192387935158,0.11289192387935158,0.12315051278580175,0.30756625948047395,0.024602507911052566,-0.422534194788524
TSF_30m_BarReturn_absolute_sum_of_changes_40,0.6789978275322045,0.6789978275322045,-0.0974307021716333,0.006221167069267084,0.05410343935305979,0.021224426215371947,0.5997852836015599,0.5997852836015599,-0.021913234594677554,0.03859668162770112,0.1044441421272427,0.16881964618849435,0.642045797556411,0.642045797556411,-0.004420936291150233,0.1307188871738449,0.042605423655336455,-0.0576548295168703,0.5519180756750601,0.5519180756750601,0.26668931893366205,0.4808366479299791,0.40583635064214735,-0.45920276865727655,-0.5253210718249564,-0.5253210718249564,-0.21768861665818265,-0.3125441987025293,-0.017592588456128173,0.15871409934380903,-0.6495847199529159,-0.6495847199529159,-0.3040870680063155,-0.436466792869072,0.219794006709269,0.3284907522096026,0.005233474403988826,0.005233474403988826,-0.03234037369731867,0.12933825663532053,-0.006230153253500993,-0.18031503036228985,-0.2029695044688387,-0.2029695044688387,-0.04363726427762734,0.21898959783738783,-0.2989465513052377,-0.1787022717013885,1.0,1.0,0.09304945104494566,-0.0885450726042515,-0.05685641261261649,0.10372476103026193,0.911913765180672,0.911913765180672,0.06642405019891807,-0.08229974391364313,-0.04462216234757002,0.12324847990684326,-0.41349203286425235,-0.41349203286425235,-0.34258084193562593,-0.2502445443129705,0.010424973100155525,0.2552557623831651,-0.4611712873093468,-0.4611712873093468,-0.41594230814784894,-0.2511585209563243,-0.008500899495119053,0.2402255236014956
TSF_30m_BarReturn_mean_abs_change_40,0.6789978275322045,0.6789978275322045,-0.0974307021716333,0.006221167069267084,0.05410343935305979,0.021224426215371947,0.5997852836015599,0.5997852836015599,-0.021913234594677554,0.03859668162770112,0.1044441421272427,0.16881964618849435,0.642045797556411,0.642045797556411,-0.004420936291150233,0.1307188871738449,0.042605423655336455,-0.0576548295168703,0.5519180756750601,0.5519180756750601,0.26668931893366205,0.4808366479299791,0.40583635064214735,-0.45920276865727655,-0.5253210718249564,-0.5253210718249564,-0.21768861665818265,-0.3125441987025293,-0.017592588456128173,0.15871409934380903,-0.6495847199529159,-0.6495847199529159,-0.3040870680063155,-0.436466792869072,0.219794006709269,0.3284907522096026,0.005233474403988826,0.005233474403988826,-0.03234037369731867,0.12933825663532053,-0.006230153253500993,-0.18031503036228985,-0.2029695044688387,-0.2029695044688387,-0.04363726427762734,0.21898959783738783,-0.2989465513052377,-0.1787022717013885,1.0,1.0,0.09304945104494566,-0.0885450726042515,-0.05685641261261649,0.10372476103026193,0.911913765180672,0.911913765180672,0.06642405019891807,-0.08229974391364313,-0.04462216234757002,0.12324847990684326,-0.41349203286425235,-0.41349203286425235,-0.34258084193562593,-0.2502445443129705,0.010424973100155525,0.2552557623831651,-0.4611712873093468,-0.4611712873093468,-0.41594230814784894,-0.2511585209563243,-0.008500899495119053,0.2402255236014956
TSF_30m_BarReturn_cid_ce_normalized_40,-0.1580687567976545,-0.1580687567976545,-0.04304023098812514,-0.08188101347726094,0.035312274906444854,0.0140093852834083,-0.042865819625194646,-0.042865819625194646,-0.0008107969192612771,-0.12417213338521652,0.03751715993795704,-0.026422134176755176,-0.06923723148373584,-0.06923723148373584,0.08091660126591096,-0.09222812305071074,-0.07766738711612588,0.03637111274603787,-0.010324659806183637,-0.010324659806183637,-0.04525411040866396,-0.11472408761398559,-0.026992507405686893,0.09340033918007229,0.06889621389767427,0.06889621389767427,0.10621036498015293,-0.04057034335490796,-0.10072129893636436,-0.012859785423603404,0.09583880198963772,0.09583880198963772,0.01506808160381422,-0.04100313464254115,0.0004584585753327546,0.06486259525958894,0.05710994457585799,0.05710994457585799,0.11420415244848946,-0.025571509613383468,-0.13593711739927988,0.07518042064405256,0.09114620173739081,0.09114620173739081,-0.05624673265275297,-0.1279418230171673,-0.07100976269711701,0.13158770114997564,0.09304945104494566,0.09304945104494566,1.0,0.05601164487117076,-0.12327847919583405,-0.03214452435936099,-0.034044642593693886,-0.034044642593693886,0.49742069354730795,0.1035040406219871,0.003900225507849903,-0.07619696816687425,0.06707888885608594,0.06707888885608594,0.12893660116500613,0.04132657929706156,0.019606057986448606,-0.006422033046627753,0.028631589927468563,0.028631589927468563,0.08370569433899064,0.062329030435198426,0.012031216436065126,-0.04656351518763296
TSF_30m_BarReturn_count_above_mean_40,-0.03595825234833189,-0.03595825234833189,0.10522998279374723,-0.0008843657615240698,0.033630844335784706,0.10626971950983397,-0.07350377544236682,-0.07350377544236682,-0.05635665602124437,0.059433285988140266,0.03903939103869424,0.04856026570910666,-0.09872964587369776,-0.09872964587369776,-0.0030726207422796616,-0.03591703542782691,0.07034725464912521,0.04149388011191023,-0.1954673346786947,-0.1954673346786947,-0.037796830549484205,-0.02117080243478057,-0.09693999945173633,-0.03526258525202588,0.10516186211234844,0.10516186211234844,0.021971048522402305,0.11625692674525448,0.04068723656797093,-0.027027720649426525,0.10354317938445001,0.10354317938445001,0.13447587646146658,0.19989642678669084,0.07238952415728639,-0.08660783643888224,0.10119880016104198,0.10119880016104198,0.04198073009401586,0.026960367218350354,-0.046519826134781596,-0.006911981337059168,-0.05640979952789484,-0.05640979952789484,-0.1265295851620868,0.1359887298076636,0.04757834108480677,-0.032083530267787104,-0.0885450726042515,-0.0885450726042515,0.05601164487117076,1.0,0.5437985335341405,-0.5938143605497584,-0.06787058596935107,-0.06787058596935107,0.005026966513447285,0.4462430511909215,0.20834492950767342,-0.31446921023583,-0.041570428998265546,-0.041570428998265546,0.056626805739934505,0.007009810386899816,0.06950231037383693,-0.08598577412509481,0.006844279503872068,0.006844279503872068,0.08619048174641893,0.0624489903418608,0.03855273251593673,-0.05229300477245219
TSF_30m_BarReturn_longest_strike_above_mean_40,0.03359209792962761,0.03359209792962761,0.038521082087412235,0.04312089782302849,-0.07627170813981396,0.12133677597432675,-0.05006328234433338,-0.05006328234433338,-0.14428032234668603,0.1066562455204843,0.13534177037054126,0.12148146673532279,-0.04239182913111838,-0.04239182913111838,-0.048217679865116665,0.08384498432539643,0.06382092431296224,-0.07348609469118265,-0.13818801139005743,-0.13818801139005743,-0.062358388289682265,0.03320782185169048,-0.028988004675401646,-0.10117376803281569,0.02579055670703577,0.02579055670703577,-0.022622764610567805,0.0821590304015717,0.11867191106461837,-0.05333507241803077,0.03595701826359758,0.03595701826359758,0.10559760548562608,0.20576462277519278,0.05826982582013301,-0.14489879818044085,0.09115106800634651,0.09115106800634651,0.01250575340769447,0.05528569370569301,0.01375708360908247,-0.14124679266053874,-0.10921487747065117,-0.10921487747065117,-0.042754719586600015,0.15606350820486106,0.14732617976128978,-0.15491318572097548,-0.05685641261261649,-0.05685641261261649,-0.12327847919583405,0.5437985335341405,1.0,-0.39179354673654454,-0.006850540276788372,-0.006850540276788372,-0.11810820631391937,0.2115390802068771,0.4033375813561452,-0.22197010445085016,0.008698408991524846,0.008698408991524846,-0.04029947861103926,-0.044182070967277894,0.025236232519665374,0.03874213423889065,0.030002465102833758,0.030002465102833758,-0.01743774862623041,0.014029533993796984,-0.05697707041749723,-0.003932302900782966
TSF_30m_BarReturn_skewness_40,-0.0019856522549436856,-0.0019856522549436856,-0.020063477228031232,0.06647936960645219,0.006446943991243521,-0.17728149452432412,0.11233721623012734,0.11233721623012734,0.0905771643391245,-0.01658497016719617,-0.015303914535064961,-0.04323835185256237,0.045601962265920025,0.045601962265920025,0.11643590095705134,0.05930954113133609,-0.10378966585107875,-0.11653021514913695,0.17671025814094005,0.17671025814094005,0.10049079592282201,0.051163138139026745,0.08356934376881824,-0.06781804027310409,-0.08586093424460152,-0.08586093424460152,0.11810948013763599,-0.0966384087860193,-0.12246483828769941,-0.07834091332660174,-0.12974213038338386,-0.12974213038338386,-0.04648226345542825,-0.12577264882202135,0.03723322675901981,-0.013272166427650492,-0.1537766277035113,-0.1537766277035113,-0.06636826190088181,0.06691805760230332,0.07810995419587768,0.0026368525276668033,-0.03587302430231662,-0.03587302430231662,0.10592599395913471,-0.03220174985908595,0.03315363407131481,0.010566856725979856,0.10372476103026193,0.10372476103026193,-0.03214452435936099,-0.5938143605497584,-0.39179354673654454,1.0,0.07190234915742932,0.07190234915742932,0.11496646049669468,-0.346467686779647,-0.26731002676110627,0.6105884135052344,0.024034662212004274,0.024034662212004274,-0.031769496008043865,0.051105834832404134,-0.009763430580643256,0.0047553635250972255,-0.014053511102467017,-0.014053511102467017,-0.061760187044912304,-0.02706334008357934,-0.03860589445331881,0.05726619282066371
TSF_30m_BarReturn_absolute_sum_of_changes_80,0.7858010175271698,0.7858010175271698,-0.08727045137816795,0.011393555450957497,0.03364321018936027,0.03623353611553857,0.6675760140209953,0.6675760140209953,0.007957971762549435,0.09611341088828106,0.14873194355689293,0.13771834507661668,0.7550083268485416,0.7550083268485416,-0.03147639414177292,0.11200852475036578,0.11983270536179935,-0.02297562271138818,0.6265434433190528,0.6265434433190528,0.2865181529209202,0.5154848516621751,0.4626621698626813,-0.4799487174915284,-0.5900245619598385,-0.5900245619598385,-0.2660939807899327,-0.32203442153621625,0.011093392842883184,0.2006855095563548,-0.7084073125195007,-0.7084073125195007,-0.3081768145381679,-0.45769852442118897,0.19164053295876812,0.3443851227452425,0.05140456660691328,0.05140456660691328,0.026445496850190205,0.09043915244083102,0.003596551398147484,-0.20992426300047573,-0.19658981445167548,-0.19658981445167548,0.020653247454788186,0.21454169463323278,-0.34706546071304784,-0.23618268502924888,0.911913765180672,0.911913765180672,-0.034044642593693886,-0.06787058596935107,-0.006850540276788372,0.07190234915742932,1.0,1.0,0.052464979987673854,-0.08012021454377201,-0.04734819996646777,0.12088662646331434,-0.43305564178871253,-0.43305564178871253,-0.40467641371468754,-0.32372000235851206,-0.0016816549418259168,0.28578821469105464,-0.4662956147426699,-0.4662956147426699,-0.43140090023260097,-0.3334156757460484,-0.038029153999368355,0.30774650111562846
TSF_30m_BarReturn_mean_abs_change_80,0.7858010175271698,0.7858010175271698,-0.08727045137816795,0.011393555450957497,0.03364321018936027,0.03623353611553857,0.6675760140209953,0.6675760140209953,0.007957971762549435,0.09611341088828106,0.14873194355689293,0.13771834507661668,0.7550083268485416,0.7550083268485416,-0.03147639414177292,0.11200852475036578,0.11983270536179935,-0.02297562271138818,0.6265434433190528,0.6265434433190528,0.2865181529209202,0.5154848516621751,0.4626621698626813,-0.4799487174915284,-0.5900245619598385,-0.5900245619598385,-0.2660939807899327,-0.32203442153621625,0.011093392842883184,0.2006855095563548,-0.7084073125195007,-0.7084073125195007,-0.3081768145381679,-0.45769852442118897,0.19164053295876812,0.3443851227452425,0.05140456660691328,0.05140456660691328,0.026445496850190205,0.09043915244083102,0.003596551398147484,-0.20992426300047573,-0.19658981445167548,-0.19658981445167548,0.020653247454788186,0.21454169463323278,-0.34706546071304784,-0.23618268502924888,0.911913765180672,0.911913765180672,-0.034044642593693886,-0.06787058596935107,-0.006850540276788372,0.07190234915742932,1.0,1.0,0.052464979987673854,-0.08012021454377201,-0.04734819996646777,0.12088662646331434,-0.43305564178871253,-0.43305564178871253,-0.40467641371468754,-0.32372000235851206,-0.0016816549418259168,0.28578821469105464,-0.4662956147426699,-0.4662956147426699,-0.43140090023260097,-0.3334156757460484,-0.038029153999368355,0.30774650111562846
TSF_30m_BarReturn_cid_ce_normalized_80,-0.1955050779000776,-0.1955050779000776,-0.007056598210287094,-0.02216821447829737,0.06762596036204863,-0.05700344089969652,-0.04529169505059156,-0.04529169505059156,0.07384941039861527,-0.13523649894625067,0.08680631484405807,-0.07215281784506106,-0.04412898024134261,-0.04412898024134261,0.04667612683346015,-0.03454893820279416,0.013821704520427434,0.09655086476052488,0.01795074728036192,0.01795074728036192,-0.06478859913223507,-0.154777245840599,0.033516838689938384,0.11320803552504322,0.07399497634207605,0.07399497634207605,0.12806444524185046,0.011898146241118138,-0.1133558784414738,0.011346679684783546,0.11633082541298158,0.11633082541298158,0.042987294377919684,-0.09431985807720815,-0.06286509886208107,0.07835005722633613,0.13204786196475043,0.13204786196475043,0.1476352311204829,-0.13087327769140997,-0.1893056050981863,0.07639748015216537,0.11298542278874861,0.11298542278874861,-0.010886354861442713,-0.14703340619480587,-0.09936714730323506,0.10729400314187676,0.06642405019891807,0.06642405019891807,0.49742069354730795,0.005026966513447285,-0.11810820631391937,0.11496646049669468,0.052464979987673854,0.052464979987673854,1.0,0.08860942620605641,-0.09254830901510312,0.05347141443572139,0.15257762334769998,0.15257762334769998,0.07868443111259057,-0.07855993625940962,-0.17194090365998518,0.07467043349719711,0.10291189631075853,0.10291189631075853,0.11313478512567392,0.01967015409608931,-0.11949236621949047,0.027530922378938
TSF_30m_BarReturn_count_above_mean_80,-0.02399221879794447,-0.02399221879794447,0.10008489316139153,0.06876770823848692,0.10732875273039424,0.028058792093690894,-0.028259388489571484,-0.028259388489571484,-0.04625640379745553,0.09737964227182933,0.11354168379159751,0.022338358546456258,-0.13405468464626333,-0.13405468464626333,0.05071995884766584,0.04252993236372166,0.08830325249896373,-0.05568664169054247,-0.2590545631978016,-0.2590545631978016,0.027886431858619914,-0.01639663570068492,-0.16628503366290026,-0.10727369958521317,0.12588742321845467,0.12588742321845467,0.09920303679970982,0.17137289594812524,-0.04427156363284453,-0.08816448545553544,0.07103420867503805,0.07103420867503805,0.24220827006336446,0.22201450234455203,0.16956264152167635,-0.10610553323657151,0.06876606451617741,0.06876606451617741,0.08318137494313918,0.048548054991289974,-0.14576732438590326,0.06225952637709502,-0.17899232770961926,-0.17899232770961926,-0.18196995486732193,0.18082723652874022,-0.09113029920480169,-0.026430336671270583,-0.08229974391364313,-0.08229974391364313,0.1035040406219871,0.4462430511909215,0.2115390802068771,-0.346467686779647,-0.08012021454377201,-0.08012021454377201,0.08860942620605641,1.0,0.41592052655538975,-0.47766198420334466,-0.12465930469341206,-0.12465930469341206,0.06168123350098842,0.04377123008802412,0.1328314707296633,-0.10274572822551263,-0.12477701428618578,-0.12477701428618578,0.08063914762674386,0.05553463933641756,0.11809497309484733,-0.09381345119476656
TSF_30m_BarReturn_longest_strike_above_mean_80,-0.016310252363326977,-0.016310252363326977,0.04626145128004306,0.10907156493875017,-0.07298474444800203,0.0427030966676766,-0.06824312651418908,-0.06824312651418908,-0.031080841453982735,0.21630724436282853,0.22394493676000504,0.04226013950452764,-0.13309437756392795,-0.13309437756392795,-0.016379349739954436,0.0933646342733885,0.1006236769862502,-0.14795942018467306,-0.2753865142554797,-0.2753865142554797,-0.027695787628790804,0.07444674494522066,-0.05629916015061921,-0.20854149812088285,0.05455281872113912,0.05455281872113912,0.0991591446947242,0.07216055023408668,0.06671662520930682,-0.09282345731342871,0.07809245958293963,0.07809245958293963,0.28507099247710427,0.26948517341328987,0.0708685053224552,-0.20486512341398763,0.09133767307094,0.09133767307094,0.06500017185355818,0.050757556092235596,-0.009766088586959112,-0.06981153478447656,-0.18519518828917583,-0.18519518828917583,-0.06893009979084616,0.20581442705378933,0.15580105621350873,-0.21391496052409414,-0.04462216234757002,-0.04462216234757002,0.003900225507849903,0.20834492950767342,0.4033375813561452,-0.26731002676110627,-0.04734819996646777,-0.04734819996646777,-0.09254830901510312,0.41592052655538975,1.0,-0.3375541216634197,-0.029352151903898428,-0.029352151903898428,0.08623103711939573,-0.014958972085080346,0.07174039323646574,-0.00428722018849719,-0.01647924950882379,-0.01647924950882379,0.052025914650482445,0.024732265123128896,0.07130786400173021,-0.008312219399219533
TSF_30m_BarReturn_skewness_80,-0.01040158665253589,-0.01040158665253589,-0.04555706691812773,0.026867783485240906,-0.03453206777883182,-0.12889460054130888,0.13672005136977625,0.13672005136977625,0.03996403536522419,-0.07089126828962736,-0.09957051443987969,0.035537663326714236,0.06015277351170989,0.06015277351170989,0.04618188950799393,0.0688428744171736,0.016191194382515494,-0.1091862023091387,0.28834965053869355,0.28834965053869355,0.1356948920815516,0.11798506023914489,0.13916290636743767,-0.0186436880843228,-0.14729242640452408,-0.14729242640452408,0.09135068525920795,-0.13344663660938244,-0.11110909040426686,-0.02434610388346004,-0.17681757865635025,-0.17681757865635025,-0.14307452743932234,-0.16057719245468588,0.07306794820719012,0.02661701500770619,-0.1660125399796213,-0.1660125399796213,-0.028749508228024172,0.049104035100004544,0.13858049088283517,-0.037544679232983866,0.013595559759427481,0.013595559759427481,0.11097301981889592,-0.11401827050985942,0.013602165362153884,0.09861949817899121,0.12324847990684326,0.12324847990684326,-0.07619696816687425,-0.31446921023583,-0.22197010445085016,0.6105884135052344,0.12088662646331434,0.12088662646331434,0.05347141443572139,-0.47766198420334466,-0.3375541216634197,1.0,-0.0007900203925832004,-0.0007900203925832004,-0.06644160851642815,0.010549933413717755,-0.0730033500256855,0.03635693794578906,0.011276699551629141,0.011276699551629141,-0.08716208550422709,-0.0691649298450166,-0.06617444419911739,0.06718165523609808
TSF_30m_BarVolumeShare_absolute_sum_of_changes_40,-0.5629946119460694,-0.5629946119460694,-0.07376654733392861,0.019358673477699363,0.019799869969054397,0.02084601069822169,-0.5768933012972027,-0.5768933012972027,-0.1086321638794316,0.010642963705734141,0.02159192326271889,-0.15891431396807632,-0.27521522542860993,-0.27521522542860993,-0.038842078238100326,-0.201329027912407,0.08920347289255079,0.1802487948680696,-0.38788364461267644,-0.38788364461267644,-0.3197177678994849,-0.5430021702549161,-0.2884195324112478,0.4632239534638269,0.48901921841229046,0.48901921841229046,0.15816110754132834,0.32260150702175067,0.16592577697495536,-0.417008447867727,0.49963825426736175,0.49963825426736175,0.19587970379851116,0.4758016371895664,-0.2309671858545969,-0.5114669126083988,0.16229736113923196,0.16229736113923196,-0.0003687919446515785,0.05199125447966043,0.22138822936420685,-0.1359607043326963,0.26371698210941025,0.26371698210941025,0.3409749394194101,0.03438392489227911,0.35604657992510813,0.11297567243693067,-0.41349203286425235,-0.41349203286425235,0.06707888885608594,-0.041570428998265546,0.008698408991524846,0.024034662212004274,-0.43305564178871253,-0.43305564178871253,0.15257762334769998,-0.12465930469341206,-0.029352151903898428,-0.0007900203925832004,1.0,1.0,0.6148924342715457,-0.10771471958890007,-0.40900891120643623,0.13624854565677974,0.9371923398359367,0.9371923398359367,0.5962758912456515,-0.02382340235454124,-0.28700328478423504,0.06489190517926731
TSF_30m_BarVolumeShare_mean_abs_change_40,-0.5629946119460694,-0.5629946119460694,-0.07376654733392861,0.019358673477699363,0.019799869969054397,0.02084601069822169,-0.5768933012972027,-0.5768933012972027,-0.1086321638794316,0.010642963705734141,0.02159192326271889,-0.15891431396807632,-0.27521522542860993,-0.27521522542860993,-0.038842078238100326,-0.201329027912407,0.08920347289255079,0.1802487948680696,-0.38788364461267644,-0.38788364461267644,-0.3197177678994849,-0.5430021702549161,-0.2884195324112478,0.4632239534638269,0.48901921841229046,0.48901921841229046,0.15816110754132834,0.32260150702175067,0.16592577697495536,-0.417008447867727,0.49963825426736175,0.49963825426736175,0.19587970379851116,0.4758016371895664,-0.2309671858545969,-0.5114669126083988,0.16229736113923196,0.16229736113923196,-0.0003687919446515785,0.05199125447966043,0.22138822936420685,-0.1359607043326963,0.26371698210941025,0.26371698210941025,0.3409749394194101,0.03438392489227911,0.35604657992510813,0.11297567243693067,-0.41349203286425235,-0.41349203286425235,0.06707888885608594,-0.041570428998265546,0.008698408991524846,0.024034662212004274,-0.43305564178871253,-0.43305564178871253,0.15257762334769998,-0.12465930469341206,-0.029352151903898428,-0.0007900203925832004,1.0,1.0,0.6148924342715457,-0.10771471958890007,-0.40900891120643623,0.13624854565677974,0.9371923398359367,0.9371923398359367,0.5962758912456515,-0.02382340235454124,-0.28700328478423504,0.06489190517926731
TSF_30m_BarVolumeShare_cid_ce_normalized_40,-0.52866739545868,-0.52866739545868,-0.09138506643968411,-0.020843752277805223,0.12358228958290583,0.01575859738135572,-0.5071740324912387,-0.5071740324912387,0.0423858568060248,0.03896397918397091,-0.0766784663761581,-0.24741685169004102,-0.33434469548457263,-0.33434469548457263,-0.06281568441697355,-0.252572088777874,0.02343142822706098,0.16361886982629162,-0.5100114775959685,-0.5100114775959685,-0.29793895046285684,-0.45267909149548635,-0.3714421089472215,0.3713472500502558,0.440635106078181,0.440635106078181,0.2892228351121978,0.18823075866860134,-0.036200161483371664,-0.3517320493241984,0.5412037583332912,0.5412037583332912,0.3068743272014403,0.3899869158908256,-0.0764391448115874,-0.2973127149607234,0.09717361567217615,0.09717361567217615,0.024802558695763106,0.07924340754762467,0.08887591959467946,-0.08413480231178096,0.20127294325251713,0.20127294325251713,0.09551958275458756,0.04376313958130182,0.1536792355572522,0.10276775053724874,-0.34258084193562593,-0.34258084193562593,0.12893660116500613,0.056626805739934505,-0.04029947861103926,-0.031769496008043865,-0.40467641371468754,-0.40467641371468754,0.07868443111259057,0.06168123350098842,0.08623103711939573,-0.06644160851642815,0.6148924342715457,0.6148924342715457,1.0,0.22358015422793012,-0.19888637950727736,-0.053821908688758004,0.5550276631811848,0.5550276631811848,0.8097383831470074,0.28786361661349424,-0.06641599981318634,-0.08814898762273679
TSF_30m_BarVolumeShare_count_above_mean_40,-0.2186522015396496,-0.2186522015396496,-0.010501164809243234,0.03827422902866511,0.20824550774266046,-0.11614203367265068,-0.3113213581209137,-0.3113213581209137,0.11242374138700553,-0.1588380199073972,-0.2388169459951447,-0.05728973225637693,-0.15386074892832163,-0.15386074892832163,-0.06790148165957087,-0.09110984614128083,-0.08317169390626473,0.073130970509533,-0.3656144258577018,-0.3656144258577018,0.027081314210148158,-0.1212997582371897,-0.3201586649586108,0.10909554468574463,0.1577536679719405,0.1577536679719405,0.12921273133655423,0.011622355077483248,-0.020581369644337363,-0.11019294563914972,0.3715324927741135,0.3715324927741135,0.11290037782645224,0.06550795187129471,-0.058115098472669754,0.051204819473153036,0.0020870170855108727,0.0020870170855108727,-0.0038624995111125444,-0.09162876631952348,-0.14311265488906205,0.182443578894834,0.18185265734134912,0.18185265734134912,-0.31029273255143275,-0.1662388077238087,-0.024932865994865792,0.2160387711893081,-0.2502445443129705,-0.2502445443129705,0.04132657929706156,0.007009810386899816,-0.044182070967277894,0.051105834832404134,-0.32372000235851206,-0.32372000235851206,-0.07855993625940962,0.04377123008802412,-0.014958972085080346,0.010549933413717755,-0.10771471958890007,-0.10771471958890007,0.22358015422793012,1.0,0.36864850527110127,-0.6188584175730981,-0.05051907057620773,-0.05051907057620773,0.2699110124192712,0.8087796938320782,0.21431404580020408,-0.4949546632211827
TSF_30m_BarVolumeShare_longest_strike_above_mean_40,0.1239134313915417,0.1239134313915417,0.13529698829698714,0.12220524236141338,0.06180315644107682,-0.15491927278267514,0.11216634491267731,0.11216634491267731,0.1806480061173982,0.10634636679759492,0.03163872184935064,-0.12583676774779665,0.058949468429019033,0.058949468429019033,0.09981318444725824,0.06642825729596251,-0.028263392828917978,-0.05232914682382469,-0.05292930688950531,-0.05292930688950531,0.13906735882749666,0.1371945397648204,-0.013252103419870122,-0.15954373040537348,-0.026213930257841963,-0.026213930257841963,0.1519695132605916,-0.04667887570810128,-0.010736548659906907,0.05027292144410779,-0.03299196277927333,-0.03299196277927333,0.13763901903595618,-0.07629495958552886,0.017967990982619874,0.09996605372003807,-0.07741642478004636,-0.07741642478004636,0.008330416318147139,0.0020165819843049656,-0.09721206750793844,0.11019894585471175,-0.06675512344767766,-0.06675512344767766,-0.15681424346811798,0.06353395688933362,-0.08389576823513317,-0.02084275237498514,0.010424973100155525,0.010424973100155525,0.019606057986448606,0.06950231037383693,0.025236232519665374,-0.009763430580643256,-0.0016816549418259168,-0.0016816549418259168,-0.17194090365998518,0.1328314707296633,0.07174039323646574,-0.0730033500256855,-0.40900891120643623,-0.40900891120643623,-0.19888637950727736,0.36864850527110127,1.0,-0.22181689800317372,-0.33413436394060214,-0.33413436394060214,-0.12211168766185038,0.24493936450742335,0.5415934330721276,-0.11053648591472565
TSF_30m_BarVolumeShare_skewness_40,0.2066017429812044,0.2066017429812044,0.09623793112080979,-0.03174614353022687,-0.11879939477481247,0.047002522955557596,0.2800360804629071,0.2800360804629071,-0.06265346322493026,0.19015425574830067,0.12920908410379287,-0.08068283579118216,0.07584022003843774,0.07584022003843774,0.10509354132432162,0.12121485150930117,0.052449091402367976,-0.12589496207419576,0.32233840416264886,0.32233840416264886,-0.10395607511656618,0.11324406945378424,0.32087305406720656,-0.06870596504265346,-0.20172851663008798,-0.20172851663008798,-0.011345455759264976,-0.07198521893255704,-0.05594082659429806,0.03828294376340407,-0.3637217605586391,-0.3637217605586391,-0.016692281575291543,-0.05939969902936964,0.02106302400540568,-0.10486992138889513,-0.1750953173431309,-0.1750953173431309,-0.11332355550727,0.17895410069463016,0.22244415742989052,-0.24658920126354533,-0.1767495896364207,-0.1767495896364207,0.3249058372831689,0.24729099546696784,0.13439155822010718,-0.34038034207194107,0.2552557623831651,0.2552557623831651,-0.006422033046627753,-0.08598577412509481,0.03874213423889065,0.0047553635250972255,0.28578821469105464,0.28578821469105464,0.07467043349719711,-0.10274572822551263,-0.00428722018849719,0.03635693794578906,0.13624854565677974,0.13624854565677974,-0.053821908688758004,-0.6188584175730981,-0.22181689800317372,1.0,0.06928034170771573,0.06928034170771573,-0.0993349865164589,-0.5392445939573923,-0.12416047574886084,0.7363066941449141
TSF_30m_BarVolumeShare_absolute_sum_of_changes_80,-0.5870170431628461,-0.5870170431628461,-0.07033677423302985,0.056762008534702445,0.037115301035708176,0.036783746269113404,-0.6327089955746414,-0.6327089955746414,-0.12538453129784696,0.02475726797549226,-0.0005501371357091828,-0.14942914829403262,-0.2925870592967589,-0.2925870592967589,-0.07099746822230905,-0.21419462757093563,0.12686055870358354,0.18067403798971235,-0.4154557577643449,-0.4154557577643449,-0.3428936828358606,-0.5588095113182838,-0.32322386782223056,0.5123580434768229,0.5416286554343683,0.5416286554343683,0.16094709581945985,0.36799611330120036,0.18277886558862513,-0.4525333311080142,0.5331461743778039,0.5331461743778039,0.19727065487053672,0.5186080075914236,-0.2616786645166675,-0.5721290006855577,0.18252264620236808,0.18252264620236808,-0.0013880562373147522,0.02026437468648069,0.21725260981026095,-0.11890949255716489,0.2813825302424138,0.2813825302424138,0.38567943193753856,0.02005769390474265,0.42172274036218116,0.11289192387935158,-0.4611712873093468,-0.4611712873093468,0.028631589927468563,0.006844279503872068,0.030002465102833758,-0.014053511102467017,-0.4662956147426699,-0.4662956147426699,0.10291189631075853,-0.12477701428618578,-0.01647924950882379,0.011276699551629141,0.9371923398359367,0.9371923398359367,0.5550276631811848,-0.05051907057620773,-0.33413436394060214,0.06928034170771573,1.0,1.0,0.6173518981891868,-0.05855320818263004,-0.32022424702571495,0.10166743757031119
TSF_30m_BarVolumeShare_mean_abs_change_80,-0.5870170431628461,-0.5870170431628461,-0.07033677423302985,0.056762008534702445,0.037115301035708176,0.036783746269113404,-0.6327089955746414,-0.6327089955746414,-0.12538453129784696,0.02475726797549226,-0.0005501371357091828,-0.14942914829403262,-0.2925870592967589,-0.2925870592967589,-0.07099746822230905,-0.21419462757093563,0.12686055870358354,0.18067403798971235,-0.4154557577643449,-0.4154557577643449,-0.3428936828358606,-0.5588095113182838,-0.32322386782223056,0.5123580434768229,0.5416286554343683,0.5416286554343683,0.16094709581945985,0.36799611330120036,0.18277886558862513,-0.4525333311080142,0.5331461743778039,0.5331461743778039,0.19727065487053672,0.5186080075914236,-0.2616786645166675,-0.5721290006855577,0.18252264620236808,0.18252264620236808,-0.0013880562373147522,0.02026437468648069,0.21725260981026095,-0.11890949255716489,0.2813825302424138,0.2813825302424138,0.38567943193753856,0.02005769390474265,0.42172274036218116,0.11289192387935158,-0.4611712873093468,-0.4611712873093468,0.028631589927468563,0.006844279503872068,0.030002465102833758,-0.014053511102467017,-0.4662956147426699,-0.4662956147426699,0.10291189631075853,-0.12477701428618578,-0.01647924950882379,0.011276699551629141,0.9371923398359367,0.9371923398359367,0.5550276631811848,-0.05051907057620773,-0.33413436394060214,0.06928034170771573,1.0,1.0,0.6173518981891868,-0.05855320818263004,-0.32022424702571495,0.10166743757031119
TSF_30m_BarVolumeShare_cid_ce_normalized_80,-0.5800169680583256,-0.5800169680583256,-0.07972083371581005,-0.003288210272714125,0.12950820124658957,0.015234312195583298,-0.5725359917819941,-0.5725359917819941,0.0884721328374924,0.01423838734586512,-0.12891455516893136,-0.26992674594619637,-0.35781665630647935,-0.35781665630647935,-0.05587458003648289,-0.28295045424791904,0.04010248397542137,0.17682318842118042,-0.5895735631651707,-0.5895735631651707,-0.30655289917862283,-0.48673039855994427,-0.45197917368512736,0.40670635558575857,0.49071402145763965,0.49071402145763965,0.3326583940428207,0.20709618417035797,-0.08109319106076009,-0.41719259302529355,0.6270671520830604,0.6270671520830604,0.33901967413203105,0.4118868826596043,-0.1077792553863325,-0.3219632578688927,0.10669346515291434,0.10669346515291434,0.04141775185721082,0.051927202268154955,0.09169873570521296,-0.04416146911013552,0.2236891761953866,0.2236891761953866,0.11913301960995981,0.05319890924530843,0.17654866988900217,0.12315051278580175,-0.41594230814784894,-0.41594230814784894,0.08370569433899064,0.08619048174641893,-0.01743774862623041,-0.061760187044912304,-0.43140090023260097,-0.43140090023260097,0.11313478512567392,0.08063914762674386,0.052025914650482445,-0.08716208550422709,0.5962758912456515,0.5962758912456515,0.8097383831470074,0.2699110124192712,-0.12211168766185038,-0.0993349865164589,0.6173518981891868,0.6173518981891868,1.0,0.32804599930086364,-0.0610869781016098,-0.09932646709612857
TSF_30m_BarVolumeShare_count_above_mean_80,-0.2933789395400544,-0.2933789395400544,-0.04361480013364913,0.00025541588285998986,0.17402791762197034,-0.12619994294244524,-0.36950680729698837,-0.36950680729698837,0.130710913528535,-0.24477738229909513,-0.3202226387989718,-0.058432412967176536,-0.2009129430659204,-0.2009129430659204,-0.10607572084929617,-0.12492377440256561,-0.1412481071321886,0.16334902965648737,-0.4354479096874509,-0.4354479096874509,0.01910157057384278,-0.18356175824022974,-0.40556269287931623,0.1402723678316061,0.21065481492371735,0.21065481492371735,0.12443266544751846,0.031064872099116746,-0.0311254160616918,-0.11474487497371927,0.47123409087290385,0.47123409087290385,0.11913085946529553,0.09124327967167298,-0.07619675844803575,0.09772510924381757,0.03592262415772709,0.03592262415772709,0.013561305848164874,-0.05736306715280608,-0.12620305787638678,0.21242575764566526,0.23970233895180415,0.23970233895180415,-0.37741099489294744,-0.17620955840207242,-0.07111721935129436,0.30756625948047395,-0.2511585209563243,-0.2511585209563243,0.062329030435198426,0.0624489903418608,0.014029533993796984,-0.02706334008357934,-0.3334156757460484,-0.3334156757460484,0.01967015409608931,0.05553463933641756,0.024732265123128896,-0.0691649298450166,-0.02382340235454124,-0.02382340235454124,0.28786361661349424,0.8087796938320782,0.24493936450742335,-0.5392445939573923,-0.05855320818263004,-0.05855320818263004,0.32804599930086364,1.0,0.2756762029042553,-0.6145568082147376
TSF_30m_BarVolumeShare_longest_strike_above_mean_80,0.030122584609386,0.030122584609386,0.07823743659286694,0.1118897995832245,0.05076839765851754,-0.12528896279176333,0.02279663285852379,0.02279663285852379,0.21050552040064485,0.07727706647901296,-0.04461174987482854,-0.10790984975412812,-0.049274060236792226,-0.049274060236792226,-0.0626300269594891,0.01142470295558487,0.03875103162901018,-0.04618521312922242,-0.1509680988767536,-0.1509680988767536,0.031673635420798416,0.04957881584502978,-0.05682198190379173,-0.11546585539469187,0.0058661755896745,0.0058661755896745,0.14460915249369366,0.04634948884957428,-0.060536337148489085,-0.03746522795468585,0.07275305931386389,0.07275305931386389,0.21328031253571728,0.04140741025286578,0.11097218991326167,0.025551011915038845,-0.04184110921658614,-0.04184110921658614,-0.029179957013024668,0.14915371547807887,-0.016750752571013612,-0.03842743430724782,-0.07249045339081085,-0.07249045339081085,-0.2021966907265403,0.14050977561870412,-0.02330162122091802,0.024602507911052566,-0.008500899495119053,-0.008500899495119053,0.012031216436065126,0.03855273251593673,-0.05697707041749723,-0.03860589445331881,-0.038029153999368355,-0.038029153999368355,-0.11949236621949047,0.11809497309484733,0.07130786400173021,-0.06617444419911739,-0.28700328478423504,-0.28700328478423504,-0.06641599981318634,0.21431404580020408,0.5415934330721276,-0.12416047574886084,-0.32022424702571495,-0.32022424702571495,-0.0610869781016098,0.2756762029042553,1.0,-0.13253959605485116
TSF_30m_BarVolumeShare_skewness_80,0.2540755885273673,0.2540755885273673,0.18085480070876414,-0.010787153953759612,-0.10005418661587574,0.051952634082431386,0.318342036128242,0.318342036128242,-0.008144744624307837,0.29568982472557065,0.1664728285583115,-0.15542557065262635,0.09659343329974289,0.09659343329974289,0.1493642692728785,0.16491709904480484,0.048606015638115944,-0.15527499386902469,0.3651680126216169,0.3651680126216169,-0.012476529308419483,0.20099400939461332,0.3664782555891185,-0.11495872120427619,-0.19892428073513418,-0.19892428073513418,0.008925309945229333,-0.07240802825216042,-0.04820469500051941,0.04315116314648998,-0.4242794585324431,-0.4242794585324431,2.3744766921223117e-05,-0.03784205601037738,-0.06683019326032132,-0.19358210802855452,-0.19860687377880054,-0.19860687377880054,-0.13780209614203856,0.09859157182539033,0.17850336623105972,-0.17050151687991874,-0.23046584482228025,-0.23046584482228025,0.3564658108701623,0.27642774801565484,0.18351950720299676,-0.422534194788524,0.2402255236014956,0.2402255236014956,-0.04656351518763296,-0.05229300477245219,-0.003932302900782966,0.05726619282066371,0.30774650111562846,0.30774650111562846,0.027530922378938,-0.09381345119476656,-0.008312219399219533,0.06718165523609808,0.06489190517926731,0.06489190517926731,-0.08814898762273679,-0.4949546632211827,-0.11053648591472565,0.7363066941449141,0.10166743757031119,0.10166743757031119,-0.09932646709612857,-0.6145568082147376,-0.13253959605485116,1.0
