Date,PeerFlow60,OwnFlow60,PriorPrice60,FlowWindowPrice60,PreFlowPrice60,SurgeThreshold,Rally,Event,Forward20,ExitDate20,Forward60,ExitDate60,rate_us_real_10y_level,rate_us_real_10y_change_20d,currency_usdcnh_return_20d,price_return_20d
2013-07-29,,,,,,,False,False,0.053191489362,2013-08-27,-0.005319148936,2013-10-31,,,,
2013-07-30,,,,,,,False,False,0.063185773742,2013-08-28,-0.018161180477,2013-11-01,0.450000000000,,,
2013-07-31,,,,,,,False,False,0.058424425179,2013-08-29,-0.018846588767,2013-11-04,0.460000000000,,,
2013-08-01,,,,,,,False,False,0.057414448669,2013-08-30,-0.017110266160,2013-11-05,0.380000000000,,,
2013-08-02,,,,,,,False,False,0.056848531095,2013-09-02,-0.016024418161,2013-11-06,0.480000000000,,,
2013-08-05,,,,,,,False,False,0.057251908397,2013-09-03,-0.015267175573,2013-11-07,0.420000000000,,,
2013-08-06,,,,,,,False,False,0.089383294301,2013-09-04,0.007025761124,2013-11-08,0.420000000000,,,
2013-08-07,,,,,,,False,False,0.068392581144,2013-09-05,-0.020479134467,2013-11-11,0.390000000000,,,
2013-08-08,,,,,,,False,False,0.040000000000,2013-09-06,-0.037333333333,2013-11-12,0.350000000000,,,
2013-08-09,,,,,,,False,False,0.035768072289,2013-09-09,-0.057605421687,2013-11-13,0.340000000000,,,
2013-08-12,,,,,,,False,False,0.035311795642,2013-09-10,-0.058602554470,2013-11-14,0.330000000000,,,
2013-08-13,,,,,,,False,False,0.027272727273,2013-09-11,-0.045075757576,2013-11-15,0.370000000000,,,
2013-08-14,,,,,,,False,False,0.012686567164,2013-09-12,-0.056343283582,2013-11-18,0.480000000000,,,
2013-08-15,,,,,,,False,False,-0.027472527473,2013-09-13,-0.076923076923,2013-11-19,0.500000000000,,,
2013-08-16,,,,,,,False,False,-0.037956204380,2013-09-16,-0.087226277372,2013-11-20,0.600000000000,,,
2013-08-19,,,,,,,False,False,-0.040366972477,2013-09-17,-0.086972477064,2013-11-21,0.680000000000,,,
2013-08-20,,,,,,,False,False,-0.049632352941,2013-09-18,-0.094485294118,2013-11-22,0.750000000000,,,
2013-08-21,,,,,,,False,False,-0.036437246964,2013-09-23,-0.095693779904,2013-11-25,0.670000000000,,,
2013-08-22,,,,,,,False,False,-0.037715122666,2013-09-24,-0.103258879531,2013-11-26,0.730000000000,,,
2013-08-23,,,,,,,False,False,-0.053429602888,2013-09-25,-0.115523465704,2013-11-27,0.790000000000,,,
2013-08-26,,,,,,,False,False,-0.049062049062,2013-09-26,-0.117604617605,2013-11-28,0.690000000000,,,0.055597867479
2013-08-27,,,,,,,False,False,-0.065836298932,2013-09-27,-0.131672597865,2013-11-29,0.640000000000,0.190000000000,-0.003496418005,0.050264550265
2013-08-28,,,,,,,False,False,-0.062321937322,2013-09-30,-0.129629629630,2013-12-02,0.570000000000,0.110000000000,-0.003299219399,0.063981934513
2013-08-29,,,,,,,False,False,-0.051420352391,2013-10-08,-0.129449838188,2013-12-03,0.630000000000,0.250000000000,-0.002511235332,0.057888762770
2013-08-30,,,,,,,False,False,-0.052346570397,2013-10-09,-0.129602888087,2013-12-04,0.650000000000,0.170000000000,-0.002381515332,0.081070597362
2013-09-02,,,,,,,False,False,-0.065703971119,2013-10-10,-0.122382671480,2013-12-05,0.680000000000,0.260000000000,-0.001452871462,0.052091254753
2013-09-03,,,,,,,False,False,-0.077749910426,2013-10-11,-0.134360444285,2013-12-06,0.680000000000,0.260000000000,-0.001298563413,0.065997684292
2013-09-04,,,,,,,False,False,-0.081374321881,2013-10-14,-0.123327305606,2013-12-09,0.760000000000,0.370000000000,-0.000746795479,0.082750582751
2013-09-05,,,,,,,False,False,-0.070329670330,2013-10-15,-0.109890109890,2013-12-10,0.830000000000,0.480000000000,-0.000787845602,0.063805104408
2013-09-06,,,,,,,False,False,-0.076699382043,2013-10-16,-0.105416212286,2013-12-11,0.920000000000,0.580000000000,0.000175826836,0.041666666667
2013-09-09,,,,,,,False,False,-0.074020319303,2013-10-17,-0.109579100145,2013-12-12,0.870000000000,0.540000000000,-0.001073653970,0.036479879654
2013-09-10,,,,,,,False,False,-0.044616519174,2013-10-18,-0.109513274336,2013-12-13,0.840000000000,0.470000000000,-0.001789028653,0.025046728972
2013-09-11,,,,,,,False,False,-0.042004421518,2013-10-21,-0.111274871039,2013-12-16,0.860000000000,0.380000000000,-0.001384986097,0.031060606061
2013-09-12,,,,,,,False,False,-0.024858757062,2013-10-22,-0.088888888889,2013-12-17,0.800000000000,0.300000000000,-0.000722966452,0.000746268657
2013-09-13,,,,,,,False,False,-0.004931714719,2013-10-23,-0.081942336874,2013-12-18,0.810000000000,0.210000000000,-0.000004092313,-0.033185840708
2013-09-16,,,,,,,False,False,0.004206500956,2013-10-24,-0.077246653920,2013-12-19,0.800000000000,0.120000000000,0.000608875838,-0.038728534892
2013-09-17,,,,,,,False,False,0.015087040619,2013-10-25,-0.082785299807,2013-12-20,0.760000000000,0.010000000000,-0.001255603622,-0.035489833641
2013-09-18,,,,,,,False,False,0.006111535523,2013-10-28,-0.100458365164,2013-12-23,0.700000000000,0.030000000000,-0.000802938329,-0.049559471366
2013-09-23,,,,,,,False,False,0.001522070015,2013-10-29,-0.103120243531,2013-12-24,0.490000000000,-0.240000000000,-0.002258468850,-0.031319086220
2013-09-24,,,,,,,False,False,-0.000762776506,2013-10-30,-0.099542334096,2013-12-25,0.460000000000,-0.330000000000,-0.000400631199,-0.040614709111
2013-09-25,,,,,,,False,False,-0.006828528073,2013-10-31,-0.098634294385,2013-12-26,0.480000000000,-0.210000000000,0.001061129051,-0.051587301587
2013-09-26,,,,,,,False,False,-0.011428571429,2013-11-01,-0.093333333333,2013-12-27,0.450000000000,-0.190000000000,0.000744266693,-0.052896725441
2013-09-27,,,,,,,False,False,-0.011393847322,2013-11-04,-0.087732624383,2013-12-30,0.470000000000,-0.100000000000,0.000448818724,-0.072515033605
2013-09-30,,,,,,,False,False,-0.020090978014,2013-11-05,-0.103108415466,2013-12-31,0.460000000000,-0.170000000000,-0.000129147431,-0.052575107296
2013-10-08,,,,,,,False,False,-0.017523809524,2013-11-06,-0.089904761905,2014-01-02,0.450000000000,-0.200000000000,-0.000187151288,-0.056332974525
2013-10-09,,,,,,,False,False,-0.003091190108,2013-11-07,-0.067619783617,2014-01-03,0.480000000000,-0.200000000000,-0.000580359332,-0.054933140585
2013-10-10,,,,,,,False,False,0.002331002331,2013-11-08,-0.053224553225,2014-01-06,0.470000000000,-0.210000000000,-0.000236335089,-0.060463432295
2013-10-11,,,,,,,False,False,-0.001968503937,2013-11-11,-0.043307086614,2014-01-07,0.500000000000,-0.260000000000,-0.001309912983,-0.078220308576
2013-10-14,,,,,,,False,False,-0.004334121355,2013-11-12,-0.048463356974,2014-01-08,0.500000000000,-0.330000000000,-0.001086186618,-0.075608869502
2013-10-15,,,,,,,False,False,-0.014566929134,2013-11-13,-0.051181102362,2014-01-09,0.500000000000,-0.420000000000,-0.002304970773,-0.070458715596
2013-10-16,,,,,,,False,False,-0.018025078370,2013-11-14,-0.054075235110,2014-01-10,0.540000000000,-0.330000000000,-0.002601951341,-0.075108853411
2013-10-17,,,,,,,False,False,-0.027016595909,2013-11-15,-0.054033191818,2014-01-13,0.500000000000,-0.340000000000,-0.001698897968,-0.076951130562
2013-10-18,,,,,,,False,False,-0.027307692308,2013-11-18,-0.058076923077,2014-01-14,0.450000000000,-0.410000000000,-0.003295029064,-0.042983100661
2013-10-21,,,,,,,False,False,-0.026651216686,2013-11-19,-0.057551178061,2014-01-15,0.420000000000,-0.380000000000,-0.003306445277,-0.027591349739
2013-10-22,,,,,,,False,False,-0.046511627907,2013-11-20,-0.072817384674,2014-01-16,0.440000000000,-0.370000000000,-0.003591428370,-0.010297482838
2013-10-23,,,,,,,False,False,-0.052551408987,2013-11-21,-0.073115003808,2014-01-17,0.370000000000,-0.430000000000,-0.004905665316,-0.002660585329
2013-10-24,,,,,,,False,False,-0.061356707317,2013-11-22,-0.071646341463,2014-01-20,0.360000000000,-0.400000000000,-0.003774001866,0.005749329245
2013-10-25,,,,,,,False,False,-0.067198177677,2013-11-25,-0.067577828398,2014-01-21,0.360000000000,-0.340000000000,-0.005553073339,0.011587485516
2013-10-28,,,,,,,False,False,-0.069528875380,2013-11-26,-0.073328267477,2014-01-22,0.340000000000,-0.150000000000,-0.005028360280,-0.001141118296
2013-10-29,,,,,,,False,False,-0.064885496183,2013-11-27,-0.073282442748,2014-01-23,0.350000000000,-0.110000000000,-0.006415122119,0.006483600305
2013-10-30,,,0.001904036558,,,,True,False,-0.065699006875,2013-11-28,-0.061115355233,2014-01-24,0.350000000000,-0.130000000000,-0.006109122411,0.000760745531
2013-10-31,-0.841883767737,-0.560472437254,-0.012471655329,0.001904036558,,,False,False,-0.059730250482,2013-11-29,-0.048169556840,2014-01-27,0.370000000000,-0.080000000000,-0.005663661848,-0.007218844985
2013-11-01,-0.810420658973,-0.368943413656,-0.020700037636,-0.012471655329,,,False,False,-0.061083365348,2013-12-02,-0.051863234729,2014-01-28,0.400000000000,-0.070000000000,-0.004625089887,-0.007627765065
2013-11-04,-0.773553404715,-0.015380018280,-0.022323117669,-0.020700037636,,,False,False,-0.063442940039,2013-12-03,-0.051450676983,2014-01-29,0.500000000000,0.040000000000,-0.004864091559,-0.024537561344
2013-11-05,-0.768552368304,0.188260998685,0.001551590380,-0.022323117669,,,True,False,-0.065141527724,2013-12-04,-0.044203179527,2014-01-30,0.500000000000,0.050000000000,-0.005002533963,-0.018250950570
2013-11-06,-0.772570562168,0.272621941523,-0.019771863118,0.001551590380,,,False,False,-0.057751937984,2013-12-05,-0.046124031008,2014-02-07,0.550000000000,0.070000000000,-0.004220272028,-0.014149139579
2013-11-07,-0.755598189674,0.386834026540,-0.000771902740,-0.019771863118,,,False,False,-0.063565891473,2013-12-06,-0.034883720930,2014-02-10,0.480000000000,0.010000000000,-0.004765445368,-0.002312138728
2013-11-08,-0.755598189674,0.426566837293,-0.000388500389,-0.000771902740,,,False,False,-0.043786982249,2013-12-09,-0.010650887574,2014-02-11,0.460000000000,-0.040000000000,-0.003536982757,0.001557026080
2013-11-11,-0.753296850748,0.640706461250,-0.022041763341,-0.000388500389,,,False,False,-0.038385437277,2013-12-10,-0.003165809260,2014-02-12,0.590000000000,0.090000000000,-0.004174247399,-0.005505308691
2013-11-12,-0.753296850748,0.676238035789,-0.037844036697,-0.022041763341,,,False,False,-0.016779864163,2013-12-11,0.007990411506,2014-02-13,0.590000000000,0.090000000000,-0.003630582122,-0.006316620608
2013-11-13,-0.753296850748,0.722478437949,-0.059420834900,-0.037844036697,,,False,False,-0.020750199521,2013-12-12,0.009976057462,2014-02-14,0.620000000000,0.080000000000,-0.003028630523,-0.018830914084
2013-11-14,-0.748561657968,0.822394308559,-0.059439252336,-0.059420834900,,,False,False,-0.042046806823,2013-12-13,0.028163427211,2014-02-17,0.580000000000,0.080000000000,-0.003309262244,-0.005926511260
2013-11-15,-0.734550379180,0.885222896678,-0.043181818182,-0.059439252336,,,False,False,-0.046263345196,2013-12-16,0.026492684856,2014-02-18,0.510000000000,0.060000000000,-0.002205863640,-0.030326295585
2013-11-18,-0.730453927390,0.892504606475,-0.057089552239,-0.043181818182,,,False,False,-0.040079365079,2013-12-17,0.019047619048,2014-02-19,0.530000000000,0.110000000000,-0.002649004447,-0.031058282209
2013-11-19,-0.727651988309,1.052932148339,-0.077802359882,-0.057089552239,,,False,False,-0.032387045182,2013-12-18,0.024790083966,2014-02-20,0.480000000000,0.040000000000,-0.002801028413,-0.036223506744
2013-11-20,-0.727651988309,1.034775533307,-0.083668249909,-0.077802359882,,,False,False,-0.030144694534,2013-12-19,0.031350482315,2014-02-21,0.530000000000,0.160000000000,-0.003479990466,-0.044207317073
2013-11-21,-0.709535679112,1.123152528698,-0.089463955638,-0.083668249909,,,False,False,-0.037352821762,2013-12-20,0.043442955745,2014-02-24,0.640000000000,0.280000000000,-0.002644661506,-0.061356707317
2013-11-22,-0.703992431619,1.146074008875,-0.097650513950,-0.089463955638,,,False,False,-0.041514041514,2013-12-23,0.061864061864,2014-02-25,0.600000000000,0.240000000000,-0.000987459267,-0.061473844979
2013-11-25,-0.703992431619,1.217224916641,-0.102063375092,-0.097650513950,,,False,False,-0.037566353614,2013-12-24,0.068599428338,2014-02-26,0.560000000000,0.220000000000,-0.000497146347,-0.071972581874
2013-11-26,-0.698449184126,1.217224916641,-0.098060739115,-0.102063375092,,,False,False,-0.036326530612,2013-12-25,0.077142857143,2014-02-27,0.560000000000,0.210000000000,0.000908015480,-0.065934065934
2013-11-27,-0.687362689140,1.217224916641,-0.115079365079,-0.098060739115,,,False,False,-0.028618152085,2013-12-26,0.067457072772,2014-02-28,0.540000000000,0.190000000000,0.000135679074,-0.067654884074
2013-11-28,-0.687362689140,1.213499828682,-0.121986326017,-0.115079365079,,,False,False,-0.024590163934,2013-12-27,0.083196721311,2014-03-03,0.580000000000,0.210000000000,0.000509591833,-0.066207424416
2013-11-29,-0.599731805328,1.107429682717,-0.135833038557,-0.121986326017,,,False,False,-0.017184942717,2013-12-30,0.094517184943,2014-03-04,0.580000000000,0.180000000000,-0.000738855595,-0.061106840892
2013-12-02,-0.599731805328,0.990915895482,-0.123748211731,-0.135833038557,,,False,False,-0.022717885171,2013-12-31,0.084675753821,2014-03-05,0.600000000000,0.100000000000,-0.000344204387,-0.051857585139
2013-12-03,-0.592993245717,0.823551987719,-0.134912091855,-0.123748211731,,,False,False,-0.009124844463,2014-01-02,0.088345085027,2014-03-06,0.660000000000,0.160000000000,-0.000041075859,-0.066227730442
2013-12-04,-0.459273423667,0.651852710259,-0.129743404409,-0.134912091855,,,False,False,-0.007404360346,2014-01-03,0.089263677499,2014-03-07,0.640000000000,0.090000000000,-0.000936337279,-0.065942591156
2013-12-05,-0.441942351076,0.499768814426,-0.120564808110,-0.129743404409,,,False,False,0.008692052980,2014-01-06,0.086506622517,2014-03-10,0.730000000000,0.250000000000,-0.000743799955,-0.061799922750
2013-12-06,-0.459273423667,0.401136333745,-0.132400430571,-0.120564808110,,,False,False,0.002475247525,2014-01-07,0.078795379538,2014-03-11,0.760000000000,0.300000000000,-0.001018848701,-0.060240963855
2013-12-09,-0.450607887371,0.238277890136,-0.118502362777,-0.132400430571,,,False,False,-0.006172839506,2014-01-08,0.090946502058,2014-03-12,0.770000000000,0.180000000000,-0.001989804309,-0.041122973507
2013-12-10,-0.450607887371,0.214408233276,-0.102752293578,-0.118502362777,,,False,False,-0.020723283218,2014-01-09,0.092645266152,2014-03-13,0.740000000000,0.150000000000,-0.002352437981,-0.028605482718
2013-12-11,-0.450607887371,0.228895276065,-0.106676342525,-0.102752293578,,,False,False,-0.016299918500,2014-01-10,0.102281988590,2014-03-14,0.690000000000,0.070000000000,-0.002146964225,-0.015593762495
2013-12-12,-0.506758183441,0.206815727187,-0.106491611962,-0.106676342525,,,False,False,0.014906832298,2014-01-13,0.118426501035,2014-03-17,0.710000000000,0.130000000000,0.000181029730,-0.026232114467
2013-12-13,-0.502556793177,0.160051216389,-0.114621601763,-0.106491611962,,,False,False,0.015339966833,2014-01-14,0.121061359867,2014-03-18,0.750000000000,0.240000000000,-0.000213916063,-0.045922406968
2013-12-16,-0.494038881428,0.128367601110,-0.101043997017,-0.114621601763,,,False,False,0.008681273253,2014-01-15,0.103761885076,2014-03-19,0.720000000000,0.190000000000,0.000148198157,-0.045904234270
2013-12-17,-0.502513965701,0.024805524686,-0.070175438596,-0.101043997017,,,False,False,0.004958677686,2014-01-16,0.090909090909,2014-03-20,0.710000000000,0.230000000000,-0.000115321252,-0.025189924030
2013-12-18,-0.494038881428,-0.078497284917,-0.080577727100,-0.070175438596,,,False,False,0.008702859511,2014-01-17,0.101947782843,2014-03-21,0.670000000000,0.140000000000,0.001331204286,-0.035486443381
2013-12-19,-0.502556793177,-0.102473948845,-0.080107320813,-0.080577727100,,,False,False,0.027414592999,2014-01-20,0.117671868410,2014-03-24,0.720000000000,0.080000000000,0.000527204580,-0.025578562728
2013-12-20,-0.498283213869,-0.123835942144,-0.095403630745,-0.080107320813,,,False,False,0.042887473461,2014-01-21,0.114225053079,2014-03-25,0.790000000000,0.190000000000,0.000560113341,-0.047192839707
2013-12-23,-0.299761389934,-0.139647467726,-0.100038037277,-0.095403630745,,,False,False,0.034789987272,2014-01-22,0.112855324565,2014-03-26,0.730000000000,0.170000000000,-0.000403514695,-0.029134181371
2013-12-24,0.000000000000,-0.171822839495,-0.097635392830,-0.100038037277,,,False,False,0.028377806014,2014-01-23,0.103346039814,2014-03-27,0.760000000000,0.200000000000,-0.001340636926,-0.040162271805
2013-12-25,0.035461202489,-0.219024322543,-0.096234309623,-0.097635392830,,,False,False,0.034511784512,2014-01-24,0.083333333333,2014-03-28,0.800000000000,0.260000000000,-0.001389494109,-0.031390134529
2013-12-26,0.035461202489,-0.229690945364,-0.096884498480,-0.096234309623,,,False,False,0.037815126050,2014-01-27,0.079831932773,2014-03-31,0.800000000000,0.220000000000,-0.002218059937,-0.025819672131
2013-12-27,0.035461202489,-0.281698493654,-0.084286803966,-0.096884498480,,,False,False,0.027477102415,2014-01-28,0.067443796836,2014-04-01,0.800000000000,0.220000000000,-0.002004600723,-0.017191977077
2013-12-30,0.054151950373,-0.305526919624,-0.102680256701,-0.084286803966,,,False,False,0.036348267117,2014-01-29,0.079036348267,2014-04-02,0.800000000000,0.200000000000,-0.001923770689,-0.029795918367
2013-12-31,0.036101300248,-0.283140507388,-0.096577946768,-0.102680256701,,,False,False,0.031812473838,2014-01-30,0.076182503139,2014-04-03,0.760000000000,0.100000000000,-0.003097246983,-0.014516798009
2014-01-02,0.036101300248,-0.255382681125,-0.081070745698,-0.096577946768,,,False,False,0.019892250311,2014-02-07,0.060505594695,2014-04-04,0.800000000000,0.160000000000,-0.003715974580,-0.002076411960
2014-01-03,0.055147396736,-0.270428429564,-0.065895953757,-0.081070745698,,,False,False,0.021748050882,2014-02-10,0.058678703324,2014-04-08,0.740000000000,0.010000000000,-0.004104225954,-0.002058460272
2014-01-06,0.055147396736,-0.274861682508,-0.052160373686,-0.065895953757,,,False,False,0.032098765432,2014-02-11,0.073662551440,2014-04-09,0.750000000000,-0.010000000000,-0.005148788472,0.007030603805
2014-01-07,0.055147396736,-0.291852523000,-0.039716869839,-0.052160373686,,,False,False,0.043064182195,2014-02-12,0.084886128364,2014-04-10,0.720000000000,-0.050000000000,-0.004012259223,0.007010309278
2014-01-08,0.095420454329,-0.293510116168,-0.048164232136,-0.039716869839,,,False,False,0.046887966805,2014-02-13,0.080082987552,2014-04-11,0.700000000000,-0.040000000000,-0.004270756039,-0.013905930470
2014-01-09,0.161944412580,-0.328129921949,-0.053746567281,-0.048164232136,,,False,False,0.048467274234,2014-02-14,0.089063794532,2014-04-14,0.720000000000,0.030000000000,-0.004459795888,-0.020308692120
2014-01-10,0.138889807472,-0.336144725584,-0.040695377321,-0.053746567281,,,False,False,0.057527539780,2014-02-17,0.079559363525,2014-04-15,0.660000000000,-0.050000000000,-0.006458300768,-0.008979591837
2014-01-13,0.138889807472,-0.349241273334,-0.060268714012,-0.040695377321,,,False,False,0.060024499796,2014-02-18,0.055532870559,2014-04-16,0.590000000000,-0.160000000000,-0.007241785100,0.015767634855
2014-01-14,-0.119048406405,-0.347148984040,-0.058665644172,-0.060268714012,,,False,False,0.052459016393,2014-02-19,0.067213114754,2014-04-17,0.570000000000,-0.150000000000,-0.007318257777,0.018249688926
2014-01-15,-0.152672726926,-0.366486242670,-0.062042389210,-0.058665644172,,,False,False,0.053865131579,2014-02-20,0.064967105263,2014-04-18,0.620000000000,-0.090000000000,-0.008213467780,-0.001640689089
2014-01-16,-0.152672726926,-0.377329030915,-0.071265243902,-0.062042389210,,,False,False,0.054231717338,2014-02-21,0.057929334429,2014-04-21,0.620000000000,-0.050000000000,-0.007998023146,0.007441091360
2014-01-17,-0.133588636060,-0.384336350446,-0.072027439024,-0.071265243902,,,False,False,0.055008210181,2014-02-24,0.051313628900,2014-04-22,0.610000000000,-0.110000000000,-0.008060333117,0.014583333333
2014-01-20,-0.133588636060,-0.396473517274,-0.061092019855,-0.072027439024,,,False,False,0.062296416938,2014-02-25,0.045195439739,2014-04-23,0.580000000000,-0.210000000000,-0.008512249737,0.049957301452
2014-01-21,-0.133588636060,-0.406662487080,-0.066641279513,-0.061092019855,,,False,False,0.072980729807,2014-02-26,0.055760557606,2014-04-24,0.580000000000,-0.150000000000,-0.008048836749,0.035925612849
2014-01-22,-0.133588636060,-0.404544453293,-0.078438802577,-0.066641279513,,,False,False,0.086902800659,2014-02-27,0.064662273476,2014-04-25,0.590000000000,-0.170000000000,-0.006448637386,0.027895181741
2014-01-23,-0.133588636060,-0.379576992338,-0.077917141771,-0.078438802577,,,False,False,0.062245728234,2014-02-28,0.063059397884,2014-04-28,0.620000000000,-0.180000000000,-0.007294702696,0.021043771044
2014-01-24,-0.400765908180,-0.377663639433,-0.058553386912,-0.077917141771,0.001904036558,,False,False,0.070040485830,2014-03-03,0.063967611336,2014-04-29,0.660000000000,-0.140000000000,-0.005697442737,0.034917963820
2014-01-27,-0.419849999046,-0.374886195262,-0.048424289008,-0.058553386912,-0.012471655329,,False,False,0.083873581848,2014-03-04,0.055510534846,2014-04-30,0.610000000000,-0.190000000000,-0.004914551022,0.031236984590
2014-01-28,-0.438934089912,-0.377117660710,-0.046826625387,-0.048424289008,-0.020700037636,,False,False,0.070962479608,2014-03-05,0.073409461664,2014-05-05,0.640000000000,-0.160000000000,-0.005829367497,0.036180058898
2014-01-29,-0.438934089912,-0.372654729814,-0.049186676995,-0.046826625387,-0.022323117669,,False,False,0.064503042596,2014-03-06,0.065720081136,2014-05-06,0.620000000000,-0.140000000000,-0.006081882911,0.033249158249
2014-01-30,-0.438934089912,-0.372654729814,-0.045384018619,-0.049186676995,0.001551590380,,False,False,0.075985371800,2014-03-07,0.062169849655,2014-05-07,0.550000000000,-0.250000000000,-0.004612782110,0.024136496047
2014-02-07,-0.438934089912,-0.363728868022,-0.042101197374,-0.045384018619,-0.019771863118,,False,False,0.054216867470,2014-03-10,0.040160642570,2014-05-08,0.570000000000,-0.170000000000,-0.003212672299,0.023102310231
2014-02-10,-0.438934089912,-0.361497402574,-0.027982899339,-0.042101197374,-0.000771902740,,False,False,0.042663476874,2014-03-11,0.033492822967,2014-05-09,0.530000000000,-0.220000000000,-0.003670756308,0.027104722793
2014-02-11,-0.438934089912,-0.359265937126,-0.005535784895,-0.027982899339,-0.000388500389,,False,False,0.052401746725,2014-03-12,0.026597856292,2014-05-12,0.510000000000,-0.210000000000,-0.001596479473,0.029893529894
2014-02-12,-0.534354544240,-0.354660235494,0.001589193484,-0.005535784895,-0.022041763341,,True,False,0.065794688862,2014-03-13,0.027348394768,2014-05-13,0.560000000000,-0.140000000000,-0.000422283311,0.045624222314
2014-02-13,-0.534354544240,-0.367282716414,0.006397441024,0.001589193484,-0.037844036697,,True,False,0.068747530620,2014-03-14,0.025681548795,2014-05-14,0.590000000000,-0.130000000000,-0.000207013621,0.043532338308
2014-02-14,-0.534354544240,-0.371381192565,0.014308426073,0.006397441024,-0.059420834900,,True,False,0.042052469136,2014-03-17,0.006944444444,2014-05-15,0.560000000000,-0.100000000000,0.000331224537,0.051070840198
2014-02-17,-0.534354544240,-0.374348676580,0.027711797308,0.014308426073,-0.059439252336,,True,False,0.041602465331,2014-03-18,-0.000385208012,2014-05-16,0.590000000000,0.000000000000,0.000157497285,0.060457516340
2014-02-18,-0.572522725972,-0.371629257437,0.017016224772,0.027711797308,-0.043181818182,,True,False,0.039719626168,2014-03-19,0.007009345794,2014-05-19,0.590000000000,0.020000000000,0.000967757986,0.046843177189
2014-02-19,-0.572522725972,-0.382495609994,0.029588164734,0.017016224772,-0.057089552239,,True,False,0.030042918455,2014-03-20,0.012875536481,2014-05-20,0.570000000000,-0.050000000000,0.003028515894,0.057929334429
2014-02-20,-0.572522725972,-0.393361962550,0.023125996810,0.029588164734,-0.077802359882,,True,False,0.036243180047,2014-03-21,0.012860483242,2014-05-21,0.600000000000,-0.020000000000,0.004660644004,0.052933935166
2014-02-21,-0.591606816837,-0.405928280246,0.048315062931,0.023125996810,-0.083668249909,,True,False,0.031128404669,2014-03-24,0.008171206226,2014-05-22,0.630000000000,0.020000000000,0.008167330677,0.060369609856
2014-02-24,-0.580527968339,-0.416545619222,0.057363710334,0.048315062931,-0.089463955638,,True,False,0.005749329245,2014-03-25,-0.003066308931,2014-05-23,0.610000000000,0.030000000000,0.012877995317,0.056933712891
2014-02-25,-0.599254676995,-0.422954013364,0.071809601970,0.057363710334,-0.097650513950,,True,False,0.002292701567,2014-03-26,-0.010317157050,2014-05-26,0.590000000000,0.010000000000,0.012681986928,0.065687474500
2014-02-26,-0.606621364101,-0.440043064409,0.075456389452,0.071809601970,-0.102063375092,,True,False,-0.012883668056,2014-03-27,-0.017051913604,2014-05-27,0.550000000000,-0.040000000000,0.013859646214,0.090049342105
2014-02-27,-0.620571043564,-0.442179195789,0.060741948634,0.075456389452,-0.098060739115,,True,False,-0.014170815779,2014-03-28,-0.013787820758,2014-05-28,0.510000000000,-0.110000000000,0.014879076402,0.072547403133
2014-02-28,-0.620571043564,-0.457930583743,0.074180327869,0.060741948634,-0.115079365079,,True,False,-0.027620128642,2014-03-31,-0.032160423761,2014-05-29,0.490000000000,-0.170000000000,0.010334034414,0.065447154472
2014-03-03,-0.656569341018,-0.472085035118,0.085141219812,0.074180327869,-0.121986326017,,True,False,-0.041495327103,2014-04-01,-0.048224299065,2014-05-30,0.490000000000,-0.120000000000,0.012624194442,0.070678513732
2014-03-04,-0.639734229709,-0.480629560640,0.078775510204,0.085141219812,-0.135833038557,,True,False,-0.027798933740,2014-04-02,-0.038080731150,2014-06-03,0.440000000000,-0.200000000000,0.014831961307,0.073081607795
2014-03-05,-0.629142544937,-0.464773663995,0.088345085027,0.078775510204,-0.123748211731,,True,False,-0.020198170732,2014-04-03,-0.043064024390,2014-06-04,0.520000000000,-0.100000000000,0.016594530952,0.068839103870
2014-03-06,-0.657054791959,-0.477927635617,0.089285714286,0.088345085027,-0.134912091855,,True,False,-0.033610271903,2014-04-04,-0.050226586103,2014-06-05,0.520000000000,-0.030000000000,0.014839255219,0.065826899634
2014-03-07,-0.652177288702,-0.457908672156,0.090572251956,0.089285714286,-0.129743404409,,True,False,-0.017142857143,2014-04-08,-0.039238095238,2014-06-06,0.530000000000,-0.040000000000,0.010911892886,0.068145161290
2014-03-10,-0.657054791959,-0.443520378471,0.079404466501,0.090572251956,-0.120564808110,,True,False,-0.002294455067,2014-04-09,-0.032122370937,2014-06-09,0.570000000000,0.040000000000,0.014123074881,0.043582566973
2014-03-11,-0.678237004401,-0.466987065162,0.089072164948,0.079404466501,-0.132400430571,,True,False,-0.011693700490,2014-04-10,-0.049415314975,2014-06-10,0.570000000000,0.060000000000,0.016878490116,0.050099403579
2014-03-12,-0.694009957991,-0.453313482974,0.091206543967,0.089072164948,-0.118502362777,,True,False,-0.031982149498,2014-04-11,-0.059873558944,2014-06-11,0.570000000000,0.010000000000,0.017395482145,0.058310194367
2014-03-13,-0.694009957991,-0.466831393704,0.094232331438,0.091206543967,-0.102752293578,,True,False,-0.028096118299,2014-04-14,-0.065064695009,2014-06-12,0.540000000000,-0.050000000000,0.017187344708,0.070321811681
2014-03-14,-0.684935416298,-0.459375059505,0.098775510204,0.094232331438,-0.106676342525,,True,False,-0.020362828582,2014-04-15,-0.057015920030,2014-06-13,0.490000000000,-0.070000000000,0.017093804841,0.054858934169
2014-03-17,-0.667812030891,-0.462317493513,0.129460580913,0.098775510204,-0.106491611962,,True,False,-0.044008875740,2014-04-16,-0.056582840237,2014-06-16,0.480000000000,-0.110000000000,0.020297374354,0.048536209553
2014-03-18,-0.690239563634,-0.462317493513,0.114060555786,0.129460580913,-0.114621601763,,True,False,-0.024719101124,2014-04-17,-0.044943820225,2014-06-17,0.520000000000,-0.070000000000,0.020581634352,0.045136186770
2014-03-19,-0.622899118401,-0.486522597885,0.099261689910,0.114060555786,-0.101043997017,,True,False,-0.018939393939,2014-04-18,-0.036363636364,2014-06-18,0.500000000000,-0.070000000000,0.023213386599,0.040776699029
2014-03-20,-0.572393784477,-0.473522809268,0.094253823894,0.099261689910,-0.070175438596,,True,False,-0.031590823618,2014-04-21,-0.044001504325,2014-06-19,0.620000000000,0.020000000000,0.023568684073,0.031566640686
2014-03-21,-0.547948333038,-0.474455517892,0.102916666667,0.094253823894,-0.080577727100,,True,False,-0.033584905660,2014-04-22,-0.014716981132,2014-06-20,0.660000000000,0.030000000000,0.022055917803,0.025174283501
2014-03-24,-0.565071718446,-0.470272603923,0.127241673783,0.102916666667,-0.080107320813,,True,False,-0.021722560976,2014-04-23,-0.007621951220,2014-06-23,0.610000000000,0.000000000000,0.016222774185,0.015775298192
2014-03-25,-0.582195103853,-0.479213471567,0.102282333052,0.127241673783,-0.095403630745,,True,False,-0.018299656881,2014-04-24,0.004193671369,2014-06-24,0.590000000000,0.000000000000,0.014073187134,-0.001531393568
2014-03-26,-0.547948333038,-0.471525262976,0.104818258664,0.102282333052,-0.100038037277,,True,False,-0.007677543186,2014-04-25,0.008829174664,2014-06-25,0.610000000000,0.060000000000,0.011575504865,-0.013956997359
2014-03-27,-0.633565260076,-0.455383521781,0.085858585859,0.104818258664,-0.097635392830,,True,False,0.015151515152,2014-04-28,0.017871017871,2014-06-26,0.570000000000,0.060000000000,0.013966297828,-0.008455034589
2014-03-28,-0.547948333038,-0.451530090647,0.088767353807,0.085858585859,-0.096234309623,,True,False,0.022568093385,2014-04-29,0.005447470817,2014-06-27,0.560000000000,0.070000000000,0.017580769420,-0.012590614269
2014-03-31,-0.547948333038,-0.421659747122,0.071636817993,0.088767353807,-0.096884498480,,True,False,0.015990639626,2014-04-30,0.027301092044,2014-06-30,0.600000000000,0.110000000000,0.013880151955,-0.029422859298
2014-04-01,-0.565071718446,-0.418991069505,0.074884307951,0.071636817993,-0.084286803966,,True,False,0.030943987466,2014-05-05,0.033685859773,2014-07-01,0.600000000000,0.160000000000,0.014388318947,-0.033295497541
2014-04-02,-0.574916230640,-0.413203052841,0.077861952862,0.074884307951,-0.102680256701,,True,False,0.021781408012,2014-05-06,0.026837806301,2014-07-02,0.630000000000,0.110000000000,0.012255377734,-0.024009146341
2014-04-03,-0.574916230640,-0.433844566390,0.070744902206,0.077861952862,-0.096577946768,,True,False,0.021492770614,2014-05-07,0.028917545916,2014-07-03,0.680000000000,0.160000000000,0.013699189648,-0.019062142585
2014-04-04,-0.592337934599,-0.413203052841,0.057755775578,0.070744902206,-0.081070745698,,True,False,0.003875968992,2014-05-08,0.019379844961,2014-07-04,0.660000000000,0.130000000000,0.018858955340,-0.032087580219
2014-04-08,-0.592337934599,-0.400445074831,0.070225872690,0.057755775578,-0.065895953757,,True,False,-0.006515906478,2014-05-09,0.008432349559,2014-07-07,0.610000000000,0.040000000000,0.016438378582,-0.001532567050
2014-04-09,-0.627181342517,-0.393681413316,0.068796068796,0.070225872690,-0.052160373686,,True,False,-0.012977099237,2014-05-12,0.000763358779,2014-07-08,0.580000000000,0.010000000000,0.008846687829,-0.011737978039
2014-04-10,-0.644603046475,-0.393582727341,0.085856491083,0.068796068796,-0.039716869839,,True,False,-0.004225893200,2014-05-13,0.006146753746,2014-07-09,0.570000000000,0.000000000000,0.008231491357,-0.018740629685
2014-04-11,-0.679446454393,-0.371171077308,0.086235489221,0.085856491083,-0.048164232136,,True,False,-0.012552301255,2014-05-14,0.004944845949,2014-07-10,0.510000000000,-0.030000000000,0.011267334988,-0.027468448404
2014-04-14,-0.679446454393,-0.378120314596,0.091021416804,0.086235489221,-0.053746567281,,True,False,-0.013605442177,2014-05-15,0.007936507937,2014-07-11,0.500000000000,0.010000000000,0.010783842955,-0.015973254086
2014-04-15,-0.696868158352,-0.358896610943,0.066176470588,0.091021416804,-0.040695377321,,True,False,0.003868471954,2014-05-16,0.033268858801,2014-07-14,0.520000000000,0.040000000000,0.010950002031,-0.041146216018
2014-04-16,-0.630635365130,-0.366835388509,0.054989816701,0.066176470588,-0.060268714012,,True,False,-0.006912442396,2014-05-19,0.001920122888,2014-07-15,0.500000000000,-0.020000000000,0.010658419177,-0.035740878630
2014-04-17,-0.630635365130,-0.366267765698,0.062448644207,0.054989816701,-0.058665644172,,True,False,0.002316602317,2014-05-20,0.007335907336,2014-07-16,0.480000000000,-0.020000000000,0.007634551586,-0.035074626866
2014-04-18,-0.653158056742,-0.344784353059,0.058268362741,0.062448644207,-0.062042389210,,True,False,0.009320388350,2014-05-21,0.007378640777,2014-07-17,0.520000000000,-0.100000000000,0.005369528531,-0.025689459766
2014-04-21,-0.660797803214,-0.350709836710,0.053388090349,0.058268362741,-0.071265243902,,True,False,0.011714174151,2014-05-22,0.025380710660,2014-07-18,0.520000000000,-0.140000000000,0.002746832282,-0.030978466188
2014-04-22,-0.660797803214,-0.346123417722,0.047986986580,0.053388090349,-0.072027439024,,True,False,0.013245033113,2014-05-23,0.019867549669,2014-07-21,0.530000000000,-0.080000000000,0.004944824471,-0.023863636364
2014-04-23,-0.660797803214,-0.353399777251,0.050591595267,0.047986986580,-0.061092019855,,True,False,0.005825242718,2014-05-26,0.017475728155,2014-07-22,0.520000000000,-0.070000000000,0.008896077638,-0.012653374233
2014-04-24,-0.660797803214,-0.352142735189,0.057976973684,0.050591595267,-0.066641279513,,True,False,0.003481624758,2014-05-27,0.007350096712,2014-07-23,0.490000000000,-0.120000000000,0.008431547826,-0.015684774292
2014-04-25,-0.660797803214,-0.355699732514,0.067600989283,0.057976973684,-0.078438802577,,True,False,-0.014542671259,2014-05-28,-0.003827018752,2014-07-24,0.490000000000,-0.080000000000,0.007842031030,0.003875968992
2014-04-28,-0.509559549464,-0.371248250850,0.069512195122,0.067600989283,-0.077917141771,,True,False,-0.026636225266,2014-05-29,-0.018264840183,2014-07-25,0.480000000000,-0.080000000000,0.008013105765,0.016615146832
2014-04-29,-0.493426463009,-0.356969471971,0.051292407108,0.069512195122,-0.058553386912,,True,False,-0.022648752399,2014-05-30,-0.005758157390,2014-07-28,0.520000000000,-0.080000000000,0.007437310643,0.011659541391
2014-04-30,-0.476195875237,-0.354665825977,0.060495330897,0.051292407108,-0.048424289008,,True,False,-0.040273556231,2014-06-03,-0.014057750760,2014-07-29,0.530000000000,-0.070000000000,0.007007240547,0.022309197652
2014-05-05,-0.476195875237,-0.355699732514,0.068839103870,0.060495330897,-0.046826625387,,True,False,-0.044156832889,2014-06-04,-0.017891130567,2014-07-30,0.490000000000,-0.140000000000,0.007590041093,0.024599765717
2014-05-06,-0.476195875237,-0.352142735189,0.067045916294,0.068839103870,-0.049186676995,,True,False,-0.037872991584,2014-06-05,-0.013006885998,2014-07-31,0.450000000000,-0.230000000000,0.006268685583,0.020598523125
2014-05-07,-0.272111928707,-0.368245328545,0.058467741935,0.067045916294,-0.045384018619,,True,False,-0.026254826255,2014-06-06,-0.005791505792,2014-08-01,0.450000000000,-0.210000000000,0.001029667289,0.023790951638
2014-05-08,-0.272111928707,-0.370453211060,0.034386245502,0.058467741935,-0.042101197374,,True,False,-0.023533950617,2014-06-09,-0.003086419753,2014-08-04,0.420000000000,-0.190000000000,0.003686917882,-0.007290867229
2014-05-09,-0.272111928707,-0.372645714923,0.029025844930,0.034386245502,-0.027982899339,,True,False,-0.025522041763,2014-06-10,-0.006187161640,2014-08-05,0.420000000000,-0.160000000000,0.006622463072,-0.008429118774
2014-05-12,-0.122952499351,-0.381265113212,0.028560095200,0.029025844930,-0.005535784895,,True,False,-0.024691358025,2014-06-11,-0.000771604938,2014-08-06,0.440000000000,-0.130000000000,0.006759965114,-0.009549274255
2014-05-13,-0.122952499351,-0.364091009013,0.030989272944,0.028560095200,0.001589193484,,True,False,-0.025808936826,2014-06-12,-0.002696456086,2014-08-07,0.480000000000,-0.030000000000,0.005338207232,-0.009541984733
2014-05-14,-0.122952499351,-0.353786546494,0.018025078370,0.030989272944,0.006397441024,,True,False,-0.024137931034,2014-06-13,-0.004597701149,2014-08-08,0.450000000000,-0.050000000000,0.004170893924,-0.019252548131
2014-05-15,-0.122952499351,-0.338940844447,0.005392912173,0.018025078370,0.014308426073,,True,False,-0.016955684008,2014-06-16,0.008092485549,2014-08-11,0.370000000000,-0.150000000000,0.000570496493,0.000000000000
2014-05-16,-0.044643521481,-0.338940844447,0.009338521401,0.005392912173,0.027711797308,,True,False,-0.013921113689,2014-06-17,0.004640371230,2014-08-12,0.310000000000,-0.190000000000,0.000915647941,0.001544401544
2014-05-19,-0.044643521481,-0.337866373849,0.008155339806,0.009338521401,0.017016224772,,True,False,-0.020030816641,2014-06-18,-0.000385208012,2014-08-13,0.340000000000,-0.140000000000,0.001194377510,0.003866976025
2014-05-20,-0.044643521481,-0.329588444343,0.010522213562,0.008155339806,0.029588164734,,True,False,-0.021931512120,2014-06-19,0.002308580223,2014-08-14,0.370000000000,-0.150000000000,0.001718709843,0.005428460644
2014-05-21,0.000000000000,-0.334380088393,0.004647560031,0.010522213562,0.023125996810,,True,False,0.007719027403,2014-06-20,0.003087610961,2014-08-15,0.350000000000,-0.170000000000,0.002043636130,0.011306042885
2014-05-22,-0.044643521481,-0.325845000293,-0.000769526741,0.004647560031,0.048315062931,,False,False,0.001153402537,2014-06-23,-0.008073817762,2014-08-18,0.360000000000,-0.170000000000,0.000682287026,0.007760962359
2014-05-23,0.000000000000,-0.329463677555,-0.005742725881,-0.000769526741,0.057363710334,,False,False,0.016988416988,2014-06-24,-0.007722007722,2014-08-19,0.350000000000,-0.170000000000,-0.000961923848,0.008543689320
2014-05-26,0.000000000000,-0.316629535813,-0.021501320257,-0.005742725881,0.071809601970,,False,False,0.013107170393,2014-06-25,-0.008481110254,2014-08-20,0.320000000000,-0.170000000000,-0.000593096041,0.008161678974
2014-05-27,0.000000000000,-0.325500888426,-0.004996156802,-0.021501320257,0.075456389452,,False,False,0.017475728155,2014-06-26,-0.002718446602,2014-08-21,0.320000000000,-0.170000000000,-0.002926876080,-0.000386100386
2014-05-28,0.000000000000,-0.317289082083,-0.025944296070,-0.004996156802,0.060741948634,,False,False,0.010164190774,2014-06-27,-0.005863956216,2014-08-22,0.310000000000,-0.170000000000,-0.000348370807,-0.029646522235
2014-05-29,0.049020408830,-0.299430273210,-0.047152018106,-0.025944296070,0.074180327869,,False,False,0.034564021995,2014-06-30,-0.000392772977,2014-08-25,0.220000000000,-0.300000000000,0.002047557728,-0.029581252401
2014-05-30,0.000000000000,-0.271453013951,-0.040862656073,-0.047152018106,0.085141219812,,False,False,0.044734758511,2014-07-01,0.008313539192,2014-08-26,0.220000000000,-0.310000000000,-0.001757595609,-0.029479326187
2014-06-03,-0.044643521481,-0.262148966150,-0.040777439024,-0.040862656073,0.078775510204,,False,False,0.051373954600,2014-07-02,0.016726403823,2014-08-27,0.260000000000,-0.230000000000,-0.000831654032,-0.040777439024
2014-06-04,0.000000000000,-0.226761178486,-0.041555470835,-0.040777439024,0.088345085027,,False,False,0.046918489066,2014-07-03,0.011928429423,2014-08-28,0.410000000000,-0.040000000000,0.001194033197,-0.042650418888
2014-06-05,-0.044643521481,-0.221631205674,-0.052472631182,-0.041555470835,0.089285714286,,False,False,0.042823156225,2014-07-04,0.014670896114,2014-08-29,0.440000000000,-0.010000000000,0.005239472838,-0.043809523810
2014-06-06,0.000000000000,-0.202415491532,-0.030651340996,-0.052472631182,0.090572251956,,False,False,0.039510075069,2014-07-07,0.007902015014,2014-09-01,0.410000000000,-0.010000000000,0.003224228230,-0.022033243139
2014-06-09,0.049020408830,-0.167300648070,-0.045058689890,-0.030651340996,0.079404466501,,False,False,0.040476190476,2014-07-08,0.013095238095,2014-09-02,0.400000000000,-0.020000000000,0.002037852713,-0.025502318393
2014-06-10,0.103094554889,-0.165840374276,-0.055097451274,-0.045058689890,0.089072164948,,False,False,0.035996835443,2014-07-09,0.000000000000,2014-09-03,0.410000000000,-0.030000000000,-0.000955328947,-0.027767065175
2014-06-11,0.103094554889,-0.154774118230,-0.060876020787,-0.055097451274,0.091206543967,,False,False,0.044681692369,2014-07-10,-0.001977066034,2014-09-04,0.430000000000,-0.050000000000,-0.004388845285,-0.025048169557
2014-06-12,0.163046432001,-0.158495350803,-0.060178306092,-0.060876020787,0.094232331438,,False,False,0.047114252061,2014-07-11,-0.012563800550,2014-09-05,0.430000000000,-0.020000000000,-0.002173006607,-0.026173979985
2014-06-13,0.103094554889,-0.135052400331,-0.065393093314,-0.060178306092,0.098775510204,,False,False,0.047040376323,2014-07-14,-0.015288122305,2014-09-09,0.390000000000,0.020000000000,-0.002176287302,-0.025287356322
2014-06-16,0.163046432001,-0.135052400331,-0.048771407297,-0.065393093314,0.129460580913,,False,False,0.023137254902,2014-07-15,-0.022352941176,2014-09-10,0.410000000000,0.100000000000,-0.002948257046,-0.015034695451
2014-06-17,-0.044643521481,-0.098993098767,-0.053731343284,-0.048771407297,0.114060555786,,False,False,0.025550314465,2014-07-16,-0.022798742138,2014-09-11,0.410000000000,0.070000000000,-0.002083455343,-0.023112480740
2014-06-18,-0.157482381659,-0.095176457152,-0.042689837552,-0.053731343284,0.099261689910,,False,False,0.020456333596,2014-07-17,-0.029110936271,2014-09-12,0.430000000000,0.060000000000,-0.000665458685,-0.022753567297
2014-06-19,-0.189396330762,-0.082071682373,-0.034378541745,-0.042689837552,0.094253823894,,False,False,0.005744925316,2014-07-18,-0.059747223286,2014-09-15,0.380000000000,0.030000000000,-0.001806981651,-0.014649190439
2014-06-20,0.118111786244,-0.092172158187,-0.004924242424,-0.034378541745,0.102916666667,,False,False,0.005376344086,2014-07-21,-0.053379416283,2014-09-16,0.390000000000,0.030000000000,-0.000625671795,0.011551790528
2014-06-23,0.163936665801,-0.069260299996,0.011119631902,-0.004924242424,0.127241673783,,True,False,-0.005315110099,2014-07-22,-0.066059225513,2014-09-17,0.350000000000,0.000000000000,-0.000577710022,0.015402387370
2014-06-24,0.075758532305,-0.061182036954,0.008798775822,0.011119631902,0.102282333052,,True,False,-0.009132420091,2014-07-23,-0.071917808219,2014-09-18,0.350000000000,0.030000000000,-0.001804402743,0.016576715497
2014-06-25,0.887864296952,-0.076477546192,0.018992248062,0.008798775822,0.104818258664,,True,False,-0.006488549618,2014-07-24,-0.072137404580,2014-09-19,0.310000000000,-0.010000000000,-0.000229383552,0.015449980688
2014-06-26,0.833343855352,-0.056954684782,0.016615146832,0.018992248062,0.085858585859,,True,False,-0.001547987616,2014-07-25,-0.062693498452,2014-09-22,0.290000000000,-0.020000000000,-0.004415300407,0.030552291422
2014-06-27,0.833343855352,-0.056083533874,0.023707734162,0.016615146832,0.088767353807,,True,False,-0.016704631739,2014-07-28,-0.085041761579,2014-09-23,0.260000000000,0.040000000000,-0.006289759983,0.042755344418
2014-06-30,0.905523694537,-0.061812337743,0.028962818004,0.023707734162,0.071636817993,,True,False,-0.016672982190,2014-07-29,-0.084501705191,2014-09-24,0.270000000000,0.050000000000,-0.005178029788,0.037080867850
2014-07-01,0.983619994809,-0.067310082015,0.030066380320,0.028962818004,0.074884307951,,True,False,-0.022727272727,2014-07-30,-0.087500000000,2014-09-25,0.270000000000,0.010000000000,-0.006714793354,0.048073102900
2014-07-02,0.983619994809,-0.067310082015,0.027594247960,0.030066380320,0.077861952862,,True,False,-0.020129130270,2014-07-31,-0.081655905811,2014-09-26,0.320000000000,-0.090000000000,-0.007518796992,0.051710421639
2014-07-03,1.025655636120,-0.093198575097,0.028861154446,0.027594247960,0.070744902206,,True,False,-0.020912547529,2014-08-01,-0.077946768061,2014-09-29,0.380000000000,-0.060000000000,-0.006251398970,0.050996015936
2014-07-04,1.025655636120,-0.086674552351,0.011128165771,0.028861154446,0.057755775578,,True,False,-0.017863930065,2014-08-04,-0.078677309008,2014-09-30,0.370000000000,-0.040000000000,-0.006859445328,0.041501976285
2014-07-07,1.214972195829,-0.106525444363,0.002681992337,0.011128165771,0.070225872690,,True,False,-0.019832189169,2014-08-05,-0.077803203661,2014-10-08,0.370000000000,-0.030000000000,-0.006137155210,0.037668517050
2014-07-08,1.323551038416,-0.092718506614,0.004201680672,0.002681992337,0.068796068796,,True,False,-0.011072928599,2014-08-06,-0.072546773578,2014-10-09,0.360000000000,-0.050000000000,-0.004110798876,0.042840142800
2014-07-09,1.576115509339,-0.098376273714,0.004961832061,0.004201680672,0.085856491083,,True,False,-0.020060560182,2014-08-07,-0.079106737320,2014-10-10,0.310000000000,-0.120000000000,-0.001954727545,0.040711462451
2014-07-10,1.576115509339,-0.068733609678,-0.001510003775,0.004961832061,0.086235489221,,False,False,-0.025871766029,2014-08-08,-0.086614173228,2014-10-13,0.280000000000,-0.150000000000,-0.004058148038,0.045454545455
2014-07-11,1.724170961130,-0.078478151683,0.022605363985,-0.001510003775,0.091021416804,,True,False,-0.020591538750,2014-08-11,-0.085361287907,2014-10-14,0.270000000000,-0.120000000000,-0.001480849557,0.049135220126
2014-07-14,1.890282322811,-0.063783645873,0.015444015444,0.022605363985,0.066176470588,,True,False,-0.004216174780,2014-08-12,-0.064775776159,2014-10-15,0.250000000000,-0.160000000000,-0.001348908559,0.029354207436
2014-07-15,1.890282322811,-0.054014346210,0.009280742459,0.015444015444,0.054989816701,,True,False,-0.005366040629,2014-08-13,-0.064009198927,2014-10-16,0.280000000000,-0.130000000000,-0.001704330769,0.029179810726
2014-07-16,2.077967055564,-0.069098949696,0.004652966266,0.009280742459,0.062448644207,,True,False,0.004240555127,2014-08-14,-0.055898226677,2014-10-17,0.310000000000,-0.120000000000,-0.002775928051,0.022494080505
2014-07-17,2.077967055564,-0.059415780831,0.015204678363,0.004652966266,0.058268362741,,True,False,-0.010281797411,2014-08-15,-0.067402894136,2014-10-20,0.320000000000,-0.060000000000,-0.002955514685,0.018779342723
2014-07-18,2.077967055564,-0.064817215452,0.016686069073,0.015204678363,0.053388090349,,True,False,-0.014514896868,2014-08-18,-0.063025210084,2014-10-21,0.240000000000,-0.150000000000,-0.003676116480,-0.002664636467
2014-07-21,2.077967055564,-0.049686423461,0.017475728155,0.016686069073,0.047986986580,,True,False,-0.019083969466,2014-08-19,-0.060687022901,2014-10-22,0.260000000000,-0.090000000000,-0.003287625042,-0.006446719757
2014-07-22,2.077967055564,-0.054904027759,0.013602798290,0.017475728155,0.050591595267,,True,False,-0.012288786482,2014-08-20,-0.057603686636,2014-10-23,0.250000000000,-0.100000000000,-0.002972603840,-0.010997345468
2014-07-23,2.077967055564,-0.049686423461,0.005791505792,0.013602798290,0.057976973684,,True,False,-0.013446023819,2014-08-21,-0.064540914330,2014-10-24,0.250000000000,-0.060000000000,-0.004672154951,-0.009128946367
2014-07-24,2.077967055564,-0.028387155380,-0.015583428354,0.005791505792,0.067600989283,,False,False,-0.014341085271,2014-08-22,-0.056201550388,2014-10-27,0.250000000000,-0.040000000000,-0.005708184139,-0.015583428354
2014-07-25,2.077967055564,-0.066616334325,-0.009220130619,-0.015583428354,0.069512195122,,False,False,-0.017374517375,2014-08-25,-0.063706563707,2014-10-28,0.250000000000,-0.010000000000,-0.005410659063,-0.020880789674
2014-07-28,2.077967055564,-0.049962250744,-0.005359877489,-0.009220130619,0.051292407108,,False,False,-0.018497109827,2014-08-26,-0.066281310212,2014-10-29,0.200000000000,-0.070000000000,-0.004286265929,-0.011791555725
2014-07-29,2.077967055564,-0.060727850897,-0.010670731707,-0.005359877489,0.060495330897,,False,False,-0.010465116279,2014-08-27,-0.063178294574,2014-10-30,0.220000000000,-0.050000000000,-0.003948142359,-0.015921152388
2014-07-30,2.077967055564,-0.065884833311,-0.015613099772,-0.010670731707,0.068839103870,,False,False,-0.013565891473,2014-08-28,-0.074418604651,2014-10-31,0.200000000000,-0.120000000000,-0.003681495809,-0.022314674735
2014-07-31,1.214972195829,-0.055513611938,-0.018285714286,-0.015613099772,0.067045916294,,False,False,-0.006213592233,2014-08-29,-0.100970873786,2014-11-03,0.290000000000,-0.090000000000,-0.006829699944,-0.023123578469
2014-08-01,1.214972195829,-0.033308167163,-0.010436799382,-0.018285714286,0.058467741935,,False,False,-0.012770897833,2014-09-01,-0.103715170279,2014-11-04,0.290000000000,-0.080000000000,-0.004958744214,-0.028462998102
2014-08-04,1.214972195829,-0.022205444775,-0.003863987635,-0.010436799382,0.034386245502,,False,False,-0.006614785992,2014-09-02,-0.100389105058,2014-11-05,0.250000000000,-0.120000000000,-0.005404077226,-0.014902560183
2014-08-05,1.214972195829,-0.033308167163,-0.008484381026,-0.003863987635,0.029025844930,,False,False,-0.023938223938,2014-09-03,-0.125482625483,2014-11-06,0.260000000000,-0.100000000000,-0.004474435254,-0.022061620388
2014-08-06,1.682269194224,-0.059415780831,-0.009248554913,-0.008484381026,0.028560095200,,False,False,-0.025106218617,2014-09-04,-0.130552336810,2014-11-07,0.250000000000,-0.060000000000,-0.005512972411,-0.023547284466
2014-08-07,1.682269194224,0.053153038228,-0.002309468822,-0.009248554913,0.030989272944,,False,False,-0.031947652040,2014-09-05,-0.111239414935,2014-11-10,0.240000000000,-0.040000000000,-0.005841724761,-0.020037807183
2014-08-08,1.682269194224,0.036623137452,0.002298850575,-0.002309468822,0.018025078370,,True,False,-0.039755351682,2014-09-09,-0.125000000000,2014-11-11,0.190000000000,-0.080000000000,-0.005916062836,-0.019857624578
2014-08-11,1.682269194224,0.047086891010,0.000771010023,0.002298850575,0.005392912173,,True,False,-0.040415704388,2014-09-10,-0.120477290223,2014-11-12,0.190000000000,-0.060000000000,-0.008030238312,-0.012927756654
2014-08-12,1.682269194224,0.063783645873,0.000770416025,0.000771010023,0.009338521401,,True,False,-0.042003853565,2014-09-11,-0.115992292871,2014-11-13,0.190000000000,-0.090000000000,-0.008866376221,-0.004597701149
2014-08-13,1.682269194224,0.069468194254,0.001928268415,0.000770416025,0.008155339806,,True,False,-0.052591170825,2014-09-12,-0.120153550864,2014-11-14,0.220000000000,-0.090000000000,-0.008841725866,0.002701659591
2014-08-14,1.682269194224,0.092827188537,0.001542020046,0.001928268415,0.010522213562,,True,False,-0.055405925356,2014-09-15,-0.105425163524,2014-11-17,0.200000000000,-0.120000000000,-0.007827943131,-0.002304147465
2014-08-15,1.682269194224,0.076030759873,0.000770119369,0.001542020046,0.004647560031,,True,False,-0.044573643411,2014-09-16,-0.096511627907,2014-11-18,0.190000000000,-0.050000000000,-0.008837509063,-0.008015267176
2014-08-18,1.682269194224,0.088331419486,-0.007316134001,0.000770119369,-0.000769526741,,False,False,-0.042801556420,2014-09-17,-0.085603112840,2014-11-19,0.160000000000,-0.100000000000,-0.009635235222,-0.016030534351
2014-08-19,1.682269194224,0.094899964273,-0.008481110254,-0.007316134001,-0.005742725881,,False,False,-0.051710730949,2014-09-18,-0.097978227061,2014-11-20,0.210000000000,-0.040000000000,-0.010334407736,-0.013803680982
2014-08-20,1.682269194224,0.124903483672,-0.007724990344,-0.008481110254,-0.021501320257,,False,False,-0.053348909657,2014-09-19,-0.088395638629,2014-11-21,0.230000000000,-0.020000000000,-0.009655761620,-0.013819577735
2014-08-21,1.682269194224,0.145234001022,-0.003916960439,-0.007724990344,-0.004996156802,,False,False,-0.047581596540,2014-09-22,-0.075108139992,2014-11-24,0.260000000000,0.010000000000,-0.007775723271,-0.018146718147
2014-08-22,1.682269194224,0.138619351261,0.007125890736,-0.003916960439,-0.025944296070,,True,False,-0.053045186640,2014-09-23,-0.073084479371,2014-11-25,0.240000000000,-0.010000000000,-0.005931123376,-0.013571151609
2014-08-25,1.682269194224,0.118552976244,0.000788954635,0.007125890736,-0.047152018106,,True,False,-0.051433058500,2014-09-24,-0.071456615626,2014-11-26,0.260000000000,0.060000000000,-0.005153864550,-0.023479599692
2014-08-26,1.682269194224,0.116578585069,0.015891934843,0.000788954635,-0.040862656073,,True,False,-0.056404230317,2014-09-25,-0.073638856248,2014-11-27,0.240000000000,0.020000000000,-0.004214562486,-0.015023112481
2014-08-27,1.682269194224,0.092323065560,0.013922036595,0.015891934843,-0.040777439024,,True,False,-0.049901768173,2014-09-26,-0.073477406680,2014-11-28,0.250000000000,0.050000000000,-0.004944055808,-0.013926499033
2014-08-28,1.682269194224,0.075213822152,0.016334661355,0.013922036595,-0.041555470835,,True,False,-0.052364204767,2014-09-29,-0.099257522470,2014-12-01,0.230000000000,-0.060000000000,-0.004738338423,-0.010089251067
2014-08-29,1.682269194224,0.058159208189,0.009486166008,0.016334661355,-0.052472631182,,True,False,-0.049784398275,2014-09-30,-0.074872598981,2014-12-02,0.210000000000,-0.080000000000,-0.004878285562,-0.002343750000
2014-09-01,1.682269194224,0.058159208189,0.010705789056,0.009486166008,-0.030651340996,,True,False,-0.052878965922,2014-10-08,-0.066196631414,2014-12-03,0.230000000000,-0.020000000000,-0.003778622152,-0.011249030256
2014-09-02,1.682269194224,0.047086891010,0.004760015867,0.010705789056,-0.045058689890,,True,False,-0.039161392405,2014-10-09,-0.053797468354,2014-12-04,0.230000000000,-0.030000000000,-0.004599823457,-0.014780241151
2014-09-03,1.682269194224,0.047086891010,-0.002371541502,0.004760015867,-0.055097451274,,False,False,-0.036053882726,2014-10-10,-0.052297939778,2014-12-05,0.270000000000,0.020000000000,-0.002771766880,-0.018280824582
2014-09-04,1.682269194224,0.073246274904,-0.003557312253,-0.002371541502,-0.060876020787,,False,False,-0.031411530815,2014-10-13,-0.051292246521,2014-12-08,0.240000000000,0.000000000000,-0.002572801351,-0.027391975309
2014-09-05,1.682269194224,0.072865053920,-0.011006289308,-0.003557312253,-0.060178306092,,False,False,-0.027468152866,2014-10-14,-0.052149681529,2014-12-09,0.280000000000,0.090000000000,-0.003235091418,-0.038226299694
2014-09-09,1.682269194224,0.119706874297,-0.022309197652,-0.011006289308,-0.065393093314,,False,False,-0.021259526675,2014-10-15,-0.019253910951,2014-12-10,0.310000000000,0.120000000000,-0.001963690015,-0.037750385208
2014-09-10,1.682269194224,0.183115687259,-0.018138801262,-0.022309197652,-0.048771407297,,False,False,-0.017699115044,2014-10-16,-0.009654062751,2014-12-11,0.390000000000,0.200000000000,-0.002526893952,-0.041570438799
2014-09-11,1.682269194224,0.210375731056,-0.021704814522,-0.018138801262,-0.053731343284,,False,False,-0.007698541329,2014-10-17,-0.011750405186,2014-12-12,0.440000000000,0.220000000000,-0.004370200815,-0.045804464973
2014-09-12,1.682269194224,0.241932090714,-0.035993740219,-0.021704814522,-0.042689837552,,False,False,-0.002443991853,2014-10-20,-0.010183299389,2014-12-15,0.420000000000,0.220000000000,-0.003533236126,-0.051578137028
2014-09-15,1.021138745760,0.331309849521,-0.064331937571,-0.035993740219,-0.034378541745,,False,False,-0.004868154158,2014-10-21,-0.023123732252,2014-12-16,0.490000000000,0.300000000000,-0.001623954549,-0.054251635244
2014-09-16,1.021138745760,0.366755963771,-0.067880166856,-0.064331937571,-0.004924242424,,False,False,0.000406504065,2014-10-22,-0.027235772358,2014-12-17,0.470000000000,0.310000000000,0.003584316845,-0.046547711404
2014-09-17,1.021138745760,0.412738410740,-0.067500948047,-0.067880166856,0.011119631902,,False,False,0.006150061501,2014-10-23,-0.015580155802,2014-12-18,0.480000000000,0.270000000000,0.002422293240,-0.043934681182
2014-09-18,0.420795551118,0.485822807173,-0.073792316470,-0.067500948047,0.008798775822,,False,False,0.001645413410,2014-10-24,-0.009872480461,2014-12-19,0.560000000000,0.330000000000,0.002376437460,-0.052160373686
2014-09-19,0.185951693882,0.477665041507,-0.074876472824,-0.073792316470,0.018992248062,,False,False,0.005367464905,2014-10-27,-0.003715937242,2014-12-22,0.610000000000,0.350000000000,0.000224602064,-0.042862760519
2014-09-22,0.185951693882,0.480727681272,-0.086560364465,-0.074876472824,0.016615146832,,False,False,0.006224066390,2014-10-28,-0.006639004149,2014-12-23,0.560000000000,0.320000000000,-0.001730483317,-0.054245283019
2014-09-23,0.185951693882,0.505117055387,-0.082921262838,-0.086560364465,0.023707734162,,False,False,0.002897350993,2014-10-29,-0.014486754967,2014-12-24,0.580000000000,0.320000000000,-0.000595289820,-0.049664958613
2014-09-24,0.185951693882,0.538482035795,-0.083396512509,-0.082921262838,0.028962818004,,False,False,0.003320880033,2014-10-30,-0.014528850145,2014-12-25,0.520000000000,0.280000000000,-0.002006531382,-0.054360578803
2014-09-25,0.185951693882,0.521827952214,-0.091527987897,-0.083396512509,0.030066380320,,False,False,-0.012406947891,2014-10-31,-0.019851116625,2014-12-26,0.540000000000,0.290000000000,-0.001820960557,-0.057669674382
2014-09-26,0.210971947763,0.536725744564,-0.079226686884,-0.091527987897,0.027594247960,,False,False,-0.045360824742,2014-11-03,-0.010309278351,2014-12-29,0.500000000000,0.270000000000,0.000550961945,-0.047824382595
2014-09-29,0.210971947763,0.480082172204,-0.080075901328,-0.079226686884,0.028861154446,,False,False,-0.044554455446,2014-11-04,-0.013613861386,2014-12-30,0.570000000000,0.360000000000,-0.000692649139,-0.050900548160
2014-09-30,0.210971947763,0.493936503611,-0.071837982423,-0.080075901328,0.011128165771,,False,False,-0.043837882548,2014-11-05,-0.002894954508,2014-12-31,0.550000000000,0.320000000000,0.004714971478,-0.047077285210
2014-10-08,0.210971947763,0.516646227915,-0.080258653480,-0.071837982423,0.002681992337,,False,False,-0.067517496912,2014-11-06,-0.006587072869,2015-01-05,0.550000000000,0.320000000000,0.005418378554,-0.045400710620
2014-10-09,0.210971947763,0.545550604126,-0.076718571971,-0.080258653480,0.004201680672,,False,False,-0.074804767776,2014-11-07,-0.006987258529,2015-01-06,0.390000000000,0.120000000000,-0.002286968182,-0.036846275753
2014-10-10,0.253166337316,0.522323658991,-0.083553875236,-0.076718571971,0.004961832061,,False,False,-0.052134646962,2014-11-10,0.002463054187,2015-01-07,0.370000000000,0.130000000000,-0.000935758168,-0.038476794923
2014-10-13,0.253166337316,0.510968796839,-0.085425252904,-0.083553875236,-0.001510003775,,False,False,-0.063037249284,2014-11-11,0.000818665575,2015-01-08,0.350000000000,0.070000000000,-0.000810991085,-0.029809220986
2014-10-14,0.421943895527,0.528001090067,-0.070722433460,-0.085425252904,0.022605363985,,False,False,-0.063524590164,2014-11-12,-0.003688524590,2015-01-09,0.350000000000,0.040000000000,-0.001076171272,-0.021617293835
2014-10-15,0.421943895527,0.508176502832,-0.069731800766,-0.070722433460,0.015444015444,,False,False,-0.060606060606,2014-11-13,0.005733005733,2015-01-12,0.290000000000,-0.100000000000,0.000578340732,-0.024899598394
2014-10-16,0.421943895527,0.508176502832,-0.055962948668,-0.069731800766,0.009280742459,,False,False,-0.064107799102,2014-11-14,0.009391588403,2015-01-13,0.290000000000,-0.150000000000,0.000219306112,-0.013311819282
2014-10-17,0.485235479856,0.499609500620,-0.059523809524,-0.055962948668,0.004652966266,,False,False,-0.050632911392,2014-11-17,0.009391588403,2015-01-14,0.280000000000,-0.140000000000,0.000737342958,-0.006087662338
2014-10-20,0.485235479856,0.485167729415,-0.065648854962,-0.059523809524,0.015204678363,,False,False,-0.049735018345,2014-11-18,0.002853648594,2015-01-15,0.300000000000,-0.190000000000,-0.000162822429,-0.004068348251
2014-10-21,0.485235479856,0.464748803272,-0.060687022901,-0.065648854962,0.016686069073,,False,False,-0.045103616416,2014-11-19,0.018285249898,2015-01-16,0.290000000000,-0.180000000000,-0.006037619638,0.001220504475
2014-10-22,0.485235479856,0.429892643026,-0.055214723926,-0.060687022901,0.017475728155,,False,False,-0.054604726976,2014-11-20,0.038712306438,2015-01-19,0.330000000000,-0.150000000000,-0.004596515453,0.002033346889
2014-10-23,0.485235479856,0.412464562904,-0.060268714012,-0.055214723926,0.013602798290,,False,False,-0.038603696099,2014-11-21,0.067761806982,2015-01-20,0.340000000000,-0.220000000000,-0.005480453051,0.005338809035
2014-10-24,0.485235479856,0.385658189978,-0.061389961390,-0.060268714012,0.005791505792,,False,False,-0.034086242300,2014-11-24,0.066940451745,2015-01-21,0.380000000000,-0.230000000000,-0.003379664735,-0.001232539030
2014-10-27,0.485235479856,0.386591806633,-0.058937572703,-0.061389961390,-0.015583428354,,False,False,-0.027216494845,2014-11-25,0.071752577320,2015-01-22,0.390000000000,-0.170000000000,-0.002944479711,0.008728179551
2014-10-28,0.485235479856,0.344755048616,-0.067744418784,-0.058937572703,-0.009220130619,,False,False,-0.023937267850,2014-11-26,0.071811803549,2015-01-23,0.380000000000,-0.200000000000,-0.005417682431,0.004562422231
2014-10-29,0.485235479856,0.346781398411,-0.064714946071,-0.067744418784,-0.005359877489,,False,False,-0.021514273893,2014-11-27,0.079437318990,2015-01-26,0.390000000000,-0.130000000000,-0.004696746465,0.004135649297
2014-10-30,0.485235479856,0.346781398411,-0.073114119923,-0.064714946071,-0.010670731707,,False,False,-0.012562814070,2014-11-28,0.084589614740,2015-01-27,0.420000000000,-0.120000000000,-0.003614359709,-0.002497918401
2014-10-31,0.485235479856,0.499600319744,-0.088474970896,-0.073114119923,-0.015613099772,,False,False,-0.004319654428,2014-12-01,0.125269978402,2015-01-28,0.420000000000,-0.080000000000,-0.004887603025,-0.032935364347
2014-11-03,0.485235479856,0.625947535260,-0.094140625000,-0.088474970896,-0.018285714286,,False,False,0.018998272884,2014-12-02,0.118307426598,2015-01-29,0.430000000000,-0.140000000000,-0.002958002226,-0.043316831683
2014-11-04,0.485235479856,0.704001453422,-0.101629169899,-0.094140625000,-0.010436799382,,False,False,0.031141868512,2014-12-03,0.108564013841,2015-01-30,0.430000000000,-0.120000000000,-0.007766379032,-0.046521202141
2014-11-05,0.485235479856,0.849910414848,-0.116297160638,-0.101629169899,-0.003863987635,,False,False,0.056070640177,2014-12-04,0.139072847682,2015-02-02,0.430000000000,-0.120000000000,-0.009889869802,-0.060380479735
2014-11-06,0.278747263341,1.004961639179,-0.120186697783,-0.116297160638,-0.008484381026,,False,False,0.062638827188,2014-12-05,0.143936028432,2015-02-03,0.430000000000,0.040000000000,-0.002994372925,-0.069518716578
2014-11-07,0.278747263341,0.792385028465,-0.128858024691,-0.120186697783,-0.009248554913,,False,False,0.033347769597,2014-12-08,0.108271979212,2015-02-04,0.450000000000,0.080000000000,-0.002563935494,-0.068481848185
2014-11-10,0.278747263341,0.847902450842,-0.118883792049,-0.128858024691,-0.002309468822,,False,False,0.040192223678,2014-12-09,0.119702927042,2015-02-05,0.380000000000,0.030000000000,-0.001117747767,-0.055714870955
2014-11-11,0.278747263341,0.819442778910,-0.125192604006,-0.118883792049,0.002298850575,0.485235479856,False,False,0.070021881838,2014-12-10,0.120350109409,2015-02-06,0.440000000000,0.090000000000,-0.001838470484,-0.070785597381
2014-11-12,0.278747263341,0.769476755806,-0.113548883757,-0.125192604006,0.000771010023,0.485235479856,False,False,0.073234524847,2014-12-11,0.106800348736,2015-02-09,0.440000000000,0.150000000000,-0.002084079586,-0.051482701812
2014-11-13,0.278747263341,0.719510732702,-0.117397998460,-0.113548883757,0.000770416025,0.485235479856,False,False,0.064136125654,2014-12-12,0.092495636998,2015-02-10,0.460000000000,0.170000000000,-0.000346411382,-0.062551103843
2014-11-14,0.278747263341,0.669544709597,-0.121632024634,-0.117397998460,0.001928268415,0.485235479856,False,False,0.045161290323,2014-12-15,0.077849462366,2015-02-11,0.470000000000,0.190000000000,-0.001984067216,-0.068191098408
2014-11-17,0.278747263341,0.666209068519,-0.101577529819,-0.121632024634,0.001542020046,0.485235479856,False,False,0.033033033033,2014-12-16,0.069498069498,2015-02-12,0.430000000000,0.130000000000,-0.001605690594,-0.046160130719
2014-11-18,0.278747263341,0.664515867219,-0.092319627618,-0.101577529819,0.000770119369,0.485235479856,False,False,0.018297872340,2014-12-17,0.054893617021,2015-02-13,0.480000000000,0.190000000000,-0.001035483661,-0.049167005282
2014-11-19,0.278747263341,0.616918872619,-0.086314152411,-0.092319627618,-0.007316134001,0.485235479856,False,False,0.034913793103,2014-12-18,0.077155172414,2015-02-16,0.480000000000,0.150000000000,-0.001595278953,-0.046266233766
2014-11-20,0.278747263341,0.550127185368,-0.093032308291,-0.086314152411,-0.008481110254,0.485235479856,False,False,0.028193079880,2014-12-19,0.067065356685,2015-02-17,0.530000000000,0.190000000000,0.000101232754,-0.048202614379
2014-11-21,0.278747263341,0.507264020778,-0.076287848997,-0.093032308291,-0.007724990344,0.485235479856,False,False,0.025935374150,2014-12-22,0.054421768707,2015-02-25,0.490000000000,0.110000000000,0.000128983593,-0.033730974907
2014-11-24,0.261325559382,0.456537618700,-0.072720125786,-0.076287848997,-0.003916960439,0.485235479856,False,False,0.014836795252,2014-12-23,0.043662568885,2015-02-26,0.450000000000,0.060000000000,0.001633306724,-0.028018129378
2014-11-25,0.261325559382,0.388621956636,-0.069373275522,-0.072720125786,0.007125890736,0.485235479856,False,False,0.006765327696,2014-12-24,0.043128964059,2015-02-27,0.440000000000,0.060000000000,0.006394957894,-0.025185796862
2014-11-26,0.261325559382,0.333107946862,-0.075870160344,-0.069373275522,0.000788954635,0.485235479856,False,False,0.003805496829,2014-12-25,0.045243128964,2015-03-02,0.420000000000,0.030000000000,0.005477861197,-0.026771004942
2014-11-27,0.261325559382,0.288362103254,-0.070615927815,-0.075870160344,0.015891934843,0.485235479856,False,False,0.005089058524,2014-12-26,0.049194232400,2015-03-03,0.420000000000,0.000000000000,0.005209891437,-0.011268781302
2014-11-28,0.261325559382,0.309789343247,-0.077616620933,-0.070615927815,0.013922036595,0.485235479856,False,False,0.041214750542,2014-12-29,0.070715835141,2015-03-04,0.420000000000,0.000000000000,0.004885453006,0.001702852278
2014-12-01,0.261325559382,0.269816524763,-0.098668754894,-0.077616620933,0.016334661355,0.485235479856,False,False,0.013135593220,2014-12-30,0.041101694915,2015-03-05,0.390000000000,-0.040000000000,0.005520687483,-0.007330746011
2014-12-02,0.261325559382,0.349762161730,-0.062377402903,-0.098668754894,0.009486166008,0.485235479856,False,False,0.011325503356,2014-12-31,0.025587248322,2015-03-06,0.430000000000,0.000000000000,0.004506921869,0.031951640760
2014-12-03,0.261325559382,0.304792740936,-0.058823529412,-0.062377402903,0.010705789056,0.485235479856,False,False,0.008779264214,2015-01-05,-0.003344481605,2015-03-09,0.510000000000,0.080000000000,0.006353445768,0.049295774648
2014-12-04,0.261325559382,0.264819922453,-0.052297939778,-0.058823529412,0.004760015867,0.485235479856,False,False,0.010033444816,2015-01-06,-0.004180602007,2015-03-10,0.500000000000,0.070000000000,0.004501781104,0.057471264368
2014-12-05,0.261325559382,0.224241478824,-0.050376834589,-0.052297939778,-0.002371541502,0.485235479856,False,False,0.023470243085,2015-01-07,-0.007544006706,2015-03-11,0.480000000000,0.030000000000,0.004688678906,0.060230292294
2014-12-08,0.261325559382,0.189195482594,-0.056836248013,-0.050376834589,-0.003557312253,0.485235479856,False,False,0.026879462411,2015-01-08,-0.008819823604,2015-03-12,0.560000000000,0.180000000000,0.004090497885,0.029501084599
2014-12-09,0.261325559382,0.153391343150,-0.036028823058,-0.056836248013,-0.011006289308,0.485235479856,False,False,-0.005725971370,2015-01-09,-0.031492842536,2015-03-13,0.550000000000,0.110000000000,0.008040978045,0.060325847644
2014-12-10,0.261325559382,0.092864470938,-0.010843373494,-0.036028823058,-0.022309197652,0.485235479856,False,False,-0.002437043054,2015-01-12,-0.042648253452,2015-03-16,0.490000000000,0.050000000000,0.009649208680,0.069474598350
2014-12-11,0.261325559382,0.034762053742,-0.015328761597,-0.010843373494,-0.018138801262,0.485235479856,False,False,0.013530135301,2015-01-13,-0.030750307503,2015-03-17,0.470000000000,0.010000000000,0.007884609113,0.064544265155
2014-12-12,0.261325559382,0.000000000000,-0.012175324675,-0.015328761597,-0.021704814522,0.485235479856,False,False,0.017283950617,2015-01-14,-0.031687242798,2015-03-18,0.490000000000,0.020000000000,0.010948339435,0.066608238387
2014-12-15,0.261325559382,-0.056194207180,-0.008543531326,-0.012175324675,-0.035993740219,0.485235479856,False,False,0.021594684385,2015-01-15,-0.015780730897,2015-03-19,0.460000000000,0.030000000000,0.010490474326,0.043683083512
2014-12-16,0.261325559382,-0.105002800075,-0.021969080553,-0.008543531326,-0.064331937571,0.485235479856,False,False,0.047221061429,2015-01-16,-0.011700793982,2015-03-20,0.500000000000,0.020000000000,0.012092620857,0.027350427350
2014-12-17,0.261325559382,-0.115324291909,-0.023586823912,-0.021969080553,-0.067880166856,0.485235479856,False,False,0.061640982924,2015-01-19,-0.013327780092,2015-03-23,0.420000000000,-0.060000000000,0.012279981954,0.021702127660
2014-12-18,0.261325559382,-0.133761369716,-0.010677618070,-0.023586823912,-0.067500948047,0.485235479856,False,False,0.080182800166,2015-01-20,-0.011217282925,2015-03-24,0.490000000000,-0.040000000000,0.012636487122,0.033905579399
2014-12-19,0.261325559382,-0.096605433684,-0.008216926869,-0.010677618070,-0.073792316470,0.485235479856,False,False,0.076668048073,2015-01-21,-0.012432656444,2015-03-25,0.570000000000,0.080000000000,0.015485829960,0.027671349510
2014-12-22,0.243903855423,-0.113082557563,0.001246882793,-0.008216926869,-0.074876472824,0.485235479856,True,False,0.085630743525,2015-01-22,-0.002088554720,2015-03-26,0.490000000000,0.040000000000,0.014349009838,0.021195421789
2014-12-23,0.243903855423,-0.113082557563,-0.012857735380,0.001246882793,-0.086560364465,0.485235479856,False,False,0.090718185636,2015-01-23,0.009659806804,2015-03-27,0.470000000000,0.030000000000,0.009690199389,0.008047437526
2014-12-24,0.243903855423,-0.111858437735,-0.016542597188,-0.012857735380,-0.082921262838,0.485235479856,False,False,0.098989048020,2015-01-26,0.010109519798,2015-03-30,0.560000000000,0.140000000000,0.013657459750,0.006347862886
2014-12-25,0.243903855423,-0.098491259813,-0.010824313072,-0.016542597188,-0.083396512509,0.485235479856,False,False,0.092827004219,2015-01-27,-0.000421940928,2015-03-31,0.590000000000,0.170000000000,0.012379087603,0.002954833263
2014-12-26,0.243903855423,-0.118898995303,-0.017702758337,-0.010824313072,-0.091527987897,0.485235479856,False,False,0.085416666667,2015-01-28,-0.014166666667,2015-04-01,0.590000000000,0.170000000000,0.012717534092,0.014024649384
2014-12-29,0.243903855423,-0.094291231670,-0.007425742574,-0.017702758337,-0.079226686884,0.485235479856,False,False,0.083228774571,2015-01-29,0.000000000000,2015-04-02,0.580000000000,0.190000000000,0.009291282100,0.045178105995
2014-12-30,0.243903855423,-0.121610117962,-0.016879374228,-0.007425742574,-0.080075901328,0.485235479856,False,False,0.063044379925,2015-01-30,-0.012028204065,2015-04-03,0.570000000000,0.140000000000,0.012325030041,-0.000836820084
2014-12-31,0.243903855423,-0.153479875419,-0.002481389578,-0.016879374228,-0.071837982423,0.485235479856,False,False,0.069208454206,2015-02-02,-0.002900953170,2015-04-07,0.560000000000,0.050000000000,0.009774542336,0.011744966443
2015-01-05,0.243903855423,-0.170917305749,-0.006993006993,-0.002481389578,-0.080258653480,0.485235479856,False,False,0.065811258278,2015-02-03,-0.006208609272,2015-04-08,0.490000000000,-0.010000000000,0.011679016161,0.009197324415
2015-01-06,0.168351113081,-0.141719127607,0.004537953795,-0.006993006993,-0.076718571971,0.485235479856,True,False,0.047911547912,2015-02-04,-0.018837018837,2015-04-09,0.400000000000,-0.080000000000,0.012327758425,0.017126148705
2015-01-07,0.168351113081,-0.135269185680,0.001638672675,0.004537953795,-0.083553875236,0.485235479856,True,False,0.048261758691,2015-02-05,-0.026175869121,2015-04-10,0.410000000000,-0.150000000000,0.008439061728,0.030341340076
2015-01-08,0.014836868629,-0.130045776113,-0.005319148936,0.001638672675,-0.085425252904,0.485235479856,False,False,0.053064582476,2015-02-06,-0.015631427396,2015-04-13,0.390000000000,-0.160000000000,0.006770875516,0.009551495017
2015-01-09,0.014836868629,-0.121149710755,0.004530477759,-0.005319148936,-0.070722433460,0.485235479856,True,False,0.033794788274,2015-02-09,-0.026872964169,2015-04-14,0.410000000000,-0.080000000000,0.004754255721,-0.009744214373
2015-01-12,0.014836868629,-0.121149710755,0.004905968929,0.004530477759,-0.069731800766,0.485235479856,True,False,0.012944983819,2015-02-10,-0.040048543689,2015-04-15,0.360000000000,-0.110000000000,0.003747239323,0.006964358869
2015-01-13,-0.028409225422,-0.111053244287,0.008983258473,0.004905968929,-0.055962948668,0.485235479856,True,False,0.013754045307,2015-02-11,-0.036003236246,2015-04-16,0.350000000000,-0.140000000000,0.000129915297,0.015201314708
2015-01-14,-0.028409225422,-0.132225748242,0.007352941176,0.008983258473,-0.059523809524,0.485235479856,True,False,0.013414634146,2015-02-12,-0.032520325203,2015-04-17,0.370000000000,-0.090000000000,0.000201771880,0.011899876898
2015-01-15,-0.028409225422,-0.138813973411,0.000406338887,0.007352941176,-0.065648854962,0.485235479856,True,False,-0.010774142059,2015-02-13,-0.045091779729,2015-04-20,0.290000000000,-0.210000000000,-0.000942722169,0.024126455907
2015-01-16,-0.028409225422,-0.138135014789,0.021915584416,0.000406338887,-0.060687022901,0.485235479856,True,False,-0.019615535504,2015-02-16,-0.055315810122,2015-04-21,0.190000000000,-0.230000000000,0.002846044724,0.048729695960
2015-01-19,-0.028409225422,-0.148065280337,0.048611111111,0.021915584416,-0.055214723926,0.485235479856,True,False,-0.039230769231,2015-02-17,-0.076538461538,2015-04-22,0.230000000000,-0.260000000000,0.005759755712,0.065587380656
2015-01-20,-0.028409225422,-0.156028608056,0.057178116002,0.048611111111,-0.060268714012,0.485235479856,True,False,-0.045419553503,2015-02-25,-0.079291762895,2015-04-23,0.230000000000,-0.340000000000,0.000621336686,0.064623032312
2015-01-21,-0.028409225422,-0.141548280832,0.079522043675,0.057178116002,-0.061389961390,0.485235479856,True,False,-0.052712581762,2015-02-26,-0.079261254329,2015-04-24,0.230000000000,-0.260000000000,-0.000203256768,0.087588210876
2015-01-22,-0.042613838134,-0.134702958251,0.068951279934,0.079522043675,-0.058937572703,0.485235479856,True,False,-0.050057758953,2015-02-27,-0.087793608009,2015-04-27,0.260000000000,-0.210000000000,-0.000326446334,0.087815126050
2015-01-23,-0.042613838134,-0.126562390894,0.073723228995,0.068951279934,-0.067744418784,0.485235479856,True,False,-0.052510540437,2015-03-02,-0.081640475278,2015-04-28,0.290000000000,-0.270000000000,-0.001584780967,0.096299411270
2015-01-26,-0.042613838134,-0.109105509392,0.088898163606,0.073723228995,-0.064714946071,0.485235479856,True,False,-0.044787644788,2015-03-03,-0.071428571429,2015-04-29,0.210000000000,-0.380000000000,0.004370943905,0.098063973064
2015-01-27,-0.042613838134,-0.223410259626,0.102171136654,0.088898163606,-0.073114119923,0.485235479856,True,False,-0.052591170825,2015-03-04,-0.075239923225,2015-04-30,0.220000000000,-0.370000000000,0.004891409111,0.085079631182
2015-01-28,-0.042613838134,-0.303740958409,0.120310478655,0.102171136654,-0.088474970896,0.485235479856,True,False,-0.051351351351,2015-03-05,-0.080694980695,2015-05-04,0.170000000000,-0.410000000000,0.003877670471,0.079800498753
2015-01-29,-0.042613838134,-0.349841405230,0.116148531952,0.120310478655,-0.094140625000,0.485235479856,True,False,-0.046039797113,2015-03-06,-0.067889192353,2015-05-05,0.120000000000,-0.450000000000,0.003994161146,0.082495812395
2015-01-30,-0.042613838134,-0.397347704075,0.118838028169,0.116148531952,-0.101629169899,0.485235479856,True,False,-0.075968992248,2015-03-09,-0.074806201550,2015-05-06,0.150000000000,-0.410000000000,0.007213297753,0.053897180763
2015-02-02,-0.081744240437,-0.446817286101,0.143236074271,0.118838028169,-0.116297160638,0.485235479856,True,False,-0.074951456311,2015-03-10,-0.075728155340,2015-05-07,0.030000000000,-0.460000000000,0.010335825905,0.071251035626
2015-02-03,-0.081744240437,-0.458979095332,0.146147032772,0.143236074271,-0.120186697783,0.485235479856,True,False,-0.074638530676,2015-03-11,-0.078155529504,2015-05-08,0.030000000000,-0.370000000000,0.006366603991,0.062833675565
2015-02-04,-0.081744240437,-0.477964472218,0.110629067245,0.146147032772,-0.128858024691,0.485235479856,True,False,-0.079204057745,2015-03-12,-0.075302380023,2015-05-11,0.090000000000,-0.320000000000,0.007358303163,0.047034764826
2015-02-05,-0.081744240437,-0.477843443109,0.134302069573,0.110629067245,-0.118883792049,0.485235479856,True,False,-0.075000000000,2015-03-13,-0.072656250000,2015-05-12,0.100000000000,-0.290000000000,0.006702814023,0.059646236117
2015-02-06,-0.081744240437,-0.465922696365,0.113330438558,0.134302069573,-0.125192604006,0.485235479856,True,False,-0.071681764474,2015-03-16,-0.061441512406,2015-05-13,0.130000000000,-0.280000000000,0.004075553754,0.051250512505
2015-02-09,-0.081744240437,-0.450403328916,0.092019188836,0.113330438558,-0.113548883757,0.485235479856,True,False,-0.055910543131,2015-03-17,-0.037539936102,2015-05-14,0.240000000000,-0.120000000000,0.007187634496,0.018714401953
2015-02-10,-0.081744240437,-0.436947829626,0.101665205960,0.092019188836,-0.117397998460,0.485235479856,True,False,-0.061053471668,2015-03-18,-0.033519553073,2015-05-15,0.250000000000,-0.100000000000,0.009157435273,0.017401861594
2015-02-11,-0.081744240437,-0.430125766351,0.072376873662,0.101665205960,-0.121632024634,0.485235479856,True,False,-0.049338146811,2015-03-19,-0.027677496992,2015-05-18,0.310000000000,-0.060000000000,0.009748457362,0.015409570154
2015-02-12,-0.081744240437,-0.420557329888,0.059401709402,0.072376873662,-0.101577529819,0.485235479856,True,False,-0.045986284792,2015-03-20,-0.010891488503,2015-05-19,0.320000000000,0.030000000000,0.008437616287,0.006904955321
2015-02-13,-0.217984641165,-0.390999445033,0.062127659574,0.059401709402,-0.092319627618,0.485235479856,True,False,-0.052020808323,2015-03-23,-0.039615846339,2015-05-20,0.330000000000,0.140000000000,0.004799184598,-0.008737092931
2015-02-16,-0.217984641165,-0.354891644093,0.072103004292,0.062127659574,-0.086314152411,0.485235479856,True,False,-0.047237790232,2015-03-24,-0.036028823058,2015-05-21,0.340000000000,0.110000000000,0.001008296404,-0.026879626023
2015-02-17,-0.217984641165,-0.319718916590,0.059174116645,0.072103004292,-0.093032308291,0.485235479856,True,False,-0.039112903226,2015-03-25,-0.030645161290,2015-05-22,0.340000000000,0.110000000000,0.006695505135,-0.031906614786
2015-02-25,-0.207183274324,-0.292544299565,0.045358202628,0.059174116645,-0.076287848997,0.485235479856,True,False,-0.029650690496,2015-03-26,-0.020714865963,2015-05-25,0.430000000000,0.200000000000,0.008636552836,-0.058778625954
2015-02-26,-0.207183274324,-0.239881367760,0.043625582380,0.045358202628,-0.072720125786,0.485235479856,True,False,-0.025537089582,2015-03-27,-0.019862180786,2015-05-26,0.240000000000,-0.020000000000,0.008755801141,-0.048281189649
2015-02-27,-0.207183274324,-0.171554733419,0.043165467626,0.043625582380,-0.069373275522,0.485235479856,True,False,-0.029935275081,2015-03-30,-0.028721682848,2015-05-27,0.240000000000,-0.050000000000,0.009191049416,-0.054468738013
2015-03-02,-0.207183274324,-0.138923190911,0.048965808358,0.043165467626,-0.075870160344,0.485235479856,True,False,-0.042441390461,2015-03-31,-0.033953112369,2015-05-28,0.170000000000,-0.040000000000,0.005760178875,-0.047527788425
2015-03-03,-0.207183274324,-0.133518478957,0.048448788780,0.048965808358,-0.070615927815,0.485235479856,True,False,-0.041329011345,2015-04-01,-0.032009724473,2015-05-29,0.250000000000,0.030000000000,0.005553379745,-0.047122441097
2015-03-04,-0.207183274324,-0.059023514968,0.068201563858,0.048448788780,-0.077616620933,0.485235479856,True,False,-0.026862026862,2015-04-02,-0.030118030118,2015-06-01,0.260000000000,0.090000000000,0.007014995063,-0.053502694380
2015-03-05,-0.207183274324,-0.081440459620,0.024686192469,0.068201563858,-0.098668754894,0.485235479856,True,False,-0.025766871166,2015-04-03,-0.025766871166,2015-06-02,0.250000000000,0.130000000000,0.004535868350,-0.052611218569
2015-03-06,-0.207183274324,-0.042123644385,0.023070469799,0.024686192469,-0.062377402903,0.485235479856,True,False,0.009228187919,2015-04-07,-0.002097315436,2015-06-03,0.270000000000,0.120000000000,0.002121582571,-0.040519276161
2015-03-09,-0.207183274324,-0.007900891221,-0.001254180602,0.023070469799,-0.058823529412,0.485235479856,False,False,0.007976490344,2015-04-08,-0.009655751469,2015-06-04,0.410000000000,0.380000000000,0.000214055233,-0.076179427688
2015-03-10,-0.193371056036,0.007963812436,-0.010860484545,-0.001254180602,-0.052297939778,0.485235479856,False,False,0.011824324324,2015-04-09,-0.002111486486,2015-06-05,0.440000000000,0.410000000000,0.000920628133,-0.085007727975
2015-03-11,-0.193371056036,0.044873050062,-0.001685630004,-0.010860484545,-0.050376834589,0.485235479856,False,False,0.008898305085,2015-04-10,0.004237288136,2015-06-08,0.410000000000,0.320000000000,0.004153256607,-0.074609375000
2015-03-12,-0.179558837748,0.040300480382,-0.014950166113,-0.001685630004,-0.056836248013,0.485235479856,False,False,0.010557432432,2015-04-13,-0.000422297297,2015-06-09,0.390000000000,0.290000000000,0.003514486268,-0.079192546584
2015-03-13,-0.179558837748,0.084973455911,-0.042224928948,-0.014950166113,-0.036028823058,0.485235479856,False,False,0.014000848536,2015-04-14,0.004666949512,2015-06-10,0.390000000000,0.260000000000,0.005213923017,-0.079953198128
2015-03-16,-0.151934401171,0.142775556825,-0.027447767308,-0.042224928948,-0.010843373494,0.485235479856,False,False,0.003807106599,2015-04-15,0.003384094755,2015-06-11,0.440000000000,0.200000000000,0.006051245939,-0.051916932907
2015-03-17,-0.138122182883,0.249856015178,-0.031224322104,-0.027447767308,-0.015328761597,0.485235479856,False,False,0.012749681258,2015-04-16,0.007224819380,2015-06-12,0.450000000000,0.200000000000,0.002588784598,-0.062052505967
2015-03-18,-0.069061091441,0.425285792052,-0.039392695938,-0.031224322104,-0.012175324675,0.485235479856,False,False,0.004219409283,2015-04-17,0.002953586498,2015-06-15,0.420000000000,0.110000000000,-0.001492783017,-0.065095846645
2015-03-19,0.027624436577,0.660479021101,-0.017054908486,-0.039392695938,-0.008543531326,0.485235479856,False,False,0.011839323467,2015-04-20,0.004228329810,2015-06-16,0.230000000000,-0.090000000000,-0.003730058993,-0.046793061718
2015-03-20,0.027624436577,0.725657871867,-0.019575177010,-0.017054908486,-0.021969080553,0.485235479856,False,False,0.016462642465,2015-04-21,-0.000844238075,2015-06-17,0.190000000000,-0.140000000000,-0.003843605249,-0.056891025641
2015-03-23,0.027624436577,0.746345480749,-0.014528850145,-0.019575177010,-0.023586823912,0.485235479856,False,False,0.008823529412,2015-04-22,-0.006302521008,2015-06-18,0.170000000000,-0.170000000000,-0.006633800595,-0.049639711769
2015-03-24,0.027624436577,0.674519610424,-0.012841756421,-0.014528850145,-0.010677618070,0.485235479856,False,False,0.003776751993,2015-04-23,-0.004196391104,2015-06-19,0.170000000000,-0.170000000000,-0.009790935206,-0.042202572347
2015-03-25,0.042017002880,0.666293761516,-0.011623080116,-0.012841756421,-0.008216926869,0.485235479856,False,False,0.001674340728,2015-04-24,-0.012557555463,2015-06-23,0.110000000000,-0.320000000000,-0.010480981114,-0.034468775345
2015-03-26,0.028011335254,0.658067912609,0.010084033613,-0.011623080116,0.001246882793,0.485235479856,True,False,-0.014559068220,2015-04-27,-0.020798668885,2015-06-24,0.120000000000,-0.120000000000,-0.009421325237,-0.024350649351
2015-03-27,0.028011335254,0.629733155654,0.011774600505,0.010084033613,-0.012857735380,0.485235479856,True,False,-0.000834028357,2015-04-28,-0.017097581318,2015-06-25,0.210000000000,-0.030000000000,-0.009902921900,-0.023935091278
2015-03-30,0.028011335254,0.615045966593,0.001683501684,0.011774600505,-0.016542597188,0.485235479856,True,False,0.015196285352,2015-04-29,-0.004643309413,2015-06-26,0.190000000000,0.020000000000,-0.012218480780,-0.042253521127
2015-03-31,0.028011335254,0.674718305108,-0.008382229673,0.001683501684,-0.010824313072,0.485235479856,False,False,0.018174133559,2015-04-30,-0.005071851226,2015-06-29,0.230000000000,-0.020000000000,-0.013057219028,-0.040940413458
2015-04-01,0.028011335254,0.645467568378,-0.014546965919,-0.008382229673,-0.017702758337,0.485235479856,False,False,-0.004182350481,2015-05-04,-0.015892931828,2015-06-30,0.180000000000,-0.080000000000,-0.012911076294,-0.035786905246
2015-04-02,0.028011335254,0.718191887028,0.003768844221,-0.014546965919,-0.007425742574,0.485235479856,True,False,0.002938706969,2015-05-05,-0.016372795970,2015-07-01,0.070000000000,-0.180000000000,-0.013272598010,-0.021233156390
2015-04-03,0.028011335254,0.747337885166,-0.008291873964,0.003768844221,-0.016879374228,0.485235479856,False,False,-0.007896924356,2015-05-06,-0.031172069825,2015-07-02,0.110000000000,-0.160000000000,-0.012035626410,-0.019270192702
2015-04-07,0.028011335254,0.761867202065,-0.002899751450,-0.008291873964,-0.002481389578,0.485235479856,False,False,-0.008746355685,2015-05-07,-0.029571012078,2015-07-03,0.020000000000,-0.390000000000,-0.014089616645,0.007534533278
2015-04-08,0.057637164444,0.699586331560,-0.011088295688,-0.002899751450,-0.006993006993,0.485235479856,False,False,-0.015442404007,2015-05-08,-0.033806343907,2015-07-06,0.040000000000,-0.400000000000,-0.011627184082,0.016891891892
2015-04-09,0.057637164444,0.690895818125,-0.024539877301,-0.011088295688,0.004537953795,0.485235479856,False,False,-0.004619907602,2015-05-11,-0.023099538009,2015-07-07,0.080000000000,-0.330000000000,-0.012263416792,0.006753904601
2015-04-10,0.073099771441,0.653466361431,-0.019333607569,-0.024539877301,0.001638672675,0.485235479856,False,False,-0.007939824488,2015-05-12,-0.040534893439,2015-07-08,0.130000000000,-0.260000000000,-0.009468143559,0.005059021922
2015-04-13,0.073099771441,0.659096391770,-0.018450184502,-0.019333607569,-0.005319148936,0.485235479856,False,False,-0.002928870293,2015-05-13,-0.064435146444,2015-07-09,0.140000000000,-0.250000000000,-0.009106916635,0.014836795252
2015-04-14,0.058479817153,0.650480752662,-0.034174125305,-0.018450184502,0.004530477759,0.485235479856,False,False,0.015592077539,2015-05-14,-0.031605562579,2015-07-10,0.140000000000,-0.300000000000,-0.009664164324,0.000000000000
2015-04-15,0.058479817153,0.641865113554,-0.041683528936,-0.034174125305,0.004905968929,0.485235479856,False,False,0.016365925304,2015-05-15,-0.034410407050,2015-07-13,0.100000000000,-0.350000000000,-0.008809283439,0.004240882103
2015-04-16,0.058479817153,0.699125197189,-0.032441200324,-0.041683528936,0.008983258473,0.485235479856,False,False,0.018487394958,2015-05-18,-0.030252100840,2015-07-14,0.070000000000,-0.350000000000,-0.007583118178,0.019222554464
2015-04-17,0.058479817153,0.736865374696,-0.027213647441,-0.032441200324,0.007352941176,0.485235479856,False,False,0.024655244463,2015-05-19,-0.036773923945,2015-07-15,0.050000000000,-0.180000000000,-0.005596754108,0.013542107490
2015-04-20,0.058479817153,0.768375004714,-0.040111199365,-0.027213647441,0.000406338887,0.485235479856,False,False,-0.003322259136,2015-05-20,-0.045265780731,2015-07-16,-0.020000000000,-0.210000000000,-0.003498894028,0.026762956669
2015-04-21,0.043859862865,0.801405839642,-0.065446045968,-0.040111199365,0.021915584416,0.485235479856,False,False,0.002915451895,2015-05-21,-0.042482299042,2015-07-17,0.010000000000,-0.160000000000,-0.001114763401,0.010530749789
2015-04-22,0.116959634306,0.859415597394,-0.061867704280,-0.065446045968,0.048611111111,0.485235479856,False,False,0.005016722408,2015-05-22,-0.043478260870,2015-07-20,0.060000000000,-0.110000000000,-0.001226499480,0.011749895090
2015-04-23,0.146199542883,0.859415597394,-0.087786259542,-0.061867704280,0.057178116002,0.485235479856,False,False,0.007521938989,2015-05-25,-0.066861679900,2015-07-21,0.120000000000,0.010000000000,-0.002508715290,0.003779924402
2015-04-24,0.222553029441,0.883818094167,-0.073387408266,-0.087786259542,0.079522043675,0.485235479856,False,False,0.020683832841,2015-05-26,-0.062473617560,2015-07-22,0.070000000000,-0.050000000000,-0.003465179175,-0.002079866889
2015-04-27,0.222553029441,0.889395211256,-0.088607594937,-0.073387408266,0.068951279934,0.485235479856,False,False,0.002086811352,2015-05-27,-0.080550918197,2015-07-23,0.040000000000,-0.170000000000,-0.003214947859,-0.012468827930
2015-04-28,0.341247978477,0.940549437630,-0.080873898045,-0.088607594937,0.073723228995,0.485235479856,False,False,-0.006237006237,2015-05-28,-0.088981288981,2015-07-24,0.030000000000,-0.160000000000,0.000967546152,0.007563025210
2015-04-29,0.326411109847,0.994266564380,-0.068752414059,-0.080873898045,0.088898163606,0.485235479856,False,False,-0.008302200083,2015-05-29,-0.091324200913,2015-07-27,0.110000000000,-0.120000000000,-0.000603229088,0.019019442096
2015-04-30,0.311574241218,0.994237480724,-0.072748267898,-0.068752414059,0.102171136654,0.485235479856,False,False,0.000839983200,2015-06-01,-0.075598488030,2015-07-28,0.140000000000,-0.040000000000,-0.000684856454,0.016026992830
2015-05-04,0.311574241218,1.004427681207,-0.077369439072,-0.072748267898,0.120310478655,0.485235479856,False,False,-0.002930096275,2015-06-02,-0.082461280871,2015-07-29,0.110000000000,0.040000000000,0.000677795079,-0.005006257822
2015-05-05,0.356084847106,1.019903572753,-0.063335955940,-0.077369439072,0.116148531952,0.485235479856,False,False,-0.003351487222,2015-06-03,-0.079597821533,2015-07-30,0.240000000000,0.130000000000,0.001842055812,-0.004598662207
2015-05-06,0.356084847106,1.025184326071,-0.078499613302,-0.063335955940,0.118838028169,0.485235479856,False,False,-0.008823529412,2015-06-04,-0.084453781513,2015-07-31,0.250000000000,0.230000000000,0.001718789843,-0.009970918155
2015-05-07,0.356084847106,1.025315401591,-0.088871715611,-0.078499613302,0.143236074271,0.485235479856,False,False,0.001695633743,2015-06-05,-0.077151335312,2015-08-03,0.340000000000,0.300000000000,0.000337081008,-0.020764119601
2015-05-08,0.356084847106,1.035911602210,-0.074609375000,-0.088871715611,0.146147032772,0.485235479856,False,False,0.000000000000,2015-06-08,-0.085232067511,2015-08-04,0.300000000000,0.220000000000,0.000977980141,-0.006708595388
2015-05-11,0.356084847106,1.036100475449,-0.077251552795,-0.074609375000,0.110629067245,0.485235479856,False,False,-0.002948609941,2015-06-09,-0.082561078349,2015-08-05,0.280000000000,0.150000000000,-0.001792748613,-0.002936241611
2015-05-12,0.356084847106,1.036291345910,-0.073322932917,-0.077251552795,0.134302069573,0.485235479856,False,False,-0.006294586655,2015-06-10,-0.086445656735,2015-08-06,0.400000000000,0.260000000000,-0.000829004712,-0.007518796992
2015-05-13,0.356084847106,1.025716944421,-0.047923322684,-0.073322932917,0.113330438558,0.485235479856,False,False,-0.015767634855,2015-06-11,-0.095435684647,2015-08-07,0.400000000000,0.260000000000,-0.002687394785,0.004212299916
2015-05-14,0.356084847106,1.025853637794,-0.037390612570,-0.047923322684,0.092019188836,0.485235479856,False,False,-0.021469859620,2015-06-12,-0.095788604459,2015-08-10,0.410000000000,0.310000000000,-0.002338751266,0.021959459459
2015-05-15,0.356084847106,1.015223030148,-0.031549520767,-0.037390612570,0.101665205960,0.485235479856,False,False,-0.019389438944,2015-06-15,-0.089521452145,2015-08-11,0.360000000000,0.290000000000,0.000724187124,0.016345347863
2015-05-18,0.341247978477,0.983506542685,-0.010891488503,-0.031549520767,0.072376873662,0.485235479856,False,False,-0.031402936378,2015-06-16,-0.070962479608,2015-08-12,0.310000000000,0.260000000000,0.002254210283,0.023799582463
2015-05-19,0.557494526681,0.942341148206,-0.025240384615,-0.010891488503,0.059401709402,0.485235479856,False,False,-0.013750000000,2015-06-17,-0.020833333333,2015-08-13,0.370000000000,0.390000000000,0.001832270563,0.006619776583
2015-05-20,0.540072822723,0.888278758025,-0.036829463571,-0.025240384615,0.062127659574,0.485235479856,False,False,-0.017857142857,2015-06-18,-0.048172757475,2015-08-14,0.420000000000,0.410000000000,0.002123884093,0.002917882451
2015-05-21,0.522651118764,0.841017928523,-0.032556270096,-0.036829463571,0.072103004292,0.485235479856,False,False,-0.012895174709,2015-06-19,-0.045341098170,2015-08-17,0.380000000000,0.320000000000,0.001303041452,-0.001659062630
2015-05-22,0.505229414805,0.822109325772,-0.022303325223,-0.032556270096,0.059174116645,0.494589389583,False,False,-0.021567814185,2015-06-23,-0.043965159685,2015-08-18,0.350000000000,0.230000000000,0.000362402478,0.008786610879
2015-05-25,0.487807710846,0.760270828552,-0.016639610390,-0.022303325223,0.045358202628,0.509584840795,False,False,-0.026468155500,2015-06-24,-0.049214226634,2015-08-19,0.340000000000,0.270000000000,0.001688939506,0.010004168404
2015-05-26,0.487807710846,0.652753268268,-0.022312373225,-0.016639610390,0.043625582380,0.509584840795,False,False,-0.018325697626,2015-06-25,-0.026239067055,2015-08-20,0.340000000000,0.300000000000,0.000932816250,0.014309764310
2015-05-27,0.487807710846,0.685680481859,-0.036619718310,-0.022312373225,0.043165467626,0.509584840795,False,False,-0.013389121339,2015-06-26,0.002092050209,2015-08-21,0.320000000000,0.290000000000,-0.001326878538,-0.001668056714
2015-05-28,0.487807710846,0.735242321781,-0.030806647750,-0.036619718310,0.048965808358,0.509584840795,False,False,-0.014650481373,2015-06-29,0.000837170364,2015-08-24,0.340000000000,0.230000000000,-0.000030622886,-0.008295313148
2015-05-29,0.487807710846,0.673257058745,-0.031720211468,-0.030806647750,0.048448788780,0.509584840795,False,False,-0.012589173311,2015-06-30,0.006714225766,2015-08-25,0.330000000000,0.190000000000,0.000424095733,-0.011623080116
2015-06-01,0.487807710846,0.612567301802,-0.026133115557,-0.031720211468,0.068201563858,0.509584840795,False,False,-0.016372795970,2015-07-01,-0.013853904282,2015-08-26,0.320000000000,0.210000000000,-0.000976942388,0.000000000000
2015-06-02,0.487807710846,0.599673777465,-0.024600246002,-0.026133115557,0.024686192469,0.509584840795,False,False,-0.020176544767,2015-07-02,-0.024379991593,2015-08-27,0.390000000000,0.150000000000,-0.000924969590,-0.000839983200
2015-06-03,0.487807710846,0.593304026504,-0.007953118460,-0.024600246002,0.023070469799,0.509584840795,False,False,-0.012293344638,2015-07-03,-0.013565069945,2015-08-28,0.440000000000,0.190000000000,-0.000961837448,-0.005455308435
2015-06-04,0.462331406001,0.576765059099,-0.002111486486,-0.007953118460,-0.001254180602,0.509584840795,False,False,-0.020313161236,2015-07-06,-0.011849344054,2015-08-31,0.550000000000,0.210000000000,-0.000501420422,0.002120441052
2015-06-05,0.462331406001,0.550488802823,-0.000422119038,-0.002111486486,-0.010860484545,0.509584840795,False,False,-0.018565400844,2015-07-07,-0.008438818565,2015-09-01,0.500000000000,0.200000000000,-0.001282043028,-0.000422119038
2015-06-08,0.454548005320,0.588836892181,-0.001264755481,-0.000422119038,-0.001685630004,0.509584840795,False,False,-0.029995775243,2015-07-08,-0.005492184199,2015-09-02,0.550000000000,0.270000000000,0.000507381188,-0.003365586874
2015-06-09,0.656569341018,0.607900468419,0.002967359050,-0.001264755481,-0.014950166113,0.509584840795,True,True,-0.055743243243,2015-07-09,-0.016891891892,2015-09-07,0.540000000000,0.140000000000,-0.000696104791,-0.004208754209
2015-06-10,0.602609134686,0.654084722345,-0.001263689975,0.002967359050,-0.042224928948,0.527006544753,False,False,-0.031197301855,2015-07-10,-0.028667790894,2015-09-08,0.560000000000,0.160000000000,0.000486419709,-0.005453020134
2015-06-11,0.576926158794,0.525181611189,0.005513146735,-0.001263689975,-0.027447767308,0.544428248712,True,True,-0.029113924051,2015-07-13,-0.026582278481,2015-09-09,0.630000000000,0.220000000000,0.001270902147,-0.020247933884
2015-06-12,0.445106058883,0.340160412489,0.014523707817,0.005513146735,-0.031224322104,0.562352434709,True,False,-0.029028186790,2015-07-14,-0.040387042491,2015-09-10,0.560000000000,0.200000000000,0.001233772984,-0.020618556701
2015-06-15,0.309141169987,0.177947118303,0.003808717732,0.014523707817,-0.039392695938,0.562352434709,True,False,-0.029473684211,2015-07-15,-0.034105263158,2015-09-11,0.550000000000,0.240000000000,0.002237854240,-0.032626427406
2015-06-16,0.295700249553,0.284537286975,0.005947323704,0.003808717732,-0.017054908486,0.562352434709,True,False,-0.028728348120,2015-07-16,-0.033798056612,2015-09-14,0.510000000000,0.140000000000,0.001103797224,-0.026715988492
2015-06-17,0.147850124777,0.250530535251,-0.005475989890,0.005947323704,-0.019575177010,0.562352434709,False,False,-0.027906976744,2015-07-17,-0.035095137421,2015-09-15,0.440000000000,0.020000000000,0.000057171800,-0.018703241895
2015-06-18,0.013440920434,0.248074353533,-0.009651699538,-0.005475989890,-0.014528850145,0.562352434709,False,False,-0.035819637590,2015-07-20,-0.042562157606,2015-09-16,0.420000000000,0.040000000000,-0.000197417775,-0.019526381388
2015-06-19,-0.013440920434,0.249299000829,-0.007139857203,-0.009651699538,-0.012841756421,0.562352434709,False,False,-0.053412462908,2015-07-21,-0.022467147096,2015-09-17,0.460000000000,0.110000000000,0.001022266365,-0.019493985898
2015-06-23,-0.027248080146,0.250535799333,-0.020798668885,-0.007139857203,-0.011623080116,0.562352434709,False,False,-0.056499575191,2015-07-22,-0.011045029737,2015-09-18,0.400000000000,0.060000000000,0.001069228946,-0.028477094511
2015-06-24,-0.054496160291,0.251784930797,-0.017871986700,-0.020798668885,0.010084033613,0.562352434709,False,False,-0.065337293169,2015-07-23,-0.011879507849,2015-09-21,0.500000000000,0.160000000000,-0.000285388588,-0.019502074689
2015-06-25,-0.081744240437,0.253046580614,-0.008823529412,-0.017871986700,0.011774600505,0.562352434709,False,False,-0.070822731128,2015-07-24,-0.008481764207,2015-09-22,0.480000000000,0.160000000000,-0.001288379621,-0.014619883041
2015-06-26,-0.108992320583,0.287055316063,-0.005494505495,-0.008823529412,0.001683501684,0.562352434709,False,False,-0.070093457944,2015-07-27,-0.014868309261,2015-09-23,0.490000000000,0.150000000000,0.000019341362,-0.015892931828
2015-06-29,-0.136240400728,0.394800777454,-0.006748207507,-0.005494505495,-0.008382229673,0.562352434709,False,False,-0.064598385040,2015-07-28,-0.008499787505,2015-09-24,0.570000000000,0.240000000000,0.000357830195,-0.010919781604
2015-06-30,-0.163488480874,0.385258450506,-0.021276595745,-0.006748207507,-0.014546965919,0.562352434709,False,False,-0.064447289799,2015-07-29,0.011096884336,2015-09-25,0.460000000000,0.140000000000,0.000930333050,-0.016352201258
2015-07-01,-0.190736561020,0.387208454810,-0.017976588629,-0.021276595745,0.003768844221,0.562352434709,False,False,-0.057486057486,2015-07-30,0.006006006006,2015-09-28,0.480000000000,0.090000000000,0.000254622281,-0.012610340479
2015-07-02,-0.217984641165,0.391721948639,-0.031990029082,-0.017976588629,-0.008291873964,0.562352434709,False,False,-0.064806866953,2015-07-31,0.004291845494,2015-09-29,0.540000000000,0.100000000000,0.000748278476,-0.016877637131
2015-07-03,-0.231608681238,0.393724944776,-0.039867109635,-0.031990029082,-0.002899751450,0.562352434709,False,False,-0.059611231102,2015-08-03,-0.003887688985,2015-09-30,0.490000000000,-0.060000000000,0.000553290952,-0.021582733813
2015-07-06,-0.245232721311,0.395748530077,-0.023060796646,-0.039867109635,-0.011088295688,0.562352434709,False,False,-0.067927773001,2015-08-04,0.003869303525,2015-10-08,0.490000000000,-0.010000000000,0.000560052540,-0.016047297297
2015-07-07,-0.258856761384,0.397793023640,-0.029781879195,-0.023060796646,-0.024539877301,0.544428248712,False,False,-0.051393728223,2015-08-05,0.019163763066,2015-10-09,0.430000000000,-0.120000000000,0.000341302423,-0.023638666104
2015-07-08,-0.272480801457,0.399858751194,-0.065998329156,-0.029781879195,-0.019333607569,0.527006544753,False,False,-0.026386404293,2015-08-06,0.059928443649,2015-10-12,0.400000000000,-0.140000000000,0.002103459272,-0.054945054945
2015-07-09,-0.276244365766,0.401946045269,-0.024852569503,-0.065998329156,-0.018450184502,0.509584840795,False,False,-0.051348999130,2015-08-07,0.030461270670,2015-10-13,0.390000000000,-0.170000000000,0.001803063598,-0.023618726276
2015-07-10,-0.276244365766,0.404055245372,-0.028293918919,-0.024852569503,-0.034174125305,0.492163136836,False,False,-0.048239895698,2015-08-10,0.035202086050,2015-10-14,0.470000000000,-0.160000000000,0.001432782449,-0.029523407845
2015-07-13,-0.276244365766,0.403549122215,-0.031852472758,-0.028293918919,-0.041683528936,0.487807710846,False,False,-0.043760831889,2015-08-11,0.046360485269,2015-10-15,0.550000000000,-0.010000000000,0.000705064228,-0.027368421053
2015-07-14,-0.276244365766,0.397734504264,-0.035908141962,-0.031852472758,-0.032441200324,0.487807710846,False,False,-0.011713665944,2015-08-12,0.042516268980,2015-10-16,0.580000000000,0.030000000000,0.000005630404,-0.026559865093
2015-07-15,-0.276244365766,0.391857886207,-0.045510964005,-0.035908141962,-0.027213647441,0.487807710846,False,False,0.022183558069,2015-08-13,0.043932144411,2015-10-19,0.560000000000,0.050000000000,0.000162570219,-0.025760135135
2015-07-16,-0.266107684910,0.388598259080,-0.041684035015,-0.045510964005,-0.040111199365,0.487807710846,False,False,-0.003044802088,2015-08-14,0.039582427142,2015-10-20,0.520000000000,0.080000000000,0.000956566410,-0.026260059297
2015-07-17,-0.314137496237,0.381580927403,-0.046453753629,-0.041684035015,-0.065446045968,0.487807710846,False,False,0.003059440559,2015-08-17,0.048951048951,2015-10-21,0.520000000000,0.100000000000,0.001573206488,-0.025847457627
2015-07-20,-0.331634063070,0.373519358514,-0.061506276151,-0.046453753629,-0.061867704280,0.487807710846,False,False,0.032243618451,2015-08-18,0.066726377071,2015-10-22,0.510000000000,0.050000000000,0.001476621503,-0.051184433164
2015-07-21,-0.364079142715,0.413183485456,-0.072113380575,-0.061506276151,-0.087786259542,0.487807710846,False,False,0.035119315624,2015-08-19,0.075641602882,2015-10-23,0.560000000000,0.160000000000,0.001069697907,-0.054375531011
2015-07-22,-0.351943171291,0.457507351852,-0.072390572391,-0.072113380575,-0.073387408266,0.485878537603,False,False,0.061280072628,2015-08-20,0.086246028143,2015-10-26,0.530000000000,0.030000000000,0.001396706611,-0.067287346593
2015-07-23,-0.409293544593,0.461962558313,-0.078815679733,-0.072390572391,-0.088607594937,0.485235479856,False,False,0.093108169785,2015-08-21,0.088087631219,2015-10-27,0.530000000000,0.050000000000,0.001748006482,-0.063586265367
2015-07-24,-0.402686065198,0.470724003887,-0.093322272916,-0.078815679733,-0.080873898045,0.485235479856,False,False,0.092279579717,2015-08-24,0.091822750114,2015-10-28,0.490000000000,0.000000000000,0.001524714559,-0.070973225669
2015-07-27,-0.395929094755,0.529078995564,-0.081361560814,-0.093322272916,-0.068752414059,0.485235479856,False,False,0.089959109496,2015-08-25,0.085415720127,2015-10-29,0.510000000000,-0.060000000000,0.003500486604,-0.060297239915
2015-07-28,-0.395929094755,0.534340996482,-0.080922431866,-0.081361560814,-0.072748267898,0.485235479856,False,False,0.071624087591,2015-08-26,0.076186131387,2015-10-30,0.500000000000,0.040000000000,0.001862158396,-0.065643648764
2015-07-29,-0.415756439666,0.515127404778,-0.077278454431,-0.080922431866,-0.077369439072,0.485235479856,False,False,0.056440600819,2015-08-27,0.061902594447,2015-11-02,0.510000000000,0.030000000000,0.001699734970,-0.064708386547
2015-07-30,-0.415756439666,0.503661130655,-0.085186739404,-0.077278454431,-0.063335955940,0.485235479856,False,False,0.067921064709,2015-08-28,0.071592473612,2015-11-03,0.520000000000,-0.020000000000,0.001927310113,-0.064377682403
2015-07-31,-0.415756439666,0.501110151721,-0.081000848176,-0.085186739404,-0.078499613302,0.485235479856,False,False,0.072576940744,2015-08-31,0.058337161231,2015-11-04,0.510000000000,0.020000000000,0.002885033937,-0.062716262976
2015-08-03,-0.415756439666,0.485691377822,-0.075981426762,-0.081000848176,-0.088871715611,0.485235479856,False,False,0.083948339483,2015-09-01,0.056273062731,2015-11-05,0.460000000000,-0.030000000000,0.002122176137,-0.060515021459
2015-08-04,-0.415756439666,0.477868242685,-0.082877576777,-0.075981426762,-0.074609375000,0.485235479856,False,False,0.080808080808,2015-09-02,0.046831955923,2015-11-06,0.460000000000,0.030000000000,0.001064596805,-0.057501080847
2015-08-05,-0.415756439666,0.469963856923,-0.083754208754,-0.082877576777,-0.077251552795,0.485235479856,False,False,0.069361506661,2015-09-07,0.033073036288,2015-11-09,0.520000000000,0.120000000000,-0.000360019801,-0.026386404293
2015-08-06,-0.415756439666,0.461976948133,-0.086828859060,-0.083754208754,-0.073322932917,0.485235479856,False,False,0.056880733945,2015-09-08,0.032110091743,2015-11-10,0.580000000000,0.190000000000,-0.000803490362,-0.059611231102
2015-08-07,-0.415756439666,0.459153687922,-0.096280991736,-0.086828859060,-0.047923322684,0.485235479856,False,False,0.053424657534,2015-09-09,0.026940639269,2015-11-11,0.560000000000,0.090000000000,0.000129481695,-0.049543676662
2015-08-10,-0.415756439666,0.466850945307,-0.094845360825,-0.096280991736,-0.037390612570,0.485235479856,False,False,0.033529678296,2015-09-10,0.018577254191,2015-11-12,0.520000000000,-0.030000000000,-0.000018498917,-0.049783549784
2015-08-11,-0.409293544593,0.464023588308,-0.081973898858,-0.094845360825,-0.031549520767,0.468057424465,False,False,0.007023705004,2015-09-11,-0.018437225637,2015-11-13,0.550000000000,-0.030000000000,-0.000285540319,-0.025119099177
2015-08-12,-0.402686065198,0.461166083767,-0.043567612002,-0.081973898858,-0.010891488503,0.462331406001,False,False,-0.026808510638,2015-09-14,-0.042553191489,2015-11-16,0.490000000000,-0.070000000000,0.027820738335,0.008669267447
2015-08-13,-0.395929094755,0.467744349648,-0.037822111388,-0.043567612002,-0.025240384615,0.456493855490,False,False,-0.004363001745,2015-09-15,-0.022687609075,2015-11-17,0.520000000000,0.000000000000,0.034516100488,0.006959547629
2015-08-14,-0.389017501974,0.478319754068,-0.044869131699,-0.037822111388,-0.036829463571,0.447466545492,False,False,-0.010021786492,2015-09-16,-0.038779956427,2015-11-18,0.570000000000,0.050000000000,0.040225954149,0.000000000000
2015-08-17,-0.381945918001,0.478202606609,-0.045624222314,-0.044869131699,-0.032556270096,0.427734436366,False,False,0.000433839479,2015-09-17,-0.037310195228,2015-11-19,0.580000000000,0.070000000000,0.038770963749,0.025858225591
2015-08-18,-0.374708722516,0.469935024013,-0.049938093273,-0.045624222314,-0.022303325223,0.421943895527,False,False,0.012614180078,2015-09-18,-0.029578077425,2015-11-20,0.580000000000,0.020000000000,0.037047795301,0.034141958670
2015-08-19,-0.386418370095,0.457596095180,-0.041493775934,-0.049938093273,-0.016639610390,0.421943895527,False,False,-0.003849443969,2015-09-21,-0.050470487596,2015-11-23,0.620000000000,0.090000000000,0.037256642014,0.048094373866
2015-08-20,-0.398128017674,0.406767764851,-0.020050125313,-0.041493775934,-0.022312373225,0.421082637220,False,False,-0.023799582463,2015-09-22,-0.076826722338,2015-11-24,0.550000000000,0.020000000000,0.040309456086,0.062019013128
2015-08-21,-0.409837665252,0.329835386770,-0.000418235048,-0.020050125313,-0.036619718310,0.372262523109,False,False,-0.030112923463,2015-09-23,-0.070263488080,2015-11-25,0.530000000000,0.040000000000,0.036312943562,0.093321134492
2015-08-24,-0.421547312831,0.297398884379,0.000000000000,-0.000418235048,-0.030806647750,0.356084847106,False,False,-0.027511463110,2015-09-24,-0.077532305127,2015-11-26,0.520000000000,0.010000000000,0.036380028597,0.075915047447
2015-08-25,-0.327870132202,0.467341104025,-0.007127882600,0.000000000000,-0.031720211468,0.356084847106,False,False,0.008514261388,2015-09-25,-0.056619838229,2015-11-27,0.520000000000,0.020000000000,0.044182647550,0.080291970803
2015-08-26,-0.292741189466,0.472339404602,-0.012610340479,-0.007127882600,-0.026133115557,0.356084847106,False,False,0.010340370530,2015-09-28,-0.062042223180,2015-11-30,0.590000000000,0.080000000000,0.047496541963,0.069185252617
2015-08-27,-0.292741189466,0.562308815003,-0.020253164557,-0.012610340479,-0.024600246002,0.356084847106,False,False,0.005586592179,2015-09-29,-0.056295659648,2015-12-01,0.650000000000,0.130000000000,0.043830317652,0.065137614679
2015-08-28,-0.304450837045,0.576244688527,-0.012695725772,-0.020253164557,-0.007953118460,0.356084847106,False,False,-0.012419700214,2015-09-30,-0.050963597430,2015-12-02,0.600000000000,0.090000000000,0.041490404053,0.076603599446
2015-08-31,-0.316160484623,0.569074573949,-0.012246621622,-0.012695725772,-0.002111486486,0.356084847106,False,False,-0.006382978723,2015-10-08,-0.074468085106,2015-12-03,0.580000000000,0.120000000000,0.038719425212,0.068524440384
2015-09-01,-0.324075324365,0.504710632571,-0.006331785564,-0.012246621622,-0.000422119038,0.356084847106,False,False,-0.005947323704,2015-10-09,-0.066270178420,2015-12-04,0.580000000000,0.120000000000,0.035732572805,0.079816513761
2015-09-02,-0.406505442092,0.429098938618,-0.006339814032,-0.006331785564,-0.001264755481,0.356084847106,False,False,0.018041237113,2015-10-12,-0.038230240550,2015-12-07,0.600000000000,0.080000000000,0.031849110238,0.079926504364
2015-09-07,-0.406505442092,0.373220537793,-0.024462252214,-0.006339814032,0.002967359050,0.344957195634,False,False,0.027777777778,2015-10-13,-0.034288194444,2015-12-08,0.640000000000,0.060000000000,0.036769944595,0.062471290767
2015-09-08,-0.396342806039,0.379885190254,-0.028679881906,-0.024462252214,-0.001263689975,0.341247978477,False,False,0.032509752926,2015-10-14,-0.033376679671,2015-12-09,0.640000000000,0.080000000000,0.041990060953,0.053040695016
2015-09-09,-0.287475316480,0.382957500623,-0.026105263158,-0.028679881906,0.005513146735,0.330120327005,False,False,0.058746163963,2015-10-15,-0.021920210434,2015-12-10,0.670000000000,0.150000000000,0.038403658671,0.053758542141
2015-09-10,-0.246407414125,0.373220537793,-0.036256323777,-0.026105263158,0.014523707817,0.315283458375,False,False,0.047515257193,2015-10-16,-0.031822144725,2015-12-11,0.650000000000,0.100000000000,0.040604971269,0.015548645047
2015-09-11,-0.238590036618,0.215628773504,-0.034206081081,-0.036256323777,0.003808717732,0.311574241218,False,False,0.049409707040,2015-10-19,-0.022299956275,2015-12-14,0.640000000000,0.150000000000,0.000065762897,-0.017189514396
2015-09-14,-0.140515770944,0.218016404261,-0.033460398136,-0.034206081081,0.005947323704,0.309749437795,False,False,0.047326906223,2015-10-20,-0.024539877301,2015-12-15,0.610000000000,0.090000000000,-0.003299280426,-0.014254859611
2015-09-15,-0.026525316204,0.228285340932,-0.033898305085,-0.033460398136,-0.005475989890,0.299060479662,False,False,0.056338028169,2015-10-21,-0.022007042254,2015-12-16,0.620000000000,0.050000000000,-0.009321430782,-0.008264462810
2015-09-16,0.000000000000,0.233138919184,-0.036802030457,-0.033898305085,-0.009651699538,0.282985509894,False,False,0.032957502168,2015-10-22,-0.028620988725,2015-12-17,0.720000000000,0.140000000000,-0.006592674376,-0.010430247718
2015-09-17,0.028011335254,0.238031007506,-0.020815632965,-0.036802030457,-0.007139857203,0.278747263341,False,False,0.026202749141,2015-10-23,-0.052405498282,2015-12-18,0.730000000000,0.150000000000,-0.006154357047,0.001303214596
2015-09-18,0.057637164444,0.236987589020,-0.019043588658,-0.020815632965,-0.020798668885,0.278747263341,False,False,0.027479604981,2015-10-26,-0.041648776299,2015-12-21,0.630000000000,0.010000000000,-0.006217116168,0.003463203463
2015-09-21,0.074184343147,0.229937457012,-0.005086901229,-0.019043588658,-0.017871986700,0.278747263341,False,False,0.019674935843,2015-10-27,-0.037639007699,2015-12-22,0.580000000000,0.030000000000,-0.011659394052,0.000426257460
2015-09-22,0.091743586868,0.197599073436,-0.008499787505,-0.005086901229,-0.008823529412,0.278747263341,False,False,0.030616645106,2015-10-28,-0.033203967227,2015-12-23,0.660000000000,0.130000000000,-0.006373897535,-0.023849372385
2015-09-23,0.126183628726,0.101608314463,-0.012314225053,-0.008499787505,-0.005494505495,0.278747263341,False,False,0.024003429061,2015-10-29,-0.039005572225,2015-12-24,0.630000000000,0.110000000000,-0.005892714940,-0.023099538009
2015-09-24,0.146580600329,0.101793011183,-0.000852514919,-0.012314225053,-0.006748207507,0.278747263341,False,False,-0.004221190376,2015-10-30,-0.051498522583,2015-12-25,0.640000000000,0.120000000000,-0.008592282344,-0.010135135135
2015-09-25,0.168351113081,0.103988791103,0.004257130694,-0.000852514919,-0.021276595745,0.278747263341,True,False,-0.005117270789,2015-11-02,-0.041364605544,2015-12-28,0.640000000000,0.050000000000,-0.014702800142,0.004257130694
2015-09-28,0.174217039588,0.098695753889,0.006437768240,0.004257130694,-0.017976588629,0.278747263341,True,False,-0.002136752137,2015-11-03,-0.042735042735,2015-12-29,0.710000000000,0.060000000000,-0.014204897832,0.009905254091
2015-09-29,0.159575411202,0.095389040533,0.000865051903,0.006437768240,-0.031990029082,0.278747263341,True,False,-0.000867302689,2015-11-04,-0.026452732003,2015-12-30,0.710000000000,0.110000000000,-0.018613330781,-0.008144020574
2015-09-30,0.144405200994,0.103104931362,-0.006866952790,0.000865051903,-0.039867109635,0.278747263341,False,False,-0.019271948608,2015-11-05,-0.042398286938,2015-12-31,0.660000000000,0.080000000000,-0.018289111565,-0.010688328345
2015-10-08,0.128677259052,0.107181928388,0.014267185473,-0.006866952790,-0.023060796646,0.278747263341,True,False,-0.025641025641,2015-11-06,-0.044871794872,2016-01-04,0.650000000000,0.070000000000,-0.012285603415,-0.003398470688
2015-10-09,0.131086960593,0.111289173789,0.050983899821,0.014267185473,-0.029781879195,0.278747263341,True,False,-0.051054852321,2015-11-09,-0.047679324895,2016-01-05,0.540000000000,-0.060000000000,-0.011873357090,-0.000425350915
2015-10-12,0.133588636060,0.109841827768,0.025917926566,0.050983899821,-0.065998329156,0.278747263341,True,False,-0.049831081081,2015-11-10,-0.044763513514,2016-01-06,0.580000000000,-0.060000000000,-0.016710670009,0.026805015132
2015-10-13,0.114504545194,0.112121030916,0.026075619296,0.025917926566,-0.024852569503,0.278747263341,True,False,-0.055835432410,2015-11-11,-0.031066330814,2016-01-07,0.580000000000,-0.060000000000,-0.024060848990,0.025184541902
2015-10-14,0.076336363463,0.107115474240,0.037662337662,0.026075619296,-0.028293918919,0.278747263341,True,False,-0.069151138716,2015-11-12,-0.029813664596,2016-01-08,0.540000000000,-0.130000000000,-0.017482029991,0.036316472114
2015-10-15,0.057252272597,0.106234444242,0.042442615851,0.037662337662,-0.031852472758,0.278747263341,True,False,-0.069496462755,2015-11-13,-0.024136496047,2016-01-11,0.500000000000,-0.150000000000,-0.019724440802,0.052930883640
2015-10-16,0.038168181731,0.105336540671,0.041179020373,0.042442615851,-0.035908141962,0.278747263341,True,False,-0.062500000000,2015-11-16,-0.033750000000,2016-01-12,0.540000000000,-0.100000000000,-0.005761703460,0.050284215129
2015-10-19,0.019084090866,0.102289746321,0.043062200957,0.041179020373,-0.045510964005,0.278747263341,True,False,-0.062761506276,2015-11-17,-0.038075313808,2016-01-13,0.560000000000,-0.050000000000,-0.006934026112,0.050832602980
2015-10-20,0.019084090866,0.099195543592,0.040887342323,0.043062200957,-0.041684035015,0.278747263341,True,False,-0.080833333333,2015-11-18,-0.038333333333,2016-01-14,0.590000000000,-0.030000000000,-0.002315194390,0.049561403509
2015-10-21,0.019084090866,0.093908470544,0.069549710210,0.040887342323,-0.046453753629,0.278747263341,True,False,-0.068429890848,2015-11-19,-0.036943744752,2016-01-15,0.600000000000,-0.120000000000,-0.006298716391,0.053579270971
2015-10-22,0.019084090866,0.043385093636,0.073225516622,0.069549710210,-0.061506276151,0.278747263341,True,False,-0.066136458769,2015-11-20,-0.030556718292,2016-01-18,0.590000000000,-0.140000000000,-0.005501553191,0.036442516269
2015-10-23,0.000000000000,-0.007257736747,0.090290381125,0.073225516622,-0.072113380575,0.278747263341,True,False,-0.072294191392,2015-11-23,-0.037609694944,2016-01-19,0.570000000000,-0.060000000000,-0.001994454900,0.036669542709
2015-10-26,0.000000000000,-0.065614985081,0.080579447714,0.090290381125,-0.072390572391,0.278747263341,True,False,-0.072567114094,2015-11-24,-0.029781879195,2016-01-20,0.580000000000,0.000000000000,0.001264237348,0.017043033660
2015-10-27,0.000000000000,-0.077434542000,0.095150960659,0.080579447714,-0.078815679733,0.265680985372,True,False,-0.069874476987,2015-11-25,-0.023430962343,2016-01-21,0.590000000000,-0.070000000000,-0.001489411581,0.026146592370
2015-10-28,0.000000000000,-0.106465092758,0.087211929507,0.095150960659,-0.093322272916,0.261325559382,True,False,-0.073670992047,2015-11-26,-0.024277940561,2016-01-22,0.570000000000,-0.060000000000,-0.003558768777,0.034393809114
2015-10-29,0.000000000000,-0.096644760521,0.087591240876,0.087211929507,-0.081361560814,0.261325559382,True,False,-0.060618906316,2015-11-27,-0.011445527766,2016-01-25,0.630000000000,-0.010000000000,-0.007416438867,0.017064846416
2015-10-30,-0.018726708656,-0.062275303971,0.070095584888,0.087591240876,-0.080922431866,0.261325559382,True,False,-0.066866695242,2015-11-30,0.007286755251,2016-01-26,0.670000000000,0.030000000000,-0.010674853318,-0.003391267486
2015-11-02,-0.037453417312,-0.010201722051,0.073394495413,0.070095584888,-0.077278454431,0.261325559382,True,False,-0.059528907923,2015-12-01,0.019271948608,2016-01-27,0.630000000000,-0.080000000000,-0.011889978235,-0.002132196162
2015-11-03,-0.056180125968,0.022255091280,0.073834794647,0.073394495413,-0.085186739404,0.261325559382,True,False,-0.038194444444,2015-12-02,0.030815972222,2016-01-28,0.650000000000,-0.060000000000,-0.001730076595,0.005617977528
2015-11-04,-0.056180125968,0.062269085475,0.051164915487,0.073834794647,-0.081000848176,0.261325559382,True,False,-0.050218340611,2015-12-03,0.029257641921,2016-01-29,0.650000000000,-0.010000000000,0.000092211298,-0.005617977528
2015-11-05,-0.056180125968,0.183522798775,0.046330275229,0.051164915487,-0.075981426762,0.261325559382,True,False,-0.035964912281,2015-12-04,0.038157894737,2016-02-01,0.680000000000,0.030000000000,-0.001493710074,-0.027706734868
2015-11-06,-0.056180125968,0.351505645287,0.048231511254,0.046330275229,-0.082877576777,0.261325559382,True,False,-0.004446420631,2015-12-07,0.066251667408,2016-02-02,0.710000000000,0.170000000000,0.004867910425,-0.028936170213
2015-11-09,0.000000000000,0.501663881629,0.033532384015,0.048231511254,-0.083754208754,0.261325559382,True,False,-0.011111111111,2015-12-08,0.061333333333,2016-02-03,0.750000000000,0.170000000000,0.008340754612,-0.052631578947
2015-11-10,0.018726708656,0.570004459341,0.028806584362,0.033532384015,-0.086828859060,0.261325559382,True,False,-0.008448199200,2015-12-09,0.073810582481,2016-02-04,0.760000000000,0.180000000000,0.010746311145,-0.047013977128
2015-11-11,0.037453417312,0.618553735058,0.024601366743,0.028806584362,-0.096280991736,0.261325559382,True,False,-0.007562277580,2015-12-10,0.089412811388,2016-02-05,0.770000000000,0.230000000000,0.008151552658,-0.061743846475
2015-11-12,0.037453417312,0.697291971543,-0.003553976011,0.024601366743,-0.094845360825,0.261325559382,False,False,-0.006708407871,2015-12-11,0.161896243292,2016-02-15,0.770000000000,0.270000000000,0.008195706305,-0.068134607395
2015-11-13,0.056180125968,0.724272808208,-0.041684572411,-0.003553976011,-0.081973898858,0.261325559382,False,False,-0.006222222222,2015-12-14,0.118666666667,2016-02-16,0.780000000000,0.240000000000,0.006458064313,-0.071606994172
2015-11-16,0.056180125968,0.730238046677,-0.023758099352,-0.041684572411,-0.043567612002,0.261325559382,False,False,-0.006250000000,2015-12-15,0.121428571429,2016-02-17,0.760000000000,0.200000000000,0.006506366922,-0.057547956631
2015-11-17,0.074906834624,0.723457472334,-0.031752936059,-0.023758099352,-0.037822111388,0.261325559382,False,False,0.007252946510,2015-12-16,0.145965548504,2016-02-18,0.760000000000,0.170000000000,0.001719489240,-0.069786878395
2015-11-18,0.093633543281,0.740218154170,-0.038678835289,-0.031752936059,-0.044869131699,0.261325559382,False,False,0.009463722397,2015-12-17,0.154123479045,2016-02-19,0.720000000000,0.120000000000,0.006326083715,-0.077949145477
2015-11-19,0.131086960593,0.790928712930,-0.035186794092,-0.038678835289,-0.045624222314,0.261325559382,False,False,-0.011205737338,2015-12-18,0.153742716271,2016-02-22,0.710000000000,0.120000000000,0.007615412634,-0.070322310590
2015-11-20,0.133588636060,0.814746157986,-0.032900432900,-0.035186794092,-0.049938093273,0.261325559382,False,False,0.005405405405,2015-12-21,0.148198198198,2016-02-23,0.680000000000,0.110000000000,0.002531514776,-0.070328755722
2015-11-23,0.155643032704,0.831544253273,-0.057118499574,-0.032900432900,-0.041493775934,0.261325559382,False,False,0.017639077341,2015-12-22,0.163274536409,2016-02-24,0.660000000000,0.080000000000,0.003920832796,-0.073313782991
2015-11-24,0.178572609607,0.852832089381,-0.074476987448,-0.057118499574,-0.020050125313,0.248259281413,False,False,0.008547008547,2015-12-23,0.167341430499,2016-02-25,0.640000000000,0.050000000000,0.006656785053,-0.076023391813
2015-11-25,0.202430515725,0.870677433274,-0.065098698026,-0.074476987448,-0.000418235048,0.243903855423,False,False,0.013104383190,2015-12-24,0.178490736557,2016-02-26,0.620000000000,0.050000000000,0.005220756024,-0.074812967581
2015-11-26,0.034843407918,0.654022236756,-0.063766891892,-0.065098698026,0.000000000000,0.243903855423,False,False,0.013989169675,2015-12-25,0.169223826715,2016-02-29,0.620000000000,-0.010000000000,0.005015139305,-0.070050335570
2015-11-27,-0.016556382761,0.643314956139,-0.060876968923,-0.063766891892,-0.007127882600,0.243903855423,False,False,0.032613688562,2015-12-28,0.203491042719,2016-03-01,0.620000000000,-0.050000000000,0.013579692681,-0.061675882603
2015-11-30,0.000000000000,0.548680607100,-0.059862187769,-0.060876968923,-0.012610340479,0.243903855423,False,False,0.020036429872,2015-12-29,0.180783242259,2016-03-02,0.620000000000,-0.010000000000,0.020137604194,-0.067094017094
2015-12-01,0.016835111308,0.548371099413,-0.050150021432,-0.059862187769,-0.020253164557,0.243903855423,False,False,0.013086642599,2015-12-30,0.173736462094,2016-03-03,0.620000000000,-0.030000000000,0.012241811221,-0.047700902450
2015-12-02,0.034246770815,0.561675139937,-0.056006840530,-0.050150021432,-0.012695725772,0.243903855423,False,False,0.028045977011,2015-12-31,0.216091954023,2016-03-04,0.580000000000,-0.070000000000,0.016207990594,-0.040417209909
2015-12-03,0.034246770815,0.568756319515,-0.073067119796,-0.056006840530,-0.012246621622,0.243903855423,False,False,0.016833484986,2016-01-04,0.210191082803,2016-03-07,0.620000000000,-0.060000000000,0.014669070460,-0.043402016659
2015-12-04,0.034246770815,0.650830336160,-0.064227988090,-0.073067119796,-0.006331785564,0.243903855423,False,False,0.008039303260,2016-01-05,0.185797230907,2016-03-08,0.720000000000,0.010000000000,0.007752181282,-0.035933391762
2015-12-07,0.051370156222,0.687550959659,-0.031560743623,-0.064227988090,-0.006339814032,0.227890735937,False,False,0.016629213483,2016-01-06,0.183370786517,2016-03-09,0.680000000000,-0.070000000000,0.008328085581,-0.004444444444
2015-12-08,0.033670222616,0.676180417815,-0.033868866696,-0.031560743623,-0.024462252214,0.222553029441,False,False,0.034977578475,2016-01-07,0.175336322870,2016-03-10,0.670000000000,-0.090000000000,0.012689620641,-0.011111111111
2015-12-09,-0.129683619998,0.669740604312,-0.035451794207,-0.033868866696,-0.028679881906,0.207461144154,False,False,0.050201703272,2016-01-08,0.198117436127,2016-03-11,0.680000000000,-0.090000000000,0.014707423308,-0.008003557137
2015-12-10,-0.190736561020,0.669755523056,-0.024496937883,-0.035451794207,-0.026105263158,0.184537086137,False,False,0.055830706889,2016-01-11,0.180549302116,2016-03-14,0.690000000000,-0.080000000000,0.017236064933,-0.005795809184
2015-12-11,-0.190736561020,0.654695099140,-0.024923480542,-0.024496937883,-0.036256323777,0.175305932093,False,False,0.037119856887,2016-01-12,0.155635062612,2016-03-15,0.730000000000,-0.050000000000,0.016823105484,0.000000000000
2015-12-14,-0.190736561020,0.651470000129,-0.017528483786,-0.024923480542,-0.034206081081,0.169817594708,False,False,0.032794249775,2016-01-13,0.156783468104,2016-03-16,0.670000000000,-0.090000000000,0.020027490089,-0.007964601770
2015-12-15,-0.190736561020,0.639283745850,-0.024122807018,-0.017528483786,-0.033460398136,0.168351113081,False,False,0.038703870387,2016-01-14,0.181368136814,2016-03-17,0.780000000000,0.020000000000,0.024297172752,-0.000449236298
2015-12-16,-0.190736561020,0.644090390556,-0.021958717611,-0.024122807018,-0.033898305085,0.168351113081,False,False,0.024107142857,2016-01-15,0.171875000000,2016-03-18,0.800000000000,0.080000000000,0.020152088289,0.006781193490
2015-12-17,-0.190736561020,0.664919184280,-0.033405639913,-0.021958717611,-0.036802030457,0.161769336672,False,False,0.049864007253,2016-01-18,0.178150498640,2016-03-21,0.840000000000,0.130000000000,0.016470533241,0.003151733453
2015-12-18,-0.177112520947,0.681010277942,-0.043572044866,-0.033405639913,-0.020815632965,0.156626127329,False,False,0.031810035842,2016-01-19,0.155017921147,2016-03-22,0.770000000000,0.090000000000,0.025699405808,-0.007609668756
2015-12-21,0.124309964595,0.726668574104,-0.046442266723,-0.043572044866,-0.019043588658,0.149798351759,False,False,0.028000000000,2016-01-20,0.152000000000,2016-03-23,0.730000000000,0.070000000000,0.020722229145,0.011754068716
2015-12-22,-0.168068011522,0.726962635754,-0.036005143592,-0.046442266723,-0.005086901229,0.146897981441,False,False,0.041034790366,2016-01-21,0.129794826048,2016-03-24,0.750000000000,0.110000000000,0.018748347975,0.016726943942
2015-12-23,-0.168068011522,0.731302377062,-0.035253654342,-0.036005143592,-0.008499787505,0.146294807244,False,False,0.039696699376,2016-01-22,0.132024977698,2016-03-25,0.780000000000,0.160000000000,0.015346758798,0.008086253369
2015-12-24,-0.156250739824,0.724259902068,-0.042235494881,-0.035253654342,-0.012314225053,0.144853786466,False,False,0.037828215398,2016-01-25,0.129951045839,2016-03-28,0.760000000000,0.140000000000,0.019149267442,0.012629679747
2015-12-25,-0.144092911109,0.718846672484,-0.046206019500,-0.042235494881,-0.000852514919,0.136292777294,False,False,0.045373665480,2016-01-26,0.131672597865,2016-03-29,0.730000000000,0.110000000000,0.016541666537,0.019945602901
2015-12-28,-0.118694949035,0.721966410263,-0.043070362473,-0.046206019500,0.004257130694,0.133588636060,False,False,0.062500000000,2016-01-27,0.151785714286,2016-03-30,0.730000000000,0.110000000000,0.014271847370,0.027943197435
2015-12-29,-0.091743586868,0.725127944053,-0.028522039758,-0.043070362473,0.006437768240,0.131712379460,False,False,0.057906458797,2016-01-28,0.134966592428,2016-03-31,0.740000000000,0.120000000000,0.021227119910,0.014440433213
2015-12-30,-0.078864767954,0.762765048336,-0.029818496111,-0.028522039758,0.000865051903,0.131086960593,False,False,0.054114490161,2016-01-29,0.141771019678,2016-04-01,0.790000000000,0.210000000000,0.020001411390,0.016757246377
2015-12-31,-0.048860200110,0.754419697698,-0.048593350384,-0.029818496111,-0.006866952790,0.129279684437,False,False,0.059060402685,2016-02-01,0.140044742729,2016-04-05,0.770000000000,0.150000000000,0.018682963526,0.022914757104
2016-01-04,-0.033112765523,0.782793889868,-0.042127659574,-0.048593350384,0.014267185473,0.126807036307,False,False,0.062472308374,2016-02-02,0.133362871068,2016-04-06,0.730000000000,0.010000000000,0.022803575322,0.023181818182
2016-01-05,-0.016835111308,0.781700819947,-0.044210526316,-0.042127659574,0.050983899821,0.124778380627,False,False,0.055702917772,2016-02-03,0.126436781609,2016-04-07,0.690000000000,0.010000000000,0.028673259523,0.013392857143
2016-01-06,0.000000000000,0.774612861598,-0.030495552732,-0.044210526316,0.025917926566,0.118797216878,False,False,0.046360485269,2016-02-04,0.111785095321,2016-04-08,0.690000000000,0.020000000000,0.026700555457,0.028764044944
2016-01-07,0.035461202489,0.858884875479,-0.024196912808,-0.030495552732,0.026075619296,0.115118317472,False,False,0.045241143833,2016-02-05,0.106274007682,2016-04-11,0.650000000000,-0.030000000000,0.031651842068,0.048408785298
2016-01-08,0.054151950373,0.943176205894,-0.028666389697,-0.024196912808,0.037662337662,0.098851293759,False,False,0.107889125800,2016-02-15,0.108742004264,2016-04-12,0.660000000000,-0.030000000000,0.027910099501,0.048430493274
2016-01-11,0.073529862315,0.958179701145,-0.022897585346,-0.028666389697,0.042442615851,0.092216075971,False,False,0.085381630013,2016-02-16,0.121604139715,2016-04-13,0.650000000000,-0.080000000000,0.028552501797,0.052466367713
2016-01-12,0.093633543281,0.969996638279,-0.033361134279,-0.022897585346,0.041179020373,0.080188169314,False,False,0.092648977816,2016-02-17,0.115267507612,2016-04-14,0.720000000000,0.050000000000,0.007854012096,0.033898305085
2016-01-13,0.093633543281,0.982064494210,-0.038863351442,-0.033361134279,0.043062200957,0.080188169314,False,False,0.095320623917,2016-02-18,0.106152512998,2016-04-15,0.690000000000,-0.090000000000,0.003364607170,0.033707865169
2016-01-14,0.093633543281,0.994391346649,-0.034180908712,-0.038863351442,0.040887342323,0.080188169314,False,False,0.116390584133,2016-02-19,0.120313862249,2016-04-18,0.650000000000,-0.150000000000,0.004122361979,0.040413111810
2016-01-15,0.093633543281,1.008793497440,-0.035579740477,-0.034180908712,0.069549710210,0.080188169314,False,False,0.111398963731,2016-02-22,0.104922279793,2016-04-19,0.670000000000,-0.170000000000,0.011875472329,0.034111310592
2016-01-18,0.093633543281,1.028994619254,-0.037453183521,-0.035579740477,0.073225516622,0.080188169314,False,False,0.106817194963,2016-02-23,0.129830655667,2016-04-20,0.670000000000,-0.100000000000,0.007256912832,0.043301759134
2016-01-19,0.093633543281,1.042251855356,-0.031839128613,-0.037453183521,0.090290381125,0.080188169314,False,False,0.111975789019,2016-02-24,0.121919584955,2016-04-21,0.670000000000,-0.060000000000,0.004716603252,0.032618409294
2016-01-20,0.093633543281,1.051971887730,-0.027151211362,-0.031839128613,0.080579447714,0.092216075971,False,False,0.111825192802,2016-02-25,0.113538988860,2016-04-22,0.680000000000,-0.070000000000,0.005561592655,0.035571365051
2016-01-21,0.093633543281,1.152408328617,-0.023275145470,-0.027151211362,0.095150960659,0.093633543281,False,False,0.118833118833,2016-02-26,0.102960102960,2016-04-25,0.690000000000,-0.090000000000,0.011843894740,0.047237076649
2016-01-22,0.093633543281,1.516224711143,-0.020553691275,-0.023275145470,0.087211929507,0.093633543281,False,False,0.111063464837,2016-02-29,0.110634648370,2016-04-26,0.740000000000,-0.020000000000,0.008750796326,0.040089086860
2016-01-25,0.114504545194,1.473607880302,-0.005104210974,-0.020553691275,0.087591240876,0.093633543281,False,False,0.114893617021,2016-03-01,0.104255319149,2016-04-27,0.720000000000,-0.010000000000,0.011146443259,0.039555555556
2016-01-26,0.136187653616,1.470446768453,0.016666666667,-0.005104210974,0.070095584888,0.093633543281,True,True,0.089495798319,2016-03-02,0.087394957983,2016-04-28,0.690000000000,-0.040000000000,0.010404213359,0.060160427807
2016-01-27,0.158731208540,1.686383001527,0.020627417275,0.016666666667,0.073394495413,0.093633543281,True,True,0.095157894737,2016-03-03,0.109052631579,2016-04-29,0.650000000000,-0.090000000000,0.007715837700,0.056494661922
2016-01-28,0.198414010675,1.633188739953,0.026075619296,0.020627417275,0.073834794647,0.093633543281,True,True,0.122189223589,2016-03-04,0.145523971150,2016-05-03,0.620000000000,-0.170000000000,0.006281451926,0.051670378619
2016-01-29,0.198414010675,1.383769287115,0.035949145112,0.026075619296,0.051164915487,0.093633543281,True,True,0.123785382341,2016-03-07,0.132234896493,2016-05-04,0.580000000000,-0.190000000000,0.007380281690,0.058691756272
2016-02-01,0.198414010675,1.108299700968,0.044259421560,0.035949145112,0.046330275229,0.093633543281,True,True,0.107172643870,2016-03-08,0.115929941618,2016-05-05,0.530000000000,-0.200000000000,0.003880034834,0.058640604176
2016-02-02,0.224720503873,1.079492495863,0.061777777778,0.044259421560,0.048231511254,0.093633543281,True,True,0.102596314908,2016-03-09,0.119765494137,2016-05-06,0.570000000000,-0.120000000000,-0.001418626926,0.052422907489
2016-02-03,0.257354518104,1.003280130472,0.066222222222,0.061777777778,0.033532384015,0.098851293759,True,True,0.085300207039,2016-03-10,0.112215320911,2016-05-09,0.510000000000,-0.180000000000,-0.002403325227,0.048055919616
2016-02-04,0.270759751864,1.005403627896,0.076478434860,0.066222222222,0.028806584362,0.114504545194,True,True,0.091465904451,2016-03-11,0.080849326256,2016-05-10,0.500000000000,-0.150000000000,-0.012123045664,0.035057716973
2016-02-05,0.288810401988,0.972110771542,0.092732946946,0.076478434860,0.024601366743,0.115118317472,True,True,0.009237875289,2016-03-14,0.025404157044,2016-05-11,0.510000000000,-0.150000000000,-0.015592115058,0.048331907613
2016-02-15,0.301420221160,1.083441959676,0.142152466368,0.092732946946,-0.003553976011,0.118797216878,True,True,0.026618990862,2016-03-15,0.062375844259,2016-05-12,0.530000000000,-0.120000000000,-0.017288311315,0.085215168300
2016-02-16,0.585109841075,1.176673655140,0.111504424779,0.142152466368,-0.041684572411,0.124778380627,True,True,0.025079617834,2016-03-16,0.058519108280,2016-05-13,0.530000000000,-0.190000000000,-0.012750624093,0.083692838654
2016-02-17,0.836241790022,1.178101031919,0.137915543576,0.111504424779,-0.023758099352,0.126807036307,True,True,0.038370253165,2016-03-17,0.060917721519,2016-05-16,0.530000000000,-0.160000000000,-0.009247299893,0.101304347826
2016-02-18,0.839045884965,1.222514430712,0.146925858951,0.137915543576,-0.031752936059,0.129279684437,True,True,0.024990238188,2016-03-18,0.050370948848,2016-05-17,0.530000000000,-0.120000000000,-0.006709406265,0.094950366854
2016-02-19,0.993382965690,1.195910584273,0.158937415579,0.146925858951,-0.038678835289,0.131086960593,True,True,0.009712509713,2016-03-21,0.044289044289,2016-05-18,0.510000000000,-0.160000000000,-0.012024693228,0.117187500000
2016-02-22,1.616170685582,1.196536839330,0.143688451209,0.158937415579,-0.035186794092,0.131712379460,True,True,0.011377010592,2016-03-22,0.043154178109,2016-05-19,0.500000000000,-0.170000000000,-0.013593797353,0.104626026805
2016-02-23,1.616170685582,1.207260900431,0.155967450271,0.143688451209,-0.032900432900,0.133588636060,True,True,0.007776049767,2016-03-23,0.026827371695,2016-05-20,0.460000000000,-0.210000000000,-0.008505768598,0.106447425357
2016-02-24,1.936037800437,1.259349874786,0.165009041591,0.155967450271,-0.057118499574,0.134238390449,True,True,-0.023892100193,2016-03-24,0.018882466281,2016-05-23,0.420000000000,-0.260000000000,-0.008072374372,0.106483469300
2016-02-25,2.020213356977,1.431313430869,0.174303683738,0.165009041591,-0.074476987448,0.138242040461,True,True,-0.026840490798,2016-03-25,0.008819018405,2016-05-24,0.390000000000,-0.300000000000,-0.010313470437,0.112340425532
2016-02-26,2.255904915291,1.809221365494,0.178168696437,0.174303683738,-0.065098698026,0.144853786466,True,True,-0.020069471247,2016-03-28,0.001543805481,2016-05-25,0.320000000000,-0.420000000000,-0.010320355840,0.118629550321
2016-02-29,2.457926250989,1.950139236636,0.172710788758,0.178168696437,-0.063766891892,0.146294807244,True,True,-0.029007633588,2016-03-29,-0.010305343511,2016-05-26,0.350000000000,-0.370000000000,-0.010055170766,0.106028217187
2016-03-01,2.483457414224,2.272408008792,0.202931745305,0.172710788758,-0.060876968923,0.146897981441,True,True,-0.005013497879,2016-03-30,-0.006170458928,2016-05-27,0.320000000000,-0.370000000000,-0.008647852865,0.103825136612
2016-03-02,2.516570179747,2.484252712147,0.171028880866,0.202931745305,-0.059862187769,0.149798351759,True,True,-0.020376778162,2016-03-31,-0.019607843137,2016-05-30,0.350000000000,-0.300000000000,-0.009715955023,0.092631578947
2016-03-03,3.211938255730,2.811528912711,0.185235507246,0.171028880866,-0.050150021432,0.156415076663,True,True,-0.034782608696,2016-04-01,-0.028733459357,2016-05-31,0.330000000000,-0.290000000000,-0.010504222315,0.108428631936
2016-03-04,3.211938255730,2.858069527422,0.214940421632,0.185235507246,-0.056006840530,0.158942259205,True,True,-0.042105263158,2016-04-05,-0.028947368421,2016-06-01,0.300000000000,-0.280000000000,-0.014252634156,0.121878967414
2016-03-07,3.377502083345,2.908165673027,0.204090909091,0.214940421632,-0.073067119796,0.161769336672,True,True,-0.036534839925,2016-04-06,-0.031261770245,2016-06-02,0.370000000000,-0.160000000000,-0.013851047776,0.111624003357
2016-03-08,3.697088474965,2.832804159764,0.188392857143,0.204090909091,-0.064227988090,0.169817594708,True,True,-0.032282567414,2016-04-07,-0.023167489556,2016-06-03,0.430000000000,-0.140000000000,-0.016986531465,0.114273754709
2016-03-09,3.827382341924,2.875704999155,0.183820224719,0.188392857143,-0.031560743623,0.175305932093,True,True,-0.020984357116,2016-04-08,0.001526135063,2016-06-06,0.370000000000,-0.140000000000,-0.018461334230,0.097957482284
2016-03-10,3.990088245520,3.000570802672,0.173464813985,0.183820224719,-0.033868866696,0.183532959874,True,True,-0.030303030303,2016-04-11,-0.017583239805,2016-06-07,0.390000000000,-0.110000000000,-0.015222377068,0.081371334159
2016-03-11,4.393964051426,3.183688971221,0.188789237668,0.173464813985,-0.035451794207,0.198414010675,True,True,-0.008390541571,2016-04-12,0.002669717773,2016-06-08,0.450000000000,-0.060000000000,-0.011348047058,0.081599347205
2016-03-14,4.478139607966,3.341662313767,0.176681614350,0.188789237668,-0.024496937883,0.198414010675,True,True,0.006578947368,2016-04-13,0.042182662539,2016-06-13,0.440000000000,-0.090000000000,-0.013109088902,0.030231645073
2016-03-15,4.595985387123,3.494653053891,0.147190008921,0.176681614350,-0.024923480542,0.199418136937,True,True,-0.004271844660,2016-04-14,0.057087378641,2016-06-14,0.450000000000,-0.080000000000,-0.001171251955,0.023885350318
2016-03-16,4.579150275815,3.629038563788,0.164494382022,0.147190008921,-0.017528483786,0.207461144154,True,True,-0.027428571429,2016-04-15,0.038857142857,2016-06-15,0.470000000000,-0.060000000000,-0.000628430374,0.022897749704
2016-03-17,4.494974719275,3.596014563372,0.175123484508,0.164494382022,-0.024122807018,0.222553029441,True,True,-0.020952380952,2016-04-18,0.047619047619,2016-06-16,0.360000000000,-0.170000000000,-0.005867842841,0.031533307056
2016-03-18,4.427634274042,3.519269854956,0.174596050269,0.175123484508,-0.021958717611,0.223094898049,True,True,-0.015390534821,2016-04-19,0.045786841093,2016-06-17,0.340000000000,-0.170000000000,-0.009752937343,0.016705516706
2016-03-21,4.105982924851,3.478474068512,0.161930536761,0.174596050269,-0.033405639913,0.232879007431,True,True,0.009309542281,2016-04-20,0.055081458495,2016-06-20,0.270000000000,-0.230000000000,-0.009354959814,0.008219178082
2016-03-22,2.665858582549,3.383747467368,0.160411081323,0.161930536761,-0.043572044866,0.260705826544,True,True,0.001157407407,2016-04-21,0.049768518519,2016-06-21,0.280000000000,-0.180000000000,-0.006378334495,0.015643332030
2016-03-23,3.821570266949,3.385562500946,0.142730102268,0.160411081323,-0.046442266723,0.275272414395,True,True,0.026056060008,2016-04-22,0.063166206080,2016-06-22,0.310000000000,-0.110000000000,-0.006275118261,-0.002716336826
2016-03-24,3.888910712181,3.391568740867,0.129233511586,0.142730102268,-0.036005143592,0.290532863879,True,True,0.013002364066,2016-04-25,0.053979511426,2016-06-23,0.300000000000,-0.090000000000,-0.004101813107,-0.030604437643
2016-03-25,3.973086268722,3.397643942989,0.135412026726,0.129233511586,-0.035253654342,0.297130242455,True,True,0.020086648287,2016-04-26,0.064592359197,2016-06-24,0.340000000000,0.020000000000,-0.001561633250,-0.024119448698
2016-03-28,3.872075600873,3.399555442750,0.129333333333,0.135412026726,-0.042235494881,0.303350458367,True,True,0.020047169811,2016-04-27,0.111242138365,2016-06-27,0.340000000000,-0.010000000000,-0.003189001001,-0.017781213761
2016-03-29,3.888910712181,3.401485408681,0.135026737968,0.129333333333,-0.046206019500,0.309749437795,True,True,0.003100775194,2016-04-28,0.096124031008,2016-06-28,0.330000000000,0.010000000000,-0.005277014652,-0.030083777609
2016-03-30,3.939416046106,3.403434109671,0.143238434164,0.135026737968,-0.043070362473,0.311574241218,True,True,0.033751962323,2016-04-29,0.106750392465,2016-06-29,0.200000000000,-0.150000000000,-0.008557379728,-0.009633911368
2016-03-31,3.938378643714,3.277040078172,0.134966592428,0.143238434164,-0.028522039758,0.315283458375,True,True,0.057579318449,2016-05-03,0.105366235801,2016-06-30,0.180000000000,-0.150000000000,-0.011000565032,-0.026366068017
2016-04-01,3.904131872899,3.278357890891,0.148745519713,0.134966592428,-0.029818496111,0.330120327005,True,True,0.051805337520,2016-05-04,0.114207221350,2016-07-01,0.160000000000,-0.140000000000,-0.008725519134,-0.032817804602
2016-04-05,3.835638331269,3.192477362433,0.133718347401,0.148745519713,-0.048593350384,0.341247978477,True,True,0.046129788898,2016-05-05,0.135261923378,2016-07-04,0.170000000000,-0.200000000000,-0.004716723607,-0.036617591544
2016-04-06,3.852761716676,3.197330661987,0.125110132159,0.133718347401,-0.042127659574,0.344957195634,True,True,0.049450549451,2016-05-06,0.138147566719,2016-07-05,0.140000000000,-0.290000000000,-0.003435113917,-0.040570999249
2016-04-07,3.818514945862,3.202239105570,0.115334207077,0.125110132159,-0.044210526316,0.356084847106,True,True,0.046765393609,2016-05-09,0.148090413094,2016-07-06,0.170000000000,-0.200000000000,-0.003750032659,-0.030751708428
2016-04-08,3.801391560454,3.034326330246,0.098760153912,0.115334207077,-0.030495552732,0.356084847106,True,True,0.021219135802,2016-05-10,0.136574074074,2016-07-07,0.120000000000,-0.270000000000,-0.004068861195,-0.018334606570
2016-04-11,3.835638331269,2.881384052753,0.109067579127,0.098760153912,-0.024196912808,0.356084847106,True,True,0.024615384615,2016-05-11,0.119615384615,2016-07-08,0.140000000000,-0.310000000000,-0.003849163824,-0.021878536401
2016-04-12,3.835638331269,2.873990386998,0.110779718790,0.109067579127,-0.028666389697,0.356084847106,True,True,0.028066128412,2016-05-12,0.132256824298,2016-07-11,0.170000000000,-0.270000000000,-0.002316194931,-0.006478658537
2016-04-13,3.750021404232,2.873430411968,0.114754098361,0.110779718790,-0.022897585346,0.356084847106,True,True,0.037051482059,2016-05-13,0.141965678627,2016-07-12,0.220000000000,-0.230000000000,-0.003281503240,0.004665629860
2016-04-14,3.424677081490,2.872865437768,0.114347826087,0.114754098361,-0.033361134279,0.356084847106,True,True,0.050528789659,2016-05-16,0.121425773600,2016-07-13,0.210000000000,-0.260000000000,-0.004263575415,-0.010806638364
2016-04-15,3.287689998231,2.872295397153,0.105740181269,0.114347826087,-0.038863351442,0.356084847106,True,True,0.046692607004,2016-05-17,0.128404669261,2016-07-14,0.240000000000,-0.120000000000,0.001054041404,-0.021016431028
2016-04-18,3.561664164750,2.868235751519,0.112847222222,0.105740181269,-0.034180908712,0.356084847106,True,True,0.050410316530,2016-05-18,0.119968737788,2016-07-15,0.200000000000,-0.140000000000,0.004022130622,-0.020252197172
2016-04-19,3.527417393935,2.853704410991,0.118893212278,0.112847222222,-0.035579740477,0.378340150050,True,True,0.021906225980,2016-05-19,0.100691775557,2016-07-18,0.210000000000,-0.060000000000,0.003056505128,0.004658385093
2016-04-20,3.527417393935,2.853042521463,0.122457810472,0.118893212278,-0.037453183521,0.447466545492,True,True,0.017726396917,2016-05-20,0.104816955684,2016-07-19,0.190000000000,-0.090000000000,-0.002909795567,-0.001155179053
2016-04-21,3.424677081490,2.852374615502,0.127522541863,0.122457810472,-0.031839128613,0.456493855490,True,True,0.017314351674,2016-05-23,0.104270873413,2016-07-20,0.230000000000,-0.080000000000,-0.001928606899,0.021789883268
2016-04-22,3.544540779342,2.648477341766,0.102978723404,0.127522541863,-0.027151211362,0.462331406001,True,True,0.023337222870,2016-05-24,0.099183197200,2016-07-21,0.240000000000,-0.060000000000,-0.003099978335,0.022888713496
2016-04-25,5.513730101199,2.077505468663,0.104068522484,0.102978723404,-0.023275145470,0.468700482212,True,True,0.001930501931,2016-05-25,0.103088803089,2016-07-22,0.250000000000,-0.090000000000,-0.002767210964,0.011377010592
2016-04-26,6.438392913202,2.031729814764,0.100042753313,0.104068522484,-0.020553691275,0.487807710846,True,True,-0.000770712909,2016-05-26,0.089017341040,2016-07-25,0.260000000000,-0.080000000000,-0.003126424454,0.012593467139
2016-04-27,6.489763069424,1.891337119716,0.093316519546,0.100042753313,-0.005104210974,0.487807710846,True,True,-0.004250386399,2016-05-27,0.096599690881,2016-07-26,0.270000000000,-0.060000000000,-0.002112030441,0.021201413428
2016-04-28,6.455516298609,1.585900447344,0.100210526316,0.093316519546,0.016666666667,0.487807710846,True,True,-0.031890660592,2016-05-30,0.075170842825,2016-07-27,0.190000000000,-0.010000000000,0.001924814393,0.016731517510
2016-04-29,6.258312683845,1.552745099979,0.126641253706,0.100210526316,0.020627417275,0.487807710846,True,True,-0.048518518519,2016-05-31,0.064074074074,2016-07-28,0.120000000000,-0.060000000000,0.001336418445,0.043956043956
2016-05-03,6.192087152799,1.582270638905,0.143461701227,0.126641253706,0.026075619296,0.487807710846,True,True,-0.036194029851,2016-06-01,0.071268656716,2016-07-29,0.120000000000,-0.040000000000,0.003416208156,0.053822152886
2016-05-04,5.976854176899,1.575812578729,0.123373898447,0.143461701227,0.035949145112,0.487807710846,True,True,-0.038863976084,2016-06-02,0.076606875934,2016-08-01,0.170000000000,0.000000000000,0.005147004856,0.048981191223
2016-05-05,5.382290429615,1.364102048097,0.119715362076,0.123373898447,0.044259421560,0.487807710846,True,True,-0.038145100972,2016-06-03,0.078534031414,2016-08-02,0.160000000000,0.020000000000,0.004900211011,0.047376664056
2016-05-06,5.146223909473,1.353811253099,0.117132138391,0.119715362076,0.061777777778,0.492163136836,True,True,-0.022710349963,2016-06-06,0.082278481013,2016-08-03,0.130000000000,-0.040000000000,0.005579115765,0.049745397571
2016-05-09,5.113660576044,1.336187411918,0.102850061958,0.117132138391,0.066222222222,0.509584840795,True,True,-0.007933509634,2016-06-07,0.094068757083,2016-08-04,0.180000000000,0.060000000000,0.004704590715,0.038910505837
2016-05-10,4.901983669392,1.285619673011,0.084047327621,0.102850061958,0.076478434860,0.527006544753,True,True,-0.013138138138,2016-06-08,0.089339339339,2016-08-05,0.180000000000,0.040000000000,0.009728390679,0.024681835712
2016-05-11,4.727541905277,1.135523397063,0.047899489596,0.084047327621,0.092732946946,0.544428248712,True,True,0.007105459985,2016-06-13,0.072924457741,2016-08-08,0.150000000000,-0.020000000000,0.010609035809,0.023782125048
2016-05-12,3.724846103080,1.069078629258,0.058917197452,0.047899489596,0.142152466368,0.562352434709,True,True,0.023693117713,2016-06-14,0.075216246709,2016-08-09,0.140000000000,-0.080000000000,0.008547483919,0.029411764706
2016-05-13,3.007599644528,1.101138133275,0.058823529412,0.058917197452,0.111504424779,0.578972079364,True,True,0.016778523490,2016-06-15,0.072334079045,2016-08-10,0.150000000000,-0.060000000000,0.009767325301,0.046429964885
2016-05-16,2.979525076118,1.186124143250,0.062278281435,0.058823529412,0.137915543576,0.589484664477,True,True,0.022304832714,2016-06-16,0.067657992565,2016-08-11,0.130000000000,-0.110000000000,0.009470222140,0.051912568306
2016-05-17,2.583063629744,1.360815286241,0.041958041958,0.062278281435,0.146925858951,0.616099186269,True,True,0.011160714286,2016-06-17,0.066220238095,2016-08-12,0.150000000000,-0.050000000000,0.010130328601,0.046021840874
2016-05-18,1.846850808346,1.397004222891,0.049315068493,0.041958041958,0.158937415579,0.701487453269,True,True,0.022940955246,2016-06-20,0.077096652877,2016-08-15,0.150000000000,-0.060000000000,0.009840145821,0.035935085008
2016-05-19,1.859720848822,1.409447552657,0.032459913962,0.049315068493,0.143688451209,0.836942813758,True,True,0.030291556229,2016-06-21,0.085952290799,2016-08-16,0.260000000000,0.070000000000,0.016783050279,0.017733230532
2016-05-20,1.622709523527,1.355431021596,0.023670935196,0.032459913962,0.155967450271,0.877630155146,True,True,0.018532526475,2016-06-22,0.085476550681,2016-08-17,0.290000000000,0.060000000000,0.012308309420,0.004569687738
2016-05-23,1.516167811534,1.191799201740,0.008033664881,0.023670935196,0.165009041591,1.149079895663,True,True,0.016723679209,2016-06-23,0.095020904599,2016-08-18,0.290000000000,0.050000000000,0.011385749087,0.016589506173
2016-05-24,1.308171851382,0.895116665738,0.004211332312,0.008033664881,0.174303683738,1.541168530046,True,False,0.041618497110,2016-06-24,0.106743737958,2016-08-19,0.300000000000,0.050000000000,0.008465296205,0.017455391777
2016-05-25,1.183059368808,0.816487730276,-0.002319288751,0.004211332312,0.178168696437,1.541168530046,False,False,0.090242961820,2016-06-27,0.102583879676,2016-08-22,0.310000000000,0.050000000000,0.009110512709,0.003109211038
2016-05-26,1.178709091744,0.636967604926,-0.013328255903,-0.002319288751,0.172710788758,1.541168530046,False,False,0.097400077610,2016-06-28,0.110205665503,2016-08-23,0.290000000000,0.020000000000,0.009500804163,-0.003844675125
2016-05-27,1.153485802708,0.522076899688,-0.005780346821,-0.013328255903,0.202931745305,1.541168530046,False,False,0.105882352941,2016-06-29,0.121568627451,2016-08-24,0.250000000000,0.060000000000,0.008360970045,-0.012629161883
2016-05-30,0.849057716271,0.392544247501,-0.024073366450,-0.005780346821,0.171028880866,1.541168530046,False,False,0.098481899572,2016-06-30,0.103542234332,2016-08-25,0.270000000000,0.150000000000,0.014378743300,-0.039849624060
2016-05-31,0.825472779708,0.380709029069,-0.028291210864,-0.024073366450,0.185235507246,1.541168530046,False,False,0.099109562524,2016-07-01,0.096012388695,2016-08-26,0.270000000000,0.150000000000,0.015969988538,-0.046632124352
2016-06-01,0.756430605687,0.296342062259,-0.026425066063,-0.028291210864,0.214940421632,1.541168530046,False,False,0.129082426128,2016-07-04,0.100311041991,2016-08-29,0.300000000000,0.130000000000,0.012481101178,-0.036608143444
2016-06-02,0.603329407454,0.291385785776,-0.030428249437,-0.026425066063,0.204090909091,1.541168530046,False,False,0.127527216174,2016-07-05,0.104587869362,2016-08-30,0.310000000000,0.150000000000,0.010646418754,-0.035140186916
2016-06-03,0.573549902778,0.284500943710,-0.022779043280,-0.030428249437,0.188392857143,1.541168530046,False,False,0.122285714286,2016-07-06,0.077714285714,2016-08-31,0.270000000000,0.140000000000,0.010639921760,-0.039552238806
2016-06-06,0.547445860922,0.258608057196,0.001145912911,-0.022779043280,0.183820224719,1.541168530046,True,False,0.121858339680,2016-07-07,0.073495811120,2016-09-01,0.190000000000,0.010000000000,0.003898297411,-0.018352059925
2016-06-07,0.430712058585,0.208423264112,-0.009807619766,0.001145912911,0.173464813985,1.541168530046,False,False,0.107265119817,2016-07-08,0.073411943705,2016-09-02,0.190000000000,0.010000000000,0.003774836614,-0.012043658261
2016-06-08,0.399508706729,0.166998268964,0.008384146341,-0.009807619766,0.188789237668,1.541168530046,True,False,0.093575937616,2016-07-11,0.055699962867,2016-09-05,0.150000000000,0.000000000000,0.005975935614,-0.008617459723
2016-06-13,0.364019618953,0.125132083866,0.059097978227,0.008384146341,0.176681614350,1.541168530046,True,False,0.075679647318,2016-07-12,0.047024246877,2016-09-06,0.120000000000,-0.020000000000,0.005723047983,0.024060150376
2016-06-14,0.377188067982,0.099659300324,0.048629872636,0.059097978227,0.147190008921,1.541168530046,True,False,0.049871653832,2016-07-13,0.059405940594,2016-09-07,0.150000000000,0.000000000000,0.007459096386,0.013049962714
2016-06-15,0.398284720471,0.119589426598,0.043179212839,0.048629872636,0.164494382022,1.541168530046,True,False,0.054545454545,2016-07-14,0.048727272727,2016-09-08,0.170000000000,0.040000000000,0.008149857887,0.012987012987
2016-06-16,0.452854066226,0.127338731246,0.061138708445,0.043179212839,0.175123484508,1.541168530046,True,False,0.054451802796,2016-07-15,0.057395143488,2016-09-09,0.130000000000,-0.020000000000,0.006988127664,0.035421327368
2016-06-17,0.515564759581,0.135795879333,0.053959627329,0.061138708445,0.174596050269,1.541168530046,True,False,0.052941176471,2016-07-18,0.049632352941,2016-09-12,0.150000000000,0.000000000000,0.007508624152,0.012681835136
2016-06-20,0.566354520056,0.153775577002,0.046207162110,0.053959627329,0.161930536761,1.541168530046,True,False,0.053656743844,2016-07-19,0.049246600515,2016-09-13,0.200000000000,-0.060000000000,0.003019896189,0.029166666667
2016-06-21,0.618017479071,0.160694164278,0.055252918288,0.046207162110,0.160411081323,1.541168530046,True,False,0.065725956183,2016-07-20,0.052729298180,2016-09-14,0.240000000000,-0.050000000000,0.004191825749,0.028051554208
2016-06-22,0.578513060736,0.161390392311,0.055643251776,0.055252918288,0.142730102268,1.541168530046,True,False,0.056448598131,2016-07-21,0.056448598131,2016-09-19,0.280000000000,-0.010000000000,0.004886612754,0.015180265655
2016-06-23,0.545024311695,0.162310253657,0.051785013731,0.055643251776,0.129233511586,1.541168530046,True,False,0.056973732889,2016-07-22,0.046244913060,2016-09-20,0.250000000000,-0.050000000000,0.002950479643,0.022112085398
2016-06-24,0.570145784549,0.164112255405,0.103896103896,0.051785013731,0.135412026726,1.541168530046,True,False,-0.000353731871,2016-07-25,0.001414927485,2016-09-21,0.240000000000,-0.070000000000,0.003109438055,0.086788066641
2016-06-27,0.550964819748,0.165930077592,0.110325873577,0.103896103896,0.129333333333,1.541168530046,True,False,0.003536067893,2016-07-26,0.011315417256,2016-09-22,0.150000000000,-0.140000000000,0.010840841070,0.091470474720
2016-06-28,0.538514585906,0.165559410035,0.096108949416,0.110325873577,0.135026737968,1.541168530046,True,False,0.004255319149,2016-07-27,0.016312056738,2016-09-23,0.120000000000,-0.130000000000,0.018566237853,0.091860465116
2016-06-29,0.575590124353,0.171347508687,0.110675039246,0.096108949416,0.143238434164,1.541168530046,True,False,0.018072289157,2016-07-28,0.016654854713,2016-09-26,0.090000000000,-0.180000000000,0.016421752875,0.108065779170
2016-06-30,0.597067734017,0.191899911410,0.099063962559,0.110675039246,0.134966592428,1.541168530046,True,False,0.011271574498,2016-07-29,0.010919337795,2016-09-27,0.100000000000,-0.170000000000,0.009599496241,0.093944099379
2016-07-01,0.825071795411,0.207899000834,0.119905956113,0.099063962559,0.148745519713,1.541168530046,True,False,-0.007920110193,2016-08-01,-0.021694214876,2016-09-28,0.090000000000,-0.210000000000,0.012540567624,0.108181465684
2016-07-04,1.019761255894,0.238664769312,0.135082223962,0.119905956113,0.133718347401,1.541168530046,True,False,-0.005517241379,2016-08-02,-0.020689655172,2016-09-29,0.030000000000,-0.280000000000,0.013954847721,0.123208058892
2016-07-05,1.101635988671,0.293366404274,0.132001566784,0.135082223962,0.125110132159,1.541168530046,True,False,-0.013238289206,2016-08-03,-0.036659877800,2016-09-30,0.030000000000,-0.240000000000,0.013180564474,0.122766122766
2016-07-06,1.119830147207,0.326608325321,0.146692607004,0.132001566784,0.115334207077,1.541168530046,True,False,-0.016972165648,2016-08-04,-0.073659198914,2016-10-10,-0.030000000000,-0.220000000000,0.022911406629,0.124380007631
2016-07-07,1.189803104111,0.368337859493,0.132279213266,0.146692607004,0.098760153912,1.541168530046,True,False,-0.003091721058,2016-08-05,-0.062521470285,2016-10-11,-0.050000000000,-0.240000000000,0.019638478992,0.118476190476
2016-07-08,1.175638781443,0.393774885020,0.118527042578,0.132279213266,0.109067579127,1.541168530046,True,False,-0.025806451613,2016-08-08,-0.074023769100,2016-10-12,-0.030000000000,-0.180000000000,0.019071445681,0.102040816327
2016-07-11,1.225668379799,0.415774083232,0.138544891641,0.118527042578,0.110779718790,1.541168530046,True,False,-0.023565573770,2016-08-09,-0.068989071038,2016-10-13,-0.060000000000,-0.180000000000,0.020680542545,0.080029368576
2016-07-12,1.385450703626,0.528568030140,0.138899726883,0.138544891641,0.114754098361,1.541168530046,True,False,0.004540691582,2016-08-10,-0.046105483758,2016-10-14,0.010000000000,-0.140000000000,0.016554107829,0.074346705926
2016-07-13,1.465656903164,0.547921603210,0.128805620609,0.138899726883,0.114347826087,1.541168530046,True,False,-0.009655172414,2016-08-11,-0.061379310345,2016-10-17,0.070000000000,-0.100000000000,0.013693031479,0.059340659341
2016-07-14,1.317569216178,0.569083900556,0.120124804992,0.128805620609,0.105740181269,1.541168530046,True,False,0.000000000000,2016-08-12,-0.045010467551,2016-10-18,0.030000000000,-0.100000000000,0.014031643027,0.034209578682
2016-07-15,1.331317866008,0.584834142720,0.110896445131,0.120124804992,0.112847222222,1.541168530046,True,False,0.000000000000,2016-08-15,-0.041899441341,2016-10-19,0.080000000000,-0.070000000000,0.014572635063,0.058931860037
2016-07-18,1.346446478122,0.628209150671,0.104471858134,0.110896445131,0.118893212278,1.541168530046,True,False,0.000348796652,2016-08-16,-0.038367631671,2016-10-20,0.110000000000,-0.090000000000,0.017522090220,0.054471843946
2016-07-19,1.389320677658,0.655712794493,0.092916984006,0.104471858134,0.122457810472,1.541168530046,True,False,0.000000000000,2016-08-17,-0.040418118467,2016-10-21,0.100000000000,-0.140000000000,0.018262019689,0.058259587021
2016-07-20,1.356444808396,0.687507467754,0.102623456790,0.092916984006,0.127522541863,1.541168530046,True,False,0.019462137297,2016-08-18,-0.024769992923,2016-10-24,0.120000000000,-0.160000000000,0.017911332798,0.068411214953
2016-07-21,0.644059449754,0.699358000789,0.097750193949,0.102623456790,0.102978723404,1.541168530046,True,False,0.005250262513,2016-08-19,-0.033251662583,2016-10-25,0.130000000000,-0.120000000000,0.014746227970,0.055576277508
2016-07-22,0.439687261884,0.721374316202,0.105324523902,0.097750193949,0.104068522484,1.541168530046,True,False,0.011677282378,2016-08-22,-0.014861995754,2016-10-26,0.050000000000,-0.190000000000,0.013834079117,0.013903743316
2016-07-25,0.429812856129,0.735185188748,0.088043060361,0.105324523902,0.100042753313,1.541168530046,True,False,0.008104298802,2016-08-23,-0.023960535588,2016-10-27,0.060000000000,-0.090000000000,0.006927466898,0.000707213579
2016-07-26,0.438677414391,0.743948607278,0.084577114428,0.088043060361,0.093316519546,1.541168530046,True,False,0.009887005650,2016-08-24,-0.019067796610,2016-10-28,0.080000000000,-0.040000000000,0.001059103991,0.006034788782
2016-07-27,0.435675513744,0.757000253868,0.066165413534,0.084577114428,0.100210526316,1.541168530046,True,False,-0.013226592412,2016-08-25,-0.029933867038,2016-10-31,0.070000000000,-0.020000000000,-0.000888398326,0.002120141343
2016-07-28,0.478821730219,0.750455359422,0.064396743153,0.066165413534,0.126641253706,1.541168530046,True,False,-0.013932427726,2016-08-26,-0.027168234065,2016-11-01,0.030000000000,-0.070000000000,0.002572247233,0.020581973031
2016-07-29,0.538681014619,0.774222552523,0.067986552111,0.064396743153,0.143461701227,1.541168530046,True,False,-0.017702186741,2016-08-29,-0.021867407150,2016-11-02,0.000000000000,-0.090000000000,-0.001171871486,0.000349895031
2016-08-01,0.553426412256,0.796829898702,0.075514018692,0.067986552111,0.123373898447,1.541168530046,True,False,-0.014909847434,2016-08-30,-0.017683772538,2016-11-03,-0.030000000000,-0.060000000000,-0.007338457726,-0.007588823732
2016-08-02,0.542341057993,0.812215093210,0.080223880597,0.075514018692,0.119715362076,1.541168530046,True,False,-0.026831785346,2016-08-31,-0.026831785346,2016-11-04,0.050000000000,0.020000000000,-0.004204022437,0.001730103806
2016-08-03,0.508829390357,0.773273615079,0.090636704120,0.080223880597,0.117132138391,1.541168530046,True,False,-0.026588397790,2016-09-01,-0.031077348066,2016-11-07,0.110000000000,0.140000000000,-0.008469674619,-0.011876484561
2016-08-04,0.541054058736,0.775543211677,0.084305607828,0.090636704120,0.102850061958,1.541168530046,True,False,-0.027567195038,2016-09-02,-0.042729152309,2016-11-08,0.090000000000,0.140000000000,-0.007737848099,-0.018732970027
2016-08-05,0.544719746844,0.789272927201,0.093293368303,0.084305607828,0.084047327621,1.541168530046,True,False,-0.009062391077,2016-09-05,-0.028929940746,2016-11-09,0.040000000000,0.070000000000,-0.007973077339,0.000685871056
2016-08-08,0.537405727119,0.761368650120,0.074060150376,0.093293368303,0.047899489596,1.541168530046,True,False,-0.003147953830,2016-09-06,-0.020986358867,2016-11-10,0.090000000000,0.150000000000,-0.005181219571,-0.028891910265
2016-08-09,0.539773153230,0.739317689051,0.064504101417,0.074060150376,0.058917197452,1.541168530046,True,False,0.004520166898,2016-09-07,-0.033727399166,2016-11-11,0.080000000000,0.070000000000,-0.005693621146,-0.021925316889
2016-08-10,0.517080421994,0.637032720179,0.074582560297,0.064504101417,0.058823529412,1.541168530046,True,False,0.004178272981,2016-09-08,-0.068593314763,2016-11-14,0.060000000000,-0.010000000000,-0.005195065062,0.001383125864
2016-08-11,0.523876158149,0.514914405183,0.070469798658,0.074582560297,0.062278281435,1.541168530046,True,False,0.002791346825,2016-09-09,-0.053733426378,2016-11-15,0.060000000000,0.030000000000,-0.006757630650,-0.000348189415
2016-08-12,0.485985899628,0.497346442575,0.070496083551,0.070469798658,0.041958041958,1.541168530046,True,False,-0.003142458101,2016-09-12,-0.052025139665,2016-11-16,0.100000000000,0.020000000000,-0.007672042051,-0.001739130435
2016-08-15,0.483798742723,0.492032030199,0.084848484848,0.070496083551,0.049315068493,1.541168530046,True,False,-0.004532775453,2016-09-13,-0.050906555091,2016-11-17,0.070000000000,-0.040000000000,-0.008686162109,-0.000349040140
2016-08-16,0.443813178701,0.493408068209,0.089840788476,0.084848484848,0.032459913962,1.541168530046,True,False,-0.012195121951,2016-09-14,-0.059233449477,2016-11-18,0.100000000000,0.000000000000,-0.009196032739,0.001742160279
2016-08-17,0.425343690255,0.492160978958,0.085768500949,0.089840788476,0.023670935196,1.541168530046,True,False,-0.019090593544,2016-09-19,-0.064213814648,2016-11-21,0.130000000000,0.010000000000,-0.012243043218,0.001049685094
2016-08-18,0.416666977798,0.492443525664,0.096454441479,0.085768500949,0.008033664881,1.541168530046,True,False,-0.015320334262,2016-09-20,-0.052924791086,2016-11-22,0.090000000000,-0.040000000000,-0.006363384521,0.016254416961
2016-08-19,0.365745142540,0.484374349477,0.114684230918,0.096454441479,0.004211332312,1.541168530046,True,False,-0.009793634138,2016-09-21,-0.050367261280,2016-11-23,0.060000000000,0.010000000000,-0.006727552112,0.011603375527
2016-08-22,0.325043866379,0.481090353203,0.101891161714,0.114684230918,-0.002319288751,1.541168530046,True,False,-0.000349528137,2016-09-22,-0.061167423978,2016-11-24,0.100000000000,0.040000000000,-0.004102445156,0.008833922261
2016-08-23,0.317009413358,0.482759261467,0.108527131783,0.101891161714,-0.013328255903,1.541168530046,True,False,0.002097902098,2016-09-23,-0.066083916084,2016-11-25,0.080000000000,0.000000000000,-0.003726494448,0.009174311927
2016-08-24,0.269983184512,0.479174217291,0.120203602193,0.108527131783,-0.005780346821,1.541168530046,True,False,0.011992945326,2016-09-26,-0.052204585538,2016-11-28,0.070000000000,0.000000000000,-0.003368137420,0.008815232722
2016-08-25,0.264858071245,0.477202850574,0.101319875776,0.120203602193,-0.024073366450,1.541168530046,True,False,0.013776050865,2016-09-27,-0.053338043094,2016-11-29,0.080000000000,0.050000000000,0.000167895149,-0.013560500695
2016-08-26,0.258398118287,0.477379211416,0.101589763474,0.101319875776,-0.028291210864,1.541168530046,True,False,0.003886925795,2016-09-28,-0.058657243816,2016-11-30,0.090000000000,0.090000000000,0.001102686456,-0.006295907660
2016-08-29,0.298443121715,0.471418920594,0.096474234793,0.101589763474,-0.026425066063,1.541168530046,True,False,-0.000351988736,2016-09-29,-0.076029567054,2016-12-01,0.150000000000,0.180000000000,0.009676438889,-0.016336461592
2016-08-30,0.300171741118,0.461882535978,0.101787101787,0.096474234793,-0.030428249437,1.541168530046,True,False,0.003181336161,2016-09-30,-0.065747613998,2016-12-02,0.110000000000,0.060000000000,0.006469570451,-0.020379965458
2016-08-31,0.353773837746,0.447901012153,0.077069820679,0.101787101787,-0.022779043280,1.541168530046,True,False,-0.031926214970,2016-10-10,-0.063497694218,2016-12-05,0.110000000000,0.000000000000,0.008958045057,-0.030563186813
2016-09-01,0.451571008996,0.447669435983,0.072380952381,0.077069820679,0.001145912911,1.541168530046,True,False,-0.032955350815,2016-10-11,-0.067328136074,2016-12-06,0.110000000000,0.020000000000,0.007126891787,-0.022908712253
2016-09-02,0.491875634516,0.450267121306,0.066137566138,0.072380952381,-0.009807619766,1.541168530046,True,False,-0.040801969750,2016-10-12,-0.077383046078,2016-12-07,0.120000000000,0.080000000000,0.005814434541,-0.033241946539
2016-09-05,0.518306512503,0.457991448767,0.046622613803,0.066137566138,0.008384146341,1.541168530046,True,False,-0.043508771930,2016-10-13,-0.074385964912,2016-12-08,0.130000000000,0.040000000000,0.004774687406,-0.002100105005
2016-09-06,0.488606842395,0.449105015691,0.049687154950,0.046622613803,0.059097978227,1.541168530046,True,False,-0.054690204223,2016-10-14,-0.085496711665,2016-12-09,0.130000000000,0.050000000000,0.003611510640,-0.001050788091
2016-09-07,0.486415780321,0.430481336087,0.058974358974,0.049687154950,0.048629872636,1.541168530046,True,False,-0.056171983356,2016-10-17,-0.084604715673,2016-12-12,0.060000000000,0.000000000000,0.001913854052,-0.001726519337
2016-09-08,0.409906354901,0.427454073715,0.040331292762,0.058974358974,0.043179212839,1.541168530046,True,False,-0.047668754349,2016-10-18,-0.083507306889,2016-12-13,0.030000000000,-0.030000000000,0.004215090022,0.006269592476
2016-09-09,0.376551402476,0.418554523929,0.057826887661,0.040331292762,0.061138708445,1.541168530046,True,False,-0.038879159370,2016-10-19,-0.076707530648,2016-12-14,0.090000000000,-0.010000000000,0.005656062616,0.000696864111
2016-09-12,0.519897675009,0.399654811420,0.049687154950,0.057826887661,0.053959627329,1.541168530046,True,False,-0.034325744308,2016-10-20,-0.081611208406,2016-12-15,0.170000000000,0.100000000000,0.006389094503,-0.004189944134
2016-09-13,0.539491108827,0.393597188400,0.053466076696,0.049687154950,0.046207162110,1.541168530046,True,False,-0.028571428571,2016-10-21,-0.081834215168,2016-12-16,0.170000000000,0.070000000000,0.005641788193,-0.006260869565
2016-09-14,0.645724727839,0.393200247112,0.062803738318,0.053466076696,0.055252918288,1.541168530046,True,False,-0.024769992923,2016-10-24,-0.075017692852,2016-12-19,0.240000000000,0.110000000000,0.009178255754,-0.006291506466
2016-09-19,0.663891808276,0.398529726686,0.054084296904,0.062803738318,0.055643251776,1.541168530046,True,False,-0.023338048091,2016-10-25,-0.076379066478,2016-12-20,0.210000000000,0.120000000000,0.004775033889,-0.017385257302
2016-09-20,0.675616692794,0.405095721228,0.009269162210,0.054084296904,0.051785013731,1.541168530046,True,False,-0.016601907453,2016-10-26,-0.088308018368,2016-12-21,0.200000000000,0.140000000000,0.005135628232,-0.015988877303
2016-09-21,0.706039598904,0.410381059521,0.003536067893,0.009269162210,0.103896103896,1.541168530046,True,False,-0.031468531469,2016-10-27,-0.094755244755,2016-12-22,0.200000000000,0.100000000000,0.004066753967,-0.005954465849
2016-09-22,0.728844135906,0.414402050562,0.014909478168,0.003536067893,0.110325873577,1.541168530046,True,False,-0.030704815073,2016-10-28,-0.098394975576,2016-12-23,0.150000000000,0.070000000000,0.000924601453,-0.000349650350
2016-09-23,0.719630809588,0.408229915088,0.011307420495,0.014909478168,0.096108949416,1.541168530046,True,False,-0.028581387243,2016-10-31,-0.098640641338,2016-12-26,0.080000000000,0.010000000000,0.003657391761,0.000349528137
2016-09-26,0.717097155733,0.390475167048,0.015968772179,0.011307420495,0.110675039246,1.541168530046,True,False,-0.026829268293,2016-11-01,-0.096864111498,2016-12-27,0.050000000000,-0.030000000000,0.001204295596,0.009164610504
2016-09-27,0.531626265442,0.372517903044,0.000000000000,0.015968772179,0.099063962559,1.541168530046,False,False,-0.008095740936,2016-11-02,-0.085533262936,2016-12-28,0.050000000000,-0.040000000000,0.002292921037,0.005983808518
2016-09-28,0.373864648186,0.338999256809,-0.021386685064,0.000000000000,0.119905956113,1.541168530046,False,False,-0.002464788732,2016-11-03,-0.080281690141,2016-12-29,0.040000000000,-0.110000000000,-0.001477518635,0.002473498233
2016-09-29,0.331417163464,0.284836456837,-0.020069204152,-0.021386685064,0.135082223962,1.541168530046,False,False,-0.003171247357,2016-11-04,-0.069767441860,2016-12-30,0.010000000000,-0.100000000000,-0.001083788026,-0.001410437236
2016-09-30,0.323014985989,0.254216929960,-0.035290125551,-0.020069204152,0.132001566784,1.541168530046,False,False,0.028215463540,2016-11-07,-0.034444851594,2017-01-03,0.020000000000,-0.090000000000,-0.003644477112,0.007084661707
2016-10-10,0.268434814810,0.217343044424,-0.067779291553,-0.035290125551,0.146692607004,1.541168530046,False,False,0.017955294980,2016-11-08,-0.035544155368,2017-01-04,0.000000000000,-0.110000000000,-0.002527947154,-0.027708703375
2016-10-11,0.310872564492,0.274166291934,-0.063443072702,-0.067779291553,0.132279213266,1.541168530046,False,False,0.021635496883,2016-11-09,-0.031903190319,2017-01-05,0.000000000000,-0.120000000000,0.004666537041,-0.031903580291
2016-10-12,0.322319577972,0.283948360295,-0.073759347383,-0.063443072702,0.118527042578,1.541168530046,False,False,0.026779163610,2016-11-10,-0.032648569332,2017-01-06,0.130000000000,0.000000000000,0.004585536339,-0.044195019291
2016-10-13,0.329331780949,0.210672801764,-0.063377869133,-0.073759347383,0.138544891641,1.541168530046,False,False,0.017575979495,2016-11-11,-0.034053460271,2017-01-09,0.150000000000,0.020000000000,0.005051071111,-0.041374474053
2016-10-14,0.361192290893,0.213789785247,-0.058091286307,-0.063377869133,0.138899726883,1.541168530046,False,False,-0.017266715650,2016-11-14,-0.024246877296,2017-01-10,0.120000000000,0.060000000000,0.008807886497,-0.057765479073
2016-10-17,0.370910469123,0.204473931131,-0.048050139276,-0.058091286307,0.128805620609,1.541168530046,False,False,-0.009134088418,2016-11-15,-0.026306174644,2017-01-11,0.130000000000,0.100000000000,0.010099988007,-0.053651782624
2016-10-18,0.405581011022,0.214744954968,-0.046956521739,-0.048050139276,0.120124804992,1.541168530046,False,False,-0.010568513120,2016-11-16,-0.028790087464,2017-01-12,0.090000000000,0.000000000000,0.010035179641,-0.045961002786
2016-10-19,0.399742316646,0.193418966540,-0.043630017452,-0.046956521739,0.110896445131,1.541168530046,False,False,-0.012694958288,2016-11-17,-0.035908596300,2017-01-13,0.090000000000,-0.080000000000,0.007151993680,-0.039270687237
2016-10-20,0.424360449390,0.180700502313,-0.037979094077,-0.043630017452,0.104471858134,1.541168530046,False,False,-0.019607843137,2016-11-18,-0.031590413943,2017-01-16,0.080000000000,-0.090000000000,0.008089486958,-0.033601680084
2016-10-21,0.404541309317,0.164368874098,-0.037438768369,-0.037979094077,0.092916984006,1.541168530046,False,False,-0.021770682148,2016-11-21,-0.025761973875,2017-01-17,0.080000000000,-0.160000000000,0.008795856905,-0.032360182905
2016-10-24,0.402942331810,0.161196814863,-0.024734982332,-0.037438768369,0.102623456790,1.541168530046,False,False,-0.015206372194,2016-11-22,-0.023533671253,2017-01-18,0.070000000000,-0.140000000000,0.015452421092,-0.023354564756
2016-10-25,0.399744376796,0.151137297737,-0.026019690577,-0.024734982332,0.097750193949,1.541168530046,False,False,-0.024784482759,2016-11-23,-0.041307471264,2017-01-19,0.110000000000,-0.090000000000,0.017414823527,-0.021547156482
2016-10-26,0.402942331810,0.157030997060,-0.016607773852,-0.026019690577,0.105324523902,1.541168530046,False,False,-0.030324909747,2016-11-24,-0.037184115523,2017-01-20,0.070000000000,-0.130000000000,0.013961614726,-0.019379844961
2016-10-27,0.397509790075,0.158415600702,-0.021877205363,-0.016607773852,0.088043060361,1.541168530046,False,False,-0.038516918647,2016-11-25,-0.033117350612,2017-01-23,0.080000000000,-0.070000000000,0.017419235839,-0.030430220357
2016-10-28,0.398792711997,0.155381065514,-0.021509167842,-0.021877205363,0.084577114428,1.541168530046,False,False,-0.035880875493,2016-11-28,-0.036957301758,2017-01-24,0.130000000000,0.050000000000,0.016970712800,-0.030398322851
2016-10-31,0.370485870945,0.152135322039,-0.030598052851,-0.021509167842,0.066165413534,1.541168530046,False,False,-0.040458288579,2016-11-29,-0.046544933763,2017-01-25,0.130000000000,0.080000000000,0.015483567703,-0.026196297590
2016-11-01,0.359346267400,0.180544688812,-0.020986358867,-0.030598052851,0.064396743153,1.541168530046,False,False,-0.054648687012,2016-11-30,-0.061391057488,2017-01-26,0.110000000000,0.060000000000,0.014069429233,-0.020643806858
2016-11-02,0.351634974108,0.211705411583,-0.018421967327,-0.020986358867,0.067986552111,1.541168530046,False,False,-0.073420402400,2016-12-01,-0.054712319096,2017-02-03,0.110000000000,0.070000000000,0.013403373697,-0.004582305252
2016-11-03,0.348550456791,0.219671642495,-0.024870466321,-0.018421967327,0.075514018692,1.541168530046,False,False,-0.065747613998,2016-12-02,-0.047013078826,2017-02-06,0.110000000000,0.100000000000,0.012884881589,-0.003177966102
2016-11-04,0.289498146750,0.215026846262,-0.037087912088,-0.024870466321,0.080223880597,1.541168530046,False,False,-0.059158945118,2016-12-05,-0.033499643621,2017-02-07,0.140000000000,0.120000000000,0.015077305772,-0.013717903623
2016-11-07,0.266399890360,0.208262890166,-0.030892051371,-0.037087912088,0.090636704120,1.541168530046,False,False,-0.052555795536,2016-12-06,-0.018718502520,2017-02-08,0.110000000000,0.110000000000,0.014629282388,0.020094994520
2016-11-08,0.221743261340,0.200421682968,-0.041124057574,-0.030892051371,0.084305607828,1.541168530046,False,False,-0.058506819813,2016-12-07,-0.017229002154,2017-02-09,0.120000000000,0.120000000000,0.011411174465,0.024533138045
2016-11-09,0.166307446005,0.194370912240,0.002800140007,-0.041124057574,0.093293368303,1.541168530046,True,False,-0.057520543051,2016-12-08,-0.032154340836,2017-02-10,0.150000000000,0.020000000000,0.010269061295,0.051376146789
2016-11-10,0.127613841541,0.188813345884,-0.014711033275,0.002800140007,0.074060150376,1.541168530046,False,False,-0.049298308744,2016-12-09,-0.019431450162,2017-02-13,0.250000000000,0.100000000000,0.016147618375,0.028895391368
2016-11-11,0.228254281439,0.180770555289,-0.043853591160,-0.014711033275,0.064504101417,1.541168530046,False,False,-0.013084112150,2016-12-12,0.014205607477,2017-02-14,0.270000000000,0.150000000000,0.014669955699,0.016519823789
2016-11-14,0.209917964668,0.170933747604,-0.065482410310,-0.043853591160,0.074582560297,1.541168530046,False,False,-0.028761061947,2016-12-13,0.000000000000,2017-02-15,0.270000000000,0.140000000000,0.012556812490,-0.018653986832
2016-11-15,0.237298568755,0.160132996593,-0.056097560976,-0.065482410310,0.070469798658,1.541168530046,False,False,-0.029097605893,2016-12-14,0.004419889503,2017-02-16,0.400000000000,0.310000000000,0.015883273171,-0.011313868613
2016-11-16,0.254777198856,0.151102659303,-0.049581005587,-0.056097560976,0.070496083551,1.541168530046,False,False,-0.036737692873,2016-12-15,0.004408523145,2017-02-17,0.410000000000,0.320000000000,0.019249176110,-0.006569343066
2016-11-17,0.389158282434,0.141744068775,-0.055304347826,-0.049581005587,0.084848484848,1.541168530046,False,False,-0.035925925926,2016-12-16,0.011111111111,2017-02-20,0.390000000000,0.310000000000,0.022166990637,-0.016298442593
2016-11-18,0.453839215542,0.135972741221,-0.060817895841,-0.055304347826,0.089840788476,1.541168530046,False,False,-0.030415430267,2016-12-19,0.012611275964,2017-02-21,0.420000000000,0.340000000000,0.023049855545,-0.023264267539
2016-11-21,0.504427843363,0.131672121901,-0.058066759388,-0.060817895841,0.085768500949,1.541168530046,False,False,-0.039705882353,2016-12-20,0.006985294118,2017-02-22,0.440000000000,0.370000000000,0.020219297177,-0.018478260870
2016-11-22,0.605813523739,0.128682313882,-0.056308654849,-0.058066759388,0.096454441479,1.541168530046,False,False,-0.049355432781,2016-12-21,0.008839779006,2017-02-23,0.420000000000,0.310000000000,0.018020568395,-0.019855595668
2016-11-23,0.625617728909,0.126543782066,-0.048336252189,-0.056308654849,0.114684230918,1.541168530046,False,False,-0.036113179449,2016-12-22,0.028667163068,2017-02-24,0.410000000000,0.340000000000,0.020301687909,-0.023715415020
2016-11-24,0.678951238906,0.126760151517,-0.061538461538,-0.048336252189,0.101891161714,1.541168530046,False,False,-0.032572070386,2016-12-23,0.041183077499,2017-02-27,0.440000000000,0.360000000000,0.024901800388,-0.031746031746
2016-11-25,0.711416533543,0.125390438076,-0.069556099266,-0.061538461538,0.108527131783,1.541168530046,False,False,-0.037588388537,2016-12-26,0.032378116859,2017-02-28,0.440000000000,0.310000000000,0.022268412920,-0.040720720721
2016-11-28,0.783112463462,0.123389763585,-0.056045118082,-0.069556099266,0.120203602193,1.541168530046,False,False,-0.032835820896,2016-12-27,0.026865671642,2017-03-01,0.470000000000,0.340000000000,0.023940743711,-0.039454806313
2016-11-29,0.797399496577,0.118873483936,-0.061598028863,-0.056045118082,0.101319875776,1.541168530046,False,False,-0.024774774775,2016-12-28,0.037162162162,2017-03-02,0.470000000000,0.360000000000,0.021899102568,-0.047516970347
2016-11-30,0.722851833695,0.115964753033,-0.062897526502,-0.061598028863,0.101589763474,1.541168530046,False,False,-0.004952380952,2016-12-29,0.042285714286,2017-03-03,0.440000000000,0.330000000000,0.020624949250,-0.060906515581
2016-12-01,0.707454214740,0.113631324553,-0.069111424542,-0.062897526502,0.096474234793,1.541168530046,False,False,-0.001135073780,2016-12-30,0.037835792660,2017-03-06,0.430000000000,0.320000000000,0.022088101236,-0.064824654623
2016-12-02,0.654102340884,0.110697651781,-0.065533120793,-0.069111424542,0.101787101787,1.541168530046,False,False,-0.001893939394,2017-01-03,0.035227272727,2017-03-07,0.480000000000,0.340000000000,0.016269193557,-0.059201141227
2016-12-05,0.595131046554,0.106431761356,-0.066074600355,-0.065533120793,0.077069820679,1.541168530046,False,False,0.000000000000,2017-01-04,0.032674772036,2017-03-08,0.490000000000,0.380000000000,0.014800813653,-0.058381088825
2016-12-06,0.569620532637,0.103181162780,-0.069124423963,-0.066074600355,0.072380952381,1.541168530046,False,False,0.006481128479,2017-01-05,0.033168128098,2017-03-09,0.450000000000,0.330000000000,0.010009935603,-0.061472480343
2016-12-07,0.572341938961,0.096276904561,-0.080673447913,-0.069124423963,0.066137566138,1.541168530046,False,False,-0.000379075057,2017-01-06,0.021607278241,2017-03-10,0.440000000000,0.290000000000,0.013231735571,-0.085165794066
2016-12-08,0.591698847855,0.091557910179,-0.072931276297,-0.080673447913,0.046622613803,1.541168530046,False,False,-0.001514004542,2017-01-09,0.022710068130,2017-03-13,0.420000000000,0.170000000000,0.009016615331,-0.060078208319
2016-12-09,0.602889447174,0.085394993550,-0.085783465929,-0.072931276297,0.049687154950,1.541168530046,False,False,0.006060606061,2017-01-10,0.025000000000,2017-03-14,0.450000000000,0.180000000000,0.011536429327,-0.045503791983
2016-12-12,0.661720503594,0.080453759202,-0.089650398062,-0.085783465929,0.058974358974,1.541168530046,False,False,0.011769172361,2017-01-11,0.028094153379,2017-03-15,0.510000000000,0.240000000000,0.015172689745,-0.019754006709
2016-12-13,0.728940383867,0.079106615543,-0.083565459610,-0.089650398062,0.040331292762,1.541168530046,False,False,0.011001517451,2017-01-12,0.042488619120,2017-03-16,0.510000000000,0.110000000000,0.010336727846,-0.028423772610
2016-12-14,0.575732252127,0.076471552051,-0.070827489481,-0.083565459610,0.057826887661,1.541168530046,False,False,0.013729977117,2017-01-13,0.048054919908,2017-03-17,0.530000000000,0.120000000000,0.006875441899,-0.026451138868
2016-12-15,0.594337255554,0.074008525782,-0.084704235212,-0.070827489481,0.049687154950,1.541168530046,False,False,0.024587014983,2017-01-16,0.059930849020,2017-03-20,0.600000000000,0.210000000000,0.005437898933,-0.037187039764
2016-12-16,0.501060666782,0.073904130277,-0.084769609567,-0.084704235212,0.053466076696,1.541168530046,False,False,0.027161438409,2017-01-17,0.057383320581,2017-03-21,0.700000000000,0.280000000000,0.003978957506,-0.031633792333
2016-12-19,0.478009164257,0.068262711320,-0.074663835810,-0.084769609567,0.062803738318,1.541168530046,False,False,0.032542113323,2017-01-18,0.059724349158,2017-03-22,0.740000000000,0.300000000000,0.008560688156,-0.034699150978
2016-12-20,0.428158842553,0.060920736778,-0.081243376899,-0.074663835810,0.054084296904,1.541168530046,False,False,0.034095311895,2017-01-19,0.074777218133,2017-03-23,0.680000000000,0.260000000000,0.004066930554,-0.041988950276
2016-12-21,0.408641509909,0.054590573369,-0.085623678647,-0.081243376899,0.009269162210,1.541168530046,False,False,0.030127462341,2017-01-20,0.070297412128,2017-03-24,0.670000000000,0.260000000000,0.003760975539,-0.044902465955
2016-12-22,0.344695175421,0.052954372587,-0.098635886674,-0.085623678647,0.003536067893,1.541168530046,False,False,0.039473684211,2017-01-23,0.082043343653,2017-03-27,0.640000000000,0.200000000000,-0.003196905200,-0.039865871833
2016-12-23,0.331456501773,0.054756751185,-0.097484276730,-0.098635886674,0.014909478168,1.541168530046,False,False,0.037896365043,2017-01-24,0.081593194122,2017-03-28,0.600000000000,0.160000000000,0.000398023558,-0.029676934636
2016-12-26,0.343774019088,0.049106845763,-0.094655955292,-0.097484276730,0.011307420495,1.541168530046,False,False,0.027391975309,2017-01-25,0.073688271605,2017-03-29,0.580000000000,0.110000000000,0.001588006591,-0.032113517550
2016-12-27,0.331897783928,0.062902942511,-0.092022393282,-0.094655955292,0.015968772179,1.541168530046,False,False,0.018090839107,2017-01-26,0.071978444958,2017-03-30,0.580000000000,0.110000000000,0.004439006078,-0.026631657914
2016-12-28,0.358596286282,0.073977541122,-0.082481494536,-0.092022393282,0.000000000000,1.541168530046,False,False,0.025267993874,2017-02-03,0.059341500766,2017-03-31,0.580000000000,0.140000000000,0.006654081773,-0.018476621418
2016-12-29,0.369570895593,0.084879790691,-0.076271186441,-0.082481494536,-0.021386685064,1.541168530046,False,False,0.021212121212,2017-02-06,0.054545454545,2017-04-05,0.560000000000,0.130000000000,0.007667844778,-0.009090909091
2016-12-30,0.373855702719,0.086653273725,-0.072810411537,-0.076271186441,-0.020069204152,1.541168530046,False,False,0.029222011385,2017-02-07,0.059203036053,2017-04-06,0.550000000000,0.070000000000,0.012211500307,-0.000758150114
2017-01-03,0.397756415841,0.096230809802,-0.040555352576,-0.072810411537,-0.035290125551,1.541168530046,False,False,0.035714285714,2017-02-08,0.067249240122,2017-04-07,0.500000000000,0.010000000000,0.014827226685,-0.001141118296
2017-01-04,0.358828060106,0.030095936586,-0.034053460271,-0.040555352576,-0.067779291553,1.541168530046,False,False,0.037121212121,2017-02-09,0.060227272727,2017-04-10,0.470000000000,0.020000000000,0.014252184754,0.004569687738
2017-01-05,0.304997674750,0.006311429140,-0.032660550459,-0.034053460271,-0.063443072702,1.541168530046,False,False,0.027303754266,2017-02-10,0.065225635192,2017-04-11,0.470000000000,0.030000000000,-0.003233885017,0.005723006486
2017-01-06,0.268489247616,-0.011957943911,-0.036942209217,-0.032660550459,-0.073759347383,1.541168530046,False,False,0.032979529947,2017-02-13,0.081501137225,2017-04-12,0.420000000000,0.000000000000,-0.015785268147,-0.004160363086
2017-01-09,0.201094796563,-0.027239775101,-0.029001468429,-0.036942209217,-0.063377869133,1.541168530046,False,False,0.021460843373,2017-02-14,0.076807228916,2017-04-13,0.460000000000,0.010000000000,-0.008837245644,0.000756715853
2017-01-10,0.167769442253,0.001107946488,-0.025969275786,-0.029001468429,-0.058091286307,1.541168530046,False,False,0.017636022514,2017-02-15,0.073170731707,2017-04-14,0.430000000000,-0.080000000000,-0.006685382755,0.012547528517
2017-01-11,0.092336138941,0.006799304917,-0.027737226277,-0.025969275786,-0.048050139276,1.541168530046,False,False,0.023264540338,2017-02-16,0.073545966229,2017-04-17,0.430000000000,-0.080000000000,-0.002021646053,0.012158054711
2017-01-12,0.070244154093,0.027555747210,-0.025182481752,-0.027737226277,-0.046956521739,1.541168530046,False,False,0.028592927013,2017-02-17,0.070353649360,2017-04-18,0.390000000000,-0.140000000000,-0.005042623898,0.007924528302
2017-01-13,0.022742787788,0.032226387111,-0.035856573705,-0.025182481752,-0.043630017452,1.541168530046,False,False,0.023622047244,2017-02-20,0.067116610424,2017-04-19,0.380000000000,-0.220000000000,-0.009659045790,0.017973231358
2017-01-16,-0.003415301842,0.027026583541,-0.025081788441,-0.035856573705,-0.037979094077,1.541168530046,False,False,0.016759776536,2017-02-21,0.057355679702,2017-04-20,0.410000000000,-0.290000000000,-0.013034886153,0.030745580323
2017-01-17,-0.026213823499,0.027522483938,-0.023913043478,-0.025081788441,-0.037438768369,1.541168530046,False,False,0.015572858732,2017-02-22,0.051538746756,2017-04-21,0.410000000000,-0.330000000000,-0.015353233467,0.030210325048
2017-01-18,-0.044551079336,0.028263818833,-0.030685920578,-0.023913043478,-0.024734982332,1.541168530046,False,False,0.026227051330,2017-02-23,0.058448857250,2017-04-24,0.360000000000,-0.320000000000,-0.018791065337,0.032295271050
2017-01-19,-0.049008452628,0.016410849081,-0.043478260870,-0.030685920578,-0.026019690577,1.541168530046,False,False,0.035995500562,2017-02-24,0.052118485189,2017-04-25,0.420000000000,-0.250000000000,-0.014238157686,0.025818882466
2017-01-20,-0.029700719557,0.009427054644,-0.037518037518,-0.043478260870,-0.016607773852,1.541168530046,False,False,0.035368577811,2017-02-27,0.041325390916,2017-04-26,0.430000000000,-0.210000000000,-0.011486185271,0.035312378735
2017-01-23,-0.035211280937,0.004653862419,-0.033873873874,-0.037518037518,-0.021877205363,1.541168530046,False,False,0.033532041729,2017-02-28,0.043591654247,2017-04-27,0.440000000000,-0.160000000000,-0.015949142324,0.037940379404
2017-01-24,-0.036347128709,-0.003211939469,-0.039813486370,-0.033873873874,-0.021509167842,1.541168530046,False,False,0.033420953811,2017-03-01,0.052572286894,2017-04-28,0.390000000000,-0.190000000000,-0.021007367564,0.032793209877
2017-01-25,-0.034036772573,-0.018843782287,-0.052876027153,-0.039813486370,-0.030598052851,1.541168530046,False,False,0.044612476371,2017-03-02,0.055576559546,2017-05-02,0.410000000000,-0.170000000000,-0.019217763225,0.021579961464
2017-01-26,-0.026243734308,-0.007663996190,-0.064801699717,-0.052876027153,-0.020986358867,1.541168530046,False,False,0.021657953697,2017-03-03,0.041822255414,2017-05-03,0.450000000000,-0.130000000000,-0.018766929394,0.014598540146
2017-02-03,-0.025160119381,-0.022527135858,-0.052780729720,-0.064801699717,-0.018421967327,1.541168530046,False,False,0.017433234421,2017-03-06,0.025593471810,2017-05-04,0.430000000000,-0.130000000000,-0.017256751106,0.022171253823
2017-02-06,0.021495112449,-0.025423348275,-0.036733238231,-0.052780729720,-0.024870466321,1.541168530046,False,False,0.007743362832,2017-03-07,0.007374631268,2017-05-05,0.440000000000,-0.110000000000,-0.023189242397,0.024658573596
2017-02-07,0.042558383008,-0.019421469729,-0.025071633238,-0.036733238231,-0.037087912088,1.541168530046,False,False,-0.002934702861,2017-03-08,0.006969919296,2017-05-08,0.400000000000,-0.100000000000,-0.024947483887,0.036557501904
2017-02-08,0.066801137216,0.010407283504,-0.027162258756,-0.025071633238,-0.030892051371,1.541168530046,False,False,-0.010226442659,2017-03-09,0.001095690285,2017-05-09,0.400000000000,-0.070000000000,-0.017867534539,0.031842304776
2017-02-09,0.117507313400,0.015996203568,-0.043630017452,-0.027162258756,-0.041124057574,1.541168530046,False,False,-0.005167958656,2017-03-10,0.008121077889,2017-05-10,0.380000000000,-0.090000000000,-0.003404593106,0.039453717754
2017-02-10,0.136351302769,0.019839199941,-0.035904728048,-0.043630017452,0.002800140007,1.541168530046,False,False,-0.008440366972,2017-03-13,0.000366972477,2017-05-11,0.410000000000,-0.010000000000,0.011318997704,0.030003797949
2017-02-13,0.035158226669,0.018787457493,-0.018057060311,-0.035904728048,-0.014711033275,1.541168530046,False,False,-0.002580169554,2017-03-14,0.008846295614,2017-05-12,0.400000000000,-0.060000000000,0.002486855868,0.027977315690
2017-02-14,0.051546413354,0.027041777639,0.013790532985,-0.018057060311,-0.043853591160,1.541168530046,True,False,-0.001474926254,2017-03-15,0.010324483776,2017-05-15,0.430000000000,0.000000000000,-0.000995639535,0.021404431093
2017-02-15,0.099582042284,0.030735850025,-0.000738279808,0.013790532985,-0.065482410310,1.541168530046,False,False,0.007700770077,2017-03-16,0.009534286762,2017-05-16,0.460000000000,0.030000000000,-0.007873622677,0.016141141141
2017-02-16,0.093062643245,0.030840014207,0.001102130786,-0.000738279808,-0.056097560976,1.541168530046,True,False,0.005120702268,2017-03-17,0.011704462326,2017-05-17,0.450000000000,0.060000000000,-0.006295290513,0.020217147136
2017-02-17,-0.009810337116,0.030980003032,0.007731958763,0.001102130786,-0.049581005587,1.541168530046,True,False,0.010622710623,2017-03-20,0.026739926740,2017-05-18,0.430000000000,0.050000000000,-0.001450595911,0.028174305034
2017-02-20,-0.042762469803,0.031121268526,0.016002977298,0.007731958763,-0.055304347826,1.541168530046,True,False,0.012454212454,2017-03-21,0.019047619048,2017-05-19,0.410000000000,0.000000000000,0.001332176783,0.017897091723
2017-02-21,-0.062013896018,0.031263828232,0.009966777409,0.016002977298,-0.060817895841,1.541168530046,True,False,0.010587805769,2017-03-22,0.016794450529,2017-05-22,0.410000000000,0.000000000000,-0.000281368588,0.015590200445
2017-02-22,-0.096603652838,0.031522746538,0.007366482505,0.009966777409,-0.058066759388,1.541168530046,True,False,0.012778386272,2017-03-23,0.023001095290,2017-05-23,0.400000000000,0.040000000000,0.008643425440,0.018621973929
2017-02-23,-0.091148501502,0.031549255669,0.008097165992,0.007366482505,-0.056308654849,1.541168530046,True,False,0.002895403547,2017-03-24,0.007600434311,2017-05-24,0.380000000000,-0.040000000000,0.002420946450,0.028925619835
2017-02-24,-0.111726356775,0.029544199049,0.033904619970,0.008097165992,-0.048336252189,1.541168530046,True,False,0.005393743258,2017-03-27,0.003236245955,2017-05-25,0.350000000000,-0.080000000000,-0.000692523302,0.040104947526
2017-02-27,-0.118349021371,0.029424982345,0.045830202855,0.033904619970,-0.061538461538,1.541168530046,True,False,0.008291276136,2017-03-28,0.000720980534,2017-05-26,0.310000000000,-0.130000000000,0.002069091574,0.038418500559
2017-02-28,-0.141302317263,0.029562512211,0.035847647498,0.045830202855,-0.069556099266,1.541168530046,True,False,0.011264534884,2017-03-29,0.012354651163,2017-05-31,0.350000000000,-0.040000000000,0.007565301658,0.036234590960
2017-03-01,-0.146610861453,0.029701333719,0.033383345836,0.035847647498,-0.056045118082,1.541168530046,True,False,0.007962359754,2017-03-30,0.005790807094,2017-06-01,0.340000000000,-0.070000000000,0.004999157281,0.039230479065
2017-03-02,-0.142111414705,0.031610721979,0.039969834087,0.033383345836,-0.061598028863,1.541168530046,True,False,0.011330409357,2017-03-31,0.011330409357,2017-06-02,0.430000000000,-0.020000000000,0.005660874723,0.044301400984
2017-03-03,-0.143905783242,0.031760568922,0.036742424242,0.039969834087,-0.062897526502,1.541168530046,True,False,0.014947138170,2017-04-05,0.024425811156,2017-06-05,0.480000000000,0.050000000000,0.005117799901,0.023560209424
2017-03-06,-0.161815448045,0.042628507088,0.038286580743,0.036742424242,-0.069111424542,1.478284630257,True,False,0.021222100256,2017-04-06,0.027808269301,2017-06-06,0.450000000000,0.010000000000,0.013794162894,0.014068863384
2017-03-07,-0.181835368958,0.043550380133,0.038037276531,0.038286580743,-0.065533120793,1.408404734035,True,False,0.033480500368,2017-04-07,0.038631346578,2017-06-07,0.480000000000,0.080000000000,0.014842505182,0.002571638501
2017-03-08,-0.160352638270,0.049890985192,0.034653465347,0.038037276531,-0.066074600355,1.386418197134,True,False,0.032841328413,2017-04-10,0.038745387454,2017-06-08,0.490000000000,0.090000000000,0.008393316948,-0.001836884644
2017-03-09,-0.167221041889,0.050132058715,0.033193437619,0.034653465347,-0.069124423963,1.363696282203,True,False,0.042300556586,2017-04-11,0.033395176252,2017-06-09,0.560000000000,0.180000000000,0.010963338619,-0.011678832117
2017-03-10,-0.172924040726,0.050375473287,0.017397881997,0.033193437619,-0.080673447913,1.348946060691,True,False,0.055884529978,2017-04-12,0.025166543301,2017-06-12,0.600000000000,0.190000000000,0.005728738687,-0.008112094395
2017-03-13,-0.172889514098,0.050743242122,0.028376844495,0.017397881997,-0.072931276297,1.335100019037,True,False,0.056910569106,2017-04-13,0.022542498152,2017-06-13,0.570000000000,0.170000000000,0.002905177624,-0.000367782273
2017-03-14,-0.166757841795,0.052662931763,0.030038022814,0.028376844495,-0.085783465929,1.321006378635,True,False,0.056129985229,2017-04-14,0.026587887740,2017-06-14,0.610000000000,0.180000000000,0.003376181227,-0.004044117647
2017-03-15,-0.172599835970,0.057194615195,0.029255319149,0.030038022814,-0.089650398062,1.310521192581,True,False,0.041120815138,2017-04-17,0.012008733624,2017-06-15,0.610000000000,0.150000000000,0.006457978294,0.000738825268
2017-03-16,-0.138467077145,0.056954812719,0.037735849057,0.029255319149,-0.083565459610,1.246294247694,True,False,0.035298398836,2017-04-18,0.001455604076,2017-06-16,0.500000000000,0.050000000000,0.000539987578,0.009174311927
2017-03-17,-0.145067740774,0.073875087284,0.053154875717,0.037735849057,-0.070827489481,1.198769423033,True,False,0.031533164190,2017-04-19,-0.001812250816,2017-06-19,0.510000000000,0.080000000000,0.003052136715,0.006211180124
2017-03-20,-0.135994388318,0.079539855701,0.063028439662,0.053154875717,-0.084704235212,1.184745302634,True,False,0.027134587554,2017-04-20,-0.007235890014,2017-06-20,0.490000000000,0.080000000000,0.005225285712,0.013186813187
2017-03-21,-0.127405597353,0.079938494971,0.052007648184,0.063028439662,-0.084769609567,1.179796661010,True,False,0.024566473988,2017-04-21,-0.009393063584,2017-06-21,0.470000000000,0.060000000000,0.004619097617,0.005482456140
2017-03-22,-0.108515758849,0.083993020646,0.067281814687,0.052007648184,-0.074663835810,1.176406359019,True,False,0.018385003605,2017-04-24,-0.005046863735,2017-06-22,0.450000000000,0.050000000000,0.001547133649,0.014990859232
2017-03-23,-0.129342242345,0.084418240618,0.070905587669,0.067281814687,-0.081243376899,1.159024047392,True,False,0.012630819199,2017-04-25,-0.004691447131,2017-06-23,0.430000000000,0.050000000000,0.000980769623,0.014603870026
2017-03-24,-0.103868910447,0.083056731558,0.076057431121,0.070905587669,-0.085623678647,1.128244061082,True,False,0.000357653791,2017-04-26,-0.010729613734,2017-06-26,0.460000000000,0.110000000000,0.003326269423,-0.000720720721
2017-03-27,-0.111495614346,0.080034242950,0.084010840108,0.076057431121,-0.098635886674,1.106184528305,True,False,0.001430103683,2017-04-27,-0.019663925635,2017-06-27,0.420000000000,0.110000000000,0.002794437391,0.005747126437
2017-03-28,-0.146863794727,0.080443670503,0.077546296296,0.084010840108,-0.097484276730,1.040229939088,True,False,0.007186489400,2017-04-28,-0.013654329860,2017-06-28,0.410000000000,0.060000000000,-0.000982188722,0.006849315068
2017-03-29,-0.165493680012,0.065516549202,0.073603082852,0.077546296296,-0.094655955292,0.891733601176,True,False,0.002513464991,2017-05-02,-0.014721723519,2017-06-29,0.450000000000,0.110000000000,0.002365376258,0.011252268603
2017-03-30,-0.187195865218,0.053770644402,0.069535151748,0.073603082852,-0.092022393282,0.831369013848,True,False,0.008312251536,2017-05-03,-0.013010480665,2017-06-30,0.410000000000,-0.020000000000,-0.000002184327,0.009427121102
2017-03-31,-0.198442197837,0.040869196574,0.055428134557,0.069535151748,-0.082481494536,0.825172041485,True,False,-0.006824712644,2017-05-04,-0.026939655172,2017-07-03,0.460000000000,-0.020000000000,-0.000068257800,0.008768724881
2017-04-05,-0.215660932883,0.037555695096,0.059180576631,0.055428134557,-0.076271186441,0.804317571286,True,False,-0.021139376568,2017-05-05,-0.037262629882,2017-07-04,0.430000000000,-0.020000000000,-0.003559854126,0.019350127784
2017-04-06,-0.235315649798,0.030381754213,0.063975628332,0.059180576631,-0.072810411537,0.786684221741,True,False,-0.022783908864,2017-05-08,-0.040583837665,2017-07-05,0.370000000000,-0.110000000000,-0.002624259255,0.023818248443
2017-04-07,-0.242141886617,0.028217775301,0.068612585292,0.063975628332,-0.040555352576,0.763101070130,True,False,-0.020721686317,2017-05-09,-0.039299749911,2017-07-06,0.390000000000,-0.100000000000,-0.000436702130,0.037541405962
2017-04-10,-0.221513116048,0.027972427967,0.065250379363,0.068612585292,-0.034053460271,0.735812939322,True,False,-0.027767888928,2017-05-10,-0.043075827697,2017-07-07,0.440000000000,-0.120000000000,-0.002676597230,0.036927621861
2017-04-11,-0.187608295686,0.031391292333,0.068742878845,0.065250379363,-0.032660550459,0.728868197896,True,False,-0.044514546092,2017-05-11,-0.066596565019,2017-07-10,0.440000000000,-0.160000000000,0.000450531366,0.046096654275
2017-04-12,-0.153556618967,0.032944186466,0.074480151229,0.068742878845,-0.036942209217,0.724349909248,True,False,-0.043006993007,2017-05-12,-0.066783216783,2017-07-11,0.410000000000,-0.160000000000,0.001996515174,0.045621780721
2017-04-13,-0.134560951896,0.002213440602,0.071348103643,0.074480151229,-0.029001468429,0.720436065615,True,False,-0.041958041958,2017-05-15,-0.062237762238,2017-07-12,0.380000000000,-0.230000000000,-0.001810376641,0.053156146179
2017-04-14,-0.105663604418,-0.021586717825,0.073198198198,0.071348103643,-0.025969275786,0.717730569197,True,False,-0.037749038798,2017-05-16,-0.062565536526,2017-07-13,0.320000000000,-0.290000000000,-0.002285928750,0.055370985604
2017-04-17,-0.085001106449,-0.050457908460,0.067764882067,0.073198198198,-0.027737226277,0.712836689091,True,False,-0.027768014060,2017-05-17,-0.061159929701,2017-07-14,0.320000000000,-0.180000000000,0.005295448952,0.037090909091
2017-04-18,-0.107849717534,-0.060686593384,0.067993989482,0.067764882067,-0.025182481752,0.708444794441,True,False,-0.015108924807,2017-05-18,-0.052002810963,2017-07-17,0.380000000000,-0.130000000000,0.001071292632,0.032316630356
2017-04-19,-0.143934256315,-0.060971770188,0.059284116331,0.067993989482,-0.035856573705,0.706393252863,True,False,-0.020077492075,2017-05-19,-0.045438534695,2017-07-18,0.330000000000,-0.160000000000,-0.001517329500,0.027114967462
2017-04-20,-0.181413928454,-0.065670943227,0.052709725316,0.059284116331,-0.025081788441,0.685723328906,True,False,-0.017983074753,2017-05-22,-0.044076163611,2017-07-19,0.360000000000,-0.110000000000,-0.000476116169,0.030897855325
2017-04-21,-0.211621318198,-0.070479315730,0.052886405959,0.052709725316,-0.023913043478,0.676450329322,True,False,-0.008141592920,2017-05-23,-0.041061946903,2017-07-20,0.390000000000,-0.060000000000,0.001992231896,0.018371757925
2017-04-24,-0.303212009912,-0.072126127383,0.053719008264,0.052886405959,-0.030685920578,0.666823029406,True,False,-0.007840342124,2017-05-24,-0.032430506058,2017-07-21,0.400000000000,-0.030000000000,0.003928704897,0.009355883411
2017-04-25,-0.407346521995,-0.074002829603,0.052098950525,0.053719008264,-0.043478260870,0.662263329765,True,False,-0.002502681444,2017-05-25,-0.020736503396,2017-07-24,0.410000000000,-0.050000000000,0.002026264286,0.012261089073
2017-04-26,-0.433247167902,-0.074354423067,0.042148452070,0.052098950525,-0.037518037518,0.656006881561,True,False,-0.008925383792,2017-05-26,-0.026062120671,2017-07-25,0.440000000000,0.020000000000,0.002662233249,-0.002142857143
2017-04-27,-0.449080798790,-0.074709373377,0.046694060516,0.042148452070,-0.033873873874,0.647819131101,True,False,-0.006064930432,2017-05-31,-0.030324652158,2017-07-26,0.420000000000,0.010000000000,0.005911325019,0.003222341568
2017-04-28,-0.467465534205,-0.096731097853,0.060731799321,0.046694060516,-0.039813486370,0.644475769275,True,False,-0.004656160458,2017-06-01,-0.017908309456,2017-07-27,0.390000000000,-0.060000000000,0.004110727026,0.009332376167
2017-05-02,-0.467541780932,-0.141144034521,0.055660734570,0.060731799321,-0.052876027153,0.630228159120,True,False,-0.008243727599,2017-06-02,-0.018637992832,2017-07-28,0.370000000000,-0.040000000000,0.004544865438,0.001436781609
2017-05-03,-0.464570805792,-0.141650448065,0.042632759910,0.055660734570,-0.064801699717,0.619917541530,True,False,0.016274864376,2017-06-05,-0.005786618445,2017-07-31,0.410000000000,-0.050000000000,0.000622350291,0.009779065556
2017-05-04,-0.462941494405,-0.142290304745,0.016290262866,0.042632759910,-0.052780729720,0.608864512572,True,False,0.028184480234,2017-06-06,0.002928257687,2017-08-01,0.460000000000,0.030000000000,0.003347012428,-0.016833810888
2017-05-05,-0.461861621127,-0.149783888070,0.009184423218,0.016290262866,-0.036733238231,0.603950436525,True,False,0.028415300546,2017-06-07,-0.001092896175,2017-08-02,0.500000000000,0.130000000000,0.001513900058,-0.016821760916
2017-05-08,-0.438327204760,-0.176525968931,0.005878030860,0.009184423218,-0.025071633238,0.602999437244,True,False,0.026997446188,2017-06-08,-0.002188982123,2017-08-03,0.500000000000,0.110000000000,0.001762086403,-0.028733593473
2017-05-09,-0.424149505415,-0.182700104175,0.000364963504,0.005878030860,-0.027162258756,0.598523162307,True,False,0.019772976932,2017-06-09,0.003661662395,2017-08-04,0.530000000000,0.090000000000,0.001414003783,-0.023860398860
2017-05-10,-0.411567239248,-0.187428908160,0.005162241888,0.000364963504,-0.043630017452,0.595615218420,True,False,0.016140865737,2017-06-12,0.000366837858,2017-08-07,0.560000000000,0.120000000000,0.001497957594,-0.031272210377
2017-05-11,-0.403930294327,-0.188251854857,0.004413387275,0.005162241888,-0.035904728048,0.594535703304,True,False,0.010960906102,2017-06-13,-0.004018998904,2017-08-08,0.560000000000,0.150000000000,0.001886751440,-0.039057002111
2017-05-12,-0.410091029050,-0.196435407493,0.006985294118,0.004413387275,-0.018057060311,0.592358449780,True,False,0.014598540146,2017-06-14,-0.004744525547,2017-08-09,0.510000000000,0.130000000000,0.002954006976,-0.039957939012
2017-05-15,-0.449463494881,-0.200980083748,0.015884743258,0.006985294118,0.013790532985,0.581809507516,True,False,0.010170722848,2017-06-15,-0.004722121322,2017-08-10,0.490000000000,0.170000000000,0.001773384419,-0.038125218608
2017-05-16,-0.447810868278,-0.201860005155,0.011743119266,0.015884743258,-0.000738279808,0.576427454279,True,False,-0.005061460593,2017-06-16,-0.002892263196,2017-08-11,0.520000000000,0.200000000000,0.001473259041,-0.033309957924
2017-05-17,-0.448040675195,-0.199776866301,0.011326269638,0.011743119266,0.001102130786,0.575625656296,True,False,-0.017481270068,2017-06-19,-0.014983945772,2017-08-14,0.510000000000,0.130000000000,-0.000344598706,-0.026380583890
2017-05-18,-0.438910147759,-0.200218106173,0.022344322344,0.011326269638,0.007731958763,0.574059958171,True,False,-0.013659237958,2017-06-20,-0.015097052480,2017-08-15,0.440000000000,0.110000000000,-0.000892876619,-0.017599436818
2017-05-19,-0.434782771098,-0.201107456900,0.017543859649,0.022344322344,0.016002977298,0.572643929915,True,False,-0.015439856373,2017-06-21,-0.017953321364,2017-08-16,0.430000000000,0.070000000000,-0.000349269765,-0.018335684062
2017-05-22,-0.432237892930,-0.202093744730,0.020109689214,0.017543859649,0.009966777409,0.570694823152,True,False,-0.014989293362,2017-06-22,-0.013561741613,2017-08-17,0.410000000000,0.020000000000,-0.001812536127,-0.013088079236
2017-05-23,-0.437931965653,-0.202999371733,0.023366192041,0.020109689214,0.007366482505,0.569751845615,True,False,-0.009339080460,2017-06-23,-0.008620689655,2017-08-18,0.430000000000,0.030000000000,-0.001782150917,-0.000713012478
2017-05-24,-0.449688501665,-0.203913151903,-0.001081081081,0.023366192041,0.008097165992,0.567171023202,False,False,-0.008602150538,2017-06-26,-0.013978494624,2017-08-21,0.460000000000,0.050000000000,-0.000446707115,-0.012468827930
2017-05-25,-0.458176339833,-0.205284383835,0.000000000000,-0.001081081081,0.033904619970,0.556658439206,False,False,-0.012247838617,2017-06-27,-0.007925072046,2017-08-22,0.450000000000,0.010000000000,-0.002381593374,-0.003579098067
2017-05-26,-0.466978158394,-0.206216315354,0.005046863735,0.000000000000,0.045830202855,0.551580217875,True,False,-0.014716439340,2017-06-28,-0.014716439340,2017-08-23,0.450000000000,0.030000000000,-0.006584967249,-0.004996431121
2017-05-31,-0.464078708939,-0.207156746857,0.007259528131,0.005046863735,0.035847647498,0.548325600629,True,False,-0.012594458438,2017-06-29,-0.009355883411,2017-08-24,0.440000000000,0.050000000000,-0.011444223807,-0.013157894737
2017-06-01,-0.463150951525,-0.209463927842,0.006889050036,0.007259528131,0.033383345836,0.545629699002,True,False,-0.013010480665,2017-06-30,-0.006866642573,2017-08-25,0.400000000000,0.030000000000,-0.022118492962,-0.003945480631
2017-06-02,-0.469314255909,-0.210426301634,0.012422360248,0.006889050036,0.039969834087,0.544795888057,True,False,-0.035943060498,2017-07-03,-0.018861209964,2017-08-28,0.400000000000,-0.010000000000,-0.020190943432,-0.006097560976
2017-06-05,-0.461503488502,-0.219503214660,0.024096385542,0.012422360248,0.036742424242,0.542935730206,True,False,-0.043431826273,2017-07-04,-0.009611961552,2017-08-29,0.360000000000,-0.100000000000,-0.017215872832,0.021857923497
2017-06-06,-0.453708142833,-0.221046771112,0.034078417003,0.024096385542,0.038286580743,0.541375808550,True,False,-0.045341834927,2017-07-05,-0.015940488842,2017-08-30,0.390000000000,-0.110000000000,-0.016336865988,0.027302511831
2017-06-07,-0.470181099762,-0.226608173742,0.039013617961,0.034078417003,0.038037276531,0.540093379607,True,False,-0.044760213144,2017-07-06,-0.019538188277,2017-08-31,0.370000000000,-0.130000000000,-0.021351261283,0.031044558072
2017-06-08,-0.481473441858,-0.227650873057,0.036189069424,0.039013617961,0.034653465347,0.539561619928,True,False,-0.034829443447,2017-07-07,-0.002513464991,2017-09-01,0.400000000000,-0.130000000000,-0.019541571707,0.023713973003
2017-06-09,-0.499776572666,-0.228703212338,0.033457249071,0.036189069424,0.033193437619,0.538883538171,True,False,-0.038628158845,2017-07-10,0.008664259928,2017-09-04,0.410000000000,-0.150000000000,-0.018999727460,0.019809244314
2017-06-12,-0.534801176637,-0.229854741091,0.019131714496,0.033457249071,0.017397881997,0.538556193084,True,False,-0.035417419588,2017-07-11,0.008312251536,2017-09-05,0.430000000000,-0.130000000000,-0.018335871746,0.014280483339
2017-06-13,-0.556649371774,-0.232806089398,0.024363233666,0.019131714496,0.028376844495,0.537682941816,True,False,-0.035251798561,2017-07-12,0.005395683453,2017-09-06,0.460000000000,-0.050000000000,-0.015691162125,0.013143483023
2017-06-14,-0.557366564308,-0.237459884288,0.026947212994,0.024363233666,0.030038022814,0.533071130861,True,False,-0.035598705502,2017-07-13,0.000359582884,2017-09-07,0.460000000000,-0.030000000000,-0.016063415660,0.011636363636
2017-06-15,-0.585856693577,-0.238570140790,0.003272727273,0.026947212994,0.029255319149,0.525813684972,True,False,-0.029433139535,2017-07-14,0.015261627907,2017-09-08,0.440000000000,-0.080000000000,-0.015447914067,0.000725426188
2017-06-16,-0.592349030697,-0.251470204654,0.000363108206,0.003272727273,0.037735849057,0.520892295794,True,False,-0.020334059550,2017-07-17,0.010530137981,2017-09-11,0.490000000000,-0.020000000000,-0.009654271624,-0.004696531792
2017-06-19,-0.593826858077,-0.254644343269,-0.004699927693,0.000363108206,0.053154875717,0.518704303129,False,False,-0.012390670554,2017-07-18,0.011297376093,2017-09-12,0.490000000000,0.050000000000,-0.008246840482,-0.013615191688
2017-06-20,-0.609557079013,-0.253505687809,-0.002908033442,-0.004699927693,0.063028439662,0.517386944621,False,False,-0.011305616338,2017-07-19,0.011670313640,2017-09-13,0.520000000000,0.090000000000,-0.008071604253,-0.014727011494
2017-06-21,-0.605529401530,-0.253016448625,-0.011167146974,-0.002908033442,0.052007648184,0.515943675185,False,False,-0.018478260870,2017-07-20,0.002536231884,2017-09-14,0.500000000000,0.090000000000,-0.007240029682,-0.016129032258
2017-06-22,-0.594227714427,-0.251863415800,-0.006836991724,-0.011167146974,0.067281814687,0.510513232663,False,False,-0.015591007977,2017-07-21,0.009064539521,2017-09-15,0.500000000000,0.070000000000,-0.006818575020,-0.015340706386
2017-06-23,-0.592301358394,-0.250699566705,-0.003245582402,-0.006836991724,0.070905587669,0.510513232663,False,False,-0.009761388286,2017-07-24,0.001446131598,2017-09-18,0.460000000000,0.000000000000,-0.006338809092,-0.002886002886
2017-06-26,-0.601471441465,-0.248346633466,-0.012857142857,-0.003245582402,0.076057431121,0.510513232663,False,False,-0.005105762217,2017-07-25,0.004011670314,2017-09-19,0.450000000000,0.000000000000,-0.005067694123,-0.007183908046
2017-06-27,-0.591959348423,-0.239934584386,-0.015037593985,-0.012857142857,0.084010840108,0.510513232663,False,False,-0.009836065574,2017-07-26,0.005828779599,2017-09-20,0.430000000000,-0.020000000000,0.001239307506,-0.013271162123
2017-06-28,-0.580123311345,-0.233940078990,-0.013998564250,-0.015037593985,0.077546296296,0.510513232663,False,False,-0.000728862974,2017-07-27,0.001822157434,2017-09-21,0.500000000000,0.060000000000,-0.001238503536,-0.010090090090
2017-06-29,-0.572317124335,-0.203988080500,-0.015804597701,-0.013998564250,0.073603082852,0.510513232663,False,False,0.002563163676,2017-07-28,0.002196997437,2017-09-22,0.490000000000,0.090000000000,0.008567654750,-0.013323730645
2017-06-30,-0.571494898772,-0.198003490817,-0.017022817820,-0.015804597701,0.069535151748,0.510513232663,False,False,0.014765596161,2017-07-31,0.009597637505,2017-09-25,0.550000000000,0.150000000000,0.006464830817,-0.020570191267
2017-07-03,-0.555818014247,-0.195218804325,-0.030444126074,-0.017022817820,0.055428134557,0.505528230111,False,False,0.019724599926,2017-08-01,0.031633792333,2017-09-26,0.580000000000,0.220000000000,0.000472248048,-0.034937611408
2017-07-04,-0.549857088843,-0.195283799565,-0.037580529707,-0.030444126074,0.059180576631,0.501902460927,False,False,0.017439703154,2017-08-02,0.021521335807,2017-09-27,0.600000000000,0.210000000000,0.002297701266,-0.047129695252
2017-07-05,-0.546178179478,-0.193196566517,-0.046470379567,-0.037580529707,0.063975628332,0.494171892582,False,False,0.017106731127,2017-08-03,0.017850502045,2017-09-28,0.600000000000,0.230000000000,0.007670623629,-0.047821466525
2017-07-06,-0.546178179478,-0.191088958133,-0.040598290598,-0.046470379567,0.068612585292,0.489424040425,False,False,0.019717261905,2017-08-04,0.019717261905,2017-09-29,0.580000000000,0.180000000000,0.003749114208,-0.039914468995
2017-07-07,-0.536475815757,-0.191538192251,-0.045486851457,-0.040598290598,0.065250379363,0.486963545840,False,False,0.024033045437,2017-08-07,0.025910627112,2017-10-09,0.610000000000,0.200000000000,0.002254235627,-0.033812949640
2017-07-10,-0.507958999672,-0.190502219296,-0.064743138635,-0.045486851457,0.068742878845,0.486093369801,False,False,0.021356313226,2017-08-08,0.024728362683,2017-10-10,0.660000000000,0.230000000000,0.002534256667,-0.040433212996
2017-07-11,-0.492167598850,-0.187726928729,-0.065194532072,-0.064743138635,0.074480151229,0.484345531949,False,False,0.016778523490,2017-08-09,0.018269947800,2017-10-11,0.660000000000,0.200000000000,0.001485461023,-0.038918918919
2017-07-12,-0.478497352905,-0.184638837559,-0.064008394544,-0.065194532072,0.071348103643,0.480065983345,False,False,0.021625652498,2017-08-10,0.017897091723,2017-10-12,0.620000000000,0.160000000000,0.001900080380,-0.038102084831
2017-07-13,-0.473894823571,-0.182085375497,-0.058906030856,-0.064008394544,0.073198198198,0.478212305747,False,False,0.032572070386,2017-08-11,0.023961063272,2017-10-13,0.570000000000,0.130000000000,0.000200401983,-0.027183762233
2017-07-14,-0.438684130394,-0.178386124672,-0.059092507914,-0.058906030856,0.067764882067,0.459881702721,False,False,0.023350630096,2017-08-14,0.016308376575,2017-10-16,0.580000000000,0.090000000000,-0.003961038770,-0.029038112523
2017-07-17,-0.392314025582,-0.176151137676,-0.051390355509,-0.059092507914,0.067993989482,0.452138060632,False,False,0.011070110701,2017-08-15,0.009225092251,2017-10-17,0.570000000000,0.080000000000,-0.006846349714,-0.021067925899
2017-07-18,-0.343151436065,-0.173893669114,-0.045133991537,-0.051390355509,0.059284116331,0.445752636275,False,False,0.008852821837,2017-08-16,0.007377351531,2017-10-18,0.540000000000,0.020000000000,-0.009326535664,-0.012759752096
2017-07-19,-0.286624348713,-0.171107889464,-0.041740360807,-0.045133991537,0.052709725316,0.440718741088,False,False,0.020302694721,2017-08-17,0.006644518272,2017-10-19,0.510000000000,0.010000000000,-0.010911398564,-0.013114754098
2017-07-20,-0.180598658754,-0.168547831512,-0.034581105169,-0.041740360807,0.052886405959,0.438929876264,False,False,0.016574585635,2017-08-18,0.005156537753,2017-10-20,0.510000000000,0.010000000000,-0.010601094656,-0.018840579710
2017-07-21,-0.055621808781,-0.164940325305,-0.029568934806,-0.034581105169,0.053719008264,0.436425988905,False,False,0.004381161008,2017-08-21,-0.010587805769,2017-10-23,0.500000000000,0.040000000000,-0.011821679490,-0.014471780029
2017-07-24,-0.014540932378,-0.162578966927,-0.023979957051,-0.029568934806,0.052098950525,0.431278520533,False,False,0.009530791789,2017-08-22,-0.002199413490,2017-10-24,0.480000000000,0.030000000000,-0.011989881710,-0.013386396527
2017-07-25,0.014976476235,-0.160193243095,-0.024625267666,-0.023979957051,0.042148452070,0.428572345947,False,False,0.009933774834,2017-08-23,0.000367917586,2017-10-25,0.480000000000,0.050000000000,-0.015964216828,-0.006543075245
2017-07-26,0.044111192553,-0.157782774737,-0.036273115220,-0.024625267666,0.046694060516,0.426047478330,False,False,0.004011670314,2017-08-24,-0.008752735230,2017-10-26,0.520000000000,0.020000000000,-0.008181324567,-0.013469239170
2017-07-27,0.037411999275,-0.155347174871,-0.017575322812,-0.036273115220,0.060731799321,0.424606259606,False,False,0.003652300950,2017-08-25,-0.010226442659,2017-10-27,0.490000000000,0.000000000000,-0.008813826382,-0.000364963504
2017-07-28,0.028483806956,-0.153107947259,-0.019010043042,-0.017575322812,0.055660734570,0.418590345696,False,False,0.002910149145,2017-08-28,-0.013823208439,2017-10-30,0.490000000000,-0.060000000000,-0.007371199042,0.007737656595
2017-07-31,0.017414030920,-0.150622714327,-0.001092896175,-0.019010043042,0.042632759910,0.411596510625,False,False,0.015328467153,2017-08-29,-0.008759124088,2017-10-31,0.470000000000,-0.110000000000,-0.006055197439,0.012929442187
2017-08-01,0.006501955282,-0.147052283374,-0.000728066982,-0.001092896175,0.016290262866,0.408957721157,False,False,0.013129102845,2017-08-30,-0.010211524435,2017-11-01,0.480000000000,-0.120000000000,-0.010335080861,0.020825585720
2017-08-02,-0.025241919255,-0.144508362856,0.001460920380,-0.000728066982,0.009184423218,0.406346135743,True,False,0.009140767824,2017-08-31,-0.008043875686,2017-11-02,0.470000000000,-0.130000000000,-0.011267750490,0.020089285714
2017-08-03,-0.065654538131,-0.141937216928,-0.003648303539,0.001460920380,0.005878030860,0.404801234743,False,False,0.013498723094,2017-09-01,-0.010580080263,2017-11-03,0.480000000000,-0.100000000000,-0.010274312601,0.013734224202
2017-08-04,-0.089722736353,-0.138127937404,0.008070432869,-0.003648303539,0.000364963504,0.403342076187,True,False,0.024569123579,2017-09-04,-0.006600660066,2017-11-06,0.460000000000,-0.150000000000,-0.010376012823,0.023082650782
2017-08-07,-0.101750170771,-0.135494465551,-0.002196997437,0.008070432869,0.005162241888,0.402942331810,False,False,0.023477622891,2017-09-05,-0.003668378577,2017-11-07,0.470000000000,-0.190000000000,-0.010126098586,0.025206922498
2017-08-08,-0.099310971025,-0.132152552992,-0.006936838262,-0.002196997437,0.004413387275,0.400543865549,False,False,0.024935826916,2017-09-06,-0.002566923359,2017-11-08,0.460000000000,-0.200000000000,-0.010967585052,0.019872515936
2017-08-09,-0.099512658755,-0.128637389653,-0.008363636364,-0.006936838262,0.006985294118,0.399742831684,False,False,0.015328467153,2017-09-07,-0.005474452555,2017-11-09,0.460000000000,-0.160000000000,-0.012926045489,0.019058295964
2017-08-10,-0.130156274300,-0.126181908453,-0.002901704752,-0.008363636364,0.015884743258,0.399030113159,False,False,0.013052936911,2017-09-08,-0.007251631617,2017-11-10,0.420000000000,-0.150000000000,-0.014122562510,0.024217585693
2017-08-11,-0.143598021272,-0.125994891980,-0.001806358382,-0.002901704752,0.011743119266,0.398015489880,False,False,0.007968127490,2017-09-11,-0.011952191235,2017-11-13,0.400000000000,-0.180000000000,-0.016887722377,0.032897196262
2017-08-14,-0.163216668801,-0.122889589026,-0.011107130061,-0.001806358382,0.011326269638,0.397571446517,False,False,0.012773722628,2017-09-12,-0.005839416058,2017-11-14,0.400000000000,-0.170000000000,-0.013801867833,0.024118738404
2017-08-15,-0.182395045199,-0.119402802505,-0.015804597701,-0.011107130061,0.022344322344,0.391246159344,False,False,0.014259597806,2017-09-13,-0.003656307130,2017-11-15,0.450000000000,-0.090000000000,-0.010953334861,0.011816838996
2017-08-16,-0.200238038751,-0.115038349844,-0.020430107527,-0.015804597701,0.017543859649,0.379703122465,False,False,0.001085383502,2017-09-14,-0.015557163531,2017-11-16,0.490000000000,-0.020000000000,-0.007770396921,0.008859357697
2017-08-17,-0.212133367786,-0.111468209211,-0.015340706386,-0.020430107527,0.020109689214,0.374536336758,False,False,0.008333333333,2017-09-15,-0.014130434783,2017-11-17,0.450000000000,-0.060000000000,-0.010399544308,0.019202363368
2017-08-18,-0.198220198369,-0.107857694565,-0.003246753247,-0.015340706386,0.023366192041,0.373857939086,False,False,0.006906579426,2017-09-18,-0.003271537623,2017-11-20,0.420000000000,-0.080000000000,-0.010294263483,0.014317180617
2017-08-21,-0.180180303153,-0.104206117141,-0.011494252874,-0.003246753247,-0.001081081081,0.371646777522,False,False,-0.000363108206,2017-09-19,-0.010167029775,2017-11-21,0.430000000000,-0.050000000000,-0.011225229758,0.009167583425
2017-08-22,-0.210680163176,-0.100512772414,-0.013988522238,-0.011494252874,0.000000000000,0.370592020490,False,False,0.005828779599,2017-09-20,-0.006557377049,2017-11-22,0.430000000000,-0.050000000000,-0.011574036349,0.005854372484
2017-08-23,-0.258118413904,-0.096776939651,-0.009009009009,-0.013988522238,0.005046863735,0.369799639431,False,False,-0.001452960407,2017-09-21,-0.007628042136,2017-11-23,0.450000000000,-0.070000000000,-0.013239526230,0.014760147601
2017-08-24,-0.272880123762,-0.092997881442,-0.009362621534,-0.009009009009,0.007259528131,0.366701580804,False,False,-0.004002911208,2017-09-22,-0.006914119360,2017-11-24,0.420000000000,-0.070000000000,-0.011879499670,0.004381161008
2017-08-25,-0.367772369453,-0.089174843209,-0.007939372068,-0.009362621534,0.006889050036,0.362330503805,False,False,-0.007979688067,2017-09-25,-0.010881392818,2017-11-27,0.440000000000,-0.050000000000,-0.012311812252,0.005118829982
2017-08-28,-0.371234882785,-0.085307052713,-0.015329768271,-0.007939372068,0.012422360248,0.359807773273,False,False,-0.003594536305,2017-09-26,-0.015097052480,2017-11-28,0.420000000000,-0.050000000000,-0.014106036434,0.007293946025
2017-08-29,-0.364671419808,-0.081393719525,-0.010630758327,-0.015329768271,0.024096385542,0.358957611929,False,False,-0.008999280058,2017-09-27,-0.014038876890,2017-11-29,0.410000000000,-0.070000000000,-0.015949973461,0.017122040073
2017-08-30,-0.364671419808,-0.077434034494,-0.022316684378,-0.010630758327,0.034078417003,0.358654229738,False,False,-0.008333333333,2017-09-28,-0.012318840580,2017-11-30,0.390000000000,-0.080000000000,-0.017996986385,0.006564551422
2017-08-31,-0.363714422846,-0.073427169185,-0.017818959373,-0.022316684378,0.039013617961,0.354979449880,False,False,-0.013318934485,2017-09-29,-0.024838012959,2017-12-01,0.390000000000,-0.090000000000,-0.019369488523,0.009154155987
2017-09-01,-0.337505839298,-0.069372275303,-0.001798561151,-0.017818959373,0.036189069424,0.352169690017,False,False,-0.022190408017,2017-10-09,-0.033285612026,2017-12-04,0.360000000000,-0.100000000000,-0.019939849088,0.009825327511
2017-09-04,-0.298757408188,-0.065268484095,0.009386281588,-0.001798561151,0.033457249071,0.349321586120,True,False,-0.019713261649,2017-10-10,-0.031541218638,2017-12-05,0.370000000000,-0.100000000000,-0.025841462147,0.026055045872
2017-09-05,-0.296004190104,-0.061114905728,0.006126126126,0.009386281588,0.019131714496,0.349321586120,True,False,-0.022898032200,2017-10-11,-0.039713774597,2017-12-06,0.370000000000,-0.090000000000,-0.030056511947,0.026470588235
2017-09-06,-0.297005643107,-0.056910628647,0.004672897196,0.006126126126,0.024363233666,0.349321586120,True,False,-0.018691588785,2017-10-12,-0.035585909418,2017-12-07,0.300000000000,-0.160000000000,-0.025584215890,0.024935826916
2017-09-07,-0.282924622705,-0.052347694307,0.009786154404,0.004672897196,0.026947212994,0.349321586120,True,False,-0.021116678597,2017-10-13,-0.051539012169,2017-12-08,0.320000000000,-0.100000000000,-0.022551278718,0.013459439796
2017-09-08,-0.302724775248,-0.047882837185,0.014156079855,0.009786154404,0.003272727273,0.349321586120,True,False,-0.014732303270,2017-10-16,-0.047790154510,2017-12-11,0.260000000000,-0.140000000000,-0.027082845881,0.011219688744
2017-09-11,-0.306995728062,-0.046481821889,0.010170722848,0.014156079855,0.000363108206,0.349321586120,True,False,-0.014414414414,2017-10-17,-0.045405405405,2017-12-12,0.250000000000,-0.150000000000,-0.025989691031,0.007608695652
2017-09-12,-0.277196894349,-0.045072096704,0.009478672986,0.010170722848,-0.004699927693,0.349321586120,True,False,-0.015501081471,2017-10-18,-0.046142754146,2017-12-13,0.310000000000,-0.140000000000,-0.022609662694,0.010583941606
2017-09-13,-0.285042089472,-0.046033240977,0.010200364299,0.009478672986,-0.002908033442,0.349321586120,True,False,-0.014456089628,2017-10-19,-0.034333212866,2017-12-14,0.330000000000,-0.160000000000,-0.023901437372,0.014635931211
2017-09-14,-0.292887284595,-0.044616838083,0.002898550725,0.010200364299,-0.011167146974,0.345658995763,True,False,-0.019403521380,2017-10-20,-0.039885016170,2017-12-15,0.350000000000,-0.100000000000,-0.021089425984,0.002898550725
2017-09-15,-0.297339851626,-0.043191569006,0.005788712012,0.002898550725,-0.006836991724,0.344004308171,True,False,-0.021660649819,2017-10-23,-0.035018050542,2017-12-18,0.350000000000,-0.070000000000,-0.021646148140,0.006152732537
2017-09-18,-0.268729884844,-0.043259265947,-0.002170767004,0.005788712012,-0.003245582402,0.334866842718,False,False,-0.011260443153,2017-10-24,-0.026516527425,2017-12-19,0.350000000000,-0.080000000000,-0.019839101964,0.002180232558
2017-09-19,-0.274904985397,-0.050925568311,0.002908033442,-0.002170767004,-0.012857142857,0.331566822312,True,False,-0.015211879754,2017-10-25,-0.027526258602,2017-12-20,0.360000000000,-0.070000000000,-0.014452586911,0.003637686431
2017-09-20,-0.325733193751,-0.055425005775,0.005460502366,0.002908033442,-0.015037593985,0.331426998041,True,False,-0.011276827937,2017-10-26,-0.025463805020,2017-12-21,0.370000000000,-0.080000000000,-0.012710917714,0.004363636364
2017-09-21,-0.331179618722,-0.088123106930,-0.002554744526,0.005460502366,-0.013998564250,0.329853126578,False,False,-0.009864815491,2017-10-27,-0.022287175740,2017-12-22,0.430000000000,0.010000000000,-0.011479055863,-0.006543075245
2017-09-22,-0.329373946521,-0.092077777725,0.008843036109,-0.002554744526,-0.015804597701,0.324594184729,True,False,-0.008775137112,2017-10-30,-0.016087751371,2017-12-25,0.440000000000,0.000000000000,-0.014007116155,-0.004001455075
2017-09-25,-0.350691065082,-0.092351940050,0.009974141116,0.008843036109,-0.017022817820,0.322493429976,True,False,-0.020202020202,2017-10-31,-0.028860028860,2017-12-26,0.420000000000,0.000000000000,-0.009513487476,-0.010137581463
2017-09-26,-0.363010389516,-0.092354323444,0.030866493120,0.009974141116,-0.030444126074,0.313734317862,True,False,-0.014166363967,2017-11-01,-0.023610606611,2017-12-27,0.380000000000,-0.030000000000,-0.000747875354,-0.007163323782
2017-09-27,-0.369288318534,-0.091810282029,0.022321428571,0.030866493120,-0.037580529707,0.306466397186,True,False,-0.008768724881,2017-11-02,-0.014249177932,2017-12-28,0.400000000000,0.010000000000,0.003064305008,-0.004347826087
2017-09-28,-0.361318067055,-0.091263778568,0.014105419451,0.022321428571,-0.046470379567,0.293373028750,True,False,-0.010580080263,2017-11-03,-0.013863553448,2017-12-29,0.440000000000,0.050000000000,0.006243559435,-0.008708272859
2017-09-29,-0.383239978913,-0.090714796309,0.020848845867,0.014105419451,-0.040598290598,0.273741472399,True,False,-0.008418740849,2017-11-06,-0.003660322108,2018-01-02,0.440000000000,0.080000000000,0.008877197504,-0.011891891892
2017-10-09,-0.430542682003,-0.090163318350,0.026711813394,0.020848845867,-0.045486851457,0.268448423011,True,False,-0.006946983547,2017-11-07,0.001828153565,2018-01-03,0.490000000000,0.120000000000,0.013137740522,-0.023962804006
2017-10-10,-0.448895372081,-0.094559990913,0.023622047244,0.026711813394,-0.064743138635,0.266908621473,True,False,-0.004027828634,2017-11-08,-0.004393994874,2018-01-04,0.490000000000,0.120000000000,0.013286873947,-0.022206303725
2017-10-11,-0.459900664477,-0.095387305718,0.017937219731,0.023622047244,-0.065194532072,0.257682871732,True,False,-0.001831501832,2017-11-09,0.000000000000,2018-01-05,0.470000000000,0.170000000000,0.004120889623,-0.025402504472
2017-10-12,-0.458203291762,-0.085111074496,0.018628912072,0.017937219731,-0.064008394544,0.241668226280,True,False,0.001096892139,2017-11-10,-0.001828153565,2018-01-08,0.460000000000,0.140000000000,0.005022206254,-0.018664752333
2017-10-13,-0.457371564070,-0.086210344757,0.022056074766,0.018628912072,-0.058906030856,0.230515353268,True,False,-0.005105762217,2017-11-13,-0.002917578410,2018-01-09,0.440000000000,0.180000000000,0.014105676957,-0.021474588404
2017-10-16,-0.458937533990,-0.085647433857,0.019666048237,0.022056074766,-0.059092507914,0.223371016365,True,False,-0.004021937843,2017-11-14,-0.001828153565,2018-01-10,0.430000000000,0.180000000000,0.010314829202,-0.011866235167
2017-10-17,-0.448411296192,-0.085081952641,0.009970457903,0.019666048237,-0.051390355509,0.212874288836,True,False,-0.002196997437,2017-11-15,0.002929329916,2018-01-11,0.460000000000,0.150000000000,0.006767296752,-0.012278801011
2017-10-18,-0.397534295305,-0.085072180238,0.007382798080,0.009970457903,-0.045133991537,0.203300588589,True,False,-0.002200220022,2017-11-16,0.004767143381,2018-01-12,0.480000000000,0.150000000000,0.010747070163,-0.015867291742
2017-10-19,-0.396725718392,-0.084782839831,0.005908419498,0.007382798080,-0.041740360807,0.176100780831,True,False,-0.002931476731,2017-11-17,0.019787467937,2018-01-15,0.500000000000,0.150000000000,0.011242287250,-0.015895953757
2017-10-20,-0.391249748457,-0.085612040477,-0.000367107195,0.005908419498,-0.034581105169,0.166672945067,False,False,0.011808118081,2017-11-20,0.026937269373,2018-01-16,0.490000000000,0.140000000000,0.009729589263,-0.020503597122
2017-10-23,-0.398398256323,-0.085042665369,-0.005133846718,-0.000367107195,-0.029568934806,0.143840338578,False,False,0.001469507715,2017-11-21,0.022409992652,2018-01-17,0.520000000000,0.170000000000,0.011404553576,-0.016316171139
2017-10-24,-0.400506183605,-0.084470666870,-0.003658982803,-0.005133846718,-0.023979957051,0.129798206848,False,False,0.002942258183,2017-11-22,0.015079073189,2018-01-18,0.520000000000,0.160000000000,0.009285100494,-0.013048205872
2017-10-25,-0.388677924713,-0.077738520253,0.000738007380,-0.003658982803,-0.024625267666,0.120033945435,True,False,0.005150846210,2017-11-23,0.013612950699,2018-01-19,0.550000000000,0.180000000000,0.008906034051,-0.018102824041
2017-10-26,-0.371234882785,-0.077146969297,-0.005841548010,0.000738007380,-0.036273115220,0.104063360063,False,False,0.007011070111,2017-11-24,0.017712177122,2018-01-22,0.560000000000,0.130000000000,0.007689446557,-0.003658982803
2017-10-27,-0.374947006780,-0.076552673807,-0.010603290676,-0.005841548010,-0.017575322812,0.094692493005,False,False,0.005901881225,2017-11-27,0.017336776097,2018-01-23,0.570000000000,0.130000000000,0.013132651197,-0.011687363039
2017-10-30,-0.372272409266,-0.075490580264,-0.011305616338,-0.010603290676,-0.019010043042,0.092517765017,False,False,0.008836524300,2017-11-28,0.018777614138,2018-01-24,0.540000000000,0.120000000000,0.010015197568,-0.008412582297
2017-10-31,-0.368217318560,-0.074486323690,-0.009836065574,-0.011305616338,-0.001092896175,0.075767150305,False,False,0.009211495947,2017-11-29,0.025055268976,2018-01-25,0.500000000000,0.120000000000,0.003522936890,-0.019480519481
2017-11-01,-0.362538025132,-0.066105305596,-0.011305616338,-0.009836065574,-0.000728066982,0.067661891435,False,False,0.004791743457,2017-11-30,0.019904165131,2018-01-26,0.500000000000,0.100000000000,0.000595902604,-0.013464337700
2017-11-02,-0.355731485677,-0.065480370232,-0.006957158550,-0.011305616338,0.001460920380,0.055360094320,False,False,-0.001106194690,2017-12-01,0.017330383481,2018-01-29,0.490000000000,0.050000000000,-0.004661144578,-0.007320644217
2017-11-03,-0.347222481498,-0.066165886617,-0.012736535662,-0.006957158550,-0.003648303539,0.045969997754,False,False,-0.002953119232,2017-12-04,0.012550756737,2018-01-30,0.480000000000,0.040000000000,-0.007085856840,-0.010576221736
2017-11-06,-0.346624638744,-0.065539040621,-0.006605504587,-0.012736535662,0.008070432869,0.042946585395,False,False,-0.005154639175,2017-12-05,0.006627393225,2018-01-31,0.480000000000,-0.010000000000,-0.001528405629,-0.008061561011
2017-11-07,-0.351035366813,-0.065641715921,-0.000367647059,-0.006605504587,-0.002196997437,0.038698595209,False,False,-0.013235294118,2017-12-06,0.004044117647,2018-02-01,0.460000000000,-0.030000000000,0.001401957450,-0.004029304029
2017-11-08,-0.342805850854,-0.065891283148,-0.002566923359,-0.000367647059,-0.006936838262,0.035721669821,False,False,-0.015412844037,2017-12-07,0.002935779817,2018-02-02,0.440000000000,-0.030000000000,0.011285557654,-0.001468428781
2017-11-09,-0.343002104821,-0.061280902859,-0.007275372863,-0.002566923359,-0.008363636364,0.030152411884,False,False,-0.032140248356,2017-12-08,-0.009495982469,2018-02-05,0.450000000000,-0.010000000000,0.008903526119,-0.001828822238
2017-11-10,-0.333023081061,-0.053508454965,-0.010133912414,-0.007275372863,-0.002901704752,0.024178042580,False,False,-0.028592375367,2017-12-11,-0.002199413490,2018-02-06,0.460000000000,0.020000000000,0.010617565462,0.000365764448
2017-11-13,-0.306850861759,-0.047437911496,-0.013043478261,-0.010133912414,-0.001806358382,0.021807031284,False,False,-0.027533039648,2017-12-12,-0.013950073421,2018-02-07,0.520000000000,0.090000000000,0.014391540031,-0.008733624454
2017-11-14,-0.290979866618,-0.047512792148,-0.007664233577,-0.013043478261,-0.011107130061,0.018434301302,False,False,-0.028990825688,2017-12-13,-0.018715596330,2018-02-08,0.520000000000,0.060000000000,0.011259978278,-0.005850091408
2017-11-15,-0.285077082364,-0.048490507865,-0.003293084523,-0.007664233577,-0.015804597701,0.015585864906,False,False,-0.018008085263,2017-12-14,-0.009187798603,2018-02-09,0.510000000000,0.030000000000,0.004591728229,-0.001832172957
2017-11-16,-0.281832143795,-0.048567219563,-0.014855072464,-0.003293084523,-0.020430107527,0.008620585521,False,False,-0.018008085263,2017-12-15,-0.013965453877,2018-02-12,0.480000000000,-0.020000000000,0.001722494831,-0.001835535977
2017-11-17,-0.277497710644,-0.048644174361,-0.012667390518,-0.014855072464,-0.015340706386,-0.000935987561,False,False,-0.025164113786,2017-12-18,-0.014952589351,2018-02-13,0.530000000000,0.040000000000,0.004101853744,0.001836210062
2017-11-20,-0.267232989704,-0.048721373416,-0.003633720930,-0.012667390518,-0.003246753247,-0.008211578298,False,False,-0.016874541453,2017-12-19,-0.003301540719,2018-02-14,0.490000000000,-0.030000000000,0.002048046429,0.010689273867
2017-11-21,-0.203488551347,-0.048798817892,-0.008366678792,-0.003633720930,-0.011494252874,-0.013358283563,False,False,-0.015401540154,2017-12-20,-0.007334066740,2018-02-22,0.520000000000,0.000000000000,0.001603351366,0.001101726037
2017-11-22,-0.140291938171,-0.048876508963,-0.008727272727,-0.008366678792,-0.013988522238,-0.022505322630,False,False,-0.019399707174,2017-12-21,-0.007320644217,2018-02-23,0.520000000000,-0.030000000000,-0.002331798872,0.005162241888
2017-11-23,-0.118360391032,-0.048954447807,-0.008360596147,-0.008727272727,-0.009009009009,-0.025221469287,False,False,-0.019421033346,2017-12-22,-0.005496518871,2018-02-26,0.480000000000,-0.080000000000,-0.006122694950,0.001836210062
2017-11-24,0.016812392751,-0.047754912208,-0.006184066933,-0.008360596147,-0.009362621534,-0.025970847438,False,False,-0.013201320132,2017-12-25,-0.003667033370,2018-02-27,0.480000000000,-0.090000000000,-0.011234097553,0.009608277901
2017-11-27,0.000000000000,-0.047831306182,-0.011223750905,-0.006184066933,-0.007939372068,-0.025970847438,False,False,-0.017518248175,2017-12-26,-0.016423357664,2018-02-28,0.500000000000,-0.040000000000,-0.008718157059,0.007377351531
2017-11-28,-0.019907122215,-0.047907944964,-0.020057306590,-0.011223750905,-0.015329768271,-0.025970847438,False,False,-0.018619934283,2017-12-27,-0.017159547280,2018-03-01,0.490000000000,-0.010000000000,-0.005981528077,0.006622516556
2017-11-29,-0.013271414810,-0.034504141781,-0.007971014493,-0.020057306590,-0.010630758327,-0.025970847438,False,False,-0.010271460015,2017-12-28,-0.012105649303,2018-03-02,0.500000000000,0.000000000000,-0.003681841826,0.009959424567
2017-11-30,0.010087435651,-0.034559604548,-0.013062409289,-0.007971014493,-0.022316684378,-0.025970847438,False,False,-0.002214839424,2017-12-29,0.000369139904,2018-03-05,0.530000000000,0.040000000000,0.000509150332,0.002949852507
2017-12-01,0.000000000000,-0.034615245907,-0.026306306306,-0.013062409289,-0.017818959373,-0.025970847438,False,False,0.007774898186,2018-01-02,0.000740466494,2018-03-06,0.560000000000,0.080000000000,0.000631910337,-0.004054552156
2017-12-04,-0.006816640328,-0.034671066721,-0.034334763948,-0.026306306306,-0.001798561151,-0.025970847438,False,False,0.014063656551,2018-01-03,0.007772020725,2018-03-07,0.510000000000,0.030000000000,-0.006047648965,-0.002585888437
2017-12-05,0.007007716664,-0.034565546614,-0.032234957020,-0.034334763948,0.009386281588,-0.025970847438,False,False,0.013040238450,2018-01-04,0.009687034277,2018-03-08,0.500000000000,0.040000000000,-0.000992449085,-0.006252298639
2017-12-06,0.003491624176,-0.034621467640,-0.038998211091,-0.032234957020,0.006126126126,-0.025970847438,False,False,0.017517704063,2018-01-05,0.007454342154,2018-03-09,0.500000000000,0.060000000000,-0.003488979673,-0.012500000000
2017-12-07,-0.003491624176,-0.034990319345,-0.042354630294,-0.038998211091,0.004672897196,-0.025970847438,False,False,0.030188679245,2018-01-08,0.019245283019,2018-03-12,0.470000000000,0.020000000000,-0.002174952091,-0.022352510077
2017-12-08,0.010853848111,-0.035203636000,-0.051181102362,-0.042354630294,0.009786154404,-0.025970847438,False,False,0.031698113208,2018-01-09,0.019245283019,2018-03-13,0.500000000000,0.040000000000,-0.003514540632,-0.030712979890
2017-12-11,0.029048691659,-0.019011604553,-0.046026609133,-0.051181102362,0.014156079855,-0.025970847438,False,False,0.030577576444,2018-01-10,0.020385050963,2018-03-14,0.500000000000,-0.020000000000,-0.005773865323,-0.026064610866
2017-12-12,0.018089746852,-0.019042547235,-0.043336944745,-0.046026609133,0.010170722848,-0.025970847438,False,False,0.035147392290,2018-01-11,0.020786092215,2018-03-15,0.510000000000,-0.010000000000,-0.005337849764,-0.025744759103
2017-12-13,0.032918840428,-0.019073590804,-0.044356292824,-0.043336944745,0.009478672986,-0.025970847438,False,False,0.025449101796,2018-01-12,0.005613772455,2018-03-16,0.510000000000,0.000000000000,-0.001457031874,-0.027165932452
2017-12-14,0.055473441165,0.004898650193,-0.033959537572,-0.044356292824,0.010200364299,-0.025970847438,False,False,0.041541916168,2018-01-15,0.003742514970,2018-03-19,0.480000000000,0.000000000000,-0.002955847731,-0.016550202280
2017-12-15,0.070527184518,0.015864874448,-0.038489208633,-0.033959537572,0.002898550725,-0.025970847438,False,False,0.041152263374,2018-01-16,0.005237560793,2018-03-20,0.480000000000,-0.050000000000,-0.003991620236,-0.020161290323
2017-12-18,0.089086969917,0.015890864817,-0.030456852792,-0.038489208633,0.005788712012,-0.025970847438,False,False,0.038432835821,2018-01-17,0.001865671642,2018-03-21,0.470000000000,-0.020000000000,-0.004804917922,-0.024799416484
2017-12-19,0.105105236618,0.016737401331,-0.026458861906,-0.030456852792,-0.002170767004,-0.025970847438,False,False,0.027932960894,2018-01-18,0.011173184358,2018-03-22,0.500000000000,-0.020000000000,-0.005607260100,-0.014673514307
2017-12-20,0.177133893094,0.019723424986,-0.029688631427,-0.026458861906,0.002908033442,-0.025970847438,False,False,0.028368794326,2018-01-19,0.019036954087,2018-03-23,0.550000000000,0.030000000000,-0.003237293378,-0.016874541453
2017-12-21,0.173108122797,0.022719280569,-0.020856201976,-0.029688631427,0.005460502366,-0.025970847438,False,False,0.030642750374,2018-01-22,0.025037369208,2018-03-26,0.570000000000,0.090000000000,-0.004873456865,-0.019061583578
2017-12-22,0.181159663392,0.022756745561,-0.021913805698,-0.020856201976,-0.002554744526,-0.025970847438,False,False,0.024897807507,2018-01-23,0.015235971758,2018-03-27,0.550000000000,0.070000000000,-0.001935675092,-0.019765739385
2017-12-25,0.208674589027,0.029401387746,-0.014996342356,-0.021913805698,0.008843036109,-0.025970847438,False,False,0.027860326895,2018-01-24,0.013001485884,2018-03-28,0.540000000000,0.040000000000,-0.003520057802,-0.013914317100
2017-12-26,0.241264893601,0.029450032230,-0.034271284271,-0.014996342356,0.009974141116,-0.025970847438,False,False,0.034970238095,2018-01-25,0.004836309524,2018-03-29,0.540000000000,0.050000000000,-0.004945887774,-0.021564327485
2017-12-27,0.231676820664,0.029498837945,-0.020742358079,-0.034271284271,0.030866493120,-0.025970847438,False,False,0.025574499629,2018-01-26,-0.002965159377,2018-03-30,0.530000000000,0.030000000000,-0.010087573943,-0.017165814463
2017-12-28,0.228785674966,0.032037789319,-0.014641288433,-0.020742358079,0.022321428571,-0.025970847438,False,False,0.020717721051,2018-01-29,-0.001849796522,2018-04-02,0.480000000000,-0.050000000000,-0.008652663210,-0.010294117647
2017-12-29,0.215410405151,0.032091060129,-0.012399708242,-0.014641288433,0.014105419451,-0.025970847438,False,False,0.007714915503,2018-01-30,-0.001836884644,2018-04-03,0.470000000000,-0.090000000000,-0.012135604757,0.002220577350
2018-01-02,0.233918454356,0.032144508386,-0.002198607549,-0.012399708242,0.020848845867,-0.025970847438,False,False,-0.002189781022,2018-01-31,-0.013503649635,2018-04-04,0.440000000000,-0.070000000000,-0.012722918230,0.008518518519
2018-01-03,0.267335376407,0.032198134977,0.001098901099,-0.002198607549,0.026711813394,-0.025970847438,True,True,0.004413387275,2018-02-01,-0.004413387275,2018-04-09,0.460000000000,-0.040000000000,-0.017658968490,0.011472982976
2018-01-04,0.260067477723,0.032251940798,-0.001835535977,0.001098901099,0.023622047244,-0.025970847438,False,False,0.001098901099,2018-02-02,-0.004761904762,2018-04-10,0.460000000000,-0.040000000000,-0.018410363659,0.012285927029
2018-01-05,0.222772583571,0.020857004378,-0.002194586686,-0.001835535977,0.017937219731,-0.025970847438,False,False,-0.006593406593,2018-02-05,-0.004761904762,2018-04-11,0.450000000000,-0.020000000000,-0.019036991314,0.022488755622
2018-01-08,0.196399613202,0.020891586593,-0.001463057791,-0.002194586686,0.018628912072,-0.025970847438,False,False,-0.004389173372,2018-02-06,-0.000731528895,2018-04-12,0.460000000000,-0.040000000000,-0.022080899901,0.029800075443
2018-01-09,0.182630117194,0.020926283678,-0.004366812227,-0.001463057791,0.022056074766,-0.025970847438,False,False,-0.016117216117,2018-02-07,-0.004761904762,2018-04-13,0.470000000000,-0.030000000000,-0.019085219938,0.031285337354
2018-01-10,0.153907069070,0.020961096205,-0.002193784278,-0.004366812227,0.019666048237,-0.025970847438,False,False,-0.023731288792,2018-02-08,-0.004016064257,2018-04-16,0.520000000000,0.010000000000,-0.013114575845,0.030200075500
2018-01-11,0.021171513963,0.020996024753,0.001832172957,-0.002193784278,0.009970457903,-0.025970847438,True,True,-0.016058394161,2018-02-09,-0.004379562044,2018-04-17,0.520000000000,0.010000000000,-0.015724803119,0.031698113208
2018-01-12,-0.020876850936,0.021031069901,0.018355359765,0.001832172957,0.007382798080,-0.025970847438,True,False,-0.035932447000,2018-02-12,-0.020481494790,2018-04-18,0.540000000000,0.060000000000,-0.018492335563,0.037397157816
2018-01-15,-0.006910857995,-0.061192388871,0.022034520749,0.018355359765,0.005908419498,-0.025970847438,True,False,-0.029464606540,2018-02-13,-0.019403521380,2018-04-19,0.540000000000,0.060000000000,-0.022478985554,0.041152263374
2018-01-16,0.101611891628,-0.106344923311,0.025064504239,0.022034520749,-0.000367107195,-0.025970847438,True,True,-0.023715415020,2018-02-14,-0.020481494790,2018-04-20,0.540000000000,0.070000000000,-0.026463801994,0.040014958863
2018-01-17,0.137130962413,-0.113568957326,0.018729342637,0.025064504239,-0.005133846718,-0.025970847438,True,True,-0.019202898551,2018-02-22,-0.019202898551,2018-04-23,0.510000000000,0.010000000000,-0.026129175259,0.032762472077
2018-01-18,0.114029156910,-0.106824482035,0.017330383481,0.018729342637,-0.003658982803,-0.025970847438,True,True,-0.015607985481,2018-02-23,-0.020689655172,2018-04-24,0.530000000000,-0.020000000000,-0.026158814834,0.029477611940
2018-01-19,0.084345573938,-0.103993622616,0.010282776350,0.017330383481,0.000738007380,-0.025970847438,True,True,-0.015953589558,2018-02-26,-0.019579405366,2018-04-25,0.570000000000,0.000000000000,-0.021832315025,0.028026905830
2018-01-22,0.085208004099,-0.100483392105,0.017738359202,0.010282776350,-0.005841548010,-0.025970847438,True,True,-0.014865844815,2018-02-27,-0.021754894851,2018-04-26,0.580000000000,0.030000000000,-0.025218671213,0.028379387603
2018-01-23,0.085208004099,-0.098253963357,0.018812246404,0.017738359202,-0.010603290676,-0.025970847438,True,True,-0.026020961330,2018-02-28,-0.027466570293,2018-04-27,0.600000000000,0.060000000000,-0.024694696082,0.025621982919
2018-01-24,0.088616324263,-0.097247950080,0.020603384842,0.018812246404,-0.011305616338,-0.025970847438,True,True,-0.032350826743,2018-03-01,-0.036304816679,2018-05-02,0.570000000000,0.030000000000,-0.025217943660,0.036234590960
2018-01-25,0.081245860128,-0.104261462432,0.026927333087,0.020603384842,-0.009836065574,-0.025970847438,True,True,-0.026743765811,2018-03-02,-0.027827972533,2018-05-03,0.580000000000,0.050000000000,-0.029432986775,0.034559643255
2018-01-26,0.074983043607,-0.104935890677,0.020280235988,0.026927333087,-0.011305616338,-0.025970847438,True,True,-0.017760057992,2018-03-05,-0.025733961580,2018-05-04,0.560000000000,0.080000000000,-0.034455089090,0.027860326895
2018-01-29,0.078929397082,-0.091241241843,0.015112421673,0.020280235988,-0.006957158550,-0.025221469287,True,True,-0.014582573824,2018-03-06,-0.015676266861,2018-05-07,0.570000000000,0.100000000000,-0.031375485290,0.016986706056
2018-01-30,0.055478566203,-0.087209263398,0.008865903214,0.015112421673,-0.012736535662,-0.024089302270,True,True,-0.004023408925,2018-03-07,-0.013899049012,2018-05-08,0.610000000000,0.170000000000,-0.026875360325,0.002937936100
2018-01-31,0.079750438916,-0.087690823952,0.005884516366,0.008865903214,-0.006605504587,-0.020634418756,True,True,-0.007689491029,2018-03-08,-0.013914317100,2018-05-09,0.630000000000,0.170000000000,-0.026459742447,0.000731796561
2018-02-01,0.068634258332,-0.084647041989,0.003308823529,0.005884516366,-0.000367647059,-0.018565574756,True,True,-0.010976948408,2018-03-09,-0.014635931211,2018-05-10,0.610000000000,0.150000000000,-0.030329107338,0.003677822729
2018-02-02,0.087596458300,-0.087376651620,0.000732869183,0.003308823529,-0.002566923359,-0.014223552986,True,True,-0.004056047198,2018-03-12,-0.006637168142,2018-05-11,0.670000000000,0.220000000000,-0.030961564529,0.001099706745
2018-02-05,0.080307356037,-0.089954733315,-0.010968921389,0.000732869183,-0.007275372863,-0.012406145387,False,False,-0.007714915503,2018-03-13,-0.010286554004,2018-05-14,0.700000000000,0.240000000000,-0.025465967940,-0.009157509158
2018-02-06,0.051475693749,-0.098773422703,0.000734214391,-0.010968921389,-0.010133912414,-0.009085467336,True,True,0.006329113924,2018-03-14,-0.000372300819,2018-05-15,0.670000000000,0.200000000000,-0.028526836836,-0.003654970760
2018-02-07,-0.023939835773,-0.097445599503,-0.011033468187,0.000734214391,-0.013043478261,-0.006887303578,False,False,0.010097232610,2018-03-15,-0.007479431563,2018-05-16,0.690000000000,0.170000000000,-0.038633929118,-0.014657383657
2018-02-08,-0.031206693489,-0.100761337393,-0.016152716593,-0.011033468187,-0.007664233577,-0.006887303578,False,False,-0.003338278932,2018-03-16,-0.018545994065,2018-05-17,0.740000000000,0.220000000000,-0.031120360576,-0.019751280176
2018-02-09,-0.010511574996,-0.109575174223,-0.009930121368,-0.016152716593,-0.003293084523,-0.009085467336,False,False,-0.000372717108,2018-03-19,-0.014535967201,2018-05-18,0.760000000000,0.220000000000,-0.019479348978,-0.029560201875
2018-02-12,-0.010474872527,-0.114254573847,-0.012463343109,-0.009930121368,-0.014855072464,-0.010336265526,False,False,-0.005183265457,2018-03-20,-0.019252128841,2018-05-21,0.780000000000,0.240000000000,-0.022610322299,-0.031979877830
2018-02-13,-0.034083201640,-0.111775908988,-0.012399708242,-0.012463343109,-0.012667390518,-0.010502399379,False,False,-0.011777695988,2018-03-21,-0.025395656975,2018-05-22,0.790000000000,0.250000000000,-0.016567746430,-0.026249550521
2018-02-14,-0.069674927754,-0.108119200499,0.001467351431,-0.012399708242,-0.003633720930,-0.012581454857,True,False,0.002955301071,2018-03-22,-0.020317694865,2018-05-23,0.780000000000,0.270000000000,-0.016004144936,-0.015861571738
2018-02-22,-0.084856489182,-0.088046204506,-0.008070432869,0.001467351431,-0.008366678792,-0.014223552986,False,False,0.006637168142,2018-03-23,-0.019542772861,2018-05-24,0.820000000000,0.290000000000,-0.018754303852,-0.019934758971
2018-02-23,-0.081859945274,-0.085343459639,-0.005865102639,-0.008070432869,-0.008727272727,-0.018565574756,False,False,0.010685335298,2018-03-26,-0.014001473839,2018-05-25,0.810000000000,0.240000000000,-0.013573963032,-0.014176663032
2018-02-26,-0.082672048801,-0.092081093085,-0.001830161054,-0.005865102639,-0.008360596147,-0.020634418756,False,False,0.005520794994,2018-03-27,-0.017298490983,2018-05-28,0.760000000000,0.180000000000,-0.011655628932,-0.009803921569
2018-02-27,-0.064102636193,-0.092403802601,-0.006957158550,-0.001830161054,-0.006184066933,-0.023174089563,False,False,0.011873840445,2018-03-28,-0.006307977737,2018-05-29,0.730000000000,0.130000000000,-0.016843012781,-0.018102824041
2018-02-28,-0.074475371784,-0.087005750121,-0.016081871345,-0.006957158550,-0.011223750905,-0.024916398385,False,False,0.003343239227,2018-03-29,-0.001485884101,2018-05-30,0.770000000000,0.200000000000,-0.011363103628,-0.029560201875
2018-03-01,-0.077337006654,-0.099233129038,-0.017896274653,-0.016081871345,-0.020057306590,-0.029715499931,False,False,-0.001113999257,2018-03-30,-0.003341997772,2018-05-31,0.750000000000,0.170000000000,-0.002815432825,-0.034123563218
2018-03-02,-0.086551361020,-0.088409586463,-0.007352941176,-0.017896274653,-0.007971014493,-0.029715499931,False,False,-0.004428044280,2018-04-02,-0.012177121771,2018-06-01,0.710000000000,0.150000000000,0.002917365792,-0.024213950126
2018-03-05,-0.074224105065,-0.086555741898,0.002960769800,-0.007352941176,-0.013062409289,-0.029715499931,True,False,0.005179430263,2018-04-03,-0.011838697743,2018-06-04,0.740000000000,0.170000000000,0.000185741825,-0.015976761075
2018-03-06,-0.058339119583,-0.085363914218,0.003333333333,0.002960769800,-0.026306306306,-0.029715499931,True,False,-0.007344840250,2018-04-04,-0.022401762762,2018-06-05,0.750000000000,0.140000000000,-0.000498566621,-0.008055657268
2018-03-07,-0.045233177028,-0.081811757337,0.006291635825,0.003333333333,-0.034334763948,-0.029715499931,True,False,-0.001107011070,2018-04-09,-0.015498154982,2018-06-06,0.760000000000,0.130000000000,-0.003036553180,-0.005850091408
2018-03-08,-0.052192127340,-0.063179387901,0.010424422934,0.006291635825,-0.032234957020,-0.029715499931,True,False,0.005179430263,2018-04-10,-0.014428412875,2018-06-07,0.760000000000,0.150000000000,0.003437113523,-0.005496518871
2018-03-09,-0.042046299984,-0.059760260635,0.011994002999,0.010424422934,-0.038998211091,-0.029715499931,True,False,0.005923731951,2018-04-11,-0.013328396890,2018-06-08,0.750000000000,0.080000000000,0.008327875732,-0.011351153424
2018-03-12,-0.017895511686,-0.058515561104,0.018106374953,0.011994002999,-0.042354630294,-0.029715499931,True,False,0.011477230655,2018-04-12,-0.011477230655,2018-06-11,0.780000000000,0.080000000000,0.002447148715,-0.002218114603
2018-03-13,-0.035285856605,-0.078514050371,0.016961929891,0.018106374953,-0.051181102362,-0.024916398385,True,False,0.005179430263,2018-04-13,-0.010728819830,2018-06-12,0.770000000000,0.100000000000,0.002049368633,-0.010271460015
2018-03-14,-0.028429315837,-0.074496410899,0.020007550019,0.016961929891,-0.046026609133,-0.024916398385,True,False,0.009996297668,2018-04-16,-0.011847463902,2018-06-13,0.750000000000,0.060000000000,0.007084945327,0.004834510971
2018-03-15,-0.031869726003,-0.075284986080,0.018490566038,0.020007550019,-0.043336944745,-0.024916398385,True,False,0.015258652773,2018-04-17,-0.006698920729,2018-06-14,0.740000000000,0.000000000000,-0.002038796469,0.007089552239
2018-03-16,-0.049054016648,-0.103995101831,0.005235602094,0.018490566038,-0.044356292824,-0.024916398385,True,False,0.016405667412,2018-04-18,0.001491424310,2018-06-15,0.740000000000,-0.020000000000,-0.005493154376,-0.001485884101
2018-03-19,-0.069348207753,-0.114632814352,0.001870557426,0.005235602094,-0.033959537572,-0.024916398385,True,False,0.015630815035,2018-04-19,-0.003349460365,2018-06-19,0.770000000000,-0.010000000000,0.002238713746,-0.005939123979
2018-03-20,-0.085208004099,-0.088532165719,0.005609573672,0.001870557426,-0.038489208633,-0.024916398385,True,False,0.015270018622,2018-04-20,-0.010800744879,2018-06-20,0.770000000000,-0.020000000000,-0.000689466502,-0.007016248154
2018-03-21,-0.071331602504,-0.085053007229,0.001489203276,0.005609573672,-0.030456852792,-0.024916398385,True,False,-0.002946593002,2018-04-23,-0.026519337017,2018-06-21,0.810000000000,0.030000000000,-0.000059996006,-0.014652014652
2018-03-22,-0.058139601162,-0.082686775403,0.012313432836,0.001489203276,-0.026458861906,-0.024916398385,True,False,-0.011721611722,2018-04-24,-0.029670329670,2018-06-22,0.800000000000,-0.020000000000,-0.001241180254,0.003328402367
2018-03-23,-0.054907406666,-0.079843712372,0.024289985052,0.012313432836,-0.029688631427,-0.024916398385,True,False,-0.014218009479,2018-04-25,-0.029165147649,2018-06-25,0.750000000000,-0.060000000000,0.000782246555,0.010693215339
2018-03-26,-0.047716482295,-0.079649978653,0.022404779686,0.024289985052,-0.020856201976,-0.024916398385,True,False,-0.012445095168,2018-04-26,-0.026720351391,2018-06-26,0.750000000000,-0.010000000000,-0.002210660013,0.004033736707
2018-03-27,-0.057549150924,-0.082796652705,0.015967322688,0.022404779686,-0.021913805698,-0.024916398385,True,False,-0.013201320132,2018-04-27,-0.025302530253,2018-06-27,0.770000000000,0.040000000000,-0.006442603953,0.008849557522
2018-03-28,-0.060321783201,-0.079554673829,0.016436309301,0.015967322688,-0.014996342356,-0.024916398385,True,False,-0.007404664939,2018-05-02,-0.014068863384,2018-06-28,0.710000000000,-0.060000000000,-0.009231005113,0.010772659733
2018-03-29,-0.037619741929,-0.077912009653,-0.001114827202,0.016436309301,-0.034271284271,-0.024916398385,False,False,0.000000000000,2018-05-03,-0.011152416357,2018-06-29,0.720000000000,-0.030000000000,-0.007137825261,-0.000371885459
2018-03-30,-0.050778662580,-0.077849350569,0.000000000000,-0.001114827202,-0.020742358079,-0.024916398385,False,False,-0.003706449222,2018-05-04,-0.012231282431,2018-07-02,0.690000000000,-0.020000000000,-0.011962402752,-0.002962962963
2018-04-02,-0.040899841968,-0.079263608853,-0.004431314623,0.000000000000,-0.014641288433,-0.024916398385,False,False,-0.006256900994,2018-05-07,-0.019138755981,2018-07-03,0.690000000000,-0.050000000000,-0.010279493485,-0.005166051661
2018-04-03,-0.047393418408,-0.073743742271,-0.002570694087,-0.004431314623,-0.012399708242,-0.024916398385,False,False,-0.002589715131,2018-05-08,-0.008879023307,2018-07-04,0.680000000000,-0.070000000000,-0.010344892905,0.002583979328
2018-04-04,-0.072511615592,-0.072246674390,-0.007683863886,-0.002570694087,-0.002198607549,-0.024916398385,False,False,-0.005171776875,2018-05-09,-0.011451791651,2018-07-05,0.710000000000,-0.050000000000,-0.005863406401,-0.002574475910
2018-04-09,-0.063249071515,-0.070420984741,-0.004413387275,-0.007683863886,0.001098901099,-0.024916398385,False,False,-0.008833271991,2018-05-10,-0.014354066986,2018-07-06,0.710000000000,-0.050000000000,-0.005414885437,-0.002579218865
2018-04-10,-0.060728813235,-0.062751980822,-0.006598240469,-0.004413387275,-0.001835535977,-0.024916398385,False,False,-0.008465218992,2018-05-11,-0.014354066986,2018-07-09,0.710000000000,-0.040000000000,-0.006204174161,0.003703703704
2018-04-11,-0.047879671545,-0.053109107871,-0.001465201465,-0.006598240469,-0.002194586686,-0.024916398385,False,False,-0.013909224012,2018-05-14,-0.023426061493,2018-07-10,0.720000000000,-0.060000000000,-0.008205981431,0.010003705076
2018-04-12,-0.044612267916,-0.036927766036,-0.000365497076,-0.001465201465,-0.001463057791,-0.024916398385,False,False,-0.011777695988,2018-05-15,-0.015826278984,2018-07-11,0.680000000000,-0.090000000000,-0.008038408541,0.013713862120
2018-04-13,-0.051299648084,-0.028514929439,-0.005496518871,-0.000365497076,-0.004366812227,-0.024916398385,False,False,-0.027126099707,2018-05-16,-0.019794721408,2018-07-12,0.700000000000,-0.050000000000,-0.007728180475,0.004441154700
2018-04-16,-0.038009718970,-0.015015171852,-0.003291880029,-0.005496518871,-0.002193784278,-0.024916398385,False,False,-0.030058651026,2018-05-17,-0.021994134897,2018-07-13,0.690000000000,-0.050000000000,-0.005350387346,0.009633197481
2018-04-17,-0.007107328959,-0.012097164425,-0.016222062004,-0.003291880029,0.001832172957,-0.024916398385,False,False,-0.030080704329,2018-05-18,-0.021276595745,2018-07-16,0.710000000000,-0.030000000000,-0.009903899705,0.015252976190
2018-04-18,-0.027835801248,0.094209650488,-0.020122170320,-0.016222062004,0.018355359765,-0.023174089563,False,False,-0.029314767314,2018-05-21,-0.026016855991,2018-07-17,0.680000000000,-0.090000000000,-0.006908228063,0.018297236744
2018-04-19,-0.111323273244,0.172596800381,-0.016900395541,-0.020122170320,0.022034520749,-0.023174089563,False,False,-0.028613352898,2018-05-22,-0.028980190756,2018-07-18,0.710000000000,-0.060000000000,-0.007642375743,0.016734845668
2018-04-20,-0.139146711139,0.191516645295,-0.018745493872,-0.016900395541,0.025064504239,-0.023174089563,False,False,-0.020317694865,2018-05-23,-0.023272995936,2018-07-19,0.750000000000,-0.060000000000,-0.008864152210,0.011895910781
2018-04-23,-0.145781788443,0.178840530310,-0.018484958318,-0.018745493872,0.018729342637,-0.023174089563,False,False,-0.014455151964,2018-05-24,-0.016679021497,2018-07-20,0.790000000000,-0.010000000000,-0.003994635752,-0.001842978253
2018-04-24,-0.146235372574,0.179319950082,-0.018538713195,-0.018484958318,0.017330383481,-0.023174089563,False,False,-0.010355029586,2018-05-25,-0.013683431953,2018-07-23,0.800000000000,0.050000000000,-0.004975332353,-0.014958044509
2018-04-25,-0.138191099446,0.177988418093,-0.019970951344,-0.018538713195,0.010282776350,-0.023174089563,False,False,-0.010378057821,2018-05-28,-0.011119347665,2018-07-24,0.830000000000,0.080000000000,-0.002375565969,-0.014243973703
2018-04-26,-0.138191099446,0.174595807916,-0.021723388849,-0.019970951344,0.017738359202,-0.023174089563,False,False,-0.004830917874,2018-05-29,-0.008175399480,2018-07-25,0.860000000000,0.090000000000,0.010899770716,-0.012426900585
2018-04-27,-0.153412808822,0.172172471126,-0.029560201875,-0.021723388849,0.018812246404,-0.023174089563,False,False,0.002610966057,2018-05-30,-0.005221932115,2018-07-26,0.820000000000,0.110000000000,0.009403160923,-0.010657846380
2018-05-02,-0.153412808822,0.174037993833,-0.035919540230,-0.029560201875,0.020603384842,-0.023174089563,False,False,-0.002230483271,2018-05-31,-0.007434944238,2018-07-27,0.790000000000,0.070000000000,0.005471796267,-0.001488095238
2018-05-03,-0.136334957023,0.175205251088,-0.029996385978,-0.035919540230,0.026927333087,-0.023174089563,False,False,-0.004092261905,2018-06-01,-0.006696428571,2018-07-30,0.800000000000,0.110000000000,0.016404198429,-0.002971768202
2018-05-04,-0.127226597993,0.153545258890,-0.024328249818,-0.029996385978,0.020280235988,-0.023174089563,False,False,-0.010740740741,2018-06-04,-0.010740740741,2018-07-31,0.780000000000,0.090000000000,0.013045901388,-0.003338278932
2018-05-07,-0.098554641431,0.148905143756,-0.013548150860,-0.024328249818,0.015112421673,-0.023174089563,False,False,-0.012611275964,2018-06-05,-0.008902077151,2018-08-01,0.790000000000,0.110000000000,0.013646278197,-0.008100147275
2018-05-08,-0.115607060166,0.156584948437,-0.015722120658,-0.013548150860,0.008865903214,-0.023174089563,False,False,-0.009283327144,2018-06-06,-0.010397326402,2018-08-02,0.780000000000,0.070000000000,0.013822016235,-0.007374631268
2018-05-09,-0.102761831259,0.155042002622,-0.014657383657,-0.015722120658,0.005884516366,-0.023174089563,False,False,-0.010768659488,2018-06-07,-0.011882658745,2018-08-03,0.810000000000,0.100000000000,0.012649700182,-0.006649427410
2018-05-10,-0.099871241271,0.157369515361,-0.015012815818,-0.014657383657,0.003308823529,-0.023174089563,False,False,-0.010764662212,2018-06-08,-0.010764662212,2018-08-06,0.820000000000,0.110000000000,0.009656636191,-0.007380073801
2018-05-11,-0.093729900592,0.151101671875,-0.004436229205,-0.015012815818,0.000732869183,-0.023174089563,False,False,-0.008908685969,2018-06-11,-0.012249443207,2018-08-07,0.800000000000,0.080000000000,0.008398936751,-0.012105649303
2018-05-14,-0.081592778060,0.157513966973,-0.011738811445,-0.004436229205,-0.010968921389,-0.023174089563,False,False,-0.004096834264,2018-06-12,-0.011918063315,2018-08-08,0.820000000000,0.140000000000,0.009838542700,-0.014990859232
2018-05-15,0.003503858332,0.157726505544,-0.003346969134,-0.011738811445,0.000734214391,-0.023174089563,False,False,0.005651846270,2018-06-13,0.001883948757,2018-08-09,0.850000000000,0.150000000000,0.009384432816,-0.012527634488
2018-05-16,0.025053716361,0.161709065455,-0.009701492537,-0.003346969134,-0.011033468187,-0.020634418756,False,False,0.008692365835,2018-06-14,0.004535147392,2018-08-10,0.900000000000,0.210000000000,0.014895728308,-0.026055045872
2018-05-17,0.017705403335,0.178893682625,-0.018573551263,-0.009701492537,-0.016152716593,-0.019404219583,False,False,0.015885022693,2018-06-15,0.007564296520,2018-08-13,0.920000000000,0.210000000000,0.013380376087,-0.031879809454
2018-05-18,0.014114342642,0.188787951267,-0.018559762435,-0.018573551263,-0.009930121368,-0.017056866859,False,False,0.010947527369,2018-06-19,-0.003020007550,2018-08-14,0.950000000000,0.270000000000,0.011992824044,-0.030436376971
2018-05-21,0.017642928303,0.193646443291,-0.025480059084,-0.018559762435,-0.012463343109,-0.014223552986,False,False,0.003021148036,2018-06-20,-0.003021148036,2018-08-15,0.910000000000,0.200000000000,0.014489541267,-0.034747622531
2018-05-22,0.049928732678,0.192050567945,-0.030769230769,-0.025480059084,-0.012399708242,-0.012581454857,False,False,-0.003393665158,2018-06-21,-0.015837104072,2018-08-16,0.900000000000,0.150000000000,0.012875892013,-0.027920646583
2018-05-23,0.053495070726,0.181529976491,-0.020340236686,-0.030769230769,0.001467351431,-0.010502399379,False,False,-0.003760812335,2018-06-22,-0.021436630312,2018-08-17,0.910000000000,0.120000000000,0.011701531327,-0.021787296898
2018-05-24,0.057061408775,0.181663665214,-0.017330383481,-0.020340236686,-0.008070432869,-0.009632986635,False,False,-0.004857997010,2018-06-25,-0.025411061286,2018-08-20,0.870000000000,0.070000000000,0.011028522917,-0.012962962963
2018-05-25,0.072098139988,0.198036775725,-0.017968463513,-0.017330383481,-0.005865102639,-0.007058211218,False,False,-0.004119850187,2018-06-26,-0.018726591760,2018-08-21,0.860000000000,0.030000000000,0.012547670110,-0.007780659504
2018-05-28,0.072098139988,0.208065846547,-0.016592920354,-0.017968463513,-0.001830161054,-0.006887303578,False,False,-0.007468259895,2018-06-27,-0.019044062733,2018-08-22,0.840000000000,-0.020000000000,0.010413717511,-0.012953367876
2018-05-29,0.084125925538,0.214372506053,-0.005943536404,-0.016592920354,-0.006957158550,-0.005985386290,False,False,-0.009300595238,2018-06-28,-0.022321428571,2018-08-23,0.840000000000,0.020000000000,0.011065197102,-0.005943536404
2018-05-30,0.076530705212,0.218115950587,-0.002231312756,-0.005943536404,-0.016081871345,-0.002618718132,False,False,-0.008941877794,2018-06-29,-0.022727272727,2018-08-24,0.730000000000,-0.060000000000,0.016385388904,-0.000372578241
2018-05-31,0.083819343804,0.203830553250,-0.005185185185,-0.002231312756,-0.017896274653,0.000000000000,False,False,-0.004482629809,2018-07-02,-0.014568546881,2018-08-27,0.780000000000,-0.020000000000,0.004093490652,0.000745156483
2018-06-01,0.076530705212,0.204121277982,-0.011070110701,-0.005185185185,-0.007352941176,0.000872906044,False,False,-0.002246349682,2018-07-03,-0.010108573568,2018-08-28,0.760000000000,-0.020000000000,0.010313194820,-0.002605135839
2018-06-04,0.076530705212,0.205839635764,-0.016242155777,-0.011070110701,0.002960769800,0.003494682715,False,False,0.006386175808,2018-07-04,-0.009767092412,2018-08-29,0.800000000000,0.010000000000,0.009289491946,-0.010764662212
2018-06-05,0.076530705212,0.196241492558,-0.020963589555,-0.016242155777,0.003333333333,0.004253382570,False,False,0.002998500750,2018-07-05,-0.009370314843,2018-08-30,0.820000000000,0.040000000000,0.007111596084,-0.011144130758
2018-06-06,0.084434758241,0.164396715930,-0.017686072218,-0.020963589555,0.006291635825,0.006628395628,False,False,0.005255255255,2018-07-06,-0.008258258258,2018-08-31,0.790000000000,-0.020000000000,0.004630185985,-0.008553365563
2018-06-07,0.084125925538,0.158539267749,-0.013333333333,-0.017686072218,0.010424422934,0.007777646411,False,False,0.004878048780,2018-07-09,-0.009380863039,2018-09-03,0.830000000000,0.010000000000,0.002009480222,-0.009665427509
2018-06-08,0.051020470141,0.158238699685,-0.012967765839,-0.013333333333,0.011994002999,0.010279038766,False,False,-0.000749063670,2018-07-10,-0.012359550562,2018-09-04,0.800000000000,0.000000000000,0.009442778139,-0.010768659488
2018-06-11,-0.029261191491,0.161779255442,-0.010007412898,-0.012967765839,0.018106374953,0.011668971744,False,False,0.000000000000,2018-07-11,-0.018324607330,2018-09-05,0.820000000000,0.000000000000,0.010105721393,-0.008537490720
2018-06-12,-0.029261191491,0.154890450860,-0.012213175426,-0.010007412898,0.016961929891,0.011668971744,False,False,0.001873360809,2018-07-12,-0.013862869989,2018-09-06,0.830000000000,-0.020000000000,0.009677498258,-0.004104477612
2018-06-13,-0.029261191491,0.156538229835,-0.011856243053,-0.012213175426,0.020007550019,0.011668971744,False,False,-0.000374672162,2018-07-13,-0.011614837018,2018-09-07,0.830000000000,-0.070000000000,0.006073771110,0.004898266767
2018-06-14,-0.022107617425,0.165211739428,-0.004092261905,-0.011856243053,0.018490566038,0.011668971744,False,False,-0.006701414743,2018-07-16,-0.018242740134,2018-09-10,0.860000000000,-0.060000000000,0.006086144534,0.013247539743
2018-06-15,-0.014903148166,0.167299008426,0.001493651979,-0.004092261905,0.005235602094,0.011668971744,True,False,-0.007468259895,2018-07-17,-0.015309932786,2018-09-11,0.820000000000,-0.130000000000,0.009428338181,0.014372163389
2018-06-19,-0.029806296332,0.145785593270,-0.011156563778,0.001493651979,0.001870557426,0.011668971744,False,False,-0.003388554217,2018-07-18,-0.005647590361,2018-09-12,0.810000000000,-0.100000000000,0.011779425773,0.007578628268
2018-06-20,-0.054864734046,0.141996946272,-0.014498141264,-0.011156563778,0.005609573672,0.011668971744,False,False,0.000378357927,2018-07-19,0.001135073780,2018-09-13,0.770000000000,-0.130000000000,0.018744711437,0.001889644747
2018-06-21,-0.061728469775,0.137758085556,-0.026538886841,-0.014498141264,0.001489203276,0.011668971744,False,False,0.001510003775,2018-07-20,0.000000000000,2018-09-14,0.810000000000,-0.100000000000,0.020240044074,-0.003020007550
2018-06-22,-0.054466296861,0.132432118480,-0.032105071142,-0.026538886841,0.012313432836,0.011668971744,False,False,0.001502065340,2018-07-23,-0.006759294029,2018-09-17,0.790000000000,-0.080000000000,0.019346745488,-0.004502814259
2018-06-25,-0.064423842071,0.132968100270,-0.029218407597,-0.032105071142,0.024289985052,0.011668971744,False,False,0.003384731102,2018-07-24,-0.004136893569,2018-09-18,0.780000000000,-0.080000000000,0.020971738653,-0.007468259895
2018-06-26,-0.064655249827,0.135756042194,-0.028874269006,-0.029218407597,0.022404779686,0.011668971744,False,False,0.004138449962,2018-07-25,-0.004514672686,2018-09-19,0.770000000000,-0.070000000000,0.023950928812,-0.003749531309
2018-06-27,-0.064194084872,0.136892156918,-0.021315692760,-0.028874269006,0.015967322688,0.011668971744,False,False,0.001502065340,2018-07-26,-0.004506196020,2018-09-20,0.760000000000,-0.080000000000,0.028923465563,-0.004857997010
2018-06-28,-0.071073289592,0.135297066969,-0.012276785714,-0.021315692760,0.016436309301,0.011668971744,False,False,0.003759398496,2018-07-27,-0.002255639098,2018-09-21,0.720000000000,-0.010000000000,0.030241328181,-0.010436079016
2018-06-29,-0.057061408775,0.120004130375,-0.011515601783,-0.012276785714,-0.001114827202,0.011668971744,False,False,0.001876172608,2018-07-30,-0.006378986867,2018-09-25,0.740000000000,-0.040000000000,0.036849793387,-0.009307520477
2018-07-02,-0.060412296153,0.112858206699,-0.010756676558,-0.011515601783,0.000000000000,0.011668971744,False,False,0.002251407129,2018-07-31,-0.004878048780,2018-09-26,0.740000000000,-0.020000000000,0.035520592145,-0.004850746269
2018-07-03,-0.078180618551,0.106791894826,-0.018777614138,-0.010756676558,-0.004431314623,0.011668971744,False,False,-0.002612915267,2018-08-01,-0.011571481896,2018-09-27,0.730000000000,-0.070000000000,0.042396670442,0.000000000000
2018-07-04,-0.063965960633,0.110972980431,-0.014380530973,-0.018777614138,-0.002570694087,0.011668971744,False,False,-0.004110612855,2018-08-02,-0.015321375187,2018-09-28,0.710000000000,-0.110000000000,0.040685280000,0.004132231405
2018-07-05,-0.060412296153,0.112501689267,-0.011821204285,-0.014380530973,-0.007683863886,0.011668971744,False,False,-0.006348020911,2018-08-03,-0.010455563854,2018-10-08,0.710000000000,-0.080000000000,0.038780762778,0.003375843961
2018-07-06,-0.050287416532,0.115914227624,-0.011070110701,-0.011821204285,-0.004413387275,0.011668971744,False,False,-0.004854368932,2018-08-06,-0.010082150859,2018-10-09,0.710000000000,-0.120000000000,0.043960756520,0.006006006006
2018-07-09,-0.053879374856,0.112861861198,-0.017975055026,-0.011070110701,-0.006598240469,0.011668971744,False,False,-0.002623688156,2018-08-07,-0.006371814093,2018-10-10,0.700000000000,-0.100000000000,0.042625567828,0.004879879880
2018-07-10,-0.053879374856,0.093072186180,-0.024497257770,-0.017975055026,-0.001465201465,0.011668971744,False,False,-0.007853403141,2018-08-08,-0.004113687360,2018-10-11,0.730000000000,-0.090000000000,0.034864978682,-0.001123174841
2018-07-11,-0.043258883993,0.082520761016,-0.014001473839,-0.024497257770,-0.000365497076,0.011668971744,False,False,-0.005609573672,2018-08-09,0.009723261032,2018-10-12,0.740000000000,-0.090000000000,0.039447093631,0.002622705133
2018-07-12,-0.025143708266,0.063130308911,-0.020917431193,-0.014001473839,-0.005496518871,0.011668971744,False,False,-0.003748125937,2018-08-10,0.017616191904,2018-10-15,0.740000000000,-0.090000000000,0.049669887392,0.000374953131
2018-07-13,-0.014316409349,0.063543166991,-0.023451813851,-0.020917431193,-0.003291880029,0.011668971744,False,False,-0.001499250375,2018-08-13,0.022488755622,2018-10-16,0.750000000000,-0.110000000000,0.047597955280,-0.004482629809
2018-07-16,-0.014316409349,0.049803585077,-0.021268793546,-0.023451813851,-0.016222062004,0.011668971744,False,False,-0.006395786305,2018-08-14,0.021444695260,2018-10-17,0.720000000000,-0.100000000000,0.045674474123,-0.004847129008
2018-07-17,-0.021474614024,0.037237483731,-0.025603511339,-0.021268793546,-0.020122170320,0.011668971744,False,False,-0.002644503211,2018-08-15,0.029089535323,2018-10-18,0.750000000000,-0.060000000000,0.041401268938,0.001880406168
2018-07-18,-0.039511541561,0.033989100617,-0.030492285084,-0.025603511339,-0.016900395541,0.011668971744,False,False,-0.012859304085,2018-08-16,0.035552193646,2018-10-19,0.770000000000,0.000000000000,0.037776120693,-0.004526593738
2018-07-19,-0.007262172915,0.035985273621,-0.021418020679,-0.030492285084,-0.018745493872,0.011668971744,False,False,-0.019223520543,2018-08-17,0.029777610253,2018-10-22,0.790000000000,-0.020000000000,0.040763948942,0.003407800076
2018-07-20,-0.003644319296,0.038132090828,-0.016666666667,-0.021418020679,-0.018484958318,0.011668971744,False,False,-0.022122234721,2018-08-20,0.023247094113,2018-10-23,0.750000000000,-0.040000000000,0.044710707188,0.000753863551
2018-07-23,-0.003644319296,0.039670397475,-0.011485735458,-0.016666666667,-0.018538713195,0.011668971744,False,False,-0.017991004498,2018-08-21,0.032233883058,2018-10-24,0.780000000000,0.000000000000,0.041578083909,0.003762227239
2018-07-24,-0.007288638592,0.037833600543,-0.013323464101,-0.011485735458,-0.019970951344,0.011668971744,False,False,-0.015736230798,2018-08-22,0.035219183215,2018-10-25,0.850000000000,0.080000000000,0.040416432576,0.003387278886
2018-07-25,-0.022189376466,0.028045664045,-0.008915304606,-0.013323464101,-0.021723388849,0.011668971744,False,False,-0.014623172103,2018-08-23,0.031496062992,2018-10-26,0.840000000000,0.080000000000,0.034779279498,0.001877581675
2018-07-26,0.000000000000,0.019638474686,-0.004470938897,-0.008915304606,-0.029560201875,0.011668971744,False,False,-0.017602996255,2018-08-24,0.032958801498,2018-10-29,0.810000000000,0.090000000000,0.020904067488,0.006403013183
2018-07-27,-0.007342152891,0.019032103352,-0.005588673621,-0.004470938897,-0.035919540230,0.011668971744,False,False,-0.011985018727,2018-08-27,0.029588014981,2018-10-30,0.870000000000,0.130000000000,0.028582643233,0.003006388576
2018-07-30,-0.058309108733,0.013868661543,-0.005954596204,-0.005588673621,-0.029996385978,0.011668971744,False,False,-0.010108573568,2018-08-28,0.023961063272,2018-10-31,0.840000000000,0.100000000000,0.027998764483,0.001499812523
2018-07-31,-0.043731831550,0.016759412725,-0.007795100223,-0.005954596204,-0.024328249818,0.011668971744,False,False,-0.013473053892,2018-08-29,0.018712574850,2018-11-01,0.850000000000,0.120000000000,0.021037989829,0.003001876173
2018-08-01,-0.047204123946,0.016208135340,-0.007429420505,-0.007795100223,-0.013548150860,0.011668971744,False,False,-0.008255159475,2018-08-30,0.025515947467,2018-11-02,0.840000000000,0.130000000000,0.020910264459,-0.000374111485
2018-08-02,-0.057265637396,0.017791513956,-0.009297136482,-0.007429420505,-0.015722120658,0.011668971744,False,False,-0.007140172867,2018-08-31,0.026305900038,2018-11-05,0.870000000000,0.160000000000,0.027249156108,-0.004112149533
2018-08-03,-0.053686535059,0.015530568596,-0.010037174721,-0.009297136482,-0.014657383657,0.011668971744,False,False,-0.009380863039,2018-09-03,0.026266416510,2018-11-06,0.860000000000,0.150000000000,0.033560454101,-0.006343283582
2018-08-06,-0.057061408775,0.022380469247,-0.011139992573,-0.010037174721,-0.015012815818,0.010279038766,False,False,-0.009019165727,2018-09-04,0.025930101466,2018-11-07,0.830000000000,0.130000000000,0.028133410790,-0.005229734778
2018-08-07,-0.067519625112,0.023155725745,-0.011878247958,-0.011139992573,-0.004436229205,0.007777646411,False,False,-0.010554089710,2018-09-05,0.028646814926,2018-11-08,0.830000000000,0.100000000000,0.036659713273,-0.002248875562
2018-08-08,-0.083798980213,0.031561571392,-0.008208955224,-0.011878247958,-0.011738811445,0.006628395628,False,False,-0.010154193306,2018-09-06,0.023693117713,2018-11-09,0.850000000000,0.110000000000,0.025591752900,-0.006726457399
2018-08-09,-0.090782228564,0.032575173967,0.001507159005,-0.008208955224,-0.003346969134,0.004253382570,True,False,-0.007524454477,2018-09-07,0.016553799850,2018-11-12,0.850000000000,0.110000000000,0.015150489809,-0.003748125937
2018-08-10,-0.080027928587,0.030095977657,0.005299015897,0.001507159005,-0.009701492537,0.003494682715,True,False,-0.010135135135,2018-09-10,0.012012012012,2018-11-13,0.820000000000,0.070000000000,0.022843162888,-0.003377110694
2018-08-13,-0.076548453431,0.027996866882,0.007564296520,0.005299015897,-0.018573551263,0.000872906044,True,False,-0.001514577811,2018-09-11,0.017417644832,2018-11-14,0.780000000000,0.060000000000,0.023486397396,-0.001873360809
2018-08-14,-0.104022311630,0.026435311534,0.000757862827,0.007564296520,-0.018559762435,0.000872906044,True,False,0.000378787879,2018-09-12,0.021212121212,2018-11-15,0.780000000000,0.030000000000,0.028882465922,-0.008633633634
2018-08-15,-0.125679490126,0.026249045918,-0.003401360544,0.000757862827,-0.025480059084,0.000872906044,False,False,0.013793103448,2018-09-13,0.036398467433,2018-11-16,0.800000000000,0.030000000000,0.026301989385,-0.000757862827
2018-08-16,-0.128639278537,0.020506013855,-0.016987542469,-0.003401360544,-0.030769230769,0.000872906044,False,False,0.018063028440,2018-09-14,0.044581091468,2018-11-19,0.780000000000,-0.010000000000,0.029779270064,-0.017358490566
2018-08-17,-0.121457626471,0.049952405596,-0.025140712946,-0.016987542469,-0.020340236686,0.000872906044,False,False,0.014187116564,2018-09-17,0.042944785276,2018-11-20,0.790000000000,0.040000000000,0.010489108908,-0.021468926554
2018-08-20,-0.124411706357,0.048881010360,-0.023525018671,-0.025140712946,-0.017330383481,0.000872906044,False,False,0.010687022901,2018-09-18,0.039312977099,2018-11-21,0.790000000000,0.010000000000,0.008074518589,-0.019865067466
2018-08-21,-0.137861620558,0.024670034458,-0.014998125234,-0.023525018671,-0.017968463513,0.000872906044,False,False,0.007232584697,2018-09-19,0.038066235249,2018-11-22,0.750000000000,-0.100000000000,0.004338307142,-0.014628657164
2018-08-22,-0.192307908578,-0.110198089414,-0.018684603886,-0.014998125234,-0.016592920354,0.000872906044,False,False,0.008751902588,2018-09-20,0.038432267884,2018-11-23,0.770000000000,-0.070000000000,0.002598737337,-0.015742128936
2018-08-23,-0.257278557074,-0.206479611994,-0.020872158032,-0.018684603886,-0.005943536404,0.000872906044,False,False,0.011818528403,2018-09-21,0.039649256576,2018-11-26,0.740000000000,-0.070000000000,0.013467161306,-0.016841317365
2018-08-24,-0.258910848365,-0.299796575279,-0.021593447506,-0.020872158032,-0.002231312756,0.000872906044,False,False,0.003790750569,2018-09-25,0.033358605004,2018-11-27,0.730000000000,-0.140000000000,0.009870481065,-0.015361558636
2018-08-27,-0.243737580385,-0.360417131656,-0.014552238806,-0.021593447506,-0.005185185185,0.000872906044,False,False,0.003025718608,2018-09-26,0.026853252648,2018-11-28,0.730000000000,-0.110000000000,-0.002718855003,-0.011231748409
2018-08-28,-0.257278557074,-0.302326398608,-0.005628517824,-0.014552238806,-0.011070110701,0.000872906044,False,False,0.004552352049,2018-09-27,0.033383915023,2018-11-29,0.740000000000,-0.110000000000,-0.004743168695,-0.008604564160
2018-08-29,-0.284360510450,-0.289407561397,-0.009015777611,-0.005628517824,-0.016242155777,0.000872906044,False,False,-0.003026863413,2018-09-28,0.033673855467,2018-11-30,0.770000000000,-0.070000000000,-0.000610558025,-0.012724550898
2018-08-30,-0.280975266278,-0.269621037262,-0.009377344336,-0.009015777611,-0.020963589555,0.000872906044,False,False,0.003028009084,2018-10-08,0.029901589705,2018-12-03,0.770000000000,-0.100000000000,-0.000358275880,-0.008633633634
2018-08-31,-0.259784367729,-0.254733449877,-0.006756756757,-0.009377344336,-0.017686072218,0.000872906044,False,False,0.004166666667,2018-10-09,0.032954545455,2018-12-04,0.760000000000,-0.100000000000,-0.002056258656,-0.006383777694
2018-09-03,-0.204577212872,-0.237311908339,-0.010885885886,-0.006756756757,-0.013333333333,0.000872906044,False,False,0.005309063330,2018-10-10,0.032233598786,2018-12-05,0.780000000000,-0.050000000000,-0.000560645326,-0.010514457379
2018-09-04,-0.143180285331,-0.236572462656,-0.016847622613,-0.010885885886,-0.012967765839,0.000872906044,False,False,0.014476190476,2018-10-11,0.041904761905,2018-12-06,0.780000000000,-0.050000000000,-0.004449089280,-0.013523666416
2018-09-05,-0.135644480840,-0.234704762520,-0.016860247284,-0.016847622613,-0.010007412898,0.000872906044,False,False,0.025835866261,2018-10-12,0.040653495441,2018-12-07,0.800000000000,-0.050000000000,0.004163746668,-0.012791572611
2018-09-06,-0.135644480840,-0.233406100508,-0.012748406449,-0.016860247284,-0.012213175426,0.000872906044,False,False,0.029188779378,2018-10-15,0.045489006823,2018-12-10,0.810000000000,-0.040000000000,0.002454065031,-0.009405568096
2018-09-07,-0.139412383085,-0.227699460369,-0.013074336944,-0.012748406449,-0.011856243053,0.000872906044,False,False,0.034508911642,2018-10-16,0.048540007584,2018-12-11,0.800000000000,-0.020000000000,-0.000176741801,-0.005271084337
2018-09-10,-0.136157509024,-0.226821802810,-0.018269947800,-0.013074336944,-0.004092261905,0.000872906044,False,False,0.029579067122,2018-10-17,0.045127038301,2018-12-12,0.840000000000,0.060000000000,0.000360362459,-0.011636636637
2018-09-11,-0.119047771439,-0.231001943134,-0.007145543437,-0.018269947800,0.001493651979,0.000872906044,False,False,0.031427489587,2018-10-18,0.040893600909,2018-12-13,0.840000000000,0.060000000000,-0.004062644764,-0.000378644453
2018-09-12,-0.112229246942,-0.231382226138,-0.004526593738,-0.007145543437,-0.011156563778,0.000872906044,False,False,0.034769463341,2018-10-19,0.038170823885,2018-12-14,0.860000000000,0.060000000000,-0.003365114568,0.000758437619
2018-09-13,-0.116099220974,-0.228721064700,0.003407800076,-0.004526593738,-0.014498141264,0.000872906044,True,False,0.031332578331,2018-10-22,0.035862589656,2018-12-17,0.850000000000,0.070000000000,-0.015963729462,0.017665130568
2018-09-14,-0.126728272822,-0.223693739789,0.001130795326,0.003407800076,-0.026538886841,0.000872906044,True,False,0.031758034026,2018-10-23,0.043856332703,2018-12-18,0.870000000000,0.080000000000,-0.002610539937,0.022324865281
2018-09-17,-0.133894585430,-0.221427228374,-0.006019563582,0.001130795326,-0.032105071142,0.000872906044,False,False,0.040030211480,2018-10-24,0.044184290030,2018-12-19,0.890000000000,0.100000000000,0.006623664660,0.010325047801
2018-09-18,-0.134408774205,-0.227506016510,-0.004140007527,-0.006019563582,-0.029218407597,0.000872906044,False,False,0.044217687075,2018-10-25,0.043461829176,2018-12-20,0.890000000000,0.140000000000,0.005120571163,0.007232584697
2018-09-19,-0.144817257136,-0.224231224782,-0.005632745024,-0.004140007527,-0.028874269006,0.000872906044,False,False,0.037721614485,2018-10-26,0.052810260279,2018-12-21,0.920000000000,0.150000000000,0.004802524639,0.008377760853
2018-09-20,-0.126243466263,-0.223430664836,-0.001506591337,-0.005632745024,-0.021315692760,0.000872906044,False,False,0.039186134137,2018-10-29,0.054257724190,2018-12-24,0.930000000000,0.190000000000,0.000598035028,0.009135896460
2018-09-21,-0.139939662052,-0.212734942851,-0.001503194288,-0.001506591337,-0.012276785714,0.000872906044,False,False,0.038141993958,2018-10-30,0.060800604230,2018-12-25,0.920000000000,0.190000000000,-0.008403208973,0.011035007610
2018-09-25,-0.139939662052,-0.218234327065,-0.006749156355,-0.001503194288,-0.011515601783,0.000872906044,False,False,0.031297134238,2018-10-31,0.062217194570,2018-12-26,0.920000000000,0.190000000000,0.006504094912,0.003029155623
2018-09-26,-0.127216817292,-0.201003095164,-0.004502814259,-0.006749156355,-0.010756676558,0.000872906044,False,False,0.027945619335,2018-11-01,0.063066465257,2018-12-27,0.940000000000,0.200000000000,0.010921687066,0.001132075472
2018-09-27,-0.144267456679,-0.200873871907,-0.011597456042,-0.004502814259,-0.018777614138,0.000872906044,False,False,0.037191650854,2018-11-02,0.069449715370,2018-12-28,0.920000000000,0.150000000000,0.011426101238,0.001516300227
2018-09-28,-0.155068274166,-0.202093380604,-0.019439252336,-0.011597456042,-0.014380530973,0.000872906044,False,False,0.030566037736,2018-11-05,0.064528301887,2019-01-02,0.910000000000,0.140000000000,0.009604355382,-0.006815600151
2018-10-08,-0.151286121137,-0.212243586802,-0.008955223881,-0.019439252336,-0.011821204285,0.000872906044,False,False,0.031686156167,2018-11-06,0.071293851377,2019-01-03,0.910000000000,0.150000000000,0.001574859333,0.003779289494
2018-10-09,-0.148063968696,-0.213774803734,-0.009338812103,-0.008955223881,-0.011070110701,0.000872906044,False,False,0.029800075443,2018-11-07,0.086759713316,2019-01-04,0.910000000000,0.130000000000,0.010937986183,0.006451612903
2018-10-10,-0.144267456679,-0.186520573822,-0.005997001499,-0.009338812103,-0.017975055026,0.000872906044,False,False,0.024784078107,2018-11-08,0.066466391288,2019-01-07,1.040000000000,0.260000000000,0.011945301361,0.009900990099
2018-10-11,-0.116804969612,-0.153390012234,-0.004110612855,-0.005997001499,-0.024497257770,0.000872906044,False,False,0.008148148148,2018-11-09,0.050740740741,2019-01-08,1.060000000000,0.260000000000,0.011142939739,0.015625000000
2018-10-12,-0.029476823234,-0.120633353158,0.012743628186,-0.004110612855,-0.014001473839,0.000872906044,True,False,-0.004788213628,2018-11-12,0.041252302026,2019-01-09,1.020000000000,0.210000000000,0.005276842401,0.026205848842
2018-10-15,-0.007262172915,-0.121360431769,0.023639774859,0.012743628186,-0.020917431193,0.000872906044,True,False,-0.011730205279,2018-11-13,0.036656891496,2019-01-10,1.030000000000,0.230000000000,0.011134510408,0.032551097653
2018-10-16,0.021786518744,-0.096587110721,0.021730985388,0.023639774859,-0.023451813851,0.000872906044,True,True,-0.010313075506,2018-11-14,0.035359116022,2019-01-11,1.030000000000,0.190000000000,0.007686418574,0.035700721610
2018-10-17,0.065837680855,-0.098765264703,0.020645645646,0.021730985388,-0.021268793546,0.003494682715,True,True,-0.010279001468,2018-11-15,0.027900146843,2019-01-14,1.030000000000,0.190000000000,0.006395432208,0.029924242424
2018-10-18,0.112191613303,-0.100151517572,0.031451307313,0.020645645646,-0.025603511339,0.004379822915,True,True,-0.012052593134,2018-11-16,0.024470416362,2019-01-15,1.060000000000,0.200000000000,0.007929593587,0.031451307313
2018-10-19,0.102414170220,-0.101451599477,0.031698113208,0.031451307313,-0.030492285084,0.007777646411,True,True,-0.005124450952,2018-11-19,0.026720351391,2019-01-16,1.070000000000,0.220000000000,0.015113834685,0.031698113208
2018-10-22,0.106071819156,-0.100592336449,0.028248587571,0.031698113208,-0.021418020679,0.010279038766,True,True,-0.003297911323,2018-11-20,0.028215463540,2019-01-17,1.090000000000,0.220000000000,0.013287750287,0.027861445783
2018-10-23,0.102414170220,-0.102004580021,0.028485757121,0.028248587571,-0.016666666667,0.011668971744,True,True,-0.011256354394,2018-11-21,0.019970951344,2019-01-18,1.090000000000,0.200000000000,0.008322657204,0.038607115821
2018-10-24,0.128487675585,-0.083433290585,0.029632408102,0.028485757121,-0.011485735458,0.014788855169,True,True,-0.013029315961,2018-11-22,0.013029315961,2019-01-21,1.080000000000,0.190000000000,0.009962628317,0.037414965986
2018-10-25,0.185325498393,-0.047317133920,0.034107946027,0.029632408102,-0.013323464101,0.017020026639,True,True,-0.007997091967,2018-11-23,0.016721192294,2019-01-22,1.030000000000,0.110000000000,0.012111063260,0.041918429003
2018-10-26,0.295858352883,-0.020968802150,0.031811377246,0.034107946027,-0.008915304606,0.017658547061,True,True,-0.011240029007,2018-11-26,0.018129079043,2019-01-23,1.090000000000,0.160000000000,0.015354257158,0.039984911354
2018-10-29,0.332840646993,0.011205988480,0.031472461596,0.031811377246,-0.004470938897,0.017801489214,True,True,-0.008366678792,2018-11-27,0.018552200800,2019-01-24,1.020000000000,0.100000000000,0.017152181911,0.036130974784
2018-10-30,0.425697143572,0.034747684641,0.028453762636,0.031472461596,-0.005588673621,0.018860188630,True,True,-0.007312614260,2018-11-28,0.023765996344,2019-01-25,1.020000000000,0.100000000000,0.018511542061,0.036995092488
2018-10-31,0.434451771407,0.047565703464,0.019079685746,0.028453762636,-0.005954596204,0.021325265158,True,True,0.000734753857,2018-11-29,0.035635562087,2019-01-28,1.070000000000,0.130000000000,0.014840244974,0.026762156050
2018-11-01,0.449695693211,0.042845062247,0.021706586826,0.019079685746,-0.007795100223,0.022603318148,True,True,-0.000365898280,2018-11-30,0.034760336626,2019-01-29,1.100000000000,0.180000000000,0.013908665822,0.033308099924
2018-11-02,0.440395394072,0.035585322366,0.025150150150,0.021706586826,-0.007429420505,0.026052460185,True,True,-0.003661662395,2018-12-03,0.039545953863,2019-01-30,1.120000000000,0.210000000000,0.004283168238,0.041174227983
2018-11-05,0.427383292213,0.032770840070,0.025910627112,0.025150150150,-0.009297136482,0.030016228851,True,True,-0.002925045704,2018-12-04,0.039122486289,2019-01-31,1.160000000000,0.250000000000,0.003176751702,0.028614457831
2018-11-06,0.434947598270,0.033844961510,0.026661659782,0.025910627112,-0.010037174721,0.037171313490,True,True,-0.002930402930,2018-12-05,0.039926739927,2019-02-01,1.140000000000,0.230000000000,-0.001134346346,0.030920060332
2018-11-07,0.464939615015,0.045418357325,0.027422990233,0.026661659782,-0.011139992573,0.050201667044,True,True,0.002198607549,2018-12-06,0.043239281788,2019-02-11,1.150000000000,0.110000000000,0.000997607189,0.031297134238
2018-11-08,0.457317654113,0.058424362590,0.024830699774,0.027422990233,-0.011878247958,0.051134276043,True,True,0.006245407788,2018-12-07,0.044819985305,2019-02-12,1.150000000000,0.090000000000,-0.001098115660,0.022138836773
2018-11-09,0.476191085754,0.045859304884,0.022573363431,0.024830699774,-0.008208955224,0.051980537994,True,True,0.020725388601,2018-12-10,0.052923760178,2019-02-13,1.170000000000,0.150000000000,0.009032801150,0.005921539600
2018-11-12,0.476551281583,0.045516501577,0.015813253012,0.022573363431,0.001507159005,0.053989663336,True,True,0.025593471810,2018-12-11,0.054896142433,2019-02-14,1.150000000000,0.120000000000,0.003858462828,-0.010997067449
2018-11-13,0.497363096412,0.045852248668,0.009384384384,0.015813253012,0.005299015897,0.055474722425,True,True,0.025679196130,2018-12-12,0.059918124302,2019-02-15,1.150000000000,0.120000000000,0.006268623517,-0.013934726806
2018-11-14,0.592106026969,0.066532416310,0.017796289284,0.009384384384,0.007564296520,0.055874276846,True,True,0.019658753709,2018-12-13,0.065281899110,2019-02-18,1.120000000000,0.090000000000,0.004940766495,-0.011401250460
2018-11-15,0.633256453324,0.094958965474,0.025028441411,0.017796289284,0.000757862827,0.059255476795,True,True,0.015526802218,2018-12-14,0.064695009242,2019-02-19,1.120000000000,0.060000000000,0.002009370811,-0.006980161646
2018-11-16,0.621601426575,0.100013152415,0.039554531490,0.025028441411,-0.003401360544,0.066536825225,True,True,0.009565857248,2018-12-17,0.069168506255,2019-02-20,1.110000000000,0.040000000000,-0.001570807763,-0.009875640088
2018-11-19,0.625960862725,0.061907739443,0.044649730562,0.039554531490,-0.016987542469,0.069107489879,True,True,0.015073529412,2018-12-18,0.062132352941,2019-02-21,1.060000000000,-0.030000000000,-0.002198800392,-0.005860805861
2018-11-20,0.625960862725,0.048073134674,0.041682600382,0.044649730562,-0.025140712946,0.070919923385,True,True,0.015424164524,2018-12-19,0.052148365773,2019-02-22,1.070000000000,-0.020000000000,-0.000611858377,-0.007288629738
2018-11-21,0.627925933341,0.067592464098,0.036543585839,0.041682600382,-0.023525018671,0.072098139988,True,True,0.012467913458,2018-12-20,0.046204620462,2019-02-25,1.090000000000,0.010000000000,0.000858239823,-0.008014571949
2018-11-22,0.747703630888,0.219203375698,0.038842345773,0.036543585839,-0.014998125234,0.072819365893,True,True,0.022718944668,2018-12-21,0.045804323928,2019-02-26,1.090000000000,0.060000000000,-0.002808659108,-0.011235955056
2018-11-23,0.902462629083,0.367497140204,0.039588884659,0.038842345773,-0.018684603886,0.075369959008,True,True,0.026035936927,2018-12-24,0.047304730473,2019-02-27,1.090000000000,0.000000000000,-0.004150662956,-0.009430540443
2018-11-26,0.907442388751,0.552963119613,0.037671232877,0.039588884659,-0.020872158032,0.076530705212,True,True,0.030447542186,2018-12-25,0.042920029347,2019-02-28,1.090000000000,0.070000000000,-0.001260586083,-0.009444242644
2018-11-27,0.890780201104,0.729706201981,0.030670200682,0.037671232877,-0.021593447506,0.076530705212,True,True,0.037569060773,2018-12-26,0.041252302026,2019-03-01,1.110000000000,0.090000000000,-0.003543265037,-0.009100837277
2018-11-28,0.925252089414,0.581181276454,0.022641509434,0.030670200682,-0.014552238806,0.076530705212,True,True,0.033406754772,2018-12-27,0.027165932452,2019-03-04,1.150000000000,0.080000000000,-0.002450356256,-0.005139500734
2018-11-29,1.050143566925,0.554110319613,0.035253980288,0.022641509434,-0.005628517824,0.077130378180,True,True,0.031478770132,2018-12-28,0.019033674963,2019-03-05,1.120000000000,0.020000000000,-0.004930116654,0.000366300366
2018-11-30,1.068739906999,0.538478495356,0.034456645210,0.035253980288,-0.009015777611,0.079134657541,True,True,0.036751194414,2019-01-02,0.019110621095,2019-03-06,1.050000000000,-0.070000000000,0.002738933847,0.000366166239
2018-12-03,1.002736254537,0.562018934124,0.027966742252,0.034456645210,-0.009377344336,0.079889668197,True,True,0.041437477081,2019-01-03,0.020168683535,2019-03-07,1.040000000000,-0.120000000000,0.007102230525,-0.004392386530
2018-12-04,0.941588116228,0.551137291817,0.032258064516,0.027966742252,-0.006756756757,0.080541982060,True,True,0.058412931668,2019-01-04,0.022409992652,2019-03-08,1.020000000000,-0.120000000000,-0.005184135547,-0.005120702268
2018-12-05,0.967459641542,0.578824742569,0.037699923839,0.032258064516,-0.010885885886,0.081889231047,True,True,0.038391224863,2019-01-07,0.027056672761,2019-03-11,0.970000000000,-0.180000000000,-0.010653648109,-0.003656307130
2018-12-06,0.950306524712,0.578685861810,0.042301829268,0.037699923839,-0.016847622613,0.083895989237,True,True,0.035779481563,2019-01-08,0.021540708288,2019-03-12,0.970000000000,-0.180000000000,-0.008395617453,0.004038179148
2018-12-07,0.954665728953,0.577725811735,0.039878465629,0.042301829268,-0.016860247284,0.084125925538,True,True,0.025018129079,2019-01-09,0.021754894851,2019-03-13,0.970000000000,-0.200000000000,-0.008562192786,0.007358351729
2018-12-10,0.941332372055,0.567497545412,0.047312641938,0.039878465629,-0.012748406449,0.084180837638,True,True,0.022784810127,2019-01-10,0.020614828210,2019-03-14,0.960000000000,-0.190000000000,-0.008866045708,0.025574499629
2018-12-11,0.945710662158,0.571815884151,0.049373338397,0.047312641938,-0.013074336944,0.084367870014,True,True,0.019956458636,2019-01-11,0.016328011611,2019-03-15,0.990000000000,-0.160000000000,-0.007575246492,0.027519523987
2018-12-12,0.932869707744,0.565848000938,0.041666666667,0.049373338397,-0.018269947800,0.084628069706,True,True,0.018552200800,2019-01-14,0.021098581302,2019-03-18,1.060000000000,-0.060000000000,-0.005687306123,0.023065476190
2018-12-13,0.932869707744,0.565097095417,0.041303524062,0.041666666667,-0.007145543437,0.085208004099,True,True,0.021113942483,2019-01-15,0.024754277394,2019-03-19,1.080000000000,-0.040000000000,-0.010743157178,0.016648168701
2018-12-14,0.928197501748,0.558855425643,0.035849056604,0.041303524062,-0.004526593738,0.085805117649,True,True,0.022230320700,2019-01-16,0.027696793003,2019-03-20,1.080000000000,-0.030000000000,-0.007251517529,0.014037680089
2018-12-17,0.914689115639,0.545059874996,0.033885542169,0.035849056604,0.003407800076,0.087851424791,True,True,0.016298442593,2019-01-17,0.026077508149,2019-03-21,1.070000000000,0.010000000000,-0.002590186913,0.011790714812
2018-12-18,0.896644429689,0.573172204286,0.045041635125,0.033885542169,0.001130795326,0.088733985677,True,True,0.015913200723,2019-01-18,0.022061482821,2019-03-22,1.050000000000,-0.020000000000,-0.004696670650,0.013582966226
2018-12-19,0.931678396448,0.584032018274,0.046863189720,0.045041635125,-0.006019563582,0.092218200345,True,True,0.013763129301,2019-01-21,0.031872509960,2019-03-25,1.010000000000,-0.080000000000,-0.008014169334,0.017260374587
2018-12-20,0.949199270944,0.584027038670,0.046072507553,0.046863189720,-0.004140007527,0.101812461276,True,True,0.002149767109,2019-01-22,0.022930849158,2019-03-26,0.970000000000,-0.120000000000,-0.002681553597,0.015395894428
2018-12-21,0.901927761132,0.623151534929,0.051678611845,0.046072507553,-0.005632745024,0.102414170220,True,True,0.003573981415,2019-01-23,0.018584703360,2019-03-27,1.030000000000,-0.060000000000,-0.004725134584,0.020871475650
2018-12-24,0.910291571814,0.644493046280,0.053067369213,0.051678611845,-0.001506591337,0.103086936819,True,True,-0.003203987184,2019-01-24,0.011391954432,2019-03-28,1.020000000000,-0.070000000000,-0.002910279580,0.026035936927
2018-12-25,0.971857185367,0.675564787447,0.064552661382,0.053067369213,-0.001503194288,0.105346882253,True,True,-0.006034788782,2019-01-25,-0.002839900603,2019-03-29,0.990000000000,-0.120000000000,-0.006762832548,0.036002939015
2018-12-26,1.007068620537,0.672558812451,0.062570674708,0.064552661382,-0.006749156355,0.107601767693,True,True,0.001420959147,2019-01-28,-0.009236234458,2019-04-01,0.990000000000,-0.160000000000,-0.007169221676,0.040221402214
2018-12-27,1.033719363678,0.703670388702,0.063209689629,0.062570674708,-0.004502814259,0.112650999205,True,True,0.003548616040,2019-01-29,-0.009936124911,2019-04-02,1.040000000000,-0.080000000000,-0.006489104256,0.028560966679
2018-12-28,1.342884725283,0.710006560547,0.077392298894,0.063209689629,-0.011597456042,0.117643786579,True,True,0.006380716058,2019-01-30,-0.008507621411,2019-04-03,1.030000000000,-0.020000000000,-0.008856855737,0.034407027818
2019-01-02,1.550804442669,0.729758069849,0.068147590361,0.077392298894,-0.019439252336,0.130648497292,True,True,0.000704225352,2019-01-31,-0.016197183099,2019-04-04,0.990000000000,-0.050000000000,-0.009646781168,0.043014705882
2019-01-03,1.684494480830,0.743167796350,0.081447963801,0.068147590361,-0.008955223881,0.141324989077,True,True,-0.014578271434,2019-02-01,-0.028115237765,2019-04-08,0.960000000000,-0.060000000000,0.000228310502,0.054411764706
2019-01-04,1.384207903295,0.734973412541,0.075791855204,0.081447963801,-0.009338812103,0.141324989077,True,True,0.002464788732,2019-02-11,-0.008450704225,2019-04-09,0.880000000000,-0.090000000000,0.004687803390,0.046972477064
2019-01-07,1.296930171971,0.708803734021,0.066041275797,0.075791855204,-0.005997001499,0.141324989077,True,True,0.002467395136,2019-02-12,-0.006344730349,2019-04-10,0.910000000000,-0.060000000000,0.000862997034,0.038756855576
2019-01-08,1.044040804911,0.666237042141,0.046632124352,0.066041275797,-0.004110612855,0.141324989077,True,True,0.006367173682,2019-02-13,0.000353731871,2019-04-11,0.920000000000,-0.050000000000,-0.004928084267,0.032870708546
2019-01-09,0.929042829850,0.672199146612,0.032624633431,0.046632124352,0.012743628186,0.141324989077,True,True,0.005657708628,2019-02-14,-0.008486562942,2019-04-12,0.910000000000,-0.050000000000,-0.004546738394,0.018070112035
2019-01-10,0.859986804059,0.620201759492,0.035203520352,0.032624633431,0.023639774859,0.141324989077,True,True,0.013162575596,2019-02-15,-0.007826396300,2019-04-15,0.910000000000,-0.080000000000,-0.014733160785,0.021715526602
2019-01-11,0.789293970824,0.614278758435,0.031629275469,0.035203520352,0.021730985388,0.141324989077,True,True,0.025714285714,2019-02-18,-0.005714285714,2019-04-16,0.930000000000,-0.130000000000,-0.016533382362,0.020000000000
2019-01-14,0.746470238142,0.608213943821,0.031227038942,0.031629275469,0.020645645646,0.141324989077,True,True,0.026737967914,2019-02-19,-0.011764705882,2019-04-17,0.880000000000,-0.200000000000,-0.015918525102,0.021470160116
2019-01-15,0.723292107158,0.603017368808,0.024506217996,0.031227038942,0.031451307313,0.141324989077,True,True,0.036007130125,2019-02-20,-0.016399286988,2019-04-18,0.900000000000,-0.180000000000,-0.016710611351,0.020400728597
2019-01-16,0.691138327974,0.593445058714,0.026739926740,0.024506217996,0.031698113208,0.141324989077,True,True,0.029579472559,2019-02-21,-0.015324305061,2019-04-19,0.910000000000,-0.160000000000,-0.018662281734,0.020757465404
2019-01-17,0.703384984942,0.590133695923,0.024052478134,0.026739926740,0.028248587571,0.141324989077,True,True,0.019935920256,2019-02-22,-0.015663937344,2019-04-22,0.910000000000,-0.140000000000,-0.020171509635,0.017747193046
2019-01-18,0.666884262507,0.558815776511,0.024043715847,0.024052478134,0.028485757121,0.141324989077,True,True,0.019292604502,2019-02-25,-0.010003572705,2019-04-23,0.960000000000,-0.050000000000,-0.016310248921,0.014801444043
2019-01-21,0.641353585783,0.510585756405,0.014860456687,0.024043715847,0.029632408102,0.141324989077,True,True,0.020378977476,2019-02-26,-0.014658562746,2019-04-24,0.960000000000,-0.010000000000,-0.015016969472,0.010830324910
2019-01-22,0.468036974921,0.476746813015,0.015233949946,0.014860456687,0.034107946027,0.141324989077,True,True,0.017094017094,2019-02-27,-0.015313390313,2019-04-25,0.960000000000,-0.070000000000,-0.013623422977,0.003945480631
2019-01-23,0.402331115734,0.430343462104,0.017798764984,0.015233949946,0.031811377246,0.141324989077,True,True,0.015357142857,2019-02-28,-0.009285714286,2019-04-26,0.950000000000,-0.070000000000,-0.015703755268,0.001429592566
2019-01-24,0.407166492188,0.414670050885,0.019293775027,0.017798764984,0.031472461596,0.149179596408,True,True,0.009642857143,2019-03-01,-0.007857142857,2019-04-29,0.960000000000,-0.030000000000,-0.015912977286,-0.007092198582
2019-01-25,0.382572070999,0.393218420844,0.026798825257,0.019293775027,0.028453762636,0.212958712016,True,True,-0.007449450160,2019-03-04,-0.017382050372,2019-04-30,0.950000000000,-0.040000000000,-0.015774641359,-0.007804185882
2019-01-28,0.375920413530,0.388356152881,0.034065934066,0.026798825257,0.019079685746,0.305103926410,True,True,-0.015558698727,2019-03-05,-0.010608203678,2019-05-06,0.970000000000,-0.070000000000,-0.020651016815,0.004983980064
2019-01-29,0.332103612813,0.395621129695,0.037348956426,0.034065934066,0.021706586826,0.343610588627,True,False,-0.023247622402,2019-03-06,-0.016907361747,2019-05-07,0.970000000000,-0.060000000000,-0.017366505490,0.002476999292
2019-01-30,0.331213859048,0.398299460755,0.040263543192,0.037348956426,0.025150150150,0.343610588627,True,False,-0.021111893033,2019-03-07,-0.015482054891,2019-05-08,0.940000000000,-0.050000000000,-0.019426278877,0.001762425097
2019-01-31,0.321560640978,0.383082730252,0.037673738113,0.040263543192,0.025910627112,0.343610588627,True,False,-0.019725255372,2019-03-08,-0.013737231420,2019-05-09,0.860000000000,-0.100000000000,-0.024245547871,-0.010808926081
2019-02-01,0.293964875100,0.355864709727,0.042778793419,0.037673738113,0.026661659782,0.343610588627,True,False,-0.013347383210,2019-03-11,-0.014401123990,2019-05-10,0.780000000000,-0.100000000000,-0.025037780813,-0.000350508237
2019-02-11,0.300732479718,0.312457511008,0.042584434655,0.042778793419,0.027422990233,0.343610588627,True,False,-0.016174402250,2019-03-12,-0.008087201125,2019-05-13,0.820000000000,-0.090000000000,-0.015863560129,-0.000351988736
2019-02-12,0.312175088601,0.317680517282,0.048933038999,0.042584434655,0.024830699774,0.343610588627,True,False,-0.009490333919,2019-03-13,0.006326889279,2019-05-14,0.830000000000,-0.090000000000,-0.006832859651,0.008132956153
2019-02-13,0.302254356433,0.266945682510,0.055226093403,0.048933038999,0.022573363431,0.343610588627,True,False,-0.007735583685,2019-03-14,0.004922644163,2019-05-15,0.850000000000,-0.060000000000,-0.011812640364,0.010649627263
2019-02-14,0.299446652782,0.236570226048,0.057270360729,0.055226093403,0.015813253012,0.343610588627,True,False,-0.016502808989,2019-03-15,0.001404494382,2019-05-16,0.850000000000,-0.060000000000,-0.004223348644,0.007084661707
2019-02-15,0.257656990485,0.193614153870,0.064360119048,0.057270360729,0.009384384384,0.343610588627,True,False,-0.022632311978,2019-03-18,-0.010793871866,2019-05-17,0.810000000000,-0.120000000000,-0.002057899397,0.019964349376
2019-02-18,0.237868885085,0.146591140524,0.064002959674,0.064360119048,0.017796289284,0.343610588627,True,False,-0.022569444444,2019-03-19,-0.014236111111,2019-05-20,0.800000000000,-0.080000000000,0.001541418978,0.024581403634
2019-02-19,0.258744816119,0.128976260618,0.063169560399,0.064002959674,0.025028441411,0.343610588627,True,False,-0.029593943565,2019-03-20,-0.024432209222,2019-05-21,0.800000000000,-0.100000000000,0.001622793334,0.027490182078
2019-02-20,0.240907133449,0.127449932769,0.067796610169,0.063169560399,0.039554531490,0.343610588627,True,False,-0.019383869851,2019-03-21,-0.021114572516,2019-05-22,0.780000000000,-0.130000000000,-0.004104163068,0.033892258295
2019-02-21,0.203117779183,0.137604332418,0.057268722467,0.067796610169,0.044649730562,0.343610588627,True,False,-0.013612565445,2019-03-22,-0.010122164049,2019-05-23,0.760000000000,-0.150000000000,-0.006361410646,0.024911032028
2019-02-22,0.232391177441,0.140773337278,0.050312155711,0.057268722467,0.041682600382,0.343610588627,True,False,-0.001402032948,2019-03-25,0.000701016474,2019-05-24,0.780000000000,-0.180000000000,-0.007417480255,0.017431519032
2019-02-25,0.239005926550,0.138656938947,0.047653958944,0.050312155711,0.036543585839,0.343610588627,True,False,0.000350385424,2019-03-26,0.001401541696,2019-05-27,0.740000000000,-0.220000000000,-0.014796102490,0.020714285714
2019-02-26,0.246765889447,0.134996738859,0.045770779934,0.047653958944,0.038842345773,0.343610588627,True,False,-0.002100840336,2019-03-27,-0.001050420168,2019-05-28,0.750000000000,-0.210000000000,-0.017541821818,0.020364415863
2019-02-27,0.240247573936,0.134363293790,0.046204620462,0.045770779934,0.039588884659,0.343610588627,True,False,-0.000703482237,2019-03-28,0.002462187830,2019-05-29,0.720000000000,-0.230000000000,-0.018952652117,0.018201284797
2019-02-28,0.232007758845,0.114992374046,0.040778839089,0.046204620462,0.037671232877,0.343610588627,True,False,-0.006367173682,2019-03-29,0.008135833039,2019-05-30,0.760000000000,-0.200000000000,-0.016519887012,0.011785714286
2019-03-01,0.236742611066,0.123847749101,0.042804428044,0.040778839089,0.030670200682,0.343610588627,True,False,-0.003216583274,2019-04-01,0.027877055039,2019-05-31,0.780000000000,-0.170000000000,-0.013426132722,0.010368251698
2019-03-04,0.203045841444,0.128273455836,0.019406810692,0.042804428044,0.022641509434,0.343610588627,True,False,0.002155172414,2019-04-02,0.043821839080,2019-06-03,0.800000000000,-0.170000000000,-0.005905071624,-0.013815090329
2019-03-05,0.179790759969,0.114025771465,0.013909224012,0.019406810692,0.035253980288,0.343610588627,True,False,0.008654886405,2019-04-03,0.062026685900,2019-06-04,0.780000000000,-0.190000000000,-0.007114671901,-0.022237910342
2019-03-06,0.179790759969,0.068968840381,0.023529411765,0.013909224012,0.034456645210,0.343610588627,True,False,0.004313443566,2019-04-04,0.057872034508,2019-06-05,0.790000000000,-0.150000000000,-0.006339444817,-0.020408163265
2019-03-07,0.166142917335,0.050833301182,0.019485294118,0.023529411765,0.027966742252,0.343610588627,True,False,0.006108515990,2019-04-08,0.061803808839,2019-06-06,0.780000000000,-0.080000000000,0.000911880597,-0.022559041241
2019-03-08,0.160929936619,0.038638606566,0.027155963303,0.019485294118,0.032258064516,0.343610588627,True,False,0.002491990032,2019-04-09,0.053755784977,2019-06-10,0.740000000000,-0.040000000000,0.003615771381,-0.018583450210
2019-03-11,0.165400212636,0.041628464413,0.026691042048,0.027155963303,0.037699923839,0.343610588627,True,False,0.007505360972,2019-04-10,0.055754110079,2019-06-11,0.720000000000,-0.100000000000,-0.003861283858,-0.011267605634
2019-03-12,0.165031344805,0.041371498584,0.025566106647,0.026691042048,0.042301829268,0.343610588627,True,False,0.003548616040,2019-04-11,0.044712562101,2019-06-12,0.730000000000,-0.100000000000,-0.009992978225,-0.015082427219
2019-03-13,0.180424132028,0.046797844625,0.019154318757,0.025566106647,0.039878465629,0.343610588627,True,False,-0.006378454996,2019-04-12,0.051027639972,2019-06-13,0.710000000000,-0.140000000000,-0.009926232328,-0.009483667018
2019-03-14,0.171017229986,0.049351786714,0.018820123055,0.019154318757,0.047312641938,0.343610588627,True,False,-0.004284184220,2019-04-15,0.066047840057,2019-06-14,0.690000000000,-0.160000000000,-0.012092827154,-0.009848751319
2019-03-15,0.173658227077,0.042830748271,0.022181818182,0.018820123055,0.049373338397,0.343610588627,True,False,-0.008193801211,2019-04-16,0.068756679729,2019-06-17,0.690000000000,-0.120000000000,-0.008460244374,-0.017476406851
2019-03-18,0.173658227077,0.032870509709,0.021470160116,0.022181818182,0.041666666667,0.343610588627,True,False,-0.015275310835,2019-04-17,0.062522202487,2019-06-18,0.650000000000,-0.150000000000,-0.008405676158,-0.023991655076
2019-03-19,0.183923844932,0.017726087251,0.028415300546,0.021470160116,0.041303524062,0.343610588627,True,False,-0.021631205674,2019-04-18,0.056737588652,2019-06-19,0.640000000000,-0.160000000000,-0.007841003956,-0.019110493398
2019-03-20,0.197519673495,0.015970869135,0.026584122360,0.028415300546,0.035849056604,0.343610588627,True,False,-0.024708789269,2019-04-19,0.076597246735,2019-06-20,0.660000000000,-0.120000000000,-0.004178149103,-0.027260179434
2019-03-21,0.195621949714,-0.009342094366,0.028250633828,0.026584122360,0.033885542169,0.343610588627,True,False,-0.021585279547,2019-04-22,0.088110403397,2019-06-21,0.580000000000,-0.180000000000,-0.004667465414,-0.014236111111
2019-03-22,0.264125144790,-0.013469054407,0.022743682310,0.028250633828,0.045041635125,0.343610588627,True,False,-0.027378027378,2019-04-23,0.091260091260,2019-06-24,0.580000000000,-0.200000000000,-0.002842575296,-0.009440559441
2019-03-25,0.365798175429,-0.023871610231,0.028519855596,0.022743682310,0.046863189720,0.343610588627,True,True,-0.034676007005,2019-04-24,0.102626970228,2019-06-25,0.540000000000,-0.200000000000,0.003152719650,-0.003149055283
2019-03-26,0.377532518057,-0.046967623814,0.022238163558,0.028519855596,0.046072507553,0.368328734954,True,True,-0.029824561404,2019-04-25,0.098947368421,2019-06-26,0.550000000000,-0.200000000000,0.005255265367,-0.002100840336
2019-03-27,0.375230490508,-0.050041284059,0.017869907076,0.022238163558,0.051678611845,0.376323439662,True,False,-0.023583245336,2019-04-26,0.095740936290,2019-06-27,0.550000000000,-0.170000000000,0.005545721920,-0.001752541185
2019-03-28,0.330062689609,-0.056774970424,0.007801418440,0.017869907076,0.053067369213,0.376323439662,True,False,-0.011035955856,2019-04-29,0.112139551442,2019-06-28,0.550000000000,-0.210000000000,0.008502709013,0.003176844335
2019-03-29,0.499560225616,-0.077266135666,-0.010996807379,0.007801418440,0.064552661382,0.376323439662,False,False,-0.006812477591,2019-04-30,0.093581929007,2019-07-01,0.560000000000,-0.220000000000,0.005400276876,-0.013446567587
2019-04-01,0.589005663908,-0.098823607462,-0.007475970096,-0.010996807379,0.062570674708,0.378792406293,False,False,0.002867383513,2019-05-06,0.093906810036,2019-07-02,0.530000000000,-0.270000000000,0.001687821541,0.001436781609
2019-04-02,0.277034949073,-0.121039873632,-0.012031139420,-0.007475970096,0.063209689629,0.387511832183,False,False,-0.002145155524,2019-05-07,0.134072220236,2019-07-03,0.590000000000,-0.190000000000,0.001821232907,0.007942238267
2019-04-03,0.104821863977,-0.134142878208,-0.014099400775,-0.012031139420,0.077392298894,0.387511832183,False,False,0.001431639227,2019-05-08,0.124552612742,2019-07-04,0.580000000000,-0.210000000000,0.003046031993,0.004669540230
2019-04-04,-0.001660027479,-0.124267105226,-0.024407252441,-0.014099400775,0.068147590361,0.387511832183,False,False,0.000000000000,2019-05-09,0.117857142857,2019-07-05,0.610000000000,-0.170000000000,-0.000454036271,0.009015506671
2019-04-08,0.102344685737,-0.136426305269,-0.015071854189,-0.024407252441,0.081447963801,0.387511832183,False,False,-0.003551136364,2019-05-10,0.097656250000,2019-07-08,0.610000000000,-0.130000000000,-0.002458509405,0.003929974991
2019-04-09,0.081723676154,-0.152830589594,-0.010559662091,-0.015071854189,0.075791855204,0.387511832183,False,False,0.000709471444,2019-05-13,0.093650230578,2019-07-09,0.610000000000,-0.110000000000,-0.001984182994,0.001068376068
2019-04-10,0.059435400839,-0.159555185671,-0.001060820368,-0.010559662091,0.066041275797,0.387511832183,False,False,0.012376237624,2019-05-14,0.090523338048,2019-07-10,0.600000000000,-0.130000000000,-0.001984457067,0.006054131054
2019-04-11,0.068259428808,-0.163187314045,0.003904863330,-0.001060820368,0.046632124352,0.387511832183,True,False,0.019258202568,2019-05-15,0.119472182596,2019-07-11,0.540000000000,-0.170000000000,0.001804903433,0.002836879433
2019-04-12,0.068781090804,-0.158455507897,-0.008147360964,0.003904863330,0.032624633431,0.387511832183,False,False,0.022588741484,2019-05-16,0.116170670491,2019-07-12,0.570000000000,-0.120000000000,0.004156637563,-0.005328596803
2019-04-15,0.059455350630,-0.167546834742,-0.007130124777,-0.008147360964,0.035203520352,0.387511832183,False,False,0.020474137931,2019-05-17,0.119971264368,2019-07-15,0.610000000000,-0.080000000000,-0.001829068730,-0.009249377446
2019-04-16,0.061609589019,-0.167177291571,-0.007837548985,-0.007130124777,0.031629275469,0.387511832183,False,False,0.024170274170,2019-05-20,0.125901875902,2019-07-16,0.610000000000,-0.040000000000,-0.000909359702,-0.007837548985
2019-04-17,0.059684289362,-0.171143814346,-0.011424491253,-0.007837548985,0.031227038942,0.387511832183,False,False,0.027546212396,2019-05-21,0.126857557086,2019-07-17,0.640000000000,0.000000000000,-0.001213380966,-0.019128586610
2019-04-18,0.070395040018,-0.165902099044,-0.018551551909,-0.011424491253,0.024506217996,0.387511832183,False,False,0.023525153818,2019-05-22,0.138979370250,2019-07-18,0.650000000000,-0.010000000000,-0.005926945907,-0.024122029088
2019-04-19,0.062329608057,-0.161181526596,-0.017081850534,-0.018551551909,0.026739926740,0.387511832183,False,False,0.025678119349,2019-05-23,0.151898734177,2019-07-19,0.620000000000,0.040000000000,0.003064677480,-0.027122226136
2019-04-22,0.066354453782,-0.150099240579,-0.013874066169,-0.017081850534,0.024052478134,0.387511832183,False,False,0.030313966077,2019-05-24,0.134969325153,2019-07-22,0.620000000000,0.040000000000,-0.000752925039,-0.021531944935
2019-04-23,0.050544356237,-0.158185550687,-0.015357142857,-0.013874066169,0.024043715847,0.387511832183,False,False,0.037010159652,2019-05-27,0.135703918723,2019-07-23,0.640000000000,0.100000000000,-0.001672546733,-0.032292032292
2019-04-24,-0.021384150715,-0.166306121870,-0.016077170418,-0.015357142857,0.014860456687,0.387511832183,False,False,0.031826401447,2019-05-28,0.135623869801,2019-07-24,0.620000000000,0.070000000000,0.001840111300,-0.033684210526
2019-04-25,-0.089038444162,-0.198318414796,-0.012491077802,-0.016077170418,0.015233949946,0.387511832183,False,False,0.027397260274,2019-05-29,0.132299927902,2019-07-25,0.570000000000,0.020000000000,0.001666588580,-0.028441011236
2019-04-26,-0.169753195572,-0.241135038199,-0.009642857143,-0.012491077802,0.017798764984,0.387511832183,False,False,0.025917926566,2019-05-30,0.126709863211,2019-07-26,0.560000000000,0.010000000000,0.001773468028,-0.024278676988
2019-04-29,-0.220984000118,-0.293316135206,-0.010010725778,-0.009642857143,0.019293775027,0.387511832183,False,False,0.038267148014,2019-05-31,0.136101083032,2019-07-29,0.540000000000,-0.020000000000,-0.000090510360,-0.006814921090
2019-04-30,-0.257929090517,-0.336856484234,-0.016294721927,-0.010010725778,0.026798825257,0.387511832183,False,False,0.038598999285,2019-06-03,0.123302358828,2019-07-30,0.580000000000,0.050000000000,0.002186158050,-0.003945480631
2019-05-06,-0.249307643654,-0.355394348420,-0.014119308154,-0.016294721927,0.034065934066,0.387511832183,False,False,0.055177355786,2019-06-04,0.131494088140,2019-07-31,0.560000000000,-0.030000000000,0.002640191332,0.000358166189
2019-05-07,-0.258758133465,-0.359514923922,-0.019352568614,-0.014119308154,0.037348956426,0.387511832183,False,False,0.051822730522,2019-06-05,0.116869192280,2019-08-01,0.600000000000,0.020000000000,0.007089045729,-0.003575259206
2019-05-08,-0.265257455962,-0.366118372193,-0.011632005640,-0.019352568614,0.040263543192,0.387511832183,False,False,0.055357142857,2019-06-06,0.138214285714,2019-08-02,0.580000000000,-0.030000000000,0.011980087795,0.002144388849
2019-05-09,-0.275432432269,-0.360121503005,-0.016129032258,-0.011632005640,0.037673738113,0.387511832183,False,False,0.054882394868,2019-06-10,0.154312188168,2019-08-05,0.620000000000,0.010000000000,0.013431935926,-0.001423487544
2019-05-10,-0.287495166529,-0.350963173106,-0.011267605634,-0.016129032258,0.042778793419,0.387511832183,False,False,0.047146401985,2019-06-11,0.181141439206,2019-08-06,0.600000000000,-0.010000000000,0.017878263459,-0.001067235859
2019-05-13,-0.309278554903,-0.345053386124,-0.008768853034,-0.011267605634,0.042584434655,0.387511832183,False,False,0.028292001397,2019-06-12,0.168704156479,2019-08-07,0.590000000000,-0.010000000000,0.018711229119,0.000353982301
2019-05-14,-0.318646943776,-0.318894431200,0.003863716192,-0.008768853034,0.048933038999,0.387511832183,True,False,0.037788663401,2019-06-13,0.183694891533,2019-08-08,0.550000000000,0.010000000000,0.028764659349,0.010608203678
2019-05-15,-0.333075350552,-0.307312100601,0.000351741119,0.003863716192,0.055226093403,0.387511832183,True,False,0.046984572230,2019-06-14,0.193548387097,2019-08-09,0.560000000000,-0.010000000000,0.025971941624,0.015714285714
2019-05-16,-0.334364343747,-0.315866695825,-0.001048584411,0.000351741119,0.057270360729,0.387511832183,False,False,0.055966209081,2019-06-17,0.197465681098,2019-08-12,0.540000000000,-0.070000000000,0.029166707031,0.026211849192
2019-05-17,-0.353574400189,-0.340240786538,-0.007649513213,-0.001048584411,0.064360119048,0.387511832183,False,False,0.053539978866,2019-06-18,0.213103205354,2019-08-13,0.560000000000,-0.050000000000,0.032976961301,0.024775583483
2019-05-20,-0.367339403210,-0.351673470508,-0.014940931202,-0.007649513213,0.064002959674,0.387511832183,False,False,0.051146384480,2019-06-19,0.188359788360,2019-08-14,0.580000000000,-0.060000000000,0.035095233165,0.023835319610
2019-05-21,-0.380662594000,-0.350358182314,-0.022084195997,-0.014940931202,0.063169560399,0.387511832183,False,False,0.078500707214,2019-06-20,0.214639321075,2019-08-15,0.600000000000,-0.050000000000,0.039121358649,0.030170846965
2019-05-22,-0.339615455841,-0.358810259162,-0.015972222222,-0.022084195997,0.067796610169,0.387511832183,False,False,0.084273624824,2019-06-21,0.211565585331,2019-08-16,0.600000000000,-0.020000000000,0.033703116510,0.026068066618
2019-05-23,-0.367418589566,-0.359276907949,-0.006643356643,-0.015972222222,0.057268722467,0.387511832183,False,False,0.088966725044,2019-06-24,0.188791593695,2019-08-19,0.600000000000,-0.020000000000,0.034633791521,0.024891774892
2019-05-24,-0.416666934585,-0.345656548379,-0.000699790063,-0.006643356643,0.050312155711,0.387511832183,False,False,0.101469559132,2019-06-25,0.187543736879,2019-08-20,0.580000000000,-0.060000000000,0.032011156080,0.035908596300
2019-05-27,-0.434281600232,-0.346365669652,0.000700280112,-0.000699790063,0.047653958944,0.387511832183,True,False,0.097791798107,2019-06-26,0.191377497371,2019-08-21,0.560000000000,-0.060000000000,0.027923965854,0.037763253450
2019-05-28,-0.414269539873,-0.333942753233,0.000350508237,0.000700280112,0.045770779934,0.387511832183,True,False,0.092280701754,2019-06-27,0.191228070175,2019-08-22,0.560000000000,-0.010000000000,0.025838515588,0.031441994940
2019-05-29,-0.416987200222,-0.334106276773,0.009883515708,0.000350508237,0.046204620462,0.387511832183,True,False,0.096140350877,2019-06-28,0.192631578947,2019-08-23,0.530000000000,-0.030000000000,0.025491988338,0.031734583484
2019-05-30,-0.352220745419,-0.325223673742,0.007430997877,0.009883515708,0.040778839089,0.387511832183,True,False,0.060500695410,2019-07-01,0.224269819193,2019-08-26,0.500000000000,-0.040000000000,0.028784899725,0.028169014085
2019-05-31,-0.333717129342,-0.320532568163,0.033764367816,0.007430997877,0.042804428044,0.387511832183,True,False,0.050240880936,2019-07-02,0.208189951824,2019-08-27,0.480000000000,-0.100000000000,0.028200020033,0.036370183651
2019-06-03,-0.327932309627,-0.307677731447,0.051985559567,0.033764367816,0.019406810692,0.387511832183,True,False,0.077079796265,2019-07-03,0.203056027165,2019-08-28,0.400000000000,-0.160000000000,0.029773116915,0.043322592195
2019-06-04,-0.339506391144,-0.290397585873,0.057471264368,0.051985559567,0.013909224012,0.387511832183,True,False,0.067618076792,2019-07-04,0.199456337071,2019-08-29,0.340000000000,-0.260000000000,0.021882174045,0.056332974525
2019-06-05,-0.338852739605,-0.274493012770,0.068517850703,0.057471264368,0.023529411765,0.387511832183,True,False,0.059221658206,2019-07-05,0.185448392555,2019-08-30,0.380000000000,-0.200000000000,0.018547693385,0.056704707561
2019-06-06,-0.333076840635,-0.266711621211,0.058235083959,0.068517850703,0.019485294118,0.387511832183,True,False,0.044256756757,2019-07-08,0.183108108108,2019-09-02,0.370000000000,-0.250000000000,0.017659393971,0.055595153243
2019-06-10,-0.335635043879,-0.254343827463,0.051638176638,0.058235083959,0.027155963303,0.387511832183,True,False,0.043669600542,2019-07-09,0.188219363575,2019-09-03,0.390000000000,-0.210000000000,0.013188357682,0.051638176638
2019-06-11,-0.334992556784,-0.252802667346,0.045940170940,0.051638176638,0.026691042048,0.387511832183,True,False,0.047554347826,2019-07-10,0.208220108696,2019-09-04,0.420000000000,-0.170000000000,0.014481319799,0.039278131635
2019-06-12,-0.328620767177,-0.273638268877,0.053900709220,0.045940170940,0.025566106647,0.387511832183,True,False,0.058327714093,2019-07-11,0.194200944032,2019-09-05,0.430000000000,-0.120000000000,0.001986371725,0.039888033590
2019-06-13,-0.324750400173,-0.297331976894,0.057548845471,0.053900709220,0.019154318757,0.387511832183,True,False,0.042531815137,2019-07-12,0.160080375084,2019-09-06,0.420000000000,-0.140000000000,0.003526963892,0.046765119550
2019-06-14,-0.322828800172,-0.289099936351,0.075062255425,0.057548845471,0.018820123055,0.387511832183,True,False,0.039333333333,2019-07-15,0.145333333333,2019-09-09,0.420000000000,-0.120000000000,0.003450919968,0.057382785164
2019-06-17,-0.297848000159,-0.269264467930,0.062700391877,0.075062255425,0.022181818182,0.387511832183,True,False,0.043463724507,2019-07-16,0.130725509863,2019-09-10,0.460000000000,-0.100000000000,0.000166700344,0.045199719692
2019-06-18,-0.278097607785,-0.247503008910,0.064116188452,0.062700391877,0.021470160116,0.387511832183,True,False,0.043288590604,2019-07-17,0.139932885906,2019-09-11,0.480000000000,-0.100000000000,-0.002558172335,0.059611992945
2019-06-19,-0.258918462421,-0.239473558772,0.060305072721,0.064116188452,0.028415300546,0.387511832183,True,False,0.031803278689,2019-07-18,0.113114754098,2019-09-12,0.420000000000,-0.180000000000,-0.005257920567,0.054693013409
2019-06-20,-0.247370631977,-0.225177695404,0.075730891159,0.060305072721,0.026584122360,0.387511832183,True,False,0.035772357724,2019-07-19,0.110243902439,2019-09-16,0.360000000000,-0.240000000000,-0.005653970651,0.077628793225
2019-06-21,-0.287064127340,-0.239883549297,0.086833745146,0.075730891159,0.028250633828,0.387511832183,True,False,0.011579285944,2019-07-22,0.095207462206,2019-09-17,0.270000000000,-0.330000000000,-0.010621920627,0.083773319254
2019-06-24,-0.351523463633,-0.244938116314,0.088452088452,0.086833745146,0.022743682310,0.387511832183,True,False,-0.005717916137,2019-07-23,0.082274459975,2019-09-18,0.340000000000,-0.240000000000,-0.009125300730,0.085784313725
2019-06-25,-0.357620520065,-0.255243892323,0.110877192982,0.088452088452,0.028519855596,0.387511832183,True,False,0.002554278416,2019-07-24,0.081417624521,2019-09-19,0.310000000000,-0.250000000000,-0.005794205939,0.107767669699
2019-06-26,-0.356545227399,-0.265539304376,0.091292134831,0.110877192982,0.022238163558,0.387511832183,True,False,0.008994539030,2019-07-25,0.094442659814,2019-09-20,0.330000000000,-0.230000000000,-0.003458043896,0.088997897687
2019-06-27,-0.159289156768,-0.244969035914,0.090781140042,0.091292134831,0.017869907076,0.387511832183,True,False,0.001920614597,2019-07-26,0.100192061460,2019-09-23,0.350000000000,-0.180000000000,-0.005078562054,0.083537224747
2019-06-28,-0.149691884205,-0.236528954820,0.115136298422,0.090781140042,0.007801418440,0.387511832183,True,False,0.031803278689,2019-07-29,0.135409836066,2019-09-24,0.330000000000,-0.170000000000,-0.008896671393,0.092026694766
2019-07-01,-0.215541010224,-0.235936594149,0.088235294118,0.115136298422,-0.010996807379,0.387511832183,True,False,0.029816513761,2019-07-30,0.140235910878,2019-09-25,0.310000000000,-0.170000000000,-0.008679638498,0.054204308548
2019-07-02,-0.209455520375,-0.220332859252,0.098137535817,0.088235294118,-0.007475970096,0.387511832183,True,False,-0.004413619168,2019-07-31,0.085750315259,2019-09-26,0.340000000000,-0.060000000000,-0.009918515668,0.052161976664
2019-07-03,-0.164452964607,-0.228905239013,0.126921701823,0.098137535817,-0.012031139420,0.387511832183,True,False,-0.005410566518,2019-08-01,0.090388287715,2019-09-27,0.330000000000,-0.010000000000,-0.004909871319,0.070652173913
2019-07-04,-0.126371869179,-0.244505810609,0.114724803431,0.126921701823,-0.014099400775,0.387511832183,True,False,0.018210862620,2019-08-02,0.086261980831,2019-09-30,0.310000000000,-0.070000000000,-0.005267344272,0.052649341883
2019-07-05,-0.189061551351,-0.254084625902,0.112099644128,0.114724803431,-0.024407252441,0.387511832183,True,False,0.047880944678,2019-08-05,0.100614687803,2019-10-08,0.310000000000,-0.060000000000,-0.007729183387,0.055030384875
2019-07-08,-0.182005598675,-0.253725093981,0.106012095340,0.112099644128,-0.015071854189,0.387511832183,True,False,0.080765488161,2019-08-06,0.114174505352,2019-10-09,0.350000000000,-0.040000000000,-0.004584530529,0.052827632916
2019-07-09,-0.177068827179,-0.245154620804,0.090619469027,0.106012095340,-0.010559662091,0.387511832183,True,False,0.084954604410,2019-08-07,0.115434500649,2019-10-10,0.350000000000,-0.070000000000,-0.007855208963,0.049029622063
2019-07-10,-0.177493892731,-0.238163453527,0.088755304102,0.090619469027,-0.001060820368,0.387511832183,True,False,0.077731761708,2019-08-08,0.080280344059,2019-10-11,0.360000000000,-0.070000000000,-0.004363375942,0.036002691790
2019-07-11,-0.171612544162,-0.240146927630,0.118571428571,0.088755304102,0.003904863330,0.387511832183,True,False,0.093478959203,2019-08-09,0.081593318342,2019-10-14,0.330000000000,-0.090000000000,-0.008013504024,0.052065838092
2019-07-12,-0.168356365168,-0.217680711886,0.117055655296,0.118571428571,-0.008147360964,0.387511832183,True,False,0.091084028223,2019-08-12,0.078576010263,2019-10-15,0.360000000000,-0.060000000000,-0.007536185452,0.029450694904
2019-07-15,-0.159593857813,-0.217431867100,0.121364452424,0.117055655296,-0.007130124777,0.387511832183,True,False,0.103492470362,2019-08-13,0.075296379366,2019-10-16,0.350000000000,-0.110000000000,-0.007368225861,0.046932618170
2019-07-16,-0.159883817759,-0.216863689636,0.126760563380,0.121364452424,-0.007837548985,0.387511832183,True,False,0.083628176262,2019-08-14,0.082663235767,2019-10-17,0.320000000000,-0.160000000000,-0.008188389225,0.038615179760
2019-07-17,-0.147972322477,-0.216622534660,0.127953471465,0.126760563380,-0.011424491253,0.387511832183,True,False,0.091515729266,2019-08-15,0.069907848745,2019-10-18,0.330000000000,-0.090000000000,-0.003077114756,0.038139846102
2019-07-18,-0.130179764197,-0.222232488435,0.135047067343,0.127953471465,-0.018551551909,0.387511832183,True,False,0.078806907378,2019-08-16,0.055572998430,2019-10-21,0.310000000000,-0.050000000000,-0.002554076515,0.026522593320
2019-07-19,-0.131771676288,-0.227103267674,0.146103896104,0.135047067343,-0.017081850534,0.387511832183,True,False,0.079173290938,2019-08-19,0.064864864865,2019-10-22,0.250000000000,-0.020000000000,0.001964116789,0.031828515752
2019-07-22,-0.118430865057,-0.213100638462,0.143634385201,0.146103896104,-0.013874066169,0.387511832183,True,False,0.084345047923,2019-08-20,0.074440894569,2019-10-23,0.250000000000,-0.090000000000,0.002990376161,0.016768784263
2019-07-23,-0.039729863415,-0.200511949791,0.136528685548,0.143634385201,-0.015357142857,0.387511832183,True,False,0.082484076433,2019-08-21,0.072292993631,2019-10-24,0.260000000000,-0.050000000000,0.000979326540,-0.011370814908
2019-07-24,0.062988751078,-0.166842591867,0.135887242501,0.136528685548,-0.016077170418,0.387511832183,True,False,0.080865966253,2019-08-22,0.078637376632,2019-10-25,0.270000000000,-0.060000000000,0.000007262544,0.011261261261
2019-07-25,0.146375578048,-0.115921335414,0.134871979805,0.135887242501,-0.012491077802,0.387511832183,True,False,0.085942492013,2019-08-23,0.084345047923,2019-10-28,0.260000000000,-0.090000000000,-0.001608809539,0.015161290323
2019-07-26,0.241736755251,-0.045052339860,0.131816540267,0.134871979805,-0.009642857143,0.387511832183,True,False,0.118843342866,2019-08-26,0.068954559898,2019-10-29,0.280000000000,-0.050000000000,0.000279425141,0.008041170794
2019-07-29,0.301236097868,0.024266563477,0.130356499820,0.131816540267,-0.010010725778,0.387511832183,True,False,0.117085587019,2019-08-27,0.068087814190,2019-10-30,0.300000000000,-0.010000000000,0.001449323891,0.034607778510
2019-07-30,0.292567468430,0.057462252493,0.128535624776,0.130356499820,-0.016294721927,0.387511832183,True,False,0.121912602913,2019-08-28,0.065547815073,2019-10-31,0.290000000000,-0.050000000000,0.003459887723,0.028049575995
2019-07-31,0.273899278463,0.066642641573,0.135270900610,0.128535624776,-0.014119308154,0.387511832183,True,False,0.129600000000,2019-08-29,0.086720000000,2019-11-01,0.280000000000,-0.050000000000,0.000277302500,0.003807106599
2019-08-01,0.255157668438,0.081875447917,0.109843081312,0.135270900610,-0.019352568614,0.387511832183,True,False,0.099152808284,2019-08-30,0.064010040791,2019-11-04,0.260000000000,-0.050000000000,0.003676379804,-0.002244309073
2019-08-02,0.283019129688,0.077762677196,0.134711332858,0.109843081312,-0.011632005640,0.387511832183,True,False,0.081197900587,2019-09-02,0.041679530719,2019-11-05,0.200000000000,-0.110000000000,0.011704086138,0.018880000000
2019-08-05,0.293454000615,0.077249231600,0.171296296296,0.134711332858,-0.016129032258,0.387511832183,True,False,0.053421368547,2019-09-03,-0.003601440576,2019-11-06,0.200000000000,-0.150000000000,0.011633749693,0.057896429720
2019-08-06,0.315729349148,0.099912431698,0.166312809625,0.171296296296,-0.011267605634,0.387511832183,True,False,0.063060370592,2019-09-04,-0.005080693365,2019-11-07,0.150000000000,-0.200000000000,0.030408222660,0.069782538137
2019-08-07,0.343533817873,0.109082182516,0.176696990903,0.166312809625,-0.008768853034,0.387511832183,True,False,0.046999704404,2019-09-05,-0.038427431274,2019-11-08,0.110000000000,-0.250000000000,0.022955909629,0.092237739526
2019-08-08,0.374564822459,0.142559363093,0.190576652602,0.176696990903,0.003863716192,0.387511832183,True,False,0.017626321974,2019-09-06,-0.042303172738,2019-11-11,0.090000000000,-0.240000000000,0.030765548464,0.081098339719
2019-08-09,0.394890045383,0.191334972442,0.190692792162,0.190576652602,0.000351741119,0.387511832183,True,True,0.009994121105,2019-09-09,-0.044679600235,2019-11-12,0.070000000000,-0.290000000000,0.028957331051,0.093860495018
2019-08-12,0.439952873517,0.289378817397,0.185003503854,0.190692792162,-0.001048584411,0.396750312971,True,True,-0.018002322880,2019-09-10,-0.053716608595,2019-11-13,0.080000000000,-0.270000000000,0.031881774087,0.082933077169
2019-08-13,0.490373536275,0.332946628712,0.222222222222,0.185003503854,-0.007649513213,0.403539959847,True,True,0.008311071535,2019-09-11,-0.030572870288,2019-11-14,0.040000000000,-0.280000000000,0.033362211122,0.110576923077
2019-08-14,0.565458477216,0.375750170588,0.191249117855,0.222222222222,-0.014940931202,0.411799155034,True,True,-0.011644832606,2019-09-12,-0.046870451237,2019-11-15,0.050000000000,-0.280000000000,0.018796511721,0.087979374799
2019-08-15,0.552913746446,0.427681122186,0.204657727594,0.191249117855,-0.022084195997,0.426118680732,True,True,-0.006402793946,2019-09-16,-0.048020954598,2019-11-18,0.020000000000,-0.290000000000,0.025704314951,0.088995215311
2019-08-16,0.623848211277,0.471815989464,0.203449489616,0.204657727594,-0.015972222222,0.429150412012,True,True,0.003241013553,2019-09-17,-0.030053034767,2019-11-19,-0.020000000000,-0.270000000000,0.025570022978,0.076172489770
2019-08-19,0.757275967015,0.459518780365,0.191176470588,0.203449489616,-0.006643356643,0.434575728123,True,True,0.003830288745,2019-09-18,-0.028579846788,2019-11-20,0.010000000000,-0.240000000000,0.023326569062,0.078972407231
2019-08-20,0.818615057309,0.473077843698,0.185444366690,0.191176470588,-0.000699790063,0.436198917081,True,True,-0.003530450132,2019-09-19,-0.028243601059,2019-11-21,0.040000000000,-0.220000000000,0.027270838811,0.082428115016
2019-08-21,0.749837098709,0.453174213907,0.188156972670,0.185444366690,0.000700280112,0.440063503655,True,True,0.003534609720,2019-09-20,-0.034462444772,2019-11-22,0.020000000000,-0.250000000000,0.027085460638,0.078905504295
2019-08-22,0.751484016133,0.457806486675,0.188745193988,0.188156972670,0.000350508237,0.442720468856,True,True,0.011179758753,2019-09-23,-0.038246543101,2019-11-25,0.050000000000,-0.210000000000,0.027747963933,0.080711789005
2019-08-23,0.573286616713,0.426750309969,0.193537056551,0.188745193988,0.009883515708,0.451601183436,True,True,-0.016472593013,2019-09-24,-0.075830729906,2019-11-26,0.070000000000,-0.210000000000,0.031458555514,0.084237396299
2019-08-26,0.535406385921,0.413088128826,0.223071577484,0.193537056551,0.007430997877,0.459223144338,True,True,-0.008829393335,2019-09-25,-0.068641412703,2019-11-27,-0.020000000000,-0.320000000000,0.037284796854,0.121376234470
2019-08-27,0.545350693983,0.388042408479,0.208647906658,0.223071577484,0.033764367816,0.465713954991,True,True,-0.027942421677,2019-09-26,-0.078746824725,2019-11-28,0.000000000000,-0.290000000000,0.039839042087,0.117385786802
2019-08-28,0.557827645860,0.375383760525,0.197010869565,0.208647906658,0.051985559567,0.470075502629,True,True,-0.029461756374,2019-09-27,-0.075354107649,2019-11-29,-0.060000000000,-0.340000000000,0.040155623725,0.113780025284
2019-08-29,0.547467042775,0.346375943387,0.203172460344,0.197010869565,0.057471264368,0.476281134711,True,True,-0.029403368541,2019-09-30,-0.066228946617,2019-12-02,-0.080000000000,-0.340000000000,0.037532924253,0.145565552699
2019-08-30,0.594688793965,0.337426952627,0.184334908845,0.203172460344,0.068517850703,0.480006845256,True,True,-0.028555111365,2019-10-08,-0.063963449457,2019-12-03,-0.090000000000,-0.290000000000,0.027251942973,0.101758793970
2019-09-02,0.646651892467,0.352183970716,0.183880799187,0.184334908845,0.058235083959,0.492120926309,True,True,-0.021367521368,2019-10-09,-0.052421652422,2019-12-04,-0.050000000000,-0.250000000000,0.026587166773,0.062937062937
2019-09-03,0.699482536445,0.384733764235,0.195437521280,0.183880799187,0.051638176638,0.497912378713,True,True,-0.032892887265,2019-10-10,-0.067472589261,2019-12-05,-0.050000000000,-0.200000000000,0.013310099180,0.065230582524
2019-09-04,0.705749104296,0.428803125258,0.185733512786,0.195437521280,0.045940170940,0.508521765692,True,True,-0.042631281762,2019-10-11,-0.064088085827,2019-12-06,-0.030000000000,-0.140000000000,0.017521500502,0.047873922093
2019-09-05,0.705749104296,0.472520121221,0.188780651663,0.185733512786,0.053900709220,0.537892462936,True,True,-0.028002309469,2019-10-14,-0.055427251732,2019-12-09,-0.040000000000,-0.130000000000,0.008871818109,0.045186060248
2019-09-06,0.700908722010,0.460290157505,0.134679020516,0.188780651663,0.057548845471,0.545879781181,True,True,-0.021245634459,2019-10-15,-0.045983701979,2019-12-10,0.010000000000,-0.060000000000,0.008060168269,0.007640317367
2019-09-09,0.643131402236,0.428367087798,0.153871940999,0.134679020516,0.075062255425,0.548828718693,True,True,-0.007687758723,2019-10-16,-0.029272619752,2019-12-11,0.010000000000,-0.070000000000,0.001144688645,0.017740981668
2019-09-10,0.595112110443,0.428537691861,0.128162450067,0.153871940999,0.062700391877,0.554142221300,True,True,-0.009125699146,2019-10-17,-0.027671474831,2019-12-12,0.060000000000,0.020000000000,0.002049099551,-0.021933621934
2019-09-11,0.553830705513,0.401891205667,0.138842422215,0.128162450067,0.064116188452,0.559735353699,True,False,-0.008247422680,2019-10-18,-0.039764359352,2019-12-13,0.120000000000,0.070000000000,0.014085662222,0.008293838863
2019-09-12,0.538302741807,0.363643181666,0.114603798297,0.138842422215,0.060305072721,0.559735353699,True,False,-0.015231400117,2019-10-21,-0.038664323374,2019-12-16,0.150000000000,0.130000000000,0.007767905557,-0.002929115407
2019-09-16,0.499490740308,0.382566387606,0.106528093537,0.114603798297,0.075730891159,0.559735353699,True,False,-0.016446402349,2019-10-22,-0.033186490455,2019-12-17,0.160000000000,0.180000000000,0.002661764424,-0.003509798187
2019-09-17,0.511100078386,0.435635196475,0.094485649790,0.106528093537,0.086833745146,0.559735353699,True,False,-0.012914587614,2019-10-23,-0.033460522454,2019-12-18,0.170000000000,0.160000000000,0.002486942487,-0.002351557907
2019-09-18,0.522893273407,0.474550612086,0.076121288692,0.094485649790,0.088452088452,0.559735353699,True,False,-0.005904930617,2019-10-24,-0.028343666962,2019-12-19,0.150000000000,0.110000000000,0.002023575861,0.005608028335
2019-09-19,0.541103486909,0.477919828087,0.094272844273,0.076121288692,0.110877192982,0.559735353699,True,False,-0.005576753742,2019-10-25,-0.032579982389,2019-12-20,0.210000000000,0.190000000000,0.001704811018,0.002948982601
2019-09-20,0.187475194439,0.442767534740,0.100645161290,0.094272844273,0.091292134831,0.559735353699,True,False,-0.012510910678,2019-10-28,-0.039569391912,2019-12-23,0.180000000000,0.130000000000,0.005088586835,0.003234342840
2019-09-23,0.027614789791,0.426674798901,0.106786748151,0.100645161290,0.090781140042,0.559735353699,True,False,-0.028587929541,2019-10-29,-0.041871209934,2019-12-24,0.130000000000,0.060000000000,0.004465123233,0.012654502649
2019-09-24,0.054252744285,0.433747241615,0.140408701384,0.106786748151,0.115136298422,0.559735353699,True,False,-0.035344827586,2019-10-30,-0.037931034483,2019-12-25,0.110000000000,0.130000000000,-0.003522703463,-0.017045454545
2019-09-25,0.149508042839,0.428753003447,0.135029354207,0.140408701384,0.088235294118,0.559735353699,True,False,-0.022938443670,2019-10-31,-0.026422764228,2019-12-26,0.060000000000,0.060000000000,-0.008541838895,-0.011925042589
2019-09-26,0.147615535967,0.450228147405,0.089467005076,0.135029354207,0.098137535817,0.559735353699,True,False,-0.008756567426,2019-11-01,-0.018096906013,2019-12-27,0.130000000000,0.190000000000,-0.005435817790,-0.025539160045
2019-09-27,0.150361724630,0.436501892868,0.091375440846,0.089467005076,0.126921701823,0.559735353699,True,False,-0.002647058824,2019-11-04,-0.008235294118,2019-12-30,0.130000000000,0.210000000000,-0.006277596561,-0.045161290323
2019-09-30,0.247710413343,0.429362843218,0.086720000000,0.091375440846,0.114724803431,0.559735353699,True,False,-0.008230452675,2019-11-05,-0.007936507937,2019-12-31,0.160000000000,0.250000000000,-0.000916843678,-0.031927023945
2019-10-08,0.256087500761,0.425536528381,0.090382759730,0.086720000000,0.112099644128,0.559735353699,True,False,-0.033478893741,2019-11-06,-0.018631732169,2020-01-02,0.150000000000,0.200000000000,-0.002832473538,-0.030320366133
2019-10-09,0.257776067161,0.411459430167,0.116520610191,0.090382759730,0.106012095340,0.559735353699,True,False,-0.032267441860,2019-11-07,-0.013953488372,2020-01-03,0.060000000000,0.110000000000,-0.009207963599,-0.020222158929
2019-10-10,0.263271661108,0.400821509680,0.111399805132,0.116520610191,0.090619469027,0.559735353699,True,False,-0.040695959894,2019-11-08,0.030964317311,2020-01-06,0.100000000000,0.130000000000,-0.005522814350,-0.028944381385
2019-10-11,0.263271661108,0.401183607591,0.087164750958,0.111399805132,0.088755304102,0.559735353699,True,False,-0.031779031779,2019-11-11,0.031185031185,2020-01-07,0.150000000000,0.190000000000,-0.005946484438,-0.037863803334
2019-10-14,0.272094233126,0.376150405520,0.078752812600,0.087164750958,0.118571428571,0.559735353699,True,False,-0.033600951531,2019-11-12,0.054713053821,2020-01-08,0.200000000000,0.190000000000,-0.006326762641,-0.021289005541
2019-10-15,0.243849981190,0.377190342364,0.076849183477,0.078752812600,0.117055655296,0.559735353699,True,False,-0.028903456496,2019-11-13,0.025029797378,2020-01-09,0.200000000000,0.190000000000,-0.005151189995,-0.022951772225
2019-10-16,0.235726813529,0.382970199027,0.073717948718,0.076849183477,0.121364452424,0.559735353699,True,False,-0.029708853238,2019-11-14,0.013963161022,2020-01-10,0.210000000000,0.150000000000,-0.004637750389,-0.011507819416
2019-10-17,0.188679380131,0.370108994983,0.087334837254,0.073717948718,0.126760563380,0.559735353699,True,False,-0.027621027621,2019-11-15,0.016632016632,2020-01-13,0.180000000000,0.060000000000,-0.001080959431,-0.008813160987
2019-10-18,0.153878691595,0.368138043934,0.075279106858,0.087334837254,0.127953471465,0.559735353699,True,False,-0.027067221892,2019-11-18,0.001784651993,2020-01-14,0.170000000000,0.020000000000,-0.003881797542,-0.009694477086
2019-10-21,0.151770764313,0.350552953811,0.060434372049,0.075279106858,0.135047067343,0.559735353699,True,False,-0.017020005972,2019-11-19,0.014631233204,2020-01-15,0.160000000000,0.000000000000,0.000389044507,-0.011153507485
2019-10-22,0.130142828256,0.342595538724,0.064383127180,0.060434372049,0.146103896104,0.559735353699,True,False,-0.019625334523,2019-11-20,0.014867677669,2020-01-16,0.190000000000,0.020000000000,0.001081090266,-0.011196228639
2019-10-23,0.113777488469,0.340901617888,0.076996805112,0.064383127180,0.143634385201,0.559735353699,True,False,-0.019008019008,2019-11-21,0.010395010395,2020-01-17,0.170000000000,0.020000000000,-0.001371728561,-0.010566480775
2019-10-24,0.098079347554,0.339609120857,0.070314985682,0.076996805112,0.136528685548,0.559735353699,True,False,-0.032467532468,2019-11-22,0.005608028335,2020-01-20,0.160000000000,-0.050000000000,-0.003085461132,-0.010879153190
2019-10-25,0.101337725536,0.329803897962,0.079758500159,0.070314985682,0.135887242501,0.559735353699,True,False,-0.036829699470,2019-11-25,0.009133765468,2020-01-21,0.150000000000,-0.030000000000,-0.004163173304,-0.004103165299
2019-10-28,0.083432713172,0.331200981298,0.083280153159,0.079758500159,0.134871979805,0.559735353699,True,False,-0.032699167658,2019-11-26,0.013376932224,2020-01-22,0.150000000000,0.020000000000,-0.009850380106,-0.013368206917
2019-10-29,0.059358962775,0.322619832041,0.070404587448,0.083280153159,0.131816540267,0.559735353699,True,False,-0.025915996425,2019-11-27,0.021149836163,2020-01-23,0.210000000000,0.100000000000,-0.006487332648,-0.028901734104
2019-10-30,0.089722736353,0.316691528826,0.064720812183,0.070404587448,0.130356499820,0.559735353699,True,False,-0.030014858841,2019-11-28,0.043090638930,2020-02-03,0.230000000000,0.170000000000,-0.005653788320,-0.035632183908
2019-10-31,0.113828073235,0.316348778324,0.062895069532,0.064720812183,0.128535624776,0.559735353699,True,False,-0.038869257951,2019-11-29,0.033274440518,2020-02-04,0.210000000000,0.080000000000,-0.011368802088,-0.020675596971
2019-11-01,0.110294197156,0.318549188935,0.088367609254,0.062895069532,0.135270900610,0.559735353699,True,False,-0.035387791212,2019-12-02,0.020053081687,2020-02-05,0.150000000000,0.020000000000,-0.011266623059,-0.004994124559
2019-11-04,0.114619459789,0.320164360553,0.062500000000,0.088367609254,0.109843081312,0.559735353699,True,False,-0.028452874926,2019-12-03,0.021932424422,2020-02-06,0.140000000000,-0.020000000000,-0.013187344353,-0.003828032980
2019-11-05,0.124345640158,0.310108884786,0.022195196108,0.062500000000,0.134711332858,0.559735353699,True,False,0.001807228916,2019-12-04,0.048192771084,2020-02-07,0.150000000000,0.000000000000,-0.015266828169,-0.008259587021
2019-11-06,0.111256625405,0.281035774164,0.005157766990,0.022195196108,0.171296296296,0.559735353699,True,False,-0.003604686092,2019-12-05,0.048663262241,2020-02-10,0.180000000000,0.120000000000,-0.017360051466,-0.036918604651
2019-11-07,0.081650251862,0.267091390129,-0.009515313708,0.005157766990,0.166312809625,0.559735353699,False,False,0.019059329849,2019-12-06,0.069474331386,2020-02-11,0.150000000000,0.050000000000,-0.017513652551,-0.026592635885
2019-11-08,0.042247600512,0.235563434061,-0.034554046072,-0.009515313708,0.176696990903,0.559735353699,False,False,0.003680981595,2019-12-09,0.063190184049,2020-02-12,0.230000000000,0.080000000000,-0.012705184543,-0.039941262849
2019-11-11,0.027060801458,0.214091442607,-0.040258595357,-0.034554046072,0.190576652602,0.559735353699,False,False,0.008615384615,2019-12-10,0.068923076923,2020-02-13,0.230000000000,0.030000000000,-0.016098198943,-0.026817640048
2019-11-12,0.004128821999,0.179402782335,-0.044056771141,-0.040258595357,0.190692792162,0.559735353699,False,False,0.007364222154,2019-12-11,0.072414851181,2020-02-14,0.230000000000,0.030000000000,-0.008782774502,-0.038655961939
2019-11-13,-0.032297155361,0.157018247591,-0.057142857143,-0.044056771141,0.185003503854,0.559735353699,False,False,0.011328842621,2019-12-12,0.074402939375,2020-02-17,0.220000000000,0.010000000000,-0.008559332022,-0.024776119403
2019-11-14,-0.078523804819,0.115021314154,-0.029620853081,-0.057142857143,0.222222222222,0.559735353699,False,False,-0.004276114844,2019-12-13,0.073304825901,2020-02-18,0.220000000000,0.040000000000,-0.010132023983,-0.029045643154
2019-11-15,-0.095712159081,0.079605222749,-0.042765084944,-0.029620853081,0.191249117855,0.559735353699,False,False,0.003362885968,2019-12-16,0.089269336594,2020-02-19,0.200000000000,0.030000000000,-0.008802149346,-0.030554731534
2019-11-18,-0.098410357312,0.037629541977,-0.043872477333,-0.042765084944,0.204657727594,0.559735353699,False,False,0.000000000000,2019-12-17,0.083839611179,2020-02-20,0.210000000000,0.050000000000,-0.009269799967,-0.029682398338
2019-11-19,-0.101618430321,0.021487014638,-0.032921810700,-0.043872477333,0.203449489616,0.559735353699,False,False,-0.001213224143,2019-12-18,0.095238095238,2020-02-21,0.180000000000,-0.010000000000,-0.006288587614,-0.019666269368
2019-11-20,-0.108330287841,0.008814358872,-0.025678866588,-0.032921810700,0.191176470588,0.559735353699,False,False,-0.003633060854,2019-12-19,0.128670905238,2020-02-24,0.160000000000,-0.010000000000,-0.006882902336,-0.020765351528
2019-11-21,-0.123503071047,-0.008260119027,-0.028605131230,-0.025678866588,0.185444366690,0.559735353699,False,False,0.005491153142,2019-12-20,0.122330689445,2020-02-25,0.130000000000,-0.030000000000,-0.003100675294,-0.020808561237
2019-11-22,-0.112909367024,-0.012916074891,-0.033519553073,-0.028605131230,0.188156972670,0.559735353699,False,False,0.009788926277,2019-12-23,0.121749770572,2020-02-26,0.140000000000,-0.010000000000,-0.005766850436,-0.032666274279
2019-11-25,-0.120210443407,-0.011928728134,-0.039434961742,-0.033519553073,0.188745193988,0.559735353699,False,False,0.019668100799,2019-12-24,0.126306084819,2020-02-27,0.150000000000,0.000000000000,-0.001106241756,-0.038586156112
2019-11-26,-0.140607511941,-0.003565000657,-0.073011363636,-0.039434961742,0.193537056551,0.559735353699,False,False,0.023853211009,2019-12-25,0.116819571865,2020-02-28,0.140000000000,-0.070000000000,-0.004679436316,-0.028869047619
2019-11-27,-0.152303214650,-0.005236179806,-0.072118114708,-0.073011363636,0.223071577484,0.559735353699,False,False,0.027267156863,2019-12-26,0.087316176471,2020-03-02,0.120000000000,-0.110000000000,-0.007290876462,-0.026221692491
2019-11-28,-0.151856112896,-0.014972460823,-0.074631101022,-0.072118114708,0.208647906658,0.554829940600,False,False,0.030637254902,2019-12-27,0.082107843137,2020-03-03,0.140000000000,-0.070000000000,-0.004256801729,-0.030330062444
2019-11-29,-0.146782177131,-0.014094994677,-0.084151472651,-0.074631101022,0.197010869565,0.553142986213,False,False,0.030877407521,2019-12-30,0.103026597371,2020-03-04,0.140000000000,-0.010000000000,-0.001761104506,-0.036020076764
2019-12-02,-0.161115231182,-0.017517028064,-0.068129988597,-0.084151472651,0.203172460344,0.548828718693,False,False,0.029591214155,2019-12-31,0.099145820622,2020-03-05,0.170000000000,0.030000000000,-0.001540449215,-0.033697901271
2019-12-03,-0.187587767408,-0.048200812905,-0.062643020595,-0.068129988597,0.184334908845,0.545879781181,False,False,0.013529765484,2020-01-02,0.105532170776,2020-03-06,0.180000000000,0.030000000000,0.001621097013,-0.025282569899
2019-12-04,-0.215108522532,-0.076793412365,-0.049558530333,-0.062643020595,0.183880799187,0.542165288677,False,False,0.022610792885,2020-01-03,0.120289418149,2020-03-09,0.090000000000,-0.090000000000,0.009519124637,0.007244189556
2019-12-05,-0.221888678617,-0.086034118267,-0.057604994325,-0.049558530333,0.195437521280,0.539002928083,False,False,0.054600301659,2020-01-06,0.100150829563,2020-03-10,0.110000000000,-0.040000000000,0.005626100658,-0.003002101471
2019-12-06,-0.215215334899,-0.099998394359,-0.068380898559,-0.057604994325,0.185733512786,0.536130474892,False,False,0.061124694377,2020-01-07,0.106662591687,2020-03-11,0.130000000000,-0.100000000000,0.003815768183,0.008565310493
2019-12-09,-0.196863639675,-0.100330058649,-0.044911052785,-0.068380898559,0.188780651663,0.526021551536,False,False,0.082062233069,2020-01-08,0.104942037828,2020-03-12,0.150000000000,-0.080000000000,0.007229040050,0.002755664421
2019-12-10,-0.189873523137,-0.101832557262,-0.047065659500,-0.044911052785,0.134679020516,0.514048377141,False,False,0.047822113920,2020-01-09,0.057569296375,2020-03-13,0.140000000000,-0.090000000000,0.004198400840,0.014537581194
2019-12-11,-0.164890164829,-0.120932670325,-0.031572735320,-0.047065659500,0.153871940999,0.502445188809,False,False,0.033303057826,2020-01-10,0.029367241901,2020-03-16,0.140000000000,-0.080000000000,0.000555949046,0.004591368228
2019-12-12,-0.161559050388,-0.113077838456,-0.030552291422,-0.031572735320,0.128162450067,0.499508111635,False,False,0.050000000000,2020-01-13,0.016871165644,2020-03-17,0.100000000000,-0.120000000000,-0.000229736756,0.007326007326
2019-12-13,-0.146366165526,-0.101433627431,-0.042009400705,-0.030552291422,0.138842422215,0.492652837283,False,False,0.026203534430,2020-01-14,0.029859841560,2020-03-18,0.180000000000,-0.020000000000,0.001236661896,-0.002141982864
2019-12-16,-0.129163907299,-0.097132927382,-0.033167009099,-0.042009400705,0.114603798297,0.473621115260,False,False,0.032199270960,2020-01-15,0.000911300122,2020-03-19,0.120000000000,-0.090000000000,0.000185560536,0.007647598654
2019-12-17,-0.129825834088,-0.107605169584,-0.030053034767,-0.033167009099,0.106528093537,0.446973898868,False,False,0.036440935317,2020-01-16,0.007288187063,2020-03-20,0.160000000000,-0.020000000000,-0.004812475713,0.000607902736
2019-12-18,-0.140075242043,-0.132064580862,-0.032873495744,-0.030053034767,0.094485649790,0.415363087520,False,False,0.033728350046,2020-01-17,0.010331206320,2020-03-23,0.140000000000,-0.020000000000,-0.003993582378,-0.001817631021
2019-12-19,-0.151924460907,-0.143604814483,-0.032049397236,-0.032873495744,0.076121288692,0.403539959847,False,False,0.033677184466,2020-01-20,0.077063106796,2020-03-24,0.160000000000,0.030000000000,-0.005177946635,-0.000607164542
2019-12-20,-0.159556689932,-0.153385413503,-0.032239155920,-0.032049397236,0.094272844273,0.396750312971,False,False,0.037564374432,2020-01-21,0.090881551045,2020-03-25,0.150000000000,0.010000000000,-0.004780732595,0.004563431701
2019-12-23,-0.159556689932,-0.157269261852,-0.037198488811,-0.032239155920,0.100645161290,0.385651564595,False,False,0.027426160338,2020-01-22,0.075346594334,2020-03-26,0.150000000000,0.000000000000,-0.005951214664,0.015012254902
2019-12-24,-0.177622940252,-0.165555650966,-0.037283236994,-0.037198488811,0.106786748151,0.378792406293,False,False,0.023894862605,2020-01-23,0.076762246117,2020-03-27,0.180000000000,0.040000000000,-0.003292641125,0.020839718051
2019-12-25,-0.195917130895,-0.170491775617,-0.036781609195,-0.037283236994,0.140408701384,0.376323439662,False,False,0.046823739934,2020-02-03,0.072770653146,2020-03-30,0.150000000000,0.030000000000,-0.001414280959,0.025703794370
2019-12-26,-0.156662355245,-0.169445000644,-0.023587652883,-0.036781609195,0.135029354207,0.375402971264,False,False,0.043103448276,2020-02-04,0.065101070155,2020-03-31,0.150000000000,0.010000000000,-0.001728812955,0.028212204845
2019-12-27,0.640304787285,-0.161990056721,-0.012044653349,-0.023587652883,0.089467005076,0.374731239471,False,False,0.025800711744,2020-02-05,0.039442467378,2020-04-01,0.160000000000,0.020000000000,-0.005648889919,0.030015313936
2019-12-30,0.780781214982,-0.160777516263,-0.010306242638,-0.012044653349,0.091375440846,0.374731239471,False,False,0.021629629630,2020-02-06,0.044740740741,2020-04-02,0.150000000000,-0.020000000000,-0.005826478304,0.028143163047
2019-12-31,0.772059253598,-0.166366889376,-0.001769911504,-0.010306242638,0.086720000000,0.374731239471,False,False,0.032334618807,2020-02-07,0.062592702462,2020-04-03,0.150000000000,-0.030000000000,-0.008415351361,0.032651815685
2020-01-02,0.794377142264,-0.177117594679,-0.020348837209,-0.001769911504,0.090382759730,0.374731239471,False,False,0.029186320755,2020-02-10,0.086674528302,2020-04-07,0.150000000000,0.060000000000,-0.014850914471,0.009889121966
2020-01-03,0.104202314202,-0.186170364144,0.000000000000,-0.020348837209,0.116520610191,0.374731239471,False,False,-0.004862700229,2020-02-11,0.042048054920,2020-04-08,0.080000000000,-0.030000000000,-0.013188595785,0.030412526347
2020-01-06,0.003416469318,-0.195410027691,0.027019089574,0.000000000000,0.111399805132,0.367989837187,True,False,-0.001728110599,2020-02-12,0.048963133641,2020-04-09,0.030000000000,-0.100000000000,-0.011615405591,0.060661207158
2020-01-07,-0.092402516771,-0.200894904076,0.032777115614,0.027019089574,0.087164750958,0.349099907262,True,False,-0.020580772484,2020-02-13,0.037778404285,2020-04-10,0.060000000000,-0.090000000000,-0.007815647524,0.058320610687
2020-01-08,-0.137057678150,-0.187083083810,0.049955396967,0.032777115614,0.078752812600,0.334961164078,True,False,0.015988372093,2020-02-14,0.068313953488,2020-04-13,0.090000000000,-0.050000000000,-0.013386671593,0.076524390244
2020-01-09,-0.159258055803,-0.186979239151,0.017313432836,0.049955396967,0.076849183477,0.331436297489,True,False,0.028127746850,2020-02-17,0.083504248462,2020-04-14,0.120000000000,-0.020000000000,-0.012024877880,0.038391224863
2020-01-10,-0.133477713731,-0.180324955548,0.013040901008,0.017313432836,0.073717948718,0.330350481969,True,False,0.026584867076,2020-02-18,0.084721004966,2020-04-15,0.110000000000,0.010000000000,-0.014707242426,0.035757575758
2020-01-13,-0.105955490169,-0.176881672721,0.013942450311,0.013040901008,0.087334837254,0.323686153136,True,False,0.057897862233,2020-02-19,0.099168646081,2020-04-16,0.070000000000,-0.110000000000,-0.016031134495,0.048144740877
2020-01-14,-0.098828757216,-0.166182599178,0.001484119917,0.013942450311,0.075279106858,0.317187172105,True,False,0.050029429076,2020-02-20,0.085932901707,2020-04-17,0.080000000000,-0.040000000000,-0.017782677570,0.024286581664
2020-01-15,-0.087295744983,-0.158836512311,0.014004767580,0.001484119917,0.060434372049,0.313063653738,True,False,0.058013477879,2020-02-21,0.064752417228,2020-04-20,0.050000000000,-0.110000000000,-0.014749673898,0.033718104496
2020-01-16,-0.094725170087,-0.159391552200,0.010382675764,0.014004767580,0.064383127180,0.304734539475,True,False,0.095825984715,2020-02-24,0.079952968842,2020-04-21,0.040000000000,-0.100000000000,-0.015274749766,0.033687405159
2020-01-17,-0.104205498205,-0.160069540655,0.011890606421,0.010382675764,0.076996805112,0.301490662509,True,False,0.079835632521,2020-02-25,0.081890226005,2020-04-22,0.070000000000,-0.090000000000,-0.018063635403,0.034021871203
2020-01-20,-0.106735435367,-0.148926046961,0.002060035315,0.011890606421,0.070314985682,0.300858384256,True,False,0.070656934307,2020-02-26,0.090510948905,2020-04-23,0.090000000000,-0.060000000000,-0.018696128965,0.031193216233
2020-01-21,-0.115511621753,-0.151937181100,0.012371134021,0.002060035315,0.079758500159,0.299768109516,True,False,0.075095335876,2020-02-27,0.097389263714,2020-04-24,0.090000000000,-0.060000000000,-0.019126762112,0.037428312708
2020-01-22,-0.095255942757,-0.138853223847,0.013988095238,0.012371134021,0.083280153159,0.295335319520,True,False,0.065344224037,2020-02-28,0.097724620770,2020-04-27,0.040000000000,-0.140000000000,-0.014061001644,0.022815971180
2020-01-23,-0.097305449916,-0.143061068908,0.022050059595,0.013988095238,0.070404587448,0.293581719236,True,False,0.011111111111,2020-03-02,0.058974358974,2020-04-28,0.050000000000,-0.100000000000,-0.013376887873,0.023269689737
2020-02-03,-0.087055316083,-0.147558271098,0.046684507880,0.022050059595,0.064720812183,0.292789101477,True,False,0.006554573953,2020-03-03,0.062695924765,2020-04-29,0.040000000000,-0.110000000000,-0.010699939822,0.049806143752
2020-02-04,-0.050642806546,-0.151174284378,0.031000885740,0.046684507880,0.062895069532,0.285406214374,True,False,0.043076033536,2020-03-04,0.077768141081,2020-04-30,-0.090000000000,-0.250000000000,0.003190188436,0.038358608385
2020-02-05,-0.050446287962,-0.163841167279,0.025421223766,0.031000885740,0.088367609254,0.278530994227,True,False,0.044953596288,2020-03-05,0.087006960557,2020-05-06,-0.030000000000,-0.180000000000,-0.000381173055,0.032133293663
2020-02-06,-0.052386529806,-0.160461355396,0.026769779893,0.025421223766,0.062500000000,0.274683196116,True,False,0.056609195402,2020-03-06,0.072413793103,2020-05-07,0.000000000000,-0.150000000000,-0.001209839070,0.020094562648
2020-02-07,-0.045151187771,-0.156822201377,0.046785390884,0.026769779893,0.022195196108,0.272545494460,True,False,0.064451446577,2020-03-09,0.081352048124,2020-05-08,-0.020000000000,-0.170000000000,0.001968430453,0.029080118694
2020-02-10,-0.015891945366,-0.149663995839,0.045031522065,0.046785390884,0.005157766990,0.266117416874,True,False,0.048289738431,2020-03-10,0.078183386030,2020-05-11,-0.070000000000,-0.150000000000,0.002781172518,0.017241379310
2020-02-11,0.002026754511,-0.148677427895,0.062098501071,0.045031522065,-0.009515313708,0.263485032028,True,False,0.044720138488,2020-03-11,0.079342181189,2020-05-12,-0.100000000000,-0.130000000000,0.003625367225,-0.007148984844
2020-02-12,0.006080263532,-0.148105130547,0.060930802205,0.062098501071,-0.034554046072,0.263271661108,True,False,0.042602187680,2020-03-12,0.080886586068,2020-05-13,-0.060000000000,-0.120000000000,0.000172896935,-0.000288517023
2020-02-13,0.004111844923,-0.143723304187,0.079492731209,0.060930802205,-0.040258595357,0.259876527366,True,False,-0.006580829757,2020-03-13,0.079256080114,2020-05-14,-0.040000000000,-0.130000000000,0.004531410917,-0.011611441518
2020-02-14,0.012515653258,-0.132889778962,0.069482705846,0.079492731209,-0.044056771141,0.258018254401,True,False,-0.031062980906,2020-03-16,0.088059276147,2020-05-15,-0.060000000000,-0.180000000000,0.006588972005,0.025234741784
2020-02-17,0.025564568644,-0.121855532836,0.069902319902,0.069482705846,-0.057142857143,0.257686759654,True,False,-0.056630620376,2020-03-17,0.109846328970,2020-05-18,-0.070000000000,-0.180000000000,0.009785835125,0.025453481568
2020-02-18,0.029635922690,-0.127633517385,0.077723378213,0.069902319902,-0.029620853081,0.256479873192,True,False,-0.051361212461,2020-03-18,0.085602020769,2020-05-19,-0.070000000000,-0.140000000000,0.011230072965,0.030427150380
2020-02-19,0.020990778751,-0.127240895374,0.089629856225,0.077723378213,-0.042765084944,0.255390126519,True,False,-0.076513452915,2020-03-19,0.095291479821,2020-05-20,-0.100000000000,-0.180000000000,0.018077746515,0.055720213397
2020-02-20,0.020946809766,-0.129359164524,0.086322188450,0.089629856225,-0.043872477333,0.249572227117,True,False,-0.081417889781,2020-03-20,0.077263915813,2020-05-21,-0.090000000000,-0.140000000000,0.018100312765,0.050249779606
2020-02-21,0.012568085860,-0.127134697946,0.104513783702,0.086322188450,-0.032921810700,0.247002020421,True,False,-0.108100858369,2020-03-23,0.031652360515,2020-05-22,-0.110000000000,-0.150000000000,0.022313963855,0.070463887258
2020-02-24,0.055508152226,-0.103791117941,0.130843958713,0.104513783702,-0.025678866588,0.244578958254,True,False,-0.035063876053,2020-03-24,0.047839086708,2020-05-25,-0.150000000000,-0.220000000000,0.023026908960,0.094300822562
2020-02-25,0.036062817185,-0.093391571359,0.109826589595,0.130843958713,-0.028605131230,0.242265061736,True,False,-0.017998363785,2020-03-25,0.056176711208,2020-05-26,-0.210000000000,-0.300000000000,0.024439696124,0.071365638767
2020-02-26,0.074722512612,-0.048290962295,0.123774509804,0.109826589595,-0.033519553073,0.241114538900,True,False,-0.026466575716,2020-03-26,0.049113233288,2020-05-27,-0.200000000000,-0.290000000000,0.023150376241,0.067209775967
2020-02-27,0.152705172124,-0.029388704720,0.124425375421,0.123774509804,-0.039434961742,0.240412463814,True,False,-0.012869660460,2020-03-27,0.054216867470,2020-05-28,-0.210000000000,-0.250000000000,0.018006569554,0.076900498973
2020-02-28,0.203768772837,-0.006290813256,0.108629130967,0.124425375421,-0.073011363636,0.239316338397,True,False,0.013524936602,2020-03-30,0.086785009862,2020-05-29,-0.230000000000,-0.280000000000,0.016251962579,0.056268221574
2020-03-02,0.227674791980,-0.003735603756,0.086169886538,0.108629130967,-0.072118114708,0.238153145451,True,False,0.014439411099,2020-03-31,0.098810872027,2020-06-01,-0.280000000000,-0.320000000000,0.007266246230,0.006250000000
2020-03-03,0.222761522395,0.019963586418,0.083001531394,0.086169886538,-0.074631101022,0.237308439937,True,False,-0.028547671840,2020-04-01,0.076773835920,2020-06-02,-0.310000000000,-0.220000000000,-0.003855829474,0.012600229095
2020-03-04,0.144583617166,0.033991197691,0.104925053533,0.083001531394,-0.084151472651,0.235980762913,True,False,-0.021371079656,2020-04-02,0.069109075770,2020-06-03,-0.430000000000,-0.400000000000,-0.003974153337,0.041222254252
2020-03-05,0.140267688295,0.035732023193,0.101922490082,0.104925053533,-0.068129988597,0.233225086463,True,False,-0.025836279576,2020-04-03,0.037530595594,2020-06-04,-0.440000000000,-0.440000000000,-0.005140518496,0.046060254925
2020-03-06,0.189900870307,0.035649076689,0.104584956548,0.101922490082,-0.062643020595,0.233225086463,True,False,-0.008073196986,2020-04-07,0.034714747040,2020-06-05,-0.480000000000,-0.460000000000,-0.007589576781,0.062860438293
2020-03-09,0.195111631726,0.030428054096,0.101776573321,0.104584956548,-0.049558530333,0.232937522516,True,False,-0.001096791884,2020-04-08,0.034823142309,2020-06-08,-0.570000000000,-0.500000000000,-0.005835655893,0.051134731399
2020-03-10,0.231717851274,0.040928038015,0.095541401274,0.101776573321,-0.057604994325,0.228758033696,True,True,0.005799502900,2020-04-09,0.047500690417,2020-06-09,-0.450000000000,-0.350000000000,-0.008209577602,0.040322580645
2020-03-11,0.209804881460,0.030940854779,0.113893129771,0.095541401274,-0.068380898559,0.228685556803,True,False,0.016289342904,2020-04-10,0.055494202098,2020-06-10,-0.240000000000,-0.180000000000,-0.003014055310,0.052813852814
2020-03-12,0.197368556311,0.049992467978,0.100000000000,0.113893129771,-0.044911052785,0.223989839791,True,False,0.058467741935,2020-04-13,0.107142857143,2020-06-11,-0.140000000000,-0.100000000000,-0.002322877041,0.033810888252
2020-03-13,0.119665017727,0.069586020609,0.067032297380,0.100000000000,-0.047065659500,0.213044041694,True,False,0.087647058824,2020-04-14,0.132352941176,2020-06-12,-0.040000000000,0.020000000000,-0.001973052594,0.002289639382
2020-03-16,0.133095042441,0.073869145166,0.034545454545,0.067032297380,-0.031572735320,0.205277799993,True,False,0.120060331825,2020-04-15,0.164404223228,2020-06-15,0.040000000000,0.110000000000,0.007599494892,-0.025962910128
2020-03-17,0.137958308999,0.088320535357,-0.001839926403,0.034545454545,-0.030552291422,0.205277799993,False,False,0.095266272189,2020-04-16,0.136686390533,2020-06-16,0.000000000000,0.070000000000,0.002905226548,-0.075809199319
2020-03-18,0.126854102819,0.091445342043,0.009714632665,-0.001839926403,-0.042009400705,0.205277799993,True,False,0.119878603945,2020-04-17,0.166009104704,2020-06-17,0.390000000000,0.490000000000,0.001242344170,-0.066254912970
2020-03-19,0.129564277951,0.070018593974,0.006075334143,0.009714632665,-0.033167009099,0.205277799993,True,False,0.095568284595,2020-04-20,0.159782936388,2020-06-18,0.550000000000,0.640000000000,0.001479344782,-0.073307218802
2020-03-20,0.059594795123,0.050764584477,0.015477996965,0.006075334143,-0.030053034767,0.205277799993,True,False,0.104962406015,2020-04-21,0.153984962406,2020-06-19,0.620000000000,0.730000000000,0.004209274454,-0.082281952825
2020-03-23,0.013933130263,0.070016411629,0.013669501823,0.015477996965,-0.032873495744,0.205277799993,True,False,0.038309859155,2020-04-22,0.096056338028,2020-06-22,0.170000000000,0.320000000000,0.016841829943,-0.104161073826
2020-03-24,0.027977636543,0.123773032547,0.066929133858,0.013669501823,-0.032049397236,0.205277799993,True,False,0.037211885587,2020-04-23,0.081921688420,2020-06-23,-0.040000000000,0.170000000000,0.015015403420,-0.034265350877
2020-03-25,0.041966454814,0.157694139007,0.080893450045,0.066929133858,-0.032239155920,0.205277799993,True,False,0.048486547085,2020-04-24,0.096692825112,2020-06-24,-0.130000000000,0.070000000000,0.011395828930,-0.023718647764
2020-03-26,0.056520021881,0.166244042339,0.072350645452,0.080893450045,-0.037198488811,0.205277799993,True,False,0.043828016644,2020-04-27,0.086546463245,2020-06-29,-0.190000000000,0.020000000000,0.007331996409,-0.026437721450
2020-03-27,0.077805130907,0.179400424007,0.077565632458,0.072350645452,-0.037283236994,0.205277799993,True,False,0.033361134279,2020-04-28,0.086738949124,2020-06-30,-0.240000000000,-0.010000000000,0.014372349726,-0.003036157880
2020-03-30,0.029331266674,0.169776020156,0.068595287802,0.077565632458,-0.036781609195,0.205277799993,True,False,0.040747976556,2020-04-29,0.096846218253,2020-07-01,-0.220000000000,0.060000000000,0.014743575967,0.011575381141
2020-03-31,-0.470042522373,0.166616399346,0.066309842403,0.068595287802,-0.023587652883,0.205277799993,True,False,0.063623395150,2020-04-30,0.112981455064,2020-07-02,-0.250000000000,0.060000000000,0.016767544343,0.014140271493
2020-04-01,-0.507776062637,0.172449560275,0.049687592978,0.066309842403,-0.012044653349,0.205277799993,True,False,0.062960862167,2020-05-06,0.110890527510,2020-07-03,-0.170000000000,0.260000000000,0.020846456792,-0.023255813953
2020-04-02,-0.506412833652,0.178328688139,0.046985815603,0.049687592978,-0.010306242638,0.205277799993,True,False,0.041876046901,2020-05-07,0.092127303183,2020-07-06,-0.290000000000,0.150000000000,0.021544389194,-0.018831348657
2020-04-03,-0.515386229748,0.191854180429,0.060830860534,0.046985815603,-0.001769911504,0.205277799993,True,False,0.024145415084,2020-05-08,0.060499186110,2020-07-07,-0.400000000000,0.080000000000,0.024274133172,-0.030113944655
2020-04-07,-0.247524880118,0.206465382589,0.074225599065,0.060830860534,-0.020348837209,0.198968610442,True,False,0.029645896239,2020-05-11,0.078506725226,2020-07-08,-0.460000000000,0.110000000000,0.024907302976,0.004646078163
2020-04-08,-0.173646676681,0.218920103859,0.041178152702,0.074225599065,0.000000000000,0.195675862873,True,False,0.027182866557,2020-05-12,0.083745194948,2020-07-09,-0.420000000000,0.030000000000,0.025459115066,0.008028792913
2020-04-09,-0.094268535865,0.230844218454,0.053087132141,0.041178152702,0.027019089574,0.191203560662,True,False,0.020103232817,2020-05-13,0.069274653627,2020-07-10,-0.420000000000,-0.180000000000,0.017867048268,0.000548245614
2020-04-10,-0.042219569910,0.210353708452,0.039648824696,0.053087132141,0.032777115614,0.188984752675,True,False,0.026394557823,2020-05-14,0.071564625850,2020-07-13,-0.500000000000,-0.360000000000,0.015675684221,0.017461197339
2020-04-13,0.006244800336,0.219355191804,0.076877934272,0.039648824696,0.049955396967,0.187776240862,True,False,0.032449972958,2020-05-15,0.062195781504,2020-07-14,-0.500000000000,-0.460000000000,0.011880356339,0.047972587093
2020-04-14,0.004163200224,0.218546417056,0.086015213575,0.076877934272,0.017313432836,0.162277817306,True,False,0.050363587396,2020-05-18,0.063291139241,2020-07-15,-0.500000000000,-0.540000000000,0.001426399894,0.087287639133
2020-04-15,-0.014303238185,0.237786938266,0.083089526039,0.086015213575,0.013040901008,0.152998551992,True,False,0.044840626688,2020-05-19,0.064019448947,2020-07-16,-0.530000000000,-0.530000000000,0.005747278046,0.137327188940
2020-04-16,-0.024370447042,0.230764701400,0.105512744517,0.083089526039,0.013942450311,0.152004366266,True,False,0.059078590786,2020-05-20,0.058265582656,2020-07-17,-0.560000000000,-0.950000000000,0.004359557673,0.121467227901
2020-04-17,-0.026455044400,0.244232896825,0.078166323832,0.105512744517,0.001484119917,0.152004366266,True,False,0.070445789763,2020-05-21,0.077600440286,2020-07-20,-0.420000000000,-0.970000000000,0.008072054063,0.107789855072
2020-04-20,-0.051292607915,0.249244401939,0.071931884909,0.078166323832,0.014004767580,0.152004366266,True,False,0.046815459989,2020-05-22,0.072672836146,2020-07-21,-0.360000000000,-0.980000000000,-0.000097512650,0.091153616258
2020-04-21,-0.051931901352,0.267320109459,0.082256169213,0.071931884909,0.010382675764,0.152004366266,True,False,0.045849158980,2020-05-25,0.102278893109,2020-07-22,-0.310000000000,-0.480000000000,-0.010579665877,0.103985615823
2020-04-22,-0.053564107653,0.261276625602,0.079001468429,0.082256169213,0.011890606421,0.152004366266,True,False,0.036947791165,2020-05-26,0.085943775100,2020-07-23,-0.380000000000,-0.340000000000,-0.007184145450,0.042861197843
2020-04-23,-0.047678308235,0.264430896145,0.087867326157,0.079001468429,0.002060035315,0.152004366266,True,False,0.027800053462,2020-05-27,0.091686714782,2020-07-24,-0.430000000000,-0.300000000000,-0.000270885444,0.044121753700
2020-04-24,-0.049545863987,0.264409331332,0.106251834458,0.087867326157,0.012371134021,0.152004366266,True,False,0.023119851183,2020-05-28,0.106829657188,2020-07-27,-0.440000000000,-0.250000000000,0.002033838500,0.055151175812
2020-04-27,-0.045605338312,0.281797483227,0.090670553936,0.106251834458,0.013988095238,0.152004366266,True,False,0.037664783427,2020-05-29,0.154156577885,2020-07-28,-0.510000000000,-0.270000000000,-0.004035068387,0.035714285714
2020-04-28,-0.053897218005,0.288830098549,0.055113636364,0.090670553936,0.022050059595,0.152004366266,True,False,0.040761598284,2020-06-01,0.132207026012,2020-07-29,-0.500000000000,-0.280000000000,0.000821737353,0.036561540608
2020-04-29,-0.059499425181,0.292397826269,0.069014891180,0.055113636364,0.046684507880,0.152004366266,True,False,0.042113733906,2020-06-02,0.130633047210,2020-07-30,-0.520000000000,-0.270000000000,-0.002106510758,0.040992749582
2020-04-30,-0.073559510666,0.350086537600,0.079850100894,0.069014891180,0.031000885740,0.152004366266,True,False,0.027748132337,2020-06-03,0.115528281750,2020-07-31,-0.510000000000,-0.340000000000,-0.003518029903,0.061791383220
2020-05-06,-0.090090151577,0.361679736839,0.083719582851,0.079850100894,0.025421223766,0.152004366266,True,False,0.022240085745,2020-06-04,0.128617363344,2020-08-03,-0.430000000000,-0.140000000000,-0.002019857228,0.055884843353
2020-05-07,-0.086348743386,0.356623349487,0.073529411765,0.083719582851,0.026769779893,0.152004366266,True,False,0.018543046358,2020-06-05,0.116026490066,2020-08-04,-0.380000000000,0.020000000000,0.003607375455,0.041398601399
2020-05-08,-0.088817177242,0.350870386768,0.082734846309,0.073529411765,0.046785390884,0.152004366266,True,False,0.006131698214,2020-06-08,0.146094374833,2020-08-05,-0.450000000000,0.010000000000,0.002589045007,0.025299238303
2020-05-11,-0.078883548330,0.351000752308,0.081221198157,0.082734846309,0.045031522065,0.152004366266,True,False,0.013900026731,2020-06-09,0.158246458166,2020-08-06,-0.430000000000,-0.010000000000,-0.002567732027,0.031035429827
2020-05-12,-0.066478690894,0.343136190497,0.081096681097,0.081221198157,0.062098501071,0.152004366266,True,False,0.018109187750,2020-06-10,0.172303595206,2020-08-07,-0.400000000000,0.020000000000,0.002493696842,0.026301369863
2020-05-13,-0.051187586123,0.317375296359,0.076504297994,0.081096681097,0.060930802205,0.152004366266,True,False,0.019088016967,2020-06-11,0.149257688229,2020-08-10,-0.400000000000,0.100000000000,0.006234629219,0.023426859166
2020-05-14,-0.047383633693,0.316973970245,0.082140812822,0.076504297994,0.079492731209,0.152004366266,True,False,0.008381351493,2020-06-12,0.132268203248,2020-08-11,-0.430000000000,0.070000000000,0.006501611589,0.030245231608
2020-05-15,-0.039468245027,0.317156517658,0.093865905849,0.082140812822,0.069482705846,0.152004366266,True,False,-0.010256410256,2020-06-15,0.035128205128,2020-08-12,-0.430000000000,0.070000000000,0.007756783111,0.032866379310
2020-05-18,-0.053453984001,0.348963464097,0.114991482112,0.093865905849,0.069902319902,0.152004366266,True,False,-0.006721820062,2020-06-16,0.051706308170,2020-08-13,-0.450000000000,0.080000000000,0.008401872061,0.060777957861
2020-05-19,-0.063733596309,0.375406030881,0.085064570466,0.114991482112,0.077723378213,0.152004366266,True,False,-0.016888433982,2020-06-17,0.059877175026,2020-08-14,-0.440000000000,0.120000000000,0.010170723106,0.036193029491
2020-05-20,-0.067706242447,0.384107025672,0.092893116956,0.085064570466,0.089629856225,0.152004366266,True,False,-0.011053984576,2020-06-18,0.051928020566,2020-08-17,-0.450000000000,-0.030000000000,0.005408661485,0.064595257563
2020-05-21,-0.059991766647,0.391839070055,0.061437191443,0.092893116956,0.086322188450,0.152004366266,True,False,-0.002340093604,2020-06-19,0.092563702548,2020-08-18,-0.480000000000,-0.120000000000,0.004423124624,0.059983566146
2020-05-22,-0.076860893245,0.372597844823,0.037583892617,0.061437191443,0.104513783702,0.152004366266,True,False,0.009338521401,2020-06-22,0.093904020752,2020-08-19,-0.460000000000,-0.150000000000,0.008100129068,0.049131378936
2020-05-25,-0.065520110238,0.365211593494,0.057565789474,0.037583892617,0.130843958713,0.152004366266,True,False,0.005938548928,2020-06-23,0.049573973664,2020-08-20,-0.460000000000,-0.080000000000,0.008193802216,0.050081654872
2020-05-26,-0.087405699514,0.304582803878,0.056706652126,0.057565789474,0.109826589595,0.152004366266,True,False,0.017685305592,2020-06-24,0.063459037711,2020-08-21,-0.460000000000,-0.030000000000,0.006146894882,0.036640813052
2020-05-27,-0.138153001611,0.293043726442,0.045243935677,0.056706652126,0.123774509804,0.152004366266,True,False,0.017402597403,2020-06-29,0.049870129870,2020-08-24,-0.440000000000,0.000000000000,0.005975039210,0.017511276201
2020-05-28,-0.152894159018,0.271442258896,0.066243444659,0.045243935677,0.124425375421,0.152004366266,True,False,0.013481980814,2020-06-30,0.053409385533,2020-08-25,-0.460000000000,0.050000000000,0.011442484549,0.032611601176
2020-05-29,-0.145840922963,0.283677452789,0.090909090909,0.066243444659,0.108629130967,0.152004366266,True,False,0.012625611956,2020-07-01,0.046637464571,2020-08-26,-0.480000000000,0.020000000000,0.011954785124,0.040387722132
2020-06-01,-0.140692725284,0.258487794628,0.101527149321,0.090909090909,0.086169886538,0.152004366266,True,False,0.004118404118,2020-07-02,0.055855855856,2020-08-27,-0.500000000000,0.020000000000,0.006304660611,0.043396731851
2020-06-02,-0.092383165148,0.235450685859,0.076411960133,0.101527149321,0.083001531394,0.152004366266,True,False,0.016874350987,2020-07-03,0.059709241952,2020-08-28,-0.520000000000,-0.010000000000,0.006386584289,0.037907100908
2020-06-03,-0.088947822955,0.232187692042,0.067017446691,0.076411960133,0.104925053533,0.152004366266,True,False,0.025425950197,2020-07-06,0.084665792923,2020-08-31,-0.500000000000,-0.070000000000,0.007002539825,0.029938519113
2020-06-04,-0.126949659624,0.228980900299,0.036353771026,0.067017446691,0.101922490082,0.152004366266,True,False,0.016644993498,2020-07-07,0.079063719116,2020-09-01,-0.440000000000,-0.060000000000,-0.000379948282,0.026054257319
2020-06-05,-0.138141453260,0.238875033048,0.043181197048,0.036353771026,0.104584956548,0.152004366266,True,False,0.041070482247,2020-07-08,0.095654478007,2020-09-02,-0.400000000000,0.050000000000,-0.002851676359,0.012735473600
2020-06-08,-0.170866511832,0.247128719659,0.047342192691,0.043181197048,0.101776573321,0.152004366266,True,False,0.040601107303,2020-07-09,0.076983917743,2020-09-03,-0.360000000000,0.070000000000,0.003752837740,0.007725093234
2020-06-09,-0.156250089429,0.249420955140,0.036732456140,0.047342192691,0.095541401274,0.152004366266,True,False,0.029557938792,2020-07-10,0.062516348417,2020-09-04,-0.400000000000,0.000000000000,-0.002352825047,0.009610250934
2020-06-10,-0.152816021529,0.231114999793,0.059035476718,0.036732456140,0.113893129771,0.152004366266,True,False,0.024453694069,2020-07-13,0.061134235172,2020-09-07,-0.420000000000,-0.020000000000,-0.004808719962,0.017034868246
2020-06-11,-0.121125828955,0.207913551918,0.100799543118,0.059035476718,0.100000000000,0.152004366266,True,False,0.020259740260,2020-07-14,0.054545454545,2020-09-08,-0.520000000000,-0.090000000000,-0.006990993984,0.019571541920
2020-06-12,-0.134993066265,0.205989011922,0.128881077914,0.100799543118,0.067032297380,0.152004366266,True,False,0.022797927461,2020-07-15,0.052072538860,2020-09-09,-0.550000000000,-0.120000000000,-0.008176651679,0.005216484090
2020-06-15,-0.150675528620,0.191412674874,0.180952380952,0.128881077914,0.034545454545,0.152004366266,True,False,0.025247267048,2020-07-16,0.068453930245,2020-09-10,-0.500000000000,-0.050000000000,-0.005119895395,-0.021135727018
2020-06-16,-0.154139333876,0.189868676424,0.154539987974,0.180952380952,-0.001839926403,0.152004366266,True,False,0.016397709526,2020-07-17,0.066631962520,2020-09-11,-0.520000000000,-0.080000000000,-0.006412030565,-0.006468305304
2020-06-17,-0.130344183956,0.190125450636,0.160024154589,0.154539987974,0.009714632665,0.152004366266,True,False,0.017936054068,2020-07-20,0.062646217832,2020-09-14,-0.520000000000,-0.070000000000,-0.005116873320,-0.016385048643
2020-06-18,-0.048743937473,0.221238485630,0.146443514644,0.160024154589,0.006075334143,0.152004366266,True,False,0.027104508731,2020-07-21,0.068021892103,2020-09-15,-0.520000000000,-0.040000000000,-0.003209687882,-0.008785529716
2020-06-19,-0.039261902409,0.214000114065,0.151932873839,0.146443514644,0.015477996965,0.152004366266,True,False,0.044204574659,2020-07-22,0.047802621434,2020-09-16,-0.570000000000,-0.110000000000,-0.007505261041,-0.005433376455
2020-06-22,-0.040824287730,0.162816534498,0.103037184218,0.151932873839,0.013669501823,0.152004366266,True,False,0.041067761807,2020-07-23,0.046457905544,2020-09-17,-0.600000000000,-0.140000000000,-0.009741599645,0.007257646449
2020-06-23,-0.047947863411,0.132009855455,0.084054733315,0.103037184218,0.066929133858,0.152004366266,True,False,0.043700485561,2020-07-24,0.039355992844,2020-09-18,-0.630000000000,-0.170000000000,-0.012570526030,0.001547987616
2020-06-24,-0.053496403959,0.114133134863,0.094624860022,0.084054733315,0.080893450045,0.152004366266,True,False,0.063313760531,2020-07-27,0.042889966811,2020-09-21,-0.660000000000,-0.220000000000,-0.011423342768,0.019556714472
2020-06-29,-0.055091220296,0.112826045713,0.082502768549,0.094624860022,0.072350645452,0.152004366266,True,False,0.097467382962,2020-07-28,0.017651573292,2020-09-22,-0.640000000000,-0.180000000000,-0.013436014846,0.012166709811
2020-06-30,-0.045592734038,0.122397599652,0.092380686575,0.082502768549,0.077565632458,0.152004366266,True,False,0.074300254453,2020-07-29,0.012722646310,2020-09-23,-0.700000000000,-0.220000000000,-0.012555911902,0.012939958592
2020-07-01,-0.055196076130,0.123454757946,0.098438371445,0.092380686575,0.068595287802,0.152004366266,True,False,0.080492181492,2020-07-30,0.004870546014,2020-09-24,-0.680000000000,-0.180000000000,-0.008976863270,0.011296534018
2020-07-02,-0.059002702070,0.114936471917,0.106292517007,0.098438371445,0.066309842403,0.152004366266,True,False,0.067398519275,2020-07-31,-0.003829461322,2020-09-25,-0.680000000000,-0.160000000000,-0.008129545112,0.003858024691
2020-07-03,-0.051585818103,0.110692589621,0.104995766300,0.106292517007,0.049687592978,0.152004366266,True,False,0.076687116564,2020-08-03,0.002556237219,2020-09-28,-0.730000000000,-0.230000000000,-0.008341947568,0.016091357384
2020-07-06,-0.054538407050,0.114339201777,0.091468531469,0.104995766300,0.046985815603,0.152004366266,True,False,0.077769250448,2020-08-04,0.015093374265,2020-09-29,-0.730000000000,-0.290000000000,-0.006928085197,0.021465968586
2020-07-07,-0.014391457231,0.103138402558,0.063928182807,0.091468531469,0.060830860534,0.152004366266,True,False,0.094171544922,2020-08-05,0.014252990583,2020-09-30,-0.760000000000,-0.360000000000,-0.013435441375,0.024626670160
2020-07-08,-0.022661737853,0.085823086796,0.078824498764,0.063928182807,0.074225599065,0.152004366266,True,False,0.097795794274,2020-08-06,0.003800354700,2020-10-09,-0.780000000000,-0.420000000000,-0.012566271015,0.038329368226
2020-07-09,-0.018734401009,0.061515275012,0.083287671233,0.078824498764,0.041178152702,0.152004366266,True,False,0.118394308943,2020-08-07,0.021087398374,2020-10-12,-0.750000000000,-0.350000000000,-0.008621457315,0.045478582760
2020-07-10,-0.029387090251,0.056729841916,0.069463361482,0.083287671233,0.053087132141,0.152004366266,True,False,0.100812595226,2020-08-10,0.018791264601,2020-10-13,-0.770000000000,-0.350000000000,-0.011240884886,0.027479717351
2020-07-13,-0.057923085039,0.048226506052,0.073297002725,0.069463361482,0.039648824696,0.152004366266,True,False,0.100560081466,2020-08-11,0.000509164969,2020-10-14,-0.760000000000,-0.240000000000,-0.006148579448,0.021789883268
2020-07-14,-0.062189097698,0.048881226469,0.060075431034,0.073297002725,0.076877934272,0.152004366266,True,False,0.022543059777,2020-08-12,0.000000000000,2020-10-15,-0.780000000000,-0.230000000000,-0.007401788056,0.021017125065
2020-07-15,-0.066335037545,0.031608019353,0.064289573204,0.060075431034,0.086015213575,0.152004366266,True,False,0.032749428789,2020-08-13,0.008377760853,2020-10-16,-0.780000000000,-0.280000000000,-0.009571038018,0.024973985432
2020-07-16,-0.043713602355,0.033184273797,0.052815013405,0.064289573204,0.083089526039,0.152004366266,True,False,0.060691421255,2020-08-14,0.012548015365,2020-10-19,-0.770000000000,-0.250000000000,-0.012731486391,0.022656250000
2020-07-17,-0.056438166415,0.014727648952,0.064050149905,0.052815013405,0.105512744517,0.152004366266,True,False,0.044943820225,2020-08-17,0.009703779367,2020-10-20,-0.790000000000,-0.270000000000,-0.012400136681,0.016137428423
2020-07-20,-0.028114207118,0.007669294526,0.075047932073,0.064050149905,0.078166323832,0.152004366266,True,False,0.066226845978,2020-08-18,0.007866023852,2020-10-21,-0.820000000000,-0.300000000000,-0.012635873401,0.023201251303
2020-07-21,-0.015337434515,-0.003276415592,0.072475570033,0.075047932073,0.071931884909,0.152004366266,True,False,0.037903027320,2020-08-19,-0.021658872754,2020-10-22,-0.840000000000,-0.270000000000,-0.012277155298,0.027835587929
2020-07-22,-0.021767538650,-0.012225026626,0.100435492651,0.072475570033,0.082256169213,0.152004366266,True,False,0.002218934911,2020-08-20,-0.025394477318,2020-10-23,-0.870000000000,-0.270000000000,-0.014686571803,0.040401441071
2020-07-23,0.065302615950,-0.013286980010,0.087456539182,0.100435492651,0.079001468429,0.152004366266,True,False,0.001224289912,2020-08-21,-0.033545543585,2020-10-26,-0.880000000000,-0.250000000000,-0.005750745762,0.047398248326
2020-07-24,0.047784569783,-0.018328089586,0.090209604670,0.087456539182,0.087867326157,0.152004366266,True,False,-0.029531812725,2020-08-24,-0.047298919568,2020-10-27,-0.900000000000,-0.240000000000,-0.007624246321,0.050895140665
2020-07-27,0.047784569783,-0.017745381381,0.123496391339,0.090209604670,0.106251834458,0.152004366266,True,False,-0.052913752914,2020-08-25,-0.073659673660,2020-10-28,-0.920000000000,-0.280000000000,-0.009025659569,0.074936061381
2020-07-28,0.083260358794,0.018811926236,0.130317716747,0.123496391339,0.090670553936,0.152004366266,True,False,-0.037896731407,2020-08-26,-0.073188062530,2020-10-29,-0.900000000000,-0.200000000000,-0.011353865919,0.072560040879
2020-07-29,0.109075122946,0.027801687716,0.126707741763,0.130317716747,0.055113636364,0.152004366266,True,False,-0.026809015421,2020-08-27,-0.073309608541,2020-10-30,-0.920000000000,-0.240000000000,-0.009017865289,0.067783701447
2020-07-30,0.163211412448,0.003936950902,0.114255205553,0.126707741763,0.069014891180,0.152004366266,True,True,-0.023678545802,2020-08-28,-0.063860320497,2020-11-02,-0.950000000000,-0.270000000000,-0.010059361622,0.069433768896
2020-07-31,0.200270177220,0.003065171032,0.126971398022,0.114255205553,0.079850100894,0.152998551992,True,True,-0.017568850902,2020-08-31,-0.064577397911,2020-11-03,-0.970000000000,-0.240000000000,-0.008817618252,0.076883780332
2020-08-03,0.198019950510,0.004019830033,0.128122481869,0.126971398022,0.083719582851,0.156211871809,True,True,-0.015191075243,2020-09-01,-0.057678613814,2020-11-04,-1.000000000000,-0.270000000000,-0.010951724684,0.076371091748
2020-08-04,0.190518527927,-0.001689343285,0.115945874237,0.128122481869,0.073529411765,0.169277357946,True,True,-0.038148406606,2020-09-02,-0.080949057920,2020-11-05,-1.020000000000,-0.260000000000,-0.004467226555,0.075428279212
2020-08-05,0.186649236312,0.000317355003,0.150772509323,0.115945874237,0.082734846309,0.187776240862,True,False,-0.057235171936,2020-09-03,-0.076390491576,2020-11-06,-1.050000000000,-0.270000000000,-0.005814148045,0.099796334012
2020-08-06,0.170479190389,0.001914458587,0.162039508809,0.150772509323,0.081221198157,0.187776240862,True,False,-0.077237619264,2020-09-04,-0.088141753748,2020-11-09,-1.050000000000,-0.300000000000,-0.009921875390,0.100910470410
2020-08-07,0.179111048131,0.015198656137,0.165291455949,0.162039508809,0.081096681097,0.187776240862,True,False,-0.059054209919,2020-09-07,-0.110957324106,2020-11-10,-1.080000000000,-0.310000000000,-0.007637236961,0.115129903209
2020-08-10,0.190311555876,0.001932338937,0.150224808252,0.165291455949,0.076504297994,0.187776240862,True,True,-0.060837381448,2020-09-08,-0.101549849641,2020-11-11,-1.040000000000,-0.280000000000,-0.009278857811,0.104087331810
2020-08-11,0.192474187193,0.000749453755,0.109285341680,0.150224808252,0.082140812822,0.187776240862,True,True,0.005945008670,2020-09-09,-0.042605895467,2020-11-12,-1.020000000000,-0.240000000000,-0.004479189732,0.080813214740
2020-08-12,0.167245994241,0.001272246287,0.015788133435,0.109285341680,0.093865905849,0.187776240862,True,False,0.009095378564,2020-09-10,-0.044493608653,2020-11-13,-0.990000000000,-0.210000000000,-0.009384573456,0.012436548223
2020-08-13,0.309618144941,0.005435841598,0.048900388098,0.015788133435,0.114991482112,0.186855725844,True,True,-0.010622887494,2020-09-11,-0.057218734911,2020-11-16,-0.980000000000,-0.210000000000,-0.006987778906,0.032340208811
2020-08-14,0.319102346759,-0.009198155017,0.046594982079,0.048900388098,0.085064570466,0.186855725844,True,True,-0.000977517107,2020-09-14,-0.050097751711,2020-11-17,-0.960000000000,-0.170000000000,-0.008774212365,0.047131147541
2020-08-17,0.292693876683,-0.016051471440,0.066925064599,0.046594982079,0.092893116956,0.186855725844,True,True,-0.024750118991,2020-09-15,-0.081151832461,2020-11-18,-0.940000000000,-0.120000000000,-0.007107940906,0.051974522293
2020-08-18,0.282647007484,-0.009062371616,0.093143596378,0.066925064599,0.061437191443,0.186855725844,True,True,-0.033198956604,2020-09-16,-0.086554422575,2020-11-19,-0.970000000000,-0.130000000000,-0.008866960564,0.069349531764
2020-08-19,0.247590014308,-0.009224579753,0.082685329186,0.093143596378,0.037583892617,0.186855725844,True,True,0.002952029520,2020-09-17,-0.054612546125,2020-11-20,-1.010000000000,-0.140000000000,-0.009322378368,0.033143705169
2020-08-20,0.232912663556,-0.007758244014,0.054695562436,0.082685329186,0.057565789474,0.186855725844,True,True,-0.005380288579,2020-09-18,-0.058204940083,2020-11-23,-0.990000000000,-0.110000000000,-0.013652767140,0.005410723069
2020-08-21,0.243741943890,-0.023416495149,0.066753585398,0.054695562436,0.056706652126,0.186855725844,True,True,0.010638297872,2020-09-21,-0.066798614547,2020-11-24,-0.990000000000,-0.090000000000,-0.012367730720,-0.004380627890
2020-08-24,0.249248137264,-0.007519457103,0.049961170075,0.066753585398,0.045243935677,0.186855725844,True,True,-0.020920502092,2020-09-22,-0.083189761260,2020-11-25,-1.000000000000,-0.080000000000,-0.015840414258,-0.034975017844
2020-08-25,0.261382982984,-0.008460802713,0.051759834369,0.049961170075,0.066243444659,0.186855725844,True,True,-0.020187099951,2020-09-23,-0.084933530281,2020-11-26,-1.020000000000,-0.120000000000,-0.012874448600,-0.031919961887
2020-08-26,0.256087500761,-0.011238056555,0.042105263158,0.051759834369,0.090909090909,0.186855725844,True,True,-0.044368600683,2020-09-24,-0.094100438810,2020-11-27,-1.010000000000,-0.090000000000,-0.014218324032,-0.034950071327
2020-08-27,0.243041298325,-0.013454982440,0.056584362140,0.042105263158,0.101527149321,0.186855725844,True,True,-0.044096031357,2020-09-25,-0.104360607545,2020-11-30,-1.030000000000,-0.080000000000,-0.013301302549,-0.015812170580
2020-08-28,0.236809470163,-0.013394921774,0.066441733714,0.056584362140,0.076411960133,0.186855725844,True,True,-0.052199130014,2020-09-28,-0.120347994200,2020-12-01,-0.990000000000,-0.020000000000,-0.017574359926,-0.025379506641
2020-08-31,0.220191261731,-0.003754768556,0.079319371728,0.066441733714,0.067017446691,0.186855725844,True,True,-0.043624969872,2020-09-29,-0.108218847915,2020-12-02,-1.030000000000,-0.030000000000,-0.015329800658,-0.018333333333
2020-09-01,0.189425610204,0.002840005453,0.092219020173,0.079319371728,0.036353771026,0.186855725844,True,True,-0.036275695284,2020-09-30,-0.098186215236,2020-12-03,-1.080000000000,-0.060000000000,-0.019228097514,-0.008796956728
2020-09-02,0.185262409979,0.009397607309,0.090404440920,0.092219020173,0.043181197048,0.186855725844,True,False,-0.030110159119,2020-10-09,-0.081517747858,2020-12-04,-1.080000000000,-0.030000000000,-0.019253920430,-0.045138888889
2020-09-03,0.164835276649,0.022998760316,0.071655208884,0.090404440920,0.047342192691,0.185609116563,True,False,-0.010585918267,2020-10-12,-0.079763663220,2020-12-07,-1.070000000000,-0.020000000000,-0.016027752637,-0.068917987595
2020-09-04,0.180381151453,0.024620091472,0.063857628893,0.071655208884,0.036732456140,0.180648888593,True,False,-0.016425594508,2020-10-13,-0.069624908066,2020-12-08,-1.020000000000,0.060000000000,-0.016027840443,-0.071493832800
2020-09-07,0.180381151453,0.028119112561,0.053955901427,0.063857628893,0.059035476718,0.179428573961,True,True,-0.032019704433,2020-10-14,-0.064532019704,2020-12-09,-0.980000000000,0.060000000000,-0.014431233889,-0.065762244194
2020-09-08,0.180381151453,0.027846398850,0.055007784120,0.053955901427,0.100799543118,0.179428573961,True,True,-0.027825658705,2020-10-15,-0.077567101699,2020-12-10,-0.980000000000,0.040000000000,-0.018988935677,-0.043968963085
2020-09-09,0.187602085102,0.025361961778,0.058272632674,0.055007784120,0.128881077914,0.179428573961,True,True,-0.032399512789,2020-10-16,-0.087941534714,2020-12-11,-0.990000000000,0.000000000000,-0.015570670101,0.019804462271
2020-09-10,0.180180303153,0.018535516120,0.066666666667,0.058272632674,0.180952380952,0.179428573961,True,True,-0.035139092240,2020-10-19,-0.086871644705,2020-12-14,-1.000000000000,-0.020000000000,-0.011531139124,0.010360138135
2020-09-11,0.137889780102,0.021619068684,0.063768870380,0.066666666667,0.154539987974,0.179378361886,True,False,-0.032778864971,2020-10-20,-0.086594911937,2020-12-15,-1.010000000000,-0.050000000000,-0.014165605316,-0.000244618395
2020-09-14,0.116279146156,0.028466366151,0.065172054223,0.063768870380,0.160024154589,0.172637154825,True,False,-0.030746705710,2020-10-21,-0.077110785749,2020-12-16,-0.980000000000,-0.040000000000,-0.015214033976,-0.010414143860
2020-09-15,0.149162341072,0.025586883409,0.066597294485,0.065172054223,0.146443514644,0.168054293278,True,False,-0.025018395879,2020-10-22,-0.068187392691,2020-12-17,-0.970000000000,0.000000000000,-0.014518603358,-0.029585798817
2020-09-16,0.137819306728,0.026504371215,0.051981471951,0.066597294485,0.151932873839,0.165437956047,True,False,-0.030414520481,2020-10-23,-0.062055432916,2020-12-18,-0.990000000000,0.020000000000,-0.014788131576,-0.021307158248
2020-09-17,0.141015404926,0.028437620170,0.045852653272,0.051981471951,0.103037184218,0.163617378498,True,False,-0.029505778215,2020-10-26,-0.046471600688,2020-12-21,-0.990000000000,0.000000000000,-0.020046042837,-0.006849315068
2020-09-18,0.143318626913,0.037769812042,0.042966751918,0.045852653272,0.084054733315,0.156211871809,True,False,-0.028641370869,2020-10-27,-0.059975520196,2020-12-22,-0.970000000000,0.020000000000,-0.023071915212,-0.003177707162
2020-09-21,0.132690076860,0.038208460193,0.042966751918,0.042966751918,0.094624860022,0.152998551992,True,False,-0.001005530417,2020-10-28,-0.039215686275,2020-12-23,-0.970000000000,0.030000000000,-0.022086873152,0.005424063116
2020-09-22,0.121417278010,0.039223563103,0.018140010220,0.042966751918,0.082502768549,0.152004366266,True,False,-0.016834170854,2020-10-29,-0.034170854271,2020-12-24,-0.940000000000,0.080000000000,-0.021482175342,-0.019438976378
2020-09-23,0.134971887572,0.041369788161,-0.003554201574,0.018140010220,0.092380686575,0.150713984551,False,False,-0.003571428571,2020-10-30,-0.021938775510,2020-12-25,-0.940000000000,0.070000000000,-0.016492470482,-0.033013057403
2020-09-24,0.133495235636,0.057234928569,-0.005636689726,-0.003554201574,0.098438371445,0.149721463287,False,False,0.003075345976,2020-11-02,-0.006919528447,2020-12-28,-0.920000000000,0.110000000000,-0.011198720808,-0.055258033106
2020-09-25,0.092667266094,0.062083820564,0.003320561941,-0.005636689726,0.106292517007,0.149248766514,True,False,0.004589495156,2020-11-03,-0.017848036716,2020-12-29,-0.910000000000,0.080000000000,-0.007828459926,-0.044049647116
2020-09-28,0.119489163226,0.054890492923,0.004356740133,0.003320561941,0.104995766300,0.148002237244,True,False,0.000504032258,2020-11-04,-0.033014112903,2020-12-30,-0.920000000000,0.110000000000,-0.009125613393,-0.049478535047
2020-09-29,0.152273781306,0.062622233783,0.015597034007,0.004356740133,0.091468531469,0.145341596866,True,True,-0.008531994981,2020-11-05,-0.029611041405,2020-12-31,-0.940000000000,0.140000000000,-0.005033792270,-0.047253538019
2020-09-30,0.172850037135,0.077374497898,0.011710794297,0.015597034007,0.063928182807,0.145341596866,True,True,0.010095911156,2020-11-06,-0.016405855628,2021-01-04,-0.980000000000,0.100000000000,-0.003394053396,-0.036606060606
2020-10-09,0.180314085924,0.099375946222,0.004299443601,0.011710794297,0.078824498764,0.145341596866,True,True,-0.001244090570,2020-11-09,-0.023886538940,2021-01-05,-0.940000000000,0.130000000000,-0.001759134658,-0.020231926968
2020-10-12,0.201124712460,0.102932893668,0.022414671421,0.004299443601,0.083287671233,0.145341596866,True,True,-0.039381854437,2020-11-10,-0.020189431705,2021-01-06,-0.940000000000,0.080000000000,-0.013735700821,-0.012546125461
2020-10-13,0.217391463469,0.103745119083,0.016247778624,0.022414671421,0.069463361482,0.145341596866,True,True,-0.011704834606,2020-11-11,-0.010432569975,2021-01-07,-0.940000000000,0.040000000000,-0.017158683310,-0.014767413241
2020-10-14,0.223253922232,0.098082170408,0.005844980940,0.016247778624,0.073297002725,0.148002237244,True,True,-0.021023302938,2020-11-12,-0.014690982776,2021-01-08,-0.960000000000,0.020000000000,-0.011497901328,-0.026561731431
2020-10-15,0.230906032346,0.104741915014,0.003299492386,0.005844980940,0.060075431034,0.149248766514,True,True,-0.021399798590,2020-11-13,-0.060926485398,2021-01-11,-0.960000000000,0.030000000000,-0.014272566589,-0.028269419862
2020-10-16,0.204614863311,0.110655425135,0.009676597912,0.003299492386,0.064289573204,0.149462186962,True,True,-0.012392513910,2020-11-16,-0.046788062721,2021-01-12,-0.950000000000,0.050000000000,-0.020561906777,-0.031982421875
2020-10-19,0.228179167168,0.112936233209,0.016393442623,0.009676597912,0.052815013405,0.150713984551,True,True,-0.016944865959,2020-11-17,-0.038189175518,2021-01-13,-0.950000000000,0.060000000000,-0.017647971112,-0.029116711524
2020-10-20,0.218068697574,0.120752422773,0.006878980892,0.016393442623,0.064050149905,0.151896518561,True,True,-0.027945619335,2020-11-18,-0.044310171198,2021-01-14,-0.930000000000,0.050000000000,-0.023352371427,-0.032794909447
2020-10-21,0.218068697574,0.117318526942,0.003796507213,0.006878980892,0.075047932073,0.151896518561,True,True,-0.030943396226,2020-11-19,-0.046037735849,2021-01-15,-0.910000000000,0.060000000000,-0.022638134557,-0.032682926829
2020-10-22,0.215843506782,0.117631883963,-0.018055899085,0.003796507213,0.072475570033,0.151896518561,False,False,-0.027826966861,2020-11-20,-0.053630154313,2021-01-18,-0.910000000000,0.080000000000,-0.022039937333,-0.028864970646
2020-10-23,0.116469225221,0.112027245026,-0.027053615347,-0.018055899085,0.100435492651,0.151896518561,False,False,-0.024322270079,2020-11-23,-0.039016974918,2021-01-19,-0.890000000000,0.100000000000,-0.019020913865,-0.025615763547
2020-10-26,0.122305225473,0.105048443753,-0.041615964955,-0.027053615347,0.087456539182,0.149814446883,False,False,-0.049395161290,2020-11-24,-0.044858870968,2021-01-20,-0.900000000000,0.070000000000,-0.012315409387,-0.034330554193
2020-10-27,0.128524135243,0.095905760769,-0.054960742327,-0.041615964955,0.090209604670,0.145728298142,False,False,-0.062657272270,2020-11-25,-0.040513336688,2021-01-21,-0.910000000000,0.060000000000,-0.007636685413,-0.025993133889
2020-10-28,0.097087444099,0.059151041917,-0.053358742258,-0.054960742327,0.123496391339,0.143634874476,False,False,-0.050089445438,2020-11-26,-0.026066956300,2021-01-22,-0.920000000000,0.020000000000,-0.009928326222,-0.002760351317
2020-10-29,0.064909562621,0.051330459964,-0.067998097955,-0.053358742258,0.130317716747,0.141591210423,False,False,-0.048643113159,2020-11-27,-0.025345622120,2021-01-25,-0.910000000000,0.030000000000,-0.010506317187,-0.001273885350
2020-10-30,0.026545333425,0.047906039722,-0.066363200767,-0.067998097955,0.126707741763,0.140454617453,False,False,-0.065917220235,2020-11-30,-0.030148185999,2021-01-26,-0.860000000000,0.060000000000,-0.015122952260,0.004122648802
2020-11-02,0.022497201911,0.044888713924,-0.067836812144,-0.066363200767,0.114255205553,0.138535653823,False,False,-0.076142131980,2020-12-01,-0.041370558376,2021-01-27,-0.820000000000,0.090000000000,-0.017651931941,0.000509164969
2020-11-03,0.024417746317,0.046042960505,-0.059761904762,-0.067836812144,0.126971398022,0.137906912327,False,False,-0.068010075567,2020-12-02,-0.051133501259,2021-01-28,-0.840000000000,0.080000000000,-0.017761691140,0.007655014034
2020-11-04,0.014886499744,0.056900292074,-0.056823585354,-0.059761904762,0.128122481869,0.137836925072,False,False,-0.056188306758,2020-12-03,-0.047582890407,2021-01-29,-0.820000000000,0.120000000000,-0.018574101934,-0.001258811682
2020-11-05,0.024056269465,0.063556615514,-0.082175925926,-0.056823585354,0.115945874237,0.137836925072,False,False,-0.062468765617,2020-12-04,-0.055972013993,2021-02-01,-0.860000000000,0.120000000000,-0.021562038854,-0.002264720684
2020-11-06,0.035029520053,0.071655016446,-0.080863772111,-0.082175925926,0.150772509323,0.137836925072,False,False,-0.068759342302,2020-12-07,-0.049576482312,2021-02-02,-0.870000000000,0.070000000000,-0.028547615156,0.007554772098
2020-11-09,0.031112756901,0.068909601645,-0.088624942896,-0.080863772111,0.162039508809,0.137836925072,False,False,-0.015308770109,2020-12-08,-0.025687597302,2021-02-03,-0.820000000000,0.120000000000,-0.019498539038,-0.005979073244
2020-11-10,0.029069785047,0.073072973543,-0.105771441711,-0.088624942896,0.165291455949,0.137836925072,False,False,-0.022142121524,2020-12-09,-0.035530381050,2021-02-04,-0.770000000000,0.170000000000,-0.016575410874,-0.028478641019
2020-11-11,0.027203498491,0.062265061726,-0.087467669880,-0.105771441711,0.150224808252,0.137836925072,False,False,-0.030789133247,2020-12-10,-0.047865459250,2021-02-05,-0.780000000000,0.180000000000,-0.020710698357,-0.019454269833
2020-11-12,0.033494624423,0.053789992012,-0.029079969917,-0.087467669880,0.109285341680,0.137836925072,False,False,-0.036789297659,2020-12-11,-0.046050939028,2021-02-08,-0.780000000000,0.180000000000,-0.017659470721,-0.020237794080
2020-11-13,-0.068745846605,0.038261051830,-0.040453872718,-0.029079969917,0.015788133435,0.137836925072,False,False,-0.041741357234,2020-12-14,-0.041741357234,2021-02-09,-0.830000000000,0.120000000000,-0.015036059429,-0.018915510719
2020-11-16,-0.073406780896,0.052114454313,-0.048923679061,-0.040453872718,0.048900388098,0.137836925072,False,False,-0.039361975817,2020-12-15,-0.037303833290,2021-02-10,-0.830000000000,0.120000000000,-0.017952357406,-0.020161290323
2020-11-17,-0.045965296768,0.059321179271,-0.060062969242,-0.048923679061,0.046594982079,0.137836925072,False,False,-0.020461020461,2020-12-16,-0.055944055944,2021-02-18,-0.810000000000,0.120000000000,-0.015755594033,-0.017965587045
2020-11-18,-0.039289397158,0.056658498312,-0.087337278107,-0.060062969242,0.066925064599,0.137836925072,False,False,-0.013759086189,2020-12-17,-0.057892004154,2021-02-19,-0.830000000000,0.080000000000,-0.017187657954,-0.027735753908
2020-11-19,-0.012293649627,0.048330727798,-0.081398132631,-0.087337278107,0.093143596378,0.137836925072,False,False,-0.004944054124,2020-12-18,-0.046578194119,2021-02-22,-0.820000000000,0.090000000000,-0.015497838489,-0.033501259446
2020-11-20,0.000000000000,0.041700826594,-0.059931506849,-0.081398132631,0.082685329186,0.137836925072,False,False,0.007011165931,2020-12-21,-0.038171903402,2021-02-23,-0.840000000000,0.050000000000,-0.013337010298,-0.028564206269
2020-11-23,0.003531075524,0.039928541464,-0.058665362992,-0.059931506849,0.054695562436,0.137836925072,False,False,0.018027571580,2020-12-22,-0.016702014846,2021-02-24,-0.860000000000,0.040000000000,-0.015746651740,-0.022092432707
2020-11-24,-0.022359833941,0.022319746546,-0.074211045365,-0.058665362992,0.066753585398,0.137836925072,False,False,0.026040268456,2020-12-23,-0.011006711409,2021-02-25,-0.850000000000,0.060000000000,-0.017869001942,-0.054632426989
2020-11-25,-0.055147089543,0.013408998007,-0.086122047244,-0.074211045365,0.049961170075,0.137836925072,False,False,0.034167339252,2020-12-24,-0.018025289212,2021-02-26,-0.860000000000,0.060000000000,-0.018375872148,-0.065425264217
2020-11-26,-0.060160461319,-0.005885853412,-0.084010840108,-0.086122047244,0.051759834369,0.137836925072,False,False,0.031754574812,2020-12-25,-0.038751345533,2021-03-01,-0.870000000000,0.040000000000,-0.022210270018,-0.051530612245
2020-11-27,-0.043449222064,-0.012620690441,-0.094449853944,-0.084010840108,0.042105263158,0.137836925072,False,False,0.059901531729,2020-12-28,-0.031728665208,2021-03-02,-0.870000000000,-0.010000000000,-0.023993890355,-0.045419553503
2020-11-30,-0.038629514405,-0.021947429068,-0.117060111949,-0.094449853944,0.056584362140,0.137836925072,False,False,0.058241758242,2020-12-29,-0.023626373626,2021-03-03,-0.910000000000,-0.090000000000,-0.020893512505,-0.076844783715
2020-12-01,-0.044262878370,-0.021493030146,-0.113994664080,-0.117060111949,0.066441733714,0.137836925072,False,False,0.037027027027,2020-12-30,-0.049189189189,2021-03-04,-0.930000000000,-0.090000000000,-0.017137939476,-0.074955684984
2020-12-02,-0.035001770506,-0.030949306250,-0.110817941953,-0.113994664080,0.079319371728,0.137836925072,False,False,0.037007240547,2020-12-31,-0.070260123357,2021-03-05,-0.890000000000,-0.070000000000,-0.015997427730,-0.065540710865
2020-12-03,-0.031612241899,-0.044448288621,-0.091393939394,-0.110817941953,0.092219020173,0.137836925072,False,False,0.038646055437,2021-01-04,-0.061034115139,2021-03-08,-0.900000000000,-0.040000000000,-0.020036274373,-0.054728877680
2020-12-04,-0.027952497061,-0.050059271776,-0.073772514187,-0.091393939394,0.090404440920,0.137836925072,False,False,0.049491706795,2021-01-05,-0.066613162119,2021-03-09,-0.940000000000,-0.070000000000,-0.011874138359,-0.061734566358
2020-12-07,-0.046359916644,-0.053163072669,-0.078720787208,-0.073772514187,0.071655208884,0.137836925072,False,False,0.035836627141,2021-01-06,-0.065349143610,2021-03-10,-0.920000000000,-0.100000000000,-0.011204248624,-0.061403508772
2020-12-08,-0.046359916644,-0.052186314999,-0.064730494708,-0.078720787208,0.063857628893,0.137836925072,False,False,0.023959978936,2021-01-07,-0.062927856767,2021-03-11,-0.940000000000,-0.170000000000,-0.015710730918,-0.022885060427
2020-12-09,-0.041208814794,-0.051162558354,-0.070831283817,-0.064730494708,0.053955901427,0.137836925072,False,False,0.038441003737,2021-01-08,-0.051521623065,2021-03-12,-0.970000000000,-0.190000000000,-0.014378428202,-0.026539551662
2020-12-10,-0.041208814794,-0.052498017190,-0.080629301868,-0.070831283817,0.055007784120,0.137836925072,False,False,-0.003739316239,2021-01-11,-0.045673076923,2021-03-15,-0.960000000000,-0.180000000000,-0.015013013898,-0.034340304673
2020-12-11,-0.034698146367,-0.052459624389,-0.087158203125,-0.080629301868,0.058272632674,0.137836925072,False,False,0.007215392838,2021-01-12,-0.045430251203,2021-03-16,-0.960000000000,-0.130000000000,-0.012807792365,-0.038817480720
2020-12-14,-0.033368477560,-0.065824707278,-0.084903352092,-0.087158203125,0.066666666667,0.137836925072,False,False,0.018478843064,2021-01-13,-0.043920728441,2021-03-17,-0.970000000000,-0.140000000000,-0.009588807371,-0.038065843621
2020-12-15,-0.035310755244,-0.071129574273,-0.077581987274,-0.084903352092,0.063768870380,0.137836925072,False,False,0.003701745108,2021-01-14,-0.044949762031,2021-03-18,-0.980000000000,-0.170000000000,-0.006928070971,-0.028858541613
2020-12-16,-0.040896183556,-0.066870235751,-0.074878048780,-0.077581987274,0.065172054223,0.137836925072,False,False,-0.001842590155,2021-01-15,-0.060542247960,2021-03-19,-0.990000000000,-0.160000000000,-0.005192452163,-0.016338174274
2020-12-17,-0.040969030382,-0.057915042028,-0.067514677104,-0.074878048780,0.066597294485,0.137836925072,False,False,-0.021705020921,2021-01-18,-0.063546025105,2021-03-22,-1.000000000000,-0.180000000000,-0.006297483829,-0.006515506906
2020-12-18,-0.054731670628,-0.055612096240,-0.054679802956,-0.067514677104,0.051981471951,0.137836925072,False,False,-0.021918514698,2021-01-19,-0.079164517793,2021-03-23,-1.000000000000,-0.160000000000,-0.007389614633,-0.001301066875
2020-12-21,-0.054731670628,-0.051948666008,-0.048798430603,-0.054679802956,0.045852653272,0.137836925072,False,False,-0.013020833333,2021-01-20,-0.071093750000,2021-03-24,-1.000000000000,-0.140000000000,-0.008214600640,0.007270838743
2020-12-22,-0.042598534255,-0.057432323160,-0.062040215792,-0.048798430603,0.042966751918,0.137836925072,False,False,-0.002354788069,2021-01-21,-0.061224489796,2021-03-25,-1.000000000000,-0.150000000000,-0.006867523429,0.018641810919
2020-12-23,-0.028399022837,-0.062006591363,-0.041907151819,-0.062040215792,0.042966751918,0.137836925072,False,False,-0.008584807492,2021-01-22,-0.068418314256,2021-03-26,-1.010000000000,-0.150000000000,-0.005150777370,0.028002154012
2020-12-24,-0.035498778546,-0.069624511801,-0.023694267516,-0.041907151819,0.018140010220,0.137836925072,False,False,-0.007042253521,2021-01-25,-0.066249347939,2021-03-29,-1.010000000000,-0.140000000000,-0.005789771201,0.030661646046
2020-12-25,-0.030335492705,-0.084588177587,-0.007214635403,-0.023694267516,-0.003554201574,0.137836925072,False,False,-0.020387096774,2021-01-26,-0.081806451613,2021-03-30,-1.030000000000,-0.160000000000,-0.006832036438,0.035752688172
2020-12-28,-0.005530976850,-0.083580005448,-0.017820773931,-0.007214635403,-0.005636689726,0.137836925072,False,False,-0.019470404984,2021-01-27,-0.091121495327,2021-03-31,-1.030000000000,-0.120000000000,-0.007300971051,0.063395810364
2020-12-29,-0.053367717684,-0.080266778333,-0.020923705027,-0.017820773931,0.003320561941,0.137836925072,False,False,-0.018243419338,2021-01-28,-0.077925462601,2021-04-01,-1.030000000000,-0.100000000000,-0.007805196630,0.050369559266
2020-12-30,-0.074221623354,-0.079125204922,-0.035246727090,-0.020923705027,0.004356740133,0.137836925072,False,False,-0.026894233256,2021-01-29,-0.068269976726,2021-04-02,-1.020000000000,-0.130000000000,-0.009428198422,0.033719989210
2020-12-31,-0.082674384540,-0.078102975579,-0.031202818319,-0.035246727090,0.015597034007,0.137836925072,False,False,-0.030536309982,2021-02-01,-0.074416217603,2021-04-06,-1.030000000000,-0.130000000000,-0.005625765118,0.027214514408
2021-01-04,-0.064701692249,-0.078965228120,-0.017375975825,-0.031202818319,0.011710794297,0.137836925072,False,False,-0.027529951568,2021-02-02,-0.081825133826,2021-04-07,-1.060000000000,-0.120000000000,-0.006988943083,0.039424613745
2021-01-05,-0.063017682762,-0.079095518512,-0.023418036871,-0.017375975825,0.004299443601,0.137836925072,False,False,-0.044772322564,2021-02-03,-0.085220045790,2021-04-08,-1.080000000000,-0.160000000000,-0.011988609099,0.046728971963
2021-01-06,-0.110028926184,-0.098636667913,-0.017986510117,-0.023418036871,0.022414671421,0.137836925072,False,False,-0.036770377989,2021-02-04,-0.063769606583,2021-04-09,-1.070000000000,-0.130000000000,-0.011662311181,0.034473684211
2021-01-07,-0.139139946476,-0.100886645954,-0.013895907024,-0.017986510117,0.016247778624,0.137836925072,False,False,-0.053984575835,2021-02-05,-0.070694087404,2021-04-12,-1.020000000000,-0.050000000000,-0.011179342439,0.033086289042
2021-01-08,-0.142496478172,-0.123675724715,-0.018972931950,-0.013895907024,0.005844980940,0.137836925072,False,False,-0.005898123324,2021-02-08,-0.040214477212,2021-04-13,-1.010000000000,-0.050000000000,-0.007250823417,0.036898395722
2021-01-11,-0.168052143147,-0.140504893862,-0.047414880202,-0.018972931950,0.003299492386,0.137836925072,False,False,-0.007163703900,2021-02-09,-0.041124966835,2021-04-14,-0.930000000000,0.030000000000,-0.009519038076,0.010163145226
2021-01-12,-0.171356524385,-0.143248142461,-0.041078629032,-0.047414880202,0.009676597912,0.137836925072,False,False,-0.016039968446,2021-02-10,-0.053904811991,2021-04-15,-0.910000000000,0.060000000000,-0.007827238760,0.017379679144
2021-01-13,-0.137011409701,-0.140987312561,-0.039220647773,-0.041078629032,0.016393442623,0.135683742361,False,False,-0.039778714436,2021-02-18,-0.039778714436,2021-04-16,-0.930000000000,0.050000000000,-0.013133316024,0.007429026267
2021-01-14,-0.127877315721,-0.125188492885,-0.048915784165,-0.039220647773,0.006878980892,0.133864398620,False,False,-0.042985232068,2021-02-19,-0.031909282700,2021-04-19,-0.960000000000,0.030000000000,-0.009389836765,-0.005536514632
2021-01-15,-0.124451027606,-0.121607585225,-0.046599496222,-0.048915784165,0.003796507213,0.133195090740,False,False,-0.020582731890,2021-02-22,-0.025661587811,2021-04-20,-0.940000000000,0.060000000000,-0.007439815874,-0.007082896118
2021-01-18,-0.128111351947,-0.120177435216,-0.045753286148,-0.046599496222,-0.018055899085,0.132791318255,False,False,-0.023464276298,2021-02-23,-0.035855523332,2021-04-21,-0.990000000000,0.010000000000,-0.004928047287,-0.016414799375
2021-01-19,-0.092353215339,-0.113382654449,-0.040375825292,-0.045753286148,-0.027053615347,0.132791318255,False,False,-0.021372031662,2021-02-24,-0.028232189974,2021-04-22,-0.990000000000,0.010000000000,-0.003177428140,-0.025779840165
2021-01-20,-0.097354945723,-0.105625891409,-0.046072507553,-0.040375825292,-0.041615964955,0.132791318255,False,False,-0.033831628639,2021-02-25,-0.036978756884,2021-04-23,-1.000000000000,0.000000000000,-0.008433576406,-0.009411764706
2021-01-21,-0.092182947507,-0.103688009166,-0.037493709109,-0.046072507553,-0.054960742327,0.132791318255,False,False,-0.042246129625,2021-02-26,-0.041983731304,2021-04-26,-1.020000000000,-0.010000000000,-0.011921426993,0.001833420639
2021-01-22,-0.086812022418,-0.102814628972,-0.029081632653,-0.037493709109,-0.053358742258,0.132791318255,False,False,-0.061728395062,2021-03-01,-0.040189125296,2021-04-27,-0.980000000000,0.030000000000,-0.010478451947,-0.006784968685
2021-01-25,-0.077576700885,-0.102860929596,-0.027970233513,-0.029081632653,-0.067998097955,0.132791318255,False,False,-0.067439409905,2021-03-02,-0.042149631191,2021-04-28,-0.990000000000,0.040000000000,-0.003132273541,-0.016869971451
2021-01-26,-0.089842372474,-0.106392247948,-0.033333333333,-0.027970233513,-0.066363200767,0.132791318255,False,False,-0.059041567382,2021-03-03,-0.029917924279,2021-04-29,-1.030000000000,0.000000000000,-0.004645860535,-0.015292897875
2021-01-27,-0.082508301252,-0.110393330631,-0.043048873132,-0.033333333333,-0.067836812144,0.132791318255,False,False,-0.066100345102,2021-03-04,-0.038226705601,2021-04-30,-1.030000000000,0.000000000000,-0.009119527422,-0.015115976023
2021-01-28,-0.084341819057,-0.118581394269,-0.051928409377,-0.043048873132,-0.059761904762,0.132791318255,False,False,-0.078660643104,2021-03-05,-0.026308796173,2021-05-06,-1.040000000000,-0.020000000000,-0.003305616479,-0.018528183716
2021-01-29,-0.104806712930,-0.124289857470,-0.047162673392,-0.051928409377,-0.056823585354,0.132791318255,False,False,-0.067496029645,2021-03-08,-0.016410799365,2021-05-07,-1.060000000000,-0.030000000000,-0.004841461353,-0.018701298701
2021-02-01,-0.115782042383,-0.129963578500,-0.045238690327,-0.047162673392,-0.082175925926,0.132791318255,False,False,-0.085452162516,2021-03-09,-0.023853211009,2021-05-10,-1.020000000000,0.040000000000,-0.007623361493,-0.021014864172
2021-02-02,-0.113596091348,-0.118007743215,-0.050375939850,-0.045238690327,-0.080863772111,0.132791318255,False,False,-0.055392809587,2021-03-10,-0.006391478029,2021-05-11,-1.020000000000,0.060000000000,0.002926431767,-0.033418367347
2021-02-03,-0.118291030068,-0.108935115809,-0.035741835948,-0.050375939850,-0.088624942896,0.132791318255,False,False,-0.049919914576,2021-03-11,-0.005605979712,2021-05-12,-1.030000000000,0.040000000000,0.003432550271,-0.046044263546
2021-02-04,-0.120056567830,-0.101922261917,-0.040711156918,-0.035741835948,-0.105771441711,0.132791318255,False,False,-0.034510869565,2021-03-12,0.010597826087,2021-05-13,-1.040000000000,-0.020000000000,0.001569810034,-0.046118370484
2021-02-05,-0.126035365524,-0.105404508138,-0.049573973664,-0.040711156918,-0.087467669880,0.132791318255,False,False,-0.036407766990,2021-03-15,0.002966558792,2021-05-14,-1.020000000000,-0.010000000000,0.000208613255,-0.050799381124
2021-02-08,-0.127835870745,-0.109852299228,-0.045758354756,-0.049573973664,-0.029079969917,0.132791318255,False,False,-0.045430251203,2021-03-16,0.010422234099,2021-05-17,-1.020000000000,-0.090000000000,-0.000944346220,-0.017209425470
2021-02-09,-0.131436881189,-0.102575558982,-0.034979423868,-0.045758354756,-0.040453872718,0.132791318255,False,False,-0.045964724746,2021-03-17,0.016301443079,2021-05-18,-1.030000000000,-0.120000000000,-0.005777643675,-0.013929040736
2021-02-10,-0.144539700535,-0.100398634579,-0.032208193764,-0.034979423868,-0.048923679061,0.132791318255,False,False,-0.009053497942,2021-03-18,0.041152263374,2021-05-19,-1.040000000000,-0.110000000000,-0.003336336735,-0.010797998420
2021-02-18,-0.151138069665,-0.100177713473,-0.053423236515,-0.032208193764,-0.060062969242,0.132791318255,False,False,-0.016533480298,2021-03-19,0.048773766878,2021-05-20,-1.060000000000,-0.100000000000,-0.005894509617,-0.032343584305
2021-02-19,-0.151138069665,-0.087814395494,-0.052905916080,-0.053423236515,-0.087337278107,0.132791318255,False,False,-0.022652838428,2021-03-22,0.040120087336,2021-05-21,-0.870000000000,0.070000000000,-0.000645837442,-0.039894319683
2021-02-22,-0.167726087409,-0.063750133105,-0.043715846995,-0.052905916080,-0.081398132631,0.132791318255,False,False,-0.035907127430,2021-03-23,0.035637149028,2021-05-24,-0.800000000000,0.190000000000,-0.003983243545,-0.026490066225
2021-02-23,-0.163617266958,-0.048219893944,-0.035834848091,-0.043715846995,-0.059931506849,0.132791318255,False,False,-0.038285252090,2021-03-24,0.021838770558,2021-05-25,-0.790000000000,0.200000000000,-0.004705147188,-0.017464937814
2021-02-24,-0.153061314251,-0.021932600618,-0.013315579228,-0.035834848091,-0.058665362992,0.132791318255,False,False,-0.026058631922,2021-03-25,0.046959826276,2021-05-26,-0.790000000000,0.210000000000,-0.003218036435,-0.022169437846
2021-02-25,-0.148567473510,0.009121768188,-0.011847065159,-0.013315579228,-0.074211045365,0.132791318255,False,False,-0.018904109589,2021-03-26,0.047397260274,2021-05-27,-0.790000000000,0.230000000000,-0.002239265608,-0.040522875817
2021-02-26,-0.144025689916,0.048998911408,-0.028240989779,-0.011847065159,-0.086122047244,0.132791318255,False,False,0.002239641657,2021-03-29,0.070828667413,2021-05-28,-0.600000000000,0.380000000000,0.003507892759,-0.050709406201
2021-03-01,-0.164220920231,0.073599627920,-0.033602150538,-0.028240989779,-0.084010840108,0.132791318255,False,False,0.005084745763,2021-03-30,0.083615819209,2021-05-31,-0.710000000000,0.280000000000,-0.002497223811,-0.050950369588
2021-03-02,-0.139762485303,0.115122048158,-0.025358324146,-0.033602150538,-0.094449853944,0.132791318255,False,False,-0.014912774339,2021-03-31,0.080191333708,2021-06-01,-0.710000000000,0.320000000000,-0.002419323761,-0.069228744406
2021-03-03,-0.114000780193,0.139390073178,-0.028469750890,-0.025358324146,-0.117060111949,0.132791318255,False,False,0.005685048323,2021-04-01,0.088118249005,2021-06-02,-0.780000000000,0.250000000000,0.000199285969,-0.060862662080
2021-03-04,-0.083424062038,0.164176774028,-0.052063663340,-0.028469750890,-0.113994664080,0.132791318255,False,False,0.039226997404,2021-04-02,0.096625324488,2021-06-03,-0.740000000000,0.300000000000,-0.002874009991,-0.065674022866
2021-03-05,-0.070729096076,0.174120096351,-0.070971184632,-0.052063663340,-0.110817941953,0.132791318255,False,False,0.023843315356,2021-04-06,0.054499006529,2021-06-04,-0.660000000000,0.400000000000,0.002606258108,-0.078348332451
2021-03-08,-0.075485307624,0.163456165979,-0.062599893447,-0.070971184632,-0.091393939394,0.132791318255,False,False,0.032387503583,2021-04-07,0.077386070507,2021-06-07,-0.660000000000,0.360000000000,0.010106692952,-0.078795811518
2021-03-09,-0.070219703649,0.169501633476,-0.063818424566,-0.062599893447,-0.073772514187,0.132791318255,False,False,0.013814491119,2021-04-08,0.071045954328,2021-06-08,-0.620000000000,0.400000000000,0.012019123087,-0.074689891792
2021-03-10,-0.063017682762,0.172286926478,-0.067894736842,-0.063818424566,-0.078720787208,0.132791318255,False,False,0.023040179826,2021-04-09,0.061534138803,2021-06-09,-0.660000000000,0.370000000000,0.009170150178,-0.055466666667
2021-03-11,-0.053724960438,0.163356096335,-0.054261514029,-0.067894736842,-0.064730494708,0.132791318255,False,False,0.017450042218,2021-04-12,0.060230790881,2021-06-10,-0.730000000000,0.310000000000,0.005399422596,-0.040290088638
2021-03-12,-0.053724960438,0.163876154805,-0.057754010695,-0.054261514029,-0.070831283817,0.130345727678,False,False,0.001959137979,2021-04-13,0.062132661629,2021-06-11,-0.740000000000,0.280000000000,0.000947833617,-0.042651453409
2021-03-15,-0.075485307624,0.174997446389,-0.048943567799,-0.057754010695,-0.080629301868,0.128784170920,False,False,0.011758118701,2021-04-14,0.041433370661,2021-06-15,-0.620000000000,0.400000000000,0.005929999683,-0.042025862069
2021-03-16,-0.069040739487,0.187973691524,-0.047593582888,-0.048943567799,-0.087158203125,0.127271610925,False,False,0.007843137255,2021-04-15,0.041456582633,2021-06-16,-0.650000000000,0.380000000000,0.008710230757,-0.050639658849
2021-03-17,-0.073206486827,0.195330130927,-0.050941894402,-0.047593582888,-0.084903352092,0.123442444810,False,False,0.009136212625,2021-04-16,0.016888150609,2021-06-17,-0.680000000000,0.360000000000,0.012473525198,-0.047657082002
2021-03-18,-0.061179125682,0.200742132267,-0.049828631690,-0.050941894402,-0.077581987274,0.121639264876,False,False,0.028579434015,2021-04-19,0.015690669655,2021-06-18,-0.670000000000,0.390000000000,0.008912856991,-0.012602739726
2021-03-19,-0.039004481801,0.197966048986,-0.058499475341,-0.049828631690,-0.074878048780,0.120103082798,False,False,0.017872102765,2021-04-20,0.009494554594,2021-06-21,-0.560000000000,0.310000000000,0.007283717474,-0.012383048982
2021-03-22,-0.031751980919,0.197200172706,-0.069828035435,-0.058499475341,-0.067514677104,0.119533126851,False,False,0.024082889947,2021-04-21,0.019882385886,2021-06-22,-0.570000000000,0.230000000000,0.007547026670,-0.028571428571
2021-03-23,-0.046694089587,0.192822243922,-0.075792730085,-0.069828035435,-0.054679802956,0.117224209722,False,False,0.032520325203,2021-04-22,0.020465377068,2021-06-23,-0.640000000000,0.150000000000,0.006260660598,-0.034473471586
2021-03-24,-0.063033038582,0.201492806531,-0.064575163399,-0.075792730085,-0.048798430603,0.116326665922,False,False,0.023411371237,2021-04-23,0.012263099220,2021-06-24,-0.660000000000,0.130000000000,0.009382636163,-0.034278002699
2021-03-25,-0.082206845821,0.202959584070,-0.059979046621,-0.064575163399,-0.062040215792,0.110876128748,False,False,0.019547612399,2021-04-26,0.011728567439,2021-06-25,-0.690000000000,0.100000000000,0.012663882112,-0.022070844687
2021-03-26,-0.080971709589,0.206935600663,-0.066022964509,-0.059979046621,-0.041907151819,0.100084363811,False,False,0.020670391061,2021-04-27,0.010614525140,2021-06-28,-0.690000000000,-0.090000000000,0.009254635409,-0.009410462220
2021-03-29,-0.080971709589,0.216170542205,-0.071113418116,-0.066022964509,-0.023694267516,0.093772310595,False,False,0.021922428331,2021-04-28,0.017144463182,2021-06-29,-0.670000000000,0.040000000000,0.009143664780,-0.004450625869
2021-03-30,-0.070448690180,0.214857965456,-0.083462934163,-0.071113418116,-0.007214635403,0.085612085619,False,False,0.046558126250,2021-04-29,0.027135104256,2021-06-30,-0.630000000000,0.080000000000,0.015986637112,0.000000000000
2021-03-31,-0.025272178118,0.216779130410,-0.089132134480,-0.083462934163,-0.017820773931,0.079168937879,False,False,0.024024872809,2021-04-30,0.020350480497,2021-07-01,-0.620000000000,0.160000000000,0.015221487705,-0.015215553677
2021-04-01,-0.015643342226,0.213579207119,-0.069676409186,-0.089132134480,-0.020923705027,0.068428244689,False,False,0.016930335831,2021-05-06,0.010269220094,2021-07-02,-0.630000000000,0.110000000000,0.013474375838,0.014513375071
2021-04-02,-0.013714742499,0.206323006602,-0.061818181818,-0.069676409186,-0.035246727090,0.065007825953,False,False,0.030219018575,2021-05-07,0.012198502911,2021-07-05,-0.660000000000,0.000000000000,0.012760189011,0.037334865020
2021-04-06,-0.030745600016,0.190473294839,-0.079702716556,-0.061818181818,-0.031202818319,0.065007825953,False,False,0.033870072182,2021-05-10,0.013603553581,2021-07-06,-0.640000000000,0.020000000000,0.009018975446,0.020460358056
2021-04-07,-0.030745600016,0.186559308839,-0.079846938776,-0.079702716556,-0.017375975825,0.065007825953,False,False,0.037541713014,2021-05-11,0.022246941046,2021-07-07,-0.650000000000,-0.030000000000,-0.001395829454,0.028807758129
2021-04-08,0.022294299618,0.214053444223,-0.080641058255,-0.079846938776,-0.023418036871,0.065007825953,False,False,0.023070585004,2021-05-12,0.010711343038,2021-07-08,-0.660000000000,0.000000000000,0.004581765295,0.020327498588
2021-04-09,0.079764959253,0.220393938948,-0.069689982065,-0.080641058255,-0.017986510117,0.065007825953,False,False,0.028769017981,2021-05-13,0.019087136929,2021-07-09,-0.690000000000,0.040000000000,0.009554522597,0.016232857543
2021-04-12,0.082036237580,0.243343911057,-0.068592057762,-0.069689982065,-0.013895907024,0.068428244689,False,False,0.038826815642,2021-05-14,0.031005586592,2021-07-12,-0.640000000000,0.100000000000,0.012339495492,0.024971623156
2021-04-13,0.110773320861,0.252760150353,-0.053481599153,-0.068592057762,-0.018972931950,0.068918201776,False,False,0.046209186497,2021-05-17,0.019369120089,2021-07-13,-0.640000000000,-0.020000000000,0.007930601656,0.005343082115
2021-04-14,0.119721462575,0.240452764707,-0.049934296978,-0.053481599153,-0.047414880202,0.080332778835,False,False,0.056976097832,2021-05-18,0.023624235686,2021-07-14,-0.690000000000,-0.040000000000,0.007076066950,0.014879281303
2021-04-15,0.086790916449,0.227488974808,-0.048722675797,-0.049934296978,-0.041078629032,0.082342267883,False,False,0.041152263374,2021-05-19,0.019204389575,2021-07-15,-0.690000000000,-0.010000000000,0.004680605941,0.009784735812
2021-04-16,0.031420214649,0.209436566929,-0.034199363733,-0.048722675797,-0.039220647773,0.084142998207,False,False,0.036774720785,2021-05-20,0.013347861618,2021-07-16,-0.770000000000,-0.100000000000,0.006242469607,0.010821309656
2021-04-19,0.027173931977,0.211886558342,-0.030383091149,-0.034199363733,-0.048915784165,0.084142998207,False,False,0.045541838134,2021-05-21,0.015089163237,2021-07-19,-0.770000000000,-0.210000000000,0.003111095061,0.022568960713
2021-04-20,0.044080635377,0.209226410503,-0.037086092715,-0.030383091149,-0.046599496222,0.084142998207,False,False,0.048947224501,2021-05-24,0.013125512715,2021-07-20,-0.730000000000,-0.160000000000,0.000192083693,0.018207282913
2021-04-21,0.012210020492,0.196185663959,-0.028049748611,-0.037086092715,-0.045753286148,0.084142998207,False,False,0.029052402932,2021-05-25,0.000543035569,2021-07-21,-0.740000000000,-0.100000000000,-0.000965106335,0.024546722455
2021-04-22,0.006105010246,0.180108716033,-0.029823172341,-0.028049748611,-0.040375825292,0.084142998207,False,False,0.050381263617,2021-05-26,-0.001361655773,2021-07-22,-0.760000000000,-0.100000000000,-0.004647710307,0.027389603130
2021-04-23,-0.079203952887,0.170301576273,-0.041045751634,-0.029823172341,-0.046072507553,0.084142998207,False,False,0.047110380718,2021-05-27,0.006573541495,2021-07-23,-0.760000000000,-0.070000000000,-0.004957789105,0.022011702424
2021-04-26,-0.072815583074,0.163709804162,-0.041250656858,-0.041045751634,-0.037493709109,0.084142998207,False,False,0.046798029557,2021-05-28,0.007389162562,2021-07-26,-0.760000000000,-0.070000000000,-0.008844489546,0.019558535904
2021-04-27,-0.082098573020,0.157494766709,-0.035638859556,-0.041250656858,-0.029081632653,0.084142998207,False,False,0.055005500550,2021-05-31,0.010726072607,2021-07-27,-0.780000000000,-0.110000000000,-0.010433087420,0.020676166527
2021-04-28,-0.076551219817,0.160363185939,-0.043958936562,-0.035638859556,-0.027970233513,0.084142998207,False,False,0.047762008734,2021-06-01,0.008460698690,2021-07-28,-0.760000000000,-0.130000000000,-0.014409633900,0.027149321267
2021-04-29,-0.105915338340,0.164059973714,-0.035988356708,-0.043958936562,-0.033333333333,0.084142998207,False,False,0.056582942313,2021-06-02,0.025117306100,2021-07-29,-0.780000000000,-0.160000000000,-0.014806897968,0.042346208870
2021-04-30,-0.094112998340,0.175633073785,-0.036160595586,-0.035988356708,-0.043048873132,0.084142998207,False,False,0.037663755459,2021-06-03,0.015556768559,2021-07-30,-0.770000000000,-0.140000000000,-0.015209238418,0.016830294530
2021-05-06,-0.086798605032,0.171792510074,-0.026998411858,-0.036160595586,-0.051928409377,0.084142998207,False,False,-0.000269106566,2021-06-04,-0.008342303552,2021-08-02,-0.760000000000,-0.100000000000,-0.015296957492,0.017718715393
2021-05-07,-0.090652760309,0.173969752945,-0.026963350785,-0.026998411858,-0.047162673392,0.084142998207,False,False,0.009398496241,2021-06-07,-0.011278195489,2021-08-03,-0.870000000000,-0.230000000000,-0.016999308106,0.035087719298
2021-05-10,-0.076091360360,0.157898245955,-0.015571390868,-0.026963350785,-0.045238690327,0.084142998207,False,False,0.018225676762,2021-06-08,-0.013133208255,2021-08-04,-0.890000000000,-0.240000000000,-0.019283868665,0.034100360410
2021-05-11,-0.076091360360,0.149146091005,-0.006666666667,-0.015571390868,-0.050375939850,0.084142998207,False,False,0.014228187919,2021-06-09,-0.009664429530,2021-08-05,-0.910000000000,-0.250000000000,-0.019250637017,0.030713890426
2021-05-12,-0.070224766068,0.138160952126,0.002417405318,-0.006666666667,-0.035741835948,0.084142998207,True,False,0.012906695348,2021-06-10,-0.014251142780,2021-08-06,-0.890000000000,-0.200000000000,-0.019616784494,0.027816028642
2021-05-13,-0.049443791680,0.120743971562,0.009779951100,0.002417405318,-0.040711156918,0.084142998207,True,False,0.020435600968,2021-06-11,-0.044097875773,2021-08-09,-0.850000000000,-0.210000000000,-0.015315453361,0.029069767442
2021-05-14,-0.045417041988,0.116546760000,0.007273706897,0.009779951100,-0.049573973664,0.084142998207,True,False,-0.016133298069,2021-06-15,-0.059243586353,2021-08-10,-0.850000000000,-0.210000000000,-0.015270649354,0.045874125874
2021-05-17,-0.026948609003,0.109272082569,0.006663113006,0.007273706897,-0.045758354756,0.084142998207,True,False,-0.022350775703,2021-06-16,-0.068630028925,2021-08-11,-0.880000000000,-0.190000000000,-0.015881869333,0.044813278008
2021-05-18,-0.025031306516,0.100821063621,0.012247071353,0.006663113006,-0.034979423868,0.084142998207,True,False,-0.032147562582,2021-06-17,-0.057971014493,2021-08-12,-0.900000000000,-0.210000000000,-0.013673263954,0.052602436323
2021-05-19,-0.006284042930,0.089219222353,0.044383561644,0.012247071353,-0.032208193764,0.084142998207,True,False,-0.047556489753,2021-06-18,-0.057015239096,2021-08-13,-0.880000000000,-0.110000000000,-0.016259352920,0.046390337634
2021-05-20,-0.018852128789,0.075482959667,0.048706659329,0.044383561644,-0.053423236515,0.084142998207,True,False,-0.051430070848,2021-06-21,-0.046182104435,2021-08-16,-0.800000000000,-0.030000000000,-0.013474324407,0.038419618529
2021-05-21,-0.027577448435,0.056439585699,0.038367346939,0.048706659329,-0.052905916080,0.084142998207,True,False,-0.050573514077,2021-06-22,-0.049791449426,2021-08-17,-0.780000000000,-0.050000000000,-0.011489776196,0.049793672627
2021-05-24,-0.067311784681,0.055402619048,0.030972259628,0.038367346939,-0.043715846995,0.084142998207,True,False,-0.039577836412,2021-06-23,-0.034828496042,2021-08-18,-0.800000000000,-0.060000000000,-0.009906511147,0.042199836646
2021-05-25,-0.083091042162,0.031844733680,0.028879892038,0.030972259628,-0.035834848091,0.084142998207,True,False,-0.058335493907,2021-06-24,-0.052890847809,2021-08-19,-0.830000000000,-0.070000000000,-0.012414273410,0.036996735582
2021-05-26,-0.087245594271,0.001191997406,0.049591280654,0.028879892038,-0.013315579228,0.084142998207,True,False,-0.052314935914,2021-06-25,-0.044729270207,2021-08-20,-0.860000000000,-0.100000000000,-0.013131950591,0.050163576881
2021-05-27,-0.089322870325,-0.018976004210,0.059784112926,0.049591280654,-0.011847065159,0.084142998207,True,False,-0.054117647059,2021-06-28,-0.049411764706,2021-08-23,-0.820000000000,-0.060000000000,-0.016649641076,0.049328583173
2021-05-28,-0.094063610691,-0.032260740522,0.057023643950,0.059784112926,-0.028240989779,0.084142998207,True,False,-0.056569343066,2021-06-29,-0.041449426486,2021-08-24,-0.810000000000,-0.030000000000,-0.015236367654,0.040240897892
2021-05-31,-0.109667011689,-0.063271377302,0.082579185520,0.057023643950,-0.033602150538,0.084142998207,True,False,-0.063297733785,2021-06-30,-0.043500911696,2021-08-25,-0.840000000000,-0.080000000000,-0.018664829323,0.053964757709
2021-06-01,-0.108564608340,-0.093831634436,0.085657931812,0.082579185520,-0.025358324146,0.084142998207,True,False,-0.056948798328,2021-07-01,-0.044932079415,2021-08-26,-0.840000000000,-0.060000000000,-0.015901939967,0.057644798243
2021-06-02,-0.114760661364,-0.117445223906,0.079396698919,0.085657931812,-0.028469750890,0.084142998207,True,False,-0.042609153077,2021-07-02,-0.036033666491,2021-08-27,-0.840000000000,-0.070000000000,-0.012620428884,0.046344827586
2021-06-03,-0.128805704401,-0.131701801424,0.083859850661,0.079396698919,-0.052063663340,0.084142998207,True,False,-0.017227456258,2021-07-05,-0.002422611036,2021-08-30,-0.850000000000,-0.090000000000,-0.013993796668,0.026659412405
2021-06-04,-0.138024972800,-0.127744564392,0.060528559250,0.083859850661,-0.070971184632,0.084142998207,True,False,-0.028731045491,2021-07-06,-0.018621973929,2021-08-31,-0.790000000000,0.080000000000,-0.010113916923,0.004035512510
2021-06-07,-0.176220098257,-0.127665699590,0.071591557330,0.060528559250,-0.062599893447,0.084142998207,True,False,-0.032376941300,2021-07-07,-0.028691760990,2021-09-01,-0.840000000000,0.050000000000,-0.004003833955,0.007238605898
2021-06-08,-0.180630400096,-0.128233715857,0.066629023151,0.071591557330,-0.063818424566,0.084142998207,True,False,-0.025939650609,2021-07-08,-0.023557437798,2021-09-02,-0.820000000000,0.090000000000,-0.005331639168,0.014228187919
2021-06-09,-0.193035700880,-0.120892660456,0.056535124545,0.066629023151,-0.067894736842,0.084142998207,True,False,-0.022033448367,2021-07-09,-0.023360764534,2021-09-03,-0.830000000000,0.060000000000,-0.004386879187,0.011521972133
2021-06-10,-0.194928207752,-0.116358525610,0.068104426788,0.056535124545,-0.054261514029,0.084142998207,True,False,-0.027404479578,2021-07-12,-0.022397891963,2021-09-06,-0.820000000000,0.030000000000,-0.010939436708,0.012644605865
2021-06-11,-0.169129192023,-0.116608907058,0.067210348706,0.068104426788,-0.057754010695,0.084142998207,True,False,-0.009677419355,2021-07-13,-0.002419354839,2021-09-07,-0.900000000000,-0.050000000000,-0.009667349512,0.014977266649
2021-06-15,-0.144418517056,-0.115968484441,0.047164514318,0.067210348706,-0.048943567799,0.084142998207,True,False,-0.009413663260,2021-07-14,-0.015868746638,2021-09-08,-0.850000000000,0.030000000000,-0.006743001952,-0.012443738417
2021-06-16,-0.138230738698,-0.120152475416,0.042493709813,0.047164514318,-0.047593582888,0.084142998207,True,False,0.011434794446,2021-07-15,-0.009528995372,2021-09-09,-0.870000000000,0.030000000000,-0.005369104598,-0.019200420831
2021-06-17,-0.142180188376,-0.127485185437,0.017480577137,0.042493709813,-0.050941894402,0.084142998207,True,False,0.026206896552,2021-07-16,0.006068965517,2021-09-10,-0.750000000000,0.130000000000,0.003086167382,-0.038037775446
2021-06-18,-0.158484833452,-0.128610200439,0.010030649206,0.017480577137,-0.049828631690,0.084142998207,True,False,0.023513139696,2021-07-19,0.006915629322,2021-09-13,-0.750000000000,0.050000000000,0.002807608183,-0.048806087641
2021-06-21,-0.185185304260,-0.122557340044,0.016246498599,0.010030649206,-0.058499475341,0.084142998207,True,False,0.017298187809,2021-07-20,-0.000274574410,2021-09-14,-0.790000000000,-0.010000000000,0.004535249598,-0.049266247379
2021-06-22,-0.150862167491,-0.107370749824,0.015620641562,0.016246498599,-0.069828035435,0.084142998207,True,False,0.012362637363,2021-07-21,0.006593406593,2021-09-15,-0.750000000000,0.050000000000,0.004842788060,-0.048850574713
2021-06-23,-0.136525614382,-0.100053679302,0.018725544997,0.015620641562,-0.075792730085,0.084142998207,True,False,0.009636563877,2021-07-22,0.001927312775,2021-09-16,-0.830000000000,0.000000000000,0.011130283921,-0.043809024134
2021-06-24,-0.093551017483,-0.088309868577,0.010866536640,0.018725544997,-0.064575163399,0.084142998207,True,False,0.014352746343,2021-07-23,-0.007452387524,2021-09-17,-0.840000000000,0.020000000000,0.010423563524,-0.058151609553
2021-06-25,-0.088105785680,-0.083378354574,0.012573344510,0.010866536640,-0.059979046621,0.084142998207,True,False,0.017412935323,2021-07-26,0.003869541183,2021-09-22,-0.810000000000,0.010000000000,0.013897310789,-0.053538782972
2021-06-28,-0.090108189900,-0.078742797106,0.013970382788,0.012573344510,-0.066022964509,0.084142998207,True,False,0.015473887814,2021-07-27,-0.001934235977,2021-09-23,-0.800000000000,0.010000000000,0.013863076330,-0.045000000000
2021-06-29,-0.095732014182,-0.076454458566,0.022624434389,0.013970382788,-0.071113418116,0.084142998207,True,False,0.027530589544,2021-07-28,-0.005005561735,2021-09-24,-0.800000000000,0.040000000000,0.015994395711,-0.055381400209
2021-06-30,-0.095732014182,-0.073380906012,0.025464949928,0.022624434389,-0.083462934163,0.084142998207,True,False,0.028808864266,2021-07-29,-0.005540166205,2021-09-27,-0.830000000000,0.010000000000,0.014590476489,-0.069815728004
2021-07-01,-0.097338165368,-0.068681723913,0.017952314165,0.025464949928,-0.089132134480,0.084142998207,True,False,0.022252747253,2021-07-30,-0.016483516484,2021-09-28,-0.870000000000,-0.030000000000,0.013309677950,-0.043237542842
2021-07-02,-0.097338165368,-0.051606873109,0.005537098560,0.017952314165,-0.069676409186,0.084142998207,True,False,0.009312517119,2021-08-02,-0.026294165982,2021-09-29,-0.870000000000,-0.020000000000,0.014035744582,-0.037625861155
2021-07-05,-0.099127741956,-0.029389296062,0.015037593985,0.005537098560,-0.061818181818,0.084142998207,True,False,0.008490824432,2021-08-03,-0.027663653793,2021-09-30,-0.890000000000,-0.100000000000,0.011382282801,-0.023311897106
2021-07-06,-0.101110296795,-0.022838513964,0.019961186582,0.015037593985,-0.079702716556,0.084142998207,True,False,0.001632208923,2021-08-04,-0.026115342764,2021-10-08,-0.890000000000,-0.050000000000,0.011151430369,-0.020761245675
2021-07-07,-0.083267303243,-0.026211242247,0.017155506364,0.019961186582,-0.079846938776,0.084142998207,True,False,0.002445652174,2021-08-05,-0.025271739130,2021-10-11,-0.940000000000,-0.120000000000,0.014262343843,-0.026998411858
2021-07-08,-0.101088712473,-0.029926212125,0.010740842743,0.017155506364,-0.080641058255,0.084142998207,True,False,-0.004885993485,2021-08-06,-0.028230184582,2021-10-12,-0.950000000000,-0.120000000000,0.011620984803,-0.027814569536
2021-07-09,-0.101088712473,-0.029037055808,0.018826135105,0.010740842743,-0.069689982065,0.084142998207,True,False,-0.036846383094,2021-08-09,-0.027092928746,2021-10-13,-0.920000000000,-0.100000000000,0.016564816243,-0.022316684378
2021-07-12,-0.089949217800,-0.022681685042,0.027692307692,0.018826135105,-0.068592057762,0.084142998207,True,False,-0.034473398480,2021-08-10,-0.013843648208,2021-10-14,-0.910000000000,-0.010000000000,0.014489905530,-0.031884057971
2021-07-13,-0.095256671369,-0.013804824326,0.020470262794,0.027692307692,-0.053481599153,0.084142998207,True,False,-0.038284007602,2021-08-11,-0.011403746945,2021-10-15,-0.950000000000,-0.100000000000,0.012608290205,-0.010991957105
2021-07-14,-0.089598811582,-0.009996985524,0.022148394241,0.020470262794,-0.049934296978,0.084142998207,True,False,-0.037685060565,2021-08-12,-0.033378196501,2021-10-18,-0.940000000000,-0.070000000000,0.011216754515,-0.009922231161
2021-07-15,-0.022339576455,-0.012944504703,0.021410925062,0.022148394241,-0.048722675797,0.084142998207,True,False,-0.035215053763,2021-08-13,-0.036559139785,2021-10-19,-0.970000000000,-0.220000000000,0.002889572076,0.014725934006
2021-07-16,-0.016280027323,-0.028153862481,0.011171662125,0.021410925062,-0.034199363733,0.084142998207,True,False,-0.017567567568,2021-08-16,-0.034054054054,2021-10-20,-1.010000000000,-0.260000000000,0.000511015876,0.023724137931
2021-07-19,-0.028146379940,-0.043997514714,0.012104539202,0.011171662125,-0.030383091149,0.084142998207,True,False,-0.016194331984,2021-08-17,-0.029419703104,2021-10-21,-1.020000000000,-0.230000000000,0.002362597620,0.014057331863
2021-07-20,-0.050261392750,-0.049135635082,0.009801252382,0.012104539202,-0.037086092715,0.084142998207,True,False,-0.007327001357,2021-08-18,-0.022795115332,2021-10-22,-1.050000000000,-0.300000000000,0.004331628153,0.018676187860
2021-07-21,-0.052589032220,-0.049845084947,0.005168661589,0.009801252382,-0.028049748611,0.084142998207,True,False,-0.003817834742,2021-08-19,-0.016634851377,2021-10-25,-1.030000000000,-0.200000000000,0.001122532742,0.013717421125
2021-07-22,0.022055596277,-0.045800924831,-0.000272628135,0.005168661589,-0.029823172341,0.084142998207,False,False,-0.006258503401,2021-08-20,-0.012244897959,2021-10-26,-0.980000000000,-0.140000000000,-0.002078488608,0.010749724366
2021-07-23,-0.008726009836,-0.040651447696,0.009591668950,-0.000272628135,-0.041045751634,0.084142998207,True,False,-0.012224938875,2021-08-23,-0.023091551209,2021-10-27,-1.010000000000,-0.200000000000,0.000768830751,0.016556291391
2021-07-26,-0.034904039343,-0.036426906199,0.010949904188,0.009591668950,-0.041250656858,0.084142998207,True,False,0.000544217687,2021-08-24,-0.017687074830,2021-10-28,-1.050000000000,-0.250000000000,0.002113975140,0.017635712317
2021-07-27,-0.037085541802,-0.038513398383,0.008259911894,0.010949904188,-0.035638859556,0.084142998207,True,False,-0.006224627876,2021-08-25,-0.019485791610,2021-10-29,-1.110000000000,-0.310000000000,0.003477719842,0.012721238938
2021-07-28,-0.011175690043,-0.038614409925,0.015097447159,0.008259911894,-0.043958936562,0.084142998207,True,False,-0.015616585891,2021-08-26,-0.032310177706,2021-11-01,-1.130000000000,-0.300000000000,0.009485541239,0.031808035714
2021-07-29,-0.008841739494,-0.045194964122,0.022896551724,0.015097447159,-0.035988356708,0.084142998207,True,False,-0.015049717818,2021-08-27,-0.031174415480,2021-11-02,-1.150000000000,-0.280000000000,0.002725606556,0.021769082392
2021-07-30,0.002210434874,-0.042441301161,0.011969532100,0.022896551724,-0.036160595586,0.084142998207,True,False,0.005698778833,2021-08-30,-0.023066485753,2021-11-03,-1.150000000000,-0.280000000000,-0.002410805600,0.024229074890
2021-08-02,0.015507322041,-0.042284380693,-0.009954264192,0.011969532100,-0.026998411858,0.084142998207,False,False,0.001901140684,2021-08-31,-0.027430744161,2021-11-04,-1.160000000000,-0.270000000000,-0.001475629325,0.009602194787
2021-08-03,-0.023840502702,-0.044061278831,-0.013136729223,-0.009954264192,-0.026963350785,0.084142998207,False,False,0.002172732211,2021-09-01,-0.017925040739,2021-11-05,-1.170000000000,-0.280000000000,0.000486697076,0.000543625985
2021-08-04,-0.026007821130,-0.044368012282,-0.009664429530,-0.013136729223,-0.015571390868,0.084142998207,False,False,0.000000000000,2021-09-02,-0.004337218758,2021-11-08,-1.190000000000,-0.250000000000,-0.001894610278,0.003536452666
2021-08-05,-0.038843359836,-0.023844394242,-0.012593783494,-0.009664429530,-0.006666666667,0.084142998207,False,False,0.003546099291,2021-09-03,0.002454991817,2021-11-09,-1.160000000000,-0.210000000000,-0.001770038621,0.004087193460
2021-08-06,-0.041179050122,-0.008518625122,-0.014527845036,-0.012593783494,0.002417405318,0.084142998207,False,False,0.043600562588,2021-09-06,0.033755274262,2021-11-10,-1.100000000000,-0.180000000000,-0.004868756107,-0.004619565217
2021-08-09,-0.043252626336,-0.006549028648,-0.045734153517,-0.014527845036,0.009779951100,0.084142998207,False,False,0.043294911442,2021-09-07,0.044700590385,2021-11-11,-1.060000000000,-0.150000000000,0.000138144892,-0.028851388133
2021-08-10,-0.059650660169,0.010273831865,-0.059571088165,-0.045734153517,0.007273706897,0.083224907297,False,False,0.033032185206,2021-09-08,0.053077357425,2021-11-12,-1.040000000000,-0.090000000000,0.001343937652,-0.037137435619
2021-08-11,-0.072742884569,0.031606149810,-0.066806943714,-0.059571088165,0.006663113006,0.080332778835,False,False,0.017622377622,2021-09-09,0.043076923077,2021-11-15,-1.040000000000,-0.100000000000,0.001091871537,-0.039003250271
2021-08-12,-0.092748800414,0.062524512451,-0.060860440714,-0.066806943714,0.012247071353,0.068623411779,False,False,0.016160490387,2021-09-10,0.040401225968,2021-11-16,-1.070000000000,-0.100000000000,0.002467870463,-0.037893039506
2021-08-13,-0.083262228339,0.075271057180,-0.057727630543,-0.060860440714,0.044383561644,0.049287867188,False,False,0.001375515818,2021-09-13,0.022558459422,2021-11-17,-1.050000000000,-0.040000000000,0.002555322104,-0.032336297494
2021-08-16,-0.043630049178,0.069714714034,-0.051100628931,-0.057727630543,0.048706659329,0.037292298884,False,False,-0.001097393690,2021-09-14,0.026063100137,2021-11-18,-1.080000000000,-0.060000000000,-0.000152041485,-0.015765153574
2021-08-17,0.000000000000,0.056186862134,-0.044409613375,-0.051100628931,0.038367346939,0.033878348330,False,False,0.001640240569,2021-09-15,0.020776380536,2021-11-19,-1.100000000000,-0.050000000000,-0.002972030125,-0.013750337018
2021-08-18,0.004531041029,0.046441766788,-0.039874081847,-0.044409613375,0.030972259628,0.031938817092,False,False,-0.003832466466,2021-09-16,0.014508623050,2021-11-22,-1.070000000000,-0.040000000000,0.000429243753,-0.009472259811
2021-08-19,0.015930826833,0.040578875015,-0.052959501558,-0.039874081847,0.028879892038,0.031189621338,False,False,-0.015334063527,2021-09-17,-0.000273822563,2021-11-23,-1.050000000000,-0.070000000000,0.003149362703,-0.005181347150
2021-08-20,0.022810236322,0.035214285374,-0.044398015148,-0.052959501558,0.049591280654,0.029580528011,False,False,-0.001100110011,2021-09-22,-0.005775577558,2021-11-24,-1.040000000000,-0.030000000000,0.003950838810,-0.006786102063
2021-08-23,0.036917425717,0.025696647014,-0.038947368421,-0.044398015148,0.059784112926,0.027670070130,False,False,-0.017677454447,2021-09-23,-0.017133532771,2021-11-25,-1.010000000000,0.040000000000,0.003759601694,-0.011102085026
2021-08-24,0.025091259954,0.025379351360,-0.038923719958,-0.038947368421,0.057023643950,0.027670070130,False,False,-0.025599128540,2021-09-24,-0.016067538126,2021-11-26,-1.020000000000,0.090000000000,-0.000960885928,0.004642271983
2021-08-25,0.009021206601,0.026214603228,-0.050609914352,-0.038923719958,0.082579185520,0.027181323606,False,False,-0.018052516411,2021-09-27,-0.010393873085,2021-11-29,-1.010000000000,0.120000000000,-0.008775907927,-0.010816657653
2021-08-26,0.000000000000,0.025091079603,-0.039019245979,-0.050609914352,0.085657931812,0.026702483063,False,False,-0.023192360164,2021-09-28,-0.019918144611,2021-11-30,-1.000000000000,0.150000000000,-0.002476134824,-0.016990291262
2021-08-27,-0.004480290084,0.028568093180,-0.024377318495,-0.039019245979,0.079396698919,0.025454778322,False,False,-0.040744738262,2021-09-29,-0.036157582299,2021-12-01,-0.990000000000,0.160000000000,0.004217684230,-0.010215053763
2021-08-30,0.002255301650,0.034618085815,-0.010986066452,-0.024377318495,0.083859850661,0.024586124726,False,False,-0.037679587964,2021-09-30,-0.029005150447,2021-12-02,-1.080000000000,0.080000000000,0.000063445247,0.002989130435
2021-08-31,0.051716072493,0.028191974077,-0.017833377695,-0.010986066452,0.060528559250,0.024146638678,False,False,-0.029810298103,2021-10-08,-0.034688346883,2021-12-03,-1.080000000000,0.090000000000,0.000009280642,0.002444987775
2021-09-01,0.058630439830,0.026574938836,-0.023292747485,-0.017833377695,0.071591557330,0.024146638678,False,False,-0.027649769585,2021-10-11,-0.027920845758,2021-12-06,-1.030000000000,0.160000000000,-0.001941505854,0.000271076172
2021-09-02,0.058630439830,0.017955117603,-0.023311258278,-0.023292747485,0.066629023151,0.024146638678,False,False,-0.026909486273,2021-10-12,-0.026094047295,2021-12-07,-1.030000000000,0.130000000000,-0.001723664412,0.000542740841
2021-09-03,0.047014611358,0.006527052665,-0.020456960680,-0.023311258278,0.056535124545,0.024146638678,False,False,-0.032075471698,2021-10-13,-0.033153638814,2021-12-08,-1.030000000000,0.070000000000,-0.001936757853,0.006552006552
2021-09-06,0.032756225828,-0.002687578508,-0.022924901186,-0.020456960680,0.068104426788,0.024146638678,False,False,-0.021018593371,2021-10-14,-0.035839396389,2021-12-09,-1.010000000000,0.050000000000,-0.006240354343,0.039237668161
2021-09-07,0.020529212689,-0.009644165549,-0.009115281501,-0.022924901186,0.067210348706,0.024146638678,False,False,-0.004919376879,2021-10-15,-0.021317299809,2021-12-10,-1.010000000000,0.030000000000,-0.005433291088,0.040540540541
2021-09-08,0.013748864764,-0.011770666582,-0.020380799142,-0.009115281501,0.047164514318,0.023121744607,False,False,-0.012919186366,2021-10-18,-0.014293567894,2021-12-13,-0.980000000000,0.060000000000,-0.003848599651,0.029594137542
2021-09-09,-0.004604055098,-0.010668188383,-0.007635669485,-0.020380799142,0.042493709813,0.022575460513,False,False,-0.017274472169,2021-10-19,-0.015080888401,2021-12-14,-1.030000000000,0.040000000000,-0.002811604723,0.016480446927
2021-09-10,-0.022967403895,-0.014121138026,0.009655172414,-0.007635669485,0.017480577137,0.022345025191,True,False,-0.018131868132,2021-10-20,-0.021428571429,2021-12-15,-1.080000000000,-0.030000000000,-0.004051695591,0.019214703425
2021-09-13,-0.002367426111,-0.026000672273,0.003858875413,0.009655172414,0.010030649206,0.022115272112,True,False,-0.012359241966,2021-10-21,-0.018676187860,2021-12-16,-1.050000000000,0.030000000000,-0.004983396398,0.005799502900
2021-09-14,-0.041532103932,-0.041499163443,0.001373249107,0.003858875413,0.016246498599,0.020910808586,True,False,-0.017194323144,2021-10-22,-0.013373362445,2021-12-17,-1.040000000000,0.060000000000,-0.005239911029,-0.003280481137
2021-09-15,-0.061869891437,-0.058792798716,0.003840877915,0.001373249107,0.015620641562,0.017080423297,True,False,-0.009068425392,2021-10-25,-0.004396812311,2021-12-20,-1.050000000000,0.020000000000,-0.008686723341,-0.000273224044
2021-09-16,-0.111989541787,-0.069145307553,0.000000000000,0.003840877915,0.018725544997,0.015613198239,False,False,0.009454949944,2021-10-26,0.001668520578,2021-12-21,-1.040000000000,0.010000000000,-0.008931930747,-0.005482456140
2021-09-17,-0.125164781997,-0.072770138030,-0.008830022075,0.000000000000,0.010866536640,0.015041705318,False,False,-0.009911894273,2021-10-27,-0.009911894273,2021-12-22,-1.010000000000,0.030000000000,-0.007562188289,-0.018311013938
2021-09-22,-0.129841644543,-0.076675954421,0.003031138055,-0.008830022075,0.012573344510,0.014033273509,True,False,-0.000553709856,2021-10-28,0.002214839424,2021-12-23,-0.960000000000,0.050000000000,-0.004110148598,-0.003285870756
2021-09-23,0.070577908086,-0.062536554461,-0.003042035398,0.003031138055,0.013970382788,0.012594731560,False,False,0.012576858580,2021-10-29,0.016210173281,2021-12-24,-0.960000000000,0.060000000000,-0.001520678918,-0.020114161457
2021-09-24,0.066166788830,-0.054450774513,0.000558035714,-0.003042035398,0.022624434389,0.012594731560,True,True,0.001114206128,2021-11-01,0.012813370474,2021-12-27,-0.900000000000,0.110000000000,-0.001125248853,-0.019682886823
2021-09-27,0.055017645993,-0.052167185237,-0.010746762193,0.000558035714,0.025464949928,0.012594731560,False,False,0.006983240223,2021-11-02,0.013966480447,2021-12-28,-0.870000000000,0.130000000000,-0.001314558054,-0.015089163237
2021-09-28,0.070422586871,-0.045524991071,-0.019273127753,-0.010746762193,0.017952314165,0.012594731560,False,False,0.012658227848,2021-11-03,0.018002812940,2021-12-29,-0.870000000000,0.120000000000,-0.004156019597,-0.032590983161
2021-09-29,0.070422586871,-0.041210640936,-0.024142661180,-0.019273127753,0.005537098560,0.012594731560,False,False,0.008732394366,2021-11-04,0.019154929577,2021-12-30,-0.840000000000,0.240000000000,0.000526097939,-0.036304524519
2021-09-30,0.079400146596,-0.030036306264,-0.036966567002,-0.024142661180,0.015037593985,0.012594731560,False,False,0.010055865922,2021-11-05,0.018715083799,2021-12-31,-0.820000000000,0.260000000000,0.002044042425,-0.039837398374
2021-10-08,0.049740520286,-0.006777602464,-0.024211099021,-0.036966567002,0.019961186582,0.012594731560,False,False,0.023975466964,2021-11-08,0.008642319487,2022-01-04,-0.850000000000,0.180000000000,-0.000767732014,-0.027913279133
2021-10-11,-0.023788944485,0.009895096456,-0.026430517711,-0.024211099021,0.017155506364,0.012594731560,False,False,0.026536312849,2021-11-09,0.014525139665,2022-01-05,-0.890000000000,0.140000000000,-0.000926093119,-0.030919446705
2021-10-12,-0.032439469752,0.018933627054,-0.024184782609,-0.026430517711,0.010740842743,0.009818410074,False,False,0.023391812865,2021-11-10,0.010025062657,2022-01-06,-0.890000000000,0.140000000000,0.001493957110,-0.026037428804
2021-10-13,-0.064460725155,0.026606756796,-0.022863364181,-0.024184782609,0.018826135105,0.006834059335,False,False,0.022846132673,2021-11-11,-0.009633911368,2022-01-07,-0.900000000000,0.110000000000,0.002556232058,-0.031823085221
2021-10-14,-0.070906797670,0.031884481745,-0.014367037137,-0.022863364181,0.027692307692,0.004924533334,False,False,0.024443834112,2021-11-12,-0.011260642681,2022-01-10,-0.960000000000,0.050000000000,-0.003587982700,-0.016233766234
2021-10-15,-0.064184898149,0.028837370436,-0.017063921993,-0.014367037137,0.020470262794,0.003781066901,False,False,0.038429406850,2021-11-15,0.009746588694,2022-01-11,-1.000000000000,-0.020000000000,-0.004020545327,-0.006569942513
2021-10-18,-0.076859214000,0.026811380771,-0.037893039506,-0.017063921993,0.022148394241,0.002574245119,False,False,0.041852678571,2021-11-16,0.018136160714,2022-01-12,-0.970000000000,0.060000000000,-0.003480856066,-0.016213245397
2021-10-19,-0.074472537907,0.033781342015,-0.031527890057,-0.037893039506,0.021410925062,0.002221651568,False,False,0.040011191942,2021-11-17,0.021544487969,2022-01-13,-0.950000000000,0.130000000000,-0.003534951924,-0.018032786885
2021-10-20,-0.072403856298,0.048823747871,-0.025822234303,-0.031527890057,0.011171662125,0.000552608718,False,False,0.040044493882,2021-11-18,0.014182424917,2022-01-14,-0.890000000000,0.160000000000,-0.010695506599,-0.015925315761
2021-10-21,-0.050804438897,0.055711790795,-0.029118360744,-0.025822234303,0.012104539202,0.000000000000,False,False,0.036934184949,2021-11-19,0.009441821716,2022-01-17,-0.920000000000,0.120000000000,-0.007401836605,-0.012342292924
2021-10-22,-0.046968436499,0.063520178717,-0.021650879567,-0.029118360744,0.009801252382,0.000000000000,False,False,0.027731558514,2021-11-22,0.009706045480,2022-01-18,-0.960000000000,0.090000000000,-0.006238970683,-0.012025143482
2021-10-25,-0.038843359836,0.060758656893,-0.016634851377,-0.021650879567,0.005168661589,-0.001775569583,False,False,0.005785123967,2021-11-23,-0.000826446281,2022-01-19,-0.980000000000,0.060000000000,-0.006802303012,-0.006063947078
2021-10-26,-0.019806352557,0.058251625989,-0.017100977199,-0.016634851377,-0.000272628135,-0.003952074091,False,False,0.005283648498,2021-11-24,0.022803114572,2022-01-20,-1.020000000000,-0.010000000000,-0.010790792683,0.008073496659
2021-10-27,-0.009041598133,0.057615704464,-0.026807473599,-0.017100977199,0.009591668950,-0.004573113845,False,False,0.001108033241,2021-11-25,0.016343490305,2022-01-21,-1.060000000000,-0.100000000000,-0.014590494435,-0.012637362637
2021-10-28,-0.006796561544,0.057049589445,-0.009011469143,-0.026807473599,0.010949904188,-0.005299246412,False,False,-0.002760143527,2021-11-26,0.010212531052,2022-01-24,-1.110000000000,-0.150000000000,-0.011321186483,0.006657420250
2021-10-29,-0.009041598133,0.050687283137,-0.024067063277,-0.009011469143,0.008259911894,-0.006095776410,False,False,0.006677796327,2021-11-29,0.020868113523,2022-01-25,-1.000000000000,-0.100000000000,-0.011323192622,0.006413831567
2021-11-01,-0.017841226465,0.046525100899,-0.030744336570,-0.024067063277,0.015097447159,-0.006668431890,False,False,-0.003606102635,2021-11-30,0.019417475728,2022-01-26,-0.960000000000,-0.090000000000,-0.008553939966,0.001114206128
2021-11-02,-0.033083394415,0.042197354904,-0.027688172043,-0.030744336570,0.022896551724,-0.008243647763,False,False,-0.007777777778,2021-12-01,0.006111111111,2022-01-27,-0.920000000000,-0.050000000000,-0.009810115801,0.015440763616
2021-11-03,-0.043630049178,0.046581636952,-0.024728260870,-0.027688172043,0.011969532100,-0.008812807080,False,False,0.000279251606,2021-12-02,0.003071767663,2022-01-28,-0.950000000000,-0.110000000000,-0.009734653557,0.008996345235
2021-11-04,-0.017762002488,0.054944294625,-0.028796522684,-0.024728260870,-0.009954264192,-0.008991633473,False,False,-0.014933628319,2021-12-03,0.001106194690,2022-02-07,-0.930000000000,-0.110000000000,-0.012886778954,0.009031893875
2021-11-05,-0.026702289499,0.067856201179,-0.017619951206,-0.028796522684,-0.013136729223,-0.009041598133,False,False,-0.023686359924,2021-12-06,-0.009256738361,2022-02-08,-1.030000000000,-0.180000000000,-0.008036755402,0.010315026485
2021-11-08,-0.020206571027,0.064599900516,-0.006784260516,-0.017619951206,-0.009664429530,-0.010642167065,False,False,-0.025034013605,2021-12-07,-0.005986394558,2022-02-09,-1.090000000000,-0.200000000000,-0.007991951423,0.024349286314
2021-11-09,-0.020343595798,0.065904279492,0.002184002184,-0.006784260516,-0.012593783494,-0.012014159731,True,False,-0.023945578231,2021-12-08,-0.001904761905,2022-02-10,-1.110000000000,-0.220000000000,-0.010879477314,0.022277917015
2021-11-10,-0.006781198599,0.067443288815,0.028307174888,0.002184002184,-0.014527845036,-0.013359469281,True,False,-0.037136706136,2021-12-09,-0.016684607104,2022-02-11,-1.170000000000,-0.270000000000,-0.010198083067,0.022005571031
2021-11-11,-0.004531041029,0.029511065453,0.047578828829,0.028307174888,-0.045734153517,-0.013359469281,True,False,-0.039946380697,2021-12-10,-0.004289544236,2022-02-14,-1.140000000000,-0.180000000000,-0.004233336004,0.023377337734
2021-11-12,0.009229356429,-0.004502680857,0.049041713641,0.047578828829,-0.059571088165,-0.013359469281,True,True,-0.038348082596,2021-12-13,0.000268168410,2022-02-15,-1.140000000000,-0.140000000000,-0.006996766540,0.025626894461
2021-11-15,-0.006970265621,-0.067347233548,0.037988826816,0.049041713641,-0.066806943714,-0.013359469281,True,False,-0.038028923407,2021-12-14,-0.010712372791,2022-02-16,-1.150000000000,-0.180000000000,-0.008628795497,0.037988826816
2021-11-16,0.002328832735,-0.096489156889,0.039264828739,0.037988826816,-0.060860440714,-0.013359469281,True,True,-0.041700295938,2021-12-15,-0.001345170837,2022-02-17,-1.130000000000,-0.180000000000,-0.007107428889,0.038397328881
2021-11-17,-0.027372283586,-0.109722387226,0.027340513670,0.039264828739,-0.057727630543,-0.013359469281,True,False,-0.044652406417,2021-12-16,0.008288770053,2022-02-18,-1.100000000000,-0.210000000000,0.002191711644,0.037946428571
2021-11-18,-0.042850731357,-0.111403651999,0.021049753964,0.027340513670,-0.051100628931,-0.015161192294,True,False,-0.031869309052,2021-12-17,0.007766470273,2022-02-21,-1.100000000000,-0.180000000000,-0.003010336008,0.037211885587
2021-11-19,-0.047361334657,-0.119201876581,0.019125683060,0.021049753964,-0.044409613375,-0.016120856049,True,False,-0.022396114409,2021-12-20,0.023205612520,2022-02-22,-1.140000000000,-0.180000000000,-0.002245711489,0.031811894882
2021-11-22,-0.053763481006,-0.117752096273,0.013157894737,0.019125683060,-0.039874081847,-0.017391508697,True,False,-0.013420980553,2021-12-21,0.036154478225,2022-02-23,-1.110000000000,-0.130000000000,0.001214064665,0.024958402662
2021-11-23,-0.069134752553,-0.115368370056,-0.007379065318,0.013157894737,-0.052959501558,-0.017821420471,False,False,-0.005255878285,2021-12-22,0.049792531120,2022-02-24,-0.980000000000,0.040000000000,0.001207965049,0.003037834852
2021-11-24,-0.084557250080,-0.101178781165,-0.010679079956,-0.007379065318,-0.044398015148,-0.018599403208,False,False,0.001660210293,2021-12-23,0.051466519092,2022-02-25,-0.950000000000,0.110000000000,0.001984759991,0.005286588759
2021-11-25,-0.113484730370,-0.076982024015,-0.018483283501,-0.010679079956,-0.038947368421,-0.019567796615,False,False,0.006365900913,2021-12-24,0.051203985608,2022-02-28,-0.970000000000,0.140000000000,0.000227546409,-0.004960044089
2021-11-26,-0.136343418524,-0.051974153224,-0.008201202843,-0.018483283501,-0.038923719958,-0.020106516410,False,False,0.004975124378,2021-12-27,0.043946932007,2022-03-01,-0.970000000000,0.030000000000,-0.000262160121,0.005264616237
2021-11-29,-0.143048832550,-0.025864283268,-0.008504801097,-0.008201202843,-0.050609914352,-0.020106516410,False,False,0.010579064588,2021-12-28,0.065144766147,2022-03-02,-1.070000000000,-0.110000000000,-0.001378378041,0.005564830273
2021-11-30,-0.144014509462,0.009191602552,-0.020912547529,-0.008504801097,-0.039019245979,-0.020106516410,False,False,0.013157894737,2021-12-29,0.072228443449,2022-03-03,-1.020000000000,-0.100000000000,-0.001250338193,-0.003317666575
2021-12-01,-0.135013602620,0.024143129286,-0.027092928746,-0.020912547529,-0.024377318495,-0.020106516410,False,False,0.010050251256,2021-12-30,0.074818537130,2022-03-04,-1.070000000000,-0.120000000000,-0.005623812104,0.000557258289
2021-12-02,-0.102816348395,0.053325881823,-0.031165311653,-0.027092928746,-0.010986066452,-0.020106516410,False,False,0.023862998316,2021-12-31,0.105277933745,2022-03-07,-1.010000000000,-0.080000000000,-0.003639641837,0.000000000000
2021-12-03,-0.093043932243,0.081402460235,-0.033604336043,-0.031165311653,-0.017833377695,-0.020309339606,False,False,0.008923591746,2022-01-04,0.095092024540,2022-03-08,-1.030000000000,0.000000000000,-0.003838344049,-0.016004415011
2021-12-06,-0.090828600523,0.119594589635,-0.025766205587,-0.033604336043,-0.023292747485,-0.021840581291,False,False,0.013675690762,2022-01-05,0.129221322914,2022-03-09,-1.080000000000,0.010000000000,-0.003150439959,-0.018579234973
2021-12-07,-0.049393840289,0.148839913306,-0.027935991321,-0.025766205587,-0.023311258278,-0.022354769570,False,False,0.011151379983,2022-01-06,0.084471703373,2022-03-10,-1.010000000000,0.100000000000,-0.002137374231,-0.023699264506
2021-12-08,-0.036248328235,0.169462785350,-0.032092772384,-0.027935991321,-0.020456960680,-0.022810447035,False,False,0.005589714925,2022-01-07,0.102571268865,2022-03-11,-0.990000000000,0.180000000000,-0.004059601333,-0.021804306351
2021-12-09,-0.049173036189,0.191096755062,-0.032738095238,-0.032092772384,-0.022924901186,-0.022810447035,False,False,0.005305780508,2022-01-10,0.094945545937,2022-03-14,-1.000000000000,0.140000000000,-0.008483136456,-0.039236764311
2021-12-10,-0.038426792064,0.208282035801,-0.024089789214,-0.032738095238,-0.009115281501,-0.022810447035,False,False,0.011154489682,2022-01-11,0.081427774679,2022-03-15,-0.980000000000,0.160000000000,-0.001588220567,-0.042181622783
2021-12-13,-0.011563376167,0.222853334596,-0.014839241550,-0.024089789214,-0.020380799142,-0.022810447035,False,False,0.015868596882,2022-01-12,0.064587973274,2022-03-16,-0.960000000000,0.190000000000,-0.000488340192,-0.035252960172
2021-12-14,0.028208766815,0.243816110452,-0.019672131148,-0.014839241550,-0.007635669485,-0.021840581291,False,False,0.024985962942,2022-01-13,0.075238629983,2022-03-17,-0.980000000000,0.150000000000,-0.001144482942,-0.038585209003
2021-12-15,0.061699147049,0.252318813096,-0.024711696870,-0.019672131148,0.009655172414,-0.020309339606,False,False,0.020710887210,2022-01-14,0.080324657151,2022-03-18,-0.930000000000,0.170000000000,-0.002517890480,-0.045161290323
2021-12-16,0.072219605376,0.250666156832,-0.017004936917,-0.024711696870,0.003858875413,-0.020106516410,False,False,0.005532503458,2022-01-17,0.061964038728,2022-03-21,-0.920000000000,0.180000000000,-0.000327039073,-0.040428380187
2021-12-17,0.107474440217,0.275798388784,-0.008198961465,-0.017004936917,0.001373249107,-0.019567796615,False,False,0.004968258349,2022-01-18,0.063759315484,2022-03-22,-0.980000000000,0.160000000000,0.000100312693,-0.027077747989
2021-12-20,0.121167261101,0.282074893104,-0.001102535832,-0.008198961465,0.003840877915,-0.018599403208,False,False,0.006940588562,2022-01-19,0.066352026652,2022-03-23,-0.970000000000,0.140000000000,-0.000586738306,-0.019480519481
2021-12-21,0.125502113037,0.269264323041,0.001948775056,-0.001102535832,0.000000000000,-0.017821420471,True,True,0.022803114572,2022-01-20,0.080367074527,2022-03-24,-0.960000000000,0.020000000000,-0.001179904997,-0.009085903084
2021-12-22,0.131512503383,0.262988764999,-0.013461538462,0.001948775056,-0.008830022075,-0.017391508697,False,False,0.013535911602,2022-01-21,0.080662983425,2022-03-25,-0.960000000000,-0.010000000000,-0.002339912365,-0.006089122613
2021-12-23,-0.084466477453,0.234064067165,0.006102635229,-0.013461538462,0.003031138055,-0.016120856049,True,False,0.006600660066,2022-01-24,0.074257425743,2022-03-28,-1.010000000000,-0.040000000000,-0.002793258966,0.004430905566
2021-12-24,-0.082747264341,0.214793063067,0.013106525376,0.006102635229,-0.003042035398,-0.016120856049,True,False,0.009075907591,2022-01-25,0.061606160616,2022-03-29,-0.970000000000,0.000000000000,-0.001895092798,0.001378169791
2021-12-27,-0.070922035129,0.188404634670,0.011142061281,0.013106525376,0.000558035714,-0.016120856049,True,False,0.012396694215,2022-01-26,0.057851239669,2022-03-30,-0.970000000000,0.100000000000,-0.003503849310,0.004427227449
2021-12-28,-0.004111844923,0.139711463587,0.022459292532,0.011142061281,-0.010746762193,-0.016120856049,True,False,0.000828958276,2022-01-27,0.061895551257,2022-03-31,-1.020000000000,0.000000000000,-0.001698955964,0.010263522885
2021-12-29,0.000000000000,0.122791171466,0.019117233624,0.022459292532,-0.019273127753,-0.015161192294,True,False,-0.007186290768,2022-01-28,0.064123825318,2022-04-01,-1.010000000000,0.060000000000,0.001159865057,0.009468114731
2021-12-30,-0.006129959222,0.101761043562,0.017781541067,0.019117233624,-0.024142661180,-0.013176900916,True,False,-0.007403345215,2022-02-07,0.053468604332,2022-04-06,-0.980000000000,0.030000000000,-0.000059639791,0.008671328671
2021-12-31,-0.006180473960,0.072137862083,0.015611931977,0.017781541067,-0.036966567002,-0.011466454636,True,False,0.005804311774,2022-02-08,0.060807075732,2022-04-07,-1.060000000000,-0.030000000000,0.000502923784,0.021592821088
2022-01-04,0.062029288162,0.054177966551,0.013154212147,0.015611931977,-0.024211099021,-0.010642167065,True,True,0.005781938326,2022-02-09,0.062224669604,2022-04-08,-1.040000000000,0.040000000000,-0.001541369897,0.007795100223
2022-01-05,-0.011175690043,0.035924825064,0.012252854358,0.013154212147,-0.026430517711,-0.009041598133,True,False,0.011304108078,2022-02-10,0.071133167907,2022-04-11,-0.910000000000,0.100000000000,0.000074509512,0.014229910714
2022-01-06,-0.011483701947,0.004445648448,0.006685236769,0.012252854358,-0.024184782609,-0.009041598133,True,False,0.015564202335,2022-02-11,0.084213451918,2022-04-12,-0.820000000000,0.170000000000,0.001888793733,0.006965728615
2022-01-07,-0.057816880833,-0.009608920696,-0.012101210121,0.006685236769,-0.022863364181,-0.009041598133,False,False,0.031666666667,2022-02-14,0.087222222222,2022-04-13,-0.730000000000,0.270000000000,0.007641761411,0.004755244755
2022-01-10,-0.091449543857,-0.010192394662,-0.008266740149,-0.012101210121,-0.014367037137,-0.009041598133,False,False,0.028681742967,2022-02-15,0.086596800883,2022-04-14,-0.720000000000,0.260000000000,0.000376137227,0.009537166900
2022-01-11,-0.117011788938,-0.000946061621,0.013687150838,-0.008266740149,-0.017063921993,-0.009041598133,True,False,0.012332145793,2022-02-16,0.079199780762,2022-04-15,-0.700000000000,0.260000000000,0.000763845484,0.012273361227
2022-01-12,-0.102816348395,0.014153897128,0.014468558709,0.013687150838,-0.037893039506,-0.010642167065,True,False,0.016707751301,2022-02-17,0.085456039441,2022-04-18,-0.790000000000,0.190000000000,0.000287036761,0.016164994426
2022-01-13,-0.098126745560,0.019173651854,0.019531250000,0.014468558709,-0.031527890057,-0.010642167065,True,False,0.034000548396,2022-02-18,0.080065807513,2022-04-19,-0.740000000000,0.190000000000,-0.001822979583,0.028716216216
2022-01-14,-0.089206132327,0.008986498837,0.013607331297,0.019531250000,-0.025822234303,-0.010642167065,True,False,0.035213204952,2022-02-21,0.072077028886,2022-04-20,-0.730000000000,0.190000000000,-0.001390174635,0.018415178571
2022-01-17,-0.087365656635,-0.004484246746,0.005532503458,0.013607331297,-0.029118360744,-0.010642167065,True,False,0.041472123043,2022-02-22,0.076901950014,2022-04-21,-0.660000000000,0.320000000000,-0.003744892794,0.001653348030
2022-01-18,-0.096542506019,-0.004868671872,0.006378258458,0.005532503458,-0.021650879567,-0.010642167065,True,False,0.043010752688,2022-02-23,0.086572925283,2022-04-22,-0.660000000000,0.310000000000,-0.005676698998,0.001379690949
2022-01-19,-0.110013553370,-0.015481450165,0.001104667219,0.006378258458,-0.016634851377,-0.010642167065,True,False,0.031810766721,2022-02-24,0.066884176183,2022-04-25,-0.590000000000,0.370000000000,-0.003441276993,0.007224228952
2022-01-20,-0.104927087080,-0.017489976237,0.022259321091,0.001104667219,-0.017100977199,-0.010642167065,True,False,0.035704551649,2022-02-25,0.061869719270,2022-04-26,-0.570000000000,0.390000000000,-0.003983495156,0.023113338903
2022-01-21,-0.095802992551,-0.019234199440,0.011848994213,0.022259321091,-0.026807473599,-0.010642167065,True,False,0.037704918033,2022-02-28,0.065300546448,2022-04-27,-0.500000000000,0.510000000000,-0.004860541652,0.012406947891
2022-01-24,-0.091240945287,-0.017717630275,0.014685508451,0.011848994213,-0.009011469143,-0.010642167065,True,False,0.029435813573,2022-03-01,0.055055873535,2022-04-28,-0.590000000000,0.380000000000,-0.005355704582,0.007982383705
2022-01-25,-0.095367919594,-0.020198826033,0.021424596550,0.014685508451,-0.024067063277,-0.010642167065,True,False,0.041088435374,2022-03-02,0.071292517007,2022-04-29,-0.630000000000,0.340000000000,-0.006490364064,0.011294765840
2022-01-26,-0.084397874390,-0.024370976362,0.015758916229,0.021424596550,-0.030744336570,-0.010642167065,True,False,0.057426836002,2022-03-03,0.083931529542,2022-05-05,-0.630000000000,0.390000000000,-0.006961888815,0.008786381109
2022-01-27,-0.084397874390,-0.028930436910,0.004736695458,0.015758916229,-0.027688172043,-0.010642167065,True,False,0.071826280624,2022-03-04,0.085746102450,2022-05-06,-0.530000000000,0.480000000000,-0.006033409653,-0.005241379310
2022-01-28,-0.094936780392,-0.032021184907,0.005314685315,0.004736695458,-0.024728260870,-0.010642167065,True,False,0.087569060773,2022-03-07,0.088950276243,2022-05-09,-0.590000000000,0.390000000000,-0.000367277462,-0.003327787022
2022-02-07,-0.084590828068,-0.041662143712,-0.001103752759,0.005314685315,-0.028796522684,-0.010642167065,False,False,0.079142621599,2022-03-08,0.076944215444,2022-05-10,-0.660000000000,0.400000000000,-0.000813997622,-0.006313477903
2022-02-08,-0.091659098426,-0.032710301640,-0.005191256831,-0.001103752759,-0.017619951206,-0.010642167065,False,False,0.107582808650,2022-03-09,0.060224473036,2022-05-11,-0.480000000000,0.560000000000,-0.000210546990,0.005801104972
2022-02-09,-0.071527512327,-0.024845578094,-0.003541269409,-0.005191256831,-0.006784260516,-0.010642167065,False,False,0.060523446020,2022-03-10,0.068429661941,2022-05-12,-0.460000000000,0.450000000000,-0.001492431966,0.006327372765
2022-02-10,-0.077378301759,-0.031638546048,-0.001090215318,-0.003541269409,0.002184002184,-0.010642167065,False,False,0.079638752053,2022-03-11,0.063492063492,2022-05-13,-0.480000000000,0.340000000000,-0.001877390850,0.014111787493
2022-02-11,-0.077378301759,-0.023823044748,-0.020424617038,-0.001090215318,0.028307174888,-0.010642167065,False,False,0.055735056543,2022-03-14,0.043887991384,2022-05-16,-0.420000000000,0.310000000000,-0.004844754396,0.014755011136
2022-02-14,-0.077732112279,-0.015044046609,-0.004567436862,-0.020424617038,0.047578828829,-0.010642167065,False,False,0.039678284182,2022-03-15,0.038069705094,2022-05-17,-0.510000000000,0.210000000000,-0.002465122473,0.029452625729
2022-02-15,-0.044454877909,0.017105159654,0.006996770721,-0.004567436862,0.049041713641,-0.010642167065,True,False,0.035192203573,2022-03-16,0.039794260964,2022-05-18,-0.500000000000,0.200000000000,-0.003590624880,0.031138054560
2022-02-16,-0.053438703097,0.012982748858,-0.010718113612,0.006996770721,0.037988826816,-0.010642167065,False,False,0.031788793103,2022-03-17,0.037715517241,2022-05-19,-0.430000000000,0.360000000000,-0.006440009283,0.012616566100
2022-02-17,-0.044559134271,-0.001806178746,0.001612903226,-0.010718113612,0.039264828739,-0.010642167065,True,False,0.023601166799,2022-03-18,0.026252983294,2022-05-20,-0.430000000000,0.310000000000,-0.004733157723,0.019704433498
2022-02-18,-0.058906738067,-0.023181289594,0.006693440428,0.001612903226,0.027340513670,-0.010642167065,True,False,0.020196651608,2022-03-21,0.029763486580,2022-05-23,-0.460000000000,0.270000000000,-0.004681480224,0.030136986301
2022-02-21,-0.056818226656,-0.030576640997,0.006434316354,0.006693440428,0.021049753964,-0.010642167065,True,False,0.016350210970,2022-03-22,0.021097046414,2022-05-24,-0.490000000000,0.170000000000,-0.004996228445,0.032737276479
2022-02-22,-0.047348522213,-0.037392728260,0.028409090909,0.006434316354,0.019125683060,-0.010642167065,True,False,0.015331747291,2022-03-23,0.028813111287,2022-05-25,-0.490000000000,0.170000000000,-0.003913399793,0.047395976853
2022-02-23,-0.050311492023,-0.042893648880,0.038546255507,0.028409090909,0.013157894737,-0.010642167065,True,False,0.023715415020,2022-03-24,0.024505928854,2022-05-26,-0.510000000000,0.080000000000,-0.005845139950,0.040551724138
2022-02-24,-0.058337431808,-0.040141470164,0.066426792139,0.038546255507,-0.007379065318,-0.010642167065,True,False,0.029473684211,2022-03-25,0.029736842105,2022-05-27,-0.540000000000,0.030000000000,-0.006099913241,0.048720740338
2022-02-25,-0.030120507129,-0.054158850760,0.054278593187,0.066426792139,-0.010679079956,-0.010642167065,True,False,0.028436018957,2022-03-28,0.025013164824,2022-05-30,-0.590000000000,-0.090000000000,-0.004280836756,0.036764705882
2022-02-28,0.000000000000,-0.062596278050,0.043825799338,0.054278593187,-0.018483283501,-0.010642167065,True,False,0.021975112523,2022-03-29,0.025416997617,2022-05-31,-0.570000000000,0.020000000000,-0.004413132954,0.034134352813
2022-03-01,0.046948397625,-0.075787354315,0.047592695075,0.043825799338,-0.008201202843,-0.009041598133,True,True,0.003659174072,2022-03-30,0.005227391532,2022-06-01,-0.790000000000,-0.160000000000,-0.003111253564,0.031326614002
2022-03-02,0.110410191386,-0.095533809267,0.064355062413,0.047592695075,-0.008504801097,-0.008991633473,True,True,0.003394255875,2022-03-31,0.012010443864,2022-06-02,-0.900000000000,-0.270000000000,-0.001885946069,0.044365813827
2022-03-03,0.101456903795,-0.099773689795,0.065719855194,0.064355062413,-0.020912547529,-0.008812807080,True,True,0.000000000000,2022-04-01,0.004415584416,2022-06-06,-0.850000000000,-0.320000000000,-0.001987833104,0.061286744315
2022-03-04,0.094668738307,-0.110822559875,0.074405594406,0.065719855194,-0.027092928746,-0.008287073782,True,True,-0.024130048260,2022-04-06,-0.022098044196,2022-06-07,-0.830000000000,-0.240000000000,-0.007263460601,0.068725653868
2022-03-07,0.078163229249,-0.131286903402,0.100953449243,0.074405594406,-0.031165311653,-0.006926839602,True,True,-0.022663610899,2022-04-07,-0.014514896868,2022-06-08,-0.930000000000,-0.270000000000,-0.007110622768,0.084530386740
2022-03-08,0.097465966103,-0.149164895144,0.117761692650,0.100953449243,-0.033604336043,-0.006792720808,True,True,-0.046465645082,2022-04-08,-0.038309441424,2022-06-09,-0.990000000000,-0.510000000000,-0.005700895878,0.102719033233
2022-03-09,0.075578708533,-0.142996196803,0.133091517857,0.117761692650,-0.025766205587,-0.006656909682,True,True,-0.001285347044,2022-04-11,-0.005141388175,2022-06-10,-1.040000000000,-0.580000000000,-0.006272399322,0.110169491525
2022-03-10,0.138693103505,-0.137993550729,0.095291167456,0.133091517857,-0.027935991321,-0.006258150687,True,True,-0.011153358682,2022-04-12,-0.001267427123,2022-06-13,-0.900000000000,-0.420000000000,-0.006372664561,0.072578444748
2022-03-11,0.162200409184,-0.127822647571,0.101258741259,0.095291167456,-0.032092772384,-0.006167845275,True,True,-0.001785258863,2022-04-13,-0.014282070900,2022-06-14,-0.880000000000,-0.460000000000,-0.005706706854,0.080109739369
2022-03-14,0.242125248492,-0.115238971255,0.098737727910,0.101258741259,-0.032738095238,-0.005748483191,True,True,0.015987622486,2022-04-14,-0.011861784425,2022-06-15,-0.940000000000,-0.430000000000,-0.001316881606,0.057219973009
2022-03-15,0.264389537038,-0.123107396680,0.068898186890,0.098737727910,-0.024089789214,-0.004585801581,True,True,0.029811715481,2022-04-15,0.004968619247,2022-06-16,-0.790000000000,-0.290000000000,0.005938566392,0.024051309460
2022-03-16,0.237768814029,-0.135117429329,0.057971014493,0.068898186890,-0.014839241550,-0.004518353293,True,True,0.034725848564,2022-04-18,0.010182767624,2022-06-17,-0.690000000000,-0.260000000000,0.007132767804,0.028169014085
2022-03-17,0.192221868739,-0.150407532791,0.082488738739,0.057971014493,-0.019672131148,-0.004388178794,True,True,0.020466321244,2022-04-19,0.002072538860,2022-06-20,-0.610000000000,-0.180000000000,0.004951483984,0.031937734836
2022-03-18,0.168388091893,-0.157667399934,0.074497767857,0.082488738739,-0.024711696870,-0.003675740220,True,True,0.015108101068,2022-04-20,0.005209690023,2022-06-21,-0.710000000000,-0.250000000000,0.004488807187,0.024202127660
2022-03-21,0.103661302501,-0.171281381256,0.058418297052,0.074497767857,-0.017004936917,-0.001775569583,True,True,0.017384535547,2022-04-21,-0.001816294759,2022-06-22,-0.720000000000,-0.230000000000,0.006730397539,0.023175279702
2022-03-22,0.094839063990,-0.167312267359,0.066777041943,0.058418297052,-0.008198961465,0.000000000000,True,True,0.026034886748,2022-04-22,0.004686279615,2022-06-23,-0.580000000000,-0.090000000000,0.007049822964,0.017100762957
2022-03-23,0.200713797736,-0.144331742325,0.065573770492,0.066777041943,-0.001102535832,0.000000000000,True,True,0.010038610039,2022-04-25,-0.016216216216,2022-06-24,-0.530000000000,-0.020000000000,0.008366199321,0.016702014846
2022-03-24,0.241394904928,-0.140589873963,0.080478975216,0.065573770492,0.001948775056,0.000000000000,True,True,-0.004089979550,2022-04-26,-0.017893660532,2022-06-27,-0.620000000000,-0.080000000000,0.012124198176,0.007007526603
2022-03-25,0.263276525110,-0.140269068317,0.077198786876,0.080478975216,-0.013461538462,0.000552608718,True,True,-0.001792114695,2022-04-27,-0.018177163338,2022-06-28,-0.580000000000,0.010000000000,0.010052660561,0.026267402154
2022-03-28,0.261614991441,-0.141607330571,0.065785851913,0.077198786876,0.006102635229,0.002221651568,True,True,0.002849740933,2022-04-28,-0.007772020725,2022-06-29,-0.470000000000,0.100000000000,0.011207265913,0.022445207288
2022-03-29,0.255949899678,-0.125932232465,0.060330578512,0.065785851913,0.013106525376,0.002273684421,True,True,0.025260416667,2022-04-29,-0.003385416667,2022-06-30,-0.490000000000,0.300000000000,0.011577104275,0.016640253566
2022-03-30,0.148637591961,-0.092050963724,0.054091158704,0.060330578512,0.011142061281,0.002879384808,True,True,0.021597710122,2022-05-05,-0.011709601874,2022-07-01,-0.450000000000,0.450000000000,0.008696649839,0.000521240553
2022-03-31,0.141858649848,-0.089592722447,0.057379310345,0.054091158704,0.022459292532,0.004924533334,True,True,0.012987012987,2022-05-06,-0.014545454545,2022-07-04,-0.510000000000,0.340000000000,0.005747653575,0.001567807682
2022-04-01,0.127467192617,-0.084680387119,0.068496949529,0.057379310345,0.019117233624,0.006834059335,True,True,0.026028110359,2022-05-09,-0.011192087454,2022-07-05,-0.520000000000,0.310000000000,0.005052506048,0.003124186410
2022-04-06,0.134743045013,-0.084650708084,0.052978314576,0.068496949529,0.017781541067,0.009073244058,True,True,0.021104742053,2022-05-10,-0.027357998958,2022-07-06,-0.410000000000,0.520000000000,0.006768688394,-0.022924095772
2022-04-07,0.141844070257,-0.084289095743,0.061602209945,0.052978314576,0.015611931977,0.009974522445,True,True,0.003888024883,2022-05-11,-0.046137895283,2022-07-07,-0.220000000000,0.770000000000,0.005073687006,-0.042839352428
2022-04-08,0.230560752382,-0.074049298988,0.059697386520,0.061602209945,0.013154212147,0.012594731560,True,True,0.008751608752,2022-05-12,-0.055341055341,2022-07-08,-0.160000000000,0.880000000000,0.005982401354,-0.051465156365
2022-04-11,0.267193515484,-0.050757425086,0.075262866630,0.059697386520,0.012252854358,0.014188479083,True,True,-0.003845167906,2022-05-13,-0.060497308382,2022-07-11,-0.150000000000,0.750000000000,0.007200303004,-0.011447468837
2022-04-12,0.341188300760,-0.029772277273,0.087973273942,0.075262866630,0.006685236769,0.015613198239,True,True,-0.009453244762,2022-05-16,-0.066428206438,2022-07-12,-0.120000000000,0.760000000000,0.009632936900,-0.007366014732
2022-04-13,0.402617348278,-0.005816095443,0.090858571826,0.087973273942,-0.012101210121,0.017080423297,True,True,-0.017258883249,2022-05-17,-0.072588832487,2022-07-13,-0.140000000000,0.800000000000,0.002778769384,0.002297676793
2022-04-14,0.425586498120,-0.006534006759,0.083218517498,0.090858571826,-0.008266740149,0.020910808586,True,True,-0.024631792788,2022-05-18,-0.070848146267,2022-07-14,-0.100000000000,0.690000000000,-0.002712908598,0.025835073069
2022-04-15,0.391131366161,-0.013581692852,0.081733406473,0.083218517498,0.013687150838,0.022115272112,True,True,-0.028009084027,2022-05-19,-0.082765581630,2022-07-15,-0.060000000000,0.630000000000,0.001336687850,0.038988408851
2022-04-18,0.385756994524,-0.006926156687,0.085659551177,0.081733406473,0.014468558709,0.022423283794,True,True,-0.017517136329,2022-05-20,-0.076923076923,2022-07-18,-0.060000000000,0.550000000000,0.002844998271,0.031729518856
2022-04-19,0.396670255199,0.014686185586,0.078356164384,0.085659551177,0.019531250000,0.023380492230,True,True,-0.005645368232,2022-05-23,-0.070310495253,2022-07-19,-0.070000000000,0.640000000000,0.002321202939,0.022072189042
2022-04-20,0.400098510963,0.026739156936,0.069050894085,0.078356164384,0.013607331297,0.025611927960,True,True,-0.012496812038,2022-05-24,-0.074725835246,2022-07-20,0.000000000000,0.720000000000,0.008165550470,0.011715699037
2022-04-21,0.444831382398,0.026381083286,0.084871865528,0.069050894085,0.005532503458,0.027432640687,True,True,-0.012433392540,2022-05-25,-0.085257548845,2022-07-21,-0.070000000000,0.510000000000,0.011591586878,0.018365235385
2022-04-22,0.484359640397,0.034653007881,0.089931034483,0.084871865528,0.006378258458,0.029011628773,True,True,-0.009174311927,2022-05-26,-0.070591233435,2022-07-22,-0.120000000000,0.410000000000,0.016370098948,0.030247718383
2022-04-25,0.507136006741,0.034143517167,0.068045726728,0.089931034483,0.001104667219,0.031754217444,True,True,0.004363449692,2022-05-27,-0.061601642710,2022-07-25,-0.080000000000,0.540000000000,0.021691423920,0.011340206186
2022-04-26,0.451564456411,0.028880483194,0.059368191721,0.068045726728,0.022259321091,0.031754217444,True,True,-0.001538856117,2022-05-30,-0.060528340600,2022-07-26,-0.100000000000,0.480000000000,0.029597775428,-0.004351164576
2022-04-27,0.404116803980,0.001764509364,0.062807209175,0.059368191721,0.011848994213,0.031754217444,True,True,0.000516662361,2022-05-31,-0.054507879101,2022-07-27,-0.080000000000,0.390000000000,0.032216125450,0.005165289256
2022-04-28,0.404116803980,-0.014203794465,0.059656769273,0.062807209175,0.014685508451,0.031754217444,True,True,-0.023114046228,2022-06-01,-0.062484124968,2022-07-28,-0.060000000000,0.430000000000,0.031432552823,0.010652117433
2022-04-29,0.326358018899,-0.048068616906,0.072945019053,0.059656769273,0.021424596550,0.031754217444,True,True,-0.012735608762,2022-06-02,-0.051451859399,2022-07-29,-0.120000000000,0.330000000000,0.044972156657,0.026829903621
2022-05-05,0.298953910442,-0.064168122074,0.089572933999,0.072945019053,0.015758916229,0.031754217444,True,True,-0.008461538462,2022-06-06,-0.039230769231,2022-08-01,0.010000000000,0.520000000000,0.044396871283,0.025045656144
2022-05-06,0.294705540048,-0.080509072416,0.091263216472,0.089572933999,0.004736695458,0.033796525800,True,True,-0.023338406900,2022-06-07,-0.038559107052,2022-08-02,0.180000000000,0.700000000000,0.051538661274,0.017908123540
2022-05-09,0.299700549201,-0.097914715684,0.088121546961,0.091263216472,0.005314685315,0.038708228132,True,True,-0.012503189589,2022-06-08,-0.045419749936,2022-08-03,0.260000000000,0.670000000000,0.055075440485,0.026850886340
2022-05-10,0.315338307550,-0.126248071972,0.073880801977,0.088121546961,-0.001103752759,0.039425168694,True,True,0.004647560031,2022-06-09,-0.031241931319,2022-08-04,0.300000000000,0.520000000000,0.062706208346,0.017434296123
2022-05-11,0.243538969134,-0.138187416757,0.063422635320,0.073880801977,-0.005191256831,0.046964951058,True,True,-0.012503189589,2022-06-10,-0.033171727482,2022-08-05,0.340000000000,0.500000000000,0.059950659187,0.009865005192
2022-05-12,0.197336126736,-0.139813675956,0.071759890859,0.063422635320,-0.003541269409,0.047696088590,True,True,0.013896037056,2022-06-13,-0.032166752445,2022-08-08,0.210000000000,0.360000000000,0.062118506016,0.010808028821
2022-05-13,0.202269529904,-0.129660949019,0.066666666667,0.071759890859,-0.001090215318,0.050234408338,True,True,-0.003095176683,2022-06-14,-0.023471756513,2022-08-09,0.250000000000,0.370000000000,0.068707147553,-0.005117707267
2022-05-16,0.178483042871,-0.126183771489,0.039406207827,0.066666666667,-0.020424617038,0.052541465868,True,True,-0.010330578512,2022-06-15,-0.019369834711,2022-08-10,0.240000000000,0.380000000000,0.066206912775,-0.019103413143
2022-05-17,0.139569163866,-0.116916827725,0.036076964190,0.039406207827,-0.004567436862,0.055920844452,True,True,0.000520697735,2022-06-16,-0.014839885446,2022-08-11,0.200000000000,0.300000000000,0.065823925996,-0.013736962605
2022-05-18,0.179185222701,-0.093228663659,0.039003250271,0.036076964190,0.006996770721,0.058630439830,True,True,0.004413291796,2022-06-17,-0.017912772586,2022-08-12,0.270000000000,0.330000000000,0.054741998208,-0.027383367140
2022-05-19,0.171821446426,-0.058221615951,0.033279656468,0.039003250271,-0.010718113612,0.059397616635,True,True,-0.000516795866,2022-06-20,-0.016537467700,2022-08-15,0.170000000000,0.230000000000,0.062472725620,-0.029493319889
2022-05-20,0.172759282890,-0.026670626257,0.029787234043,0.033279656468,0.001612903226,0.061781682327,True,True,-0.004129032258,2022-06-21,-0.022193548387,2022-08-16,0.250000000000,0.320000000000,0.054980910495,-0.016260162602
2022-05-23,0.170682873731,-0.008329505463,0.032232285562,0.029787234043,0.006693440428,0.063063663329,True,True,-0.006456611570,2022-06-22,-0.022985537190,2022-08-17,0.230000000000,0.230000000000,0.043265935572,-0.002830674215
2022-05-24,0.161530948916,0.007409789185,0.021310181531,0.032232285562,0.006434316354,0.067230738340,True,True,-0.008478931141,2022-06-23,-0.033401849949,2022-08-18,0.260000000000,0.330000000000,0.033662536754,-0.013970027940
2022-05-25,0.174066745768,0.019012835475,0.030487804878,0.021310181531,0.028409090909,0.070422586871,True,True,-0.016975308642,2022-06-24,-0.033950617284,2022-08-19,0.210000000000,0.330000000000,0.027193544156,-0.016198430777
2022-05-26,0.219411649812,0.010427018940,0.012457825071,0.030487804878,0.038546255507,0.070461417175,True,True,-0.018144646052,2022-06-27,-0.040889343215,2022-08-22,0.190000000000,0.270000000000,0.028290497726,-0.005861365953
2022-05-27,0.266563376953,0.004129862522,0.028894142369,0.012457825071,0.066426792139,0.070988332408,True,True,-0.014898535834,2022-06-28,-0.034163883894,2022-08-23,0.130000000000,0.230000000000,0.029689539848,0.006940874036
2022-05-30,0.269151370904,-0.008070635975,0.025878003697,0.028894142369,0.054278593187,0.073059381165,True,True,-0.011102504518,2022-06-29,-0.025561580170,2022-08-24,0.110000000000,0.190000000000,0.019949193747,-0.001798561151
2022-05-31,0.219232867657,-0.023444888442,0.024035921817,0.025878003697,0.043825799338,0.076224838712,True,True,-0.004940197608,2022-06-30,-0.013260530421,2022-08-25,0.110000000000,0.170000000000,0.012636610726,-0.003341902314
2022-06-01,0.170454679967,-0.029443519667,0.003909304144,0.024035921817,0.047592695075,0.078472458586,True,True,-0.020123839009,2022-07-01,-0.020897832817,2022-08-26,0.210000000000,0.330000000000,0.002509492231,-0.022831050228
2022-06-02,0.167690259558,-0.034879415017,0.013065064019,0.003909304144,0.064355062413,0.083217294524,True,True,-0.018877682958,2022-07-04,-0.028963020429,2022-08-29,0.290000000000,0.280000000000,0.008446060387,-0.013234919827
2022-06-06,0.118343285043,-0.038961866450,0.007289768290,0.013065064019,0.065719855194,0.094711319727,True,True,-0.013246753247,2022-07-05,-0.017142857143,2022-08-30,0.260000000000,0.080000000000,-0.003908228831,-0.013513513514
2022-06-07,0.113276025733,-0.041657086613,-0.018339276617,0.007289768290,0.074405594406,0.095495789518,False,False,-0.035400516796,2022-07-06,-0.026098191214,2022-08-31,0.280000000000,0.020000000000,-0.009294537878,-0.021579080985
2022-06-08,0.082149261508,-0.043133269172,-0.035616438356,-0.018339276617,0.100953449243,0.098463700526,False,False,-0.054227704960,2022-07-07,-0.039578514521,2022-09-01,0.250000000000,-0.050000000000,-0.012775985557,-0.009718670077
2022-06-09,0.070267947788,-0.065132372399,-0.044324058114,-0.035616438356,0.117761692650,0.098463700526,False,False,-0.051679586563,2022-07-08,-0.038759689922,2022-09-02,0.280000000000,-0.060000000000,-0.006622271111,-0.002313624679
2022-06-10,0.006193232998,-0.079579393091,-0.016789620962,-0.044324058114,0.133091517857,0.098463700526,False,False,-0.069796954315,2022-07-11,-0.048223350254,2022-09-05,0.290000000000,0.080000000000,-0.009399068667,-0.016038696538
2022-06-13,-0.018203895769,-0.095755163522,-0.002794005588,-0.016789620962,0.095291167456,0.098463700526,False,False,-0.054592496766,2022-07-12,-0.023027166882,2022-09-06,0.390000000000,0.140000000000,-0.013725416959,0.009773662551
2022-06-14,-0.070022754241,-0.119698651251,-0.015828440133,-0.002794005588,0.101258741259,0.098463700526,False,False,-0.046450939457,2022-07-13,-0.020354906054,2022-09-07,0.690000000000,0.450000000000,-0.002368809087,0.001038691249
2022-06-15,-0.096225077859,-0.133094932376,0.000521920668,-0.015828440133,0.098737727910,0.098463700526,True,False,-0.047879260994,2022-07-14,-0.014832162373,2022-09-08,0.890000000000,0.690000000000,-0.006137992667,-0.011091049781
2022-06-16,-0.097894408259,-0.135218622178,0.013171759747,0.000521920668,0.068898186890,0.098463700526,True,False,-0.060480744378,2022-07-15,-0.023003360041,2022-09-09,0.630000000000,0.360000000000,-0.010538185622,0.002606882169
2022-06-17,0.041244870169,-0.119629037580,0.007542262679,0.013171759747,0.057971014493,0.098463700526,True,False,-0.059979317477,2022-07-18,-0.022233712513,2022-09-13,0.660000000000,0.490000000000,-0.014335014600,0.006233766234
2022-06-20,0.086472000046,-0.111188695660,0.001817709686,0.007542262679,0.082488738739,0.098463700526,True,False,-0.061155739829,2022-07-19,-0.024099507644,2022-09-14,0.670000000000,0.420000000000,-0.002623166199,-0.003615702479
2022-06-21,0.141886585323,-0.109371882390,0.002863837542,0.001817709686,0.074497767857,0.098463700526,True,True,-0.056927475955,2022-07-20,-0.024694567195,2022-09-15,0.670000000000,0.440000000000,-0.001083264276,-0.005935483871
2022-06-22,0.149073428064,-0.112687359217,-0.004397309881,0.002863837542,0.058418297052,0.102008003472,False,False,-0.065820160663,2022-07-21,-0.033946618295,2022-09-16,0.700000000000,0.440000000000,0.004571587259,-0.008500772798
2022-06-23,0.052005975734,-0.127356291002,0.004954367666,-0.004397309881,0.066777041943,0.104614586930,True,False,-0.045787545788,2022-07-22,-0.021978021978,2022-09-19,0.620000000000,0.410000000000,0.008052196197,-0.008489837921
2022-06-24,0.019805557439,-0.129275054224,-0.013659793814,0.004954367666,0.065573770492,0.104614586930,False,False,-0.048412285268,2022-07-25,-0.021603331598,2022-09-20,0.590000000000,0.400000000000,-0.002010596042,-0.018969495001
2022-06-27,0.008906310953,-0.125650111471,-0.013821346302,-0.013659793814,0.080478975216,0.104614586930,False,False,-0.044850065189,2022-07-26,-0.022164276402,2022-09-21,0.570000000000,0.440000000000,-0.012524187989,-0.016339034976
2022-06-28,0.016088676015,-0.116394655883,-0.010330578512,-0.013821346302,0.077198786876,0.104614586930,False,False,-0.044386422977,2022-07-27,-0.020365535248,2022-09-22,0.650000000000,0.540000000000,-0.004240314230,-0.013642213642
2022-06-29,0.016088676015,-0.119342828210,-0.007274616784,-0.010330578512,0.065785851913,0.104614586930,False,False,-0.035536974131,2022-07-28,-0.015155474262,2022-09-23,0.720000000000,0.610000000000,0.004755765757,-0.014444157854
2022-06-30,0.041337192270,-0.132639165289,-0.005470174525,-0.007274616784,0.060330578512,0.104614586930,False,False,-0.019483938915,2022-07-29,-0.015797788310,2022-09-26,0.740000000000,0.530000000000,0.004573619322,-0.008826583593
2022-07-01,0.149441933407,-0.136213747402,-0.012783720324,-0.005470174525,0.054091158704,0.104614586930,False,False,-0.012387981023,2022-08-01,-0.016341591987,2022-09-27,0.650000000000,0.360000000000,-0.000641958721,-0.023987619293
2022-07-04,0.171407835769,-0.138623730961,-0.013495977161,-0.012783720324,0.057379310345,0.108208378009,False,False,-0.002369044485,2022-08-02,-0.014740721242,2022-09-28,0.540000000000,0.280000000000,0.006112585150,-0.017575600930
2022-07-05,0.179028242010,-0.130325049746,-0.010166840459,-0.013495977161,0.068496949529,0.111126649973,False,False,0.002143048486,2022-08-03,0.012322528797,2022-09-29,0.540000000000,0.260000000000,0.005619277253,-0.014789828749
2022-07-06,0.177201423214,-0.130458976772,-0.030705178246,-0.010166840459,0.052978314576,0.114542840561,False,False,0.019565217391,2022-08-04,0.027445652174,2022-09-30,0.520000000000,0.270000000000,0.006075309555,-0.037964876033
2022-07-07,0.156135290311,-0.128152450950,-0.045690550363,-0.030705178246,0.061602209945,0.119049279057,False,False,0.032425068120,2022-08-05,0.044414168937,2022-10-10,0.640000000000,0.360000000000,0.002207215610,-0.052821437774
2022-07-08,0.146681424448,-0.111308022035,-0.055841482244,-0.045690550363,0.059697386520,0.122250974085,False,False,0.026193724420,2022-08-08,0.037926330150,2022-10-11,0.680000000000,0.390000000000,-0.001173719430,-0.050711513583
2022-07-11,0.150073297995,-0.121665044466,-0.061156601842,-0.055841482244,0.075262866630,0.125993382932,False,False,0.036124794745,2022-08-09,0.040503557745,2022-10-12,0.720000000000,0.330000000000,-0.007055117689,-0.065461029037
2022-07-12,0.136347408413,-0.135895417495,-0.065715741212,-0.061156601842,0.087973273942,0.128478520309,False,False,0.039135194308,2022-08-10,0.043787629995,2022-10-13,0.670000000000,-0.020000000000,-0.008386078049,-0.048508430610
2022-07-13,0.148373345473,-0.134589809912,-0.072500635970,-0.065715741212,0.090858571826,0.132320138790,False,False,0.034162339437,2022-08-11,0.039628313747,2022-10-14,0.640000000000,-0.250000000000,-0.002878879827,-0.049034950443
2022-07-14,0.150429889225,-0.125627472668,-0.075304259635,-0.072500635970,0.083218517498,0.135144135863,False,False,0.040715268226,2022-08-12,0.045392022008,2022-10-17,0.600000000000,-0.030000000000,0.008595313964,-0.051742069683
2022-07-15,0.144539700535,-0.120545108941,-0.086967481724,-0.075304259635,0.081733406473,0.136933832186,False,False,0.046754675468,2022-08-15,0.044004400440,2022-10-18,0.620000000000,-0.040000000000,0.011960977945,-0.065049044915
2022-07-18,0.129733596151,-0.121298300815,-0.076473577236,-0.086967481724,0.085659551177,0.138912118595,False,False,0.045818382556,2022-08-16,0.048578526083,2022-10-19,0.570000000000,-0.100000000000,0.007097450997,-0.057801969933
2022-07-19,0.129733596151,-0.117425933919,-0.066649511065,-0.076473577236,0.078356164384,0.138912118595,False,False,0.042723263506,2022-08-17,0.040518191841,2022-10-20,0.590000000000,-0.080000000000,0.010509566755,-0.058411214953
2022-07-20,0.108359195252,-0.111971658272,-0.078486156972,-0.066649511065,0.069050894085,0.138912118595,False,False,0.043550624133,2022-08-18,0.048266296810,2022-10-21,0.620000000000,-0.080000000000,0.007966671921,-0.057417511042
2022-07-21,0.086675779898,-0.101602981705,-0.089091369274,-0.078486156972,0.084871865528,0.138912118595,False,False,0.029887578832,2022-08-19,0.046065259117,2022-10-24,0.660000000000,0.040000000000,0.009471307051,-0.066165023352
2022-07-22,0.081163386971,-0.088983905389,-0.069826707441,-0.089091369274,0.089931034483,0.138912118595,False,False,0.026531728665,2022-08-22,0.048140043764,2022-10-25,0.580000000000,-0.010000000000,0.010728609401,-0.046250326627
2022-07-25,0.111227036975,-0.072640125267,-0.058354755784,-0.069826707441,0.068045726728,0.138912118595,False,False,0.026481026481,2022-08-23,0.044772044772,2022-10-26,0.430000000000,-0.140000000000,0.011295089449,-0.049312224241
2022-07-26,0.143010453468,-0.045307157083,-0.057553956835,-0.058354755784,0.059368191721,0.138912118595,False,False,0.031147540984,2022-08-24,0.042076502732,2022-10-27,0.450000000000,-0.200000000000,0.008867123881,-0.042797494781
2022-07-27,0.150160976142,-0.017610326696,-0.059383033419,-0.057553956835,0.062807209175,0.140137890464,False,False,0.028176645895,2022-08-25,0.035491736657,2022-10-28,0.450000000000,-0.270000000000,0.009890228755,-0.042397278199
2022-07-28,0.208489987785,0.038054869267,-0.062151192288,-0.059383033419,0.059656769273,0.141847715155,False,False,0.019065520945,2022-08-26,0.022287862513,2022-10-31,0.360000000000,-0.380000000000,0.005363772769,-0.031691985333
2022-07-29,0.251246804275,0.067609753521,-0.045813184016,-0.062151192288,0.072945019053,0.141865633717,False,False,0.002135041366,2022-08-29,0.016279690419,2022-11-01,0.200000000000,-0.450000000000,0.007507525452,-0.009249471459
2022-08-01,0.262345847702,0.095360536516,-0.045639979602,-0.045813184016,0.089572933999,0.142167552359,False,False,-0.001583113456,2022-08-30,0.006860158311,2022-11-02,0.140000000000,-0.400000000000,0.008449032162,-0.015259142331
2022-08-02,0.255572800136,0.117274682286,-0.042142675806,-0.045639979602,0.091263216472,0.143392765235,False,False,0.007484629778,2022-08-31,0.017642341620,2022-11-03,0.090000000000,-0.450000000000,0.013423305057,-0.006320779563
2022-08-03,0.258918462421,0.131588748478,-0.038618925831,-0.042142675806,0.088121546961,0.145075131513,False,False,-0.003997867804,2022-09-01,0.014125799574,2022-11-04,0.270000000000,-0.250000000000,0.009908675697,0.009127516779
2022-08-04,0.317746015019,0.133940621087,-0.033419023136,-0.038618925831,0.073880801977,0.147104404704,False,False,-0.018210609660,2022-09-02,0.011876484561,2022-11-07,0.230000000000,-0.410000000000,0.007099205723,0.022850924918
2022-08-05,0.366708121623,0.141665419585,-0.035132382892,-0.033419023136,0.063422635320,0.148439407095,False,False,-0.002924754055,2022-09-05,0.019409731454,2022-11-08,0.220000000000,-0.460000000000,0.008680639857,0.032979013355
2022-08-08,0.398030637417,0.134501505505,-0.030606995885,-0.035132382892,0.071759890859,0.148746550987,False,False,-0.002641310090,2022-09-06,0.030903328051,2022-11-09,0.370000000000,-0.350000000000,0.012277320722,0.027255382938
2022-08-09,0.433319613883,0.127725651698,-0.016878732797,-0.030606995885,0.066666666667,0.149165554400,False,False,-0.011324730050,2022-09-07,0.036871214116,2022-11-10,0.290000000000,-0.380000000000,0.005435792673,0.032170119956
2022-08-10,0.472711984466,0.117343373395,-0.021408305391,-0.016878732797,0.039406207827,0.149599774554,False,False,0.000528541226,2022-09-08,0.051004228330,2022-11-11,0.330000000000,-0.310000000000,0.002703123956,0.040592430060
2022-08-11,0.422564822762,0.107259251424,-0.015380604797,-0.021408305391,0.036076964190,0.150095217532,False,False,-0.000793021412,2022-09-09,0.043616177637,2022-11-14,0.350000000000,-0.250000000000,-0.000278022679,0.035645736222
2022-08-12,0.431504281179,0.086684924373,-0.014285714286,-0.015380604797,0.039003250271,0.150228204413,False,False,-0.006305832895,2022-09-13,0.031791907514,2022-11-15,0.400000000000,-0.220000000000,-0.002879494451,0.047763666483
2022-08-15,0.459009720331,0.065763455561,-0.018853305785,-0.014285714286,0.033279656468,0.151856239496,False,False,-0.006070203220,2022-09-14,0.040907891264,2022-11-16,0.370000000000,-0.200000000000,-0.003284017584,0.045116918845
2022-08-16,0.478130701923,0.058012331764,-0.020387096774,-0.018853305785,0.029787234043,0.157484204962,False,False,-0.008194554586,2022-09-15,0.045202220460,2022-11-17,0.350000000000,-0.240000000000,0.008275391785,0.046594982079
2022-08-17,0.464270763280,0.031872914887,-0.026532715095,-0.020387096774,0.032232285562,0.161698313983,False,False,-0.009037745880,2022-09-16,0.050770866560,2022-11-18,0.380000000000,-0.240000000000,0.006917132281,0.041620727674
2022-08-18,0.472711984466,0.011994487866,-0.032415744790,-0.026532715095,0.021310181531,0.163572871777,False,False,-0.004792332268,2022-09-19,0.046059637913,2022-11-21,0.430000000000,-0.230000000000,0.002980357540,0.045012503473
2022-08-19,0.450889395208,-0.002441152686,-0.035888233786,-0.032415744790,0.030487804878,0.167864717642,False,False,0.001598721023,2022-09-20,0.048760991207,2022-11-22,0.360000000000,-0.220000000000,0.004887516229,0.030410958904
2022-08-22,0.400490669180,-0.010448930519,-0.041868777125,-0.035888233786,0.012457825071,0.168904738912,False,False,-0.002659574468,2022-09-21,0.045212765957,2022-11-23,0.430000000000,0.000000000000,0.011187431840,0.024570024570
2022-08-23,0.407830619787,-0.013486197713,-0.031402831403,-0.041868777125,0.028894142369,0.170511728408,False,False,-0.005829358771,2022-09-22,0.047959724430,2022-11-24,0.460000000000,0.010000000000,0.017387324877,0.025899672846
2022-08-24,0.388230750736,-0.002930523157,-0.023213825123,-0.031402831403,0.025878003697,0.170864114240,False,False,-0.006851119895,2022-09-23,0.043478260870,2022-11-25,0.470000000000,0.020000000000,0.012626193609,0.034982235583
2022-08-25,0.368123225542,0.001466087810,-0.014278296989,-0.023213825123,0.024035921817,0.171511238433,False,False,-0.015019762846,2022-09-26,0.047167325428,2022-11-28,0.490000000000,0.130000000000,0.019803690570,0.027048958615
2022-08-26,0.368123225542,0.006304789749,-0.020376579830,-0.014278296989,0.003909304144,0.172055905542,False,False,-0.006125166445,2022-09-27,0.051930758988,2022-11-29,0.430000000000,0.230000000000,0.015901800138,0.013070152041
2022-08-29,0.366300614775,0.000783950429,-0.026363401396,-0.020376579830,0.013065064019,0.173086148610,False,False,-0.010835095137,2022-09-28,0.042547568710,2022-11-30,0.470000000000,0.330000000000,0.020730897404,0.006411969009
2022-08-30,0.362230607944,-0.003594239153,-0.018422418267,-0.026363401396,0.007289768290,0.174850415129,False,False,0.002653223667,2022-09-29,0.046696736535,2022-12-01,0.540000000000,0.450000000000,0.019419765589,0.002650410814
2022-08-31,0.359048255402,-0.015659717033,-0.029442148760,-0.018422418267,-0.018339276617,0.177521828128,False,False,0.011774150388,2022-09-30,0.063955044153,2022-12-02,0.560000000000,0.290000000000,0.021416874438,-0.000266028199
2022-09-01,0.338531212236,-0.016774515619,-0.038907498068,-0.029442148760,-0.035616438356,0.178619342656,False,False,0.030376344086,2022-10-10,0.066666666667,2022-12-05,0.670000000000,0.440000000000,0.021245073534,-0.007978723404
2022-09-02,0.320065873387,-0.017649419088,-0.035963777490,-0.038907498068,-0.044324058114,0.179067487182,False,False,0.014400000000,2022-10-11,0.041333333333,2022-12-06,0.810000000000,0.590000000000,0.024392863147,-0.016886543536
2022-09-05,0.313144013971,-0.015828541670,-0.041008660214,-0.035963777490,-0.016789620962,0.182444384211,False,False,0.006885593220,2022-10-12,0.032838983051,2022-12-07,0.730000000000,0.360000000000,0.022194920501,-0.001061289467
2022-09-06,0.299145502066,-0.006608322275,-0.018417639429,-0.041008660214,-0.002794005588,0.193500433238,False,False,0.015982951518,2022-10-13,0.040756526372,2022-12-08,0.730000000000,0.440000000000,0.026621662588,-0.000528262018
2022-09-07,0.303030509849,0.005572528390,-0.019561815336,-0.018417639429,-0.015828440133,0.198180544486,False,False,0.004754358162,2022-10-14,0.034865293185,2022-12-09,0.850000000000,0.520000000000,0.031888151642,-0.009225092251
2022-09-08,0.298935502959,0.010492537981,-0.014560582423,-0.019561815336,0.000521920668,0.201102730778,False,False,0.005291005291,2022-10-17,0.040476190476,2022-12-12,0.820000000000,0.470000000000,0.035082240267,0.003441885094
2022-09-09,0.133237386411,0.010031764213,-0.022973670625,-0.014560582423,0.013171759747,0.203824644374,False,False,0.003701745108,2022-10-18,0.036224219989,2022-12-13,0.880000000000,0.480000000000,0.032347177768,-0.002635046113
2022-09-13,0.113194265531,0.013276661826,-0.018403317781,-0.022973670625,0.007542262679,0.203824644374,False,False,0.008762612852,2022-10-19,0.052841210834,2022-12-14,0.910000000000,0.540000000000,0.029801990560,-0.003158725981
2022-09-14,0.105005311519,0.013772308845,-0.023883696781,-0.018403317781,0.001817709686,0.203824644374,False,False,0.006130063966,2022-10-20,0.050906183369,2022-12-15,0.980000000000,0.630000000000,0.024338538954,-0.009483667018
2022-09-15,0.106942558989,0.005829813345,-0.027279812938,-0.023883696781,0.002863837542,0.203824644374,False,False,0.013680257511,2022-10-21,0.048819742489,2022-12-16,0.950000000000,0.570000000000,0.032456939768,-0.009261709447
2022-09-16,0.114759954543,-0.007891905147,-0.032693305656,-0.027279812938,-0.004397309881,0.203824644374,False,False,0.020599250936,2022-10-24,0.052166934189,2022-12-19,1.020000000000,0.590000000000,0.030169054734,-0.008774262164
2022-09-19,0.107697803494,-0.002405736375,-0.022471910112,-0.032693305656,0.004954367666,0.203824644374,False,False,0.019420058526,2022-10-25,0.047086991221,2022-12-20,1.070000000000,0.710000000000,0.028828232942,-0.005317734645
2022-09-20,0.098870114683,0.003670088412,-0.025694264210,-0.022471910112,-0.013659793814,0.203824644374,False,False,0.020533333333,2022-10-26,0.064266666667,2022-12-21,1.150000000000,0.720000000000,0.028786290166,0.000266453504
2022-09-21,0.093244248912,-0.001710739888,-0.019050104384,-0.025694264210,-0.013821346302,0.203824644374,False,False,0.016524520256,2022-10-27,0.062633262260,2022-12-22,1.170000000000,0.710000000000,0.029956568544,-0.001062981664
2022-09-22,0.096762899814,-0.002169163717,-0.017796388380,-0.019050104384,-0.010330578512,0.203824644374,False,False,0.014062085434,2022-10-28,0.048553993102,2022-12-23,1.130000000000,0.660000000000,0.032976235460,-0.008978082915
2022-09-23,0.075940671925,0.000798254241,-0.012572027239,-0.017796388380,-0.007274616784,0.203824644374,False,False,0.018459069021,2022-10-31,0.056714820760,2022-12-26,1.290000000000,0.800000000000,0.037182115594,-0.007110877008
2022-09-26,-0.023496252870,0.004685106025,-0.012684989429,-0.012572027239,-0.005470174525,0.203824644374,False,False,0.020364415863,2022-11-01,0.058681672026,2022-12-27,1.320000000000,0.890000000000,0.041125601150,-0.016324381253
2022-09-27,-0.029576603143,0.005960475628,-0.014469876348,-0.012684989429,-0.012783720324,0.203824644374,False,False,0.019503072402,2022-11-02,0.062783863211,2022-12-28,1.560000000000,1.090000000000,0.041617796076,-0.005574727900
2022-09-28,-0.034087405272,0.002627029437,-0.012114827495,-0.014469876348,-0.013495977161,0.203824644374,False,False,0.007409367558,2022-11-03,0.050542471553,2022-12-29,1.640000000000,1.100000000000,0.035620449567,-0.008458895057
2022-09-29,-0.035692135160,0.002746581193,0.014765100671,-0.012114827495,-0.010166840459,0.203824644374,True,False,0.006347527109,2022-11-04,0.049986775985,2022-12-30,1.390000000000,0.830000000000,0.025221456871,0.005854177754
2022-09-30,-0.006355262343,-0.004329923784,0.029107725789,0.014765100671,-0.030705178246,0.203824644374,True,False,0.000260892252,2022-11-07,0.039133837725,2023-01-03,1.570000000000,0.900000000000,0.034026118809,0.014209115282
2022-10-10,0.014390797565,-0.036056608205,0.038430089943,0.029107725789,-0.045690550363,0.203824644374,True,False,0.007886435331,2022-11-08,0.051524710831,2023-01-04,1.680000000000,0.870000000000,0.032690195761,0.022544283414
2022-10-11,0.019096127252,-0.042079950567,0.036249659308,0.038430089943,-0.055841482244,0.203824644374,True,False,0.026564965807,2022-11-09,0.056286165176,2023-01-05,1.680000000000,0.950000000000,0.036760257899,0.009827357238
2022-10-12,0.025260512188,-0.079577045230,0.039258451472,0.036249659308,-0.061156601842,0.203824644374,True,False,0.032249606712,2022-11-10,0.040901940220,2023-01-06,1.620000000000,0.890000000000,0.033464052288,0.007399577167
2022-10-13,0.021793286526,-0.096925522429,0.046900713110,0.039258451472,-0.065715741212,0.203824644374,True,False,0.045478443743,2022-11-11,0.055730809674,2023-01-09,1.620000000000,0.770000000000,0.029894150290,0.015429635541
2022-10-14,0.021793286526,-0.136183913878,0.045516863175,0.046900713110,-0.072500635970,0.203824644374,True,False,0.038947368421,2022-11-14,0.053421052632,2023-01-10,1.630000000000,0.810000000000,0.037013836008,0.006068601583
2022-10-17,0.021827264228,-0.161930980322,0.046935394809,0.045516863175,-0.075304259635,0.203824644374,True,False,0.034510010537,2022-11-15,0.058219178082,2023-01-11,1.590000000000,0.710000000000,0.036729335350,0.001849405548
2022-10-18,0.017070151598,-0.171517181048,0.045942228336,0.046935394809,-0.086967481724,0.203824644374,True,False,0.038167938931,2022-11-16,0.056330613319,2023-01-12,1.570000000000,0.660000000000,0.041391513684,0.003960918933
2022-10-19,-0.003103663927,-0.178844598322,0.045767852219,0.045942228336,-0.076473577236,0.203824644374,True,False,0.047417218543,2022-11-17,0.065960264901,2023-01-13,1.600000000000,0.620000000000,0.041006122668,0.008776595745
2022-10-20,-0.012414655708,-0.183030744955,0.040518191841,0.045767852219,-0.066649511065,0.203824644374,True,False,0.046043926965,2022-11-18,0.073829055306,2023-01-16,1.720000000000,0.770000000000,0.034369146768,0.008279914530
2022-10-21,-0.014075703303,-0.192666436650,0.047791053070,0.040518191841,-0.078486156972,0.203824644374,True,False,0.029882044561,2022-11-21,0.066841415465,2023-01-17,1.730000000000,0.710000000000,0.032901494815,0.011534334764
2022-10-24,-0.014075703303,-0.205056490688,0.046575342466,0.047791053070,-0.089091369274,0.203824644374,True,False,0.027139874739,2022-11-22,0.062108559499,2023-01-18,1.690000000000,0.620000000000,0.032901494815,0.021117348303
2022-10-25,-0.018767604404,-0.215765482758,0.044772044772,0.046575342466,-0.069826707441,0.203824644374,True,False,0.026914031879,2022-11-23,0.058531486804,2023-01-19,1.660000000000,0.510000000000,0.040282489492,0.019445924347
2022-10-26,-0.018767604404,-0.216274147880,0.042529989095,0.044772044772,-0.058354755784,0.203824644374,True,False,0.036969061353,2022-11-24,0.074986890404,2023-01-20,1.590000000000,0.420000000000,0.015860261787,0.017291832934
2022-10-27,-0.018650926666,-0.222649187178,0.043181197048,0.042529989095,-0.057553956835,0.203824644374,True,False,0.036106750392,2022-11-25,0.070120355835,2023-01-30,1.600000000000,0.470000000000,0.024169674988,0.017053024247
2022-10-28,-0.018650926666,-0.243122865877,0.033270219097,0.043181197048,-0.059383033419,0.203824644374,True,False,0.043866561597,2022-11-28,0.073548726031,2023-01-31,1.510000000000,0.220000000000,0.019254277872,0.013262599469
2022-10-31,-0.032188857648,-0.262188525218,0.015470792211,0.033270219097,-0.062151192288,0.203824644374,True,False,0.037289915966,2022-11-29,0.072478991597,2023-02-01,1.510000000000,0.190000000000,0.019254277872,0.019004282655
2022-11-01,-0.033618599031,-0.269683747825,0.017900080150,0.015470792211,-0.045813184016,0.203824644374,True,False,0.033805031447,2022-11-30,0.080712788260,2023-02-02,1.580000000000,0.020000000000,0.018024856252,0.017084890550
2022-11-02,-0.055096446840,-0.272849514490,0.011661807580,0.017900080150,-0.045639979602,0.203824644374,True,False,0.036249014972,2022-12-01,0.071447333859,2023-02-03,1.560000000000,-0.080000000000,0.025188201151,0.017595307918
2022-11-03,-0.070079255575,-0.270146055332,0.012237297153,0.011661807580,-0.042142675806,0.203824644374,True,False,0.044940867280,2022-12-02,0.056767411301,2023-02-06,1.570000000000,0.180000000000,0.032778536198,0.006613756614
2022-11-04,-0.074310016333,-0.267087638181,0.011702127660,0.012237297153,-0.038618925831,0.203824644374,True,False,0.034950443401,2022-12-05,0.045905059990,2023-02-07,1.740000000000,0.170000000000,0.004620609458,0.005551149881
2022-11-07,-0.004522160849,-0.264658208261,0.011081794195,0.011702127660,-0.033419023136,0.203824644374,True,False,0.018518518519,2022-12-06,0.045905059990,2023-02-08,1.690000000000,0.010000000000,0.004620609458,0.005774278215
2022-11-08,0.022013512383,-0.261324671943,0.018572565667,0.011081794195,-0.035132382892,0.203824644374,True,False,-0.000768639508,2022-12-07,0.027414809121,2023-02-09,1.690000000000,0.010000000000,0.008111514503,0.009731720147
2022-11-09,0.022013512383,-0.260051122789,0.041996830428,0.018572565667,-0.030606995885,0.203824644374,True,False,-0.007620015240,2022-12-08,0.015240030480,2023-02-10,1.640000000000,0.020000000000,0.013875154275,0.034889821616
2022-11-10,0.016049030274,-0.237902392863,0.034528202425,0.041996830428,-0.016878732797,0.203824644374,True,False,-0.014835302992,2022-12-09,0.013326628112,2023-02-13,1.700000000000,0.080000000000,-0.003767431947,0.028294472099
2022-11-11,0.019022543665,-0.222974024658,0.046333068573,0.034528202425,-0.021408305391,0.203824644374,True,False,-0.003799392097,2022-12-12,0.012917933131,2023-02-14,1.430000000000,-0.200000000000,-0.017280387712,0.036454235510
2022-11-14,0.024875634024,-0.215493571802,0.031093544137,0.046333068573,-0.015380604797,0.203824644374,True,False,-0.002037178508,2022-12-13,0.022918258212,2023-02-15,1.430000000000,-0.160000000000,-0.017280387712,0.031909282700
2022-11-15,0.023412361434,-0.213345680028,0.035272440116,0.031093544137,-0.014285714286,0.203824644374,True,False,0.005324543611,2022-12-14,0.012931034483,2023-02-16,1.510000000000,-0.060000000000,-0.024345998891,0.034455549711
2022-11-16,0.020307523599,-0.214985790403,0.041622760801,0.035272440116,-0.018853305785,0.203824644374,True,False,-0.002781992919,2022-12-15,0.011380880121,2023-02-17,1.450000000000,-0.150000000000,-0.022145361567,0.042446612180
2022-11-17,0.027761556478,-0.205418734534,0.047367028314,0.041622760801,-0.020387096774,0.203824644374,True,False,-0.010877814318,2022-12-16,0.013913483430,2023-02-20,1.380000000000,-0.340000000000,-0.014666987422,0.048476821192
2022-11-18,0.017508033026,-0.193807467316,0.050784365860,0.047367028314,-0.026532715095,0.203824644374,True,False,0.001018070756,2022-12-19,0.020615932807,2023-02-21,1.490000000000,-0.240000000000,-0.014595788971,0.047997878547
2022-11-21,0.017508033026,-0.186649011761,0.046530178144,0.050784365860,-0.032415744790,0.203824644374,True,False,0.000000000000,2022-12-20,0.019054878049,2023-02-22,1.570000000000,-0.120000000000,-0.014595788971,0.030366492147
2022-11-22,0.017508033026,-0.181754131817,0.047695177192,0.046530178144,-0.035888233786,0.203824644374,True,False,0.015521628499,2022-12-21,0.019592875318,2023-02-23,1.520000000000,-0.140000000000,-0.024207122396,0.027436634440
2022-11-23,0.014484363888,-0.175796643504,0.044910975286,0.047695177192,-0.041868777125,0.203824644374,True,False,0.008091024020,2022-12-22,0.014664981037,2023-02-24,1.440000000000,-0.150000000000,-0.004899515753,0.028242677824
2022-11-24,0.020606427537,-0.173748176605,0.042249801954,0.044910975286,-0.031402831403,0.203824644374,True,False,-0.002020202020,2022-12-23,0.015151515152,2023-02-27,1.390000000000,-0.210000000000,-0.011295609592,0.034058160859
2022-11-25,0.017740990411,-0.151574255169,0.042665262049,0.042249801954,-0.023213825123,0.203824644374,True,False,-0.006039255159,2022-12-26,0.010820332159,2023-02-28,1.390000000000,-0.120000000000,-0.010529443035,0.036387434555
2022-11-28,0.020697822146,-0.147793678682,0.043180621380,0.042665262049,-0.014278296989,0.203824644374,True,False,0.000253164557,2022-12-27,0.020000000000,2023-03-01,1.360000000000,-0.150000000000,-0.010529443035,0.040714473339
2022-11-29,0.028299090606,-0.147155325299,0.048845234935,0.043180621380,-0.020376579830,0.203824644374,True,False,0.008365019011,2022-12-28,0.019011406844,2023-03-02,1.430000000000,-0.150000000000,-0.022589764970,0.037007874016
2022-11-30,0.029877517119,-0.130535705912,0.042558815755,0.048845234935,-0.026363401396,0.203824644374,True,False,0.006337135615,2022-12-29,0.023574144487,2023-03-03,1.500000000000,-0.060000000000,-0.040373698633,0.033272203301
2022-12-01,0.054347853436,-0.120793587735,0.052687599787,0.042558815755,-0.018422418267,0.203824644374,True,False,-0.001509054326,2022-12-30,0.021881287726,2023-03-06,1.340000000000,-0.230000000000,-0.039867653468,0.039684625493
2022-12-02,0.075107334512,-0.120676022300,0.066756032172,0.052687599787,-0.029442148760,0.203824644374,True,False,0.003780241935,2023-01-03,0.026209677419,2023-03-07,1.170000000000,-0.570000000000,-0.021736146003,0.046004206099
2022-12-05,0.101025852775,-0.121671986879,0.057434245840,0.066756032172,-0.038907498068,0.203824644374,True,False,0.024327784891,2023-01-04,0.032522407170,2023-03-08,1.080000000000,-0.610000000000,-0.021736146003,0.028183716075
2022-12-06,0.120803326432,-0.126739468052,0.035325365206,0.057434245840,-0.035963777490,0.203824644374,True,False,0.029743589744,2023-01-05,0.033846153846,2023-03-09,1.210000000000,-0.480000000000,-0.034359052374,0.015368585569
2022-12-07,0.119047681207,-0.132707402390,0.030126849894,0.035325365206,-0.041008660214,0.203824644374,True,False,0.016124904018,2023-01-06,0.038904530330,2023-03-10,1.200000000000,-0.440000000000,-0.042671782432,-0.011913814956
2022-12-08,0.128849847501,-0.142612599490,0.040170258047,0.030126849894,-0.018417639429,0.203824644374,True,False,0.025012761613,2023-01-09,0.047983665135,2023-03-13,1.160000000000,-0.540000000000,-0.026659824361,-0.003821656051
2022-12-09,0.130832351215,-0.148417586367,0.035356200528,0.040170258047,-0.019561815336,0.203824644374,True,False,0.017798118485,2023-01-10,0.048817696415,2023-03-14,1.200000000000,-0.230000000000,-0.016975198770,-0.007085020243
2022-12-12,0.139815771537,-0.161058475852,0.035931307794,0.035356200528,-0.014560582423,0.203824644374,True,False,0.025006379178,2023-01-11,0.056391936719,2023-03-15,1.310000000000,-0.120000000000,-0.016975198770,0.002044467161
2022-12-13,0.131871693609,-0.162767182160,0.036176392923,0.035931307794,-0.022973670625,0.203824644374,True,False,0.012105926860,2023-01-12,0.051197982346,2023-03-16,1.330000000000,-0.180000000000,-0.011716292073,-0.002288329519
2022-12-14,0.128286415524,-0.160418678032,0.053989361702,0.036176392923,-0.018403317781,0.203824644374,True,False,0.020542733959,2023-01-13,0.059599289881,2023-03-17,1.270000000000,-0.180000000000,-0.023024649671,0.002276176024
2022-12-15,0.139372895878,-0.157629112677,0.050480769231,0.053989361702,-0.023883696781,0.203824644374,True,False,0.037851662404,2023-01-16,0.091815856777,2023-03-20,1.300000000000,-0.080000000000,-0.021670375519,-0.006316321374
2022-12-16,0.139372895878,-0.154482244687,0.050160944206,0.050480769231,-0.027279812938,0.203824644374,True,False,0.034833460463,2023-01-17,0.098398169336,2023-03-21,1.280000000000,-0.210000000000,-0.020636413402,-0.009362348178
2022-12-19,0.143449231457,-0.161228533868,0.053728949479,0.050160944206,-0.032693305656,0.203824644374,True,False,0.034044715447,2023-01-18,0.073678861789,2023-03-22,1.350000000000,-0.220000000000,-0.020636413402,0.001524390244
2022-12-20,0.131748142539,-0.165121419665,0.050346297283,0.053728949479,-0.022471910112,0.203824644374,True,False,0.015033826109,2023-01-19,0.067151089952,2023-03-23,1.420000000000,-0.100000000000,-0.024597457301,0.002797558494
2022-12-21,0.128741620396,-0.165083691148,0.059058260176,0.050346297283,-0.025694264210,0.203824644374,True,False,0.028342111864,2023-01-20,0.073488838726,2023-03-24,1.450000000000,0.010000000000,-0.023161307732,0.012461851475
2022-12-22,0.133140911743,-0.162240038370,0.060751398881,0.059058260176,-0.019050104384,0.203824644374,True,False,0.034919028340,2023-01-30,0.079706477733,2023-03-27,1.410000000000,0.020000000000,-0.022259323419,0.008614137319
2022-12-23,0.136349126483,-0.166246284242,0.047214854111,0.060751398881,-0.017796388380,0.203824644374,True,False,0.034683544304,2023-01-31,0.071645569620,2023-03-28,1.480000000000,0.090000000000,-0.026346919173,-0.002778479414
2022-12-26,0.149181985446,-0.171516910111,0.058083511777,0.047214854111,-0.012572027239,0.203824644374,True,False,0.033662363958,2023-02-01,0.075170842825,2023-03-29,1.550000000000,0.190000000000,-0.026346919173,-0.002271580010
2022-12-27,0.155598414928,-0.171601716291,0.057928457021,0.058083511777,-0.012684989429,0.203824644374,True,False,0.036701860231,2023-02-02,0.066113624937,2023-03-30,1.550000000000,0.120000000000,-0.024639629583,0.003037205771
2022-12-28,0.163618951780,-0.175321959013,0.057318048520,0.057928457021,-0.014469876348,0.203824644374,True,False,0.027455919395,2023-02-03,0.073551637280,2023-03-31,1.580000000000,0.080000000000,-0.006932454518,0.005578093306
2022-12-29,0.162536295750,-0.168908585760,0.047619047619,0.057318048520,-0.012114827495,0.203824644374,True,False,0.012846347607,2023-02-06,0.075566750630,2023-04-03,1.600000000000,0.260000000000,-0.009305256308,0.001011122346
2022-12-30,0.147105930661,-0.072898842499,0.053661115517,0.047619047619,0.014765100671,0.203824644374,True,False,0.006778809942,2023-02-07,0.069545568667,2023-04-04,1.560000000000,0.390000000000,-0.013464957772,0.001759235989
2023-01-03,0.127679764439,-0.058713609143,0.046456692913,0.053661115517,0.029107725789,0.203824644374,True,False,0.002500000000,2023-02-08,0.082250000000,2023-04-06,1.580000000000,0.500000000000,-0.013464957772,0.011928934010
2023-01-04,0.117114364519,-0.054415357669,0.052603892688,0.046456692913,0.038430089943,0.203824644374,True,False,-0.001494023904,2023-02-09,0.076693227092,2023-04-07,1.530000000000,0.320000000000,-0.011854327968,0.026680348897
2023-01-05,0.100092444355,-0.024478074398,0.049580272823,0.052603892688,0.036249659308,0.203824644374,True,False,0.006801007557,2023-02-10,0.083375314861,2023-04-10,1.470000000000,0.270000000000,-0.010684478678,0.026423807081
2023-01-06,0.120353504141,-0.022197460806,0.040607807178,0.049580272823,0.039258451472,0.203824644374,True,False,0.003486055777,2023-02-13,0.066484063745,2023-04-11,1.490000000000,0.330000000000,-0.018584455371,0.015856777494
2023-01-09,0.140158511151,0.001005766057,0.052976658799,0.040607807178,0.046900713110,0.203824644374,True,False,-0.000999250562,2023-02-14,0.080939295528,2023-04-12,1.340000000000,0.140000000000,-0.020226343439,0.023190621814
2023-01-10,0.120537137899,0.012915376408,0.058280590717,0.052976658799,0.045516863175,0.203824644374,True,False,0.000000000000,2023-02-15,0.079163554892,2023-04-13,1.310000000000,0.000000000000,-0.026932603236,0.023463402193
2023-01-11,0.128166070677,0.003206716763,0.058653340347,0.058280590717,0.046935394809,0.203824644374,True,False,-0.004485422377,2023-02-16,0.091951158734,2023-04-14,1.370000000000,0.040000000000,-0.028236831055,0.025739041794
2023-01-12,0.150996342360,-0.001545567981,0.059583443185,0.058653340347,0.045942228336,0.203824644374,True,False,-0.006212723658,2023-02-17,0.067842942346,2023-04-17,1.310000000000,0.040000000000,-0.031339511373,0.014130709059
2023-01-13,0.166561997990,-0.012110068672,0.066754966887,0.059583443185,0.045767852219,0.203824644374,True,False,-0.012321340562,2023-02-20,0.059881715131,2023-04-18,1.220000000000,-0.080000000000,-0.040754787678,0.023900330536
2023-01-16,0.207804678408,-0.051738838898,0.073985680191,0.066754966887,0.040518191841,0.203824644374,True,True,-0.014742014742,2023-02-21,0.059950859951,2023-04-19,1.310000000000,0.030000000000,-0.038671946661,0.034482758621
2023-01-17,0.207804678408,-0.044810222861,0.064397905759,0.073985680191,0.047791053070,0.207976005752,True,False,-0.014496314496,2023-02-22,0.056019656020,2023-04-20,1.310000000000,-0.040000000000,-0.029776646487,0.031456113648
2023-01-18,0.215173847186,-0.033250160122,0.059837993206,0.064397905759,0.046575342466,0.207976005752,True,True,-0.010861515675,2023-02-23,0.064675388793,2023-04-21,1.360000000000,-0.060000000000,-0.027488985012,0.028658381943
2023-01-19,0.219955488235,-0.022233452295,0.063807531381,0.059837993206,0.044772044772,0.210160952635,True,True,-0.021219512195,2023-02-24,0.046341463415,2023-04-24,1.250000000000,-0.200000000000,-0.030803362162,0.021853805576
2023-01-20,0.212226909633,-0.020570912258,0.074403982185,0.063807531381,0.042529989095,0.216188602304,True,False,-0.017114914425,2023-02-27,0.053789731051,2023-04-25,1.190000000000,-0.220000000000,-0.032199047360,0.030143180106
2023-01-30,0.226480955802,-0.005455656425,0.072251308901,0.074403982185,0.043181197048,0.216188602304,True,True,-0.017127477367,2023-02-28,0.058967457793,2023-04-26,1.250000000000,-0.230000000000,-0.031436354214,0.037487335360
2023-01-31,0.237567436156,0.006082613242,0.068820593643,0.072251308901,0.033270219097,0.219277563196,True,True,-0.013467189030,2023-03-01,0.058276199804,2023-04-27,1.260000000000,-0.290000000000,-0.035201093016,0.029344801417
2023-02-01,0.232447940358,-0.011649744735,0.073753280840,0.068820593643,0.015470792211,0.219547609418,True,True,-0.025218234724,2023-03-02,0.042677012609,2023-04-28,1.280000000000,-0.270000000000,-0.035776044544,0.032298763563
2023-02-02,0.267249901333,-0.042720297965,0.080691642651,0.073753280840,0.017900080150,0.221586855127,True,True,-0.010051483207,2023-03-03,0.081147340034,2023-05-04,1.140000000000,-0.440000000000,-0.036698585108,0.040090771558
2023-02-03,0.285059133387,-0.040069892759,0.069908015769,0.080691642651,0.011661807580,0.227500904947,True,True,0.010445162895,2023-03-06,0.098234270082,2023-05-05,1.180000000000,-0.420000000000,-0.023718628998,0.028030303030
2023-02-06,0.293250487795,-0.067072760096,0.056256572029,0.069908015769,0.012237297153,0.231032549376,True,True,0.015461346633,2023-03-07,0.086783042394,2023-05-08,1.310000000000,-0.250000000000,-0.016873542303,0.008028098344
2023-02-07,0.199878962184,-0.061004307529,0.046450939457,0.056256572029,0.011702127660,0.233727814308,True,False,0.005486284289,2023-03-08,0.090024937656,2023-05-09,1.380000000000,-0.200000000000,-0.020265869491,0.005768748432
2023-02-08,0.133544004185,-0.055222047035,0.044542849700,0.046450939457,0.011081794195,0.233727814308,True,False,0.005486284289,2023-03-09,0.095511221945,2023-05-10,1.360000000000,-0.170000000000,-0.015002558160,0.001999000500
2023-02-09,0.127800176048,-0.045179881645,0.018757921420,0.044542849700,0.018572565667,0.233727814308,True,False,0.015511633725,2023-03-10,0.101576182137,2023-05-11,1.290000000000,-0.180000000000,-0.013712300065,0.004498875281
2023-02-10,0.129236133083,-0.055576863740,0.017324840764,0.018757921420,0.041996830428,0.233727814308,True,False,0.018858560794,2023-03-13,0.086848635236,2023-05-12,1.340000000000,-0.150000000000,-0.001102237264,0.005287009063
2023-02-13,0.130672090117,-0.061472130338,0.016700404858,0.017324840764,0.034528202425,0.233727814308,True,False,0.031507876969,2023-03-14,0.095773943486,2023-05-15,1.410000000000,0.070000000000,-0.001102237264,0.000747198007
2023-02-14,0.119931524810,-0.056740326570,0.026066956300,0.016700404858,0.046333068573,0.233727814308,True,False,0.030619865571,2023-03-15,0.091610654717,2023-05-16,1.410000000000,0.100000000000,0.007786522816,0.000498380264
2023-02-15,0.127251990874,-0.049225360906,0.017543859649,0.026066956300,0.031093544137,0.233727814308,True,False,0.043304130163,2023-03-16,0.089361702128,2023-05-17,1.460000000000,0.090000000000,0.013866082832,-0.005714285714
2023-02-16,0.123685017385,-0.039238762612,0.011886697016,0.017543859649,0.035272440116,0.233727814308,True,False,0.044761190298,2023-03-17,0.087021755439,2023-05-18,1.460000000000,0.150000000000,0.021163100829,-0.004478726051
2023-02-17,0.123685017385,-0.033980614196,0.008590197069,0.011886697016,0.041622760801,0.233727814308,True,False,0.065119760479,2023-03-20,0.079590818363,2023-05-19,1.490000000000,0.270000000000,0.024574149212,-0.008691333499
2023-02-20,0.131918617684,-0.033078614390,0.014676113360,0.008590197069,0.047367028314,0.233727814308,True,False,0.077306733167,2023-03-21,0.085037406484,2023-05-22,1.460000000000,0.150000000000,0.024574149212,-0.009876543210
2023-02-21,0.131918617684,-0.031864834024,0.017530487805,0.014676113360,0.050784365860,0.233727814308,True,False,0.053602592870,2023-03-22,0.081775118424,2023-05-23,1.460000000000,0.150000000000,0.017836567438,-0.015002459420
2023-02-22,0.131918617684,-0.031850036847,0.021617497457,0.017530487805,0.046530178144,0.233727814308,True,False,0.062889942600,2023-03-23,0.088844522086,2023-05-24,1.530000000000,0.170000000000,0.019779544494,-0.009615384615
2023-02-23,0.127070306049,-0.036599728915,0.019328585961,0.021617497457,0.047695177192,0.233727814308,True,False,0.066533765263,2023-03-24,0.078245701470,2023-05-25,1.520000000000,0.270000000000,0.021364230107,-0.014749262537
2023-02-24,0.139890462403,-0.038308221382,0.018748416519,0.019328585961,0.044910975286,0.233727814308,True,False,0.061442786070,2023-03-27,0.073880597015,2023-05-26,1.490000000000,0.300000000000,0.028824008461,-0.019507437210
2023-02-27,0.151075029573,-0.066497339576,0.012882040919,0.018748416519,0.042249801954,0.233727814308,True,False,0.053771471247,2023-03-28,0.072940004979,2023-05-29,1.570000000000,0.320000000000,0.028824008461,-0.020996093750
2023-02-28,0.147740511655,-0.071024069939,0.013377082282,0.012882040919,0.042665262049,0.233727814308,True,False,0.054355919583,2023-03-29,0.069744353438,2023-05-30,1.560000000000,0.300000000000,0.029169542928,-0.013271073974
2023-03-01,0.146292075267,-0.071118006554,0.019741837509,0.013377082282,0.043180621380,0.233727814308,True,False,0.054975124378,2023-03-30,0.079850746269,2023-05-31,1.490000000000,0.210000000000,0.023835958953,-0.015155218773
2023-03-02,0.161009651392,-0.081938137743,0.020791075051,0.019741837509,0.048845234935,0.233727814308,True,False,0.055473006439,2023-03-31,0.082961862308,2023-06-01,1.570000000000,0.430000000000,0.026873010080,-0.024000000000
2023-03-03,0.143184489874,-0.085044388518,0.022244691608,0.020791075051,0.042558815755,0.233727814308,True,False,0.050947575683,2023-04-03,0.078513413734,2023-06-02,1.600000000000,0.420000000000,0.013047897867,-0.006632277082
2023-03-06,0.138294904617,-0.073598498332,0.023121387283,0.022244691608,0.052687599787,0.233727814308,True,False,0.046168958743,2023-04-04,0.063359528487,2023-06-05,1.450000000000,0.140000000000,0.013047897867,0.013190642111
2023-03-07,0.127046925958,-0.060848229498,0.034517766497,0.023121387283,0.066756032172,0.233727814308,True,False,0.073660714286,2023-04-06,0.080605158730,2023-06-06,1.490000000000,0.110000000000,0.030970118453,0.016458852868
2023-03-08,0.117581241873,-0.048377875565,0.034633145203,0.034517766497,0.057434245840,0.233727814308,True,False,0.072420634921,2023-04-07,0.083333333333,2023-06-07,1.590000000000,0.230000000000,0.025373088208,0.005735660848
2023-03-09,0.114781688495,-0.036270809564,0.034633145203,0.034633145203,0.035325365206,0.233727814308,True,False,0.059620596206,2023-04-10,0.069475240207,2023-06-08,1.660000000000,0.370000000000,0.026754368860,0.003483453595
2023-03-10,0.105790694966,-0.013982073399,0.038618925831,0.034633145203,0.030126849894,0.233727814308,True,False,0.043107647345,2023-04-11,0.063321967852,2023-06-09,1.630000000000,0.290000000000,0.016929145974,0.017029802154
2023-03-13,0.108726005355,0.004771285766,0.042048929664,0.038618925831,0.040170258047,0.233727814308,True,False,0.048969696970,2023-04-12,0.058909090909,2023-06-12,1.440000000000,0.030000000000,0.016929145974,0.017670482827
2023-03-14,0.117089544229,0.020852571512,0.056363172660,0.042048929664,0.035356200528,0.233727814308,True,False,0.047101449275,2023-04-13,0.058695652174,2023-06-13,1.310000000000,-0.100000000000,0.006578302716,0.031631382316
2023-03-15,0.134755818246,0.029276311174,0.054791029562,0.056363172660,0.035931307794,0.233727814308,True,False,0.051343570058,2023-04-14,0.046545105566,2023-06-14,1.330000000000,-0.130000000000,0.004396832532,0.034232883558
2023-03-16,0.140370644006,0.026968221726,0.053242493061,0.054791029562,0.036176392923,0.233727814308,True,False,0.028482527525,2023-04-17,0.040689325036,2023-06-15,1.220000000000,-0.240000000000,0.003786025845,0.043239190202
2023-03-17,0.134834646851,0.022125875726,0.067378591406,0.053242493061,0.053989361702,0.233727814308,True,False,0.007495900679,2023-04-18,0.021316467557,2023-06-16,1.340000000000,-0.150000000000,0.002577745248,0.051603206413
2023-03-20,0.148735125908,0.027542439900,0.105236270754,0.067378591406,0.050480769231,0.233727814308,True,False,-0.001388888889,2023-04-19,0.010416666667,2023-06-19,1.290000000000,-0.170000000000,0.002577745248,0.079052369077
2023-03-21,0.151937622869,0.050382413471,0.087265347539,0.105236270754,0.050160944206,0.233727814308,True,False,0.017037387601,2023-04-20,0.033601514434,2023-06-20,1.330000000000,-0.130000000000,-0.001967993974,0.070162297129
2023-03-22,0.184554317885,0.067751270986,0.071011919858,0.087265347539,0.053728949479,0.233727814308,True,False,0.012679032637,2023-04-21,0.023714486969,2023-06-21,1.360000000000,-0.170000000000,-0.006152658354,0.051282051282
2023-03-23,0.212432379257,0.067322228267,0.068324541572,0.071011919858,0.050346297283,0.233727814308,True,False,0.002336448598,2023-04-24,0.017056074766,2023-06-26,1.200000000000,-0.320000000000,-0.012382103606,0.061127744511
2023-03-24,0.222253785510,0.063232914548,0.073850791258,0.068324541572,0.059058260176,0.233727814308,True,False,0.010077337708,2023-04-25,0.021326458870,2023-06-27,1.190000000000,-0.300000000000,-0.015642225987,0.063168366078
2023-03-27,0.224449569193,0.066146098692,0.075481256332,0.073850791258,0.060751398881,0.233727814308,True,False,0.022442712025,2023-04-26,0.022915190172,2023-06-28,1.160000000000,-0.410000000000,-0.015642225987,0.058852867830
2023-03-28,0.212172069687,0.076604830003,0.068808499874,0.075481256332,0.047214854111,0.231032549376,True,False,0.017419962335,2023-04-27,0.020480225989,2023-06-29,1.290000000000,-0.270000000000,-0.011194056676,0.052303860523
2023-03-29,0.205441516492,0.081979209192,0.069896543023,0.068808499874,0.058083511777,0.227500904947,True,False,0.013911813252,2023-04-28,0.025701485499,2023-06-30,1.240000000000,-0.250000000000,0.002053289588,0.052370315215
2023-03-30,0.191618505477,0.085645579804,0.071104387292,0.069896543023,0.057928457021,0.224957415846,True,False,0.034725480995,2023-05-04,0.023932426091,2023-07-03,1.240000000000,-0.330000000000,-0.006732068166,0.055141579732
2023-03-31,0.203488465988,0.078273737266,0.081060606061,0.071104387292,0.057318048520,0.224957415846,True,False,0.034192037471,2023-05-05,0.020608899297,2023-07-04,1.210000000000,-0.390000000000,-0.003293005734,0.058605341246
2023-04-03,0.210482394983,-0.027280124664,0.058956347215,0.081060606061,0.047619047619,0.224957415846,True,False,0.023004694836,2023-05-08,0.024882629108,2023-07-05,1.160000000000,-0.290000000000,-0.003293005734,0.036845983788
2023-04-04,0.218059928273,-0.028173741187,0.070729872084,0.058956347215,0.053661115517,0.224957415846,True,False,0.009702009702,2023-05-09,0.008316008316,2023-07-06,1.140000000000,-0.350000000000,-0.016441421315,0.047350343474
2023-04-06,0.216662108220,-0.019223337723,0.081959020490,0.070729872084,0.046456692913,0.224957415846,True,False,0.015957446809,2023-05-10,0.004856614246,2023-07-07,1.100000000000,-0.490000000000,-0.012220856536,0.073642449789
2023-04-07,0.233762707056,-0.020024385251,0.081729567608,0.081959020490,0.052603892688,0.224957415846,True,True,0.023715415020,2023-05-11,0.015345268542,2023-07-10,1.060000000000,-0.600000000000,-0.014392067378,0.073146541036
2023-04-10,0.198531501465,-0.022202442368,0.079305135952,0.081729567608,0.049580272823,0.224957415846,True,False,0.022647676862,2023-05-12,0.020312864814,2023-07-11,1.140000000000,-0.490000000000,-0.009107932713,0.055651317410
2023-04-11,0.184393454656,-0.028761126411,0.073723536737,0.079305135952,0.040607807178,0.222802731431,True,False,0.012710885140,2023-05-15,0.011093136122,2023-07-12,1.140000000000,-0.300000000000,-0.006589759718,0.054292002935
2023-04-12,0.211056740676,-0.022597768805,0.081734363319,0.073723536737,0.052976658799,0.220530062554,True,False,0.011534025375,2023-05-16,0.016608996540,2023-07-13,1.140000000000,-0.170000000000,-0.000284775688,0.048044422984
2023-04-13,0.200162383988,0.002812890608,0.079751552795,0.081734363319,0.058280590717,0.219547609418,True,False,-0.006846188955,2023-05-17,0.003879507074,2023-07-14,1.140000000000,-0.190000000000,-0.003050164876,0.050012080213
2023-04-14,0.202867281069,0.010835723212,0.086339885544,0.079751552795,0.058653340347,0.219547609418,True,False,0.011636025134,2023-05-18,0.022573888760,2023-07-17,1.160000000000,-0.060000000000,-0.003371437564,0.045999041687
2023-04-17,0.212823371419,0.020604746708,0.073752172833,0.086339885544,0.059583443185,0.219547609418,True,False,0.006045105789,2023-05-19,0.025342943502,2023-07-18,1.220000000000,-0.120000000000,-0.002693759071,0.030014292520
2023-04-18,0.183871895575,0.064792141354,0.062962962963,0.073752172833,0.066754966887,0.219547609418,True,False,0.008576726936,2023-05-22,0.034538711173,2023-07-19,1.280000000000,-0.010000000000,-0.001064586357,-0.005084354056
2023-04-19,0.185185266257,0.069484709013,0.056812592228,0.062962962963,0.073985680191,0.219547609418,True,False,0.009539320614,2023-05-23,0.041647277804,2023-07-20,1.300000000000,-0.030000000000,0.002620441040,0.002566495567
2023-04-20,0.184942368373,0.063122661899,0.062130177515,0.056812592228,0.064397905759,0.219547609418,True,False,0.011592858799,2023-05-24,0.030141432877,2023-07-21,1.320000000000,-0.040000000000,0.003404000411,0.020127871182
2023-04-21,0.173765427125,0.054172369256,0.054080629302,0.062130177515,0.059837993206,0.219277563196,True,False,0.008624708625,2023-05-25,0.037296037296,2023-07-24,1.280000000000,0.080000000000,0.010140701965,0.008229485069
2023-04-24,0.175071934096,0.053644508943,0.042916361863,0.054080629302,0.063807531381,0.218353163119,True,False,0.001624129930,2023-05-26,0.026914153132,2023-07-25,1.290000000000,0.100000000000,0.004223038739,0.000467836257
2023-04-25,0.161415358736,0.053785481024,0.053710937500,0.042916361863,0.074403982185,0.217011563233,True,False,-0.004158964880,2023-05-29,0.022412199630,2023-07-26,1.240000000000,0.080000000000,0.010504108421,0.016486104569
2023-04-26,0.152290825139,0.058443107851,0.062423199803,0.053710937500,0.072251308901,0.215545912445,True,False,-0.002776492365,2023-05-30,0.027070800555,2023-07-27,1.150000000000,-0.140000000000,0.009367945414,0.023195266272
2023-04-27,0.159096809125,0.078945896842,0.059154241017,0.062423199803,0.068820593643,0.213410990360,True,False,0.009534883721,2023-05-31,0.028139534884,2023-07-28,1.180000000000,-0.060000000000,0.005326888456,0.021933962264
2023-04-28,0.154652417626,0.116114867592,0.041939393939,0.059154241017,0.073753280840,0.212530127297,True,False,-0.008390022676,2023-06-01,-0.000453514739,2023-07-31,1.260000000000,0.020000000000,0.007611180326,0.011770244821
2023-05-04,0.152983236862,0.110794528363,0.079587324982,0.041939393939,0.080691642651,0.212278277039,True,False,-0.007699275362,2023-06-02,0.001585144928,2023-08-01,1.260000000000,0.050000000000,0.007762166802,0.026629292221
2023-05-05,0.154547823050,0.141170251906,0.098805375809,0.079587324982,0.069908015769,0.212185779674,True,False,-0.006424965581,2023-06-05,0.012849931161,2023-08-02,1.180000000000,0.020000000000,0.006766345759,0.045960672826
2023-05-08,0.159010667597,0.121687664662,0.089276807980,0.098805375809,0.056256572029,0.211335572929,True,False,-0.003202928392,2023-06-06,0.008922443377,2023-08-03,1.230000000000,0.090000000000,0.005960696183,0.023190442727
2023-05-09,0.163415321094,0.114740051159,0.091521197007,0.089276807980,0.046450939457,0.210625981406,True,False,-0.005690871842,2023-06-07,-0.000910539495,2023-08-04,1.290000000000,0.190000000000,0.006101764354,0.010854503464
2023-05-10,0.162974349790,0.108830685263,0.094302065190,0.091521197007,0.044542849700,0.208988089584,True,False,-0.014081308199,2023-06-08,0.002952532364,2023-08-07,1.300000000000,0.240000000000,0.009124026555,0.016173752311
2023-05-11,0.169125198849,0.095857482045,0.100425745054,0.094302065190,0.018757921420,0.207976005752,True,False,-0.003196347032,2023-06-09,0.006849315068,2023-08-08,1.260000000000,0.120000000000,0.012109622111,0.024959178913
2023-05-12,0.167640406249,0.094295197043,0.086361373818,0.100425745054,0.017324840764,0.207804678408,True,False,-0.003194888179,2023-06-12,0.006846188955,2023-08-09,1.230000000000,0.090000000000,0.011353638945,0.012526096033
2023-05-15,0.175930722391,0.090932906975,0.091407222914,0.086361373818,0.016700404858,0.206032306971,True,False,-0.000456100342,2023-06-13,0.002280501710,2023-08-10,1.280000000000,0.140000000000,0.013290168807,0.009444828381
2023-05-16,0.186453655697,0.089376714574,0.091704147926,0.091407222914,0.026066956300,0.203976728614,True,False,0.002297794118,2023-06-14,0.011259191176,2023-08-11,1.310000000000,0.170000000000,0.018394815517,0.005292222734
2023-05-17,0.184716677090,0.087436927520,0.087978005499,0.091704147926,0.017543859649,0.203022577299,True,False,0.000230043708,2023-06-15,0.015642972165,2023-08-14,1.350000000000,0.190000000000,0.019831359948,-0.002977553825
2023-05-18,0.196103321569,0.079497564138,0.088426853707,0.087978005499,0.011886697016,0.202418967695,True,False,0.007626531084,2023-06-16,0.021724058239,2023-08-15,1.350000000000,0.130000000000,0.026021474393,0.004856614246
2023-05-19,0.202685669574,0.074755713533,0.079800498753,0.088426853707,0.008590197069,0.200689170467,True,True,0.003217651115,2023-06-19,0.018846242243,2023-08-16,1.420000000000,0.140000000000,0.020701283587,0.005807200929
2023-05-22,0.200152098705,0.076845535952,0.085393258427,0.079800498753,0.014676113360,0.200689170467,True,False,0.006683567642,2023-06-20,0.019128831528,2023-08-17,1.460000000000,0.160000000000,0.018915910352,0.011636025134
2023-05-23,0.200152098705,0.083520794267,0.077918844909,0.085393258427,0.017530487805,0.200154670025,True,False,-0.000687600275,2023-06-21,0.012376804951,2023-08-18,1.480000000000,0.160000000000,0.026258642728,0.005106778087
2023-05-24,0.200152098705,0.086509424405,0.085828343313,0.077918844909,0.021617497457,0.200152098705,True,False,0.006008782066,2023-06-26,0.021955165242,2023-08-21,1.440000000000,0.160000000000,0.024235976845,0.014925373134
2023-05-25,0.201164052448,0.085358997180,0.078090027356,0.085828343313,0.019328585961,0.200152098705,True,True,0.009497336113,2023-06-27,0.027102154274,2023-08-22,1.480000000000,0.190000000000,0.027862242487,0.013560907178
2023-05-26,0.198132339783,0.085594818584,0.074812967581,0.078090027356,0.018748416519,0.200152098705,True,False,0.004640371230,2023-06-28,0.030162412993,2023-08-23,1.580000000000,0.340000000000,0.018918839116,-0.001390176089
2023-05-29,0.182988466679,0.081259037418,0.074470734745,0.074812967581,0.012882040919,0.200152098705,True,False,0.005800464037,2023-06-29,0.035034802784,2023-08-24,1.570000000000,0.420000000000,0.019097182206,-0.002081887578
2023-05-30,0.189537608263,0.086875008476,0.067262347977,0.074470734745,0.013377082282,0.200152098705,True,False,0.002073255010,2023-06-30,0.025570145128,2023-08-25,1.570000000000,0.390000000000,0.023251635991,-0.007615970459
2023-05-31,0.172413864907,0.085438268662,0.084202682563,0.067262347977,0.019741837509,0.200152098705,True,False,-0.002058083695,2023-07-03,0.014863937800,2023-08-28,1.470000000000,0.210000000000,0.027807532178,0.015588645882
2023-06-01,0.170340752480,0.085744927065,0.078635014837,0.084202682563,0.020791075051,0.200152098705,True,False,-0.005476951164,2023-07-04,0.017571884984,2023-08-29,1.460000000000,0.200000000000,0.025608192774,-0.007508532423
2023-06-02,0.167835741414,0.073022908250,0.074674527143,0.078635014837,0.022244691608,0.200152098705,True,False,0.008314087760,2023-07-05,0.033949191686,2023-08-30,1.450000000000,0.270000000000,0.027403693661,-0.009060022650
2023-06-05,0.167835741414,0.056519480749,0.060843964671,0.074674527143,0.023121387283,0.200152098705,True,False,0.001836125775,2023-07-06,0.030066559559,2023-08-31,1.510000000000,0.280000000000,0.027403693661,-0.010073260073
2023-06-06,0.167835741414,0.039797544982,0.080337217952,0.060843964671,0.034517766497,0.200152098705,True,False,-0.005265567766,2023-07-07,0.023809523810,2023-09-01,1.500000000000,0.210000000000,0.029352709756,-0.004569339730
2023-06-07,0.170768529536,0.030216631666,0.081824944210,0.080337217952,0.034633145203,0.200152098705,True,False,0.005989403363,2023-07-10,0.034554250173,2023-09-04,1.500000000000,0.200000000000,0.030016904234,-0.007958162801
2023-06-08,0.173716084977,0.019263863560,0.068209800542,0.081824944210,0.034633145203,0.200152098705,True,False,0.000916170408,2023-07-11,0.030920751260,2023-09-05,1.580000000000,0.320000000000,0.023096807010,-0.012744651798
2023-06-09,0.170983224786,0.003033846115,0.069943751528,0.068209800542,0.038618925831,0.199947246314,True,False,0.001602564103,2023-07-12,0.031135531136,2023-09-06,1.530000000000,0.300000000000,0.024638935643,0.002290950745
2023-06-12,0.162216189259,0.001449631372,0.056977305649,0.069943751528,0.042048929664,0.198868366645,True,False,0.005475701574,2023-07-13,0.027834816336,2023-09-07,1.550000000000,0.270000000000,0.024638935643,-0.000912825194
2023-06-13,0.152152462540,-0.005374134109,0.060159458806,0.056977305649,0.056363172660,0.198232130203,True,False,0.008482347547,2023-07-14,0.038743695552,2023-09-08,1.560000000000,0.250000000000,0.025121258906,0.004348821241
2023-06-14,0.146479626818,-0.004464205996,0.045280306660,0.060159458806,0.054791029562,0.198232130203,True,False,0.010579576817,2023-07-17,0.042778288868,2023-09-11,1.640000000000,0.290000000000,0.023884407317,0.002297266253
2023-06-15,0.140862379905,0.001319934067,0.031205335874,0.045280306660,0.053242493061,0.198232130203,True,False,0.011467889908,2023-07-18,0.041743119266,2023-09-12,1.620000000000,0.270000000000,0.009974830662,-0.003682393556
2023-06-16,0.134317575959,0.005838535823,0.007395424081,0.031205335874,0.067378591406,0.198232130203,True,False,0.022451317297,2023-07-19,0.041466208477,2023-09-13,1.510000000000,0.090000000000,0.014660195626,0.006697459584
2023-06-19,0.133107507707,-0.009254267651,0.018665422305,0.007395424081,0.105236270754,0.198232130203,True,False,0.024954212454,2023-07-20,0.045329670330,2023-09-14,1.550000000000,0.090000000000,0.014660195626,0.004370830458
2023-06-20,0.122243577119,-0.035123089765,0.035756571158,0.018665422305,0.087265347539,0.198232130203,True,False,0.019036697248,2023-07-21,0.063302752294,2023-09-15,1.550000000000,0.070000000000,0.016486498919,0.010161662818
2023-06-21,0.098777084814,-0.038845476540,0.024218198918,0.035756571158,0.071011919858,0.198232130203,True,False,0.022283482656,2023-07-24,0.044107512061,2023-09-18,1.520000000000,0.080000000000,0.015433260505,0.000919117647
2023-06-26,0.078758427441,-0.037764272840,0.018479532164,0.024218198918,0.068324541572,0.198232130203,True,False,0.015603487838,2023-07-25,0.040844424048,2023-09-19,1.510000000000,0.030000000000,0.014562388077,0.004382929642
2023-06-27,0.073783749821,-0.034225784552,0.024493641074,0.018479532164,0.073850791258,0.198232130203,True,False,0.021939953811,2023-07-26,0.056351039261,2023-09-20,1.540000000000,-0.040000000000,0.021321244274,0.009280742459
2023-06-28,0.070244154093,-0.035832074323,0.026035502959,0.024493641074,0.075481256332,0.198232130203,True,False,0.023990772780,2023-07-27,0.059746251442,2023-09-21,1.570000000000,0.000000000000,0.023901760844,0.004867872045
2023-06-29,0.069092610584,0.008771778164,0.024292452830,0.026035502959,0.068808499874,0.198232130203,True,False,0.016321839080,2023-07-28,0.054482758621,2023-09-22,1.530000000000,-0.040000000000,0.025012039596,0.010000000000
2023-06-30,0.068255463618,0.010051995537,0.023775894539,0.024292452830,0.069896543023,0.198232130203,True,False,0.010082493126,2023-07-31,0.043767186068,2023-09-25,1.650000000000,0.180000000000,0.020797209997,-0.003665521191
2023-07-03,0.055210511161,0.015791881343,0.017986451764,0.023775894539,0.071104387292,0.198232130203,True,False,0.014915098669,2023-08-01,0.050940798531,2023-09-26,1.590000000000,0.130000000000,0.022986232611,-0.000917010546
2023-07-04,0.056425631977,-0.011294221318,0.033878227908,0.017986451764,0.081060606061,0.198232130203,True,False,0.010994044892,2023-08-02,0.045579477783,2023-09-27,1.610000000000,0.160000000000,0.016907470244,-0.002514285714
2023-07-05,0.052788636213,-0.040257567410,0.022956195830,0.033878227908,0.058956347215,0.198232130203,True,False,0.010309278351,2023-08-03,0.022451317297,2023-09-28,1.610000000000,0.100000000000,0.021489829287,0.009944495837
2023-07-06,0.053998182444,-0.048372084608,0.008083140878,0.022956195830,0.070729872084,0.198232130203,True,False,0.010126582278,2023-08-04,0.012658227848,2023-10-09,1.690000000000,0.190000000000,0.017779963050,0.001836125775
2023-07-07,0.039709568002,-0.046164697477,0.007162661738,0.008083140878,0.081959020490,0.198232130203,True,False,0.011220517518,2023-08-07,0.007556675063,2023-10-10,1.780000000000,0.280000000000,0.011958228050,-0.000916800367
2023-07-10,0.039709568002,-0.038779783895,0.019360858409,0.007162661738,0.081729567608,0.198232130203,True,False,0.009153318078,2023-08-08,-0.004118993135,2023-10-11,1.790000000000,0.210000000000,0.015797645205,0.007376671277
2023-07-11,0.033844778070,-0.025992042556,0.014613778706,0.019360858409,0.079305135952,0.198232130203,True,False,0.008457142857,2023-08-09,-0.001600000000,2023-10-12,1.760000000000,0.230000000000,0.009805595839,-0.000228571429
2023-07-12,0.030357555790,-0.027253460802,0.006910850035,0.014613778706,0.073723536737,0.198232130203,True,False,-0.002722940776,2023-08-10,-0.004992058089,2023-10-13,1.750000000000,0.200000000000,0.003186643673,-0.001598903609
2023-07-13,0.029299086958,-0.038250006120,0.014265991717,0.006910850035,0.081734363319,0.198232130203,True,False,0.000454648784,2023-08-11,0.018185951353,2023-10-16,1.600000000000,0.040000000000,-0.003345290423,0.004557885141
2023-07-14,0.029233201871,-0.038028946920,0.005038937242,0.014265991717,0.079751552795,0.198232130203,True,False,0.004779244424,2023-08-14,0.018661811561,2023-10-17,1.520000000000,-0.120000000000,-0.002500318812,0.005730002292
2023-07-17,0.016659268717,-0.038077539159,0.018963922294,0.005038937242,0.086339885544,0.198232130203,True,False,0.002494331066,2023-08-15,0.020408163265,2023-10-18,1.590000000000,-0.030000000000,0.005136526992,0.017787017787
2023-07-18,0.017750172972,-0.036381636190,0.027177700348,0.018963922294,0.073752172833,0.198232130203,True,False,-0.006721935918,2023-08-16,0.019269549630,2023-10-19,1.560000000000,0.050000000000,0.009158075710,0.014452856160
2023-07-19,0.018838659441,-0.042338746590,0.040958808471,0.027177700348,0.062962962963,0.198232130203,True,False,-0.012285012285,2023-08-17,0.025463480009,2023-10-20,1.570000000000,0.020000000000,0.014646888702,0.024507558406
2023-07-20,0.019924736154,-0.039583178976,0.037604456825,0.040958808471,0.056812592228,0.198232130203,True,False,-0.005851901868,2023-08-18,0.028584289894,2023-10-23,1.530000000000,-0.020000000000,-0.001012301482,0.021947873800
2023-07-21,0.025601078065,-0.035908528923,0.038479477612,0.037604456825,0.062130177515,0.198232130203,True,False,-0.006292134831,2023-08-21,0.027865168539,2023-10-24,1.500000000000,-0.020000000000,0.001791401690,0.022268135904
2023-07-24,0.040026699291,-0.021965085418,0.038578442834,0.038479477612,0.054080629302,0.198232130203,True,False,0.001807501130,2023-08-22,0.032083145052,2023-10-25,1.490000000000,-0.020000000000,-0.000886010417,0.020211299954
2023-07-25,0.063375607211,-0.014347136718,0.024096385542,0.038578442834,0.042916361863,0.198232130203,True,False,0.003389830508,2023-08-23,0.035932203390,2023-10-26,1.480000000000,-0.060000000000,-0.012188243729,0.016091954023
2023-07-26,0.067747692784,-0.010789354233,0.026833217673,0.024096385542,0.053710937500,0.198232130203,True,False,0.004956071187,2023-08-24,0.034016670421,2023-10-27,1.520000000000,-0.050000000000,-0.012342525800,0.023990772780
2023-07-27,0.067522716967,-0.000508121303,0.026540503116,0.026833217673,0.062423199803,0.198232130203,True,False,0.007011988238,2023-08-25,0.048405338159,2023-10-30,1.500000000000,-0.030000000000,-0.013513699431,0.024176836288
2023-07-28,0.081912804189,0.006239545578,0.024662633783,0.026540503116,0.059154241017,0.198232130203,True,False,0.006805807623,2023-08-28,0.047413793103,2023-10-31,1.640000000000,-0.010000000000,-0.016035168948,0.012646585422
2023-07-31,0.085139350265,0.006624089060,0.003185437998,0.024662633783,0.041939393939,0.198232130203,True,False,0.008139271987,2023-08-29,0.039113723717,2023-11-01,1.580000000000,-0.010000000000,-0.016035168948,0.011702615879
2023-08-01,0.081193797525,0.008799745343,0.002491506229,0.003185437998,0.079587324982,0.198232130203,True,False,0.014272768464,2023-08-30,0.045990031717,2023-11-02,1.600000000000,-0.010000000000,-0.006309054458,0.014207149404
2023-08-02,0.067508735304,0.011867696852,0.013049450549,0.002491506229,0.098805375809,0.198232130203,True,False,0.017687074830,2023-08-31,0.044217687075,2023-11-03,1.680000000000,0.070000000000,-0.008410135949,0.013281428899
2023-08-03,0.068597585873,0.010848317788,0.006625542609,0.013049450549,0.089276807980,0.198232130203,True,False,0.018910913648,2023-09-01,0.049669628617,2023-11-06,1.720000000000,0.030000000000,-0.010131938486,0.009392898053
2023-08-04,0.076636769811,0.012284796233,0.000682128240,0.006625542609,0.091521197007,0.198232130203,True,False,0.016983695652,2023-09-04,0.035552536232,2023-11-07,1.830000000000,0.050000000000,-0.006168384523,0.009635237440
2023-08-07,0.066347642066,0.019668390929,0.003641329085,0.000682128240,0.094302065190,0.198232130203,True,False,0.020634920635,2023-09-05,0.034240362812,2023-11-08,1.670000000000,-0.120000000000,-0.006168384523,0.009153318078
2023-08-08,0.068522974593,0.021671446425,0.011225658648,0.003641329085,0.100425745054,0.198232130203,True,False,0.020852221215,2023-09-06,0.027651858568,2023-11-09,1.680000000000,-0.080000000000,0.003222931190,0.009144947417
2023-08-09,0.070468368917,0.020355221810,0.006617982656,0.011225658648,0.086361373818,0.198232130203,True,False,0.025028441411,2023-09-07,0.033674630262,2023-11-10,1.660000000000,-0.090000000000,0.008905840878,0.009151223976
2023-08-10,0.054522148999,0.025759466346,0.006179903868,0.006617982656,0.091407222914,0.198232130203,True,False,0.029538741195,2023-09-08,0.027720972506,2023-11-13,1.660000000000,0.060000000000,0.012915605226,-0.002722323049
2023-08-11,0.057667683920,0.034588964365,0.014243050770,0.006179903868,0.091704147926,0.196610576122,True,False,0.026953567384,2023-09-11,0.030577576444,2023-11-14,1.760000000000,0.240000000000,0.014576342941,0.006153144941
2023-08-14,0.045483409309,0.049269199608,0.017491369390,0.014243050770,0.087978005499,0.192739709500,True,False,0.027369373445,2023-09-12,0.032119429993,2023-11-15,1.800000000000,0.210000000000,0.014576342941,0.003404448479
2023-08-15,0.045291779121,0.059076757344,0.023325635104,0.017491369390,0.088426853707,0.190057832566,True,False,0.025490638394,2023-09-13,0.030002255809,2023-11-16,1.830000000000,0.270000000000,0.018154103440,0.002035278155
2023-08-16,0.053831557889,0.069525192782,0.019783758914,0.023325635104,0.079800498753,0.187224643838,True,False,0.032564450475,2023-09-14,0.035278154681,2023-11-17,1.890000000000,0.320000000000,0.014206627271,-0.008942544154
2023-08-17,0.075997493490,0.076166685163,0.022863741339,0.019783758914,0.085393258427,0.185502363617,True,False,0.049581163686,2023-09-15,0.029431741001,2023-11-20,1.960000000000,0.430000000000,0.017917215204,-0.009172259508
2023-08-18,0.075997493490,0.079752377380,0.015854779412,0.022863741339,0.077918844909,0.185003092844,True,False,0.027815468114,2023-09-18,0.021257349616,2023-11-21,1.970000000000,0.470000000000,0.016544485867,-0.007186166629
2023-08-21,0.088476963864,0.088607674578,0.023760092272,0.015854779412,0.085828343313,0.184773099911,True,False,0.023004059540,2023-09-19,0.020072169599,2023-11-22,1.940000000000,0.450000000000,0.016544485867,-0.000900495272
2023-08-22,0.108489610452,0.096789369567,0.028074245940,0.023760092272,0.078090027356,0.184594907686,True,False,0.030180180180,2023-09-20,0.013063063063,2023-11-23,2.000000000000,0.520000000000,0.023765804228,0.002488687783
2023-08-23,0.151482878701,0.096325565249,0.031988873435,0.028074245940,0.074812967581,0.184433670463,True,False,0.029813943062,2023-09-21,0.007397444519,2023-11-24,1.990000000000,0.470000000000,0.018854882336,0.002928587520
2023-08-24,0.155088221474,0.106054792897,0.038139534884,0.031988873435,0.074470734745,0.184002285345,True,False,0.030323450135,2023-09-22,0.017744833783,2023-11-27,1.840000000000,0.340000000000,0.015445603930,0.003597122302
2023-08-25,0.171568688395,0.128933445882,0.019014891180,0.038139534884,0.067262347977,0.183209323903,True,False,0.026363226679,2023-09-25,0.025912573231,2023-11-28,1.910000000000,0.270000000000,0.020232169688,0.009990917348
2023-08-28,0.180864790548,0.146627642290,0.020174232004,0.019014891180,0.084202682563,0.177695158463,True,True,0.027136129177,2023-09-26,0.031621439785,2023-11-29,1.920000000000,0.340000000000,0.020232169688,0.009299160807
2023-08-29,0.183397748962,0.145475629839,0.019885714286,0.020174232004,0.078635014837,0.177164239430,True,True,0.019656019656,2023-09-27,0.026580299308,2023-11-30,1.900000000000,0.300000000000,0.014049748972,0.008133755084
2023-08-30,0.194122763522,0.148744750876,0.035383903793,0.019885714286,0.074674527143,0.177164239430,True,True,-0.005570409982,2023-09-28,0.022504456328,2023-12-01,1.830000000000,0.150000000000,0.014154522928,0.011751412429
2023-08-31,0.200557772257,0.156505271370,0.031443653890,0.035383903793,0.060843964671,0.177164239430,True,True,-0.016100178891,2023-10-09,0.043828264758,2023-12-04,1.860000000000,0.140000000000,0.013062248626,0.019972764412
2023-09-01,0.202702775169,0.158960112796,0.028879211552,0.031443653890,0.080337217952,0.177164239430,True,True,-0.020262747718,2023-10-10,0.019817412603,2023-12-05,1.850000000000,0.020000000000,0.011193985728,0.019995455578
2023-09-04,0.210210285360,0.168785542088,0.038727524205,0.028879211552,0.081824944210,0.177164239430,True,True,-0.033103754721,2023-10-11,0.016440790935,2023-12-06,1.920000000000,0.250000000000,0.011193985728,0.021768707483
2023-09-05,0.223319813657,0.172143159986,0.030400000000,0.038727524205,0.068209800542,0.177164239430,True,True,-0.030195381883,2023-10-12,0.017984014210,2023-12-07,1.920000000000,0.240000000000,0.009375889504,0.021295876756
2023-09-06,0.224393466607,0.173440770109,0.029008679762,0.030400000000,0.069943751528,0.177164239430,True,True,-0.026637069922,2023-10-13,0.017980022198,2023-12-08,1.980000000000,0.320000000000,0.012501953538,0.021310360462
2023-09-07,0.232982690209,0.182653552862,0.026435733820,0.029008679762,0.056977305649,0.177164239430,True,True,-0.011476495255,2023-10-16,0.003531229309,2023-12-11,2.000000000000,0.340000000000,0.013742274027,0.024567788899
2023-09-08,0.239424607911,0.188073651013,0.039651615861,0.026435733820,0.060159458806,0.177164239430,True,True,-0.012792236436,2023-10-17,0.001985002206,2023-12-12,1.950000000000,0.190000000000,0.014258132307,0.027406568516
2023-09-11,0.244792872662,0.200497328284,0.049896049896,0.039651615861,0.045280306660,0.177164239430,True,True,-0.009247027741,2023-10-18,-0.001981505945,2023-12-13,1.930000000000,0.130000000000,0.014258132307,0.028047952952
2023-09-12,0.244292811426,0.215959185957,0.042899747649,0.049896049896,0.031205335874,0.177164239430,True,True,0.000659920810,2023-10-19,0.009678838539,2023-12-14,1.940000000000,0.110000000000,-0.003169031152,0.025953509366
2023-09-13,0.252029137131,0.235096438217,0.043747136967,0.042899747649,0.007395424081,0.177164239430,True,True,0.005475251862,2023-10-20,0.005256241787,2023-12-15,1.930000000000,0.040000000000,-0.008690181302,0.027972027972
2023-09-14,0.271251698438,0.262649698371,0.049839963420,0.043747136967,0.018665422305,0.177164239430,True,True,-0.014236410699,2023-10-23,-0.013157894737,2023-12-18,1.900000000000,-0.060000000000,-0.001765044989,0.036802890043
2023-09-15,0.297517229423,0.275972051194,0.044077134986,0.049839963420,0.035756571158,0.177164239430,True,True,0.006380638064,2023-10-24,0.008580858086,2023-12-19,1.950000000000,-0.020000000000,-0.003598926343,0.028726532459
2023-09-18,0.327464149833,0.271654392605,0.039044556729,0.044077134986,0.024218198918,0.177164239430,True,True,0.007054673721,2023-10-25,0.013227513228,2023-12-20,1.980000000000,0.040000000000,-0.003598926343,0.019378098242
2023-09-19,0.357526432441,0.261609294019,0.048045977011,0.039044556729,0.018479532164,0.177164239430,True,True,0.002186270223,2023-10-26,0.004591167468,2023-12-21,1.960000000000,-0.040000000000,-0.000362003955,0.028887384338
2023-09-20,0.386270850825,0.234091808427,0.059746251442,0.048045977011,0.024493641074,0.177164239430,True,True,-0.000870700914,2023-10-27,0.006965607314,2023-12-22,2.000000000000,0.010000000000,0.002608820323,0.031895777179
2023-09-21,0.386686911779,0.174792215282,0.054570573336,0.059746251442,0.026035502959,0.177164239430,True,True,0.010464355788,2023-10-30,0.009592326139,2023-12-25,2.000000000000,0.160000000000,0.004536418043,0.025985663082
2023-09-22,0.374702322830,0.172332648370,0.048746838354,0.054570573336,0.024292452830,0.177164239430,True,True,0.013611416026,2023-10-31,0.018221734358,2023-12-26,2.110000000000,0.200000000000,0.000456419478,0.025404676259
2023-09-25,0.398953709379,0.166496659535,0.051170261588,0.048746838354,0.023775894539,0.181395709581,True,True,0.003493449782,2023-11-01,0.015283842795,2023-12-27,2.070000000000,0.150000000000,0.000456419478,0.029438202247
2023-09-26,0.412034158867,0.196633712978,0.049037580202,0.051170261588,0.017986451764,0.183090787250,True,True,0.011391018620,2023-11-02,0.025410733844,2023-12-28,2.180000000000,0.280000000000,0.003373866399,0.025997310623
2023-09-27,0.412034158867,0.224108893443,0.032974582093,0.049037580202,0.033878227908,0.183516285616,True,True,0.031817163343,2023-11-03,0.039211292852,2023-12-29,2.230000000000,0.400000000000,0.002666522444,0.007594371231
2023-09-28,0.425114608355,0.229465116549,0.016265750286,0.032974582093,0.022956195830,0.184002285345,True,True,0.047045454545,2023-11-06,0.055227272727,2024-01-02,2.270000000000,0.410000000000,0.002655460221,-0.012906097018
2023-10-09,0.431034639544,0.230754908402,0.010552879101,0.016265750286,0.008083140878,0.184433670463,True,True,0.039318181818,2023-11-07,0.058636363636,2024-01-03,2.200000000000,0.350000000000,0.003673284081,-0.018712408109
2023-10-10,0.428852185673,0.253081032645,-0.005034324943,0.010552879101,0.007162661738,0.184594907686,False,False,0.048023897059,2023-11-08,0.066176470588,2024-01-04,2.200000000000,0.280000000000,0.002655220328,-0.035064358633
2023-10-11,0.470318809224,0.267254866349,-0.004343850023,-0.005034324943,0.019360858409,0.184773099911,False,False,0.038003663004,2023-11-09,0.066620879121,2024-01-05,2.340000000000,0.420000000000,-0.000631071583,-0.033939662822
2023-10-12,0.440855681964,0.265696967894,0.004346831389,-0.004343850023,0.014613778706,0.185003092844,True,True,0.036031927024,2023-11-10,0.063397947548,2024-01-08,2.260000000000,0.280000000000,-0.001602952657,-0.025527192009
2023-10-13,0.468579106846,0.259308595258,-0.000680580762,0.004346831389,0.006910850035,0.185502363617,False,False,0.009823621344,2023-11-13,0.038401428890,2024-01-09,2.360000000000,0.360000000000,-0.004019261401,-0.021980461812
2023-10-16,0.474109851471,0.264256309517,0.016408386509,-0.000680580762,0.014265991717,0.187224643838,True,True,0.016532618409,2023-11-14,0.038203753351,2024-01-10,2.290000000000,0.340000000000,-0.007110653693,-0.016754850088
2023-10-17,0.483941622585,0.268193879600,0.016795279165,0.016408386509,0.005038937242,0.190057832566,True,True,0.014000000000,2023-11-15,0.029333333333,2024-01-11,2.330000000000,0.400000000000,-0.005412759394,-0.014301430143
2023-10-18,0.486156705965,0.270268976791,0.022840343736,0.016795279165,0.018963922294,0.192244569988,True,True,0.003737085074,2023-11-16,0.019344910969,2024-01-12,2.420000000000,0.480000000000,0.003704391097,-0.005059392873
2023-10-19,0.504677146210,0.265661692779,0.016543706685,0.022840343736,0.027177700348,0.194617903033,True,True,-0.002831627096,2023-11-17,0.015900675234,2024-01-15,2.470000000000,0.540000000000,0.008949954927,-0.002194426158
2023-10-20,0.511178826126,0.261421987663,0.028411633110,0.016543706685,0.040958808471,0.196610576122,True,True,-0.005032822757,2023-11-20,0.022757111597,2024-01-16,2.490000000000,0.590000000000,0.005130973218,0.001088850174
2023-10-23,0.532884933393,0.255720613582,0.026723557152,0.028411633110,0.037604456825,0.198232130203,True,True,-0.012680367293,2023-11-21,0.019020550940,2024-01-17,2.460000000000,0.510000000000,0.006318809411,0.005277044855
2023-10-24,0.532392749053,0.234449969467,0.029941467807,0.026723557152,0.038479477612,0.198868366645,True,True,-0.009851138354,2023-11-22,0.012259194396,2024-01-18,2.450000000000,0.470000000000,0.004478512821,0.011273209549
2023-10-25,0.498745468683,0.217051459616,0.030995475113,0.029941467807,0.038578442834,0.199947246314,True,True,-0.018760907504,2023-11-23,0.011343804538,2024-01-19,2.430000000000,0.470000000000,0.003496759610,-0.000438692696
2023-10-26,0.482629665984,0.197738112103,0.034016670421,0.030995475113,0.024096385542,0.200152098705,True,True,-0.020915032680,2023-11-24,0.012200435730,2024-01-22,2.520000000000,0.520000000000,0.002331086860,-0.000870700914
2023-10-27,0.475943756375,0.178822531792,0.033947841727,0.034016670421,0.026833217673,0.200152098705,True,True,-0.022437971953,2023-11-27,-0.002588996764,2024-01-23,2.440000000000,0.440000000000,0.002778877252,0.004148471616
2023-10-30,0.460405313555,0.165651413744,0.046548592189,0.033947841727,0.026540503116,0.200154670025,True,True,-0.013861815031,2023-11-28,0.002815681178,2024-01-24,2.420000000000,0.310000000000,0.004819673254,0.010524007893
2023-10-31,0.451396118265,0.157552337748,0.047856656838,0.046548592189,0.024662633783,0.200261231055,True,True,0.000870322019,2023-11-29,0.002393385553,2024-01-25,2.440000000000,0.370000000000,0.005822516012,0.008513425016
2023-11-01,0.447534147735,0.148922850378,0.039990962494,0.047856656838,0.003185437998,0.200709342305,True,True,-0.004548408057,2023-11-30,0.001299545159,2024-01-26,2.460000000000,0.280000000000,0.003478800929,0.005460899956
2023-11-02,0.420236780986,0.147626201280,0.042485875706,0.039990962494,0.002491506229,0.201544456729,True,True,-0.003474484256,2023-12-01,0.006731813246,2024-01-29,2.360000000000,0.130000000000,0.000470435935,0.022611394369
2023-11-03,0.406562192297,0.147819074563,0.046300499319,0.042485875706,0.013049450549,0.202689945973,True,True,0.013240720643,2023-12-04,0.007380073801,2024-01-30,2.270000000000,0.000000000000,-0.000985620766,0.039224526601
2023-11-06,0.404718461365,0.139880042963,0.042263122018,0.046300499319,0.006625542609,0.202743901644,True,True,0.001530723814,2023-12-05,0.017712661273,2024-01-31,2.180000000000,-0.020000000000,-0.001054774241,0.041316685585
2023-11-07,0.407996874744,0.126013053582,0.036054421769,0.042263122018,0.000682128240,0.203022577299,True,True,0.003069502302,2023-12-06,0.019951764964,2024-02-01,2.250000000000,0.050000000000,-0.001139544457,0.050827966881
2023-11-08,0.393933358419,0.098483157360,0.031037607612,0.036054421769,0.003641329085,0.203976728614,True,True,0.011248345831,2023-12-07,0.030216144685,2024-02-02,2.190000000000,-0.150000000000,-0.001852631867,0.045005740528
2023-11-09,0.360542961496,0.076640098099,0.024937655860,0.031037607612,0.011225658648,0.206032306971,True,True,0.009465111160,2023-12-08,0.025533788246,2024-02-05,2.150000000000,-0.110000000000,-0.001606210315,0.029840546697
2023-11-10,0.347729233485,0.057382244603,0.035941765241,0.024937655860,0.006617982656,0.207804678408,True,True,0.005306212691,2023-12-11,0.026088879063,2024-02-06,2.290000000000,-0.070000000000,-0.000762379088,0.033825198638
2023-11-13,0.333198819736,0.048651869180,0.027859569649,0.035941765241,0.006179903868,0.208406080146,True,True,-0.001538461538,2023-12-12,0.021758241758,2024-02-07,2.290000000000,0.000000000000,-0.000762379088,0.017488789238
2023-11-14,0.331849565577,0.047825278977,0.030988464148,0.027859569649,0.014243050770,0.210278312766,True,True,-0.006574621959,2023-12-13,0.020162174008,2024-02-08,2.320000000000,-0.010000000000,-0.009889913367,0.017410714286
2023-11-15,0.333534977004,0.056770844671,0.032949672760,0.030988464148,0.017491369390,0.210625981406,True,True,0.005256241787,2023-12-14,0.015768725361,2024-02-19,2.160000000000,-0.260000000000,-0.009449578593,0.011938978554
2023-11-16,0.324519339116,0.076167011074,0.028423189714,0.032949672760,0.023325635104,0.211335572929,True,True,0.002621231979,2023-12-15,0.014635211883,2024-02-20,2.220000000000,-0.250000000000,-0.011868536282,0.002639102705
2023-11-17,0.308024428757,0.080261350414,0.032287198013,0.028423189714,0.019783758914,0.212185779674,True,True,0.006157906312,2023-12-18,0.022212447768,2024-02-21,2.180000000000,-0.310000000000,-0.014913793280,-0.005438329345
2023-11-20,0.312929276349,0.078591790360,0.022845510066,0.032287198013,0.022863741339,0.212278277039,True,True,0.015057573074,2023-12-19,0.027236492471,2024-02-22,2.160000000000,-0.300000000000,-0.014990900648,-0.010936132983
2023-11-21,0.295142344088,0.068993451763,0.017575484452,0.022845510066,0.015854779412,0.212530127297,True,True,0.016139730268,2023-12-20,0.025646694672,2024-02-23,2.120000000000,-0.330000000000,-0.023355749110,-0.012896174863
2023-11-22,0.280311757352,0.062573619535,0.015346422929,0.017575484452,0.023760092272,0.213410990360,True,True,0.021565140062,2023-12-21,0.033125833704,2024-02-26,2.160000000000,-0.270000000000,-0.022451904612,-0.012727671714
2023-11-23,0.245506838832,0.059369566731,0.009658580413,0.015346422929,0.028074245940,0.215545912445,True,True,0.029372496662,2023-12-22,0.034045393858,2024-02-27,2.160000000000,-0.360000000000,-0.023691480364,-0.020697167756
2023-11-24,0.235424019197,0.047120281039,0.007840501792,0.009658580413,0.031988873435,0.217011563233,True,True,0.022070183183,2023-12-25,0.025601412492,2024-02-28,2.160000000000,-0.280000000000,-0.025430060686,-0.021743857360
2023-11-27,0.224668068846,0.026967423353,0.022032374101,0.007840501792,0.038139534884,0.218533818264,True,True,0.018669009444,2023-12-26,0.021304634307,2024-02-29,2.210000000000,-0.210000000000,-0.025430060686,-0.013668908657
2023-11-28,0.219322161598,0.012367901732,0.024719101124,0.022032374101,0.019014891180,0.220530062554,True,False,0.010869565217,2023-12-27,0.012826086957,2024-03-01,2.180000000000,-0.260000000000,-0.028415568495,-0.012987012987
2023-11-29,0.214790711978,0.016584998800,0.028910802331,0.024719101124,0.020174232004,0.220530062554,True,False,0.018494342907,2023-12-28,0.028285465622,2024-03-04,2.120000000000,-0.340000000000,-0.026213904589,-0.002606995438
2023-11-30,0.210167118785,0.021921515070,0.025016752289,0.028910802331,0.019885714286,0.220530062554,True,False,0.010677707562,2023-12-29,0.042057093049,2024-03-05,2.060000000000,-0.300000000000,-0.024819694149,-0.005202688055
2023-12-01,0.204573939781,0.019494202515,0.021139296840,0.025016752289,0.035383903793,0.220530062554,True,False,-0.005355612682,2024-01-02,0.029134532991,2024-03-06,2.140000000000,-0.130000000000,-0.022457001210,-0.004555314534
2023-12-04,0.198858628755,0.015817178721,0.034306081533,0.021139296840,0.031443653890,0.220530062554,True,False,0.017030567686,2024-01-03,0.058515283843,2024-03-07,2.000000000000,-0.180000000000,-0.022457001210,0.012208415086
2023-12-05,0.201169857370,0.007411453346,0.016422547714,0.034306081533,0.028879211552,0.220530062554,True,False,0.014207650273,2024-01-04,0.067759562842,2024-03-08,2.070000000000,-0.180000000000,-0.014614623277,0.002407529000
2023-12-06,0.188695860013,0.002580461018,0.015527950311,0.016422547714,0.038727524205,0.220530062554,True,False,0.016139585605,2024-01-05,0.071319520174,2024-03-11,2.010000000000,-0.180000000000,-0.015464738092,0.005932762030
2023-12-07,0.183269081980,0.007177192318,0.017536071032,0.015527950311,0.030400000000,0.220530062554,True,False,0.016790231138,2024-01-08,0.068687309202,2024-03-12,1.980000000000,-0.170000000000,-0.018409321689,0.013934970139
2023-12-08,0.178509282047,0.004902978961,0.019316163410,0.017536071032,0.029008679762,0.220530062554,True,False,0.022872223444,2024-01-09,0.069056520783,2024-03-13,1.970000000000,-0.320000000000,-0.016614069133,0.008124725516
2023-12-11,0.166320214345,0.003774365751,0.004629629630,0.019316163410,0.026435733820,0.220530062554,True,False,0.022892361875,2024-01-10,0.077701959058,2024-03-14,2.020000000000,-0.270000000000,-0.016614069133,0.004186866461
2023-12-12,0.167327976346,-0.000988236038,-0.001320132013,0.004629629630,0.039651615861,0.220530062554,False,False,0.021839841165,2024-01-11,0.076329141849,2024-03-15,2.040000000000,-0.280000000000,-0.008094921957,-0.004168494954
2023-12-13,0.174039830258,0.004014262131,-0.003739551254,-0.001320132013,0.049896049896,0.220530062554,False,False,0.010239651416,2024-01-12,0.062962962963,2024-03-18,2.040000000000,-0.120000000000,-0.016581721394,-0.010487218702
2023-12-14,0.174002096555,-0.004260696692,0.008997147246,-0.003739551254,0.042899747649,0.220530062554,True,False,0.016122004357,2024-01-15,0.062527233115,2024-03-19,1.880000000000,-0.340000000000,-0.017294866578,0.008554507567
2023-12-15,0.158770205749,-0.006102606276,-0.000435540070,0.008997147246,0.043747136967,0.220530062554,False,False,0.021639344262,2024-01-16,0.066229508197,2024-03-20,1.700000000000,-0.480000000000,-0.011633150531,0.003937007874
2023-12-18,0.140217788469,-0.011603431103,0.006156552331,-0.000435540070,0.049839963420,0.220530062554,True,False,0.016797556719,2024-01-17,0.084205933682,2024-03-21,1.690000000000,-0.470000000000,-0.011555780315,0.011941618753
2023-12-19,0.134260793233,0.000524871784,0.014367816092,0.006156552331,0.044077134986,0.220530062554,True,False,0.006092254134,2024-01-18,0.075500435161,2024-03-22,1.740000000000,-0.380000000000,-0.002864954460,0.016164747564
2023-12-20,0.107560926806,0.005575932843,0.009870585655,0.014367816092,0.039044556729,0.220530062554,True,False,0.008922742111,2024-01-19,0.080304678999,2024-03-25,1.740000000000,-0.420000000000,-0.001972816033,0.023338519671
2023-12-21,0.083824920787,0.027327862331,0.002394427514,0.009870585655,0.048045977011,0.220530062554,True,False,0.004323389537,2024-01-22,0.071984435798,2024-03-26,1.670000000000,-0.490000000000,-0.001111693760,0.024471635150
2023-12-22,0.076899196546,0.028319689822,0.010262008734,0.002394427514,0.059746251442,0.220530062554,True,False,-0.001727488663,2024-01-23,0.074713884690,2024-03-27,1.700000000000,-0.460000000000,0.000837307103,0.028450766837
2023-12-25,0.089806231239,0.023210492518,0.016005262004,0.010262008734,0.054570573336,0.220530062554,True,False,-0.001724881414,2024-01-24,0.078050884002,2024-03-28,1.710000000000,-0.500000000000,0.000837307103,0.019357677079
2023-12-26,0.068567884413,0.016336820528,0.014407334643,0.016005262004,0.048746838354,0.220530062554,True,False,-0.009247311828,2024-01-25,0.096774193548,2024-03-29,1.710000000000,-0.470000000000,0.001284148754,0.019078947368
2023-12-27,0.064072889731,0.008366283620,0.017911751857,0.014407334643,0.051170261588,0.220530062554,True,False,-0.012390514847,2024-01-26,0.105533005768,2024-04-01,1.710000000000,-0.410000000000,0.001243852485,0.015029405358
2023-12-28,0.067932702365,0.089007316272,0.033473730880,0.017911751857,0.049037580202,0.220530062554,True,False,-0.000431220354,2024-01-29,0.107589478223,2024-04-02,1.640000000000,-0.420000000000,-0.003657307617,0.015907605143
2023-12-29,0.063484795137,0.084513370509,0.047790802525,0.033473730880,0.032974582093,0.220530062554,True,False,-0.000430755977,2024-01-30,0.120827051475,2024-04-03,1.680000000000,-0.460000000000,0.000204237901,0.012856831554
2024-01-02,0.065578787448,0.077252551161,0.059250851305,0.047790802525,0.016265750286,0.220530062554,True,False,-0.000858737656,2024-01-31,0.135465865178,2024-04-08,1.720000000000,-0.280000000000,0.000204237901,0.004953693733
2024-01-03,0.070261206217,0.060579512941,0.072447102116,0.059250851305,0.010552879101,0.220530062554,True,False,0.002586206897,2024-02-01,0.160129310345,2024-04-09,1.740000000000,-0.330000000000,-0.000976537314,0.018122270742
2024-01-04,0.043045876762,0.041801394972,0.067967853042,0.072447102116,-0.005034324943,0.220530062554,True,False,0.002575660013,2024-02-02,0.154754239107,2024-04-10,1.710000000000,-0.300000000000,0.000103147245,0.015945827872
2024-01-05,0.066646487591,0.041753495754,0.062414578588,0.067967853042,-0.004343850023,0.220530062554,True,False,-0.000857816856,2024-02-05,0.151619129316,2024-04-11,1.770000000000,-0.210000000000,0.000358087686,0.017452006981
2024-01-08,0.052184298043,0.051478366032,0.055618615210,0.062414578588,0.004346831389,0.220530062554,True,False,-0.002150075253,2024-02-06,0.173081057837,2024-04-12,1.830000000000,-0.140000000000,-0.002789583699,0.012851230669
2024-01-09,0.051874920181,-0.015949405129,0.042376681614,0.055618615210,-0.000680580762,0.220530062554,True,False,0.000430385195,2024-02-07,0.159888099849,2024-04-15,1.790000000000,-0.230000000000,-0.000199007468,0.020188720650
2024-01-10,0.052267386206,-0.008903193586,0.033705357143,0.042376681614,0.016408386509,0.220530062554,True,False,0.004965457686,2024-02-08,0.181131260794,2024-04-16,1.800000000000,-0.240000000000,-0.001565196480,0.020268781670
2024-01-11,0.052809166498,0.001465180611,0.023877957108,0.033705357143,0.016795279165,0.220530062554,True,False,0.000215656675,2024-02-19,0.179426353246,2024-04-17,1.820000000000,-0.220000000000,0.005123815621,0.022521527931
2024-01-12,0.046262841854,0.006818322953,0.021772597317,0.023877957108,0.022840343736,0.220530062554,True,False,-0.004073756432,2024-02-20,0.162307032590,2024-04-18,1.760000000000,-0.120000000000,0.009145626789,0.010439321444
2024-01-15,0.040936522296,0.007121063099,0.016532521209,0.021772597317,0.016543706685,0.220530062554,True,False,-0.005562687206,2024-02-21,0.169020111254,2024-04-19,1.690000000000,-0.010000000000,0.007727571226,0.018082788671
2024-01-16,0.029028610646,0.019494533984,0.022965879265,0.016532521209,0.028411633110,0.220530062554,True,False,-0.004720017164,2024-02-22,0.168633340485,2024-04-22,1.690000000000,0.000000000000,0.011877303606,0.022071678322
2024-01-17,0.020231621839,0.029550529091,0.012240437158,0.022965879265,0.026723557152,0.220530062554,True,False,0.003243944637,2024-02-23,0.151600346021,2024-04-23,1.770000000000,0.030000000000,0.013892798503,0.009152320767
2024-01-18,0.032091538089,0.040854619366,0.012947114330,0.012240437158,0.029941467807,0.220530062554,True,False,0.002372735116,2024-02-26,0.139128559103,2024-04-24,1.800000000000,0.060000000000,0.009143096878,0.002606429192
2024-01-19,0.047004360648,0.053566821825,0.011546840959,0.012947114330,0.030995475113,0.220530062554,True,False,0.000215238915,2024-02-27,0.135385277658,2024-04-25,1.800000000000,0.130000000000,0.008421177887,0.008251900109
2024-01-22,0.058311099787,0.069972019817,0.005653402914,0.011546840959,0.034016670421,0.220530062554,True,False,0.005191434134,2024-02-28,0.144278606965,2024-04-26,1.810000000000,0.110000000000,0.006926990872,-0.000432245515
2024-01-23,0.055345396139,0.073606556238,0.004990236494,0.005653402914,0.033947841727,0.220530062554,True,False,0.004319654428,2024-02-29,0.144492440605,2024-04-29,1.800000000000,0.090000000000,0.001907351235,-0.000431592577
2024-01-24,0.061078363072,0.081555581988,0.001298701299,0.004990236494,0.046548592189,0.220530062554,True,False,0.011287171695,2024-03-01,0.149555024962,2024-04-30,1.850000000000,0.140000000000,0.002863927396,-0.004519044545
2024-01-25,0.065900183656,0.088577019534,0.000434499240,0.001298701299,0.047856656838,0.220530062554,True,False,0.022279904824,2024-03-04,0.130002163098,2024-05-06,1.880000000000,0.170000000000,0.004070880724,-0.011802575107
2024-01-26,0.091927629016,0.098754340081,0.002601344028,0.000434499240,0.039990962494,0.220530062554,True,False,0.031492666091,2024-03-05,0.138481449525,2024-05-07,1.850000000000,0.210000000000,0.009605996794,-0.007936507937
2024-01-29,0.092726768262,0.104406255649,0.005206073753,0.002601344028,0.042485875706,0.220530062554,True,False,0.035121741004,2024-03-06,0.132945485887,2024-05-08,1.850000000000,0.170000000000,0.008609922111,-0.003012048193
2024-01-30,0.091211836111,0.108594108618,0.013080444735,0.005206073753,0.046300499319,0.220530062554,True,False,0.041684572411,2024-03-07,0.128491620112,2024-05-09,1.780000000000,0.060000000000,0.008629569855,-0.004072010287
2024-01-31,0.097073335524,0.115855318796,0.018384766907,0.013080444735,0.042263122018,0.220530062554,True,False,0.050085984523,2024-03-08,0.145743766122,2024-05-10,1.800000000000,0.060000000000,0.002848052691,-0.002144542140
2024-02-01,0.110997544179,0.138158759817,0.025708635465,0.018384766907,0.036054421769,0.220530062554,True,False,0.051594947549,2024-03-11,0.143224149004,2024-05-13,1.730000000000,0.020000000000,0.001788862640,0.003655127929
2024-02-02,0.145154122662,0.165354463679,0.034948020349,0.025708635465,0.031037607612,0.220055067576,True,False,0.051942476926,2024-03-12,0.144022322387,2024-05-14,1.680000000000,-0.090000000000,0.007031496948,0.003216123499
2024-02-05,0.159470477777,0.180141966595,0.019543258674,0.034948020349,0.024937655860,0.220055067576,True,False,0.047403576815,2024-03-13,0.154923507865,2024-05-15,1.820000000000,-0.010000000000,0.007031496948,-0.001505376344
2024-02-06,0.165101526078,0.182247824684,0.020934332305,0.019543258674,0.035941765241,0.218375486604,True,False,0.053129705313,2024-03-14,0.171219617122,2024-05-16,1.900000000000,0.110000000000,0.002408748050,-0.003441600344
2024-02-07,0.174718974658,0.178657463258,0.018429135586,0.020934332305,0.027859569649,0.217011563233,True,False,0.048120300752,2024-03-15,0.161331901182,2024-05-17,1.850000000000,0.050000000000,0.004161373295,0.002375296912
2024-02-08,0.170772296301,0.161631322348,0.018571116452,0.018429135586,0.030988464148,0.215258561039,True,False,0.051962052609,2024-03-18,0.189952565761,2024-05-20,1.860000000000,0.040000000000,0.005651717606,0.006694018571
2024-02-19,0.179975846939,0.128217752722,0.018644439570,0.018571116452,0.032949672760,0.213315206558,True,False,0.049946178687,2024-03-19,0.194617868676,2024-05-21,1.910000000000,0.150000000000,0.004085919054,-0.000430477830
2024-02-20,0.173991343931,0.113698585725,0.015310586177,0.018644439570,0.028423189714,0.212530127297,True,False,0.049483648881,2024-03-20,0.183304647160,2024-05-22,1.910000000000,0.220000000000,0.001675400681,-0.006633854055
2024-02-21,0.172594185245,0.116719231551,0.026536930562,0.015310586177,0.032287198013,0.212237147080,True,False,0.071351584393,2024-03-21,0.159732701013,2024-05-23,1.950000000000,0.260000000000,-0.002663829681,-0.007483429549
2024-02-22,0.174835668170,0.127391605625,0.027236492471,0.026536930562,0.022845510066,0.212237147080,True,False,0.065531364518,2024-03-22,0.139685276999,2024-05-24,1.980000000000,0.210000000000,-0.002714730999,0.001727488663
2024-02-23,0.178863039647,0.132274894427,0.029117581685,0.027236492471,0.017575484452,0.212237147080,True,False,0.068216053368,2024-03-25,0.145470195825,2024-05-27,2.020000000000,0.220000000000,-0.001443294397,0.003032928943
2024-02-26,0.198601655906,0.142919262095,0.034705228031,0.029117581685,0.015346422929,0.212237147080,True,False,0.067140090381,2024-03-26,0.154938670110,2024-05-28,1.960000000000,0.160000000000,0.000313738338,0.001723023907
2024-02-27,0.203960151844,0.146445975014,0.032673927539,0.034705228031,0.009658580413,0.212237147080,True,False,0.071013557134,2024-03-27,0.155153862707,2024-05-29,1.970000000000,0.160000000000,0.001427787083,0.004540540541
2024-02-28,0.199792087491,0.148353700359,0.021777386714,0.032673927539,0.007840501792,0.212237147080,True,False,0.075268817204,2024-03-28,0.146236559140,2024-05-30,1.990000000000,0.190000000000,0.006483391454,0.002806563040
2024-02-29,0.198454040547,0.149179523827,0.019078947368,0.021777386714,0.022032374101,0.212237147080,True,False,0.094655505473,2024-03-29,0.144880875724,2024-05-31,1.940000000000,0.090000000000,0.006234341722,0.004539559014
2024-03-01,0.205162689039,0.146718074236,0.016554127641,0.019078947368,0.024719101124,0.212237147080,True,False,0.095006347863,2024-04-01,0.125476089716,2024-06-03,1.920000000000,0.040000000000,0.004016081035,0.013463626493
2024-03-04,0.198901637450,0.140378004734,0.029636086293,0.016554127641,0.028910802331,0.212237147080,True,False,0.074236721037,2024-04-02,0.116687578419,2024-06-04,1.870000000000,0.020000000000,0.003216986580,0.021621621622
2024-03-05,0.192079549115,0.136518224961,0.043582479843,0.029636086293,0.025016752289,0.212237147080,True,False,0.083263946711,2024-04-03,0.104496253122,2024-06-05,1.880000000000,0.030000000000,0.003481358314,0.033448424687
2024-03-06,0.185956606654,0.132130133500,0.038983415895,0.043582479843,0.021139296840,0.212237147080,True,False,0.090965346535,2024-04-08,0.113036303630,2024-06-06,1.810000000000,0.030000000000,0.003164746299,0.038089089735
2024-03-07,0.175593963798,0.129526517043,0.066593886463,0.038983415895,0.034306081533,0.212237147080,True,False,0.101944728762,2024-04-09,0.108085977482,2024-06-07,1.810000000000,0.010000000000,0.001913253770,0.049860305179
2024-03-08,0.181630286875,0.130033831177,0.066186107471,0.066593886463,0.016422547714,0.212237147080,True,False,0.095276872964,2024-04-10,0.068811074919,2024-06-11,1.810000000000,0.080000000000,0.001830188299,0.045629820051
2024-03-11,0.188972923515,0.124149105414,0.068717277487,0.066186107471,0.015527950311,0.212237147080,True,False,0.095694756172,2024-04-11,0.071822077127,2024-06-12,1.810000000000,0.130000000000,-0.002078021064,0.047018593717
2024-03-12,0.196542090671,0.114879615921,0.062731431061,0.068717277487,0.017536071032,0.212237147080,True,False,0.122402797778,2024-04-12,0.082287595145,2024-06-13,1.830000000000,0.010000000000,-0.004028547672,0.050829205255
2024-03-13,0.216874682332,0.107054350875,0.068685538732,0.062731431061,0.019316163410,0.212237147080,True,True,0.100898692810,2024-04-15,0.072099673203,2024-06-14,1.860000000000,-0.040000000000,-0.001073382272,0.051154759335
2024-03-14,0.226836172316,0.088479662208,0.074465741353,0.068685538732,0.004629629630,0.212530127297,True,True,0.121336339414,2024-04-16,0.086698093872,2024-06-17,1.890000000000,0.040000000000,-0.001413495660,0.050624730720
2024-03-15,0.205199407332,0.061161841581,0.081695738574,0.074465741353,-0.001320132013,0.213315206558,True,False,0.120926419348,2024-04-17,0.082803853249,2024-06-18,1.990000000000,0.130000000000,-0.001255654604,0.050836550837
2024-03-18,0.199070085990,0.047603072955,0.056981296216,0.081695738574,-0.003739551254,0.213315206558,True,False,0.111543981956,2024-04-18,0.086938691819,2024-06-19,1.990000000000,0.080000000000,-0.001717760816,0.046511627907
2024-03-19,0.205161714069,0.039592908677,0.061002178649,0.056981296216,0.008997147246,0.213315206558,True,False,0.120131201312,2024-04-19,0.089175891759,2024-06-20,2.030000000000,0.120000000000,0.001499714638,0.049116760017
2024-03-20,0.201099585527,0.040824373124,0.066433566434,0.061002178649,-0.000435540070,0.213315206558,True,False,0.095975855131,2024-04-22,0.083098591549,2024-06-21,2.000000000000,0.050000000000,0.001586177202,0.051271003878
2024-03-21,0.183257316804,0.031790544170,0.084767923295,0.066433566434,0.006156552331,0.213315206558,True,False,0.077281003439,2024-04-23,0.072223346146,2024-06-24,1.960000000000,-0.020000000000,0.002690879958,0.073076093986
2024-03-22,0.188517611282,0.030863758373,0.074283231972,0.084767923295,0.014367816092,0.213315206558,True,False,0.063859790492,2024-04-24,0.067687348912,2024-06-25,1.930000000000,-0.090000000000,0.010026069585,0.068250539957
2024-03-25,0.210541442409,0.037762869210,0.076221498371,0.074283231972,0.009870585655,0.213315206558,True,False,0.063722524703,2024-04-25,0.066142367413,2024-06-26,1.870000000000,-0.090000000000,0.010026069585,0.065577295205
2024-03-26,0.229371088039,0.051950024494,0.073265614869,0.076221498371,0.002394427514,0.213315206558,True,True,0.062889290737,2024-04-26,0.052039381153,2024-06-27,1.920000000000,-0.050000000000,0.004833830995,0.068876452863
2024-03-27,0.248662774966,0.070887456344,0.076823478636,0.073265614869,0.010262008734,0.215258561039,True,True,0.059800000000,2024-04-29,0.056600000000,2024-06-28,1.920000000000,-0.070000000000,0.005541990140,0.074273412271
2024-03-28,0.291672814076,0.089888724105,0.082203572197,0.076823478636,0.016005262004,0.216715251748,True,True,0.038431372549,2024-04-30,0.038627450980,2024-07-01,1.880000000000,-0.060000000000,0.007599827955,0.082203572197
2024-03-29,0.301799260447,0.103710870686,0.100000000000,0.082203572197,0.014407334643,0.217170993817,True,True,0.009468599034,2024-05-06,0.026280193237,2024-07-02,1.880000000000,-0.040000000000,0.006597114828,0.098350117849
2024-04-01,0.336851317250,0.046011650744,0.105748605749,0.100000000000,0.017911751857,0.218375486604,True,True,0.027447926806,2024-05-07,0.033677243527,2024-07-03,1.880000000000,0.010000000000,0.006597114828,0.091005291005
2024-04-02,0.335155431328,0.064758014943,0.109939759036,0.105748605749,0.033473730880,0.220055067576,True,True,0.010376633359,2024-05-08,0.034012298232,2024-07-04,1.980000000000,0.100000000000,0.005911088248,0.077260388390
2024-04-03,0.381422733033,0.098442710133,0.121088726961,0.109939759036,0.047790802525,0.222520292547,True,True,-0.006995651352,2024-05-09,0.014369446020,2024-07-05,2.000000000000,0.190000000000,0.005441254082,0.084369817579
2024-04-08,0.455259134974,0.120629478170,0.148187861891,0.121088726961,0.059250851305,0.223588226894,True,True,-0.009845810886,2024-05-10,0.008173880736,2024-07-08,2.000000000000,0.190000000000,0.006841923988,0.096008188332
2024-04-09,0.525117528845,0.168541540462,0.154375403139,0.148187861891,0.072447102116,0.224407492254,True,True,-0.007434944238,2024-05-13,-0.002788104089,2024-07-09,2.040000000000,0.230000000000,0.005231261474,0.099979512395
2024-04-10,0.556660171509,0.211276059059,0.155231560892,0.154375403139,0.067967853042,0.224504194106,True,True,-0.007448789572,2024-05-14,0.000744878957,2024-07-10,2.000000000000,0.190000000000,0.008586995843,0.099816289039
2024-04-11,0.642624496392,0.232676046862,0.150107526882,0.155231560892,0.062414578588,0.225210094713,True,True,-0.017595307918,2024-05-15,-0.010813782991,2024-07-11,2.150000000000,0.320000000000,0.009595195723,0.096126255380
2024-04-12,0.703114156948,0.344418123175,0.183910518391,0.150107526882,0.055618615210,0.227469901246,True,True,0.010204081633,2024-05-16,0.013729128015,2024-07-12,2.160000000000,0.300000000000,0.010198358171,0.130184804928
2024-04-15,0.766755460742,0.365245225814,0.169725761175,0.183910518391,0.042376681614,0.230273988581,True,True,-0.011880826174,2024-05-17,-0.003472856882,2024-07-15,2.110000000000,0.220000000000,0.008990033905,0.110723805618
2024-04-16,0.810227302547,0.366281762533,0.177283524077,0.169725761175,0.033705357143,0.233177694421,True,True,0.009142439203,2024-05-20,0.002742731761,2024-07-16,2.200000000000,0.210000000000,0.007972191000,0.112880179628
2024-04-17,0.824927646107,0.384553834203,0.175419715885,0.177283524077,0.023877957108,0.234178035091,True,True,0.023611879727,2024-05-21,0.032835270245,2024-07-17,2.240000000000,0.250000000000,0.005241941079,0.123662551440
2024-04-18,0.844487568301,0.377659211641,0.165204365504,0.175419715885,0.021772597317,0.236424166375,True,True,0.006588579795,2024-05-22,0.016654465593,2024-07-18,2.200000000000,0.170000000000,0.005148242485,0.118069815195
2024-04-19,0.835282976763,0.357453622526,0.169766944623,0.165204365504,0.016532521209,0.240641658790,True,True,-0.012300348816,2024-05-23,0.002019460253,2024-07-19,2.240000000000,0.240000000000,0.005530347574,0.121106557377
2024-04-22,0.795952041382,0.363222737662,0.158281148780,0.169766944623,0.022965879265,0.244417826735,True,True,-0.007136150235,2024-05-24,0.019154929577,2024-07-22,2.210000000000,0.250000000000,0.004087109507,0.077541181197
2024-04-23,0.788833488539,0.354784599277,0.133448873484,0.158281148780,0.012240437158,0.244971364205,True,True,0.007953039197,2024-05-27,0.028214353342,2024-07-23,2.210000000000,0.280000000000,-0.002379100737,0.057824504650
2024-04-24,0.786652547720,0.336481008601,0.138703424510,0.133448873484,0.012947114330,0.246295822866,True,True,0.017440758294,2024-05-28,0.029194312796,2024-07-24,2.200000000000,0.330000000000,-0.000682883665,0.066787732042
2024-04-25,0.674455805111,0.247880520783,0.143351351351,0.138703424510,0.011546840959,0.249504365507,True,True,0.014744801512,2024-05-29,0.018525519849,2024-07-25,2.240000000000,0.320000000000,0.000873960663,0.064840918244
2024-04-26,0.625995889980,0.231567247129,0.150474956822,0.143351351351,0.005653402914,0.256834777458,True,True,0.005850160408,2024-05-30,0.002453293074,2024-07-26,2.280000000000,0.360000000000,0.002030605204,0.067935871743
2024-04-29,0.619955145330,0.220051558980,0.144401210549,0.150474956822,0.004990236494,0.273516713166,True,True,0.007175226586,2024-05-31,0.018693353474,2024-07-29,2.240000000000,0.360000000000,0.000901933649,0.052694372639
2024-04-30,0.620231654002,0.214492148900,0.147882736156,0.144401210549,0.001298701299,0.283152021533,True,True,0.018185298622,2024-06-03,0.029670750383,2024-07-30,2.220000000000,0.340000000000,-0.000423008639,0.031213421771
2024-05-06,0.628124315558,0.216254230050,0.136000000000,0.147882736156,0.000434499240,0.292540196579,True,True,0.011746873816,2024-06-04,0.025009473285,2024-07-31,2.280000000000,0.400000000000,-0.003258682183,0.019204655674
2024-05-07,0.611906791281,0.209632280791,0.136814846785,0.136000000000,0.002601344028,0.295736065422,True,True,0.009128946367,2024-06-05,0.046215290985,2024-08-01,2.140000000000,0.160000000000,-0.004047143153,0.021128125606
2024-05-08,0.583786781608,0.211481119952,0.132128254788,0.136814846785,0.005206073753,0.298587737179,True,True,0.027418126428,2024-06-06,0.042460015232,2024-08-02,2.150000000000,0.150000000000,-0.002679003140,0.005735041101
2024-05-09,0.565900811301,0.210985890912,0.128304319794,0.132128254788,0.013080444735,0.303355552524,True,True,0.015572232645,2024-06-07,0.011257035647,2024-08-05,2.170000000000,0.170000000000,-0.003784971154,-0.019424729174
2024-05-10,0.541606533808,0.211065572115,0.150171379606,0.128304319794,0.018384766907,0.309250640655,True,True,-0.016853932584,2024-06-11,0.001872659176,2024-08-06,2.130000000000,0.090000000000,-0.000649986669,0.000000000000
2024-05-13,0.521970991933,0.204384844889,0.140628339389,0.150171379606,0.025708635465,0.315826792040,True,True,-0.014446529081,2024-06-12,-0.004315196998,2024-08-07,2.160000000000,0.160000000000,-0.003983978719,-0.009465478842
2024-05-14,0.517062522612,0.202452451848,0.147749300022,0.140628339389,0.034948020349,0.325255541795,True,True,-0.018470149254,2024-06-13,-0.002798507463,2024-08-08,2.150000000000,0.000000000000,-0.002227845240,-0.003552729993
2024-05-15,0.519370887366,0.200641247011,0.159076192532,0.147749300022,0.019543258674,0.328560503769,True,True,-0.035996326905,2024-06-14,-0.007162534435,2024-08-09,2.120000000000,-0.040000000000,-0.006789437979,-0.024345930233
2024-05-16,0.507630735392,0.212730946348,0.166953899181,0.159076192532,0.020934332305,0.332186879117,True,True,-0.019237883833,2024-06-17,0.000739918609,2024-08-12,2.050000000000,-0.060000000000,-0.006091091856,0.000000000000
2024-05-17,0.509229488669,0.226193374076,0.161733161733,0.166953899181,0.018429135586,0.333282859053,True,True,-0.042761369813,2024-06-18,-0.007791266534,2024-08-13,2.070000000000,-0.130000000000,-0.004099122354,-0.006603081438
2024-05-20,0.503717103246,0.229413960976,0.195090439276,0.161733161733,0.018571116452,0.333940090585,True,True,-0.044692737430,2024-06-19,-0.013696161471,2024-08-14,2.100000000000,-0.140000000000,-0.001394242881,0.016297381432
2024-05-21,0.514884484239,0.233090902622,0.180741059888,0.195090439276,0.018644439570,0.335579402809,True,True,-0.034000000000,2024-06-20,-0.012545454545,2024-08-15,2.110000000000,-0.090000000000,-0.000260714828,0.006611570248
2024-05-22,0.463871641789,0.226862264297,0.183110728134,0.180741059888,0.015310586177,0.339570796309,True,True,0.000557620818,2024-06-21,0.015799256506,2024-08-16,2.090000000000,-0.150000000000,0.000524755206,0.003838420764
2024-05-23,0.460442733071,0.223595722948,0.156714809226,0.183110728134,0.026536930562,0.350178533224,True,True,0.002458861358,2024-06-24,0.040665783998,2024-08-19,2.100000000000,-0.110000000000,0.000925389601,0.000372856078
2024-05-24,0.452027292040,0.212701843429,0.148812095032,0.156714809226,0.027236492471,0.358280564705,True,True,-0.004320871689,2024-06-25,0.035506293444,2024-08-20,2.170000000000,-0.040000000000,0.000184556606,0.016628440367
2024-05-27,0.439990161762,0.222722499974,0.147710169856,0.148812095032,0.029117581685,0.364082801829,True,True,-0.014905906465,2024-06-26,0.027389603130,2024-08-21,2.140000000000,-0.060000000000,-0.001513132838,0.009646302251
2024-05-28,0.441449330499,0.245787644174,0.148084373655,0.147710169856,0.034705228031,0.376382425380,True,True,-0.024590163934,2024-06-27,0.031110283159,2024-08-22,2.140000000000,-0.100000000000,0.001238465626,0.008698940998
2024-05-29,0.466138513916,0.261503414007,0.156081808396,0.148084373655,0.032673927539,0.382634762481,True,True,-0.008818011257,2024-06-28,0.032645403377,2024-08-23,2.200000000000,-0.080000000000,0.000669305827,0.007693751173
2024-05-30,0.493053934725,0.269088403782,0.144179040241,0.156081808396,0.021777386714,0.386374866064,True,True,-0.006936632921,2024-07-01,0.035995500562,2024-08-26,2.250000000000,0.010000000000,-0.002192956812,0.004344540990
2024-05-31,0.496471564622,0.273334908054,0.144846796657,0.144179040241,0.019078947368,0.388498523439,True,True,-0.001504042113,2024-07-02,0.039293100207,2024-08-27,2.190000000000,-0.030000000000,0.001090362970,0.010783200908
2024-06-03,0.504519108687,0.283232113103,0.120846560847,0.144846796657,0.016554127641,0.395188446159,True,True,-0.005617977528,2024-07-03,0.038389513109,2024-08-28,2.160000000000,-0.120000000000,0.003938409306,0.007993909402
2024-06-04,0.518228302067,0.287974257605,0.116308206306,0.120846560847,0.029636086293,0.400394897376,True,True,0.014134941576,2024-07-04,0.043912551828,2024-08-29,2.080000000000,-0.060000000000,0.003133503295,0.014806378132
2024-06-05,0.529980040554,0.306312834410,0.103648424544,0.116308206306,0.043582479843,0.405179394098,True,True,-0.005744996294,2024-07-05,0.024462564863,2024-08-30,2.020000000000,-0.130000000000,0.004218799385,0.011974909713
2024-06-06,0.534078183774,0.320828616136,0.105015353122,0.103648424544,0.038983415895,0.406920862909,True,True,0.002586366156,2024-07-08,0.016996120451,2024-09-02,1.990000000000,-0.180000000000,0.005140339934,0.028190476190
2024-06-07,0.528617955640,0.335012323066,0.106125793895,0.105015353122,0.066593886463,0.409006195775,True,True,0.021904761905,2024-07-09,0.044952380952,2024-09-03,2.000000000000,-0.130000000000,0.004072489202,0.005587632706
2024-06-11,0.512964454617,0.335474878706,0.068993672178,0.106125793895,0.066186107471,0.412034158867,True,True,0.023034456501,2024-07-10,0.043023034457,2024-09-04,2.130000000000,-0.030000000000,0.004072489202,-0.018737118231
2024-06-12,0.489070126605,0.343739133825,0.079524492724,0.068993672178,0.068717277487,0.414084814397,True,True,0.025850598745,2024-07-11,0.042197300893,2024-09-05,2.120000000000,-0.030000000000,0.003182441322,-0.011634452993
2024-06-13,0.476074315608,0.363931119417,0.081930184805,0.079524492724,0.062731431061,0.421456237828,True,True,0.040960182892,2024-07-12,0.049723756906,2024-09-06,2.090000000000,-0.030000000000,0.007296514326,-0.018808193669
2024-06-14,0.461334710779,0.379576732057,0.080787369284,0.081930184805,0.068685538732,0.426049002684,True,True,0.028291210864,2024-07-15,0.034515277254,2024-09-09,2.030000000000,-0.020000000000,0.006663523887,-0.026952187558
2024-06-17,0.464735915482,0.397754165523,0.077566850378,0.080787369284,0.074465741353,0.429397799141,True,True,0.038046564452,2024-07-16,0.043346583381,2024-09-10,2.030000000000,-0.040000000000,0.005123047840,-0.025295420975
2024-06-18,0.464735915482,0.402526831038,0.087242798354,0.077566850378,0.081695738574,0.433273520099,True,True,0.056215808338,2024-07-17,0.044331258253,2024-09-11,2.060000000000,-0.040000000000,0.005147239243,-0.047927927928
2024-06-19,0.448748886900,0.398161491857,0.089322381930,0.087242798354,0.056981296216,0.440206541813,True,True,0.045548654244,2024-07-18,0.040466779597,2024-09-12,2.010000000000,-0.100000000000,0.004654766323,-0.032110928663
2024-06-20,0.450493947341,0.394771497925,0.096516393443,0.089322381930,0.061002178649,0.441004094098,True,True,0.013932751254,2024-07-19,0.042727103845,2024-09-13,2.010000000000,-0.080000000000,0.004977390846,-0.025673707210
2024-06-21,0.451970682570,0.399221649975,0.079951787867,0.096516393443,0.066433566434,0.442970534808,True,True,0.023962264151,2024-07-22,0.060566037736,2024-09-18,2.000000000000,-0.100000000000,0.004509686940,0.001863585539
2024-06-24,0.402547545171,0.396422012241,0.069551152446,0.079951787867,0.084767923295,0.447837832526,True,False,0.024528301887,2024-07-23,0.054905660377,2024-09-19,2.020000000000,-0.150000000000,0.003918350148,-0.005452152660
2024-06-25,0.375650807630,0.383086841595,0.069814366425,0.069551152446,0.074283231972,0.447837832526,True,False,0.026858331757,2024-07-24,0.062795536221,2024-09-20,2.030000000000,-0.110000000000,0.003805433363,-0.006744098913
2024-06-26,0.377258933204,0.382581115526,0.061417639952,0.069814366425,0.076221498371,0.447837832526,True,False,0.029029793736,2024-07-25,0.085752482811,2024-09-23,2.010000000000,-0.130000000000,0.005047543134,-0.011811023622
2024-06-27,0.362973324645,0.376184057955,0.050501002004,0.061417639952,0.073265614869,0.447837832526,True,False,0.005489305319,2024-07-26,0.083286011736,2024-09-24,2.060000000000,-0.140000000000,0.004152007468,-0.023836126629
2024-06-28,0.331376374878,0.382781674917,0.053290912706,0.050501002004,0.076823478636,0.447837832526,True,False,0.018501038324,2024-07-29,0.080611666981,2024-09-25,2.030000000000,-0.220000000000,0.006494057110,-0.003761519654
2024-07-01,0.314868538206,0.388005708483,0.033749512290,0.053290912706,0.082203572197,0.447837832526,True,False,0.012803615138,2024-07-30,0.084541517605,2024-09-26,2.080000000000,-0.110000000000,0.005164977022,-0.008235073929
2024-07-02,0.274683730703,0.363253296524,0.029291949564,0.033749512290,0.100000000000,0.447837832526,True,False,0.018832391714,2024-07-31,0.083050847458,2024-09-27,2.160000000000,0.000000000000,0.006221793835,0.001888217523
2024-07-03,0.267722521677,0.338412905779,0.035084318666,0.029291949564,0.105748605749,0.447837832526,True,False,0.022300687605,2024-08-01,0.048875673667,2024-09-30,2.130000000000,0.050000000000,0.007549208171,-0.001122334456
2024-07-04,0.220161662550,0.303001797127,0.025616516918,0.035084318666,0.109939759036,0.447837832526,True,False,0.020503261883,2024-08-02,0.059086672880,2024-10-08,2.090000000000,0.070000000000,0.004518567034,0.007700976709
2024-07-05,0.154457218538,0.278111047665,0.005042958536,0.025616516918,0.121088726961,0.447837832526,True,False,-0.006817763037,2024-08-05,0.044776119403,2024-10-09,2.090000000000,0.100000000000,0.004044405813,-0.003149314561
2024-07-08,0.081179447168,0.207226490292,0.002793816353,0.005042958536,0.148187861891,0.447837832526,True,False,-0.002795899348,2024-08-06,0.052562907735,2024-10-10,2.000000000000,0.000000000000,0.003497690120,-0.002778292276
2024-07-09,0.061576364042,0.165528557376,-0.004825538233,0.002793816353,0.154375403139,0.447837832526,False,False,-0.012467435802,2024-08-07,0.063453665798,2024-10-11,2.010000000000,-0.120000000000,0.003470154673,0.023868627077
2024-07-10,0.000000000000,0.132146038673,0.009162303665,-0.004825538233,0.155231560892,0.447837832526,True,False,-0.009634982398,2024-08-08,0.069112469891,2024-10-14,2.040000000000,-0.080000000000,0.004082467215,0.024681982153
2024-07-11,-0.040125760476,0.102552827793,-0.015806686047,0.009162303665,0.150107526882,0.447837832526,False,False,-0.010614934114,2024-08-09,0.057101024890,2024-10-15,2.010000000000,-0.080000000000,-0.000364486875,0.028088821408
2024-07-12,-0.081175270079,0.079345812740,0.005353516707,-0.015806686047,0.183910518391,0.447837832526,True,False,-0.007703595011,2024-08-12,0.073550990462,2024-10-16,1.950000000000,-0.080000000000,0.000182229903,0.033200531208
2024-07-15,-0.107373782247,0.067537923730,-0.001834189288,0.005353516707,0.169725761175,0.447837832526,False,False,-0.001458789205,2024-08-13,0.074215900802,2024-10-17,1.940000000000,-0.090000000000,0.000182229903,0.030877060049
2024-07-16,-0.124933763021,0.055157837199,0.008057132393,-0.001834189288,0.177283524077,0.447837832526,True,False,-0.022504018575,2024-08-14,0.064654402572,2024-10-18,1.960000000000,-0.100000000000,0.002445260142,0.041824375473
2024-07-17,-0.131293500323,0.065815612429,0.024058769513,0.008057132393,0.175419715885,0.447837832526,True,False,-0.022322232223,2024-08-15,0.079207920792,2024-10-21,1.910000000000,-0.100000000000,-0.001269031176,0.051083883129
2024-07-18,-0.125215581367,0.077778659656,0.018643757997,0.024058769513,0.165204365504,0.447837832526,True,False,0.001282521070,2024-08-16,0.102601685599,2024-10-22,1.900000000000,-0.110000000000,-0.001831045898,0.041487572416
2024-07-19,-0.104325325455,0.072005859973,0.011372110365,0.018643757997,0.169766944623,0.447837832526,True,False,0.013819789939,2024-08-19,0.113322277501,2024-10-23,1.890000000000,-0.110000000000,-0.000650852349,0.009114583333
2024-07-22,-0.102403277711,0.078810274098,0.036123853211,0.011372110365,0.158281148780,0.447837832526,True,False,0.015101289134,2024-08-20,0.104972375691,2024-10-24,1.930000000000,-0.090000000000,-0.000650852349,0.024763705104
2024-07-23,-0.102385251323,0.104465174826,0.020238320409,0.036123853211,0.133448873484,0.447837832526,True,False,0.015656658685,2024-08-21,0.104070731258,2024-10-25,1.960000000000,-0.070000000000,-0.000063789333,0.017351942663
2024-07-24,-0.042419923145,0.177323634043,0.033472012103,0.020238320409,0.138703424510,0.447837832526,True,False,0.027282850780,2024-08-22,0.110987379362,2024-10-28,1.960000000000,-0.050000000000,-0.004752352377,0.036805160311
2024-07-25,0.000408263304,0.200753156874,-0.000375304935,0.033472012103,0.143351351351,0.447837832526,False,False,0.036144578313,2024-08-23,0.136295180723,2024-10-29,2.000000000000,-0.060000000000,-0.008711230745,0.016215185044
2024-07-26,0.017970922231,0.217810304706,0.010578012845,-0.000375304935,0.150474956822,0.447837832526,True,False,0.024281742354,2024-08-26,0.132715477294,2024-10-30,1.990000000000,-0.040000000000,-0.005028846345,0.010005663583
2024-07-29,0.017049608542,0.255927190504,0.019107075293,0.010578012845,0.144401210549,0.447837832526,True,False,0.027700316044,2024-08-27,0.141476110801,2024-10-31,1.930000000000,-0.150000000000,-0.005028846345,0.016606906964
2024-07-30,0.019390808138,0.260844931429,0.026646364675,0.019107075293,0.147882736156,0.447837832526,True,False,0.024953789279,2024-08-28,0.112199630314,2024-11-01,1.920000000000,-0.240000000000,-0.008727947495,0.016584998115
2024-07-31,0.050176859721,0.266452571442,0.031890660592,0.026646364675,0.136000000000,0.447837832526,True,False,0.006907834939,2024-08-29,0.092710416288,2024-11-04,1.900000000000,-0.230000000000,-0.010301273743,0.017977528090
2024-08-01,0.074558107084,0.271859398124,0.041627067098,0.031890660592,0.136814846785,0.447837832526,True,False,0.009680365297,2024-08-30,0.096438356164,2024-11-05,1.850000000000,-0.240000000000,-0.005624001591,0.021435228332
2024-08-02,0.080964842282,0.269638309357,0.048571428571,0.041627067098,0.132128254788,0.447837832526,True,False,0.021335807050,2024-09-02,0.118367346939,2024-11-06,1.790000000000,-0.300000000000,-0.016850579727,0.023044043858
2024-08-05,0.093800644354,0.262588749827,-0.000558763271,0.048571428571,0.128304319794,0.447837832526,False,False,0.025420560748,2024-09-03,0.096261682243,2024-11-07,1.760000000000,-0.240000000000,-0.016850579727,-0.003343239227
2024-08-06,0.093960891484,0.248409610319,-0.001873711823,-0.000558763271,0.150171379606,0.447837832526,False,False,0.032410024496,2024-09-04,0.116449971735,2024-11-08,1.710000000000,-0.300000000000,-0.017711293162,-0.006527415144
2024-08-07,0.097502579756,0.262591153774,0.004316006755,-0.001873711823,0.140628339389,0.447837832526,True,False,0.025818521983,2024-09-05,0.104022450889,2024-11-11,1.780000000000,-0.260000000000,-0.016312154478,-0.008337965536
2024-08-08,0.113801676193,0.296258775461,-0.003910614525,0.004316006755,0.147749300022,0.447837832526,False,False,0.019237883833,2024-09-06,0.078431372549,2024-11-12,1.850000000000,-0.160000000000,-0.011206210369,-0.012553073657
2024-08-09,0.132967334787,0.311185011100,-0.003876684512,-0.003910614525,0.159076192532,0.447837832526,False,False,0.013863216266,2024-09-09,0.073012939002,2024-11-13,1.870000000000,-0.080000000000,-0.013490806286,-0.009181050312
2024-08-12,0.124871724950,0.311828889998,0.003877400295,-0.003876684512,0.166953899181,0.447837832526,True,False,0.006574141709,2024-09-10,0.045288531775,2024-11-14,1.840000000000,-0.100000000000,-0.013490806286,-0.000918779860
2024-08-13,0.145755220161,0.313883098759,-0.013693693694,0.003877400295,0.161733161733,0.447837832526,False,False,0.011511054266,2024-09-11,0.043486205006,2024-11-15,1.790000000000,-0.170000000000,-0.019383343920,-0.005631244323
2024-08-14,0.143375241542,0.307070926990,-0.004561211458,-0.013693693694,0.195090439276,0.447837832526,False,False,0.017860430860,2024-09-12,0.058368624563,2024-11-18,1.760000000000,-0.150000000000,-0.017153689439,-0.021520803443
2024-08-15,0.160181097499,0.272731689797,-0.008922068463,-0.004561211458,0.180741059888,0.447837832526,False,False,0.027081427264,2024-09-13,0.063311985361,2024-11-19,1.770000000000,-0.130000000000,-0.013499020620,-0.023326753992
2024-08-16,0.157202600767,0.252957099521,0.016213194186,-0.008922068463,0.183110728134,0.447837832526,True,False,0.021628498728,2024-09-18,0.072337331879,2024-11-20,1.800000000000,-0.090000000000,-0.016889260393,0.005161290323
2024-08-19,0.147415907535,0.235960706281,0.036473021245,0.016213194186,0.156714809226,0.447837832526,True,False,0.014332365747,2024-09-19,0.072931785196,2024-11-21,1.810000000000,-0.120000000000,-0.016889260393,0.016971038554
2024-08-20,0.138338237421,0.195762069283,0.032783814163,0.036473021245,0.148812095032,0.447837832526,True,False,0.019042437432,2024-09-20,0.082335872325,2024-11-22,1.790000000000,-0.170000000000,-0.023626195355,0.022061549870
2024-08-21,0.124388797059,0.158401701687,0.038057742782,0.032783814163,0.147710169856,0.447837832526,True,False,0.027100271003,2024-09-23,0.085636856369,2024-11-25,1.750000000000,-0.210000000000,-0.018279910266,0.013174748399
2024-08-22,0.100489796275,0.123091119344,0.028491620112,0.038057742782,0.148084373655,0.447837832526,True,False,0.039789244186,2024-09-24,0.060138081395,2024-11-26,1.720000000000,-0.280000000000,-0.012885065465,0.036793692510
2024-08-23,0.083907962104,0.102827083885,0.035170208764,0.028491620112,0.156081808396,0.447837832526,True,False,0.035830618893,2024-09-25,0.060441549041,2024-11-27,1.760000000000,-0.230000000000,-0.020263176916,0.028785046729
2024-08-26,0.083147194389,0.091450796869,0.036496350365,0.035170208764,0.144179040241,0.447837832526,True,False,0.041968162084,2024-09-26,0.054811866860,2024-11-28,1.680000000000,-0.250000000000,-0.020263176916,0.028030443661
2024-08-27,0.080645172351,0.082104574949,0.044939577039,0.036496350365,0.144846796657,0.447837832526,True,False,0.037150586114,2024-09-27,0.060234445446,2024-11-29,1.670000000000,-0.250000000000,-0.016838584275,0.025954764553
2024-08-28,0.083592865048,0.081870499401,0.034044145155,0.044939577039,0.120846560847,0.447837832526,True,False,0.018956490341,2024-09-30,0.056147319011,2024-12-02,1.680000000000,-0.220000000000,-0.013051262787,0.016924208977
2024-08-29,0.094285492920,0.072271201859,0.039631855748,0.034044145155,0.116308206306,0.447837832526,True,False,0.027858176556,2024-10-08,0.070369030391,2024-12-03,1.690000000000,-0.160000000000,-0.021655898128,0.010036496350
2024-08-30,0.098592715130,0.065077043449,0.022971470915,0.039631855748,0.103648424544,0.447837832526,True,False,0.029972752044,2024-10-09,0.074477747502,2024-12-04,1.710000000000,-0.080000000000,-0.010584779408,0.003088101726
2024-09-02,0.100147168649,0.056894315138,0.017040192628,0.022971470915,0.105015353122,0.447837832526,True,False,0.029347429821,2024-10-10,0.082209259934,2024-12-05,1.760000000000,0.000000000000,-0.010584779408,0.023294819232
2024-09-03,0.114113882359,0.049395036882,0.050410540386,0.017040192628,0.106125793895,0.447837832526,True,False,0.043073553568,2024-10-11,0.070633327249,2024-12-06,1.760000000000,0.050000000000,-0.005369105019,0.032663788249
2024-09-04,0.120676801951,0.049296320925,0.037212834631,0.050410540386,0.068993672178,0.447837832526,True,False,0.052343607514,2024-10-14,0.083530913733,2024-12-09,1.730000000000,-0.050000000000,-0.008487536001,0.020739910314
2024-09-05,0.116606036581,0.036768109539,0.044220914785,0.037212834631,0.079524492724,0.447837832526,True,False,0.048275862069,2024-10-15,0.083484573503,2024-12-10,1.700000000000,-0.150000000000,-0.013343955249,0.028603477285
2024-09-06,0.111275979679,0.038939738266,0.046670461013,0.044220914785,0.081930184805,0.447837832526,True,False,0.067092069280,2024-10-16,0.098997265269,2024-12-11,1.700000000000,-0.170000000000,-0.011109175175,0.022424017791
2024-09-09,0.113758599288,0.034314099758,0.037507103618,0.046670461013,0.080787369284,0.447837832526,True,False,0.068759071118,2024-10-17,0.095428156749,2024-12-12,1.690000000000,-0.150000000000,-0.011109175175,0.007356998345
2024-09-10,0.114999602190,0.034218809337,0.043338380015,0.037507103618,0.077566850378,0.447837832526,True,False,0.076770231214,2024-10-18,0.086705202312,2024-12-13,1.660000000000,-0.130000000000,-0.001706841567,0.007124588966
2024-09-11,0.120827121855,0.042388509480,0.044674835061,0.043338380015,0.087242798354,0.447837832526,True,False,0.084479015919,2024-10-21,0.075434153401,2024-12-16,1.630000000000,-0.130000000000,-0.002571649038,0.015762463343
2024-09-12,0.119581481424,0.040069543242,0.033638572229,0.044674835061,0.089322381930,0.447837832526,True,False,0.072153928381,2024-10-22,0.061286299662,2024-12-17,1.610000000000,-0.160000000000,-0.008423493852,0.016167554657
2024-09-13,0.116626562163,0.034301986550,0.043712797619,0.033638572229,0.096516393443,0.447837832526,True,False,0.074897705035,2024-10-23,0.057107276285,2024-12-18,1.630000000000,-0.170000000000,-0.008606457531,0.028974876215
2024-09-18,0.158498994531,0.029943740653,0.060302457467,0.043712797619,0.079951787867,0.447837832526,True,False,0.073153282060,2024-10-24,0.049365050975,2024-12-19,1.580000000000,-0.230000000000,-0.008606457531,0.017413386541
2024-09-19,0.160402534389,0.018969214346,0.056205205583,0.060302457467,0.069551152446,0.447837832526,True,False,0.066737853711,2024-10-25,0.045915643353,2024-12-20,1.580000000000,-0.210000000000,-0.006497174347,0.015780881553
2024-09-20,0.155491203813,-0.014488454280,0.074369189907,0.056205205583,0.069814366425,0.447837832526,True,False,0.052946350044,2024-10-28,0.041160949868,2024-12-23,1.560000000000,-0.190000000000,-0.012627784912,0.022756005057
2024-09-23,0.155028904042,-0.025724827294,0.089469668066,0.074369189907,0.061417639952,0.447837832526,True,False,0.054691595317,2024-10-29,0.035820373930,2024-12-24,1.580000000000,-0.140000000000,-0.014533624836,0.034039471302
2024-09-24,0.158582111966,-0.034383223906,0.075514442137,0.089469668066,0.050501002004,0.447837832526,True,False,0.067610062893,2024-10-30,0.036338225017,2024-12-25,1.580000000000,-0.180000000000,-0.014799747049,0.035065406977
2024-09-25,0.172925344427,-0.031453667706,0.083223249670,0.075514442137,0.053290912706,0.447837832526,True,False,0.065972222222,2024-10-31,0.033854166667,2024-12-26,1.550000000000,-0.130000000000,-0.011678611580,0.036475261827
2024-09-26,0.208280338265,-0.026854232727,0.083867320015,0.083223249670,0.033749512290,0.447837832526,True,False,0.046252825596,2024-11-01,0.034602677795,2024-12-27,1.610000000000,-0.060000000000,-0.020907621031,0.039212143115
2024-09-27,0.228180537121,-0.025361072186,0.068913857678,0.083867320015,0.029291949564,0.447837832526,True,False,0.065024805103,2024-11-04,0.051381998583,2024-12-30,1.630000000000,-0.050000000000,-0.021245081800,0.032561505065
2024-09-30,0.239874365270,-0.027874300285,0.063746505126,0.068913857678,0.035084318666,0.447837832526,True,False,0.056494192186,2024-11-05,0.040830693418,2024-12-31,1.600000000000,-0.090000000000,-0.015981445540,0.031074977416
2024-10-08,0.265885188850,-0.043853729059,0.061884408103,0.063746505126,0.025616516918,0.447837832526,True,False,0.063139329806,2024-11-06,,,1.630000000000,-0.080000000000,-0.008497764489,0.034770010866
2024-10-09,0.250280522753,-0.049757145212,0.047548291233,0.061884408103,0.005042958536,0.447837832526,True,False,0.038604568798,2024-11-07,,,1.770000000000,0.010000000000,0.000488004401,0.027135312329
2024-10-10,0.210535391501,-0.062771343398,0.058560238717,0.047548291233,0.002793816353,0.447837832526,True,False,0.036745406824,2024-11-08,,,1.770000000000,0.010000000000,-0.005420556548,0.031812397746
2024-10-11,0.187198094548,-0.084725480833,0.063368538077,0.058560238717,-0.004825538233,0.447837832526,True,False,0.022703639515,2024-11-11,,,1.760000000000,0.030000000000,-0.005564088955,0.050521691378
2024-10-14,0.181003301299,-0.075173712422,0.070518737308,0.063368538077,0.009162303665,0.447837832526,True,False,0.009349030471,2024-11-12,,,1.750000000000,0.050000000000,-0.002468794536,0.053980370774
2024-10-15,0.192639227811,-0.069783440397,0.064818215204,0.070518737308,-0.015806686047,0.447837832526,True,False,-0.008200922604,2024-11-13,,,1.750000000000,0.050000000000,0.005898894222,0.051114736270
2024-10-16,0.210399271421,-0.052732881588,0.081220139655,0.064818215204,0.005353516707,0.447837832526,True,False,-0.028348327958,2024-11-14,,,1.750000000000,0.060000000000,0.006013771134,0.074310754062
2024-10-17,0.263476718796,-0.036941590069,0.072661217075,0.081220139655,-0.001834189288,0.447837832526,True,False,-0.041939271934,2024-11-15,,,1.750000000000,0.090000000000,0.000074977174,0.071104661709
2024-10-18,0.302273553547,-0.030096728762,0.066176470588,0.072661217075,0.008057132393,0.447837832526,True,False,-0.041201000834,2024-11-18,,,1.790000000000,0.160000000000,-0.001517790198,0.072717430530
2024-10-21,0.351418581100,-0.021642685447,0.080208146420,0.066176470588,0.024058769513,0.447837832526,True,False,-0.034396809571,2024-11-19,,,1.770000000000,0.160000000000,-0.000124317832,0.088410775628
2024-10-22,0.400867256258,-0.015167256396,0.109308755760,0.080208146420,0.018643757997,0.447837832526,True,False,-0.023502151605,2024-11-20,,,1.880000000000,0.250000000000,0.004896493452,0.072536089824
2024-10-23,0.423086697410,0.001391484781,0.117137059583,0.109308755760,0.011372110365,0.447837832526,True,False,-0.014333333333,2024-11-21,,,1.870000000000,0.290000000000,0.004940149275,0.079693349973
2024-10-24,0.507646097274,0.004546664484,0.111420096403,0.117137059583,0.036123853211,0.447837832526,True,True,-0.004337671004,2024-11-22,,,1.930000000000,0.350000000000,0.007558657559,0.070535714286
2024-10-25,0.578372192097,0.022359187870,0.097529734675,0.111420096403,0.020238320409,0.449185152010,True,True,0.003842298697,2024-11-25,,,1.910000000000,0.350000000000,0.013078224423,0.059155924422
2024-10-28,0.585618754165,0.044036789592,0.129528815468,0.097529734675,0.033472012103,0.449185152010,True,True,-0.033300198807,2024-11-26,,,1.960000000000,0.380000000000,0.013078224423,0.053580808965
2024-10-29,0.599823543549,0.040750694463,0.134205607477,0.129528815468,-0.000375304935,0.450719490072,True,True,-0.041073474063,2024-11-27,,,1.990000000000,0.410000000000,0.018846232572,0.065121994032
2024-10-30,0.594316355913,0.024916939118,0.139780954149,0.134205607477,0.010578012845,0.450719490072,True,True,-0.050325732899,2024-11-28,,,1.980000000000,0.430000000000,0.013151056571,0.069686411150
2024-10-31,0.594436156830,0.030392659981,0.131442343344,0.139780954149,0.019107075293,0.450719490072,True,True,-0.022935017451,2024-11-29,,,1.950000000000,0.340000000000,0.021318231067,0.061206746653
2024-11-01,0.609775281295,0.036710197856,0.113134657837,0.131442343344,0.026646364675,0.450719490072,True,True,-0.026784228914,2024-12-02,,,1.950000000000,0.320000000000,0.022576401169,0.060091100210
2024-11-04,0.650970693455,0.038511662670,0.095985401460,0.113134657837,0.031890660592,0.450719490072,True,True,-0.014326170248,2024-12-03,,,2.040000000000,0.440000000000,0.022576401169,0.052391799544
2024-11-05,0.679566289507,0.053799690156,0.091008174387,0.095985401460,0.041627067098,0.450719490072,True,True,-0.018745852687,2024-12-04,,,2.030000000000,0.400000000000,0.010263376886,0.051102555128
2024-11-06,0.689171368880,0.062412754235,0.117033171823,0.091008174387,0.048571428571,0.450719490072,True,True,0.012276214834,2024-12-05,,,1.990000000000,0.220000000000,0.015544381101,0.062765957447
2024-11-07,0.683610614457,0.081787623110,0.100056316876,0.117033171823,-0.000558763271,0.450719490072,True,True,-0.009957805907,2024-12-06,,,2.040000000000,0.270000000000,0.009572972027,0.032417195208
2024-11-08,0.661627267979,0.070982923272,0.102017937220,0.100056316876,-0.001873711823,0.450719490072,True,True,0.006778512117,2024-12-09,,,1.980000000000,0.220000000000,0.017814223102,0.027705175118
2024-11-11,0.510870465657,0.042477159314,0.103944662554,0.102017937220,0.004316006755,0.450719490072,True,True,0.024013722127,2024-12-10,,,1.950000000000,0.200000000000,0.017814223102,0.018279013623
2024-11-12,0.431210776004,0.015181095286,0.076167531505,0.103944662554,-0.003910614525,0.450719490072,True,False,0.038415159345,2024-12-11,,,1.950000000000,0.200000000000,0.015275208789,0.001379548198
2024-11-13,0.424650297122,0.003820825579,0.066029060143,0.076167531505,-0.003876684512,0.449185152010,True,False,0.054856743536,2024-12-12,,,2.080000000000,0.330000000000,0.014792184346,-0.014955812373
2024-11-14,0.357833700074,0.001938695206,0.037632444282,0.066029060143,0.003877400295,0.447837832526,True,False,0.053405708282,2024-12-13,,,2.090000000000,0.340000000000,0.016348002534,-0.038103302286
2024-11-15,0.313860037110,-0.001317016048,0.041605571848,0.037632444282,-0.013693693694,0.442970534808,True,False,0.034272790536,2024-12-16,,,2.100000000000,0.310000000000,0.016645909329,-0.044070647603
2024-11-18,0.280258157657,0.019474904973,0.057872496785,0.041605571848,-0.004561211458,0.440354953946,True,False,0.025124763380,2024-12-17,,,2.100000000000,0.330000000000,0.016645909329,-0.043521594684
2024-11-19,0.248363092793,0.020788346223,0.074271043462,0.057872496785,-0.008922068463,0.440354953946,True,False,0.007118644068,2024-12-18,,,2.080000000000,0.200000000000,0.013783375866,-0.026586905949
2024-11-20,0.272445620774,0.033176312034,0.062397968438,0.074271043462,0.016213194186,0.440354953946,True,False,-0.007947243828,2024-12-19,,,2.050000000000,0.180000000000,0.015921206040,-0.032859973580
2024-11-21,0.291890700877,0.069835713000,0.076183566116,0.062397968438,0.036473021245,0.440354953946,True,False,-0.015247989276,2024-12-20,,,2.060000000000,0.130000000000,0.018381153107,-0.010341951626
2024-11-22,0.330739341667,0.080647699377,0.085425320571,0.076183566116,0.032783814163,0.440354953946,True,False,-0.014977533699,2024-12-23,,,2.090000000000,0.180000000000,0.017382340719,0.002000666889
2024-11-25,0.356046699924,0.105668756315,0.071156979902,0.085425320571,0.038057742782,0.440354953946,True,False,0.015938303342,2024-12-24,,,2.070000000000,0.110000000000,0.017382340719,-0.016785773641
2024-11-26,0.373649162470,0.107873542104,0.061773255814,0.071156979902,0.028491620112,0.440354953946,True,False,0.012286689420,2024-12-25,,,1.980000000000,-0.010000000000,0.016056705974,-0.036914963744
2024-11-27,0.375802064340,0.101948263570,0.065185987721,0.061773255814,0.035170208764,0.440354953946,True,False,0.021265649117,2024-12-26,,,2.020000000000,0.040000000000,0.016740148076,-0.039250814332
2024-11-28,0.365519388456,0.095878919103,0.060534875316,0.065185987721,0.036496350365,0.440354953946,True,False,0.012076883824,2024-12-27,,,1.990000000000,0.040000000000,0.018027663902,-0.038341799115
2024-11-29,0.363031357212,0.084449878190,0.071454413893,0.060534875316,0.044939577039,0.440354953946,True,False,0.014358974359,2024-12-30,,,1.990000000000,0.040000000000,0.015300419385,-0.021153528342
2024-12-02,0.357383726353,0.078902319349,0.060885275519,0.071454413893,0.034044145155,0.440354953946,True,False,-0.000507013689,2024-12-31,,,1.920000000000,-0.120000000000,0.015300419385,-0.022311022311
2024-12-03,0.351530541885,0.075692017249,0.074067366896,0.060885275519,0.039631855748,0.440354953946,True,False,,,,,1.930000000000,-0.100000000000,0.027852013517,-0.012487512488
2024-12-04,0.350003758887,0.075799388776,0.079766891277,0.074067366896,0.022971470915,0.440354953946,True,False,,,,,1.950000000000,-0.040000000000,0.010296613258,-0.010844177511
2024-12-05,0.341295708388,0.078167317072,0.077440465370,0.079766891277,0.017040192628,0.440354953946,True,False,,,,,1.900000000000,-0.140000000000,0.015840727025,0.011433447099
2024-12-06,0.344878668946,0.074985172264,0.080541826835,0.077440465370,0.050410540386,0.440354953946,True,False,,,,,1.920000000000,-0.060000000000,0.011800250035,0.000847744998
2024-12-09,0.346615359035,0.074036731261,0.078880407125,0.080541826835,0.037212834631,0.440354953946,True,False,,,,,1.910000000000,-0.040000000000,0.011800250035,0.005249788315
2024-12-10,0.350096468142,0.068408531523,0.080478520935,0.078880407125,0.044220914785,0.440354953946,True,False,,,,,1.930000000000,-0.020000000000,0.001737651838,0.026519717582
2024-12-11,0.358044911361,0.067901018910,0.097498630637,0.080478520935,0.046670461013,0.440354953946,True,False,,,,,1.930000000000,-0.150000000000,0.005127858187,0.037094547964
2024-12-12,0.365437457080,0.066666028400,0.097768909849,0.097498630637,0.037507103618,0.440354953946,True,False,,,,,1.960000000000,-0.130000000000,0.003102292939,0.065492957746
2024-12-13,0.366748211547,0.057992741265,0.082822085890,0.097768909849,0.043338380015,0.440354953946,True,False,,,,,2.000000000000,-0.100000000000,0.005982905983,0.055956361077
2024-12-16,0.366785388763,0.061010906593,0.075212438980,0.082822085890,0.044674835061,0.440354953946,True,False,,,,,2.070000000000,-0.030000000000,0.005982905983,0.032823897187
2024-12-17,0.373178755721,0.068647460929,0.058634824452,0.075212438980,0.033638572229,0.440354953946,True,False,,,,,2.070000000000,-0.010000000000,0.007459782627,0.013997951519
2024-12-18,0.378642259360,0.089689351651,0.057586022464,0.058634824452,0.043712797619,0.440354953946,True,False,,,,,2.090000000000,0.040000000000,0.010339745327,0.012805190370
2024-12-19,0.398754866928,0.107060302411,0.050892857143,0.057586022464,0.060302457467,0.440354953946,True,False,,,,,2.180000000000,0.120000000000,0.007432018464,-0.008090342154
2024-12-20,0.406650986414,0.142575007991,0.040437930426,0.050892857143,0.056205205583,0.440354953946,True,False,,,,,2.280000000000,0.190000000000,0.004609361440,-0.019633943428
2024-12-23,0.412223335077,0.166104257594,0.042024163894,0.040437930426,0.074369189907,0.440354953946,True,False,,,,,2.230000000000,0.160000000000,0.004609361440,0.005916159567
2024-12-24,0.405138389345,0.173096174618,0.039318939793,0.042024163894,0.089469668066,0.440354953946,True,False,,,,,2.270000000000,0.290000000000,0.006712366517,0.013175906913
2024-12-25,0.422056855057,0.165745032524,0.034146341463,0.039318939793,0.075514442137,0.440354953946,True,False,,,,,2.240000000000,0.220000000000,0.008495906988,0.006272249534
2024-12-26,0.398469362738,0.161079441899,0.032863849765,0.034146341463,0.083223249670,0.440354953946,True,False,,,,,2.240000000000,0.250000000000,0.007304198380,0.012097461237
2024-12-27,0.382300071766,0.165892738190,0.041520672740,0.032863849765,0.083867320015,0.440354953946,True,False,,,,,2.230000000000,0.240000000000,0.007194840134,0.003714333952
2024-12-30,0.369812396682,0.166091570720,0.037848256527,0.041520672740,0.068913857678,0.440354953946,True,False,,,,,2.280000000000,0.360000000000,0.007194840134,0.008685286104
2024-12-31,0.342235979761,0.182366574168,0.037451872594,0.037848256527,0.063746505126,0.440354953946,True,False,,,,,2.240000000000,0.310000000000,0.005098081387,-0.000505816894
