Factor,EX01__tail_return_60,EX01__tail_return_90,EX01__tail_vs_morning,EX01__tail_amount_share_60,EX01__tail_pressure_60,EX01__range_cooling_3,EX01__amount_cooling_3,EX01__shock_absorption,EX01__tsfresh_return_autocorr_20,EX01__tsfresh_return_changes_20,EX01__tsfresh_return_cid_20,EX01__tsfresh_range_autocorr_20,EX01__tsfresh_range_changes_20,EX01__tsfresh_range_cid_20,EX01__etf_return_1,EX01__etf_return_5,EX01__theme_return_1,EX01__range_median_20,EX01__amount_ratio_20,EX02__market_return_5,EX02__small_vs_large_5,EX02__growth_vs_large_5,EX02__market_drawdown_20,EX02__known_share_change_1,EX02__known_share_change_5,EX02__share_acceleration,EX02__share_price_feedback,EX02__selloff_amount_1,EX02__joint_selloff_5,EX02__relative_selloff_10,EX02__joint_selloff_1,EX02__etf_return_1,EX02__etf_return_5,EX02__range_median_20,EX02__amount_ratio_20,EX02__theme_return_1,EX04__intraday_churn,EX04__extreme_order,EX04__tail_return_60,EX04__overnight_minus_session_5,EX04__amount_ratio_20,EX04__flat_turnover,EX04__etf_return_1,EX04__etf_return_5,EX04__theme_return_1,EX04__range_median_20,EX04__open_gap_1,EX04__body_return_1,EX04__range_today,EX04__close_location,EX06__position_120,EX06__vol_ratio_10_60,EX06__loss_concentration_60,EX06__index_return_5,EX06__index_return_20,EX06__index_return_60,EX06__index_vol_20,EX06__etf_return_1,EX06__etf_return_5,EX06__etf_vol_20,EX07__up_activity_5,EX07__down_activity_5,EX07__amount_concentration_10,EX07__etf_return_1,EX07__etf_return_5,EX07__etf_return_20,EX07__etf_vol_20,EX07__etf_range_20,EX07__amount_activity_20,EX07__index_return_5,EX07__index_return_20,EX08__us_tech_5,EX08__shibor_change_5,EX08__etf_return_1,EX08__etf_return_5,EX08__etf_return_20,EX08__etf_vol_20,EX08__etf_range_20,EX08__amount_activity_20,EX08__index_return_5,EX08__index_return_20,daily__return_1,daily__return_3,daily__return_5,daily__return_10,daily__return_20,daily__return_60,daily__vol_5,daily__vol_20,daily__vol_60,daily__range,daily__range_mean_5,daily__range_mean_20,daily__body,daily__gap,daily__close_location,daily__distance_mean_20,daily__amount_activity,daily__log_amount_change,daily__log_amount_change_mean_5,daily__log_amount_change_mean_20,tsf__return__sum_values__20,tsf__return__median__20,tsf__return__mean__20,tsf__return__length__20,tsf__return__standard_deviation__20,tsf__return__variance__20,tsf__return__root_mean_square__20,tsf__return__maximum__20,tsf__return__absolute_maximum__20,tsf__return__minimum__20,tsf__return__sum_values__60,tsf__return__median__60,tsf__return__mean__60,tsf__return__length__60,tsf__return__standard_deviation__60,tsf__return__variance__60,tsf__return__root_mean_square__60,tsf__return__maximum__60,tsf__return__absolute_maximum__60,tsf__return__minimum__60,tsf__range__sum_values__20,tsf__range__median__20,tsf__range__mean__20,tsf__range__length__20,tsf__range__standard_deviation__20,tsf__range__variance__20,tsf__range__root_mean_square__20,tsf__range__maximum__20,tsf__range__absolute_maximum__20,tsf__range__minimum__20,tsf__range__sum_values__60,tsf__range__median__60,tsf__range__mean__60,tsf__range__length__60,tsf__range__standard_deviation__60,tsf__range__variance__60,tsf__range__root_mean_square__60,tsf__range__maximum__60,tsf__range__absolute_maximum__60,tsf__range__minimum__60,tsf__log_amount_change__sum_values__20,tsf__log_amount_change__median__20,tsf__log_amount_change__mean__20,tsf__log_amount_change__length__20,tsf__log_amount_change__standard_deviation__20,tsf__log_amount_change__variance__20,tsf__log_amount_change__root_mean_square__20,tsf__log_amount_change__maximum__20,tsf__log_amount_change__absolute_maximum__20,tsf__log_amount_change__minimum__20,tsf__log_amount_change__sum_values__60,tsf__log_amount_change__median__60,tsf__log_amount_change__mean__60,tsf__log_amount_change__length__60,tsf__log_amount_change__standard_deviation__60,tsf__log_amount_change__variance__60,tsf__log_amount_change__root_mean_square__60,tsf__log_amount_change__maximum__60,tsf__log_amount_change__absolute_maximum__60,tsf__log_amount_change__minimum__60,market__large_return_1,market__large_return_5,market__large_return_20,market__large_amount_z20,market__large_amount_ratio20,market__small_return_1,market__small_return_5,market__small_return_20,market__small_amount_z20,market__small_amount_ratio20,market__growth_return_1,market__growth_return_5,market__growth_return_20,market__growth_amount_z20,market__growth_amount_ratio20,market__small_relative5,market__growth_relative5,external__spx_1,external__spx_5,external__ixic_1,external__ixic_5,external__rate_0,external__rate_1,external__rate_5
EX01__tail_return_60,1.0,0.7608640018066909,0.35667057252717616,0.04301831572764009,0.9775505806639134,0.05658520290358964,0.16304947178820628,0.05750624370722587,0.11932129172573741,0.028831628758549267,0.10048422592014415,0.0032589913375295717,0.05291168285686956,0.008781129075111084,0.5326487308209906,0.2914196958313141,0.5338115381264599,0.02550252695875971,0.1490890757887795,0.26914345507091425,0.18339450365184592,0.22807545078566122,0.2501794433284037,0.03483315232738244,0.07558873808251065,0.04376486853617753,0.010720374321504507,0.19560152791380492,0.2860788775592183,0.15759808136871847,0.48374333734007474,0.5326487308209906,0.2914196958313141,0.02550252695875971,0.1490890757887795,0.5338115381264599,0.03127576153350032,0.3538015732843243,1.0,0.1873222692485691,0.1490890757887795,0.07221916413425021,0.5326487308209906,0.2914196958313141,0.5338115381264599,0.02550252695875971,0.14227521179046212,0.5191127626395049,0.006338272123923367,0.6852543447003714,0.18829520151287518,0.05631990003218316,0.034363616011981596,0.2874789064468768,0.16542421711659158,0.09964565243703369,0.0569471919345348,0.5334787588140093,0.2900596045223461,0.05916692976123048,0.13306577430198174,0.069204353037021,0.00024666340827437676,0.5334787588140093,0.2900596045223461,0.16626927985187492,0.05916692976123048,0.04735285465101669,0.14180499272748923,0.2874789064468768,0.16542421711659158,0.0012189975655451557,0.08093977067464538,0.5334787588140093,0.2900596045223461,0.16626927985187492,0.05916692976123048,0.04735285465101669,0.14180499272748923,0.2874789064468768,0.16542421711659158,0.5334787588140093,0.285142544921043,0.2900596045223461,0.20672888293470268,0.16626927985187492,0.10450744444695173,0.055330452225801234,0.05902070135934599,0.06548293070509592,0.006338272123923367,0.008725582239838084,0.04735285465101669,0.5191127626395049,0.14325266584657453,0.6852543447003714,0.2721461345180223,0.14180499272748923,0.07415200346963485,0.08558118120992018,0.06322484552944979,0.16466233920104054,0.15444792766498397,0.16466233920104054,,0.05902070135934599,0.05902070135934599,0.048665728015069895,0.008917793324786977,0.07402431408953317,0.09812900574519463,0.10113130669810382,0.09610785763631899,0.10113130669810382,,0.06548293070509592,0.06548293070509592,0.060700234706565874,0.022720573383218864,0.07986806549393899,0.10830443158120281,0.04735285465101669,0.017011764889194002,0.04735285465101669,,0.047609375281711094,0.047609375281711094,0.05337243529674594,0.07685010950217615,0.07685010950217615,0.01698064577282838,0.07210007127185333,0.061377281095650556,0.07210007127185333,,0.06441555142823431,0.06441555142823431,0.07821962122842506,0.06872636034195011,0.06872636034195011,0.05267660478220797,0.06322484552944979,0.006139097560257291,0.06322484552944979,,0.016341955301687146,0.016341955301687146,0.014767981967390076,0.003610148763115388,0.006897493914129995,0.014707631621583018,0.05324848266521222,0.026538900677631663,0.05324848266521222,,0.05215487428806119,0.05215487428806119,0.052715494111209654,0.07324603742714368,0.05757629302108379,0.03664903283247505,0.5190032510185079,0.26717838376041625,0.19963700620208943,0.08384599960029716,0.09728092806324658,0.5212014892340985,0.2633034087264017,0.17613948358270834,0.12033177103674376,0.13021763373293604,0.4757815815685019,0.26418535847725816,0.21245535376027747,0.09099341724591156,0.10101293456420847,0.18361001632229576,0.22969897325766112,0.07497339332315142,0.00026160461587787384,0.07619834990985681,0.0012189975655451557,0.010568836855602512,0.06690045953339767,0.08093977067464538
EX01__tail_return_90,0.7608640018066909,1.0,0.32455469685494726,0.03536022600360549,0.753520215218182,0.03274094088441622,0.11513143888473294,0.03860184053218684,0.058483844382690636,0.0473355249069911,0.06317945930325358,0.07098665539923815,0.030925789030849245,0.07571360443408096,0.5172894392767518,0.2670373089416087,0.5172463734092957,0.06426316782866384,0.11791088257361151,0.23621016715211163,0.17600232629417084,0.22912445080448354,0.24092190409028014,0.04979666948327602,0.0760230468760542,0.04297207392272212,0.006694728186231686,0.21244630869891865,0.2627859730500773,0.14598859274618747,0.47180643974435715,0.5172894392767518,0.2670373089416087,0.06426316782866384,0.11791088257361151,0.5172463734092957,0.023779648180008994,0.39232441891088177,0.7608640018066909,0.18844081038455768,0.11791088257361151,0.03389129611108372,0.5172894392767518,0.2670373089416087,0.5172463734092957,0.06426316782866384,0.11426043970302838,0.5293691861588423,0.02301253824103354,0.7082986960802079,0.16932540948599326,0.031093604184140915,0.07796220320991053,0.26862951520387657,0.15882144222885347,0.11521687460953317,0.06112559822010803,0.516664777635015,0.26802279564772286,0.05535648406766107,0.08148044672527704,0.07642325060402805,0.011696340454621947,0.516664777635015,0.26802279564772286,0.1590331307637717,0.05535648406766107,0.059296092393358285,0.10568271974294435,0.26862951520387657,0.15882144222885347,0.006986550452958371,0.05294548881109559,0.516664777635015,0.26802279564772286,0.1590331307637717,0.05535648406766107,0.059296092393358285,0.10568271974294435,0.26862951520387657,0.15882144222885347,0.516664777635015,0.25707935554433253,0.26802279564772286,0.2075350360491258,0.1590331307637717,0.11975773754730448,0.004120307925386376,0.055624972003797145,0.08272859883609299,0.02301253824103354,0.028249603611713643,0.059296092393358285,0.5293691861588423,0.11410435225619146,0.7082986960802079,0.2594822390691862,0.10568271974294435,0.09564644043031209,0.030774896041390193,0.07052081310239977,0.15827103807876935,0.12380483669733934,0.15827103807876935,,0.055624972003797145,0.055624972003797145,0.0488824241401381,0.009089444038074811,0.0335194948502259,0.08874040334184026,0.11693733326728163,0.08631681781562009,0.11693733326728163,,0.08272859883609299,0.08272859883609299,0.07711379002010636,0.01843047905146847,0.03742561213098284,0.08339983202367218,0.059296092393358285,0.05563682651308369,0.059296092393358285,,0.006785006059977757,0.006785006059977757,0.04281400687068023,0.031390669024781485,0.031390669024781485,0.06528979939568379,0.08166232506106894,0.08097409938112461,0.08166232506106894,,0.028994678980019575,0.028994678980019575,0.07565057046677132,0.029867043701554203,0.029867043701554203,0.06566328537246405,0.07052081310239977,0.003405639869610572,0.07052081310239977,,0.013926288392538516,0.013926288392538516,0.01173476240558678,0.002690997829198752,0.023036320414702337,0.0324217108215164,0.06030561945244642,0.014863578224584067,0.06030561945244642,,0.07695365675525137,0.07695365675525137,0.07747627290847606,0.1074332813884065,0.08340751080998828,0.03421344796031679,0.4728538275974104,0.23413506382867863,0.17288263436033516,0.027055185467376557,0.04199705528703403,0.5001673327674354,0.25015236017483666,0.16527586427032773,0.07243981490786154,0.08381690387901206,0.4387597407132764,0.25505236203444875,0.17957884302252752,0.043703610870696304,0.058729232781446816,0.1828155236958257,0.2358628097004488,0.04077529337509273,0.010672187804102664,0.03641956614473139,0.006986550452958371,0.008738103103765181,0.05636342454769992,0.05294548881109559
EX01__tail_vs_morning,0.35667057252717616,0.32455469685494726,1.0,0.04142841426555413,0.344943306933942,0.0543645387299858,0.11200384356679714,0.07457069842556888,0.06232314631298706,0.01726287883052031,0.07509841361498258,0.06425390037963324,0.036640613482688426,0.05018476272536746,0.1008983086317968,0.012635208807759394,0.10659399301215812,0.011932595842315633,0.0392618043105456,0.0006230941663025924,0.026966975164911654,0.01600432925410201,0.02795942971721144,0.0026427577996485084,0.06939647999411871,0.022925037504795614,0.040151300979081046,0.060043596460070146,0.018223391186558358,0.024195986516008114,0.023491089775182095,0.1008983086317968,0.012635208807759394,0.011932595842315633,0.0392618043105456,0.10659399301215812,0.1323660570817821,0.2674515697909028,0.35667057252717616,0.03385245115671589,0.0392618043105456,0.14893773251993245,0.1008983086317968,0.012635208807759394,0.10659399301215812,0.011932595842315633,0.003196019030916109,0.12807915934122086,0.006573374410978585,0.03736729307483287,0.017152702754647378,0.0266472482980554,0.00390834400698719,0.009361950979493423,0.026883109298392646,0.0050615817239204035,0.028426799754696627,0.1022800470449898,0.009278328672254263,0.032027191925030556,0.09409439774468846,0.054056138115308405,0.054662707709946044,0.1022800470449898,0.009278328672254263,0.025610673615700227,0.032027191925030556,0.015831636069362703,0.0280711067752476,0.009361950979493423,0.026883109298392646,0.038973238066353715,0.02715372827005962,0.1022800470449898,0.009278328672254263,0.025610673615700227,0.032027191925030556,0.015831636069362703,0.0280711067752476,0.009361950979493423,0.026883109298392646,0.1022800470449898,0.055686889161805454,0.009278328672254263,0.03388241974178734,0.025610673615700227,0.006466736359114452,0.050694903240962395,0.033049566705367024,0.021891845188730632,0.006573374410978585,0.050118716315492265,0.015831636069362703,0.12807915934122086,0.0025722432178711114,0.03736729307483287,0.01107708584593037,0.0280711067752476,0.03458743630776337,0.04778890013611624,0.010302368136810434,0.027120988194751203,0.045595148633394464,0.027120988194751203,,0.033049566705367024,0.033049566705367024,0.027152110360310677,0.047186873914443046,0.049598749728059145,0.027431472289401074,0.007320228830984807,0.026736485380905797,0.007320228830984807,,0.021891845188730632,0.021891845188730632,0.02472427196057134,0.011734805732300397,0.024845860720261324,0.032499254736303766,0.015831636069362703,0.009661791696900861,0.015831636069362703,,0.04520265593926266,0.04520265593926266,0.01875060027557652,0.0372853536075443,0.0372853536075443,0.01033294885750088,0.016853467570001127,0.014452198624099424,0.016853467570001127,,0.029446380525157433,0.029446380525157433,0.03258498495215256,0.02139486208511797,0.02139486208511797,0.01402827133447119,0.010302368136810434,0.02543614137198173,0.010302368136810434,,0.03130012846627461,0.03130012846627461,0.031407542623716776,0.029153254226941986,0.027640052648679553,0.0157333400679306,0.009205952094768887,0.022780960518306612,0.009205952094768887,,0.008510554081270463,0.008510554081270463,0.00801578149912175,0.010962318210820799,0.002974327933929514,0.007038550259703583,0.020646956867297558,0.0014427956552383627,0.007903555435782608,0.010595583950984212,0.017066355600249584,0.08602026860144261,0.015459644698972307,0.0021121162432305974,0.017600865211741062,0.004898209757579534,0.10927520085351558,0.010863420842120716,0.001988869363159671,0.03464937019334058,0.015321806878439584,0.02141391257816714,0.0110951684390299,0.014761642268507652,0.04801504699315327,0.0001514587009609302,0.038973238066353715,0.0022662649278348294,0.0009531739568396356,0.02715372827005962
EX01__tail_amount_share_60,0.04301831572764009,0.03536022600360549,0.04142841426555413,1.0,0.08474517350843913,0.03980541974793013,0.07517363812477194,0.09752535751334476,0.030939761974244733,0.039081356322735634,0.0066489238903032,0.064961229768532,0.012240336276847433,0.0993694097142373,0.01904539406706438,0.043686093273040474,0.004728079911209767,0.11702043306183962,0.04378431274982999,0.0034873604291937982,0.05038427704614058,0.02393533788880008,0.005810312447298725,0.04330352826197218,0.09069151816335161,0.06851574263391154,0.011345965657457949,0.07128703029897848,0.03937881109016693,0.06255438739419293,0.02591379499097815,0.01904539406706438,0.043686093273040474,0.11702043306183962,0.04378431274982999,0.004728079911209767,0.15199259084389488,0.005892442976586989,0.04301831572764009,0.045135787538777485,0.04378431274982999,0.14016502518258012,0.01904539406706438,0.043686093273040474,0.004728079911209767,0.11702043306183962,0.037650758837080384,0.01897542911992273,0.07019296649272447,0.04846639476347281,0.12340517948654316,0.04283715795253682,0.11407211095727823,0.04509083430185743,0.09920855897196099,0.0772698680026155,0.00484907516458442,0.015930826793965937,0.03706685271650993,0.012228200446652916,0.12850821103409718,0.07376207552129416,0.09528655054725654,0.015930826793965937,0.03706685271650993,0.09060955013896944,0.012228200446652916,0.05514413384841353,0.06608453032563753,0.04509083430185743,0.09920855897196099,0.030319328680694264,0.013276924865143704,0.015930826793965937,0.03706685271650993,0.09060955013896944,0.012228200446652916,0.05514413384841353,0.06608453032563753,0.04509083430185743,0.09920855897196099,0.015930826793965937,0.015462811764634002,0.03706685271650993,0.036291971507653335,0.09060955013896944,0.07301506807596367,0.10034773734014502,0.0011392559794640553,0.07456015355858635,0.07019296649272447,0.1233473745074109,0.05514413384841353,0.01897542911992273,0.03589685806360012,0.04846639476347281,0.057056402605131645,0.06608453032563753,0.05290799764837822,0.06228964917761148,0.11520486467503187,0.0885877657458735,0.0031009853141623573,0.0885877657458735,,0.0011392559794640553,0.0011392559794640553,0.0018244083595109714,0.09830267894262132,0.007293899891667505,0.03532408269801139,0.07284960081411157,0.04023182717872603,0.07284960081411157,,0.07456015355858635,0.07456015355858635,0.06764653757245649,0.22304820886212282,0.14376535753178027,0.10158593138684961,0.05514413384841353,0.11763006148273353,0.05514413384841353,,0.03761065913319842,0.03761065913319842,0.0010701819402431948,0.019454160549876483,0.019454160549876483,0.12971102362380238,0.10096288434561079,0.13741335039878114,0.10096288434561079,,0.11224383911957764,0.11224383911957764,0.05829499659480509,0.04515225162132436,0.04515225162132436,0.136395159810698,0.11520486467503187,0.07062799640426508,0.11520486467503187,,0.04974161264598197,0.04974161264598197,0.04939065443771598,0.007019240288276394,0.05534309954086251,0.10417381345593428,0.11594279272549472,0.17423784074602294,0.11594279272549472,,0.07054811026234553,0.07054811026234553,0.07057899955179486,0.026833219641343446,0.07270966982596637,0.1508681089039899,0.012838535552757237,0.001119232269218008,0.013552869774092967,0.041228897007891126,0.04601114886037537,0.015176187307063209,0.00966175063883785,0.04434328245267167,0.013805106434169143,0.030185898418476142,0.01243728523503606,0.020006247708041887,0.006983230142668936,0.04086272698874054,0.06240218553364546,0.045425183696198405,0.026865222191393298,0.029355293237521354,0.027112428847884104,0.04390798463731092,0.030319328680694264,0.1297755569828274,0.013117099856985993,0.013276924865143704
EX01__tail_pressure_60,0.9775505806639134,0.753520215218182,0.344943306933942,0.08474517350843913,1.0,0.05082245595348013,0.1381501936226332,0.037112173089841716,0.11237727055181722,0.04092247297830014,0.0891614101029558,0.012787826247316161,0.0689248526363731,0.02145930391488307,0.534262692152018,0.27153710567942924,0.5357044992948233,0.03447547864454719,0.14163595422107764,0.24759411960226715,0.17102119195798446,0.2091928238904145,0.24724971619207817,0.02278564614686777,0.06487679628028103,0.03546868399298375,0.02024804968256757,0.19924111902114044,0.26054836984371105,0.14834926161879738,0.47848684074867986,0.534262692152018,0.27153710567942924,0.03447547864454719,0.14163595422107764,0.5357044992948233,0.06720790407570143,0.38138221871500144,0.9775505806639134,0.18883975599845665,0.14163595422107764,0.03875860119221763,0.534262692152018,0.27153710567942924,0.5357044992948233,0.03447547864454719,0.12991568221054015,0.5214980651329126,0.002644685013676255,0.6946461088111048,0.17343238133151817,0.03486452729788378,0.04704071429778419,0.26538799662885937,0.1613744384944765,0.08698703169962216,0.06660198685360676,0.5345022839244358,0.2684594507366799,0.0690946996935193,0.12544701719918233,0.05358136027932156,0.0008454702006840001,0.5345022839244358,0.2684594507366799,0.16244726463218295,0.0690946996935193,0.05725252853780823,0.14109914255728026,0.26538799662885937,0.1613744384944765,0.0018994177904872926,0.07381741720479135,0.5345022839244358,0.2684594507366799,0.16244726463218295,0.0690946996935193,0.05725252853780823,0.14109914255728026,0.26538799662885937,0.1613744384944765,0.5345022839244358,0.27417802818444387,0.2684594507366799,0.1919920853789729,0.16244726463218295,0.09235293777977281,0.04726491213975287,0.06803601856459891,0.06572648439356357,0.002644685013676255,0.021984010383910478,0.05725252853780823,0.5214980651329126,0.1304305930295996,0.6946461088111048,0.25749478816125704,0.14109914255728026,0.09507911213503137,0.07354814586765375,0.06377940635988837,0.16071998106932572,0.14648459350650675,0.16071998106932572,,0.06803601856459891,0.06803601856459891,0.05780329109578617,0.01541159490845631,0.08191399394468518,0.11246352337350048,0.0895803417224111,0.08982320436490274,0.0895803417224111,,0.06572648439356357,0.06572648439356357,0.06104352521601513,0.035955321193536005,0.05722608563602408,0.08652983553143385,0.05725252853780823,0.024218857917678253,0.05725252853780823,,0.060619196620509894,0.060619196620509894,0.0649273457951327,0.09001133619827974,0.09001133619827974,0.026850724379995722,0.07967499124556558,0.0703336055902234,0.07967499124556558,,0.04747742452472237,0.04747742452472237,0.07820960270348223,0.056282525258019994,0.056282525258019994,0.061902059305531276,0.06377940635988837,0.016446710170609023,0.06377940635988837,,0.011394715385313262,0.011394715385313262,0.013058955910702625,0.023875278937689856,0.0353047761273799,0.03924411465352555,0.03941902939796063,0.039970487170202074,0.03941902939796063,,0.058214034536713345,0.058214034536713345,0.058802518431102964,0.06714379791226113,0.0533927792681989,0.04656729156119853,0.5139015940233014,0.2425384911372809,0.19650448984969435,0.08362020838508341,0.09923746258686704,0.5188516268442711,0.23976946562735688,0.17599308628829166,0.12131500015262128,0.1341953618347575,0.474020517062257,0.2385774403503804,0.21058696687821757,0.08726924317944287,0.10063874038023424,0.17118819523499657,0.2101482817066151,0.06105918819750863,3.027022467677526e-05,0.06262987101585511,0.0018994177904872926,0.0029717962308623666,0.061367568729135236,0.07381741720479135
EX01__range_cooling_3,0.05658520290358964,0.03274094088441622,0.0543645387299858,0.03980541974793013,0.05082245595348013,1.0,0.31136134291675654,0.04736384901035935,0.03501661994156405,0.08221834590406932,0.0909331462509361,0.05568321927312665,0.03081727527591469,0.003721265426790818,0.054962784791398996,0.04298501133891674,0.0638400481900961,0.06450486019531339,0.30112240339004953,0.1554671099864329,0.08523441260585943,0.10134042353780456,0.019177114207797316,0.17007273424736896,0.09639173971335815,0.06937178729190675,0.20783554162922174,0.19709215291081641,0.07574726908910268,0.07285184342154466,0.0191185123366637,0.054962784791398996,0.04298501133891674,0.06450486019531339,0.30112240339004953,0.0638400481900961,0.13106903697481012,0.0014352745175553673,0.05658520290358964,0.014429002867201526,0.30112240339004953,0.12982878784211924,0.054962784791398996,0.04298501133891674,0.0638400481900961,0.06450486019531339,0.019469035770330618,0.04781611224539035,0.38937728581088327,0.01642278829654869,0.2964482243599593,0.2958524305697733,0.17300897321079667,0.04296998765219781,0.28371973673794176,0.18111850887321984,0.08906341419915358,0.054962784791398996,0.04298501133891674,0.07722390105015464,0.20662583524935305,0.22209750684307492,0.08335703710983175,0.054962784791398996,0.04298501133891674,0.286733736682777,0.07722390105015464,0.06748542513473846,0.28022577278406086,0.04296998765219781,0.28371973673794176,0.19832965173904146,0.012451903332162721,0.054962784791398996,0.04298501133891674,0.286733736682777,0.07722390105015464,0.06748542513473846,0.28022577278406086,0.04296998765219781,0.28371973673794176,0.054962784791398996,0.016859716801164278,0.04298501133891674,0.15361869834304911,0.286733736682777,0.18822010464422162,0.32659399935030725,0.07404240837648694,0.17621152469528886,0.38937728581088327,0.3366551378049302,0.06748542513473846,0.04781611224539035,0.019469035770330618,0.01642278829654869,0.21563285514639743,0.28022577278406086,0.05505700280532602,0.23400222569816947,0.20408378306813313,0.2838258350235354,0.14011700912122044,0.2838258350235354,,0.07404240837648694,0.07404240837648694,0.049240523721520206,0.002135260459756443,0.07695194267624234,0.107912556538885,0.18303493718589725,0.07983101359670622,0.18303493718589725,,0.17621152469528886,0.17621152469528886,0.17302693008463904,0.05635556382004962,0.14665644166053346,0.16286869968692652,0.06748542513473846,0.06450486019531339,0.06748542513473846,,0.05916371620619465,0.05916371620619465,0.06725976154273823,0.006607592648295543,0.006607592648295543,0.1124297649470702,0.19898396787569575,0.20415683906182544,0.19898396787569575,,0.061517533060171194,0.061517533060171194,0.20214435008430537,0.1305000666428339,0.1305000666428339,0.17997620165469175,0.20408378306813313,0.21984945329302338,0.20408378306813313,,0.037304375598850206,0.037304375598850206,0.04868218831808739,0.1189795130191712,0.05659904183672162,0.10178512037689946,0.15202665014226815,0.048178780219173184,0.15202665014226815,,0.16826805922941343,0.16826805922941343,0.1736319372218446,0.14398829952770692,0.15298289773585796,0.13392477051801965,0.029090220850041995,0.1554671099864329,0.25529394957692625,0.3118370563276344,0.34155749735436736,0.0073073146851492425,0.11972727462986166,0.28397178841126464,0.21824453743968275,0.2293772139827713,0.03313633265725249,0.13429440545377946,0.2346348117028411,0.19222079362609545,0.21365301128954914,0.08523441260585943,0.10134042353780456,0.0919974614603029,0.19525662150119508,0.08634512499041305,0.19832965173904146,0.04963260346898708,0.008003238824177012,0.012451903332162721
EX01__amount_cooling_3,0.16304947178820628,0.11513143888473294,0.11200384356679714,0.07517363812477194,0.1381501936226332,0.31136134291675654,1.0,0.06134976299007627,0.23724013426983723,0.02267081960470654,0.20327412393844843,0.03824051553211566,0.0820536478792627,0.020586161180220587,0.080800733268927,0.4140113464225937,0.09641349577472222,0.01516854664431791,0.8224682683322095,0.13690591557087883,0.1734577758851154,0.1671042538497026,0.3146294971053382,0.4191578843132745,0.5434834285596978,0.12645667858824478,0.1633553031080822,0.39928254377658406,0.29344001421584515,0.3882236419976985,0.036563907818014454,0.080800733268927,0.4140113464225937,0.01516854664431791,0.8224682683322095,0.09641349577472222,0.007845417459389183,0.020901185161900038,0.16304947178820628,0.20608163380440608,0.8224682683322095,0.5270923232776447,0.080800733268927,0.4140113464225937,0.09641349577472222,0.01516854664431791,0.000402757328513455,0.08305786825536812,0.15556921871890647,0.05445414439233149,0.4545699350598521,0.19474713393589152,0.20142871715608837,0.4234418975396299,0.5434463380167628,0.3866330719093415,0.07771180757447126,0.080800733268927,0.4140113464225937,0.07677894340302517,0.7917584758092608,0.6719364754609377,0.29499763872168855,0.080800733268927,0.4140113464225937,0.5446668818357102,0.07677894340302517,0.04499513640363209,0.7937196366452195,0.4234418975396299,0.5434463380167628,0.014801992828991695,0.01594192692574372,0.080800733268927,0.4140113464225937,0.5446668818357102,0.07677894340302517,0.04499513640363209,0.7937196366452195,0.4234418975396299,0.5434463380167628,0.080800733268927,0.27918165972920517,0.4140113464225937,0.5710440073202465,0.5446668818357102,0.38435217572935226,0.1442216016473442,0.06693837291090565,0.2240218187595444,0.15556921871890647,0.15082662939577662,0.04499513640363209,0.08305786825536812,0.000402757328513455,0.05445414439233149,0.6090227496664075,0.7937196366452195,0.015447400819486415,0.4651579963620845,0.6739750732724223,0.542612110673433,0.293135002529952,0.542612110673433,,0.06693837291090565,0.06693837291090565,0.033495210563239945,0.17995165712066644,0.07719389927638787,0.21376290815110174,0.3775273073444695,0.12482039265988619,0.3775273073444695,,0.2240218187595444,0.2240218187595444,0.2123523615218264,0.05837710395086656,0.2291165886844838,0.2533370192633638,0.04499513640363209,0.01516854664431791,0.04499513640363209,,0.06843994573154585,0.06843994573154585,0.047514379229486224,0.016998653817578716,0.016998653817578716,0.11699392176586482,0.18173999368505916,0.17278530768134978,0.18173999368505916,,0.05788052750684498,0.05788052750684498,0.19370507770380016,0.020571174961432466,0.020571174961432466,0.14805405347447456,0.6739750732724223,0.34936559925230043,0.6739750732724223,,0.06327570722332779,0.06327570722332779,0.07723081654732884,0.17049309006409763,0.08538009725815597,0.08354290105010712,0.5012763641955593,0.05347740845289704,0.5012763641955593,,0.14302012500671077,0.14302012500671077,0.14720400079710205,0.17875474829980156,0.15054251452037745,0.05854381812608381,0.02309357486617148,0.13690591557087883,0.3671997969027672,0.27242709382600794,0.27866450830360123,0.004940758757430747,0.1973089616653973,0.3375616138950537,0.2831109909998444,0.2802208591413318,0.010771614795888191,0.16920183333469824,0.27968581804417003,0.17543142238127865,0.16508711251604896,0.1734577758851154,0.1671042538497026,0.061059630712608476,0.04008160655095083,0.046185628060343535,0.014801992828991695,0.04592687543676715,0.0404076949816699,0.01594192692574372
EX01__shock_absorption,0.05750624370722587,0.03860184053218684,0.07457069842556888,0.09752535751334476,0.037112173089841716,0.04736384901035935,0.06134976299007627,1.0,0.030420765494200617,0.0008723549292820471,0.11844427470783077,0.0545317170137813,0.09579916548745353,0.017297489165234436,0.02692339178582126,0.06981444531538558,0.03360968295637015,0.05941853011708529,0.09940464251232353,0.015488425254510193,0.04528233461100267,0.012560224208784346,0.019795533262697992,0.08443733288670797,0.08827085486910484,0.011064527462627597,0.020340821625869643,0.013239540212325413,0.06829002035432555,0.02646263375023709,0.17907748290085151,0.02692339178582126,0.06981444531538558,0.05941853011708529,0.09940464251232353,0.03360968295637015,0.284660935240019,0.03884211663134213,0.05750624370722587,0.08660185303001246,0.09940464251232353,0.20763588605861838,0.02692339178582126,0.06981444531538558,0.03360968295637015,0.05941853011708529,0.06536257385717219,0.005426581116934378,0.42030570377717247,0.032608273757995035,0.06569659750860847,0.10092750506856915,0.11623289739608043,0.0747317389418287,0.0602579442418891,0.05353707105090717,0.02220819837622442,0.02692339178582126,0.06981444531538558,0.007682517075825208,0.014565378596653173,0.1304752733100992,0.04063894223206255,0.02692339178582126,0.06981444531538558,0.05709763381495923,0.007682517075825208,0.020309295475305095,0.0781425037063167,0.0747317389418287,0.0602579442418891,0.03886317679278517,0.005369218214140032,0.02692339178582126,0.06981444531538558,0.05709763381495923,0.007682517075825208,0.020309295475305095,0.0781425037063167,0.0747317389418287,0.0602579442418891,0.02692339178582126,0.07925003476679673,0.06981444531538558,0.03635216230571688,0.05709763381495923,0.05347657214351198,0.0506800078178256,0.012730918290155003,0.06355577438787355,0.42030570377717247,0.06637157919710344,0.020309295475305095,0.005426581116934378,0.06536257385717219,0.032608273757995035,0.06674615584214508,0.0781425037063167,0.29431363194835836,0.039997418504118476,0.05835665785755643,0.0568684474832432,0.028669132585387194,0.0568684474832432,,0.012730918290155003,0.012730918290155003,0.010367419468512534,0.03329091371571419,0.0261474811451121,0.015092536656381559,0.05266930457189769,0.015897005114286076,0.05266930457189769,,0.06355577438787355,0.06355577438787355,0.06084740081351049,0.03458045261604716,0.04418495099327661,0.04501485649005637,0.020309295475305095,0.05941853011708529,0.020309295475305095,,0.07441235216444128,0.07441235216444128,0.008832089460566368,0.040837418723411546,0.040837418723411546,0.08071813700989597,0.07498218804510724,0.09122537295839102,0.07498218804510724,,0.0705346079958168,0.0705346079958168,0.05272852013915143,0.05221176703436423,0.05221176703436423,0.07141677782776468,0.05835665785755643,0.058130896900517745,0.05835665785755643,,0.0147225936993166,0.0147225936993166,0.014552266307701841,0.051202616110327774,0.012205465623304872,0.05647431928605194,0.004432912459054505,0.04469604355452795,0.004432912459054505,,0.0757982560968589,0.0757982560968589,0.07700723222205558,0.06522286325662663,0.07392129076844815,0.0409500905493826,0.14326953787190133,0.015488425254510193,0.03285870233629044,0.0751305140513681,0.057560757742379176,0.1744354169500873,0.03930474155522659,0.05031276802729345,0.05360105841331143,0.047894082397388286,0.16798974442090703,0.01256150762292999,0.03619007876862646,0.05495157678428485,0.03818065410852037,0.04528233461100267,0.012560224208784346,0.01950235394818652,0.05319470375027459,0.03922858333552413,0.03886317679278517,0.04082492428832321,0.06688271583253017,0.005369218214140032
EX01__tsfresh_return_autocorr_20,0.11932129172573741,0.058483844382690636,0.06232314631298706,0.030939761974244733,0.11237727055181722,0.03501661994156405,0.23724013426983723,0.030420765494200617,1.0,0.09613563406666854,0.9415763277832243,0.2799079419769075,0.12254897082483289,0.2796063416753072,0.06371362748783332,0.10419019650869144,0.06243045553390381,0.027193066781039887,0.1962048927566169,0.08817657783175024,0.07221292048878256,0.02500010086216983,0.17109842892671048,0.10061090173671662,0.12110124137342007,0.0156999527416732,0.10731716598490189,0.01888584738967335,0.11874944765045735,0.08387257115418038,0.036627845746119124,0.06371362748783332,0.10419019650869144,0.027193066781039887,0.1962048927566169,0.06243045553390381,0.016941652596753343,0.04257755979487841,0.11932129172573741,0.12748305851754127,0.1962048927566169,0.11379013475820972,0.06371362748783332,0.10419019650869144,0.06243045553390381,0.027193066781039887,0.03334869078098643,0.037065037861090534,0.05463314228990699,0.05723685380630309,0.14596407853078247,0.14220373530718358,0.1498889520913912,0.10690466552535519,0.007398083260152226,0.25891444512134165,0.07909952047883083,0.06371362748783332,0.10419019650869144,0.10627349248038903,0.20267274796613946,0.050651805443622556,0.23631002251691907,0.06371362748783332,0.10419019650869144,0.004674805093925569,0.10627349248038903,0.0847228778263261,0.09124619469447055,0.10690466552535519,0.007398083260152226,0.06511064496327719,0.12042894033668004,0.06371362748783332,0.10419019650869144,0.004674805093925569,0.10627349248038903,0.0847228778263261,0.09124619469447055,0.10690466552535519,0.007398083260152226,0.06371362748783332,0.08602955218073939,0.10419019650869144,0.13646420920951788,0.004674805093925569,0.2594705103195916,0.020517517069241206,0.10784335611921819,0.04763662432128738,0.05463314228990699,0.05713900196658817,0.0847228778263261,0.037065037861090534,0.03334869078098643,0.05723685380630309,0.12662425643844738,0.09124619469447055,0.034597517356138044,0.02702864082174427,0.036303656993312165,0.0017270293132362097,0.08492365207288077,0.0017270293132362097,,0.10784335611921819,0.10784335611921819,0.10754301099128685,0.132060097446023,0.23684101722650608,0.16642722431250337,0.26366045971277785,0.012778168494951914,0.26366045971277785,,0.04763662432128738,0.04763662432128738,0.051499060704191066,0.14772822087546303,0.05516367824050148,0.07100247197352898,0.0847228778263261,0.027193066781039887,0.0847228778263261,,0.2747484609553575,0.2747484609553575,0.12425636563567598,0.2869362708324957,0.2869362708324957,0.03612291284359666,0.056191166535994125,0.09693359262982128,0.056191166535994125,,0.059532080221735395,0.059532080221735395,0.030077816284712837,0.09580623671871416,0.09580623671871416,0.07852942535556405,0.036303656993312165,0.06625738971789714,0.036303656993312165,,0.07242665863355519,0.07242665863355519,0.07818431956362991,0.005495682109648708,0.01949581106965488,0.11392117356490913,0.21184704632980494,0.06822458359569725,0.21184704632980494,,0.060059791094273854,0.060059791094273854,0.06236662098731064,0.05988534228329951,0.024388593703547283,0.042716640365988365,0.055986752538476674,0.08817657783175024,0.14997505342332929,0.023141188658430036,0.024484762415796897,0.05291139773898395,0.08850059194886781,0.08207266827956483,0.06366859470307747,0.07022920816024264,0.04324620186689152,0.07071352588593968,0.07171497516325102,0.006242606242606243,0.003321817114920563,0.07221292048878256,0.02500010086216983,0.08685474326662943,0.09382813740466626,0.058853600857615346,0.06511064496327719,0.24679859848429636,0.0720404203419594,0.12042894033668004
EX01__tsfresh_return_changes_20,0.028831628758549267,0.0473355249069911,0.01726287883052031,0.039081356322735634,0.04092247297830014,0.08221834590406932,0.02267081960470654,0.0008723549292820471,0.09613563406666854,1.0,0.11601632980943326,0.10874797771349495,0.7782563575667024,0.1392485185588634,0.0027726096116227287,0.05394163844580014,0.007352538387021146,0.8985341604445665,0.008063683925752891,0.17684670788119064,0.08591314108555488,0.09718836615388339,0.3777535599514009,0.15291619595851114,0.19717731023672128,0.053092207969422794,0.18203733059283642,0.03562861332218653,0.12134951484196917,0.13465999164592374,0.11634508507206709,0.0027726096116227287,0.05394163844580014,0.8985341604445665,0.008063683925752891,0.007352538387021146,0.07600661750591924,0.03382329516415575,0.028831628758549267,0.09576697162904059,0.008063683925752891,0.025982197471920543,0.0027726096116227287,0.05394163844580014,0.007352538387021146,0.8985341604445665,0.11864002992459009,0.025143421206089943,0.6020021456299266,0.0665620433614892,0.10780908751424748,0.4585336792233344,0.19578520002545152,0.044405265094920265,0.018155818155818154,0.24842065531720703,0.9408486856762719,0.0027726096116227287,0.05394163844580014,0.9156123431985501,0.02456668439511106,0.023341589660555197,0.15479814790159618,0.0027726096116227287,0.05394163844580014,0.010687356473119511,0.9156123431985501,0.9188361671120292,0.014840187253980357,0.044405265094920265,0.018155818155818154,0.07280549128017988,0.09230420396397256,0.0027726096116227287,0.05394163844580014,0.010687356473119511,0.9156123431985501,0.9188361671120292,0.014840187253980357,0.044405265094920265,0.018155818155818154,0.0027726096116227287,0.07157774504363795,0.05394163844580014,0.02451184270017351,0.010687356473119511,0.24043212405707406,0.6761047657599382,0.9286785217819701,0.7224644010301778,0.6020021456299266,0.7640296812710606,0.9188361671120292,0.025143421206089943,0.11864002992459009,0.0665620433614892,0.04760192559787403,0.014840187253980357,0.061541613265751194,0.04921311817863542,0.08932882725986174,0.03142300383679694,0.1402076859521245,0.03142300383679694,,0.9286785217819701,0.9286785217819701,0.9260718846925744,0.7646488940857371,0.7316762186386976,0.6987539828942313,0.2580732329349721,0.5812546748259836,0.2580732329349721,,0.7224644010301778,0.7224644010301778,0.7302006318992816,0.6697271382086365,0.24427714194873726,0.19676243806775043,0.9188361671120292,0.8985341604445665,0.9188361671120292,,0.6310657276174517,0.6310657276174517,0.8609536540571023,0.7034444588244005,0.7034444588244005,0.8146115073681865,0.7573889160096057,0.7704569535165144,0.7573889160096057,,0.10210685383099176,0.10210685383099176,0.6891307787859512,0.20343853546487256,0.20343853546487256,0.7264572361130204,0.08932882725986174,0.19490591516717828,0.08932882725986174,,0.6588249691697967,0.6588249691697967,0.6572543882888711,0.40210893647973805,0.5114895009903587,0.7806001001515334,0.1649451511520477,0.15776242193222065,0.1649451511520477,,0.7607145883007952,0.7607145883007952,0.7588259105500484,0.6572769789175779,0.7136661278821173,0.6626247086927557,0.039129770164252925,0.17684670788119064,0.3309571102674551,0.1742262638814363,0.21802375595479043,0.03531960083684221,0.17097249511042614,0.2717338924235476,0.18999626585833482,0.2233967958105889,0.033864137312413174,0.15450820278406485,0.26924649683270374,0.164863744174089,0.19909591633729565,0.08591314108555488,0.09718836615388339,0.018577603977680303,0.05473492555785894,0.03957475051841514,0.07280549128017988,0.29843376943187877,0.09146149602917548,0.09230420396397256
EX01__tsfresh_return_cid_20,0.10048422592014415,0.06317945930325358,0.07509841361498258,0.0066489238903032,0.0891614101029558,0.0909331462509361,0.20327412393844843,0.11844427470783077,0.9415763277832243,0.11601632980943326,1.0,0.24078830285726838,0.07856643029056821,0.2856659615280305,0.06230226384980051,0.08450619999897108,0.05974025974025974,0.02892051155520612,0.12798674177984523,0.08183095769302666,0.07496533703430255,0.021581725030000894,0.14236337798463056,0.0766798502406685,0.12377541599592054,0.010211092438604163,0.11576116432365606,0.042555777416608195,0.11052281036116755,0.051532691460617924,0.09105926397013098,0.06230226384980051,0.08450619999897108,0.02892051155520612,0.12798674177984523,0.05974025974025974,0.09153367891460097,0.029667230137449027,0.10048422592014415,0.11775115913046948,0.12798674177984523,0.1407250160914846,0.06230226384980051,0.08450619999897108,0.05974025974025974,0.02892051155520612,0.025749398503231862,0.04818531129341554,0.1307898252744308,0.0633115569179773,0.14602760378602347,0.12756948619017586,0.12395927323112457,0.08966413794000001,0.0007478145409179892,0.2460499908775771,0.064759878552982,0.06230226384980051,0.08450619999897108,0.08619985861365172,0.16246560354304732,0.05864661818861644,0.2276590069693518,0.06230226384980051,0.08450619999897108,0.0015462844435375378,0.08619985861365172,0.06883847573502747,0.03138373483201069,0.08966413794000001,0.0007478145409179892,0.05171165883931728,0.07729265898685844,0.06230226384980051,0.08450619999897108,0.0015462844435375378,0.08619985861365172,0.06883847573502747,0.03138373483201069,0.08966413794000001,0.0007478145409179892,0.06230226384980051,0.06325432609247864,0.08450619999897108,0.10722735404053649,0.0015462844435375378,0.24737171092917565,0.05894412101308653,0.08917246848281331,0.04391270302211795,0.1307898252744308,0.0672610810541845,0.06883847573502747,0.04818531129341554,0.025749398503231862,0.0633115569179773,0.10196726515890128,0.03138373483201069,0.11562937769834322,0.0320057630402458,0.05773144393834049,0.00445703204323894,0.0714064217371245,0.00445703204323894,,0.08917246848281331,0.08917246848281331,0.09162095368991921,0.12766083100868847,0.20255786521279062,0.13522395353826155,0.25080479053211757,0.02201261808302077,0.25080479053211757,,0.04391270302211795,0.04391270302211795,0.047013876707602265,0.1492409706592939,0.022683754086931233,0.09470069505405793,0.06883847573502747,0.02892051155520612,0.06883847573502747,,0.23492807630738666,0.23492807630738666,0.09511105373174339,0.25584680221471157,0.25584680221471157,0.02009278876386242,0.05028503649193304,0.08493453314728178,0.05028503649193304,,0.03572789090030469,0.03572789090030469,0.028190931639207502,0.07050351717346456,0.07050351717346456,0.07030858126978103,0.05773144393834049,0.03392476480373654,0.05773144393834049,,0.08197763370177163,0.08197763370177163,0.08860423343181964,0.007081682522541646,0.023602053072359092,0.11611188427051086,0.21007079627769282,0.07563253230109934,0.21007079627769282,,0.0581746995540099,0.0581746995540099,0.06075300558059179,0.057642828337972636,0.02353269831516402,0.03675681245061508,0.06212688281653799,0.08183095769302666,0.13452906556354832,0.015556712108436246,0.013664448147206769,0.06466699570147846,0.08249333076919284,0.07116467116467116,0.03254943254943255,0.0375111340628582,0.05079338182786459,0.06641616986444572,0.06146953043504768,0.020605737847117157,0.033761751003130315,0.07496533703430255,0.021581725030000894,0.05106866431669399,0.07892096965088198,0.025101962743022194,0.05171165883931728,0.22888865756740023,0.07027144361272815,0.07729265898685844
EX01__tsfresh_range_autocorr_20,0.0032589913375295717,0.07098665539923815,0.06425390037963324,0.064961229768532,0.012787826247316161,0.05568321927312665,0.03824051553211566,0.0545317170137813,0.2799079419769075,0.10874797771349495,0.24078830285726838,1.0,0.008961544458501862,0.939759653755597,0.04041161681019206,0.017808910969996445,0.0442926132581305,0.14568975031020176,0.06505143746523057,0.02957071161939316,0.015347187760980865,0.1338763752556856,0.03710999505370484,0.0391627391199173,0.010117173511952076,0.06947703345166548,0.128566099074911,0.017616609085544,0.0008523346159481336,0.014245668973203438,0.12162807586921866,0.04041161681019206,0.017808910969996445,0.14568975031020176,0.06505143746523057,0.0442926132581305,0.06593531384984955,0.07396911478383342,0.0032589913375295717,0.10681107993481219,0.06505143746523057,0.042565674647432536,0.04041161681019206,0.017808910969996445,0.0442926132581305,0.14568975031020176,0.09084391668898012,0.016504494970104852,0.11712626446686301,0.046646224451576575,0.04001943511918827,0.1576073452341201,0.06251060730254264,0.011374048899403869,0.060148146355042904,0.14392651918006888,0.022667823377762526,0.04041161681019206,0.017808910969996445,0.07472534044542158,0.010738240101456898,0.12432229064226895,0.1297165227185511,0.04041161681019206,0.017808910969996445,0.061138677634538896,0.07472534044542158,9.130992903812376e-05,0.0001762121437577827,0.011374048899403869,0.060148146355042904,0.022680561921250602,0.06511953114577386,0.04041161681019206,0.017808910969996445,0.061138677634538896,0.07472534044542158,9.130992903812376e-05,0.0001762121437577827,0.011374048899403869,0.060148146355042904,0.04041161681019206,0.001106132176431974,0.017808910969996445,0.040511624040823487,0.061138677634538896,0.14588328792310445,0.04725867301932211,0.0641212852166199,0.22111609043955677,0.11712626446686301,0.08785990885382366,9.130992903812376e-05,0.016504494970104852,0.09084391668898012,0.046646224451576575,0.031200408349412352,0.0001762121437577827,0.021956923072541733,0.07791317831885783,0.18175855447660721,0.06127234423380468,0.06944543733510199,0.06127234423380468,,0.0641212852166199,0.0641212852166199,0.07718412282306805,0.0742329612691076,0.1994457618532715,0.04625466975104252,0.14006098898629563,0.07311909910785891,0.14006098898629563,,0.22111609043955677,0.22111609043955677,0.21749741277398396,0.067139980363999,0.016188234518718578,0.14162334005928345,9.130992903812376e-05,0.14568975031020176,9.130992903812376e-05,,0.3337623535392298,0.3337623535392298,0.10199710656100108,0.27522595491075,0.27522595491075,0.20527074887009306,0.16799140227132114,0.21558200360801033,0.16799140227132114,,0.10699690365004767,0.10699690365004767,0.16071401872618912,0.08725520314496493,0.08725520314496493,0.19913199406569493,0.18175855447660721,0.1559468592982759,0.18175855447660721,,0.15423759947086518,0.15423759947086518,0.15837662693646468,0.11853704950536129,0.15947238887553467,0.10726668316076407,0.14385051656856931,0.20110639099799726,0.14385051656856931,,0.19041555451291758,0.19041555451291758,0.19205806528321742,0.2652857726737162,0.24780819045979366,0.1595977181975573,0.08695197133331008,0.02957071161939316,0.014380334867150284,0.0769219405122042,0.035764123492318216,0.07692781425032946,0.038889130167020634,0.0015741618175695255,0.08284071062975729,0.0767731391463643,0.12606163366812453,0.09904261628399559,0.04367765067562228,0.06679312409535533,0.03753781441408216,0.015347187760980865,0.1338763752556856,0.0008318480228729341,0.01832936559144831,0.010984519131933804,0.022680561921250602,0.0533324850953882,0.05811114445588004,0.06511953114577386
EX01__tsfresh_range_changes_20,0.05291168285686956,0.030925789030849245,0.036640613482688426,0.012240336276847433,0.0689248526363731,0.03081727527591469,0.0820536478792627,0.09579916548745353,0.12254897082483289,0.7782563575667024,0.07856643029056821,0.008961544458501862,1.0,0.014991559616306067,0.00267096864805207,0.03720622347611818,0.01159369110687569,0.7006750306267207,0.07234614820821718,0.23876692081560236,0.11668269781860045,0.13847337630299092,0.4197731344747892,0.22283609339946592,0.29675792421290814,0.09267766364997974,0.12484475076816039,0.02557537701137449,0.12097664272721656,0.10761190381065174,0.06859905672081151,0.00267096864805207,0.03720622347611818,0.7006750306267207,0.07234614820821718,0.01159369110687569,0.03589351912261568,0.04310812128764948,0.05291168285686956,0.1334710873250427,0.07234614820821718,0.0772615314911796,0.00267096864805207,0.03720622347611818,0.01159369110687569,0.7006750306267207,0.10095943677897176,0.024304061619435505,0.5219559015721617,0.09159145469535247,0.1927199476990229,0.46088197203815867,0.03179551394171659,0.02726340048855262,0.1244766143346265,0.3189861643208499,0.8185290806994661,0.00267096864805207,0.03720622347611818,0.8372878423588362,0.05142988603643757,0.11686623548066276,0.08776379313904668,0.00267096864805207,0.03720622347611818,0.1137712917463742,0.8372878423588362,0.8433612875803546,0.0793331990086554,0.02726340048855262,0.1244766143346265,0.12142963302468257,0.0791259784002431,0.00267096864805207,0.03720622347611818,0.1137712917463742,0.8372878423588362,0.8433612875803546,0.0793331990086554,0.02726340048855262,0.1244766143346265,0.00267096864805207,0.046732905256299515,0.03720622347611818,0.006469389720280184,0.1137712917463742,0.3124620710001521,0.49838312008697405,0.8362866369965761,0.45366532416140326,0.5219559015721617,0.7032096241021191,0.8433612875803546,0.024304061619435505,0.10095943677897176,0.09159145469535247,0.005804944450676645,0.0793331990086554,0.021773057270014672,0.021092237623677786,0.224596082608253,0.1309895219631528,0.15438035418623652,0.1309895219631528,,0.8362866369965761,0.8362866369965761,0.8446437204043695,0.6457156642019015,0.7954168084861228,0.661017492698842,0.3222551952550884,0.40194783522378524,0.3222551952550884,,0.45366532416140326,0.45366532416140326,0.4648098326024613,0.5699184399400116,0.253771609905295,0.19157130392679236,0.8433612875803546,0.7006750306267207,0.8433612875803546,,0.892559540125463,0.892559540125463,0.9088303287086249,0.8947414986085271,0.8947414986085271,0.5526837973356051,0.505317156939875,0.47347726221120834,0.505317156939875,,0.2568475327096017,0.2568475327096017,0.48141246670658433,0.30860376448968585,0.30860376448968585,0.4756686258243773,0.224596082608253,0.1259639456145718,0.224596082608253,,0.49982396584830663,0.49982396584830663,0.49511180393533333,0.37268140642409026,0.40372012545576064,0.5777498883415368,0.3314856570434664,0.27212768903565393,0.3314856570434664,,0.47584879075751285,0.47584879075751285,0.4718587426498177,0.35582590315609525,0.4128074014164969,0.5339115406423706,0.0446585649425406,0.23876692081560236,0.37062664598161554,0.21511942911537232,0.23771925952453335,0.04507453239704761,0.20376442536685943,0.26152890199543344,0.2500729767464047,0.25320723900845604,0.04848219047002009,0.20521862053302214,0.3424601137582882,0.218904608356941,0.21202681699639103,0.11668269781860045,0.13847337630299092,0.01879075889562578,0.10262743126166755,0.04374459905041807,0.12142963302468257,0.13451573724818414,0.06888291337291937,0.0791259784002431
EX01__tsfresh_range_cid_20,0.008781129075111084,0.07571360443408096,0.05018476272536746,0.0993694097142373,0.02145930391488307,0.003721265426790818,0.020586161180220587,0.017297489165234436,0.2796063416753072,0.1392485185588634,0.2856659615280305,0.939759653755597,0.014991559616306067,1.0,0.04163879216298394,0.008621670529763007,0.04481537595127859,0.1664819494574869,0.016724202931099483,0.030774471950942538,0.011215813954150668,0.12627041835966785,0.031268110637867656,0.03678550192077036,0.002511547153993086,0.042672733993210615,0.09967220252735125,0.016835091031446408,0.008155775487273429,0.0007176766279356807,0.08486958420316107,0.04163879216298394,0.008621670529763007,0.1664819494574869,0.016724202931099483,0.04481537595127859,0.03782492992120091,0.06309260418202647,0.008781129075111084,0.08754165904267325,0.016724202931099483,0.048611084028880126,0.04163879216298394,0.008621670529763007,0.04481537595127859,0.1664819494574869,0.08080928865260886,0.011344654314747162,0.07220311032260648,0.02807437380428574,0.03231712112032908,0.14968883427301277,0.060431732150234396,0.014558860907745289,0.05194733997979434,0.12932529616099595,0.003034942690115104,0.04163879216298394,0.008621670529763007,0.05673603848046039,0.001905684079036761,0.12727838685235943,0.11770152439523636,0.04163879216298394,0.008621670529763007,0.05390623644200973,0.05673603848046039,0.01885558934240476,0.044227646154623844,0.014558860907745289,0.05194733997979434,0.01089249718550053,0.06921886624477787,0.04163879216298394,0.008621670529763007,0.05390623644200973,0.05673603848046039,0.01885558934240476,0.044227646154623844,0.014558860907745289,0.05194733997979434,0.04163879216298394,0.02752817593384518,0.008621670529763007,0.0591958103508465,0.05390623644200973,0.13162585530756862,0.027588591990214708,0.044731897673074145,0.22105726405703666,0.07220311032260648,0.07860574544144523,0.01885558934240476,0.011344654314747162,0.08080928865260886,0.02807437380428574,0.042832902243950546,0.044227646154623844,0.03014509201121777,0.022636140790299006,0.17787049582181427,0.05345991654308084,0.057300358172420754,0.05345991654308084,,0.044731897673074145,0.044731897673074145,0.05949722937552552,0.05490748161300453,0.18560244474638604,0.03379956080727944,0.12501184759784162,0.0531284500690441,0.12501184759784162,,0.22105726405703666,0.22105726405703666,0.21759566439790576,0.07015096854016155,0.014925397098437229,0.14122972331617642,0.01885558934240476,0.1664819494574869,0.01885558934240476,,0.33739517157367055,0.33739517157367055,0.0881886601967738,0.2864160995291227,0.2864160995291227,0.21104583336218197,0.17000609444828513,0.223961648522508,0.17000609444828513,,0.09467967480137865,0.09467967480137865,0.16370553135259017,0.07865389928632256,0.07865389928632256,0.19618727187139942,0.17787049582181427,0.16972698058073418,0.17787049582181427,,0.15542925634203525,0.15542925634203525,0.16044987850261683,0.10863944057468317,0.15179871372917492,0.12411618267452887,0.14955160239135898,0.19765710098192468,0.14955160239135898,,0.19986889104536162,0.19986889104536162,0.20111536947236744,0.27333288934084377,0.25567049455365476,0.17008596119222844,0.05035733686849306,0.030774471950942538,0.01743040688273954,0.039462264614394435,0.0005644128362181101,0.044104653638122195,0.05723050043536859,0.010926220865368938,0.044255768900799325,0.042742480369255216,0.0850565338394953,0.09697114463848744,0.04485400022925378,0.035488057800431023,0.003696539193496597,0.011215813954150668,0.12627041835966785,0.017122435044467546,0.008418406169209447,0.003549786631899371,0.01089249718550053,0.05229637660701037,0.061369988706076115,0.06921886624477787
EX01__etf_return_1,0.5326487308209906,0.5172894392767518,0.1008983086317968,0.01904539406706438,0.534262692152018,0.054962784791398996,0.080800733268927,0.02692339178582126,0.06371362748783332,0.0027726096116227287,0.06230226384980051,0.04041161681019206,0.00267096864805207,0.04163879216298394,1.0,0.41102777368435883,0.9917425329365834,0.01973161104317853,0.14816709211803855,0.2687672826377294,0.21364571350199452,0.23447191546981877,0.27644882956415884,0.010090994162484974,0.03715637902403038,0.06242044461293286,0.007342371848032234,0.4813796275667247,0.3185894888005513,0.20090894258906702,0.7885332808316003,1.0,0.41102777368435883,0.01973161104317853,0.14816709211803855,0.9917425329365834,0.12174716003152178,0.7292734335332706,0.5326487308209906,0.3040466275410851,0.14816709211803855,0.02515584669242712,1.0,0.41102777368435883,0.9917425329365834,0.01973161104317853,0.38305712888708504,0.9004722857804607,0.005779375456773933,0.7807177101256115,0.2280591299692124,0.014512607630828072,0.0920105036547484,0.41192604383021514,0.2055141437314767,0.12198676939040357,0.018919242336543705,1.0,0.4145349019742618,0.012039048884986843,0.053578582432863626,0.025516446196078485,0.06961074375189323,1.0,0.4145349019742618,0.20683657264573632,0.012039048884986843,0.012518487989704197,0.13705689888852032,0.41192604383021514,0.2055141437314767,0.05839499582332663,0.02014370360703235,1.0,0.4145349019742618,0.20683657264573632,0.012039048884986843,0.012518487989704197,0.13705689888852032,0.41192604383021514,0.2055141437314767,1.0,0.46953801874734563,0.4145349019742618,0.307240790009999,0.20683657264573632,0.12696441864630298,0.02312992760705777,0.010848189054619447,0.03886493603858311,0.005779375456773933,0.008059407304323526,0.012518487989704197,0.9004722857804607,0.38305712888708504,0.7807177101256115,0.3379444113285204,0.13705689888852032,0.1834107035326767,0.13701422302429214,0.069402054086162,0.20505197819085172,0.18070377309357225,0.20505197819085172,,0.010848189054619447,0.010848189054619447,0.0036737978870280048,0.03523894833886329,0.03107435211636623,0.048952077460139236,0.1237643538664588,0.10313167686019244,0.1237643538664588,,0.03886493603858311,0.03886493603858311,0.033569140941379506,0.02843710265657472,0.01723271140171134,0.04925448473113322,0.012518487989704197,0.01212278605084562,0.012518487989704197,,0.008718382050308528,0.008718382050308528,0.00784829464996396,0.023956366302898005,0.023956366302898005,0.011105280118444576,0.0519781083769981,0.052941303568417794,0.0519781083769981,,0.010132313156330201,0.010132313156330201,0.05228746931219068,0.0034410881738095255,0.0034410881738095255,0.031626582946818145,0.069402054086162,0.03185348873627686,0.069402054086162,,0.010359995926470671,0.010359995926470671,0.00888517746104652,0.022419692901542193,0.024408522694049136,0.000784570297002612,0.06653401715944231,0.0282830698930349,0.06653401715944231,,0.0384142961964739,0.0384142961964739,0.038934769786026044,0.0633889703856795,0.03914345458766822,0.011796571189539487,0.7047123299083263,0.27460840010091603,0.16670529119320085,0.10141692467149581,0.10296630865793405,0.7698639929748389,0.2939171183192345,0.14757587413337953,0.14416704177699902,0.14052880711016116,0.7065874886238911,0.27928171987759604,0.16666761762807633,0.16121573689246418,0.16432841750972274,0.21868160186895857,0.24121539611252119,0.18552453176380357,0.06439549136395856,0.1711297620575897,0.05839499582332663,0.07380322493910649,0.01427960364454064,0.02014370360703235
EX01__etf_return_5,0.2914196958313141,0.2670373089416087,0.012635208807759394,0.043686093273040474,0.27153710567942924,0.04298501133891674,0.4140113464225937,0.06981444531538558,0.10419019650869144,0.05394163844580014,0.08450619999897108,0.017808910969996445,0.03720622347611818,0.008621670529763007,0.41102777368435883,1.0,0.424636996221766,0.07574599042538756,0.4326494951399101,0.613307253843839,0.5660452685527505,0.504685885213402,0.499470793878228,0.2277556110400242,0.1307166599775743,0.12859687213824736,0.18939225863355766,0.027173123910133642,0.7467276889360502,0.4533030173460809,0.3570245208061208,0.41102777368435883,1.0,0.07574599042538756,0.4326494951399101,0.424636996221766,0.036854923749323025,0.32380055185194034,0.2914196958313141,0.5855549513673256,0.4326494951399101,0.24439556203699356,0.41102777368435883,1.0,0.424636996221766,0.07574599042538756,0.20636625558332075,0.38907992948501985,0.036332725477475084,0.3654319882854243,0.46764292638414234,0.007638583304771354,0.23171120765510866,0.9972884701786399,0.43176586354303337,0.3260467963337343,0.1014800378326839,0.41102777368435883,1.0,0.09171245151557064,0.39616284187725076,0.14227605019795725,0.13976832005403803,0.41102777368435883,1.0,0.43473590474172513,0.09171245151557064,0.0829582664510368,0.41647752000941635,0.9972884701786399,0.43176586354303337,0.3017312864112324,0.03422444810777229,0.41102777368435883,1.0,0.43473590474172513,0.09171245151557064,0.0829582664510368,0.41647752000941635,0.9972884701786399,0.43176586354303337,0.41102777368435883,0.7122703578406399,1.0,0.6695630718550498,0.43473590474172513,0.3312757740191438,0.038772669204258065,0.08488978366822397,0.12625977111507167,0.036332725477475084,0.0637466617482853,0.0829582664510368,0.38907992948501985,0.20636625558332075,0.3654319882854243,0.7077691247740092,0.41647752000941635,0.11447606660723295,0.5021270932861163,0.2066921229823533,0.4321771582670628,0.3015660331642659,0.4321771582670628,,0.08488978366822397,0.08488978366822397,0.06366367911774796,0.12023162505374373,0.0950309570599253,0.18627266069624873,0.32502224429196086,0.1932024598019151,0.32502224429196086,,0.12625977111507167,0.12625977111507167,0.1128959435563718,0.10347892790790518,0.09505402814862925,0.19108610031880213,0.0829582664510368,0.06374528954151121,0.0829582664510368,,0.04206045389167113,0.04206045389167113,0.09211281054410297,0.09008292776793708,0.09008292776793708,0.06577189223715925,0.14238701707798102,0.14422199860073587,0.14238701707798102,,0.03748901153575234,0.03748901153575234,0.14340604699736045,0.017842542844439313,0.017842542844439313,0.07963529004331285,0.2066921229823533,0.02611670688583466,0.2066921229823533,,0.0035035234449049715,0.0035035234449049715,0.00801216596124076,0.10313297591022821,0.06405043289138179,0.023006482098195998,0.2495045667585061,0.018777638215707305,0.2495045667585061,,0.12197361160390112,0.12197361160390112,0.12667443288669447,0.16682308453636616,0.11239528404743497,0.041861555453508954,0.2814429891437146,0.613307253843839,0.3588111853670818,0.2615737149301445,0.24056809329917755,0.3481395547523608,0.699014802388579,0.3118767080742283,0.36026482877294785,0.34247775922775386,0.2852689547867346,0.6087104020777945,0.3251893091515152,0.2920584134999612,0.2780906356071528,0.5660452685527505,0.504685885213402,0.0964532277770498,0.2778209376150164,0.09648384625996217,0.3017312864112324,0.1668111632225431,0.01383915371180539,0.03422444810777229
EX01__theme_return_1,0.5338115381264599,0.5172463734092957,0.10659399301215812,0.004728079911209767,0.5357044992948233,0.0638400481900961,0.09641349577472222,0.03360968295637015,0.06243045553390381,0.007352538387021146,0.05974025974025974,0.0442926132581305,0.01159369110687569,0.04481537595127859,0.9917425329365834,0.424636996221766,1.0,0.006985526729262146,0.1587349104590484,0.26866939951786456,0.22504161192119224,0.23259190404894045,0.27517771032716615,0.02680075800318211,0.04970953383681851,0.07229539061698781,0.020240221659985673,0.45588531078911837,0.3276450550213353,0.20472343249965352,0.7806730881802809,0.9917425329365834,0.424636996221766,0.006985526729262146,0.1587349104590484,1.0,0.11864727506644829,0.7339365085282238,0.5338115381264599,0.31280617930998994,0.1587349104590484,0.013252400930004807,0.9917425329365834,0.424636996221766,1.0,0.006985526729262146,0.37578541235803936,0.8967886268329461,0.01927021769788017,0.7804860614341722,0.240765757587641,0.02190711416110425,0.09536977417827652,0.42827937659251847,0.22003032624157823,0.1351159118975786,0.009291866627065389,0.9917425329365834,0.427883890333888,0.0019727689109127573,0.06482375012551395,0.017155898074111876,0.07256084788419753,0.9917425329365834,0.427883890333888,0.2198435486208862,0.0019727689109127573,0.0005203920526488565,0.14783714495630831,0.42827937659251847,0.22003032624157823,0.05597000139048294,0.019976772191472227,0.9917425329365834,0.427883890333888,0.2198435486208862,0.0019727689109127573,0.0005203920526488565,0.14783714495630831,0.42827937659251847,0.22003032624157823,0.9917425329365834,0.48018503704222654,0.427883890333888,0.31755175275543257,0.2198435486208862,0.13902667920047246,0.03568179331259477,9.942004971002485e-05,0.033336279981263484,0.01927021769788017,0.00553641493801879,0.0005203920526488565,0.8967886268329461,0.37578541235803936,0.7804860614341722,0.35025029702914684,0.14783714495630831,0.1776139188069594,0.14007065701646057,0.0773642744368542,0.21822560222600865,0.1890215628418377,0.21822560222600865,,9.942004971002485e-05,9.942004971002485e-05,0.008834471870066123,0.05110797472239063,0.021171241967437877,0.04592548356833908,0.13594246892673822,0.1128755537889946,0.13594246892673822,,0.033336279981263484,0.033336279981263484,0.02766917930269887,0.04181453714239588,0.015877813798289373,0.05236765693054181,0.0005203920526488565,0.0005477653026883322,0.0005203920526488565,,0.018477747729439904,0.018477747729439904,0.002436260180394241,0.013543022632839383,0.013543022632839383,0.0006454770212059944,0.04580294195807475,0.04679226229574474,0.04580294195807475,,0.009115536727579684,0.009115536727579684,0.04706038673774054,0.0041053755172616654,0.0041053755172616654,0.026167914231193093,0.0773642744368542,0.03221151788139691,0.0773642744368542,,0.014210188991886948,0.014210188991886948,0.011545075112160198,0.023400517056951436,0.023900629193588357,0.005744040356804158,0.07755545481546326,0.034932790129760305,0.07755545481546326,,0.03307748823685733,0.03307748823685733,0.03382204436385237,0.058205773516235924,0.03369296919356443,0.022785768093230248,0.7059164308827437,0.27477044285691954,0.16919260289818824,0.09217645495615201,0.09329102249456785,0.7746646136530615,0.2996986134342124,0.15257616732581952,0.13915586750246206,0.13472307764455768,0.708568257491676,0.2778354254271467,0.1670524143752638,0.15089962639320942,0.15359100217285956,0.2301044223163621,0.2395386972221788,0.18369171271027826,0.061516736538218375,0.16809086747404248,0.05597000139048294,0.07915816090138449,0.012632226955841337,0.019976772191472227
EX01__range_median_20,0.02550252695875971,0.06426316782866384,0.011932595842315633,0.11702043306183962,0.03447547864454719,0.06450486019531339,0.01516854664431791,0.05941853011708529,0.027193066781039887,0.8985341604445665,0.02892051155520612,0.14568975031020176,0.7006750306267207,0.1664819494574869,0.01973161104317853,0.07574599042538756,0.006985526729262146,1.0,0.01911217211681596,0.23306837471623054,0.12365752894456003,0.15133406302736072,0.4342262754116952,0.1178122974691605,0.15081790410460771,0.0690873080207956,0.1632110753935211,0.02604832399496354,0.17313960142739512,0.11910508381252909,0.15071436028599688,0.01973161104317853,0.07574599042538756,1.0,0.01911217211681596,0.006985526729262146,0.05758964129153908,0.027634627188685496,0.02550252695875971,0.08755715627784558,0.01911217211681596,0.03284540825018374,0.01973161104317853,0.07574599042538756,0.006985526729262146,1.0,0.1270935049639786,0.009965622637248,0.6864688585646553,0.08300037392672059,0.13110215518944776,0.40485466094354833,0.2988224989905618,0.06678765186002868,0.012776242701225984,0.263905350125096,0.8589389960464116,0.01973161104317853,0.07574599042538756,0.8141651427716328,0.03877970826953088,0.11192680710585504,0.10253683471308955,0.01973161104317853,0.07574599042538756,0.004130307632391331,0.8141651427716328,0.9457984006417827,0.039392621421573217,0.06678765186002868,0.012776242701225984,0.15423693478363001,0.07859690467402097,0.01973161104317853,0.07574599042538756,0.004130307632391331,0.8141651427716328,0.9457984006417827,0.039392621421573217,0.06678765186002868,0.012776242701225984,0.01973161104317853,0.08794064733877179,0.07574599042538756,0.055117052789530586,0.004130307632391331,0.25623726883657577,0.6471258819575572,0.8355585297524784,0.7359731878556945,0.6864688585646553,0.8209382290332844,0.9457984006417827,0.009965622637248,0.1270935049639786,0.08300037392672059,0.06909940237770695,0.039392621421573217,0.045574309732964356,0.051343309963789954,0.045618987200388095,0.022513705626124706,0.14408894265107083,0.022513705626124706,,0.8355585297524784,0.8355585297524784,0.8412861454766266,0.7327927496890504,0.6411440177827882,0.5791397988039501,0.272270073144941,0.5703427790555069,0.272270073144941,,0.7359731878556945,0.7359731878556945,0.7423617662354026,0.7270990884125613,0.15042705598910022,0.07956356053185039,0.9457984006417827,1.0,0.9457984006417827,,0.5284236359437127,0.5284236359437127,0.8284425305785087,0.6474110098437537,0.6474110098437537,0.925176996183831,0.8036379032612394,0.8340894873173881,0.8036379032612394,,0.011139374213462071,0.011139374213462071,0.7053721276351328,0.11277103549127554,0.11277103549127554,0.7889632162814721,0.045618987200388095,0.18285422698225023,0.045618987200388095,,0.6911224184983141,0.6911224184983141,0.6867000612148764,0.45600745527185366,0.5624664804683792,0.7637781122203448,0.13076640820340246,0.20177465611388576,0.13076640820340246,,0.8001825194510266,0.8001825194510266,0.7984334233010688,0.7059171460792685,0.7596800247608134,0.6996120188585857,0.06183210193249593,0.23306837471623054,0.3866786746097858,0.22328107238544082,0.26662302172918256,0.06235817466146355,0.22059081245459436,0.28950375898011904,0.2789894243158939,0.3081525966772727,0.06696956569153094,0.22379797822368203,0.3019164410151578,0.23476068954304824,0.2657310743616113,0.12365752894456003,0.15133406302736072,0.04350519474524252,0.1323039355233723,0.07065424849653919,0.15423693478363001,0.2837840394618927,0.09680899778261558,0.07859690467402097
EX01__amount_ratio_20,0.1490890757887795,0.11791088257361151,0.0392618043105456,0.04378431274982999,0.14163595422107764,0.30112240339004953,0.8224682683322095,0.09940464251232353,0.1962048927566169,0.008063683925752891,0.12798674177984523,0.06505143746523057,0.07234614820821718,0.016724202931099483,0.14816709211803855,0.4326494951399101,0.1587349104590484,0.01911217211681596,1.0,0.17168435789125444,0.19359951084089014,0.14392188874947495,0.305023872595393,0.38121331697257366,0.4592821339349545,0.07281262976571243,0.20725203663700953,0.43932481076210317,0.2939510240950468,0.34262810969556223,0.05554242967275256,0.14816709211803855,0.4326494951399101,0.01911217211681596,1.0,0.1587349104590484,0.09050245646275666,0.07087417274266883,0.1490890757887795,0.17606437606437605,1.0,0.5232196070479096,0.14816709211803855,0.4326494951399101,0.1587349104590484,0.01911217211681596,0.08751347107485641,0.11874726690191985,0.2523407646195928,0.09814457912864852,0.3960509852730984,0.12894910136289447,0.1949349922386926,0.4400969711314539,0.4429811809122154,0.33268799475696026,0.05562956597439356,0.14816709211803855,0.4326494951399101,0.05465232361784086,0.6837918571842224,0.5055921552412322,0.2586336448405414,0.14816709211803855,0.4326494951399101,0.4459144720999093,0.05465232361784086,0.03911183911183911,0.9564137357240805,0.4400969711314539,0.4429811809122154,0.02339178769909757,0.030796579603677036,0.14816709211803855,0.4326494951399101,0.4459144720999093,0.05465232361784086,0.03911183911183911,0.9564137357240805,0.4400969711314539,0.4429811809122154,0.14816709211803855,0.34997395513472884,0.4326494951399101,0.5349557412236758,0.4459144720999093,0.3315284233206281,0.14427046840839944,0.04846449674035881,0.16766082407179517,0.2523407646195928,0.14262511503890815,0.03911183911183911,0.11874726690191985,0.08751347107485641,0.09814457912864852,0.5450952315995011,0.9564137357240805,0.43421504800815147,0.6669764255971152,0.6463223635637428,0.4436634574565609,0.232495267886804,0.4436634574565609,,0.04846449674035881,0.04846449674035881,0.01783377645446611,0.1378392549489608,0.05338613270209601,0.15830240440257018,0.3264098246396723,0.10220613010284349,0.3264098246396723,,0.16766082407179517,0.16766082407179517,0.1557337971977262,0.0663242931461049,0.17209865846698033,0.19586306275679394,0.03911183911183911,0.01911217211681596,0.03911183911183911,,0.062065917238331034,0.062065917238331034,0.03476732442249684,0.007344682505842042,0.007344682505842042,0.09309882199657413,0.13843875223185567,0.1395921132115943,0.13843875223185567,,0.017526079595045114,0.017526079595045114,0.14686670548739514,0.0014463366688064997,0.0014463366688064997,0.10928872522727599,0.6463223635637428,0.3313236206182539,0.6463223635637428,,0.033127529679253816,0.033127529679253816,0.04627117040910144,0.14150892396857429,0.05909939445319441,0.08967199695657063,0.5337422509836303,0.0838947545382989,0.5337422509836303,,0.11900740866258108,0.11900740866258108,0.1232115232115232,0.1612785631699695,0.12970409208331982,0.06780682131312525,0.012324460600322669,0.17168435789125444,0.3231603300568818,0.32902862558034973,0.3258865672658776,0.03086212051729293,0.23142847280778314,0.28627651386272074,0.3460509322578288,0.3332203677031263,0.026533923085647223,0.17624296934641762,0.23898246656867347,0.2371034715862302,0.22824176617280065,0.19359951084089014,0.14392188874947495,0.0007462026528815226,0.002632997152816692,0.01938724360934987,0.02339178769909757,0.04819779362966481,0.07351083067838944,0.030796579603677036
EX02__market_return_5,0.26914345507091425,0.23621016715211163,0.0006230941663025924,0.0034873604291937982,0.24759411960226715,0.1554671099864329,0.13690591557087883,0.015488425254510193,0.08817657783175024,0.17684670788119064,0.08183095769302666,0.02957071161939316,0.23876692081560236,0.030774471950942538,0.2687672826377294,0.613307253843839,0.26866939951786456,0.23306837471623054,0.17168435789125444,1.0,0.454490469060833,0.6394022678698074,0.6730089509721866,0.010851094841562168,0.08437725267231831,0.1032394453138173,0.10966043062061412,0.05185425273212395,0.7421510887752227,0.1081875725067896,0.3360905445218971,0.2687672826377294,0.613307253843839,0.23306837471623054,0.17168435789125444,0.26866939951786456,0.019365486089993708,0.2031378429811786,0.26914345507091425,0.2114086620340068,0.17168435789125444,0.05933187059853648,0.2687672826377294,0.613307253843839,0.26866939951786456,0.23306837471623054,0.2339554465003278,0.22659545833032327,0.26620438699845755,0.3118034729265187,0.2531034156917872,0.013279469683202615,0.13361154162176156,0.6168052658579615,0.22318366979352447,0.12212419409569053,0.19406400918598238,0.2687672826377294,0.613307253843839,0.18439524811962363,0.11751069764866666,0.03119709762080861,0.032531918554815964,0.2687672826377294,0.613307253843839,0.22856002879947301,0.18439524811962363,0.23881962056360634,0.162575001970033,0.6168052658579615,0.22318366979352447,0.43243953020563636,0.006119807099563117,0.2687672826377294,0.613307253843839,0.22856002879947301,0.18439524811962363,0.23881962056360634,0.162575001970033,0.6168052658579615,0.22318366979352447,0.2687672826377294,0.42522937826943613,0.613307253843839,0.3594616839780374,0.22856002879947301,0.12711972550764378,0.18260726226526455,0.1856049287812974,0.17214455154366626,0.26620438699845755,0.30326591263989244,0.23881962056360634,0.22659545833032327,0.2339554465003278,0.3118034729265187,0.42160622993631947,0.162575001970033,0.08787199449355679,0.2187601818541468,0.004608590630362309,0.22526515035774192,0.18912122094366113,0.22526515035774192,,0.1856049287812974,0.1856049287812974,0.18538525000120615,0.001182732162787928,0.17810333508722442,0.20667292268916257,0.12286236327266449,0.08334917783914818,0.12286236327266449,,0.17214455154366626,0.17214455154366626,0.17317378638625952,0.10444729379130464,0.12324414085794902,0.16432601611543474,0.23881962056360634,0.21702274089183346,0.23881962056360634,,0.20554278831231695,0.20554278831231695,0.23933777944314807,0.257995178294041,0.257995178294041,0.16247060409211733,0.20268744662818802,0.19541922240052276,0.20268744662818802,,0.1400585702867564,0.1400585702867564,0.21010699289340753,0.12704207586751312,0.12704207586751312,0.16571707565774188,0.004608590630362309,0.019849711304927204,0.004608590630362309,,0.10312197961779752,0.10312197961779752,0.09957736761780395,0.09328392180062095,0.10215283850328283,0.13068154919038014,0.05090372247783512,0.1355367536252978,0.05090372247783512,,0.17931996069583173,0.17931996069583173,0.17793836450273956,0.1536298633772542,0.13649875161029607,0.13413683760716547,0.38785623422968496,1.0,0.48927128077875004,0.3986732430924211,0.38214715905161806,0.36030021694485675,0.8595709026932361,0.37895055940895794,0.4747470718877097,0.45818464274859,0.39584861784094033,0.887115341008689,0.45730705336135874,0.45605748958294806,0.43719631338480613,0.454490469060833,0.6394022678698074,0.17642829746173774,0.45053184085701853,0.1787737591137478,0.43243953020563636,0.08754082452964253,0.012300100091454581,0.006119807099563117
EX02__small_vs_large_5,0.18339450365184592,0.17600232629417084,0.026966975164911654,0.05038427704614058,0.17102119195798446,0.08523441260585943,0.1734577758851154,0.04528233461100267,0.07221292048878256,0.08591314108555488,0.07496533703430255,0.015347187760980865,0.11668269781860045,0.011215813954150668,0.21364571350199452,0.5660452685527505,0.22504161192119224,0.12365752894456003,0.19359951084089014,0.454490469060833,1.0,0.491400042134583,0.4031042945090545,0.08279952017680299,0.07266369168747638,0.05696894316655335,0.05193234604827675,0.001450047142068876,0.4523147544191392,0.3983091570018583,0.21708450933132348,0.21364571350199452,0.5660452685527505,0.12365752894456003,0.19359951084089014,0.22504161192119224,0.0019305741137413018,0.17664886880387146,0.18339450365184592,0.3205229191225071,0.19359951084089014,0.1051025652606213,0.21364571350199452,0.5660452685527505,0.22504161192119224,0.12365752894456003,0.12237077256118355,0.19994327080843935,0.15263471026320577,0.2392546809078592,0.2308416562471092,0.03799863947109841,0.008176020320191844,0.5656156071641657,0.19396092419473895,0.09896689862129855,0.11753811812800229,0.21364571350199452,0.5660452685527505,0.10194446275994384,0.14384947697785966,0.009701805639808178,0.09452121765728502,0.21364571350199452,0.5660452685527505,0.19840702316011233,0.10194446275994384,0.13387990357291615,0.19621737585173774,0.5656156071641657,0.19396092419473895,0.26254250348559477,0.13136320130528353,0.21364571350199452,0.5660452685527505,0.19840702316011233,0.10194446275994384,0.13387990357291615,0.19621737585173774,0.5656156071641657,0.19396092419473895,0.21364571350199452,0.4140490747475375,0.5660452685527505,0.44121139197085757,0.19840702316011233,0.10084366468299104,0.11887854465220475,0.10174890683271766,0.054314215783278524,0.15263471026320577,0.16202323191549925,0.13387990357291615,0.19994327080843935,0.12237077256118355,0.2392546809078592,0.4314916150162856,0.19621737585173774,0.06346802998309792,0.20933602651583988,0.014518419406352673,0.19716283086502942,0.11072099591509252,0.19716283086502942,,0.10174890683271766,0.10174890683271766,0.10277541463163599,0.09440314307135816,0.09792706910908283,0.18131500116541618,0.09917018183566756,0.09078405267157012,0.09917018183566756,,0.054314215783278524,0.054314215783278524,0.05345986252626832,0.06765119097433141,0.09790861969400501,0.09106636433575266,0.13387990357291615,0.11299080630273466,0.13387990357291615,,0.0977618817111787,0.0977618817111787,0.14239543145330538,0.11773394639976681,0.11773394639976681,0.04734395701268093,0.08714846972662375,0.06590134356503545,0.08714846972662375,,0.04365705665814862,0.04365705665814862,0.0827281981676281,0.0013185360716673903,0.0013185360716673903,0.03040338621491611,0.014518419406352673,0.11422483999112398,0.014518419406352673,,0.0024481479277665293,0.0024481479277665293,0.0075178066858899,0.08466990039511624,0.0745595533689971,0.04624453569826976,0.0804960301825135,0.026118508528370207,0.0804960301825135,,0.07272332535134936,0.07272332535134936,0.07365832712839951,0.08540164478117829,0.06183328732659784,0.025340566162124076,0.1924159358782407,0.454490469060833,0.2800920528065331,0.2893920558620945,0.27729235450301293,0.35199568361752737,0.8189642611893853,0.3687448236378227,0.46444741780941984,0.4456132592064868,0.22114255480310124,0.5181680462258188,0.26574651384571346,0.36840646042163533,0.34675459178504286,1.0,0.491400042134583,0.09226756168054179,0.2609495902048067,0.07437835574201387,0.26254250348559477,0.028124936665762726,0.047095566962557886,0.13136320130528353
EX02__growth_vs_large_5,0.22807545078566122,0.22912445080448354,0.01600432925410201,0.02393533788880008,0.2091928238904145,0.10134042353780456,0.1671042538497026,0.012560224208784346,0.02500010086216983,0.09718836615388339,0.021581725030000894,0.1338763752556856,0.13847337630299092,0.12627041835966785,0.23447191546981877,0.504685885213402,0.23259190404894045,0.15133406302736072,0.14392188874947495,0.6394022678698074,0.491400042134583,1.0,0.5071637190847905,0.0532162707326564,0.08401223718361149,0.06403149280672807,0.13173327444728758,0.06374339416662966,0.5197081839382385,0.13153213299153965,0.25869195230020486,0.23447191546981877,0.504685885213402,0.15133406302736072,0.14392188874947495,0.23259190404894045,0.027870176069333227,0.1493242802992045,0.22807545078566122,0.11137086956451818,0.14392188874947495,0.08143178719671659,0.23447191546981877,0.504685885213402,0.23259190404894045,0.15133406302736072,0.19356439056691047,0.182270779984495,0.17964008539812298,0.26572215722524556,0.29931494084738297,0.01969550526923516,0.15800194046146485,0.5028823592793378,0.2281791909838425,0.193834520445726,0.11927689336251662,0.23447191546981877,0.504685885213402,0.12051568226664758,0.0693228315736725,0.005474780442604702,0.06609452620304687,0.23447191546981877,0.504685885213402,0.23412460853632325,0.12051568226664758,0.1659047597605083,0.11591046883568638,0.5028823592793378,0.2281791909838425,0.4591859191934556,0.11921099569057651,0.23447191546981877,0.504685885213402,0.23412460853632325,0.12051568226664758,0.1659047597605083,0.11591046883568638,0.5028823592793378,0.2281791909838425,0.23447191546981877,0.4017283226931732,0.504685885213402,0.33384996451528204,0.23412460853632325,0.20015239211475405,0.1257088500314401,0.11578647737195992,0.1329269811638301,0.17964008539812298,0.2277377427764117,0.1659047597605083,0.182270779984495,0.19356439056691047,0.26572215722524556,0.37404930824095545,0.11591046883568638,0.0398580289699381,0.17333829728038957,0.050019217872782504,0.23518076861841988,0.20442075384825809,0.23518076861841988,,0.11578647737195992,0.11578647737195992,0.1249566994791072,0.03999963639174077,0.18328661401990823,0.1715134617080113,0.19557307017764697,0.07993879561579756,0.19557307017764697,,0.1329269811638301,0.1329269811638301,0.12649051595929825,0.025155461632901617,0.09283835232291962,0.20181992047787936,0.1659047597605083,0.14183293414690937,0.1659047597605083,,0.05877500936770786,0.05877500936770786,0.17867555888629613,0.1249744687535698,0.1249744687535698,0.10904130949116723,0.1576047293657137,0.15670035859498518,0.1576047293657137,,0.10962276682689602,0.10962276682689602,0.1619785242281893,0.12630451823439942,0.12630451823439942,0.1334017235845497,0.050019217872782504,0.05899724151250436,0.050019217872782504,,0.01671874522568537,0.01671874522568537,0.022791271386919304,0.010917869567628287,0.009244409599111873,0.058347647438075655,0.06998216517078176,0.23241435055211843,0.06998216517078176,,0.10568109266874337,0.10568109266874337,0.10536653066738284,0.07805339369372354,0.058364917024992156,0.11870825355530294,0.2626483354427428,0.6394022678698074,0.3893658423619811,0.3917171772402491,0.3913251004716822,0.2781015958071265,0.6620362582560464,0.29700329839808176,0.4647483101941568,0.46563297561822853,0.38743279775239337,0.9120562802239244,0.46168229559500623,0.541223221623082,0.5312572670094255,0.491400042134583,1.0,0.13816091750728304,0.4374944768687733,0.14247921794955803,0.4591859191934556,0.09447726723989798,0.03271870542052315,0.11921099569057651
EX02__market_drawdown_20,0.2501794433284037,0.24092190409028014,0.02795942971721144,0.005810312447298725,0.24724971619207817,0.019177114207797316,0.3146294971053382,0.019795533262697992,0.17109842892671048,0.3777535599514009,0.14236337798463056,0.03710999505370484,0.4197731344747892,0.031268110637867656,0.27644882956415884,0.499470793878228,0.27517771032716615,0.4342262754116952,0.305023872595393,0.6730089509721866,0.4031042945090545,0.5071637190847905,1.0,0.01923025759261788,0.018130620151109143,0.0008381176292313439,0.12258015071148545,0.014581225661522423,0.6093459960787299,0.32223423333221013,0.36608838477421113,0.27644882956415884,0.499470793878228,0.4342262754116952,0.305023872595393,0.27517771032716615,0.0034320136018327154,0.18657494955988424,0.2501794433284037,0.1721319778260295,0.305023872595393,0.1464160405220228,0.27644882956415884,0.499470793878228,0.27517771032716615,0.4342262754116952,0.23234805343126655,0.22863904648974823,0.3252048166204006,0.32570103729909305,0.4694405059991281,0.10344510898451305,0.24813427085296927,0.5041768681628891,0.5381254746042129,0.2363517698647607,0.49442657025196424,0.27644882956415884,0.499470793878228,0.5016252466377891,0.28462688527697705,0.19588967013210992,0.22194683625320774,0.27644882956415884,0.499470793878228,0.5467493083640281,0.5016252466377891,0.5200663086002124,0.3117321635954866,0.5041768681628891,0.5381254746042129,0.282824297813703,0.1397001600998653,0.27644882956415884,0.499470793878228,0.5467493083640281,0.5016252466377891,0.5200663086002124,0.3117321635954866,0.5041768681628891,0.5381254746042129,0.27644882956415884,0.4248128429099549,0.499470793878228,0.5612378608245941,0.5467493083640281,0.24245459053029675,0.27745820534278337,0.48897523287067485,0.4710602785268624,0.3252048166204006,0.40988504365032785,0.5200663086002124,0.22863904648974823,0.23234805343126655,0.32570103729909305,0.6743838777803357,0.3117321635954866,0.11127040867810974,0.21748502144517892,0.18775938876175394,0.5381999452079689,0.36088078756751524,0.5381999452079689,,0.48897523287067485,0.48897523287067485,0.4800198529133752,0.11746175949466309,0.4624779546787731,0.5386797727379541,0.23249800370155346,0.0025519118864322206,0.23249800370155346,,0.4710602785268624,0.4710602785268624,0.46929133538522677,0.22931288043124137,0.3264074187396068,0.4083420090648571,0.5200663086002124,0.4342262754116952,0.5200663086002124,,0.3860032574824797,0.3860032574824797,0.5531577450143522,0.4927160302651007,0.4927160302651007,0.43665968350726836,0.49283619922660304,0.4634248941485123,0.49283619922660304,,0.25611047098872997,0.25611047098872997,0.4983381944557168,0.23790070674664465,0.23790070674664465,0.4401095696005047,0.18775938876175394,0.17571779855673705,0.18775938876175394,,0.306471149888946,0.306471149888946,0.3077051322525002,0.2538265617109822,0.22269952933546389,0.3000855817674466,0.1510542105588855,0.2624969596926635,0.1510542105588855,,0.37690294970349925,0.37690294970349925,0.37615057363968435,0.30454651052362725,0.30441963866492694,0.24854216307803842,0.36756826019197897,0.6730089509721866,0.7798457277294375,0.5013914000233601,0.4991904592335517,0.3438824164390433,0.6465976614944857,0.6887968081548057,0.5882317048427333,0.5972378318342093,0.35930380690210156,0.649523776510809,0.742189377084584,0.5080813574584974,0.5019126942496519,0.4031042945090545,0.5071637190847905,0.09237553329904573,0.2768406039033472,0.10960798901538771,0.282824297813703,0.07993508852469314,0.007300281655672518,0.1397001600998653
EX02__known_share_change_1,0.03483315232738244,0.04979666948327602,0.0026427577996485084,0.04330352826197218,0.02278564614686777,0.17007273424736896,0.4191578843132745,0.08443733288670797,0.10061090173671662,0.15291619595851114,0.0766798502406685,0.0391627391199173,0.22283609339946592,0.03678550192077036,0.010090994162484974,0.2277556110400242,0.02680075800318211,0.1178122974691605,0.38121331697257366,0.010851094841562168,0.08279952017680299,0.0532162707326564,0.01923025759261788,1.0,0.6696687525280478,0.3699972734246717,0.3779580606421335,0.2802680529735264,0.14729547153867464,0.14516097946435336,0.017511560182537994,0.010090994162484974,0.2277556110400242,0.1178122974691605,0.38121331697257366,0.02680075800318211,0.05389496624318857,0.002565743183685838,0.03483315232738244,0.13502485822443958,0.38121331697257366,0.23821804268966995,0.010090994162484974,0.2277556110400242,0.02680075800318211,0.1178122974691605,0.016960780846812972,0.012969334084613017,0.18436581800317983,0.01019417713805647,0.2091019663087133,0.15577225390523763,0.25426877112248925,0.22541395872120254,0.21146059873037748,0.31337478018813847,0.11982108893845832,0.010090994162484974,0.22139313260592078,0.12071450058993766,0.4296107810636567,0.35097752531711834,0.2032145850525256,0.010090994162484974,0.22139313260592078,0.2110066680015239,0.12071450058993766,0.13152631741009366,0.3841674080214139,0.22541395872120254,0.21146059873037748,0.09066995306503692,0.034713055485328784,0.010090994162484974,0.22139313260592078,0.2110066680015239,0.12071450058993766,0.13152631741009366,0.3841674080214139,0.22541395872120254,0.21146059873037748,0.010090994162484974,0.05356258411637402,0.22139313260592078,0.2897050670033138,0.2110066680015239,0.3129516935945726,0.20123120641161787,0.1266152191584639,0.009276378179604155,0.18436581800317983,0.21421850089527633,0.13152631741009366,0.012969334084613017,0.016960780846812972,0.01019417713805647,0.26259230219856217,0.3841674080214139,0.012945118641912308,0.2545194275331621,0.30651722705139384,0.21218705771018997,0.0160496669821694,0.21218705771018997,,0.1266152191584639,0.1266152191584639,0.1497207368082039,0.19132696287438777,0.10988425153922467,0.030471022388501846,0.3120971154810558,0.06611035809763238,0.3120971154810558,,0.009276378179604155,0.009276378179604155,0.023895957526192946,0.253838749750803,0.061637179265539244,0.004141265190062903,0.13152631741009366,0.1231576840922619,0.13152631741009366,,0.15890448655989856,0.15890448655989856,0.15040557698568954,0.12790061212427903,0.12790061212427903,0.0011928032279173138,0.017275702241583233,0.004575225536346214,0.017275702241583233,,0.21790275961445246,0.21790275961445246,0.07551218410172975,0.23507394978267054,0.23507394978267054,0.0018284902697190111,0.30651722705139384,0.09627190410682385,0.30651722705139384,,0.08499315417214491,0.08499315417214491,0.07058899013699545,0.04171132710232374,0.0656699386465031,0.20650742578914436,0.46268553598374584,0.18253262764852793,0.46268553598374584,,0.0744550824380394,0.0744550824380394,0.08125621543931605,0.15588781780929273,0.09819719257706017,0.16487964347500467,0.02912225957159813,0.016559349548377837,0.041587210234083495,0.030459552063190738,0.03192918120539439,0.030962717812928323,0.06214538661941582,0.052653594068854476,0.04788565494798195,0.045442002592621884,0.021712759947398214,0.034796581404713436,0.021327447823370163,0.053195275115582884,0.030414193139048654,0.07908153354641258,0.057327234373747406,0.043485743052747015,0.10624971759056823,0.022977689763797753,0.09066995306503692,0.13539994881774436,0.024580166824909603,0.034713055485328784
EX02__known_share_change_5,0.07558873808251065,0.0760230468760542,0.06939647999411871,0.09069151816335161,0.06487679628028103,0.09639173971335815,0.5434834285596978,0.08827085486910484,0.12110124137342007,0.19717731023672128,0.12377541599592054,0.010117173511952076,0.29675792421290814,0.002511547153993086,0.03715637902403038,0.1307166599775743,0.04970953383681851,0.15081790410460771,0.4592821339349545,0.08437725267231831,0.07266369168747638,0.08401223718361149,0.018130620151109143,0.6696687525280478,1.0,0.24476262487175846,0.26710230521879996,0.26419856697620153,0.06146757470906456,0.1712700366058304,0.0254600831446751,0.03715637902403038,0.1307166599775743,0.15081790410460771,0.4592821339349545,0.04970953383681851,0.04818628998702431,0.06140136344979235,0.07558873808251065,0.08656564371173885,0.4592821339349545,0.3346195660394991,0.03715637902403038,0.1307166599775743,0.04970953383681851,0.15081790410460771,0.02425702096168265,0.03602414766774905,0.15969096649871636,0.028860846287061405,0.22944163671898135,0.1865438236981175,0.26570493361448444,0.1441607763678625,0.29735884673931356,0.35957502361525573,0.13525687834438305,0.03715637902403038,0.1307166599775743,0.13796183437603654,0.5044129150957564,0.5130068327281496,0.27210008288236004,0.03715637902403038,0.1307166599775743,0.2973991489543357,0.13796183437603654,0.17500474724861878,0.467643596856988,0.1441607763678625,0.29735884673931356,0.09332719523009295,0.0011806337405210166,0.03715637902403038,0.1307166599775743,0.2973991489543357,0.13796183437603654,0.17500474724861878,0.467643596856988,0.1441607763678625,0.29735884673931356,0.03715637902403038,0.049040588252470825,0.1307166599775743,0.2580584553596508,0.2973991489543357,0.3553691484594838,0.21458015768039265,0.14452676436675238,0.021790186489996803,0.15969096649871636,0.26612765472067074,0.17500474724861878,0.03602414766774905,0.02425702096168265,0.028860846287061405,0.2766164020530569,0.467643596856988,0.023542688596436937,0.15802350381474173,0.4857242630528092,0.29913448824854233,0.056712757408333925,0.29913448824854233,,0.14452676436675238,0.14452676436675238,0.17101688820048463,0.24784177007157474,0.16573714850472382,0.022630350038400655,0.35288195346489337,0.03933949062310339,0.35288195346489337,,0.021790186489996803,0.021790186489996803,0.03724438607362792,0.323022553848243,0.08979546190437382,0.027645787573740352,0.17500474724861878,0.15754471791135022,0.17500474724861878,,0.24637905251839412,0.24637905251839412,0.20477636356752588,0.19557418075515243,0.19557418075515243,0.02946599941179019,0.04379432169089897,0.0301106929712866,0.04379432169089897,,0.27362408738172317,0.27362408738172317,0.11752299307133633,0.3199045593457855,0.3199045593457855,0.01697316354236614,0.4857242630528092,0.1590813511908597,0.4857242630528092,,0.08912918055427302,0.08912918055427302,0.07548640249379485,0.12795096223504507,0.03860813432334737,0.26673547433003125,0.5538618113058302,0.240290955015333,0.5538618113058302,,0.04437604486539663,0.04437604486539663,0.04943447554004433,0.15744822367356395,0.08104381191576197,0.23287173820462675,0.022146812313691342,0.08437725267231831,0.07037756337465878,0.023919374207340416,0.017156376309342282,0.010441112452829117,0.008043226511475387,0.09239373515375968,0.01093376990306196,0.01745785446608947,0.006979381413727974,0.08792083665182662,0.015554570995334693,0.101128578490418,0.08782966382216517,0.07266369168747638,0.08401223718361149,0.03050439581158313,0.10170788752607621,0.02086598771021131,0.09332719523009295,0.16736004072734653,0.06619444856913495,0.0011806337405210166
EX02__share_acceleration,0.04376486853617753,0.04297207392272212,0.022925037504795614,0.06851574263391154,0.03546868399298375,0.06937178729190675,0.12645667858824478,0.011064527462627597,0.0156999527416732,0.053092207969422794,0.010211092438604163,0.06947703345166548,0.09267766364997974,0.042672733993210615,0.06242044461293286,0.12859687213824736,0.07229539061698781,0.0690873080207956,0.07281262976571243,0.1032394453138173,0.05696894316655335,0.06403149280672807,0.0008381176292313439,0.3699972734246717,0.24476262487175846,1.0,0.18125316640934458,0.025011896237100754,0.10815588370073145,0.05388452103061052,0.019454840565529756,0.06242044461293286,0.12859687213824736,0.0690873080207956,0.07281262976571243,0.07229539061698781,0.057781302308715976,0.0706354961854476,0.04376486853617753,0.02854395148593046,0.07281262976571243,0.06327761606360836,0.06242044461293286,0.12859687213824736,0.07229539061698781,0.0690873080207956,0.04802299181534768,0.09218045865851106,0.0035957792019087613,0.07491780691864725,0.053393354700319584,0.07822158238943219,0.018970951436366887,0.11550454158924522,0.11987258681097157,0.07337234961735409,0.023494723618825722,0.06242044461293286,0.12859687213824736,0.022537858917823093,0.09350671390560378,0.2093163932044632,0.08163057495733349,0.06242044461293286,0.12859687213824736,0.11802766592843633,0.022537858917823093,0.06149071233287674,0.07501882463386589,0.11550454158924522,0.11987258681097157,0.08265385441682147,0.06771897905504473,0.06242044461293286,0.12859687213824736,0.11802766592843633,0.022537858917823093,0.06149071233287674,0.07501882463386589,0.11550454158924522,0.11987258681097157,0.06242044461293286,0.11685329975065305,0.12859687213824736,0.011870132195948253,0.11802766592843633,0.06836303716683276,0.015486168006470727,0.026303406760488247,0.0010902893938224017,0.0035957792019087613,0.06520844935460765,0.06149071233287674,0.09218045865851106,0.04802299181534768,0.07491780691864725,0.03394560457711623,0.07501882463386589,0.028339013238230966,0.15733268915411047,0.20817787651188438,0.11832294896567404,0.07331855461253534,0.11832294896567404,,0.026303406760488247,0.026303406760488247,0.033181033869524076,0.07379338463032635,0.0514716895812264,0.02395612634089116,0.06721703600681668,0.027779277314923422,0.06721703600681668,,0.0010902893938224017,0.0010902893938224017,0.0006458512852130959,0.06535922374917731,0.010584241240234474,0.02631511652105025,0.06149071233287674,0.060212411304548595,0.06149071233287674,,0.10433082859575357,0.10433082859575357,0.0594830630300871,0.09987931740101162,0.09987931740101162,0.023233057042363114,0.03443108424873025,0.03289207547056954,0.03443108424873025,,0.041234807173542304,0.041234807173542304,0.045409907370447575,0.08164301995122801,0.08164301995122801,0.002985688778497534,0.20817787651188438,0.08282856854727055,0.20817787651188438,,0.005198737976636402,0.005198737976636402,0.006661019779616791,0.06491348666111645,0.00841197004953851,0.061424643543815355,0.11897560718907133,0.006134975473079918,0.11897560718907133,,0.03573040408408562,0.03573040408408562,0.03625575586733427,0.014132380150758407,0.027188082426055252,0.05878812551205465,0.024090170927681353,0.1032394453138173,0.006679252719803579,0.03562473406629197,0.03193454904306554,0.07548720860844203,0.10257665767920514,0.02384123051766441,0.04450774149000531,0.036080557570961666,0.022396695443132494,0.08965209621604353,0.017249090734308817,0.07219822930461466,0.07418383700860072,0.05696894316655335,0.06403149280672807,0.03398689084603503,0.07353689294331293,0.00897385307073698,0.08265385441682147,0.015313567886307443,0.06247386034384433,0.06771897905504473
EX02__share_price_feedback,0.010720374321504507,0.006694728186231686,0.040151300979081046,0.011345965657457949,0.02024804968256757,0.20783554162922174,0.1633553031080822,0.020340821625869643,0.10731716598490189,0.18203733059283642,0.11576116432365606,0.128566099074911,0.12484475076816039,0.09967220252735125,0.007342371848032234,0.18939225863355766,0.020240221659985673,0.1632110753935211,0.20725203663700953,0.10966043062061412,0.05193234604827675,0.13173327444728758,0.12258015071148545,0.3779580606421335,0.26710230521879996,0.18125316640934458,1.0,0.08359056062507558,0.03411158060682482,0.003410882960253113,0.0482500523981329,0.007342371848032234,0.18939225863355766,0.1632110753935211,0.20725203663700953,0.020240221659985673,0.005995321421480486,0.03306372305559293,0.010720374321504507,0.1543949727649379,0.20725203663700953,0.18818625304785683,0.007342371848032234,0.18939225863355766,0.020240221659985673,0.1632110753935211,0.056906947791546286,0.03505752622377396,0.24148685522492785,0.004206486334980315,0.03179272210612865,0.02069258186840162,0.017942366768956757,0.185678343788054,0.009134742069248762,0.04950932937198462,0.16647617573659423,0.007342371848032234,0.18939225863355766,0.15659817204556187,0.2073570116993875,0.01928377623265525,0.009664022155426175,0.007342371848032234,0.18939225863355766,0.006721371317113161,0.15659817204556187,0.16159374931223452,0.1918770808708396,0.185678343788054,0.009134742069248762,0.02085988834891583,0.08198922861446324,0.007342371848032234,0.18939225863355766,0.006721371317113161,0.15659817204556187,0.16159374931223452,0.1918770808708396,0.185678343788054,0.009134742069248762,0.007342371848032234,0.05922549298186571,0.18939225863355766,0.11128160193800148,0.006721371317113161,0.0516560384684406,0.1948457504629275,0.1566725792613522,0.18478887641544386,0.24148685522492785,0.2532885657856343,0.16159374931223452,0.03505752622377396,0.056906947791546286,0.004206486334980315,0.08633827393793524,0.1918770808708396,0.030765357389002785,0.2540440665028257,0.008457944409282239,0.00542094662230192,0.013794689819728319,0.00542094662230192,,0.1566725792613522,0.1566725792613522,0.17336540853976964,0.08127058155948098,0.1291934938510118,0.14355231544732847,0.05558195153585927,0.0810542840826415,0.05558195153585927,,0.18478887641544386,0.18478887641544386,0.19483368136406948,0.1853828260949514,0.12158846687433734,0.10762222638614387,0.16159374931223452,0.16954768734657627,0.16159374931223452,,0.07318833157349601,0.07318833157349601,0.13934210121755075,0.06077152888037916,0.06077152888037916,0.1487609207009511,0.16309640222458416,0.14624950303140302,0.16309640222458416,,0.13330628189482896,0.13330628189482896,0.18861151189809813,0.1205618486099785,0.1205618486099785,0.18221933744497998,0.008457944409282239,0.04691502442158834,0.008457944409282239,,0.21740945496370362,0.21740945496370362,0.20428225512954817,0.11966501934005074,0.17502408022930302,0.21803873793443662,0.09038385535336402,0.13245755682077046,0.09038385535336402,,0.13245975797139298,0.13245975797139298,0.1280862671766057,0.11045556681178026,0.12980075290767717,0.192300061317812,0.08396432823156658,0.10966043062061412,0.041308973341549524,0.030582419386781894,0.021511061242095265,0.009335592919715474,0.03919841833940961,0.007253811949825631,0.042080603727523334,0.02903251221865257,0.09699215633744433,0.14201849148486748,0.08008023914586648,0.047546859318917625,0.04913461852383789,0.05193234604827675,0.13173327444728758,0.00281114872707465,0.055796851790936255,0.002751123257157904,0.02085988834891583,0.16039341865015738,0.0671838896847628,0.08198922861446324
EX02__selloff_amount_1,0.19560152791380492,0.21244630869891865,0.060043596460070146,0.07128703029897848,0.19924111902114044,0.19709215291081641,0.39928254377658406,0.013239540212325413,0.01888584738967335,0.03562861332218653,0.042555777416608195,0.017616609085544,0.02557537701137449,0.016835091031446408,0.4813796275667247,0.027173123910133642,0.45588531078911837,0.02604832399496354,0.43932481076210317,0.05185425273212395,0.001450047142068876,0.06374339416662966,0.014581225661522423,0.2802680529735264,0.26419856697620153,0.025011896237100754,0.08359056062507558,1.0,0.020529080137266915,0.11208712780270062,0.440820820593466,0.4813796275667247,0.027173123910133642,0.02604832399496354,0.43932481076210317,0.45588531078911837,0.0009493527666677091,0.37792977349826784,0.19560152791380492,0.0663682351429005,0.43932481076210317,0.2611912263338294,0.4813796275667247,0.027173123910133642,0.45588531078911837,0.02604832399496354,0.14117575937306,0.4304032135604324,0.110782181010847,0.37960976490224607,0.10414026256693011,0.0838601987218503,0.12004188756921842,0.0322625223407072,0.1763151091284671,0.17694562199923058,0.05272372468247931,0.4813796275667247,0.027173123910133642,0.05474507476816224,0.2785860701181541,0.38390918388062445,0.12728134180751266,0.4813796275667247,0.027173123910133642,0.1729840032773183,0.05474507476816224,0.04021731644592363,0.4206165931538781,0.0322625223407072,0.1763151091284671,0.042760982023469084,0.011373702649085226,0.4813796275667247,0.027173123910133642,0.1729840032773183,0.05474507476816224,0.04021731644592363,0.4206165931538781,0.0322625223407072,0.1763151091284671,0.4813796275667247,0.08803579642678358,0.027173123910133642,0.1438502126516767,0.1729840032773183,0.17110359119415836,0.11126207614813186,0.048037795414384986,0.0879866219359496,0.110782181010847,0.08242644424429904,0.04021731644592363,0.4304032135604324,0.14117575937306,0.37960976490224607,0.13474471280374395,0.4206165931538781,0.04971315818527081,0.2758116296631904,0.2813906088839501,0.17268780567195718,0.024342405508533366,0.17268780567195718,,0.048037795414384986,0.048037795414384986,0.03509506167440601,0.05340265853296007,0.03052844829960208,0.09900986572445669,0.17039810551122586,0.007087582905633469,0.17039810551122586,,0.0879866219359496,0.0879866219359496,0.08397809249793964,0.0259884101369281,0.05907492992425985,0.07583832504002705,0.04021731644592363,0.02604832399496354,0.04021731644592363,,0.014885004795442205,0.014885004795442205,0.03814828051287203,0.005524040453203659,0.005524040453203659,0.08248982962572526,0.07901054804445688,0.09159708242755152,0.07901054804445688,,0.046076582480661425,0.046076582480661425,0.06819884183910876,0.03716817177089898,0.03716817177089898,0.0807283593577381,0.2813906088839501,0.1560515685488664,0.2813906088839501,,0.07130160097456335,0.07130160097456335,0.07910538989644567,0.0808206121916146,0.04362841225536856,0.018936220929141222,0.291379999143563,0.06597798200830576,0.291379999143563,,0.06828918002773496,0.06828918002773496,0.07221981845778445,0.07498821394812866,0.07255657360971648,0.030350818934354103,0.35248093506253286,0.05185425273212395,0.109251587838794,0.11893287454013045,0.10884440368654046,0.3543801563946771,0.018012931461452476,0.0986857286687688,0.10809176206223832,0.09502663464734644,0.348783162520467,0.06502905759596378,0.051515418294432146,0.033273727226297206,0.025920569562048783,0.001450047142068876,0.06374339416662966,0.07038091411337932,0.05478073616129707,0.0556584211463894,0.042760982023469084,0.019486571944867026,0.04168493389079791,0.011373702649085226
EX02__joint_selloff_5,0.2860788775592183,0.2627859730500773,0.018223391186558358,0.03937881109016693,0.26054836984371105,0.07574726908910268,0.29344001421584515,0.06829002035432555,0.11874944765045735,0.12134951484196917,0.11052281036116755,0.0008523346159481336,0.12097664272721656,0.008155775487273429,0.3185894888005513,0.7467276889360502,0.3276450550213353,0.17313960142739512,0.2939510240950468,0.7421510887752227,0.4523147544191392,0.5197081839382385,0.6093459960787299,0.14729547153867464,0.06146757470906456,0.10815588370073145,0.03411158060682482,0.020529080137266915,1.0,0.303473189195976,0.3545766737720914,0.3185894888005513,0.7467276889360502,0.17313960142739512,0.2939510240950468,0.3276450550213353,0.028658999453361915,0.2563072170768162,0.2860788775592183,0.3747222218670058,0.2939510240950468,0.16728608104991333,0.3185894888005513,0.7467276889360502,0.3276450550213353,0.17313960142739512,0.20428631919296733,0.29685086402532096,0.19377707800106558,0.3485584977928049,0.37384952215935907,0.022186222683878345,0.20769181465453765,0.7485562323797418,0.3583610543102561,0.22599103408758078,0.15907747450811138,0.3185894888005513,0.7467276889360502,0.14987721623475728,0.2154873935450428,0.08931867012853767,0.10099022050129355,0.3185894888005513,0.7467276889360502,0.36269062255875595,0.14987721623475728,0.178270503530875,0.27727502143595245,0.7485562323797418,0.3583610543102561,0.30003933990307724,0.007629879262597008,0.3185894888005513,0.7467276889360502,0.36269062255875595,0.14987721623475728,0.178270503530875,0.27727502143595245,0.7485562323797418,0.3583610543102561,0.3185894888005513,0.5127720882423906,0.7467276889360502,0.5378089173893218,0.36269062255875595,0.23117156505044634,0.13512642302496367,0.14323115512573936,0.2178338521505973,0.19377707800106558,0.218669185622958,0.178270503530875,0.29685086402532096,0.20428631919296733,0.3485584977928049,0.5831941199137157,0.27727502143595245,0.07922334362051518,0.3315852156108187,0.11299129214464951,0.359535772778359,0.2918917200938953,0.359535772778359,,0.14323115512573936,0.14323115512573936,0.13251622138364363,0.0482183494944933,0.15325927497417394,0.20776322434174258,0.22464537264809956,0.1334808244936277,0.22464537264809956,,0.2178338521505973,0.2178338521505973,0.21173053419764104,0.028931456870784123,0.13803910674650388,0.21831742293293643,0.178270503530875,0.1561191588142725,0.178270503530875,,0.11339177328181808,0.11339177328181808,0.1838680036252062,0.18788537468375086,0.18788537468375086,0.1485035456157551,0.23442491530747198,0.2294318710078559,0.23442491530747198,,0.10502568695511785,0.10502568695511785,0.2363465566422961,0.0951222809655755,0.0951222809655755,0.18453021548717194,0.11299129214464951,0.05959024590853831,0.11299129214464951,,0.07916046140074386,0.07916046140074386,0.08411106065917763,0.11591127942859698,0.09808295456075794,0.08458305958699804,0.15949839236670565,0.1216753134008398,0.15949839236670565,,0.19405747781833788,0.19405747781833788,0.19651636911833317,0.18206069553494117,0.1538740775494453,0.07550433054148065,0.3165192252744214,0.7421510887752227,0.4527954103865162,0.2922773435248313,0.2727484841471015,0.3171006893003693,0.6955818923611423,0.38949816796470793,0.3805181939674902,0.3780732546600067,0.32287288406150266,0.6896216404615054,0.42282594095044307,0.3147019291230303,0.30336564044681924,0.4523147544191392,0.5197081839382385,0.09350225446906671,0.3067315839090812,0.1081712343782297,0.30003933990307724,0.10133294493288356,0.03134852329305717,0.007629879262597008
EX02__relative_selloff_10,0.15759808136871847,0.14598859274618747,0.024195986516008114,0.06255438739419293,0.14834926161879738,0.07285184342154466,0.3882236419976985,0.02646263375023709,0.08387257115418038,0.13465999164592374,0.051532691460617924,0.014245668973203438,0.10761190381065174,0.0007176766279356807,0.20090894258906702,0.4533030173460809,0.20472343249965352,0.11910508381252909,0.34262810969556223,0.1081875725067896,0.3983091570018583,0.13153213299153965,0.32223423333221013,0.14516097946435336,0.1712700366058304,0.05388452103061052,0.003410882960253113,0.11208712780270062,0.303473189195976,1.0,0.17215293827131023,0.20090894258906702,0.4533030173460809,0.11910508381252909,0.34262810969556223,0.20472343249965352,0.047488243155279136,0.1758842816895206,0.15759808136871847,0.3305196222856625,0.34262810969556223,0.22008629627751594,0.20090894258906702,0.4533030173460809,0.20472343249965352,0.11910508381252909,0.07849965252906184,0.201242307737285,0.04174268010381107,0.18898549531657663,0.3481897540882506,0.09933590148331953,0.07739139874625046,0.4554559300666842,0.44548454435864215,0.20630186413707258,0.20513063578399907,0.20090894258906702,0.4533030173460809,0.20253362985144696,0.36876505781539914,0.23949365929903926,0.14582594948480085,0.20090894258906702,0.4533030173460809,0.4477688260512324,0.20253362985144696,0.169323918806517,0.3543087476165284,0.4554559300666842,0.44548454435864215,0.03169875495526834,0.08689738257124824,0.20090894258906702,0.4533030173460809,0.4477688260512324,0.20253362985144696,0.169323918806517,0.3543087476165284,0.4554559300666842,0.44548454435864215,0.20090894258906702,0.3499343829030329,0.4533030173460809,0.7087354532459882,0.4477688260512324,0.20668738475056173,0.08848840602123843,0.19565929118045913,0.17690266974696273,0.04174268010381107,0.09389054820266936,0.169323918806517,0.201242307737285,0.07849965252906184,0.18898549531657663,0.6271433973132614,0.3543087476165284,0.048146221878543706,0.24413233237711518,0.2036246629330437,0.4444344580391877,0.2997848628413922,0.4444344580391877,,0.19565929118045913,0.19565929118045913,0.1781474743112811,0.012641762780434116,0.17848932058966516,0.24443933034182555,0.20010910760413123,0.04566744968218928,0.20010910760413123,,0.17690266974696273,0.17690266974696273,0.16939147858818646,0.014690079927209094,0.22122887619367926,0.22743119070161233,0.169323918806517,0.11212268807650097,0.169323918806517,,0.10720447282586275,0.10720447282586275,0.19658578243446123,0.16523332055522863,0.16523332055522863,0.1328861749815507,0.17505231422179104,0.15648123423034724,0.17505231422179104,,0.10518015547903292,0.10518015547903292,0.1864462696984526,0.06771042891847961,0.06771042891847961,0.07596813166462754,0.2036246629330437,0.04363144955740933,0.2036246629330437,,0.07014538875004835,0.07014538875004835,0.07875515309579324,0.17662709052887096,0.11339810151123104,0.050888309652044376,0.14308100686321867,0.03753232708088983,0.14308100686321867,,0.12091484513228595,0.12091484513228595,0.12570184240780102,0.20627610976159275,0.14391446755696682,0.03844648991670004,0.05588157472305729,0.1081875725067896,0.23202831853206057,0.08527625518277049,0.07144323128467694,0.14765477906398378,0.27100227699598356,0.2902138562309561,0.19162311034072294,0.1878069475869677,0.07188666396225432,0.13560548669828978,0.20313594351392653,0.0750648497445674,0.04339375574345273,0.3983091570018583,0.13153213299153965,0.001426535806406671,0.010772117742530821,0.008784028711914579,0.03169875495526834,0.05361019196926089,0.046479413399469226,0.08689738257124824
EX02__joint_selloff_1,0.48374333734007474,0.47180643974435715,0.023491089775182095,0.02591379499097815,0.47848684074867986,0.0191185123366637,0.036563907818014454,0.17907748290085151,0.036627845746119124,0.11634508507206709,0.09105926397013098,0.12162807586921866,0.06859905672081151,0.08486958420316107,0.7885332808316003,0.3570245208061208,0.7806730881802809,0.15071436028599688,0.05554242967275256,0.3360905445218971,0.21708450933132348,0.25869195230020486,0.36608838477421113,0.017511560182537994,0.0254600831446751,0.019454840565529756,0.0482500523981329,0.440820820593466,0.3545766737720914,0.17215293827131023,1.0,0.7885332808316003,0.3570245208061208,0.15071436028599688,0.05554242967275256,0.7806730881802809,0.10302810548522374,0.5889329559188144,0.48374333734007474,0.21539752662796133,0.05554242967275256,0.09834607342533007,0.7885332808316003,0.3570245208061208,0.7806730881802809,0.15071436028599688,0.33669492532000306,0.7023595744415843,0.20454893880265484,0.6817146816530743,0.19496532093276653,0.0009042410569743811,0.12435391220451145,0.363909322534387,0.19457653552089854,0.09592308251759091,0.12586524476259153,0.7885332808316003,0.36291544520794145,0.11024994473702826,0.015013727831735182,0.02383419307344154,0.06914990006140535,0.7885332808316003,0.36291544520794145,0.19788754424640373,0.11024994473702826,0.11951294674169162,0.055657241118355426,0.363909322534387,0.19457653552089854,0.11754175084119475,0.005396884872082315,0.7885332808316003,0.36291544520794145,0.19788754424640373,0.11024994473702826,0.11951294674169162,0.055657241118355426,0.363909322534387,0.19457653552089854,0.7885332808316003,0.3917247687812569,0.36291544520794145,0.27392451235184373,0.19788754424640373,0.09950577093739081,0.11273821612292076,0.11136190939521855,0.13074611621865145,0.20454893880265484,0.12713805734207734,0.11951294674169162,0.7023595744415843,0.33669492532000306,0.6817146816530743,0.310700211062608,0.055657241118355426,0.0693366674763039,0.06280403595735726,0.006073985160509758,0.19464455121333205,0.1694169094963907,0.19464455121333205,,0.11136190939521855,0.11136190939521855,0.1034665742870564,0.04362204754658544,0.08789192246423244,0.133472117009924,0.09595130733823545,0.04264775293724699,0.09595130733823545,,0.13074611621865145,0.13074611621865145,0.12894525771186335,0.05495412177551938,0.003581113968345927,0.05780007815652947,0.11951294674169162,0.14054870668714226,0.11951294674169162,,0.040020617254083256,0.040020617254083256,0.09825749137762703,0.08602686919359523,0.08602686919359523,0.14103663331539829,0.15148583697132245,0.16521230640456266,0.15148583697132245,,0.0020283382440852453,0.0020283382440852453,0.12395069493368563,0.010456931293935778,0.010456931293935778,0.13676575182085968,0.006073985160509758,0.04090721543555569,0.006073985160509758,,0.0803837027108791,0.0803837027108791,0.08018369980988538,0.05818580124598814,0.08768508181735934,0.12385622355104527,0.028248387677210034,0.07368657655193729,0.028248387677210034,,0.14099469215274452,0.14099469215274452,0.14090075696670795,0.1426415947044081,0.12485615951796258,0.08705103418331388,0.7647636662414915,0.3456403075467416,0.22085853438199657,0.1263154351160232,0.1308114562120751,0.7275535676944791,0.335970865823239,0.20693645744563657,0.15986481880054573,0.1592732661025698,0.731132479899853,0.3316572003133872,0.22168464930577025,0.16396340766135092,0.17150892151896985,0.2206199279798919,0.26396651259397463,0.16013367244333834,0.1251789981490152,0.14697712036923732,0.11754175084119475,0.014935310006870785,0.020167899498664144,0.005396884872082315
EX02__etf_return_1,0.5326487308209906,0.5172894392767518,0.1008983086317968,0.01904539406706438,0.534262692152018,0.054962784791398996,0.080800733268927,0.02692339178582126,0.06371362748783332,0.0027726096116227287,0.06230226384980051,0.04041161681019206,0.00267096864805207,0.04163879216298394,1.0,0.41102777368435883,0.9917425329365834,0.01973161104317853,0.14816709211803855,0.2687672826377294,0.21364571350199452,0.23447191546981877,0.27644882956415884,0.010090994162484974,0.03715637902403038,0.06242044461293286,0.007342371848032234,0.4813796275667247,0.3185894888005513,0.20090894258906702,0.7885332808316003,1.0,0.41102777368435883,0.01973161104317853,0.14816709211803855,0.9917425329365834,0.12174716003152178,0.7292734335332706,0.5326487308209906,0.3040466275410851,0.14816709211803855,0.02515584669242712,1.0,0.41102777368435883,0.9917425329365834,0.01973161104317853,0.38305712888708504,0.9004722857804607,0.005779375456773933,0.7807177101256115,0.2280591299692124,0.014512607630828072,0.0920105036547484,0.41192604383021514,0.2055141437314767,0.12198676939040357,0.018919242336543705,1.0,0.4145349019742618,0.012039048884986843,0.053578582432863626,0.025516446196078485,0.06961074375189323,1.0,0.4145349019742618,0.20683657264573632,0.012039048884986843,0.012518487989704197,0.13705689888852032,0.41192604383021514,0.2055141437314767,0.05839499582332663,0.02014370360703235,1.0,0.4145349019742618,0.20683657264573632,0.012039048884986843,0.012518487989704197,0.13705689888852032,0.41192604383021514,0.2055141437314767,1.0,0.46953801874734563,0.4145349019742618,0.307240790009999,0.20683657264573632,0.12696441864630298,0.02312992760705777,0.010848189054619447,0.03886493603858311,0.005779375456773933,0.008059407304323526,0.012518487989704197,0.9004722857804607,0.38305712888708504,0.7807177101256115,0.3379444113285204,0.13705689888852032,0.1834107035326767,0.13701422302429214,0.069402054086162,0.20505197819085172,0.18070377309357225,0.20505197819085172,,0.010848189054619447,0.010848189054619447,0.0036737978870280048,0.03523894833886329,0.03107435211636623,0.048952077460139236,0.1237643538664588,0.10313167686019244,0.1237643538664588,,0.03886493603858311,0.03886493603858311,0.033569140941379506,0.02843710265657472,0.01723271140171134,0.04925448473113322,0.012518487989704197,0.01212278605084562,0.012518487989704197,,0.008718382050308528,0.008718382050308528,0.00784829464996396,0.023956366302898005,0.023956366302898005,0.011105280118444576,0.0519781083769981,0.052941303568417794,0.0519781083769981,,0.010132313156330201,0.010132313156330201,0.05228746931219068,0.0034410881738095255,0.0034410881738095255,0.031626582946818145,0.069402054086162,0.03185348873627686,0.069402054086162,,0.010359995926470671,0.010359995926470671,0.00888517746104652,0.022419692901542193,0.024408522694049136,0.000784570297002612,0.06653401715944231,0.0282830698930349,0.06653401715944231,,0.0384142961964739,0.0384142961964739,0.038934769786026044,0.0633889703856795,0.03914345458766822,0.011796571189539487,0.7047123299083263,0.27460840010091603,0.16670529119320085,0.10141692467149581,0.10296630865793405,0.7698639929748389,0.2939171183192345,0.14757587413337953,0.14416704177699902,0.14052880711016116,0.7065874886238911,0.27928171987759604,0.16666761762807633,0.16121573689246418,0.16432841750972274,0.21868160186895857,0.24121539611252119,0.18552453176380357,0.06439549136395856,0.1711297620575897,0.05839499582332663,0.07380322493910649,0.01427960364454064,0.02014370360703235
EX02__etf_return_5,0.2914196958313141,0.2670373089416087,0.012635208807759394,0.043686093273040474,0.27153710567942924,0.04298501133891674,0.4140113464225937,0.06981444531538558,0.10419019650869144,0.05394163844580014,0.08450619999897108,0.017808910969996445,0.03720622347611818,0.008621670529763007,0.41102777368435883,1.0,0.424636996221766,0.07574599042538756,0.4326494951399101,0.613307253843839,0.5660452685527505,0.504685885213402,0.499470793878228,0.2277556110400242,0.1307166599775743,0.12859687213824736,0.18939225863355766,0.027173123910133642,0.7467276889360502,0.4533030173460809,0.3570245208061208,0.41102777368435883,1.0,0.07574599042538756,0.4326494951399101,0.424636996221766,0.036854923749323025,0.32380055185194034,0.2914196958313141,0.5855549513673256,0.4326494951399101,0.24439556203699356,0.41102777368435883,1.0,0.424636996221766,0.07574599042538756,0.20636625558332075,0.38907992948501985,0.036332725477475084,0.3654319882854243,0.46764292638414234,0.007638583304771354,0.23171120765510866,0.9972884701786399,0.43176586354303337,0.3260467963337343,0.1014800378326839,0.41102777368435883,1.0,0.09171245151557064,0.39616284187725076,0.14227605019795725,0.13976832005403803,0.41102777368435883,1.0,0.43473590474172513,0.09171245151557064,0.0829582664510368,0.41647752000941635,0.9972884701786399,0.43176586354303337,0.3017312864112324,0.03422444810777229,0.41102777368435883,1.0,0.43473590474172513,0.09171245151557064,0.0829582664510368,0.41647752000941635,0.9972884701786399,0.43176586354303337,0.41102777368435883,0.7122703578406399,1.0,0.6695630718550498,0.43473590474172513,0.3312757740191438,0.038772669204258065,0.08488978366822397,0.12625977111507167,0.036332725477475084,0.0637466617482853,0.0829582664510368,0.38907992948501985,0.20636625558332075,0.3654319882854243,0.7077691247740092,0.41647752000941635,0.11447606660723295,0.5021270932861163,0.2066921229823533,0.4321771582670628,0.3015660331642659,0.4321771582670628,,0.08488978366822397,0.08488978366822397,0.06366367911774796,0.12023162505374373,0.0950309570599253,0.18627266069624873,0.32502224429196086,0.1932024598019151,0.32502224429196086,,0.12625977111507167,0.12625977111507167,0.1128959435563718,0.10347892790790518,0.09505402814862925,0.19108610031880213,0.0829582664510368,0.06374528954151121,0.0829582664510368,,0.04206045389167113,0.04206045389167113,0.09211281054410297,0.09008292776793708,0.09008292776793708,0.06577189223715925,0.14238701707798102,0.14422199860073587,0.14238701707798102,,0.03748901153575234,0.03748901153575234,0.14340604699736045,0.017842542844439313,0.017842542844439313,0.07963529004331285,0.2066921229823533,0.02611670688583466,0.2066921229823533,,0.0035035234449049715,0.0035035234449049715,0.00801216596124076,0.10313297591022821,0.06405043289138179,0.023006482098195998,0.2495045667585061,0.018777638215707305,0.2495045667585061,,0.12197361160390112,0.12197361160390112,0.12667443288669447,0.16682308453636616,0.11239528404743497,0.041861555453508954,0.2814429891437146,0.613307253843839,0.3588111853670818,0.2615737149301445,0.24056809329917755,0.3481395547523608,0.699014802388579,0.3118767080742283,0.36026482877294785,0.34247775922775386,0.2852689547867346,0.6087104020777945,0.3251893091515152,0.2920584134999612,0.2780906356071528,0.5660452685527505,0.504685885213402,0.0964532277770498,0.2778209376150164,0.09648384625996217,0.3017312864112324,0.1668111632225431,0.01383915371180539,0.03422444810777229
EX02__range_median_20,0.02550252695875971,0.06426316782866384,0.011932595842315633,0.11702043306183962,0.03447547864454719,0.06450486019531339,0.01516854664431791,0.05941853011708529,0.027193066781039887,0.8985341604445665,0.02892051155520612,0.14568975031020176,0.7006750306267207,0.1664819494574869,0.01973161104317853,0.07574599042538756,0.006985526729262146,1.0,0.01911217211681596,0.23306837471623054,0.12365752894456003,0.15133406302736072,0.4342262754116952,0.1178122974691605,0.15081790410460771,0.0690873080207956,0.1632110753935211,0.02604832399496354,0.17313960142739512,0.11910508381252909,0.15071436028599688,0.01973161104317853,0.07574599042538756,1.0,0.01911217211681596,0.006985526729262146,0.05758964129153908,0.027634627188685496,0.02550252695875971,0.08755715627784558,0.01911217211681596,0.03284540825018374,0.01973161104317853,0.07574599042538756,0.006985526729262146,1.0,0.1270935049639786,0.009965622637248,0.6864688585646553,0.08300037392672059,0.13110215518944776,0.40485466094354833,0.2988224989905618,0.06678765186002868,0.012776242701225984,0.263905350125096,0.8589389960464116,0.01973161104317853,0.07574599042538756,0.8141651427716328,0.03877970826953088,0.11192680710585504,0.10253683471308955,0.01973161104317853,0.07574599042538756,0.004130307632391331,0.8141651427716328,0.9457984006417827,0.039392621421573217,0.06678765186002868,0.012776242701225984,0.15423693478363001,0.07859690467402097,0.01973161104317853,0.07574599042538756,0.004130307632391331,0.8141651427716328,0.9457984006417827,0.039392621421573217,0.06678765186002868,0.012776242701225984,0.01973161104317853,0.08794064733877179,0.07574599042538756,0.055117052789530586,0.004130307632391331,0.25623726883657577,0.6471258819575572,0.8355585297524784,0.7359731878556945,0.6864688585646553,0.8209382290332844,0.9457984006417827,0.009965622637248,0.1270935049639786,0.08300037392672059,0.06909940237770695,0.039392621421573217,0.045574309732964356,0.051343309963789954,0.045618987200388095,0.022513705626124706,0.14408894265107083,0.022513705626124706,,0.8355585297524784,0.8355585297524784,0.8412861454766266,0.7327927496890504,0.6411440177827882,0.5791397988039501,0.272270073144941,0.5703427790555069,0.272270073144941,,0.7359731878556945,0.7359731878556945,0.7423617662354026,0.7270990884125613,0.15042705598910022,0.07956356053185039,0.9457984006417827,1.0,0.9457984006417827,,0.5284236359437127,0.5284236359437127,0.8284425305785087,0.6474110098437537,0.6474110098437537,0.925176996183831,0.8036379032612394,0.8340894873173881,0.8036379032612394,,0.011139374213462071,0.011139374213462071,0.7053721276351328,0.11277103549127554,0.11277103549127554,0.7889632162814721,0.045618987200388095,0.18285422698225023,0.045618987200388095,,0.6911224184983141,0.6911224184983141,0.6867000612148764,0.45600745527185366,0.5624664804683792,0.7637781122203448,0.13076640820340246,0.20177465611388576,0.13076640820340246,,0.8001825194510266,0.8001825194510266,0.7984334233010688,0.7059171460792685,0.7596800247608134,0.6996120188585857,0.06183210193249593,0.23306837471623054,0.3866786746097858,0.22328107238544082,0.26662302172918256,0.06235817466146355,0.22059081245459436,0.28950375898011904,0.2789894243158939,0.3081525966772727,0.06696956569153094,0.22379797822368203,0.3019164410151578,0.23476068954304824,0.2657310743616113,0.12365752894456003,0.15133406302736072,0.04350519474524252,0.1323039355233723,0.07065424849653919,0.15423693478363001,0.2837840394618927,0.09680899778261558,0.07859690467402097
EX02__amount_ratio_20,0.1490890757887795,0.11791088257361151,0.0392618043105456,0.04378431274982999,0.14163595422107764,0.30112240339004953,0.8224682683322095,0.09940464251232353,0.1962048927566169,0.008063683925752891,0.12798674177984523,0.06505143746523057,0.07234614820821718,0.016724202931099483,0.14816709211803855,0.4326494951399101,0.1587349104590484,0.01911217211681596,1.0,0.17168435789125444,0.19359951084089014,0.14392188874947495,0.305023872595393,0.38121331697257366,0.4592821339349545,0.07281262976571243,0.20725203663700953,0.43932481076210317,0.2939510240950468,0.34262810969556223,0.05554242967275256,0.14816709211803855,0.4326494951399101,0.01911217211681596,1.0,0.1587349104590484,0.09050245646275666,0.07087417274266883,0.1490890757887795,0.17606437606437605,1.0,0.5232196070479096,0.14816709211803855,0.4326494951399101,0.1587349104590484,0.01911217211681596,0.08751347107485641,0.11874726690191985,0.2523407646195928,0.09814457912864852,0.3960509852730984,0.12894910136289447,0.1949349922386926,0.4400969711314539,0.4429811809122154,0.33268799475696026,0.05562956597439356,0.14816709211803855,0.4326494951399101,0.05465232361784086,0.6837918571842224,0.5055921552412322,0.2586336448405414,0.14816709211803855,0.4326494951399101,0.4459144720999093,0.05465232361784086,0.03911183911183911,0.9564137357240805,0.4400969711314539,0.4429811809122154,0.02339178769909757,0.030796579603677036,0.14816709211803855,0.4326494951399101,0.4459144720999093,0.05465232361784086,0.03911183911183911,0.9564137357240805,0.4400969711314539,0.4429811809122154,0.14816709211803855,0.34997395513472884,0.4326494951399101,0.5349557412236758,0.4459144720999093,0.3315284233206281,0.14427046840839944,0.04846449674035881,0.16766082407179517,0.2523407646195928,0.14262511503890815,0.03911183911183911,0.11874726690191985,0.08751347107485641,0.09814457912864852,0.5450952315995011,0.9564137357240805,0.43421504800815147,0.6669764255971152,0.6463223635637428,0.4436634574565609,0.232495267886804,0.4436634574565609,,0.04846449674035881,0.04846449674035881,0.01783377645446611,0.1378392549489608,0.05338613270209601,0.15830240440257018,0.3264098246396723,0.10220613010284349,0.3264098246396723,,0.16766082407179517,0.16766082407179517,0.1557337971977262,0.0663242931461049,0.17209865846698033,0.19586306275679394,0.03911183911183911,0.01911217211681596,0.03911183911183911,,0.062065917238331034,0.062065917238331034,0.03476732442249684,0.007344682505842042,0.007344682505842042,0.09309882199657413,0.13843875223185567,0.1395921132115943,0.13843875223185567,,0.017526079595045114,0.017526079595045114,0.14686670548739514,0.0014463366688064997,0.0014463366688064997,0.10928872522727599,0.6463223635637428,0.3313236206182539,0.6463223635637428,,0.033127529679253816,0.033127529679253816,0.04627117040910144,0.14150892396857429,0.05909939445319441,0.08967199695657063,0.5337422509836303,0.0838947545382989,0.5337422509836303,,0.11900740866258108,0.11900740866258108,0.1232115232115232,0.1612785631699695,0.12970409208331982,0.06780682131312525,0.012324460600322669,0.17168435789125444,0.3231603300568818,0.32902862558034973,0.3258865672658776,0.03086212051729293,0.23142847280778314,0.28627651386272074,0.3460509322578288,0.3332203677031263,0.026533923085647223,0.17624296934641762,0.23898246656867347,0.2371034715862302,0.22824176617280065,0.19359951084089014,0.14392188874947495,0.0007462026528815226,0.002632997152816692,0.01938724360934987,0.02339178769909757,0.04819779362966481,0.07351083067838944,0.030796579603677036
EX02__theme_return_1,0.5338115381264599,0.5172463734092957,0.10659399301215812,0.004728079911209767,0.5357044992948233,0.0638400481900961,0.09641349577472222,0.03360968295637015,0.06243045553390381,0.007352538387021146,0.05974025974025974,0.0442926132581305,0.01159369110687569,0.04481537595127859,0.9917425329365834,0.424636996221766,1.0,0.006985526729262146,0.1587349104590484,0.26866939951786456,0.22504161192119224,0.23259190404894045,0.27517771032716615,0.02680075800318211,0.04970953383681851,0.07229539061698781,0.020240221659985673,0.45588531078911837,0.3276450550213353,0.20472343249965352,0.7806730881802809,0.9917425329365834,0.424636996221766,0.006985526729262146,0.1587349104590484,1.0,0.11864727506644829,0.7339365085282238,0.5338115381264599,0.31280617930998994,0.1587349104590484,0.013252400930004807,0.9917425329365834,0.424636996221766,1.0,0.006985526729262146,0.37578541235803936,0.8967886268329461,0.01927021769788017,0.7804860614341722,0.240765757587641,0.02190711416110425,0.09536977417827652,0.42827937659251847,0.22003032624157823,0.1351159118975786,0.009291866627065389,0.9917425329365834,0.427883890333888,0.0019727689109127573,0.06482375012551395,0.017155898074111876,0.07256084788419753,0.9917425329365834,0.427883890333888,0.2198435486208862,0.0019727689109127573,0.0005203920526488565,0.14783714495630831,0.42827937659251847,0.22003032624157823,0.05597000139048294,0.019976772191472227,0.9917425329365834,0.427883890333888,0.2198435486208862,0.0019727689109127573,0.0005203920526488565,0.14783714495630831,0.42827937659251847,0.22003032624157823,0.9917425329365834,0.48018503704222654,0.427883890333888,0.31755175275543257,0.2198435486208862,0.13902667920047246,0.03568179331259477,9.942004971002485e-05,0.033336279981263484,0.01927021769788017,0.00553641493801879,0.0005203920526488565,0.8967886268329461,0.37578541235803936,0.7804860614341722,0.35025029702914684,0.14783714495630831,0.1776139188069594,0.14007065701646057,0.0773642744368542,0.21822560222600865,0.1890215628418377,0.21822560222600865,,9.942004971002485e-05,9.942004971002485e-05,0.008834471870066123,0.05110797472239063,0.021171241967437877,0.04592548356833908,0.13594246892673822,0.1128755537889946,0.13594246892673822,,0.033336279981263484,0.033336279981263484,0.02766917930269887,0.04181453714239588,0.015877813798289373,0.05236765693054181,0.0005203920526488565,0.0005477653026883322,0.0005203920526488565,,0.018477747729439904,0.018477747729439904,0.002436260180394241,0.013543022632839383,0.013543022632839383,0.0006454770212059944,0.04580294195807475,0.04679226229574474,0.04580294195807475,,0.009115536727579684,0.009115536727579684,0.04706038673774054,0.0041053755172616654,0.0041053755172616654,0.026167914231193093,0.0773642744368542,0.03221151788139691,0.0773642744368542,,0.014210188991886948,0.014210188991886948,0.011545075112160198,0.023400517056951436,0.023900629193588357,0.005744040356804158,0.07755545481546326,0.034932790129760305,0.07755545481546326,,0.03307748823685733,0.03307748823685733,0.03382204436385237,0.058205773516235924,0.03369296919356443,0.022785768093230248,0.7059164308827437,0.27477044285691954,0.16919260289818824,0.09217645495615201,0.09329102249456785,0.7746646136530615,0.2996986134342124,0.15257616732581952,0.13915586750246206,0.13472307764455768,0.708568257491676,0.2778354254271467,0.1670524143752638,0.15089962639320942,0.15359100217285956,0.2301044223163621,0.2395386972221788,0.18369171271027826,0.061516736538218375,0.16809086747404248,0.05597000139048294,0.07915816090138449,0.012632226955841337,0.019976772191472227
EX04__intraday_churn,0.03127576153350032,0.023779648180008994,0.1323660570817821,0.15199259084389488,0.06720790407570143,0.13106903697481012,0.007845417459389183,0.284660935240019,0.016941652596753343,0.07600661750591924,0.09153367891460097,0.06593531384984955,0.03589351912261568,0.03782492992120091,0.12174716003152178,0.036854923749323025,0.11864727506644829,0.05758964129153908,0.09050245646275666,0.019365486089993708,0.0019305741137413018,0.027870176069333227,0.0034320136018327154,0.05389496624318857,0.04818628998702431,0.057781302308715976,0.005995321421480486,0.0009493527666677091,0.028658999453361915,0.047488243155279136,0.10302810548522374,0.12174716003152178,0.036854923749323025,0.05758964129153908,0.09050245646275666,0.11864727506644829,1.0,0.0735744501339582,0.03127576153350032,0.011899216457393126,0.09050245646275666,0.726584164674049,0.12174716003152178,0.036854923749323025,0.11864727506644829,0.05758964129153908,0.03855792451518281,0.13144549162528374,0.2933074812622552,0.11106128564471149,0.024157339544396066,0.11658259461521635,0.014142083649139395,0.02628653378284678,0.032382501816954325,0.024494857498631912,0.08637067155679082,0.12414607661635454,0.030488468132605577,0.0886780029084661,0.030466518910763882,0.010020005552331195,0.01393688984330726,0.12414607661635454,0.030488468132605577,0.03540518839767498,0.0886780029084661,0.053723822786228705,0.07384158834633492,0.02628653378284678,0.032382501816954325,0.08164429172546249,0.027760089090560228,0.12414607661635454,0.030488468132605577,0.03540518839767498,0.0886780029084661,0.053723822786228705,0.07384158834633492,0.02628653378284678,0.032382501816954325,0.12414607661635454,0.04370915708232424,0.030488468132605577,0.012236758979294684,0.03540518839767498,0.02256945724642969,0.1476450691312425,0.09324089831350298,0.025244515131671995,0.2933074812622552,0.08549699168105304,0.053723822786228705,0.13144549162528374,0.037525138484994,0.11106128564471149,0.0002943052630295304,0.07384158834633492,0.15969047347649473,0.0850784294024838,0.08090506933513263,0.03637230916989492,0.0007995107563226481,0.03637230916989492,,0.09324089831350298,0.09324089831350298,0.09438249530135294,0.10680262498099093,0.023996904169677324,0.050588705290410166,0.023030551014272104,0.035256479805959924,0.023030551014272104,,0.025244515131671995,0.025244515131671995,0.029034625612238893,0.014015852675847745,0.01488053454167103,0.0257389366917148,0.053723822786228705,0.06139462089711581,0.053723822786228705,,0.0674298165088715,0.0674298165088715,0.05879096427394022,0.06766629724562852,0.06766629724562852,0.05528932091186116,0.0009040262230251152,0.0030107310143739755,0.0009040262230251152,,0.003422928272156306,0.003422928272156306,0.0009354591402920428,0.02038478264639951,0.02038478264639951,0.009803231179581547,0.08090506933513263,0.026567786194129268,0.08090506933513263,,0.04612140308755064,0.04612140308755064,0.046051396936008,0.06526833457271179,0.07652401844659198,0.011310499167999914,0.0005160431281674099,0.02126831872555445,0.0005160431281674099,,0.008454523399106703,0.008454523399106703,0.0072118754031541684,0.03157424099538748,0.02860901530626208,0.03148141800506606,0.06678858499662618,0.008801372059022504,0.014985740322184441,0.026874290529667624,0.01802689447079503,0.08226576539815429,0.004739307802438671,0.009530538127473821,0.03366403349574817,0.022234791941069126,0.04550322238130106,0.004190201902034937,0.004646716517748685,0.04251321463387296,0.03659311571217741,0.0009211008941330758,0.02662903616284419,0.0419623437447257,0.06719686136704013,0.07284112980461382,0.08164429172546249,0.029778766707416734,0.007602097315191785,0.027760089090560228
EX04__extreme_order,0.3538015732843243,0.39232441891088177,0.2674515697909028,0.005892442976586989,0.38138221871500144,0.0014352745175553673,0.020901185161900038,0.03884211663134213,0.04257755979487841,0.03382329516415575,0.029667230137449027,0.07396911478383342,0.04310812128764948,0.06309260418202647,0.7292734335332706,0.32380055185194034,0.7339365085282238,0.027634627188685496,0.07087417274266883,0.2031378429811786,0.17664886880387146,0.1493242802992045,0.18657494955988424,0.002565743183685838,0.06140136344979235,0.0706354961854476,0.03306372305559293,0.37792977349826784,0.2563072170768162,0.1758842816895206,0.5889329559188144,0.7292734335332706,0.32380055185194034,0.027634627188685496,0.07087417274266883,0.7339365085282238,0.0735744501339582,1.0,0.3538015732843243,0.2963924019145374,0.07087417274266883,0.014192628550482448,0.7292734335332706,0.32380055185194034,0.7339365085282238,0.027634627188685496,0.053884831727858955,0.8079625858097141,0.04075607384500602,0.7463774123643789,0.19179574916080316,0.034536263001662626,0.08130827154102002,0.3298949672030854,0.18593931170563385,0.10590029460699393,0.030198770255008316,0.7292734335332706,0.3274397826295075,0.029953251797650526,0.03707358495223087,0.021769888954827284,0.1160483908444493,0.7292734335332706,0.3274397826295075,0.18561197635962814,0.029953251797650526,0.020214352989124808,0.08012085658442586,0.3298949672030854,0.18593931170563385,0.0072427971373556915,0.006465643692280179,0.7292734335332706,0.3274397826295075,0.18561197635962814,0.029953251797650526,0.020214352989124808,0.08012085658442586,0.3298949672030854,0.18593931170563385,0.7292734335332706,0.4168903405935294,0.3274397826295075,0.253006801109255,0.18561197635962814,0.10827365287644974,0.044602519753332064,0.026925190823571102,0.0268433546058016,0.04075607384500602,0.019150439673907713,0.020214352989124808,0.8079625858097141,0.053884831727858955,0.7463774123643789,0.2570578248536074,0.08012085658442586,0.08683169441887215,0.06015202205265884,0.04902185198577231,0.18291125073155443,0.17424755123177718,0.18291125073155443,,0.026925190823571102,0.026925190823571102,0.017759168415546894,0.018677800925939105,0.0027028410860193523,0.04316452683061193,0.107291578927457,0.06589445628467039,0.107291578927457,,0.0268433546058016,0.0268433546058016,0.019559639484105433,0.03274600399551479,0.016276036901365653,0.025013675784226166,0.020214352989124808,0.015959346745066418,0.020214352989124808,,0.022096661162201207,0.022096661162201207,0.035682015802665654,0.03497376099701813,0.03497376099701813,0.0061017174773996905,0.03306315225751588,0.03801842650675919,0.03306315225751588,,0.00417381377508245,0.00417381377508245,0.03600937374580938,0.02241520899481978,0.02241520899481978,0.013711797034620153,0.04902185198577231,0.044239326621442,0.04902185198577231,,0.01800468687290469,0.01800468687290469,0.0204598714464826,0.045996968850366325,0.04439776951626977,0.01973839363824022,0.03740064500417019,0.03753250749398936,0.03740064500417019,,0.0323265968854425,0.0323265968854425,0.033636028658017396,0.013077274773583777,4.120969376627075e-05,0.015535885740443936,0.5320384970943335,0.2124553051002753,0.12996110342805747,0.006628998348660362,0.00621980091973071,0.6332739410115295,0.22955975762953476,0.11522999598658999,0.05155887604513615,0.03740064500417019,0.5958732960073592,0.19420509977001282,0.12447785788040014,0.03077164665550983,0.023406092934776093,0.17791904209861267,0.15336719636283355,0.031426484973544944,0.02794819460346857,0.00707911810600302,0.0072427971373556915,0.03552209078218435,0.04322580696857415,0.006465643692280179
EX04__tail_return_60,1.0,0.7608640018066909,0.35667057252717616,0.04301831572764009,0.9775505806639134,0.05658520290358964,0.16304947178820628,0.05750624370722587,0.11932129172573741,0.028831628758549267,0.10048422592014415,0.0032589913375295717,0.05291168285686956,0.008781129075111084,0.5326487308209906,0.2914196958313141,0.5338115381264599,0.02550252695875971,0.1490890757887795,0.26914345507091425,0.18339450365184592,0.22807545078566122,0.2501794433284037,0.03483315232738244,0.07558873808251065,0.04376486853617753,0.010720374321504507,0.19560152791380492,0.2860788775592183,0.15759808136871847,0.48374333734007474,0.5326487308209906,0.2914196958313141,0.02550252695875971,0.1490890757887795,0.5338115381264599,0.03127576153350032,0.3538015732843243,1.0,0.1873222692485691,0.1490890757887795,0.07221916413425021,0.5326487308209906,0.2914196958313141,0.5338115381264599,0.02550252695875971,0.14227521179046212,0.5191127626395049,0.006338272123923367,0.6852543447003714,0.18829520151287518,0.05631990003218316,0.034363616011981596,0.2874789064468768,0.16542421711659158,0.09964565243703369,0.0569471919345348,0.5334787588140093,0.2900596045223461,0.05916692976123048,0.13306577430198174,0.069204353037021,0.00024666340827437676,0.5334787588140093,0.2900596045223461,0.16626927985187492,0.05916692976123048,0.04735285465101669,0.14180499272748923,0.2874789064468768,0.16542421711659158,0.0012189975655451557,0.08093977067464538,0.5334787588140093,0.2900596045223461,0.16626927985187492,0.05916692976123048,0.04735285465101669,0.14180499272748923,0.2874789064468768,0.16542421711659158,0.5334787588140093,0.285142544921043,0.2900596045223461,0.20672888293470268,0.16626927985187492,0.10450744444695173,0.055330452225801234,0.05902070135934599,0.06548293070509592,0.006338272123923367,0.008725582239838084,0.04735285465101669,0.5191127626395049,0.14325266584657453,0.6852543447003714,0.2721461345180223,0.14180499272748923,0.07415200346963485,0.08558118120992018,0.06322484552944979,0.16466233920104054,0.15444792766498397,0.16466233920104054,,0.05902070135934599,0.05902070135934599,0.048665728015069895,0.008917793324786977,0.07402431408953317,0.09812900574519463,0.10113130669810382,0.09610785763631899,0.10113130669810382,,0.06548293070509592,0.06548293070509592,0.060700234706565874,0.022720573383218864,0.07986806549393899,0.10830443158120281,0.04735285465101669,0.017011764889194002,0.04735285465101669,,0.047609375281711094,0.047609375281711094,0.05337243529674594,0.07685010950217615,0.07685010950217615,0.01698064577282838,0.07210007127185333,0.061377281095650556,0.07210007127185333,,0.06441555142823431,0.06441555142823431,0.07821962122842506,0.06872636034195011,0.06872636034195011,0.05267660478220797,0.06322484552944979,0.006139097560257291,0.06322484552944979,,0.016341955301687146,0.016341955301687146,0.014767981967390076,0.003610148763115388,0.006897493914129995,0.014707631621583018,0.05324848266521222,0.026538900677631663,0.05324848266521222,,0.05215487428806119,0.05215487428806119,0.052715494111209654,0.07324603742714368,0.05757629302108379,0.03664903283247505,0.5190032510185079,0.26717838376041625,0.19963700620208943,0.08384599960029716,0.09728092806324658,0.5212014892340985,0.2633034087264017,0.17613948358270834,0.12033177103674376,0.13021763373293604,0.4757815815685019,0.26418535847725816,0.21245535376027747,0.09099341724591156,0.10101293456420847,0.18361001632229576,0.22969897325766112,0.07497339332315142,0.00026160461587787384,0.07619834990985681,0.0012189975655451557,0.010568836855602512,0.06690045953339767,0.08093977067464538
EX04__overnight_minus_session_5,0.1873222692485691,0.18844081038455768,0.03385245115671589,0.045135787538777485,0.18883975599845665,0.014429002867201526,0.20608163380440608,0.08660185303001246,0.12748305851754127,0.09576697162904059,0.11775115913046948,0.10681107993481219,0.1334710873250427,0.08754165904267325,0.3040466275410851,0.5855549513673256,0.31280617930998994,0.08755715627784558,0.17606437606437605,0.2114086620340068,0.3205229191225071,0.11137086956451818,0.1721319778260295,0.13502485822443958,0.08656564371173885,0.02854395148593046,0.1543949727649379,0.0663682351429005,0.3747222218670058,0.3305196222856625,0.21539752662796133,0.3040466275410851,0.5855549513673256,0.08755715627784558,0.17606437606437605,0.31280617930998994,0.011899216457393126,0.2963924019145374,0.1873222692485691,1.0,0.17606437606437605,0.13239849100474446,0.3040466275410851,0.5855549513673256,0.31280617930998994,0.08755715627784558,0.10961117666504068,0.39880736016566315,0.06190342672389379,0.3144103328579213,0.3127618604382119,0.01817463980560197,0.1785780049754114,0.5944913053197324,0.33418851527057,0.23634445504063092,0.07017900765016073,0.3040466275410851,0.5855549513673256,0.07702957622580277,0.23179462223959302,0.11576630870044607,0.024887547300893993,0.3040466275410851,0.5855549513673256,0.32840042395113334,0.07702957622580277,0.09440237240216977,0.1738556520648358,0.5944913053197324,0.33418851527057,0.07139427675345623,0.0013296236829548143,0.3040466275410851,0.5855549513673256,0.32840042395113334,0.07702957622580277,0.09440237240216977,0.1738556520648358,0.5944913053197324,0.33418851527057,0.3040466275410851,0.4252753725273907,0.5855549513673256,0.4036276595248589,0.32840042395113334,0.23683119284541937,0.03182881780330869,0.0789365681542962,0.06835862226013643,0.06190342672389379,0.10962726975943082,0.09440237240216977,0.39880736016566315,0.10961117666504068,0.3144103328579213,0.4459108102472937,0.1738556520648358,0.022393405133664727,0.15467685830397046,0.0940379565048881,0.3285394255866276,0.29838709059185564,0.3285394255866276,,0.0789365681542962,0.0789365681542962,0.09165429700378086,0.10124692692656492,0.05386396774797002,0.032150188881538685,0.23702900025481854,0.23982121855774452,0.23702900025481854,,0.06835862226013643,0.06835862226013643,0.07968317365411268,0.17976006805854497,0.05276868965518083,0.01120594422585702,0.09440237240216977,0.09418491134710777,0.09440237240216977,,0.07029093768745467,0.07029093768745467,0.0861473713327233,0.05858183754946052,0.05858183754946052,0.07732085668341065,0.05728196559437906,0.04208737182480822,0.05728196559437906,,0.09937939940529127,0.09937939940529127,0.05034568048155647,0.12959502919846536,0.12959502919846536,0.09180063890283563,0.0940379565048881,0.08038490155611035,0.0940379565048881,,0.12280542346060014,0.12280542346060014,0.11748617358483283,0.0034579047653236295,0.047547046507414654,0.13651476094304613,0.11600551287597477,0.15805115891518554,0.11600551287597477,,0.06647196844087569,0.06647196844087569,0.061254838642237186,0.02162672273399784,0.0490384212088366,0.17930557247039192,0.18898084163025455,0.2114086620340068,0.08237632615383626,0.04116500513816766,0.035199423624635545,0.24880985884914694,0.3185848891233273,0.07350651397436866,0.1314256445224238,0.12283646153128654,0.1598420435594395,0.16716574168927514,0.06965232536260668,0.035821310771497084,0.04755675705231604,0.3205229191225071,0.11137086956451818,0.057626337716097875,0.10724278611711437,0.055215231049225585,0.07139427675345623,0.19396458963296356,0.10169921495387377,0.0013296236829548143
EX04__amount_ratio_20,0.1490890757887795,0.11791088257361151,0.0392618043105456,0.04378431274982999,0.14163595422107764,0.30112240339004953,0.8224682683322095,0.09940464251232353,0.1962048927566169,0.008063683925752891,0.12798674177984523,0.06505143746523057,0.07234614820821718,0.016724202931099483,0.14816709211803855,0.4326494951399101,0.1587349104590484,0.01911217211681596,1.0,0.17168435789125444,0.19359951084089014,0.14392188874947495,0.305023872595393,0.38121331697257366,0.4592821339349545,0.07281262976571243,0.20725203663700953,0.43932481076210317,0.2939510240950468,0.34262810969556223,0.05554242967275256,0.14816709211803855,0.4326494951399101,0.01911217211681596,1.0,0.1587349104590484,0.09050245646275666,0.07087417274266883,0.1490890757887795,0.17606437606437605,1.0,0.5232196070479096,0.14816709211803855,0.4326494951399101,0.1587349104590484,0.01911217211681596,0.08751347107485641,0.11874726690191985,0.2523407646195928,0.09814457912864852,0.3960509852730984,0.12894910136289447,0.1949349922386926,0.4400969711314539,0.4429811809122154,0.33268799475696026,0.05562956597439356,0.14816709211803855,0.4326494951399101,0.05465232361784086,0.6837918571842224,0.5055921552412322,0.2586336448405414,0.14816709211803855,0.4326494951399101,0.4459144720999093,0.05465232361784086,0.03911183911183911,0.9564137357240805,0.4400969711314539,0.4429811809122154,0.02339178769909757,0.030796579603677036,0.14816709211803855,0.4326494951399101,0.4459144720999093,0.05465232361784086,0.03911183911183911,0.9564137357240805,0.4400969711314539,0.4429811809122154,0.14816709211803855,0.34997395513472884,0.4326494951399101,0.5349557412236758,0.4459144720999093,0.3315284233206281,0.14427046840839944,0.04846449674035881,0.16766082407179517,0.2523407646195928,0.14262511503890815,0.03911183911183911,0.11874726690191985,0.08751347107485641,0.09814457912864852,0.5450952315995011,0.9564137357240805,0.43421504800815147,0.6669764255971152,0.6463223635637428,0.4436634574565609,0.232495267886804,0.4436634574565609,,0.04846449674035881,0.04846449674035881,0.01783377645446611,0.1378392549489608,0.05338613270209601,0.15830240440257018,0.3264098246396723,0.10220613010284349,0.3264098246396723,,0.16766082407179517,0.16766082407179517,0.1557337971977262,0.0663242931461049,0.17209865846698033,0.19586306275679394,0.03911183911183911,0.01911217211681596,0.03911183911183911,,0.062065917238331034,0.062065917238331034,0.03476732442249684,0.007344682505842042,0.007344682505842042,0.09309882199657413,0.13843875223185567,0.1395921132115943,0.13843875223185567,,0.017526079595045114,0.017526079595045114,0.14686670548739514,0.0014463366688064997,0.0014463366688064997,0.10928872522727599,0.6463223635637428,0.3313236206182539,0.6463223635637428,,0.033127529679253816,0.033127529679253816,0.04627117040910144,0.14150892396857429,0.05909939445319441,0.08967199695657063,0.5337422509836303,0.0838947545382989,0.5337422509836303,,0.11900740866258108,0.11900740866258108,0.1232115232115232,0.1612785631699695,0.12970409208331982,0.06780682131312525,0.012324460600322669,0.17168435789125444,0.3231603300568818,0.32902862558034973,0.3258865672658776,0.03086212051729293,0.23142847280778314,0.28627651386272074,0.3460509322578288,0.3332203677031263,0.026533923085647223,0.17624296934641762,0.23898246656867347,0.2371034715862302,0.22824176617280065,0.19359951084089014,0.14392188874947495,0.0007462026528815226,0.002632997152816692,0.01938724360934987,0.02339178769909757,0.04819779362966481,0.07351083067838944,0.030796579603677036
EX04__flat_turnover,0.07221916413425021,0.03389129611108372,0.14893773251993245,0.14016502518258012,0.03875860119221763,0.12982878784211924,0.5270923232776447,0.20763588605861838,0.11379013475820972,0.025982197471920543,0.1407250160914846,0.042565674647432536,0.0772615314911796,0.048611084028880126,0.02515584669242712,0.24439556203699356,0.013252400930004807,0.03284540825018374,0.5232196070479096,0.05933187059853648,0.1051025652606213,0.08143178719671659,0.1464160405220228,0.23821804268966995,0.3346195660394991,0.06327761606360836,0.18818625304785683,0.2611912263338294,0.16728608104991333,0.22008629627751594,0.09834607342533007,0.02515584669242712,0.24439556203699356,0.03284540825018374,0.5232196070479096,0.013252400930004807,0.726584164674049,0.014192628550482448,0.07221916413425021,0.13239849100474446,0.5232196070479096,1.0,0.02515584669242712,0.24439556203699356,0.013252400930004807,0.03284540825018374,0.06697640716201447,0.04706460373211412,0.05040115875048923,0.053725190110932124,0.28898615022201757,0.02302875198342677,0.12533453700387143,0.2519481223988852,0.2770949059596351,0.25905200963344305,0.06675833985202458,0.02515584669242712,0.24439556203699356,0.06231203355274488,0.44836482913759534,0.33759442590641264,0.20694048931632109,0.02515584669242712,0.24439556203699356,0.27564689782465357,0.06231203355274488,0.019485460162931283,0.5054871891907436,0.2519481223988852,0.2770949059596351,0.048355949277911765,0.030981551478764538,0.02515584669242712,0.24439556203699356,0.27564689782465357,0.06231203355274488,0.019485460162931283,0.5054871891907436,0.2519481223988852,0.2770949059596351,0.02515584669242712,0.1567330621427641,0.24439556203699356,0.35687462258579933,0.27564689782465357,0.2586257188961945,0.008857019196248291,0.06179283608981405,0.12712323741817738,0.05040115875048923,0.07806906240960786,0.019485460162931283,0.04706460373211412,0.06697640716201447,0.053725190110932124,0.3486216118221996,0.5054871891907436,0.09819170723305536,0.3454507350871736,0.3520751424336717,0.2742100472539322,0.15535806591108572,0.2742100472539322,,0.06179283608981405,0.06179283608981405,0.040505829765575194,0.046898786552182437,0.014836908513835961,0.12236050805718295,0.2562341468766178,0.07233924204467837,0.2562341468766178,,0.12712323741817738,0.12712323741817738,0.12079755763230267,0.07997860068347591,0.11707023972029891,0.15137402914866033,0.019485460162931283,0.03284540825018374,0.019485460162931283,,0.058082694592489985,0.058082694592489985,0.012194102388745003,0.015427491411144013,0.015427491411144013,0.08257585630619746,0.08439572242846073,0.08984862347643065,0.08439572242846073,,0.0012061411619424052,0.0012061411619424052,0.08499812058999281,0.023243371982949342,0.023243371982949342,0.06130851203783503,0.3520751424336717,0.2041041240848748,0.3520751424336717,,0.0164335724685494,0.0164335724685494,0.0046358389251881325,0.022216283828262694,0.020368275689557947,0.06308117252090077,0.3404829002709075,0.016004026347850912,0.3404829002709075,,0.0845247373048478,0.0845247373048478,0.08803252537895741,0.12516784875781276,0.1060166755178899,0.07757025529648212,0.06311768169674357,0.05933187059853648,0.18053879177031087,0.17352617426762382,0.17712406654657636,0.06201706555878141,0.1202896514008807,0.1628413397239794,0.17248966211619168,0.17303728050741626,0.036373139892704076,0.07055777865086463,0.13192340425702034,0.09473179542301155,0.09210962857819407,0.1051025652606213,0.08143178719671659,0.0008865200537610474,0.023695177221951053,0.03011293111313763,0.048355949277911765,0.006837639286091259,0.029689279634941317,0.030981551478764538
EX04__etf_return_1,0.5326487308209906,0.5172894392767518,0.1008983086317968,0.01904539406706438,0.534262692152018,0.054962784791398996,0.080800733268927,0.02692339178582126,0.06371362748783332,0.0027726096116227287,0.06230226384980051,0.04041161681019206,0.00267096864805207,0.04163879216298394,1.0,0.41102777368435883,0.9917425329365834,0.01973161104317853,0.14816709211803855,0.2687672826377294,0.21364571350199452,0.23447191546981877,0.27644882956415884,0.010090994162484974,0.03715637902403038,0.06242044461293286,0.007342371848032234,0.4813796275667247,0.3185894888005513,0.20090894258906702,0.7885332808316003,1.0,0.41102777368435883,0.01973161104317853,0.14816709211803855,0.9917425329365834,0.12174716003152178,0.7292734335332706,0.5326487308209906,0.3040466275410851,0.14816709211803855,0.02515584669242712,1.0,0.41102777368435883,0.9917425329365834,0.01973161104317853,0.38305712888708504,0.9004722857804607,0.005779375456773933,0.7807177101256115,0.2280591299692124,0.014512607630828072,0.0920105036547484,0.41192604383021514,0.2055141437314767,0.12198676939040357,0.018919242336543705,1.0,0.4145349019742618,0.012039048884986843,0.053578582432863626,0.025516446196078485,0.06961074375189323,1.0,0.4145349019742618,0.20683657264573632,0.012039048884986843,0.012518487989704197,0.13705689888852032,0.41192604383021514,0.2055141437314767,0.05839499582332663,0.02014370360703235,1.0,0.4145349019742618,0.20683657264573632,0.012039048884986843,0.012518487989704197,0.13705689888852032,0.41192604383021514,0.2055141437314767,1.0,0.46953801874734563,0.4145349019742618,0.307240790009999,0.20683657264573632,0.12696441864630298,0.02312992760705777,0.010848189054619447,0.03886493603858311,0.005779375456773933,0.008059407304323526,0.012518487989704197,0.9004722857804607,0.38305712888708504,0.7807177101256115,0.3379444113285204,0.13705689888852032,0.1834107035326767,0.13701422302429214,0.069402054086162,0.20505197819085172,0.18070377309357225,0.20505197819085172,,0.010848189054619447,0.010848189054619447,0.0036737978870280048,0.03523894833886329,0.03107435211636623,0.048952077460139236,0.1237643538664588,0.10313167686019244,0.1237643538664588,,0.03886493603858311,0.03886493603858311,0.033569140941379506,0.02843710265657472,0.01723271140171134,0.04925448473113322,0.012518487989704197,0.01212278605084562,0.012518487989704197,,0.008718382050308528,0.008718382050308528,0.00784829464996396,0.023956366302898005,0.023956366302898005,0.011105280118444576,0.0519781083769981,0.052941303568417794,0.0519781083769981,,0.010132313156330201,0.010132313156330201,0.05228746931219068,0.0034410881738095255,0.0034410881738095255,0.031626582946818145,0.069402054086162,0.03185348873627686,0.069402054086162,,0.010359995926470671,0.010359995926470671,0.00888517746104652,0.022419692901542193,0.024408522694049136,0.000784570297002612,0.06653401715944231,0.0282830698930349,0.06653401715944231,,0.0384142961964739,0.0384142961964739,0.038934769786026044,0.0633889703856795,0.03914345458766822,0.011796571189539487,0.7047123299083263,0.27460840010091603,0.16670529119320085,0.10141692467149581,0.10296630865793405,0.7698639929748389,0.2939171183192345,0.14757587413337953,0.14416704177699902,0.14052880711016116,0.7065874886238911,0.27928171987759604,0.16666761762807633,0.16121573689246418,0.16432841750972274,0.21868160186895857,0.24121539611252119,0.18552453176380357,0.06439549136395856,0.1711297620575897,0.05839499582332663,0.07380322493910649,0.01427960364454064,0.02014370360703235
EX04__etf_return_5,0.2914196958313141,0.2670373089416087,0.012635208807759394,0.043686093273040474,0.27153710567942924,0.04298501133891674,0.4140113464225937,0.06981444531538558,0.10419019650869144,0.05394163844580014,0.08450619999897108,0.017808910969996445,0.03720622347611818,0.008621670529763007,0.41102777368435883,1.0,0.424636996221766,0.07574599042538756,0.4326494951399101,0.613307253843839,0.5660452685527505,0.504685885213402,0.499470793878228,0.2277556110400242,0.1307166599775743,0.12859687213824736,0.18939225863355766,0.027173123910133642,0.7467276889360502,0.4533030173460809,0.3570245208061208,0.41102777368435883,1.0,0.07574599042538756,0.4326494951399101,0.424636996221766,0.036854923749323025,0.32380055185194034,0.2914196958313141,0.5855549513673256,0.4326494951399101,0.24439556203699356,0.41102777368435883,1.0,0.424636996221766,0.07574599042538756,0.20636625558332075,0.38907992948501985,0.036332725477475084,0.3654319882854243,0.46764292638414234,0.007638583304771354,0.23171120765510866,0.9972884701786399,0.43176586354303337,0.3260467963337343,0.1014800378326839,0.41102777368435883,1.0,0.09171245151557064,0.39616284187725076,0.14227605019795725,0.13976832005403803,0.41102777368435883,1.0,0.43473590474172513,0.09171245151557064,0.0829582664510368,0.41647752000941635,0.9972884701786399,0.43176586354303337,0.3017312864112324,0.03422444810777229,0.41102777368435883,1.0,0.43473590474172513,0.09171245151557064,0.0829582664510368,0.41647752000941635,0.9972884701786399,0.43176586354303337,0.41102777368435883,0.7122703578406399,1.0,0.6695630718550498,0.43473590474172513,0.3312757740191438,0.038772669204258065,0.08488978366822397,0.12625977111507167,0.036332725477475084,0.0637466617482853,0.0829582664510368,0.38907992948501985,0.20636625558332075,0.3654319882854243,0.7077691247740092,0.41647752000941635,0.11447606660723295,0.5021270932861163,0.2066921229823533,0.4321771582670628,0.3015660331642659,0.4321771582670628,,0.08488978366822397,0.08488978366822397,0.06366367911774796,0.12023162505374373,0.0950309570599253,0.18627266069624873,0.32502224429196086,0.1932024598019151,0.32502224429196086,,0.12625977111507167,0.12625977111507167,0.1128959435563718,0.10347892790790518,0.09505402814862925,0.19108610031880213,0.0829582664510368,0.06374528954151121,0.0829582664510368,,0.04206045389167113,0.04206045389167113,0.09211281054410297,0.09008292776793708,0.09008292776793708,0.06577189223715925,0.14238701707798102,0.14422199860073587,0.14238701707798102,,0.03748901153575234,0.03748901153575234,0.14340604699736045,0.017842542844439313,0.017842542844439313,0.07963529004331285,0.2066921229823533,0.02611670688583466,0.2066921229823533,,0.0035035234449049715,0.0035035234449049715,0.00801216596124076,0.10313297591022821,0.06405043289138179,0.023006482098195998,0.2495045667585061,0.018777638215707305,0.2495045667585061,,0.12197361160390112,0.12197361160390112,0.12667443288669447,0.16682308453636616,0.11239528404743497,0.041861555453508954,0.2814429891437146,0.613307253843839,0.3588111853670818,0.2615737149301445,0.24056809329917755,0.3481395547523608,0.699014802388579,0.3118767080742283,0.36026482877294785,0.34247775922775386,0.2852689547867346,0.6087104020777945,0.3251893091515152,0.2920584134999612,0.2780906356071528,0.5660452685527505,0.504685885213402,0.0964532277770498,0.2778209376150164,0.09648384625996217,0.3017312864112324,0.1668111632225431,0.01383915371180539,0.03422444810777229
EX04__theme_return_1,0.5338115381264599,0.5172463734092957,0.10659399301215812,0.004728079911209767,0.5357044992948233,0.0638400481900961,0.09641349577472222,0.03360968295637015,0.06243045553390381,0.007352538387021146,0.05974025974025974,0.0442926132581305,0.01159369110687569,0.04481537595127859,0.9917425329365834,0.424636996221766,1.0,0.006985526729262146,0.1587349104590484,0.26866939951786456,0.22504161192119224,0.23259190404894045,0.27517771032716615,0.02680075800318211,0.04970953383681851,0.07229539061698781,0.020240221659985673,0.45588531078911837,0.3276450550213353,0.20472343249965352,0.7806730881802809,0.9917425329365834,0.424636996221766,0.006985526729262146,0.1587349104590484,1.0,0.11864727506644829,0.7339365085282238,0.5338115381264599,0.31280617930998994,0.1587349104590484,0.013252400930004807,0.9917425329365834,0.424636996221766,1.0,0.006985526729262146,0.37578541235803936,0.8967886268329461,0.01927021769788017,0.7804860614341722,0.240765757587641,0.02190711416110425,0.09536977417827652,0.42827937659251847,0.22003032624157823,0.1351159118975786,0.009291866627065389,0.9917425329365834,0.427883890333888,0.0019727689109127573,0.06482375012551395,0.017155898074111876,0.07256084788419753,0.9917425329365834,0.427883890333888,0.2198435486208862,0.0019727689109127573,0.0005203920526488565,0.14783714495630831,0.42827937659251847,0.22003032624157823,0.05597000139048294,0.019976772191472227,0.9917425329365834,0.427883890333888,0.2198435486208862,0.0019727689109127573,0.0005203920526488565,0.14783714495630831,0.42827937659251847,0.22003032624157823,0.9917425329365834,0.48018503704222654,0.427883890333888,0.31755175275543257,0.2198435486208862,0.13902667920047246,0.03568179331259477,9.942004971002485e-05,0.033336279981263484,0.01927021769788017,0.00553641493801879,0.0005203920526488565,0.8967886268329461,0.37578541235803936,0.7804860614341722,0.35025029702914684,0.14783714495630831,0.1776139188069594,0.14007065701646057,0.0773642744368542,0.21822560222600865,0.1890215628418377,0.21822560222600865,,9.942004971002485e-05,9.942004971002485e-05,0.008834471870066123,0.05110797472239063,0.021171241967437877,0.04592548356833908,0.13594246892673822,0.1128755537889946,0.13594246892673822,,0.033336279981263484,0.033336279981263484,0.02766917930269887,0.04181453714239588,0.015877813798289373,0.05236765693054181,0.0005203920526488565,0.0005477653026883322,0.0005203920526488565,,0.018477747729439904,0.018477747729439904,0.002436260180394241,0.013543022632839383,0.013543022632839383,0.0006454770212059944,0.04580294195807475,0.04679226229574474,0.04580294195807475,,0.009115536727579684,0.009115536727579684,0.04706038673774054,0.0041053755172616654,0.0041053755172616654,0.026167914231193093,0.0773642744368542,0.03221151788139691,0.0773642744368542,,0.014210188991886948,0.014210188991886948,0.011545075112160198,0.023400517056951436,0.023900629193588357,0.005744040356804158,0.07755545481546326,0.034932790129760305,0.07755545481546326,,0.03307748823685733,0.03307748823685733,0.03382204436385237,0.058205773516235924,0.03369296919356443,0.022785768093230248,0.7059164308827437,0.27477044285691954,0.16919260289818824,0.09217645495615201,0.09329102249456785,0.7746646136530615,0.2996986134342124,0.15257616732581952,0.13915586750246206,0.13472307764455768,0.708568257491676,0.2778354254271467,0.1670524143752638,0.15089962639320942,0.15359100217285956,0.2301044223163621,0.2395386972221788,0.18369171271027826,0.061516736538218375,0.16809086747404248,0.05597000139048294,0.07915816090138449,0.012632226955841337,0.019976772191472227
EX04__range_median_20,0.02550252695875971,0.06426316782866384,0.011932595842315633,0.11702043306183962,0.03447547864454719,0.06450486019531339,0.01516854664431791,0.05941853011708529,0.027193066781039887,0.8985341604445665,0.02892051155520612,0.14568975031020176,0.7006750306267207,0.1664819494574869,0.01973161104317853,0.07574599042538756,0.006985526729262146,1.0,0.01911217211681596,0.23306837471623054,0.12365752894456003,0.15133406302736072,0.4342262754116952,0.1178122974691605,0.15081790410460771,0.0690873080207956,0.1632110753935211,0.02604832399496354,0.17313960142739512,0.11910508381252909,0.15071436028599688,0.01973161104317853,0.07574599042538756,1.0,0.01911217211681596,0.006985526729262146,0.05758964129153908,0.027634627188685496,0.02550252695875971,0.08755715627784558,0.01911217211681596,0.03284540825018374,0.01973161104317853,0.07574599042538756,0.006985526729262146,1.0,0.1270935049639786,0.009965622637248,0.6864688585646553,0.08300037392672059,0.13110215518944776,0.40485466094354833,0.2988224989905618,0.06678765186002868,0.012776242701225984,0.263905350125096,0.8589389960464116,0.01973161104317853,0.07574599042538756,0.8141651427716328,0.03877970826953088,0.11192680710585504,0.10253683471308955,0.01973161104317853,0.07574599042538756,0.004130307632391331,0.8141651427716328,0.9457984006417827,0.039392621421573217,0.06678765186002868,0.012776242701225984,0.15423693478363001,0.07859690467402097,0.01973161104317853,0.07574599042538756,0.004130307632391331,0.8141651427716328,0.9457984006417827,0.039392621421573217,0.06678765186002868,0.012776242701225984,0.01973161104317853,0.08794064733877179,0.07574599042538756,0.055117052789530586,0.004130307632391331,0.25623726883657577,0.6471258819575572,0.8355585297524784,0.7359731878556945,0.6864688585646553,0.8209382290332844,0.9457984006417827,0.009965622637248,0.1270935049639786,0.08300037392672059,0.06909940237770695,0.039392621421573217,0.045574309732964356,0.051343309963789954,0.045618987200388095,0.022513705626124706,0.14408894265107083,0.022513705626124706,,0.8355585297524784,0.8355585297524784,0.8412861454766266,0.7327927496890504,0.6411440177827882,0.5791397988039501,0.272270073144941,0.5703427790555069,0.272270073144941,,0.7359731878556945,0.7359731878556945,0.7423617662354026,0.7270990884125613,0.15042705598910022,0.07956356053185039,0.9457984006417827,1.0,0.9457984006417827,,0.5284236359437127,0.5284236359437127,0.8284425305785087,0.6474110098437537,0.6474110098437537,0.925176996183831,0.8036379032612394,0.8340894873173881,0.8036379032612394,,0.011139374213462071,0.011139374213462071,0.7053721276351328,0.11277103549127554,0.11277103549127554,0.7889632162814721,0.045618987200388095,0.18285422698225023,0.045618987200388095,,0.6911224184983141,0.6911224184983141,0.6867000612148764,0.45600745527185366,0.5624664804683792,0.7637781122203448,0.13076640820340246,0.20177465611388576,0.13076640820340246,,0.8001825194510266,0.8001825194510266,0.7984334233010688,0.7059171460792685,0.7596800247608134,0.6996120188585857,0.06183210193249593,0.23306837471623054,0.3866786746097858,0.22328107238544082,0.26662302172918256,0.06235817466146355,0.22059081245459436,0.28950375898011904,0.2789894243158939,0.3081525966772727,0.06696956569153094,0.22379797822368203,0.3019164410151578,0.23476068954304824,0.2657310743616113,0.12365752894456003,0.15133406302736072,0.04350519474524252,0.1323039355233723,0.07065424849653919,0.15423693478363001,0.2837840394618927,0.09680899778261558,0.07859690467402097
EX04__open_gap_1,0.14227521179046212,0.11426043970302838,0.003196019030916109,0.037650758837080384,0.12991568221054015,0.019469035770330618,0.000402757328513455,0.06536257385717219,0.03334869078098643,0.11864002992459009,0.025749398503231862,0.09084391668898012,0.10095943677897176,0.08080928865260886,0.38305712888708504,0.20636625558332075,0.37578541235803936,0.1270935049639786,0.08751347107485641,0.2339554465003278,0.12237077256118355,0.19356439056691047,0.23234805343126655,0.016960780846812972,0.02425702096168265,0.04802299181534768,0.056906947791546286,0.14117575937306,0.20428631919296733,0.07849965252906184,0.33669492532000306,0.38305712888708504,0.20636625558332075,0.1270935049639786,0.08751347107485641,0.37578541235803936,0.03855792451518281,0.053884831727858955,0.14227521179046212,0.10961117666504068,0.08751347107485641,0.06697640716201447,0.38305712888708504,0.20636625558332075,0.37578541235803936,0.1270935049639786,1.0,0.03938400915530834,0.11390907658699047,0.10505501809497292,0.08983702996297872,0.0590031667832016,0.047679007582808415,0.2018495664408936,0.0585217944436379,0.05510158326093803,0.12177231814321765,0.38305712888708504,0.20803976553710682,0.1192339309518064,0.016535298777478367,0.0655926934724456,0.09219937100851798,0.38305712888708504,0.20803976553710682,0.062119364736228075,0.1192339309518064,0.11644306808091366,0.0849474516700136,0.2018495664408936,0.0585217944436379,0.19893030283685104,0.04120243332219083,0.38305712888708504,0.20803976553710682,0.062119364736228075,0.1192339309518064,0.11644306808091366,0.0849474516700136,0.2018495664408936,0.0585217944436379,0.38305712888708504,0.2060271676744809,0.20803976553710682,0.13718150293963016,0.062119364736228075,0.06098498421354374,0.10161868007705466,0.12049489930818669,0.11978777309570827,0.11390907658699047,0.13153826229760776,0.11644306808091366,0.03938400915530834,1.0,0.10505501809497292,0.1458638205210657,0.0849474516700136,0.21605377139962229,0.13373737795075205,0.0017521326475217669,0.059927605347756714,0.026594751928377063,0.059927605347756714,,0.12049489930818669,0.12049489930818669,0.1182007625569316,0.061264397587691276,0.1156617132681944,0.13713263334852852,0.055824860335573726,0.008190439391034815,0.055824860335573726,,0.11978777309570827,0.11978777309570827,0.12079641780191896,0.07469536624094583,0.07838019340511981,0.09053451054944156,0.11644306808091366,0.12165054476425793,0.11644306808091366,,0.05932207106218676,0.05932207106218676,0.10253074161481547,0.08546729291848085,0.08546729291848085,0.10979539457047408,0.12351395381864803,0.1233530144370028,0.12351395381864803,,0.04815282274328174,0.04815282274328174,0.11772017357349412,0.05238794162067164,0.05238794162067164,0.11625007208570635,0.0017521326475217669,0.03249050204220254,0.0017521326475217669,,0.06542911542221702,0.06542911542221702,0.06924398142130776,0.05071533391330735,0.06879349222423845,0.091679429569779,0.047114719204811736,0.06124396512700365,0.047114719204811736,,0.11237126127242196,0.11237126127242196,0.11194292214260351,0.11470384598919985,0.11866104070097129,0.08988257634686712,0.3796889542706185,0.2355422617790098,0.17688330167767036,0.14559253289377747,0.1404060103176712,0.3264382848647189,0.22156523009688564,0.12688316851753081,0.1575918253640278,0.15549493768535552,0.3404560510654066,0.24056427956860935,0.1518032936049196,0.19476262190257168,0.18673478832104395,0.12328419546682699,0.19550015169541013,0.46270757558404,0.1883128447642009,0.48666554733549844,0.19893030283685104,0.028226620707948267,0.05059037185728697,0.04120243332219083
EX04__body_return_1,0.5191127626395049,0.5293691861588423,0.12807915934122086,0.01897542911992273,0.5214980651329126,0.04781611224539035,0.08305786825536812,0.005426581116934378,0.037065037861090534,0.025143421206089943,0.04818531129341554,0.016504494970104852,0.024304061619435505,0.011344654314747162,0.9004722857804607,0.38907992948501985,0.8967886268329461,0.009965622637248,0.11874726690191985,0.22659545833032327,0.19994327080843935,0.182270779984495,0.22863904648974823,0.012969334084613017,0.03602414766774905,0.09218045865851106,0.03505752622377396,0.4304032135604324,0.29685086402532096,0.201242307737285,0.7023595744415843,0.9004722857804607,0.38907992948501985,0.009965622637248,0.11874726690191985,0.8967886268329461,0.13144549162528374,0.8079625858097141,0.5191127626395049,0.39880736016566315,0.11874726690191985,0.04706460373211412,0.9004722857804607,0.38907992948501985,0.8967886268329461,0.009965622637248,0.03938400915530834,1.0,0.01953978379663819,0.8287343938900806,0.224076004545902,0.032636400061309113,0.09388626766560826,0.390566225546009,0.2094660221043238,0.12592367087761036,0.009455971392454663,0.9006253948772397,0.391723737779701,0.014997986947836118,0.05294679650143659,0.012415075614177564,0.030165555365115126,0.9006253948772397,0.391723737779701,0.209618126548325,0.014997986947836118,0.010892407930875266,0.10589722470542419,0.390566225546009,0.2094660221043238,0.004166001954844502,0.00937223668227764,0.9006253948772397,0.391723737779701,0.209618126548325,0.014997986947836118,0.010892407930875266,0.10589722470542419,0.390566225546009,0.2094660221043238,0.9006253948772397,0.4428110332041666,0.391723737779701,0.28996693393987266,0.209618126548325,0.12862867992448845,0.03817437981055279,0.017147596997794806,0.016304347615371428,0.01953978379663819,0.01269198941003879,0.010892407930875266,1.0,0.0402833331899633,0.8287343938900806,0.31990106996966533,0.10589722470542419,0.10266865740686364,0.10343926354420847,0.07148281920545732,0.2085024733889309,0.19367669050109682,0.2085024733889309,,0.017147596997794806,0.017147596997794806,0.021424542552297948,0.04698951679779198,0.0011458591892768587,0.017782552822825842,0.12743749612814465,0.11482412361127525,0.12743749612814465,,0.016304347615371428,0.016304347615371428,0.010166273667211177,0.045024276509954914,0.002571031497974215,0.04006813541581208,0.010892407930875266,0.015469569355125602,0.010892407930875266,,0.013511723725945338,0.013511723725945338,0.00803265122398182,0.013170451204090175,0.013170451204090175,0.012850859331634342,0.029541790481859974,0.028967640994738537,0.029541790481859974,,0.004690150013685726,0.004690150013685726,0.03566992926709621,0.005290511079760318,0.005290511079760318,0.010867905646080004,0.07148281920545732,0.02412624258118232,0.07148281920545732,,0.028929977793705142,0.028929977793705142,0.029107786098736564,0.0040151637977440145,0.0008070893269238063,0.01854202282878718,0.05342429419537364,0.03643084660868657,0.05342429419537364,,0.013999435375363701,0.013999435375363701,0.014801086175306776,0.030856672062336346,0.009191967974602712,0.031006520835783466,0.606373042374367,0.23370887673894655,0.1292544527277756,0.03807061302581818,0.03834108964870535,0.7022202560685192,0.25344614187903014,0.12067324231568288,0.08781200128550601,0.0807725464296984,0.6192452460507886,0.22194155260439635,0.13795153734301627,0.07634806111619713,0.07842665650046234,0.202200872551427,0.18757829318606012,0.012894702274242479,0.0017435856162555852,0.006980202148271201,0.004166001954844502,0.0858872970715953,0.039244624354609285,0.00937223668227764
EX04__range_today,0.006338272123923367,0.02301253824103354,0.006573374410978585,0.07019296649272447,0.002644685013676255,0.38937728581088327,0.15556921871890647,0.42030570377717247,0.05463314228990699,0.6020021456299266,0.1307898252744308,0.11712626446686301,0.5219559015721617,0.07220311032260648,0.005779375456773933,0.036332725477475084,0.01927021769788017,0.6864688585646553,0.2523407646195928,0.26620438699845755,0.15263471026320577,0.17964008539812298,0.3252048166204006,0.18436581800317983,0.15969096649871636,0.0035957792019087613,0.24148685522492785,0.110782181010847,0.19377707800106558,0.04174268010381107,0.20454893880265484,0.005779375456773933,0.036332725477475084,0.6864688585646553,0.2523407646195928,0.01927021769788017,0.2933074812622552,0.04075607384500602,0.006338272123923367,0.06190342672389379,0.2523407646195928,0.05040115875048923,0.005779375456773933,0.036332725477475084,0.01927021769788017,0.6864688585646553,0.11390907658699047,0.01953978379663819,1.0,0.07964362530321291,0.2244019759647794,0.3986225083284683,0.15620359902882672,0.03895535519425961,0.13460071011222322,0.2711302935165713,0.58044518454567,0.005186485211450852,0.04217678484788264,0.5587520539826869,0.16245548529693024,0.055016189671589735,0.03267706782077763,0.005186485211450852,0.04217678484788264,0.13084189434425159,0.5587520539826869,0.6533630056802168,0.21755320486492444,0.03895535519425961,0.13460071011222322,0.22077822896694654,0.09629273617183237,0.005186485211450852,0.04217678484788264,0.13084189434425159,0.5587520539826869,0.6533630056802168,0.21755320486492444,0.03895535519425961,0.13460071011222322,0.005186485211450852,0.06904457908628375,0.04217678484788264,0.04723931956001859,0.13084189434425159,0.2663795721491258,0.6646929340512087,0.5730150680759651,0.4664675367875584,1.0,0.7926169780586709,0.6533630056802168,0.01953978379663819,0.11445118108474038,0.07964362530321291,0.03923080069319301,0.21755320486492444,0.17141438186801725,0.17149548566193631,0.2127662183528346,0.14154886049557644,0.16813334576009123,0.14154886049557644,,0.5730150680759651,0.5730150680759651,0.5914251636278761,0.5233911668094745,0.4534810752910401,0.37883647676676263,0.27514173180129675,0.41825890161627743,0.27514173180129675,,0.4664675367875584,0.4664675367875584,0.47300774440367344,0.5209549216294489,0.04831614295358662,0.0020647434152686,0.6533630056802168,0.6790961764572917,0.6533630056802168,,0.4395359186584064,0.4395359186584064,0.5873456039881043,0.5034243047625315,0.5034243047625315,0.6129450955815346,0.5240448301414932,0.5353977160812932,0.5240448301414932,,0.01103593681944607,0.01103593681944607,0.4361362338844058,0.05875065839604438,0.05875065839604438,0.5206375929995071,0.2127662183528346,0.022781451238249758,0.2127662183528346,,0.49110380633686984,0.49110380633686984,0.479982186657628,0.3713297315574868,0.4299275040142796,0.5337286916691172,0.21872754123410082,0.13538758116939242,0.21872754123410082,,0.5246318042978663,0.5246318042978663,0.5193814007967901,0.431885220655254,0.49216197493047004,0.49302811208056474,0.10546178559975396,0.272534902571449,0.16790076372609972,0.08497007774477772,0.05967151488848363,0.11577756729597037,0.24105607539595023,0.08980906381851901,0.01800442135974358,0.037187214875538,0.13280851029482704,0.2474964927459843,0.12930746518124914,0.0007661010045694444,0.01762140966310188,0.15225440607032065,0.18020036750496224,0.08527350358516725,0.2058025022978997,0.1114813775110587,0.22077822896694654,0.2458546373575848,0.03800917485659579,0.09629273617183237
EX04__close_location,0.6852543447003714,0.7082986960802079,0.03736729307483287,0.04846639476347281,0.6946461088111048,0.01642278829654869,0.05445414439233149,0.032608273757995035,0.05723685380630309,0.0665620433614892,0.0633115569179773,0.046646224451576575,0.09159145469535247,0.02807437380428574,0.7807177101256115,0.3654319882854243,0.7804860614341722,0.08300037392672059,0.09814457912864852,0.3118034729265187,0.2392546809078592,0.26572215722524556,0.32570103729909305,0.01019417713805647,0.028860846287061405,0.07491780691864725,0.004206486334980315,0.37960976490224607,0.3485584977928049,0.18898549531657663,0.6817146816530743,0.7807177101256115,0.3654319882854243,0.08300037392672059,0.09814457912864852,0.7804860614341722,0.11106128564471149,0.7463774123643789,0.6852543447003714,0.3144103328579213,0.09814457912864852,0.053725190110932124,0.7807177101256115,0.3654319882854243,0.7804860614341722,0.08300037392672059,0.10505501809497292,0.8287343938900806,0.07964362530321291,1.0,0.21873812775200907,0.026932798135975232,0.09650372770692103,0.3606249611947551,0.21191155397348924,0.1017240470024897,0.0813954670441789,0.7806156111288789,0.36367473733465894,0.07470940278007789,0.04402107365796471,0.011554990586131117,0.03474513909616369,0.7806156111288789,0.36367473733465894,0.21524307971771303,0.07470940278007789,0.09352996471315302,0.10072682931556505,0.3606249611947551,0.21191155397348924,0.021991915598157333,0.04820910627526338,0.7806156111288789,0.36367473733465894,0.21524307971771303,0.07470940278007789,0.09352996471315302,0.10072682931556505,0.3606249611947551,0.21191155397348924,0.7806156111288789,0.4123145356375358,0.36367473733465894,0.2733467132250684,0.21524307971771303,0.10838892045526714,0.038657987719933014,0.07337796729806496,0.08791644820771333,0.07964362530321291,0.09068064929605865,0.09352996471315302,0.8287343938900806,0.10653430745910036,1.0,0.32237933504061606,0.10072682931556505,0.11591859668956253,0.07212643658165285,0.058663143627002486,0.21271067928233064,0.21017096202609897,0.21271067928233064,,0.07337796729806496,0.07337796729806496,0.06841486410213743,0.004144643297846825,0.06962898510692164,0.09296477176450949,0.10519785467057896,0.09929490843136711,0.10519785467057896,,0.08791644820771333,0.08791644820771333,0.08348037120848492,0.02093901109236341,0.03322066802632799,0.09297145017491659,0.09352996471315302,0.0728608066310429,0.09352996471315302,,0.06043844270490866,0.06043844270490866,0.09584712526274274,0.10582821163552703,0.10582821163552703,0.06300073091377331,0.11690828205164433,0.11271536774738868,0.11690828205164433,,0.0674697514664452,0.0674697514664452,0.11412908714313842,0.07508021784708063,0.07508021784708063,0.09560219920234304,0.058663143627002486,0.006228955675820195,0.058663143627002486,,0.017686442300811123,0.017686442300811123,0.01644896674725007,0.05753902947956232,0.04603829100692813,0.031037219687041956,0.026854135815709335,0.021240556416157446,0.026854135815709335,,0.09781197490705469,0.09781197490705469,0.09767833438071943,0.10707797287633221,0.08360123989362364,0.06027089281946556,0.6455485046623477,0.3113820380969694,0.2374641506480567,0.08975355211772247,0.09403400925495552,0.7098704432199886,0.32149655260989535,0.22235360813782834,0.15350225745897364,0.1541154042317471,0.6301200514520516,0.3135035135063123,0.2512198841734093,0.12125575358412859,0.12847902014990728,0.2382836209992571,0.2673145210417124,0.03308534798912904,0.02488207797580139,0.011248950867843662,0.021991915598157333,0.06640415427154499,0.03582787575452732,0.04820910627526338
EX06__position_120,0.18829520151287518,0.16932540948599326,0.017152702754647378,0.12340517948654316,0.17343238133151817,0.2964482243599593,0.4545699350598521,0.06569659750860847,0.14596407853078247,0.10780908751424748,0.14602760378602347,0.04001943511918827,0.1927199476990229,0.03231712112032908,0.2280591299692124,0.46764292638414234,0.240765757587641,0.13110215518944776,0.3960509852730984,0.2531034156917872,0.2308416562471092,0.29931494084738297,0.4694405059991281,0.2091019663087133,0.22944163671898135,0.053393354700319584,0.03179272210612865,0.10414026256693011,0.37384952215935907,0.3481897540882506,0.19496532093276653,0.2280591299692124,0.46764292638414234,0.13110215518944776,0.3960509852730984,0.240765757587641,0.024157339544396066,0.19179574916080316,0.18829520151287518,0.3127618604382119,0.3960509852730984,0.28898615022201757,0.2280591299692124,0.46764292638414234,0.240765757587641,0.13110215518944776,0.08983702996297872,0.224076004545902,0.2244019759647794,0.21873812775200907,1.0,0.32474845900498556,0.4298794664697184,0.45170519281402377,0.704663875724805,0.8396276768194926,0.06609431857259646,0.2173176787123733,0.44472596522309804,0.052840029116463766,0.4213746277521439,0.3726924664037989,0.14376187912584684,0.2173176787123733,0.44472596522309804,0.7187434433905227,0.052840029116463766,0.11164511456919239,0.40462109820396913,0.45170519281402377,0.704663875724805,0.05254789711311686,0.039234523290833205,0.2173176787123733,0.44472596522309804,0.7187434433905227,0.052840029116463766,0.11164511456919239,0.40462109820396913,0.45170519281402377,0.704663875724805,0.2173176787123733,0.3477147568162311,0.44472596522309804,0.5791021516316948,0.7187434433905227,0.8543604375086974,0.22451835920212737,0.07523118628508868,0.23295456079403856,0.22787342018372547,0.26076379280385537,0.11164511456919239,0.20042397109835375,0.09837238405805551,0.2082471789044358,0.6881876053179018,0.40462109820396913,0.07480149615894761,0.22435851970978907,0.45095890538628697,0.7190712589405128,0.47417061779586145,0.7190712589405128,,0.07523118628508868,0.07523118628508868,0.09443458976015355,0.38644769083800395,0.024568166842398643,0.14881036461245742,0.8491636681431454,0.48666643120767294,0.8491636681431454,,0.23295456079403856,0.23295456079403856,0.2175812925136512,0.3315943161787689,0.2620489719820592,0.5195613312343362,0.11164511456919239,0.17349599559667436,0.11164511456919239,,0.19098513684630147,0.19098513684630147,0.07014398704380401,0.10810213784493011,0.10810213784493011,0.07991215181523917,0.19957839984950265,0.16228326593030087,0.19957839984950265,,0.1794117483892912,0.1794117483892912,0.26594108024932633,0.12183906053667298,0.12183906053667298,0.12396391834141146,0.45095890538628697,0.13412328702355777,0.45095890538628697,,0.18723442836357912,0.18723442836357912,0.173170678985408,0.15380877636305249,0.20719138876514206,0.13389489992269993,0.6396458897679784,0.06843089038741737,0.6396458897679784,,0.060928871866878995,0.060928871866878995,0.06689224989553964,0.09544678892388261,0.011409704093931048,0.15836621740693754,0.1414056395326199,0.2667596885333867,0.519757978922039,0.2940022007942673,0.2704966785195758,0.17686362287012036,0.3125951244618136,0.5075817600583193,0.3166449646250627,0.29731974269999045,0.15375945637118826,0.3049287792820966,0.5606191068148352,0.24095047799022798,0.21800317666291338,0.24166996494009696,0.2996527698409547,0.007770070436191886,0.0409379139491163,0.0005669250345506187,0.05254789711311686,0.42859517278792514,0.02071811298618419,0.039234523290833205
EX06__vol_ratio_10_60,0.05631990003218316,0.031093604184140915,0.0266472482980554,0.04283715795253682,0.03486452729788378,0.2958524305697733,0.19474713393589152,0.10092750506856915,0.14220373530718358,0.4585336792233344,0.12756948619017586,0.1576073452341201,0.46088197203815867,0.14968883427301277,0.014512607630828072,0.007638583304771354,0.02190711416110425,0.40485466094354833,0.12894910136289447,0.013279469683202615,0.03799863947109841,0.01969550526923516,0.10344510898451305,0.15577225390523763,0.1865438236981175,0.07822158238943219,0.02069258186840162,0.0838601987218503,0.022186222683878345,0.09933590148331953,0.0009042410569743811,0.014512607630828072,0.007638583304771354,0.40485466094354833,0.12894910136289447,0.02190711416110425,0.11658259461521635,0.034536263001662626,0.05631990003218316,0.01817463980560197,0.12894910136289447,0.02302875198342677,0.014512607630828072,0.007638583304771354,0.02190711416110425,0.40485466094354833,0.0590031667832016,0.032636400061309113,0.3986225083284683,0.026932798135975232,0.32474845900498556,1.0,0.014119330771470198,0.03569532234213677,0.23703051969023625,0.3044391494712543,0.4803623528970168,0.015977011073592187,0.03454813535686942,0.49176149499825195,0.14995450227143356,0.23355188298713306,0.24779931440834935,0.015977011073592187,0.03454813535686942,0.2233119401510595,0.49176149499825195,0.4223023138771373,0.10286098942896733,0.03569532234213677,0.23703051969023625,0.08821187451639169,0.1087311511133453,0.015977011073592187,0.03454813535686942,0.2233119401510595,0.49176149499825195,0.4223023138771373,0.10286098942896733,0.03569532234213677,0.23703051969023625,0.015977011073592187,0.007087970910119116,0.03454813535686942,0.08854302461183103,0.2233119401510595,0.3745000929265473,0.6435457450339666,0.4991444276455352,0.047709387594288215,0.41473986821922004,0.6013165255614747,0.4223023138771373,0.02581370559068296,0.061621649090366167,0.0398320875894458,0.11627938789432972,0.10286098942896733,0.05252826833926334,0.0009968177000484555,0.14242040070152953,0.23122323848620524,0.1811777619068649,0.23122323848620524,,0.4991444276455352,0.4991444276455352,0.5080214607355534,0.5338505434764953,0.45545323688065203,0.3490918040835574,0.3715608100894153,0.43865746189316146,0.3715608100894153,,0.047709387594288215,0.047709387594288215,0.034271380950619504,0.1306844267090363,0.19739487733613956,0.26373944601825666,0.4223023138771373,0.391270806529237,0.4223023138771373,,0.4655181857372284,0.4655181857372284,0.4231595597500758,0.46836064895237584,0.46836064895237584,0.2874321721451917,0.03373499120535135,0.05118103900734569,0.03373499120535135,,0.29916907654011315,0.29916907654011315,0.10562953910871326,0.2674340753040143,0.2674340753040143,0.03752430570935295,0.14242040070152953,0.04501483764809125,0.14242040070152953,,0.1493262340066681,0.1493262340066681,0.14357660645374437,0.21985226541574107,0.14859333802708125,0.21715351978645556,0.3023545607986175,0.03033228243803798,0.3023545607986175,,0.08159676338120601,0.08159676338120601,0.0808611159122158,0.06625648834758166,0.10630874351686793,0.06148832788345432,0.03186051794638801,0.01364766523744097,0.08583809502956331,0.09173228254095112,0.0895317493769457,0.020017012295303106,0.009801033171434359,0.06874261503728941,0.05669197853268073,0.0397920949716957,0.02521014153322578,0.036688553395773,0.12940116407735178,0.08351586393604535,0.08375065785306475,0.005870238922849182,0.0708944690294898,0.009548806164642676,0.03316675535793926,0.03828569484755495,0.08821187451639169,0.06236173601320521,0.06816972236565218,0.1087311511133453
EX06__loss_concentration_60,0.034363616011981596,0.07796220320991053,0.00390834400698719,0.11407211095727823,0.04704071429778419,0.17300897321079667,0.20142871715608837,0.11623289739608043,0.1498889520913912,0.19578520002545152,0.12395927323112457,0.06251060730254264,0.03179551394171659,0.060431732150234396,0.0920105036547484,0.23171120765510866,0.09536977417827652,0.2988224989905618,0.1949349922386926,0.13361154162176156,0.008176020320191844,0.15800194046146485,0.24813427085296927,0.25426877112248925,0.26570493361448444,0.018970951436366887,0.017942366768956757,0.12004188756921842,0.20769181465453765,0.07739139874625046,0.12435391220451145,0.0920105036547484,0.23171120765510866,0.2988224989905618,0.1949349922386926,0.09536977417827652,0.014142083649139395,0.08130827154102002,0.034363616011981596,0.1785780049754114,0.1949349922386926,0.12533453700387143,0.0920105036547484,0.23171120765510866,0.09536977417827652,0.2988224989905618,0.047679007582808415,0.09388626766560826,0.15620359902882672,0.09650372770692103,0.4298794664697184,0.014119330771470198,1.0,0.17231510114730522,0.25891790229757805,0.5497960962596471,0.1548397735763148,0.0594158260105323,0.1678219954230531,0.16445271679631188,0.08198624890736662,0.21065962945660488,0.07557353149173382,0.0594158260105323,0.1678219954230531,0.2910669753888687,0.16445271679631188,0.19591948314974877,0.17243952582182148,0.17231510114730522,0.25891790229757805,0.09552708231693631,0.10141324894018688,0.0594158260105323,0.1678219954230531,0.2910669753888687,0.16445271679631188,0.19591948314974877,0.17243952582182148,0.17231510114730522,0.25891790229757805,0.0594158260105323,0.12819210293401412,0.1678219954230531,0.2036063897497965,0.2910669753888687,0.5440997726770763,0.0829541339981648,0.16372462475816882,0.3483833312222033,0.17610611783355992,0.1772873893618646,0.19591948314974877,0.0608331900070422,0.052846340192226234,0.07039783986802886,0.2687210671375623,0.17243952582182148,0.04198571052364425,0.12801382352834273,0.2213006725765698,0.2856190627478826,0.07677504474423963,0.2856190627478826,,0.16372462475816882,0.16372462475816882,0.15463082707113576,0.13694477997317867,0.12882753580687636,0.12982777408950066,0.5383664709640175,0.19497664504229972,0.5383664709640175,,0.3483833312222033,0.3483833312222033,0.32482892052805545,0.04078655593053422,0.4084331320800378,0.13822648258329145,0.19591948314974877,0.27261904744067783,0.19591948314974877,,0.03792554438903646,0.03792554438903646,0.1394709168614305,0.05033853680142557,0.05033853680142557,0.40389298099246573,0.4450952299636135,0.5153448808634257,0.4450952299636135,,0.4774168284627273,0.4774168284627273,0.290717228435008,0.32245492408869725,0.32245492408869725,0.5066166981080608,0.2213006725765698,0.1554863517971182,0.2213006725765698,,0.14579354776352438,0.14579354776352438,0.15553881367967495,0.038327128496529854,0.039951475950652134,0.19922836323987372,0.4848416001548782,0.07272231708299012,0.4848416001548782,,0.44972303568014993,0.44972303568014993,0.45526688776379604,0.3617920258811195,0.3682452967252527,0.24067361588686376,0.044015194433122205,0.11612692212413413,0.199987644421421,0.05715516943573219,0.06145909542664097,0.03811124998701945,0.08862729833850161,0.1108100632901458,0.0578341399088835,0.059864013338981434,0.050809835532169785,0.12654534574271317,0.1541377341380521,0.03148356563547294,0.06136149219925232,0.003157369099917083,0.11006403641840799,0.000999493826030625,0.07025668290423463,0.019777417634829816,0.09552708231693631,0.17985851690285173,0.07592039073006637,0.10141324894018688
EX06__index_return_5,0.2874789064468768,0.26862951520387657,0.009361950979493423,0.04509083430185743,0.26538799662885937,0.04296998765219781,0.4234418975396299,0.0747317389418287,0.10690466552535519,0.044405265094920265,0.08966413794000001,0.011374048899403869,0.02726340048855262,0.014558860907745289,0.41192604383021514,0.9972884701786399,0.42827937659251847,0.06678765186002868,0.4400969711314539,0.6168052658579615,0.5656156071641657,0.5028823592793378,0.5041768681628891,0.22541395872120254,0.1441607763678625,0.11550454158924522,0.185678343788054,0.0322625223407072,0.7485562323797418,0.4554559300666842,0.363909322534387,0.41192604383021514,0.9972884701786399,0.06678765186002868,0.4400969711314539,0.42827937659251847,0.02628653378284678,0.3298949672030854,0.2874789064468768,0.5944913053197324,0.4400969711314539,0.2519481223988852,0.41192604383021514,0.9972884701786399,0.42827937659251847,0.06678765186002868,0.2018495664408936,0.390566225546009,0.03895535519425961,0.3606249611947551,0.45170519281402377,0.03569532234213677,0.17231510114730522,1.0,0.4447844275133897,0.30215259688719176,0.03873777057995075,0.40385948918847936,0.9971666036123795,0.035085100591116684,0.4065579833143639,0.17416220275467098,0.11761620291100752,0.40385948918847936,0.9971666036123795,0.436174905421818,0.035085100591116684,0.044705943624492026,0.4066497206232184,1.0,0.4447844275133897,0.2935656764394114,0.03893119982431317,0.40385948918847936,0.9971666036123795,0.436174905421818,0.035085100591116684,0.044705943624492026,0.4066497206232184,1.0,0.4447844275133897,0.40385948918847936,0.7025822943320041,0.9971666036123795,0.6477374987487179,0.436174905421818,0.33284858149514407,0.017302692145924226,0.02740540441328501,0.124958704305573,0.01070062087940689,0.018953509496333683,0.044705943624492026,0.376426132226482,0.19875708384522617,0.3615294941392538,0.7085704484850919,0.4066497206232184,0.10064502361185687,0.42747982459313405,0.2211032040510212,0.43380194108116127,0.31293095186275516,0.43380194108116127,,0.02740540441328501,0.02740540441328501,0.00781580493569497,0.16152542557039185,0.04225247512467473,0.16125280993100602,0.32662203556228914,0.2150250394384573,0.32662203556228914,,0.124958704305573,0.124958704305573,0.10977863675215664,0.08424067351535719,0.10619617257665112,0.1866930879865312,0.044705943624492026,0.0401865726603239,0.044705943624492026,,0.0051006788690705265,0.0051006788690705265,0.049897873800596064,0.04548525310093666,0.04548525310093666,0.02838546978649521,0.1362740322976715,0.13239124971402128,0.1362740322976715,,0.060625415802690825,0.060625415802690825,0.15091414290752447,0.03047512481619135,0.03047512481619135,0.06037747049755775,0.2211032040510212,0.028097120532145563,0.2211032040510212,,0.004045006334419771,0.004045006334419771,0.005507152730832603,0.1005059079374951,0.0700659756331941,0.03712970017811486,0.262037455902133,0.0016781711779445512,0.262037455902133,,0.10907814284387277,0.10907814284387277,0.11406418193441924,0.17132327952017687,0.1012616853306646,0.05935950197034761,0.3044376832311397,0.6608076363349158,0.35866276164566097,0.2806776531712623,0.25400410625431563,0.35686906123878914,0.7339343093148866,0.32287535942432677,0.3827680423778583,0.3607436496163143,0.29522070237202463,0.6556508698518354,0.334492575351057,0.3213472439768811,0.29523155254887273,0.5618511887492854,0.533222361764837,0.09589103394468435,0.2676037345737022,0.10678958390436079,0.2935656764394114,0.14441431083920936,0.005856443872914728,0.03893119982431317
EX06__index_return_20,0.16542421711659158,0.15882144222885347,0.026883109298392646,0.09920855897196099,0.1613744384944765,0.28371973673794176,0.5434463380167628,0.0602579442418891,0.007398083260152226,0.018155818155818154,0.0007478145409179892,0.060148146355042904,0.1244766143346265,0.05194733997979434,0.2055141437314767,0.43176586354303337,0.22003032624157823,0.012776242701225984,0.4429811809122154,0.22318366979352447,0.19396092419473895,0.2281791909838425,0.5381254746042129,0.21146059873037748,0.29735884673931356,0.11987258681097157,0.009134742069248762,0.1763151091284671,0.3583610543102561,0.44548454435864215,0.19457653552089854,0.2055141437314767,0.43176586354303337,0.012776242701225984,0.4429811809122154,0.22003032624157823,0.032382501816954325,0.18593931170563385,0.16542421711659158,0.33418851527057,0.4429811809122154,0.2770949059596351,0.2055141437314767,0.43176586354303337,0.22003032624157823,0.012776242701225984,0.0585217944436379,0.2094660221043238,0.13460071011222322,0.21191155397348924,0.704663875724805,0.23703051969023625,0.25891790229757805,0.4447844275133897,1.0,0.5345368949022545,0.00574971398542831,0.18856011174736323,0.42945267193247394,0.013664279953711965,0.4530662923763335,0.45279911168693887,0.25187232523123076,0.18856011174736323,0.42945267193247394,0.9987357141755553,0.013664279953711965,0.05646071614750936,0.38218744820417044,0.4447844275133897,1.0,0.03499789447837484,0.049563111575653296,0.18856011174736323,0.42945267193247394,0.9987357141755553,0.013664279953711965,0.05646071614750936,0.38218744820417044,0.4447844275133897,1.0,0.18856011174736323,0.30819959576374084,0.42945267193247394,0.6594180933711032,0.9987357141755553,0.5934359707337115,0.11613203587828419,0.012176481866133996,0.20519238311476176,0.17956232241693101,0.2027836737130131,0.05646071614750936,0.18294692042012187,0.058254719503864044,0.19203083918226854,0.8189781083652469,0.38218744820417044,0.04064356815379078,0.13723831016376203,0.5121475131459389,0.9985187254028477,0.7036845920254806,0.9985187254028477,,0.012176481866133996,0.012176481866133996,0.04164341982154826,0.38618733267763844,0.016179068562699295,0.2897178512721332,0.5857069265686178,0.36264433269831897,0.5857069265686178,,0.20519238311476176,0.20519238311476176,0.18974456919847832,0.191500643745351,0.18414590645537632,0.3283720743442398,0.05646071614750936,0.07449775508064617,0.05646071614750936,,0.16190437577211325,0.16190437577211325,0.03005903756296052,0.07274290758178761,0.07274290758178761,0.024589391621852173,0.19214805999683388,0.1802485840244356,0.19214805999683388,,0.10813629781030279,0.10813629781030279,0.2269236423990822,0.07598963705231135,0.07598963705231135,0.10263809486060974,0.5121475131459389,0.2793572061130784,0.5121475131459389,,0.07235767125986733,0.07235767125986733,0.08504309594683378,0.1152486906698169,0.07318797239053744,0.03882404656505588,0.4581523572497368,0.024548646982681856,0.4581523572497368,,0.06930687801624809,0.06930687801624809,0.07428400191072783,0.13140104851754109,0.040555023216767974,0.19751966787230657,0.10861378922583304,0.24491224455164723,0.709045958612147,0.2939680445674435,0.3006047360728694,0.1360804742954423,0.30212024185532943,0.7509262727550691,0.33250630874246645,0.36117433321264547,0.1038050103966199,0.27750050634158624,0.6693095807648065,0.21845237769406958,0.22818371558538952,0.22617105665473602,0.26009965740810975,0.03647229203780948,0.019927677189323693,0.012330790937147701,0.03499789447837484,0.2253449487290347,0.05436834477317406,0.049563111575653296
EX06__index_return_60,0.09964565243703369,0.11521687460953317,0.0050615817239204035,0.0772698680026155,0.08698703169962216,0.18111850887321984,0.3866330719093415,0.05353707105090717,0.25891444512134165,0.24842065531720703,0.2460499908775771,0.14392651918006888,0.3189861643208499,0.12932529616099595,0.12198676939040357,0.3260467963337343,0.1351159118975786,0.263905350125096,0.33268799475696026,0.12212419409569053,0.09896689862129855,0.193834520445726,0.2363517698647607,0.31337478018813847,0.35957502361525573,0.07337234961735409,0.04950932937198462,0.17694562199923058,0.22599103408758078,0.20630186413707258,0.09592308251759091,0.12198676939040357,0.3260467963337343,0.263905350125096,0.33268799475696026,0.1351159118975786,0.024494857498631912,0.10590029460699393,0.09964565243703369,0.23634445504063092,0.33268799475696026,0.25905200963344305,0.12198676939040357,0.3260467963337343,0.1351159118975786,0.263905350125096,0.05510158326093803,0.12592367087761036,0.2711302935165713,0.1017240470024897,0.8396276768194926,0.3044391494712543,0.5497960962596471,0.30215259688719176,0.5345368949022545,1.0,0.2054781076665981,0.11098074452455475,0.2920419273444728,0.1877264839779758,0.32980082468175653,0.3092440868412403,0.08077210531239565,0.11098074452455475,0.2920419273444728,0.5422588739248545,0.1877264839779758,0.2723792182372522,0.331418099699497,0.30215259688719176,0.5345368949022545,0.02880371181762845,0.046751809435122735,0.11098074452455475,0.2920419273444728,0.5422588739248545,0.1877264839779758,0.2723792182372522,0.331418099699497,0.30215259688719176,0.5345368949022545,0.11098074452455475,0.2148263929154699,0.2920419273444728,0.41949907566872907,0.5422588739248545,0.9990302566677968,0.2836232586201169,0.20597445578057544,0.05333092239572918,0.25117847833104756,0.3256083840699786,0.2723792182372522,0.10157699674729681,0.070877696094661,0.08845052271419968,0.4799127898959698,0.331418099699497,0.048622526950559665,0.17665719557184417,0.39592489715551493,0.5454210736161521,0.2695446950458438,0.5454210736161521,,0.20597445578057544,0.20597445578057544,0.22348494146217734,0.39108531965560617,0.12040725767690273,0.017444943098481446,0.9990102693719521,0.5933028890741049,0.9990102693719521,,0.05333092239572918,0.05333092239572918,0.030920633147181898,0.49252060220692206,0.01150402441263633,0.34147921786820984,0.2723792182372522,0.2986951178064628,0.2723792182372522,,0.2727381803324701,0.2727381803324701,0.24677413444619273,0.23317386398634676,0.23317386398634676,0.15580916281186194,0.016449738188454473,0.01450145863182767,0.016449738188454473,,0.08997161563118929,0.08997161563118929,0.026666854224905227,0.15070688794713633,0.15070688794713633,0.011148740005905145,0.39592489715551493,0.11839974873113895,0.39592489715551493,,0.295187941759162,0.295187941759162,0.2792874314010755,0.24241576449534355,0.31887331857773943,0.2544399819919476,0.7690181982158679,0.07345263772014382,0.7690181982158679,,0.056122165794463316,0.056122165794463316,0.046863015711738926,0.02951458615498431,0.0782179030288753,0.3147205592464967,0.06493185697942025,0.12868172892778357,0.2984170080725316,0.11933777167474337,0.09452068024157381,0.0871548764018233,0.16633301558280894,0.26594242876614527,0.12025544248780674,0.09751572004901543,0.07657927745251142,0.15993287748254,0.35043568836258904,0.06689994221058962,0.0649616705284173,0.11877170524116326,0.1867493339359906,0.0001580609354232899,0.011321430847593553,0.01574175552411187,0.02880371181762845,0.45009984680486953,0.03138625482639093,0.046751809435122735
EX06__index_vol_20,0.0569471919345348,0.06112559822010803,0.028426799754696627,0.00484907516458442,0.06660198685360676,0.08906341419915358,0.07771180757447126,0.02220819837622442,0.07909952047883083,0.9408486856762719,0.064759878552982,0.022667823377762526,0.8185290806994661,0.003034942690115104,0.018919242336543705,0.1014800378326839,0.009291866627065389,0.8589389960464116,0.05562956597439356,0.19406400918598238,0.11753811812800229,0.11927689336251662,0.49442657025196424,0.11982108893845832,0.13525687834438305,0.023494723618825722,0.16647617573659423,0.05272372468247931,0.15907747450811138,0.20513063578399907,0.12586524476259153,0.018919242336543705,0.1014800378326839,0.8589389960464116,0.05562956597439356,0.009291866627065389,0.08637067155679082,0.030198770255008316,0.0569471919345348,0.07017900765016073,0.05562956597439356,0.06675833985202458,0.018919242336543705,0.1014800378326839,0.009291866627065389,0.8589389960464116,0.12177231814321765,0.009455971392454663,0.58044518454567,0.0813954670441789,0.06609431857259646,0.4803623528970168,0.1548397735763148,0.03873777057995075,0.00574971398542831,0.2054781076665981,1.0,0.017419891646225615,0.050170167266410194,0.9915971914936339,0.009274877562456534,0.06879690660054953,0.13265696606178834,0.017419891646225615,0.050170167266410194,0.028207466710982572,0.9915971914936339,0.9456097161271275,0.03159014769361909,0.03873777057995075,0.00574971398542831,0.06893804292449465,0.02307370403370211,0.017419891646225615,0.050170167266410194,0.028207466710982572,0.9915971914936339,0.9456097161271275,0.03159014769361909,0.03873777057995075,0.00574971398542831,0.017419891646225615,0.07056859349967196,0.050170167266410194,0.023163995802003314,0.028207466710982572,0.19252848998496327,0.5956522958106226,0.9926729040080546,0.6861768796595851,0.5472270343410565,0.7188883732379711,0.9456097161271275,0.00312222482347931,0.10929033309616983,0.06165654871754141,0.07434185609234094,0.03159014769361909,0.02352502109430778,0.032317629869184426,0.0053107846122581025,0.007542702878893722,0.0688181823055103,0.007542702878893722,,0.9926729040080546,0.9926729040080546,0.986566806402043,0.7503498765135743,0.873590602553819,0.8226424454775211,0.20827560324067454,0.5295142753981673,0.20827560324067454,,0.6861768796595851,0.6861768796595851,0.6946571479690019,0.5534148124978849,0.2600930313113421,0.2756598046220805,0.9456097161271275,0.8500936024872586,0.9456097161271275,,0.7677767956771163,0.7677767956771163,0.9403216452000851,0.8320217581559001,0.8320217581559001,0.7559423462008666,0.7346250383536367,0.726204303731415,0.7346250383536367,,0.11283320357778288,0.11283320357778288,0.6360078685917473,0.20281602583625755,0.20281602583625755,0.7118918028989677,0.0053107846122581025,0.24686243117635845,0.0053107846122581025,,0.5516187212233911,0.5516187212233911,0.5496233071265927,0.3804488412437917,0.4124843208208167,0.6057678578939807,0.1711444437190862,0.17567114012901178,0.1711444437190862,,0.7112117793322174,0.7112117793322174,0.7075704969128976,0.5735681467198107,0.661887314724481,0.6376541002521191,0.03401110119715573,0.1382147334062674,0.24680046857124088,0.13708709700879196,0.158297335509364,0.01454529743560469,0.09520560987377823,0.19549095974994937,0.11444385316954193,0.10725800586652445,0.042387242225212916,0.10734089730767035,0.18671023419960103,0.0948744351065585,0.09282590216776758,0.007214292361240901,0.049072124155738944,0.025152362750758273,0.04675284382269246,0.04687542154420136,0.06893804292449465,0.24088720161641555,0.029713243543635977,0.02307370403370211
EX06__etf_return_1,0.5334787588140093,0.516664777635015,0.1022800470449898,0.015930826793965937,0.5345022839244358,0.054962784791398996,0.080800733268927,0.02692339178582126,0.06371362748783332,0.0027726096116227287,0.06230226384980051,0.04041161681019206,0.00267096864805207,0.04163879216298394,1.0,0.41102777368435883,0.9917425329365834,0.01973161104317853,0.14816709211803855,0.2687672826377294,0.21364571350199452,0.23447191546981877,0.27644882956415884,0.010090994162484974,0.03715637902403038,0.06242044461293286,0.007342371848032234,0.4813796275667247,0.3185894888005513,0.20090894258906702,0.7885332808316003,1.0,0.41102777368435883,0.01973161104317853,0.14816709211803855,0.9917425329365834,0.12414607661635454,0.7292734335332706,0.5334787588140093,0.3040466275410851,0.14816709211803855,0.02515584669242712,1.0,0.41102777368435883,0.9917425329365834,0.01973161104317853,0.38305712888708504,0.9006253948772397,0.005186485211450852,0.7806156111288789,0.2173176787123733,0.015977011073592187,0.0594158260105323,0.40385948918847936,0.18856011174736323,0.11098074452455475,0.017419891646225615,1.0,0.40978050181874576,0.0031662400703916485,0.06191009484037381,0.008410754687905576,0.08339811313977875,1.0,0.40978050181874576,0.1895903482792747,0.0031662400703916485,0.006148222361451844,0.14065948519299415,0.40385948918847936,0.18856011174736323,0.037698318405586295,0.004102841916305265,1.0,0.40978050181874576,0.1895903482792747,0.0031662400703916485,0.006148222361451844,0.14065948519299415,0.40385948918847936,0.18856011174736323,1.0,0.48372020289473244,0.40978050181874576,0.2914582000997858,0.1895903482792747,0.12372569632679148,0.027643126581126554,0.004404828604702559,0.04052704764875001,0.02289756779227202,0.002350991280888354,0.006148222361451844,0.899306311484767,0.3497045305410879,0.7809831298007416,0.3337099059408379,0.14065948519299415,0.18383411731996693,0.12971213719871408,0.06273209886916366,0.18798394976941346,0.18663305437372876,0.18798394976941346,,0.004404828604702559,0.004404828604702559,0.010315268713753599,0.040271196255709504,0.017418945465347134,0.037936993052771234,0.12058004460674825,0.10628103556460647,0.12058004460674825,,0.04052704764875001,0.04052704764875001,0.035074317386378166,0.017964240639831857,0.022288786698087565,0.047940237415499125,0.006148222361451844,0.010796549292168426,0.006148222361451844,,0.013842674960617805,0.013842674960617805,0.0017818044164072456,0.014801957681653948,0.014801957681653948,0.004877208458589045,0.053279847267921475,0.051301682461093616,0.053279847267921475,,0.01758548004436106,0.01758548004436106,0.058534697808151355,0.0020729382308286378,0.0020729382308286378,0.02765985779612318,0.06273209886916366,0.025893496689648545,0.06273209886916366,,0.012522050472550627,0.012522050472550627,0.011326307238815104,0.013761237207197042,0.021734499647592873,0.002178810452932189,0.07434585393025989,0.030355538072819134,0.07434585393025989,,0.03473553595914019,0.03473553595914019,0.03518374384478781,0.0638157371518353,0.036573457397373305,0.014474571500802069,0.7172399815090703,0.2847967154477,0.14407883367976332,0.10786496036542548,0.1036845699059252,0.7752304157886246,0.2949100573457696,0.1279471299166433,0.14747833583589695,0.13964162188605966,0.7227451432467838,0.2881617485716153,0.14727019401937713,0.16509196212825722,0.16458653105525767,0.1934619916644102,0.2351926311267377,0.1612542578075178,0.049322254232450624,0.1568776748426668,0.037698318405586295,0.07107712516410143,0.011101004962933913,0.004102841916305265
EX06__etf_return_5,0.2900596045223461,0.26802279564772286,0.009278328672254263,0.03706685271650993,0.2684594507366799,0.04298501133891674,0.4140113464225937,0.06981444531538558,0.10419019650869144,0.05394163844580014,0.08450619999897108,0.017808910969996445,0.03720622347611818,0.008621670529763007,0.4145349019742618,1.0,0.427883890333888,0.07574599042538756,0.4326494951399101,0.613307253843839,0.5660452685527505,0.504685885213402,0.499470793878228,0.22139313260592078,0.1307166599775743,0.12859687213824736,0.18939225863355766,0.027173123910133642,0.7467276889360502,0.4533030173460809,0.36291544520794145,0.4145349019742618,1.0,0.07574599042538756,0.4326494951399101,0.427883890333888,0.030488468132605577,0.3274397826295075,0.2900596045223461,0.5855549513673256,0.4326494951399101,0.24439556203699356,0.4145349019742618,1.0,0.427883890333888,0.07574599042538756,0.20803976553710682,0.391723737779701,0.04217678484788264,0.36367473733465894,0.44472596522309804,0.03454813535686942,0.1678219954230531,0.9971666036123795,0.42945267193247394,0.2920419273444728,0.050170167266410194,0.40978050181874576,1.0,0.04365944656474469,0.39993208151586757,0.16470774597391968,0.11704638835643053,0.40978050181874576,1.0,0.4230799775117969,0.04365944656474469,0.05509079693327022,0.4004949441038,0.9971666036123795,0.42945267193247394,0.2942847620314091,0.02792451314162153,0.40978050181874576,1.0,0.4230799775117969,0.04365944656474469,0.05509079693327022,0.4004949441038,0.9971666036123795,0.42945267193247394,0.40978050181874576,0.7093203502027409,1.0,0.6406805601434261,0.4230799775117969,0.32422073657065853,0.018923484164012502,0.036415987179469,0.12958004679551174,0.014130482342432414,0.029290277040389646,0.05509079693327022,0.3809003201961338,0.20229583767014794,0.36719238723387726,0.6994950709546502,0.4004949441038,0.09971955217323601,0.4343912218091675,0.20684749967484367,0.42062201382436476,0.3042922331239913,0.42062201382436476,,0.036415987179469,0.036415987179469,0.01725747025458924,0.14722268676183034,0.052818001714629886,0.16531395498925863,0.3180110812392767,0.20768515278141828,0.3180110812392767,,0.12958004679551174,0.12958004679551174,0.11473809719646312,0.07172458802111413,0.10752663643447014,0.18471664195419538,0.05509079693327022,0.05014694673397724,0.05509079693327022,,0.017164878185839626,0.017164878185839626,0.05944641711745718,0.056214424002549966,0.056214424002549966,0.03681643497427567,0.14330472770328573,0.13935219854171263,0.14330472770328573,,0.060787913051710385,0.060787913051710385,0.1568686983549242,0.032233940835187255,0.032233940835187255,0.0668438060806142,0.20684749967484367,0.024605870998443555,0.20684749967484367,,0.00010056137183407865,0.00010056137183407865,0.009282162908709073,0.10027298661294454,0.07258492631478972,0.028993538828348386,0.2497781893790656,0.0097058004927968,0.2497781893790656,,0.11385728535150769,0.11385728535150769,0.11871880330365549,0.17123317282684922,0.10425527121463006,0.048944285864222316,0.29916596161970316,0.6570099626201203,0.34910851204626575,0.2845946549894589,0.2577240789674492,0.3543572515827516,0.7294263760916363,0.30956298297274215,0.38544423056193833,0.36359165367656904,0.29204197772447277,0.6535475971224385,0.3252968081022081,0.3257082615619326,0.30021321067900203,0.5648145123018468,0.5415909948573954,0.09987211519871493,0.2671532066744806,0.11046010888585255,0.2942847620314091,0.13847688736187563,0.019664591928344417,0.02792451314162153
EX06__etf_vol_20,0.05916692976123048,0.05535648406766107,0.032027191925030556,0.012228200446652916,0.0690946996935193,0.07722390105015464,0.07677894340302517,0.007682517075825208,0.10627349248038903,0.9156123431985501,0.08619985861365172,0.07472534044542158,0.8372878423588362,0.05673603848046039,0.012039048884986843,0.09171245151557064,0.0019727689109127573,0.8141651427716328,0.05465232361784086,0.18439524811962363,0.10194446275994384,0.12051568226664758,0.5016252466377891,0.12071450058993766,0.13796183437603654,0.022537858917823093,0.15659817204556187,0.05474507476816224,0.14987721623475728,0.20253362985144696,0.11024994473702826,0.012039048884986843,0.09171245151557064,0.8141651427716328,0.05465232361784086,0.0019727689109127573,0.0886780029084661,0.029953251797650526,0.05916692976123048,0.07702957622580277,0.05465232361784086,0.06231203355274488,0.012039048884986843,0.09171245151557064,0.0019727689109127573,0.8141651427716328,0.1192339309518064,0.014997986947836118,0.5587520539826869,0.07470940278007789,0.052840029116463766,0.49176149499825195,0.16445271679631188,0.035085100591116684,0.013664279953711965,0.1877264839779758,0.9915971914936339,0.0031662400703916485,0.04365944656474469,1.0,0.020296309075394488,0.04233854719612205,0.105392958478094,0.0031662400703916485,0.04365944656474469,0.02089557255606956,1.0,0.9290811453657013,0.015480021644720097,0.035085100591116684,0.013664279953711965,0.07584749576360664,0.03919397858171126,0.0031662400703916485,0.04365944656474469,0.02089557255606956,1.0,0.9290811453657013,0.015480021644720097,0.035085100591116684,0.013664279953711965,0.0031662400703916485,0.0464625230070597,0.04365944656474469,0.0345641669144769,0.02089557255606956,0.1885337628924354,0.5808794665973926,0.9985431608500351,0.64921519307692,0.5329210450300544,0.7011164456309089,0.9290811453657013,0.029227421567423927,0.1145336049475048,0.04370333327617326,0.06537057435742934,0.015480021644720097,0.023545820001640825,0.03645403847178723,0.026041331508525098,0.0005900994644324929,0.06312708107297901,0.0005900994644324929,,0.9985431608500351,0.9985431608500351,0.9940401833742102,0.7600427396124564,0.9028661141307217,0.8254745679806813,0.20375919334725068,0.5116831073099094,0.20375919334725068,,0.64921519307692,0.64921519307692,0.6566126977344728,0.5222205493368642,0.277992463502248,0.2968840326300943,0.9290811453657013,0.8068599531754626,0.9290811453657013,,0.8001781907994903,0.8001781907994903,0.9425486149303015,0.8554960442160819,0.8554960442160819,0.715594589548788,0.6906717172196815,0.6740624232076821,0.6906717172196815,,0.127373775031081,0.127373775031081,0.5992220807839516,0.21499396327297335,0.21499396327297335,0.6708172330418515,0.026041331508525098,0.247845492866632,0.026041331508525098,,0.5200445852928682,0.5200445852928682,0.5172805050021904,0.3585667008336201,0.38305657786450603,0.5859078680346305,0.18405062796052812,0.18067113522929154,0.18405062796052812,,0.6635962923137493,0.6635962923137493,0.6597148747745678,0.5221560153391822,0.6151041054156079,0.6019489019625868,0.016849622931196635,0.14944741613389653,0.30048457371422554,0.13961142995131265,0.16595328428995346,0.007363251608372093,0.09603329766421449,0.23395204770153108,0.1125292147331815,0.11143735934414817,0.017737149331983525,0.11563959285458875,0.235708193437634,0.09349554932101521,0.09665734139238706,0.006598013011156938,0.0645848771339277,0.027626589319352246,0.048168534781391395,0.04905252340884186,0.07584749576360664,0.22482656203588222,0.02921598171943984,0.03919397858171126
EX07__up_activity_5,0.13306577430198174,0.08148044672527704,0.09409439774468846,0.12850821103409718,0.12544701719918233,0.20662583524935305,0.7917584758092608,0.014565378596653173,0.20267274796613946,0.02456668439511106,0.16246560354304732,0.010738240101456898,0.05142988603643757,0.001905684079036761,0.053578582432863626,0.39616284187725076,0.06482375012551395,0.03877970826953088,0.6837918571842224,0.11751069764866666,0.14384947697785966,0.0693228315736725,0.28462688527697705,0.4296107810636567,0.5044129150957564,0.09350671390560378,0.2073570116993875,0.2785860701181541,0.2154873935450428,0.36876505781539914,0.015013727831735182,0.053578582432863626,0.39616284187725076,0.03877970826953088,0.6837918571842224,0.06482375012551395,0.030466518910763882,0.03707358495223087,0.13306577430198174,0.23179462223959302,0.6837918571842224,0.44836482913759534,0.053578582432863626,0.39616284187725076,0.06482375012551395,0.03877970826953088,0.016535298777478367,0.05294679650143659,0.16245548529693024,0.04402107365796471,0.4213746277521439,0.14995450227143356,0.08198624890736662,0.4065579833143639,0.4530662923763335,0.32980082468175653,0.009274877562456534,0.06191009484037381,0.39993208151586757,0.020296309075394488,1.0,0.5672037193527474,0.32098444570152634,0.06191009484037381,0.39993208151586757,0.45680233299605905,0.020296309075394488,0.03802214145928045,0.7229715846465803,0.4065579833143639,0.4530662923763335,0.03221632894622117,0.015726925782551786,0.06191009484037381,0.39993208151586757,0.45680233299605905,0.020296309075394488,0.03802214145928045,0.7229715846465803,0.4065579833143639,0.4530662923763335,0.06191009484037381,0.239853927203529,0.39993208151586757,0.5054884479724517,0.45680233299605905,0.3646078674965374,0.11587811115283705,0.030120731387302497,0.1463313934304566,0.14402386108510298,0.12697424683819927,0.03802214145928045,0.06405495113540964,0.025570250877699225,0.054295142688006164,0.5432099725371742,0.7229715846465803,0.03146101435272193,0.39469843126699494,0.5814131615982611,0.45461238700565965,0.21420782327035168,0.45461238700565965,,0.030120731387302497,0.030120731387302497,0.05822216470559839,0.2763326044497262,0.08725641254732128,0.10430631407602002,0.35822620357324364,0.09969017926271916,0.35822620357324364,,0.1463313934304566,0.1463313934304566,0.13504889060927727,0.17045191033322013,0.2614444013753721,0.24499521580794706,0.03802214145928045,0.07163156517765991,0.03802214145928045,,0.07347741201585337,0.07347741201585337,0.029448477137717196,0.025295900973487342,0.025295900973487342,0.011165191667567692,0.10297877636781355,0.07812650491570983,0.10297877636781355,,0.1290685391391507,0.1290685391391507,0.12155121885134813,0.043280739443651885,0.043280739443651885,0.017893001845457966,0.5814131615982611,0.15983471553081036,0.5814131615982611,,0.027874944709233466,0.027874944709233466,0.044005666272279746,0.22544597791376175,0.07717164675978126,0.2153368127184456,0.4455340937825428,0.10340965954328576,0.4455340937825428,,0.10162325085172107,0.10162325085172107,0.10652728396590672,0.1887366363732823,0.09562425159958203,0.1233041096286854,0.002503600577340094,0.15142887550788994,0.28160776714297253,0.18614833978726006,0.17944551644891246,0.018705592809656023,0.211452807804985,0.2660143644517244,0.2565089417678043,0.24249211388934067,0.015300657712967482,0.13821850483094864,0.21333012793995246,0.11421493780408228,0.09245603064628463,0.1904413693975434,0.09791339199658891,0.10339570429812626,0.07523476090220955,0.07528693218243865,0.03221632894622117,0.15442907102070494,0.03480949448700218,0.015726925782551786
EX07__down_activity_5,0.069204353037021,0.07642325060402805,0.054056138115308405,0.07376207552129416,0.05358136027932156,0.22209750684307492,0.6719364754609377,0.1304752733100992,0.050651805443622556,0.023341589660555197,0.05864661818861644,0.12432229064226895,0.11686623548066276,0.12727838685235943,0.025516446196078485,0.14227605019795725,0.017155898074111876,0.11192680710585504,0.5055921552412322,0.03119709762080861,0.009701805639808178,0.005474780442604702,0.19588967013210992,0.35097752531711834,0.5130068327281496,0.2093163932044632,0.01928377623265525,0.38390918388062445,0.08931867012853767,0.23949365929903926,0.02383419307344154,0.025516446196078485,0.14227605019795725,0.11192680710585504,0.5055921552412322,0.017155898074111876,0.010020005552331195,0.021769888954827284,0.069204353037021,0.11576630870044607,0.5055921552412322,0.33759442590641264,0.025516446196078485,0.14227605019795725,0.017155898074111876,0.11192680710585504,0.0655926934724456,0.012415075614177564,0.055016189671589735,0.011554990586131117,0.3726924664037989,0.23355188298713306,0.21065962945660488,0.17416220275467098,0.45279911168693887,0.3092440868412403,0.06879690660054953,0.008410754687905576,0.16470774597391968,0.04233854719612205,0.5672037193527474,1.0,0.2872114080369256,0.008410754687905576,0.16470774597391968,0.45300466567822945,0.04233854719612205,0.0693535042078176,0.56210205843063,0.17416220275467098,0.45279911168693887,0.09346105695050534,0.02774600250755504,0.008410754687905576,0.16470774597391968,0.45300466567822945,0.04233854719612205,0.0693535042078176,0.56210205843063,0.17416220275467098,0.45279911168693887,0.008410754687905576,0.04688210740588216,0.16470774597391968,0.3487100558019573,0.45300466567822945,0.3527039780394882,0.1209576386665412,0.035429671642802106,0.25498407433175235,0.034284082001483036,0.08723009645501749,0.0693535042078176,0.0050633781489211795,0.07064812239748137,0.02524370186578748,0.395736554597776,0.56210205843063,0.04473368039609909,0.19817421454217574,0.6098013296412004,0.4524768383481826,0.2192879213440539,0.4524768383481826,,0.035429671642802106,0.035429671642802106,0.017802897574631136,0.16235283219028193,0.030566545682265855,0.1573920098845711,0.34655101701331664,0.026873962655328192,0.34655101701331664,,0.25498407433175235,0.25498407433175235,0.25040849349206523,0.03496345924428307,0.16200165948277873,0.17230877421094284,0.0693535042078176,0.08906972773990361,0.0693535042078176,,0.15961144882683892,0.15961144882683892,0.03093604320238507,0.08552535245665056,0.08552535245665056,0.17046172150020353,0.2148434860793243,0.22910341616967278,0.2148434860793243,,0.007982859630639287,0.007982859630639287,0.2076611760297777,0.0795695664781683,0.0795695664781683,0.20112308832871312,0.6098013296412004,0.3558527764199603,0.6098013296412004,,0.15202861633677023,0.15202861633677023,0.16100883053100562,0.19894437387263972,0.11571393387800158,0.03512658216017814,0.4780103632054728,0.042146809993904105,0.4780103632054728,,0.18472355597619772,0.18472355597619772,0.18633294004345377,0.24479120431756551,0.1795848940871806,0.006595349173887391,0.021325705752791243,0.02722511077980062,0.2835310127034331,0.16334074857607275,0.15880875157906604,0.029199429370132424,0.03840022050863893,0.2551864528033967,0.1871217039016475,0.18002594361674457,0.02407139572090493,0.025139855790166168,0.20808164068324891,0.08333729369370833,0.08723308255413534,0.015334971165969987,0.003657689711898315,0.0631170954297154,0.11488694753458525,0.05020626490277612,0.09346105695050534,0.10294616770103131,0.04013137570243029,0.02774600250755504
EX07__amount_concentration_10,0.00024666340827437676,0.011696340454621947,0.054662707709946044,0.09528655054725654,0.0008454702006840001,0.08335703710983175,0.29499763872168855,0.04063894223206255,0.23631002251691907,0.15479814790159618,0.2276590069693518,0.1297165227185511,0.08776379313904668,0.11770152439523636,0.06961074375189323,0.13976832005403803,0.07256084788419753,0.10253683471308955,0.2586336448405414,0.032531918554815964,0.09452121765728502,0.06609452620304687,0.22194683625320774,0.2032145850525256,0.27210008288236004,0.08163057495733349,0.009664022155426175,0.12728134180751266,0.10099022050129355,0.14582594948480085,0.06914990006140535,0.06961074375189323,0.13976832005403803,0.10253683471308955,0.2586336448405414,0.07256084788419753,0.01393688984330726,0.1160483908444493,0.00024666340827437676,0.024887547300893993,0.2586336448405414,0.20694048931632109,0.06961074375189323,0.13976832005403803,0.07256084788419753,0.10253683471308955,0.09219937100851798,0.030165555365115126,0.03267706782077763,0.03474513909616369,0.14376187912584684,0.24779931440834935,0.07557353149173382,0.11761620291100752,0.25187232523123076,0.08077210531239565,0.13265696606178834,0.08339811313977875,0.11704638835643053,0.105392958478094,0.32098444570152634,0.2872114080369256,1.0,0.08339811313977875,0.11704638835643053,0.25310063486288,0.105392958478094,0.11014648059750543,0.23376019277374252,0.11761620291100752,0.25187232523123076,0.04381103452349586,0.0626564970279239,0.08339811313977875,0.11704638835643053,0.25310063486288,0.105392958478094,0.11014648059750543,0.23376019277374252,0.11761620291100752,0.25187232523123076,0.08339811313977875,0.11176532512666644,0.11704638835643053,0.18843693183834337,0.25310063486288,0.10926263774068812,0.05612055596057065,0.09500711944997467,0.2772824611119486,0.016218266305738745,0.014601297209288013,0.11014648059750543,0.04601118350834698,0.08748129643214948,0.05301971750405467,0.2120933204808711,0.23376019277374252,0.04581422114264862,0.10727440042740541,0.2451273396387844,0.24973723601700884,0.06343802549689877,0.24973723601700884,,0.09500711944997467,0.09500711944997467,0.07526161960797582,0.1519724591225226,0.03316584044430145,0.10450874442534457,0.10024304695540666,0.12487094731470738,0.10024304695540666,,0.2772824611119486,0.2772824611119486,0.27785791269154075,0.05238520408881773,0.36680576079237315,0.2555280618902466,0.11014648059750543,0.07666278891684067,0.11014648059750543,,0.004860052303864765,0.004860052303864765,0.10836529463926314,0.006112199925088735,0.006112199925088735,0.12305095573291973,0.21900620934398482,0.19075385601508674,0.21900620934398482,,0.25748287751563975,0.25748287751563975,0.26101316151856196,0.16710867901962956,0.16710867901962956,0.21017329646154906,0.2451273396387844,0.011006575631272423,0.2451273396387844,,0.3999048897209472,0.3999048897209472,0.4143754288642117,0.4664392704006327,0.3916434795378893,0.11713735498847679,0.22897602646260262,0.06725061008475336,0.22897602646260262,,0.24539163449766752,0.24539163449766752,0.2454773354146961,0.3193356549640988,0.25085248923523756,0.06775117446612094,0.01718770296645706,0.0006156240467998185,0.194462026982961,0.06120131154149494,0.05826104070408722,0.024385300112076205,0.05573493760430346,0.20406016553079454,0.07407892337452844,0.06346730780231714,0.0186607812374477,0.024817331479370812,0.14977135586601328,0.029514949792874827,0.024279667203676976,0.046268452974562814,0.06460634652426428,0.00032252682601561133,0.01020994626659366,0.017272278381964858,0.04381103452349586,0.03992796375904091,0.02371317938802112,0.0626564970279239
EX07__etf_return_1,0.5334787588140093,0.516664777635015,0.1022800470449898,0.015930826793965937,0.5345022839244358,0.054962784791398996,0.080800733268927,0.02692339178582126,0.06371362748783332,0.0027726096116227287,0.06230226384980051,0.04041161681019206,0.00267096864805207,0.04163879216298394,1.0,0.41102777368435883,0.9917425329365834,0.01973161104317853,0.14816709211803855,0.2687672826377294,0.21364571350199452,0.23447191546981877,0.27644882956415884,0.010090994162484974,0.03715637902403038,0.06242044461293286,0.007342371848032234,0.4813796275667247,0.3185894888005513,0.20090894258906702,0.7885332808316003,1.0,0.41102777368435883,0.01973161104317853,0.14816709211803855,0.9917425329365834,0.12414607661635454,0.7292734335332706,0.5334787588140093,0.3040466275410851,0.14816709211803855,0.02515584669242712,1.0,0.41102777368435883,0.9917425329365834,0.01973161104317853,0.38305712888708504,0.9006253948772397,0.005186485211450852,0.7806156111288789,0.2173176787123733,0.015977011073592187,0.0594158260105323,0.40385948918847936,0.18856011174736323,0.11098074452455475,0.017419891646225615,1.0,0.40978050181874576,0.0031662400703916485,0.06191009484037381,0.008410754687905576,0.08339811313977875,1.0,0.40978050181874576,0.1895903482792747,0.0031662400703916485,0.006148222361451844,0.14065948519299415,0.40385948918847936,0.18856011174736323,0.037698318405586295,0.004102841916305265,1.0,0.40978050181874576,0.1895903482792747,0.0031662400703916485,0.006148222361451844,0.14065948519299415,0.40385948918847936,0.18856011174736323,1.0,0.48372020289473244,0.40978050181874576,0.2914582000997858,0.1895903482792747,0.12372569632679148,0.027643126581126554,0.004404828604702559,0.04052704764875001,0.02289756779227202,0.002350991280888354,0.006148222361451844,0.899306311484767,0.3497045305410879,0.7809831298007416,0.3337099059408379,0.14065948519299415,0.18383411731996693,0.12971213719871408,0.06273209886916366,0.18798394976941346,0.18663305437372876,0.18798394976941346,,0.004404828604702559,0.004404828604702559,0.010315268713753599,0.040271196255709504,0.017418945465347134,0.037936993052771234,0.12058004460674825,0.10628103556460647,0.12058004460674825,,0.04052704764875001,0.04052704764875001,0.035074317386378166,0.017964240639831857,0.022288786698087565,0.047940237415499125,0.006148222361451844,0.010796549292168426,0.006148222361451844,,0.013842674960617805,0.013842674960617805,0.0017818044164072456,0.014801957681653948,0.014801957681653948,0.004877208458589045,0.053279847267921475,0.051301682461093616,0.053279847267921475,,0.01758548004436106,0.01758548004436106,0.058534697808151355,0.0020729382308286378,0.0020729382308286378,0.02765985779612318,0.06273209886916366,0.025893496689648545,0.06273209886916366,,0.012522050472550627,0.012522050472550627,0.011326307238815104,0.013761237207197042,0.021734499647592873,0.002178810452932189,0.07434585393025989,0.030355538072819134,0.07434585393025989,,0.03473553595914019,0.03473553595914019,0.03518374384478781,0.0638157371518353,0.036573457397373305,0.014474571500802069,0.7172399815090703,0.2847967154477,0.14407883367976332,0.10786496036542548,0.1036845699059252,0.7752304157886246,0.2949100573457696,0.1279471299166433,0.14747833583589695,0.13964162188605966,0.7227451432467838,0.2881617485716153,0.14727019401937713,0.16509196212825722,0.16458653105525767,0.1934619916644102,0.2351926311267377,0.1612542578075178,0.049322254232450624,0.1568776748426668,0.037698318405586295,0.07107712516410143,0.011101004962933913,0.004102841916305265
EX07__etf_return_5,0.2900596045223461,0.26802279564772286,0.009278328672254263,0.03706685271650993,0.2684594507366799,0.04298501133891674,0.4140113464225937,0.06981444531538558,0.10419019650869144,0.05394163844580014,0.08450619999897108,0.017808910969996445,0.03720622347611818,0.008621670529763007,0.4145349019742618,1.0,0.427883890333888,0.07574599042538756,0.4326494951399101,0.613307253843839,0.5660452685527505,0.504685885213402,0.499470793878228,0.22139313260592078,0.1307166599775743,0.12859687213824736,0.18939225863355766,0.027173123910133642,0.7467276889360502,0.4533030173460809,0.36291544520794145,0.4145349019742618,1.0,0.07574599042538756,0.4326494951399101,0.427883890333888,0.030488468132605577,0.3274397826295075,0.2900596045223461,0.5855549513673256,0.4326494951399101,0.24439556203699356,0.4145349019742618,1.0,0.427883890333888,0.07574599042538756,0.20803976553710682,0.391723737779701,0.04217678484788264,0.36367473733465894,0.44472596522309804,0.03454813535686942,0.1678219954230531,0.9971666036123795,0.42945267193247394,0.2920419273444728,0.050170167266410194,0.40978050181874576,1.0,0.04365944656474469,0.39993208151586757,0.16470774597391968,0.11704638835643053,0.40978050181874576,1.0,0.4230799775117969,0.04365944656474469,0.05509079693327022,0.4004949441038,0.9971666036123795,0.42945267193247394,0.2942847620314091,0.02792451314162153,0.40978050181874576,1.0,0.4230799775117969,0.04365944656474469,0.05509079693327022,0.4004949441038,0.9971666036123795,0.42945267193247394,0.40978050181874576,0.7093203502027409,1.0,0.6406805601434261,0.4230799775117969,0.32422073657065853,0.018923484164012502,0.036415987179469,0.12958004679551174,0.014130482342432414,0.029290277040389646,0.05509079693327022,0.3809003201961338,0.20229583767014794,0.36719238723387726,0.6994950709546502,0.4004949441038,0.09971955217323601,0.4343912218091675,0.20684749967484367,0.42062201382436476,0.3042922331239913,0.42062201382436476,,0.036415987179469,0.036415987179469,0.01725747025458924,0.14722268676183034,0.052818001714629886,0.16531395498925863,0.3180110812392767,0.20768515278141828,0.3180110812392767,,0.12958004679551174,0.12958004679551174,0.11473809719646312,0.07172458802111413,0.10752663643447014,0.18471664195419538,0.05509079693327022,0.05014694673397724,0.05509079693327022,,0.017164878185839626,0.017164878185839626,0.05944641711745718,0.056214424002549966,0.056214424002549966,0.03681643497427567,0.14330472770328573,0.13935219854171263,0.14330472770328573,,0.060787913051710385,0.060787913051710385,0.1568686983549242,0.032233940835187255,0.032233940835187255,0.0668438060806142,0.20684749967484367,0.024605870998443555,0.20684749967484367,,0.00010056137183407865,0.00010056137183407865,0.009282162908709073,0.10027298661294454,0.07258492631478972,0.028993538828348386,0.2497781893790656,0.0097058004927968,0.2497781893790656,,0.11385728535150769,0.11385728535150769,0.11871880330365549,0.17123317282684922,0.10425527121463006,0.048944285864222316,0.29916596161970316,0.6570099626201203,0.34910851204626575,0.2845946549894589,0.2577240789674492,0.3543572515827516,0.7294263760916363,0.30956298297274215,0.38544423056193833,0.36359165367656904,0.29204197772447277,0.6535475971224385,0.3252968081022081,0.3257082615619326,0.30021321067900203,0.5648145123018468,0.5415909948573954,0.09987211519871493,0.2671532066744806,0.11046010888585255,0.2942847620314091,0.13847688736187563,0.019664591928344417,0.02792451314162153
EX07__etf_return_20,0.16626927985187492,0.1590331307637717,0.025610673615700227,0.09060955013896944,0.16244726463218295,0.286733736682777,0.5446668818357102,0.05709763381495923,0.004674805093925569,0.010687356473119511,0.0015462844435375378,0.061138677634538896,0.1137712917463742,0.05390623644200973,0.20683657264573632,0.43473590474172513,0.2198435486208862,0.004130307632391331,0.4459144720999093,0.22856002879947301,0.19840702316011233,0.23412460853632325,0.5467493083640281,0.2110066680015239,0.2973991489543357,0.11802766592843633,0.006721371317113161,0.1729840032773183,0.36269062255875595,0.4477688260512324,0.19788754424640373,0.20683657264573632,0.43473590474172513,0.004130307632391331,0.4459144720999093,0.2198435486208862,0.03540518839767498,0.18561197635962814,0.16626927985187492,0.32840042395113334,0.4459144720999093,0.27564689782465357,0.20683657264573632,0.43473590474172513,0.2198435486208862,0.004130307632391331,0.062119364736228075,0.209618126548325,0.13084189434425159,0.21524307971771303,0.7187434433905227,0.2233119401510595,0.2910669753888687,0.436174905421818,0.9987357141755553,0.5422588739248545,0.028207466710982572,0.1895903482792747,0.4230799775117969,0.02089557255606956,0.45680233299605905,0.45300466567822945,0.25310063486288,0.1895903482792747,0.4230799775117969,1.0,0.02089557255606956,0.04138287405465405,0.39207958571185625,0.436174905421818,0.9987357141755553,0.025017490428293244,0.0916569212481149,0.1895903482792747,0.4230799775117969,1.0,0.02089557255606956,0.04138287405465405,0.39207958571185625,0.436174905421818,0.9987357141755553,0.1895903482792747,0.31259181263996677,0.4230799775117969,0.6447403788158976,1.0,0.588872703329804,0.08532323555789549,0.0049571901398200524,0.21198059621397616,0.14104024375303872,0.15977313286754719,0.04138287405465405,0.19236635085464676,0.05246081643085803,0.2039886727359994,0.8209644794762151,0.39207958571185625,0.04585047062845003,0.16908491944013418,0.5115747470778836,0.9995737064151434,0.7077494618302979,0.9995737064151434,,0.0049571901398200524,0.0049571901398200524,0.034949384616380204,0.38080734900530816,0.009702729945655655,0.2989212341514479,0.5810747085017695,0.36068386751561654,0.5810747085017695,,0.21198059621397616,0.21198059621397616,0.1967524592736338,0.17953508467712764,0.18592762950412015,0.33011458858401854,0.04138287405465405,0.062427251600332266,0.04138287405465405,,0.14799391855796987,0.14799391855796987,0.013855674826725476,0.05690711001974339,0.05690711001974339,0.014661042624798564,0.20132177174595894,0.19004146005555383,0.20132177174595894,,0.11223313646378831,0.11223313646378831,0.23491902909172255,0.08296141283167753,0.08296141283167753,0.11195302009287265,0.5115747470778836,0.2851020080561253,0.5115747470778836,,0.08009100602356096,0.08009100602356096,0.0929319462179048,0.12172261395131403,0.08086843083578696,0.03297316104400322,0.45063421208667515,0.015660297547137284,0.45063421208667515,,0.0777297419560667,0.0777297419560667,0.08264230363539679,0.1370079057033295,0.04703257832056856,0.18463627177458844,0.08849171513814472,0.22018879094990798,0.7100837091113317,0.2746284885407446,0.27543729092002783,0.1252384322325069,0.2841415635250179,0.7441896283893166,0.314661773826905,0.33954800938697727,0.09702532657123818,0.2611988861635841,0.6612917519350674,0.19531886411860463,0.19988038791334403,0.23455169488325844,0.2586638463069859,0.04188028260374394,0.009106024198294677,0.015281396182595405,0.025017490428293244,0.2517571226944437,0.04050293825844529,0.0916569212481149
EX07__etf_vol_20,0.05916692976123048,0.05535648406766107,0.032027191925030556,0.012228200446652916,0.0690946996935193,0.07722390105015464,0.07677894340302517,0.007682517075825208,0.10627349248038903,0.9156123431985501,0.08619985861365172,0.07472534044542158,0.8372878423588362,0.05673603848046039,0.012039048884986843,0.09171245151557064,0.0019727689109127573,0.8141651427716328,0.05465232361784086,0.18439524811962363,0.10194446275994384,0.12051568226664758,0.5016252466377891,0.12071450058993766,0.13796183437603654,0.022537858917823093,0.15659817204556187,0.05474507476816224,0.14987721623475728,0.20253362985144696,0.11024994473702826,0.012039048884986843,0.09171245151557064,0.8141651427716328,0.05465232361784086,0.0019727689109127573,0.0886780029084661,0.029953251797650526,0.05916692976123048,0.07702957622580277,0.05465232361784086,0.06231203355274488,0.012039048884986843,0.09171245151557064,0.0019727689109127573,0.8141651427716328,0.1192339309518064,0.014997986947836118,0.5587520539826869,0.07470940278007789,0.052840029116463766,0.49176149499825195,0.16445271679631188,0.035085100591116684,0.013664279953711965,0.1877264839779758,0.9915971914936339,0.0031662400703916485,0.04365944656474469,1.0,0.020296309075394488,0.04233854719612205,0.105392958478094,0.0031662400703916485,0.04365944656474469,0.02089557255606956,1.0,0.9290811453657013,0.015480021644720097,0.035085100591116684,0.013664279953711965,0.07584749576360664,0.03919397858171126,0.0031662400703916485,0.04365944656474469,0.02089557255606956,1.0,0.9290811453657013,0.015480021644720097,0.035085100591116684,0.013664279953711965,0.0031662400703916485,0.0464625230070597,0.04365944656474469,0.0345641669144769,0.02089557255606956,0.1885337628924354,0.5808794665973926,0.9985431608500351,0.64921519307692,0.5329210450300544,0.7011164456309089,0.9290811453657013,0.029227421567423927,0.1145336049475048,0.04370333327617326,0.06537057435742934,0.015480021644720097,0.023545820001640825,0.03645403847178723,0.026041331508525098,0.0005900994644324929,0.06312708107297901,0.0005900994644324929,,0.9985431608500351,0.9985431608500351,0.9940401833742102,0.7600427396124564,0.9028661141307217,0.8254745679806813,0.20375919334725068,0.5116831073099094,0.20375919334725068,,0.64921519307692,0.64921519307692,0.6566126977344728,0.5222205493368642,0.277992463502248,0.2968840326300943,0.9290811453657013,0.8068599531754626,0.9290811453657013,,0.8001781907994903,0.8001781907994903,0.9425486149303015,0.8554960442160819,0.8554960442160819,0.715594589548788,0.6906717172196815,0.6740624232076821,0.6906717172196815,,0.127373775031081,0.127373775031081,0.5992220807839516,0.21499396327297335,0.21499396327297335,0.6708172330418515,0.026041331508525098,0.247845492866632,0.026041331508525098,,0.5200445852928682,0.5200445852928682,0.5172805050021904,0.3585667008336201,0.38305657786450603,0.5859078680346305,0.18405062796052812,0.18067113522929154,0.18405062796052812,,0.6635962923137493,0.6635962923137493,0.6597148747745678,0.5221560153391822,0.6151041054156079,0.6019489019625868,0.016849622931196635,0.14944741613389653,0.30048457371422554,0.13961142995131265,0.16595328428995346,0.007363251608372093,0.09603329766421449,0.23395204770153108,0.1125292147331815,0.11143735934414817,0.017737149331983525,0.11563959285458875,0.235708193437634,0.09349554932101521,0.09665734139238706,0.006598013011156938,0.0645848771339277,0.027626589319352246,0.048168534781391395,0.04905252340884186,0.07584749576360664,0.22482656203588222,0.02921598171943984,0.03919397858171126
EX07__etf_range_20,0.04735285465101669,0.059296092393358285,0.015831636069362703,0.05514413384841353,0.05725252853780823,0.06748542513473846,0.04499513640363209,0.020309295475305095,0.0847228778263261,0.9188361671120292,0.06883847573502747,9.130992903812376e-05,0.8433612875803546,0.01885558934240476,0.012518487989704197,0.0829582664510368,0.0005203920526488565,0.9457984006417827,0.03911183911183911,0.23881962056360634,0.13387990357291615,0.1659047597605083,0.5200663086002124,0.13152631741009366,0.17500474724861878,0.06149071233287674,0.16159374931223452,0.04021731644592363,0.178270503530875,0.169323918806517,0.11951294674169162,0.012518487989704197,0.0829582664510368,0.9457984006417827,0.03911183911183911,0.0005203920526488565,0.053723822786228705,0.020214352989124808,0.04735285465101669,0.09440237240216977,0.03911183911183911,0.019485460162931283,0.012518487989704197,0.0829582664510368,0.0005203920526488565,0.9457984006417827,0.11644306808091366,0.010892407930875266,0.6533630056802168,0.09352996471315302,0.11164511456919239,0.4223023138771373,0.19591948314974877,0.044705943624492026,0.05646071614750936,0.2723792182372522,0.9456097161271275,0.006148222361451844,0.05509079693327022,0.9290811453657013,0.03802214145928045,0.0693535042078176,0.11014648059750543,0.006148222361451844,0.05509079693327022,0.04138287405465405,0.9290811453657013,1.0,0.02559535984082168,0.044705943624492026,0.05646071614750936,0.12176022694941879,0.04181418555455842,0.006148222361451844,0.05509079693327022,0.04138287405465405,0.9290811453657013,1.0,0.02559535984082168,0.044705943624492026,0.05646071614750936,0.006148222361451844,0.05738148561563881,0.05509079693327022,0.02936732343446063,0.04138287405465405,0.2541982128625445,0.5897450174161725,0.934939792606077,0.7140115617159902,0.6205948442843889,0.7971254354970002,1.0,0.014359485590873532,0.10999407443136876,0.0713963904415746,0.03985611189861078,0.02559535984082168,0.029321775347193095,0.043363049615384806,0.04149337954175907,0.06018837628996495,0.09379972492119842,0.06018837628996495,,0.934939792606077,0.934939792606077,0.9401825781232206,0.7583318406329483,0.8136564939469355,0.6961884716518707,0.26931436026094274,0.5538024026057234,0.26931436026094274,,0.7140115617159902,0.7140115617159902,0.7224796065781357,0.6331789770662625,0.2509007240367807,0.2364824308795474,1.0,0.9337884661342358,1.0,,0.7520458614455756,0.7520458614455756,0.97201513046657,0.8390356499365516,0.8390356499365516,0.8340463205136806,0.7837471122755273,0.7800832686019424,0.7837471122755273,,0.13732597695647103,0.13732597695647103,0.6827152968048431,0.22564929034202125,0.22564929034202125,0.775932785785743,0.04149337954175907,0.18727228447112074,0.04149337954175907,,0.5817946188501453,0.5817946188501453,0.5762408065776243,0.39128480619013606,0.442580517811922,0.6208248672179879,0.19776334985903923,0.25258755882948114,0.19776334985903923,,0.7630064801971926,0.7630064801971926,0.7588577505694941,0.6160973730891678,0.7105938706325127,0.7148217635172377,0.04361180694124135,0.20724995754699127,0.29151320542657955,0.20372626168116992,0.22859001787613653,0.025802364611984995,0.1527683674295133,0.20186168048868508,0.21571836451507512,0.20537900359615852,0.04864430828350358,0.1846753401006533,0.22341874422709126,0.1898659517750302,0.1871710441198696,0.04297068547641231,0.1184956730344257,0.03875457071120217,0.09603086306250228,0.057792098666170195,0.12176022694941879,0.22531204706738245,0.042580861362133036,0.04181418555455842
EX07__amount_activity_20,0.14180499272748923,0.10568271974294435,0.0280711067752476,0.06608453032563753,0.14109914255728026,0.28022577278406086,0.7937196366452195,0.0781425037063167,0.09124619469447055,0.014840187253980357,0.03138373483201069,0.0001762121437577827,0.0793331990086554,0.044227646154623844,0.13705689888852032,0.41647752000941635,0.14783714495630831,0.039392621421573217,0.9564137357240805,0.162575001970033,0.19621737585173774,0.11591046883568638,0.3117321635954866,0.3841674080214139,0.467643596856988,0.07501882463386589,0.1918770808708396,0.4206165931538781,0.27727502143595245,0.3543087476165284,0.055657241118355426,0.13705689888852032,0.41647752000941635,0.039392621421573217,0.9564137357240805,0.14783714495630831,0.07384158834633492,0.08012085658442586,0.14180499272748923,0.1738556520648358,0.9564137357240805,0.5054871891907436,0.13705689888852032,0.41647752000941635,0.14783714495630831,0.039392621421573217,0.0849474516700136,0.10589722470542419,0.21755320486492444,0.10072682931556505,0.40462109820396913,0.10286098942896733,0.17243952582182148,0.4066497206232184,0.38218744820417044,0.331418099699497,0.03159014769361909,0.14065948519299415,0.4004949441038,0.015480021644720097,0.7229715846465803,0.56210205843063,0.23376019277374252,0.14065948519299415,0.4004949441038,0.39207958571185625,0.015480021644720097,0.02559535984082168,1.0,0.4066497206232184,0.38218744820417044,0.035832937187487514,0.00824951932644131,0.14065948519299415,0.4004949441038,0.39207958571185625,0.015480021644720097,0.02559535984082168,1.0,0.4066497206232184,0.38218744820417044,0.14065948519299415,0.31691334925132797,0.4004949441038,0.471442017009121,0.39207958571185625,0.35830463155253567,0.07765491935617452,0.008873052655182227,0.18309700273243637,0.1889431208212423,0.07932946935414677,0.02559535984082168,0.11003805928277426,0.08603884929991369,0.09821717584475928,0.4913752951658567,1.0,0.4113300721291864,0.6752255558157765,0.6629514835854607,0.3895285595093804,0.1876788446135115,0.3895285595093804,,0.008873052655182227,0.008873052655182227,0.012451905843256226,0.17608856183855937,0.017103319675940486,0.11491661069884825,0.35303459995032027,0.074334977837699,0.35303459995032027,,0.18309700273243637,0.18309700273243637,0.17236834816257635,0.12588914384741878,0.18213561682778254,0.22100273148995137,0.02559535984082168,0.019262636992810583,0.02559535984082168,,0.0985191632414464,0.0985191632414464,0.012661627023440048,0.02794651099962152,0.02794651099962152,0.08800903339491054,0.15499824735394718,0.15098251544246832,0.15499824735394718,,0.040900953612253856,0.040900953612253856,0.1523293983472073,0.013026601977305652,0.013026601977305652,0.10556639133606059,0.6629514835854607,0.30323132450315304,0.6629514835854607,,0.06072573499282084,0.06072573499282084,0.07613654129844881,0.19669337270464682,0.08057974418790805,0.11508866225454271,0.5726794104122013,0.05437322079386482,0.5726794104122013,,0.1589002846823415,0.1589002846823415,0.16393061216625174,0.2362156221882479,0.1631328417833336,0.0626826583266605,0.04689201948811478,0.1782361072906608,0.27471175766773304,0.2663592689764949,0.25715151216490895,0.0679911236266225,0.23963148096476308,0.24349282314788,0.3199362570340007,0.30024069798404934,0.04913566992715662,0.16451105368669838,0.21295874040014,0.19826261027412806,0.1853615103744935,0.2174063763512651,0.12144032689173821,0.0077472552934148035,0.0033649277617311363,0.028292312620635394,0.035832937187487514,0.12256553499340322,0.05491533375163535,0.00824951932644131
EX07__index_return_5,0.2874789064468768,0.26862951520387657,0.009361950979493423,0.04509083430185743,0.26538799662885937,0.04296998765219781,0.4234418975396299,0.0747317389418287,0.10690466552535519,0.044405265094920265,0.08966413794000001,0.011374048899403869,0.02726340048855262,0.014558860907745289,0.41192604383021514,0.9972884701786399,0.42827937659251847,0.06678765186002868,0.4400969711314539,0.6168052658579615,0.5656156071641657,0.5028823592793378,0.5041768681628891,0.22541395872120254,0.1441607763678625,0.11550454158924522,0.185678343788054,0.0322625223407072,0.7485562323797418,0.4554559300666842,0.363909322534387,0.41192604383021514,0.9972884701786399,0.06678765186002868,0.4400969711314539,0.42827937659251847,0.02628653378284678,0.3298949672030854,0.2874789064468768,0.5944913053197324,0.4400969711314539,0.2519481223988852,0.41192604383021514,0.9972884701786399,0.42827937659251847,0.06678765186002868,0.2018495664408936,0.390566225546009,0.03895535519425961,0.3606249611947551,0.45170519281402377,0.03569532234213677,0.17231510114730522,1.0,0.4447844275133897,0.30215259688719176,0.03873777057995075,0.40385948918847936,0.9971666036123795,0.035085100591116684,0.4065579833143639,0.17416220275467098,0.11761620291100752,0.40385948918847936,0.9971666036123795,0.436174905421818,0.035085100591116684,0.044705943624492026,0.4066497206232184,1.0,0.4447844275133897,0.2935656764394114,0.03893119982431317,0.40385948918847936,0.9971666036123795,0.436174905421818,0.035085100591116684,0.044705943624492026,0.4066497206232184,1.0,0.4447844275133897,0.40385948918847936,0.7025822943320041,0.9971666036123795,0.6477374987487179,0.436174905421818,0.33284858149514407,0.017302692145924226,0.02740540441328501,0.124958704305573,0.01070062087940689,0.018953509496333683,0.044705943624492026,0.376426132226482,0.19875708384522617,0.3615294941392538,0.7085704484850919,0.4066497206232184,0.10064502361185687,0.42747982459313405,0.2211032040510212,0.43380194108116127,0.31293095186275516,0.43380194108116127,,0.02740540441328501,0.02740540441328501,0.00781580493569497,0.16152542557039185,0.04225247512467473,0.16125280993100602,0.32662203556228914,0.2150250394384573,0.32662203556228914,,0.124958704305573,0.124958704305573,0.10977863675215664,0.08424067351535719,0.10619617257665112,0.1866930879865312,0.044705943624492026,0.0401865726603239,0.044705943624492026,,0.0051006788690705265,0.0051006788690705265,0.049897873800596064,0.04548525310093666,0.04548525310093666,0.02838546978649521,0.1362740322976715,0.13239124971402128,0.1362740322976715,,0.060625415802690825,0.060625415802690825,0.15091414290752447,0.03047512481619135,0.03047512481619135,0.06037747049755775,0.2211032040510212,0.028097120532145563,0.2211032040510212,,0.004045006334419771,0.004045006334419771,0.005507152730832603,0.1005059079374951,0.0700659756331941,0.03712970017811486,0.262037455902133,0.0016781711779445512,0.262037455902133,,0.10907814284387277,0.10907814284387277,0.11406418193441924,0.17132327952017687,0.1012616853306646,0.05935950197034761,0.3044376832311397,0.6608076363349158,0.35866276164566097,0.2806776531712623,0.25400410625431563,0.35686906123878914,0.7339343093148866,0.32287535942432677,0.3827680423778583,0.3607436496163143,0.29522070237202463,0.6556508698518354,0.334492575351057,0.3213472439768811,0.29523155254887273,0.5618511887492854,0.533222361764837,0.09589103394468435,0.2676037345737022,0.10678958390436079,0.2935656764394114,0.14441431083920936,0.005856443872914728,0.03893119982431317
EX07__index_return_20,0.16542421711659158,0.15882144222885347,0.026883109298392646,0.09920855897196099,0.1613744384944765,0.28371973673794176,0.5434463380167628,0.0602579442418891,0.007398083260152226,0.018155818155818154,0.0007478145409179892,0.060148146355042904,0.1244766143346265,0.05194733997979434,0.2055141437314767,0.43176586354303337,0.22003032624157823,0.012776242701225984,0.4429811809122154,0.22318366979352447,0.19396092419473895,0.2281791909838425,0.5381254746042129,0.21146059873037748,0.29735884673931356,0.11987258681097157,0.009134742069248762,0.1763151091284671,0.3583610543102561,0.44548454435864215,0.19457653552089854,0.2055141437314767,0.43176586354303337,0.012776242701225984,0.4429811809122154,0.22003032624157823,0.032382501816954325,0.18593931170563385,0.16542421711659158,0.33418851527057,0.4429811809122154,0.2770949059596351,0.2055141437314767,0.43176586354303337,0.22003032624157823,0.012776242701225984,0.0585217944436379,0.2094660221043238,0.13460071011222322,0.21191155397348924,0.704663875724805,0.23703051969023625,0.25891790229757805,0.4447844275133897,1.0,0.5345368949022545,0.00574971398542831,0.18856011174736323,0.42945267193247394,0.013664279953711965,0.4530662923763335,0.45279911168693887,0.25187232523123076,0.18856011174736323,0.42945267193247394,0.9987357141755553,0.013664279953711965,0.05646071614750936,0.38218744820417044,0.4447844275133897,1.0,0.03499789447837484,0.049563111575653296,0.18856011174736323,0.42945267193247394,0.9987357141755553,0.013664279953711965,0.05646071614750936,0.38218744820417044,0.4447844275133897,1.0,0.18856011174736323,0.30819959576374084,0.42945267193247394,0.6594180933711032,0.9987357141755553,0.5934359707337115,0.11613203587828419,0.012176481866133996,0.20519238311476176,0.17956232241693101,0.2027836737130131,0.05646071614750936,0.18294692042012187,0.058254719503864044,0.19203083918226854,0.8189781083652469,0.38218744820417044,0.04064356815379078,0.13723831016376203,0.5121475131459389,0.9985187254028477,0.7036845920254806,0.9985187254028477,,0.012176481866133996,0.012176481866133996,0.04164341982154826,0.38618733267763844,0.016179068562699295,0.2897178512721332,0.5857069265686178,0.36264433269831897,0.5857069265686178,,0.20519238311476176,0.20519238311476176,0.18974456919847832,0.191500643745351,0.18414590645537632,0.3283720743442398,0.05646071614750936,0.07449775508064617,0.05646071614750936,,0.16190437577211325,0.16190437577211325,0.03005903756296052,0.07274290758178761,0.07274290758178761,0.024589391621852173,0.19214805999683388,0.1802485840244356,0.19214805999683388,,0.10813629781030279,0.10813629781030279,0.2269236423990822,0.07598963705231135,0.07598963705231135,0.10263809486060974,0.5121475131459389,0.2793572061130784,0.5121475131459389,,0.07235767125986733,0.07235767125986733,0.08504309594683378,0.1152486906698169,0.07318797239053744,0.03882404656505588,0.4581523572497368,0.024548646982681856,0.4581523572497368,,0.06930687801624809,0.06930687801624809,0.07428400191072783,0.13140104851754109,0.040555023216767974,0.19751966787230657,0.10861378922583304,0.24491224455164723,0.709045958612147,0.2939680445674435,0.3006047360728694,0.1360804742954423,0.30212024185532943,0.7509262727550691,0.33250630874246645,0.36117433321264547,0.1038050103966199,0.27750050634158624,0.6693095807648065,0.21845237769406958,0.22818371558538952,0.22617105665473602,0.26009965740810975,0.03647229203780948,0.019927677189323693,0.012330790937147701,0.03499789447837484,0.2253449487290347,0.05436834477317406,0.049563111575653296
EX08__us_tech_5,0.0012189975655451557,0.006986550452958371,0.038973238066353715,0.030319328680694264,0.0018994177904872926,0.19832965173904146,0.014801992828991695,0.03886317679278517,0.06511064496327719,0.07280549128017988,0.05171165883931728,0.022680561921250602,0.12142963302468257,0.01089249718550053,0.05839499582332663,0.3017312864112324,0.05597000139048294,0.15423693478363001,0.02339178769909757,0.43243953020563636,0.26254250348559477,0.4591859191934556,0.282824297813703,0.09066995306503692,0.09332719523009295,0.08265385441682147,0.02085988834891583,0.042760982023469084,0.30003933990307724,0.03169875495526834,0.11754175084119475,0.05839499582332663,0.3017312864112324,0.15423693478363001,0.02339178769909757,0.05597000139048294,0.08164429172546249,0.0072427971373556915,0.0012189975655451557,0.07139427675345623,0.02339178769909757,0.048355949277911765,0.05839499582332663,0.3017312864112324,0.05597000139048294,0.15423693478363001,0.19893030283685104,0.004166001954844502,0.22077822896694654,0.021991915598157333,0.05254789711311686,0.08821187451639169,0.09552708231693631,0.2935656764394114,0.03499789447837484,0.02880371181762845,0.06893804292449465,0.037698318405586295,0.2942847620314091,0.07584749576360664,0.03221632894622117,0.09346105695050534,0.04381103452349586,0.037698318405586295,0.2942847620314091,0.025017490428293244,0.07584749576360664,0.12176022694941879,0.035832937187487514,0.2935656764394114,0.03499789447837484,1.0,0.050388085869295406,0.037698318405586295,0.2942847620314091,0.025017490428293244,0.07584749576360664,0.12176022694941879,0.035832937187487514,0.2935656764394114,0.03499789447837484,0.037698318405586295,0.2156430887963424,0.2942847620314091,0.19367435276394962,0.025017490428293244,0.03327857793908585,0.21128352676935025,0.07916336529993254,0.00867952384915358,0.1911556161884235,0.21787050618225606,0.12176022694941879,0.008269852175985082,0.16694882126845947,0.015225465054482412,0.18199494354338971,0.035832937187487514,0.06553945000972124,0.14851783637372626,0.053316344977368695,0.024592740523964967,0.00037181759880750974,0.024592740523964967,,0.07916336529993254,0.07916336529993254,0.08604913362481291,0.024378647901202418,0.07624109816951745,0.07147274935880558,0.03525710560434037,0.016276853064180623,0.03525710560434037,,0.00867952384915358,0.00867952384915358,0.005804514945472777,0.07674496985687763,0.03400763524686143,0.027287666373195355,0.12176022694941879,0.12689967275018998,0.12176022694941879,,0.08210379788547084,0.08210379788547084,0.11026519421457635,0.1211043492806657,0.1211043492806657,0.09330547769304426,0.04160339101669224,0.06225335151967504,0.04160339101669224,,0.015625085351839964,0.015625085351839964,0.029498666199583988,0.009004268785145535,0.009004268785145535,0.02192327704988094,0.053316344977368695,0.0266423049535845,0.053316344977368695,,0.054321626353326116,0.054321626353326116,0.0518330795067936,0.02851872033432917,0.0453377324144601,0.09590214434493495,0.03896007489056888,0.0582100479851367,0.03896007489056888,,0.03542498205366985,0.03542498205366985,0.03174329167981791,0.003134808317140016,0.0161757911564614,0.06110876043657637,0.06943822649782883,0.41305310019979224,0.21668187972839842,0.21184714655878842,0.19293366805328896,0.05330996992838506,0.3893473606299424,0.1387250392072866,0.26422624914911186,0.2587363507654561,0.10617366506606128,0.46853867806089144,0.2114064434826936,0.2909709680434042,0.26148301057141987,0.23258448185597352,0.4230175252907292,0.36884051774924614,0.9568846869672657,0.38484268208761474,1.0,0.11736831559813313,0.0040594114551062484,0.050388085869295406
EX08__shibor_change_5,0.08093977067464538,0.05294548881109559,0.02715372827005962,0.013276924865143704,0.07381741720479135,0.012451903332162721,0.01594192692574372,0.005369218214140032,0.12042894033668004,0.09230420396397256,0.07729265898685844,0.06511953114577386,0.0791259784002431,0.06921886624477787,0.02014370360703235,0.03422444810777229,0.019976772191472227,0.07859690467402097,0.030796579603677036,0.006119807099563117,0.13136320130528353,0.11921099569057651,0.1397001600998653,0.034713055485328784,0.0011806337405210166,0.06771897905504473,0.08198922861446324,0.011373702649085226,0.007629879262597008,0.08689738257124824,0.005396884872082315,0.02014370360703235,0.03422444810777229,0.07859690467402097,0.030796579603677036,0.019976772191472227,0.027760089090560228,0.006465643692280179,0.08093977067464538,0.0013296236829548143,0.030796579603677036,0.030981551478764538,0.02014370360703235,0.03422444810777229,0.019976772191472227,0.07859690467402097,0.04120243332219083,0.00937223668227764,0.09629273617183237,0.04820910627526338,0.039234523290833205,0.1087311511133453,0.10141324894018688,0.03893119982431317,0.049563111575653296,0.046751809435122735,0.02307370403370211,0.004102841916305265,0.02792451314162153,0.03919397858171126,0.015726925782551786,0.02774600250755504,0.0626564970279239,0.004102841916305265,0.02792451314162153,0.0916569212481149,0.03919397858171126,0.04181418555455842,0.00824951932644131,0.03893119982431317,0.049563111575653296,0.050388085869295406,1.0,0.004102841916305265,0.02792451314162153,0.0916569212481149,0.03919397858171126,0.04181418555455842,0.00824951932644131,0.03893119982431317,0.049563111575653296,0.004102841916305265,0.022097686667455978,0.02792451314162153,0.022479484791913626,0.0916569212481149,0.024409918049786237,0.09952773208464884,0.04000590230617621,0.0029428424239626707,0.06504692862264827,0.06911064285702721,0.04181418555455842,0.023409996415451044,0.02038370904729104,0.03780482778638946,0.06745537339271912,0.00824951932644131,0.031239056105489715,0.09226234983751218,0.10283390465007755,0.0911045756660955,0.09307060593027232,0.0911045756660955,,0.04000590230617621,0.04000590230617621,0.044578073349140684,0.05296831690065111,0.044417227558800246,0.01769973306933514,0.026260464795643826,0.02319012097338462,0.026260464795643826,,0.0029428424239626707,0.0029428424239626707,0.0002748713946340725,0.056807158277438735,0.17102816224395884,0.08640777075978555,0.04181418555455842,0.06289683984182855,0.04181418555455842,,0.05321952771409737,0.05321952771409737,0.029542560632715174,0.0654195618637531,0.0654195618637531,0.06312825958130686,0.03802842128094609,0.05240923684644586,0.03802842128094609,,0.12807945380874464,0.12807945380874464,0.022017025690103418,0.12184393319024986,0.12184393319024986,0.05772130327939757,0.10283390465007755,0.07106060973172325,0.10283390465007755,,0.06343116779629904,0.06343116779629904,0.06421865530353578,0.10551157934052062,0.07090510517243495,0.019547828550340134,0.04639905187986893,0.021429114801453878,0.04639905187986893,,0.10349090979402129,0.10349090979402129,0.10547684296646692,0.1094363977309911,0.0981132793012232,0.028773557554130115,0.021058983931912956,0.0004877830866756207,0.04440018664631403,0.046419647725999734,0.0473892510199347,0.02125443929900873,0.06625731665091365,0.039918105243767495,0.05975939099717981,0.0753287135333781,0.009756785882910565,0.08094770098594083,0.05355310879817477,0.07403398668307377,0.061723133367565894,0.11406611977666234,0.1293813356728179,0.064365402139546,0.05742174477548164,0.05542457039862572,0.050388085869295406,0.3196110151169266,0.29763515948597175,1.0
EX08__etf_return_1,0.5334787588140093,0.516664777635015,0.1022800470449898,0.015930826793965937,0.5345022839244358,0.054962784791398996,0.080800733268927,0.02692339178582126,0.06371362748783332,0.0027726096116227287,0.06230226384980051,0.04041161681019206,0.00267096864805207,0.04163879216298394,1.0,0.41102777368435883,0.9917425329365834,0.01973161104317853,0.14816709211803855,0.2687672826377294,0.21364571350199452,0.23447191546981877,0.27644882956415884,0.010090994162484974,0.03715637902403038,0.06242044461293286,0.007342371848032234,0.4813796275667247,0.3185894888005513,0.20090894258906702,0.7885332808316003,1.0,0.41102777368435883,0.01973161104317853,0.14816709211803855,0.9917425329365834,0.12414607661635454,0.7292734335332706,0.5334787588140093,0.3040466275410851,0.14816709211803855,0.02515584669242712,1.0,0.41102777368435883,0.9917425329365834,0.01973161104317853,0.38305712888708504,0.9006253948772397,0.005186485211450852,0.7806156111288789,0.2173176787123733,0.015977011073592187,0.0594158260105323,0.40385948918847936,0.18856011174736323,0.11098074452455475,0.017419891646225615,1.0,0.40978050181874576,0.0031662400703916485,0.06191009484037381,0.008410754687905576,0.08339811313977875,1.0,0.40978050181874576,0.1895903482792747,0.0031662400703916485,0.006148222361451844,0.14065948519299415,0.40385948918847936,0.18856011174736323,0.037698318405586295,0.004102841916305265,1.0,0.40978050181874576,0.1895903482792747,0.0031662400703916485,0.006148222361451844,0.14065948519299415,0.40385948918847936,0.18856011174736323,1.0,0.48372020289473244,0.40978050181874576,0.2914582000997858,0.1895903482792747,0.12372569632679148,0.027643126581126554,0.004404828604702559,0.04052704764875001,0.02289756779227202,0.002350991280888354,0.006148222361451844,0.899306311484767,0.3497045305410879,0.7809831298007416,0.3337099059408379,0.14065948519299415,0.18383411731996693,0.12971213719871408,0.06273209886916366,0.18798394976941346,0.18663305437372876,0.18798394976941346,,0.004404828604702559,0.004404828604702559,0.010315268713753599,0.040271196255709504,0.017418945465347134,0.037936993052771234,0.12058004460674825,0.10628103556460647,0.12058004460674825,,0.04052704764875001,0.04052704764875001,0.035074317386378166,0.017964240639831857,0.022288786698087565,0.047940237415499125,0.006148222361451844,0.010796549292168426,0.006148222361451844,,0.013842674960617805,0.013842674960617805,0.0017818044164072456,0.014801957681653948,0.014801957681653948,0.004877208458589045,0.053279847267921475,0.051301682461093616,0.053279847267921475,,0.01758548004436106,0.01758548004436106,0.058534697808151355,0.0020729382308286378,0.0020729382308286378,0.02765985779612318,0.06273209886916366,0.025893496689648545,0.06273209886916366,,0.012522050472550627,0.012522050472550627,0.011326307238815104,0.013761237207197042,0.021734499647592873,0.002178810452932189,0.07434585393025989,0.030355538072819134,0.07434585393025989,,0.03473553595914019,0.03473553595914019,0.03518374384478781,0.0638157371518353,0.036573457397373305,0.014474571500802069,0.7172399815090703,0.2847967154477,0.14407883367976332,0.10786496036542548,0.1036845699059252,0.7752304157886246,0.2949100573457696,0.1279471299166433,0.14747833583589695,0.13964162188605966,0.7227451432467838,0.2881617485716153,0.14727019401937713,0.16509196212825722,0.16458653105525767,0.1934619916644102,0.2351926311267377,0.1612542578075178,0.049322254232450624,0.1568776748426668,0.037698318405586295,0.07107712516410143,0.011101004962933913,0.004102841916305265
EX08__etf_return_5,0.2900596045223461,0.26802279564772286,0.009278328672254263,0.03706685271650993,0.2684594507366799,0.04298501133891674,0.4140113464225937,0.06981444531538558,0.10419019650869144,0.05394163844580014,0.08450619999897108,0.017808910969996445,0.03720622347611818,0.008621670529763007,0.4145349019742618,1.0,0.427883890333888,0.07574599042538756,0.4326494951399101,0.613307253843839,0.5660452685527505,0.504685885213402,0.499470793878228,0.22139313260592078,0.1307166599775743,0.12859687213824736,0.18939225863355766,0.027173123910133642,0.7467276889360502,0.4533030173460809,0.36291544520794145,0.4145349019742618,1.0,0.07574599042538756,0.4326494951399101,0.427883890333888,0.030488468132605577,0.3274397826295075,0.2900596045223461,0.5855549513673256,0.4326494951399101,0.24439556203699356,0.4145349019742618,1.0,0.427883890333888,0.07574599042538756,0.20803976553710682,0.391723737779701,0.04217678484788264,0.36367473733465894,0.44472596522309804,0.03454813535686942,0.1678219954230531,0.9971666036123795,0.42945267193247394,0.2920419273444728,0.050170167266410194,0.40978050181874576,1.0,0.04365944656474469,0.39993208151586757,0.16470774597391968,0.11704638835643053,0.40978050181874576,1.0,0.4230799775117969,0.04365944656474469,0.05509079693327022,0.4004949441038,0.9971666036123795,0.42945267193247394,0.2942847620314091,0.02792451314162153,0.40978050181874576,1.0,0.4230799775117969,0.04365944656474469,0.05509079693327022,0.4004949441038,0.9971666036123795,0.42945267193247394,0.40978050181874576,0.7093203502027409,1.0,0.6406805601434261,0.4230799775117969,0.32422073657065853,0.018923484164012502,0.036415987179469,0.12958004679551174,0.014130482342432414,0.029290277040389646,0.05509079693327022,0.3809003201961338,0.20229583767014794,0.36719238723387726,0.6994950709546502,0.4004949441038,0.09971955217323601,0.4343912218091675,0.20684749967484367,0.42062201382436476,0.3042922331239913,0.42062201382436476,,0.036415987179469,0.036415987179469,0.01725747025458924,0.14722268676183034,0.052818001714629886,0.16531395498925863,0.3180110812392767,0.20768515278141828,0.3180110812392767,,0.12958004679551174,0.12958004679551174,0.11473809719646312,0.07172458802111413,0.10752663643447014,0.18471664195419538,0.05509079693327022,0.05014694673397724,0.05509079693327022,,0.017164878185839626,0.017164878185839626,0.05944641711745718,0.056214424002549966,0.056214424002549966,0.03681643497427567,0.14330472770328573,0.13935219854171263,0.14330472770328573,,0.060787913051710385,0.060787913051710385,0.1568686983549242,0.032233940835187255,0.032233940835187255,0.0668438060806142,0.20684749967484367,0.024605870998443555,0.20684749967484367,,0.00010056137183407865,0.00010056137183407865,0.009282162908709073,0.10027298661294454,0.07258492631478972,0.028993538828348386,0.2497781893790656,0.0097058004927968,0.2497781893790656,,0.11385728535150769,0.11385728535150769,0.11871880330365549,0.17123317282684922,0.10425527121463006,0.048944285864222316,0.29916596161970316,0.6570099626201203,0.34910851204626575,0.2845946549894589,0.2577240789674492,0.3543572515827516,0.7294263760916363,0.30956298297274215,0.38544423056193833,0.36359165367656904,0.29204197772447277,0.6535475971224385,0.3252968081022081,0.3257082615619326,0.30021321067900203,0.5648145123018468,0.5415909948573954,0.09987211519871493,0.2671532066744806,0.11046010888585255,0.2942847620314091,0.13847688736187563,0.019664591928344417,0.02792451314162153
EX08__etf_return_20,0.16626927985187492,0.1590331307637717,0.025610673615700227,0.09060955013896944,0.16244726463218295,0.286733736682777,0.5446668818357102,0.05709763381495923,0.004674805093925569,0.010687356473119511,0.0015462844435375378,0.061138677634538896,0.1137712917463742,0.05390623644200973,0.20683657264573632,0.43473590474172513,0.2198435486208862,0.004130307632391331,0.4459144720999093,0.22856002879947301,0.19840702316011233,0.23412460853632325,0.5467493083640281,0.2110066680015239,0.2973991489543357,0.11802766592843633,0.006721371317113161,0.1729840032773183,0.36269062255875595,0.4477688260512324,0.19788754424640373,0.20683657264573632,0.43473590474172513,0.004130307632391331,0.4459144720999093,0.2198435486208862,0.03540518839767498,0.18561197635962814,0.16626927985187492,0.32840042395113334,0.4459144720999093,0.27564689782465357,0.20683657264573632,0.43473590474172513,0.2198435486208862,0.004130307632391331,0.062119364736228075,0.209618126548325,0.13084189434425159,0.21524307971771303,0.7187434433905227,0.2233119401510595,0.2910669753888687,0.436174905421818,0.9987357141755553,0.5422588739248545,0.028207466710982572,0.1895903482792747,0.4230799775117969,0.02089557255606956,0.45680233299605905,0.45300466567822945,0.25310063486288,0.1895903482792747,0.4230799775117969,1.0,0.02089557255606956,0.04138287405465405,0.39207958571185625,0.436174905421818,0.9987357141755553,0.025017490428293244,0.0916569212481149,0.1895903482792747,0.4230799775117969,1.0,0.02089557255606956,0.04138287405465405,0.39207958571185625,0.436174905421818,0.9987357141755553,0.1895903482792747,0.31259181263996677,0.4230799775117969,0.6447403788158976,1.0,0.588872703329804,0.08532323555789549,0.0049571901398200524,0.21198059621397616,0.14104024375303872,0.15977313286754719,0.04138287405465405,0.19236635085464676,0.05246081643085803,0.2039886727359994,0.8209644794762151,0.39207958571185625,0.04585047062845003,0.16908491944013418,0.5115747470778836,0.9995737064151434,0.7077494618302979,0.9995737064151434,,0.0049571901398200524,0.0049571901398200524,0.034949384616380204,0.38080734900530816,0.009702729945655655,0.2989212341514479,0.5810747085017695,0.36068386751561654,0.5810747085017695,,0.21198059621397616,0.21198059621397616,0.1967524592736338,0.17953508467712764,0.18592762950412015,0.33011458858401854,0.04138287405465405,0.062427251600332266,0.04138287405465405,,0.14799391855796987,0.14799391855796987,0.013855674826725476,0.05690711001974339,0.05690711001974339,0.014661042624798564,0.20132177174595894,0.19004146005555383,0.20132177174595894,,0.11223313646378831,0.11223313646378831,0.23491902909172255,0.08296141283167753,0.08296141283167753,0.11195302009287265,0.5115747470778836,0.2851020080561253,0.5115747470778836,,0.08009100602356096,0.08009100602356096,0.0929319462179048,0.12172261395131403,0.08086843083578696,0.03297316104400322,0.45063421208667515,0.015660297547137284,0.45063421208667515,,0.0777297419560667,0.0777297419560667,0.08264230363539679,0.1370079057033295,0.04703257832056856,0.18463627177458844,0.08849171513814472,0.22018879094990798,0.7100837091113317,0.2746284885407446,0.27543729092002783,0.1252384322325069,0.2841415635250179,0.7441896283893166,0.314661773826905,0.33954800938697727,0.09702532657123818,0.2611988861635841,0.6612917519350674,0.19531886411860463,0.19988038791334403,0.23455169488325844,0.2586638463069859,0.04188028260374394,0.009106024198294677,0.015281396182595405,0.025017490428293244,0.2517571226944437,0.04050293825844529,0.0916569212481149
EX08__etf_vol_20,0.05916692976123048,0.05535648406766107,0.032027191925030556,0.012228200446652916,0.0690946996935193,0.07722390105015464,0.07677894340302517,0.007682517075825208,0.10627349248038903,0.9156123431985501,0.08619985861365172,0.07472534044542158,0.8372878423588362,0.05673603848046039,0.012039048884986843,0.09171245151557064,0.0019727689109127573,0.8141651427716328,0.05465232361784086,0.18439524811962363,0.10194446275994384,0.12051568226664758,0.5016252466377891,0.12071450058993766,0.13796183437603654,0.022537858917823093,0.15659817204556187,0.05474507476816224,0.14987721623475728,0.20253362985144696,0.11024994473702826,0.012039048884986843,0.09171245151557064,0.8141651427716328,0.05465232361784086,0.0019727689109127573,0.0886780029084661,0.029953251797650526,0.05916692976123048,0.07702957622580277,0.05465232361784086,0.06231203355274488,0.012039048884986843,0.09171245151557064,0.0019727689109127573,0.8141651427716328,0.1192339309518064,0.014997986947836118,0.5587520539826869,0.07470940278007789,0.052840029116463766,0.49176149499825195,0.16445271679631188,0.035085100591116684,0.013664279953711965,0.1877264839779758,0.9915971914936339,0.0031662400703916485,0.04365944656474469,1.0,0.020296309075394488,0.04233854719612205,0.105392958478094,0.0031662400703916485,0.04365944656474469,0.02089557255606956,1.0,0.9290811453657013,0.015480021644720097,0.035085100591116684,0.013664279953711965,0.07584749576360664,0.03919397858171126,0.0031662400703916485,0.04365944656474469,0.02089557255606956,1.0,0.9290811453657013,0.015480021644720097,0.035085100591116684,0.013664279953711965,0.0031662400703916485,0.0464625230070597,0.04365944656474469,0.0345641669144769,0.02089557255606956,0.1885337628924354,0.5808794665973926,0.9985431608500351,0.64921519307692,0.5329210450300544,0.7011164456309089,0.9290811453657013,0.029227421567423927,0.1145336049475048,0.04370333327617326,0.06537057435742934,0.015480021644720097,0.023545820001640825,0.03645403847178723,0.026041331508525098,0.0005900994644324929,0.06312708107297901,0.0005900994644324929,,0.9985431608500351,0.9985431608500351,0.9940401833742102,0.7600427396124564,0.9028661141307217,0.8254745679806813,0.20375919334725068,0.5116831073099094,0.20375919334725068,,0.64921519307692,0.64921519307692,0.6566126977344728,0.5222205493368642,0.277992463502248,0.2968840326300943,0.9290811453657013,0.8068599531754626,0.9290811453657013,,0.8001781907994903,0.8001781907994903,0.9425486149303015,0.8554960442160819,0.8554960442160819,0.715594589548788,0.6906717172196815,0.6740624232076821,0.6906717172196815,,0.127373775031081,0.127373775031081,0.5992220807839516,0.21499396327297335,0.21499396327297335,0.6708172330418515,0.026041331508525098,0.247845492866632,0.026041331508525098,,0.5200445852928682,0.5200445852928682,0.5172805050021904,0.3585667008336201,0.38305657786450603,0.5859078680346305,0.18405062796052812,0.18067113522929154,0.18405062796052812,,0.6635962923137493,0.6635962923137493,0.6597148747745678,0.5221560153391822,0.6151041054156079,0.6019489019625868,0.016849622931196635,0.14944741613389653,0.30048457371422554,0.13961142995131265,0.16595328428995346,0.007363251608372093,0.09603329766421449,0.23395204770153108,0.1125292147331815,0.11143735934414817,0.017737149331983525,0.11563959285458875,0.235708193437634,0.09349554932101521,0.09665734139238706,0.006598013011156938,0.0645848771339277,0.027626589319352246,0.048168534781391395,0.04905252340884186,0.07584749576360664,0.22482656203588222,0.02921598171943984,0.03919397858171126
EX08__etf_range_20,0.04735285465101669,0.059296092393358285,0.015831636069362703,0.05514413384841353,0.05725252853780823,0.06748542513473846,0.04499513640363209,0.020309295475305095,0.0847228778263261,0.9188361671120292,0.06883847573502747,9.130992903812376e-05,0.8433612875803546,0.01885558934240476,0.012518487989704197,0.0829582664510368,0.0005203920526488565,0.9457984006417827,0.03911183911183911,0.23881962056360634,0.13387990357291615,0.1659047597605083,0.5200663086002124,0.13152631741009366,0.17500474724861878,0.06149071233287674,0.16159374931223452,0.04021731644592363,0.178270503530875,0.169323918806517,0.11951294674169162,0.012518487989704197,0.0829582664510368,0.9457984006417827,0.03911183911183911,0.0005203920526488565,0.053723822786228705,0.020214352989124808,0.04735285465101669,0.09440237240216977,0.03911183911183911,0.019485460162931283,0.012518487989704197,0.0829582664510368,0.0005203920526488565,0.9457984006417827,0.11644306808091366,0.010892407930875266,0.6533630056802168,0.09352996471315302,0.11164511456919239,0.4223023138771373,0.19591948314974877,0.044705943624492026,0.05646071614750936,0.2723792182372522,0.9456097161271275,0.006148222361451844,0.05509079693327022,0.9290811453657013,0.03802214145928045,0.0693535042078176,0.11014648059750543,0.006148222361451844,0.05509079693327022,0.04138287405465405,0.9290811453657013,1.0,0.02559535984082168,0.044705943624492026,0.05646071614750936,0.12176022694941879,0.04181418555455842,0.006148222361451844,0.05509079693327022,0.04138287405465405,0.9290811453657013,1.0,0.02559535984082168,0.044705943624492026,0.05646071614750936,0.006148222361451844,0.05738148561563881,0.05509079693327022,0.02936732343446063,0.04138287405465405,0.2541982128625445,0.5897450174161725,0.934939792606077,0.7140115617159902,0.6205948442843889,0.7971254354970002,1.0,0.014359485590873532,0.10999407443136876,0.0713963904415746,0.03985611189861078,0.02559535984082168,0.029321775347193095,0.043363049615384806,0.04149337954175907,0.06018837628996495,0.09379972492119842,0.06018837628996495,,0.934939792606077,0.934939792606077,0.9401825781232206,0.7583318406329483,0.8136564939469355,0.6961884716518707,0.26931436026094274,0.5538024026057234,0.26931436026094274,,0.7140115617159902,0.7140115617159902,0.7224796065781357,0.6331789770662625,0.2509007240367807,0.2364824308795474,1.0,0.9337884661342358,1.0,,0.7520458614455756,0.7520458614455756,0.97201513046657,0.8390356499365516,0.8390356499365516,0.8340463205136806,0.7837471122755273,0.7800832686019424,0.7837471122755273,,0.13732597695647103,0.13732597695647103,0.6827152968048431,0.22564929034202125,0.22564929034202125,0.775932785785743,0.04149337954175907,0.18727228447112074,0.04149337954175907,,0.5817946188501453,0.5817946188501453,0.5762408065776243,0.39128480619013606,0.442580517811922,0.6208248672179879,0.19776334985903923,0.25258755882948114,0.19776334985903923,,0.7630064801971926,0.7630064801971926,0.7588577505694941,0.6160973730891678,0.7105938706325127,0.7148217635172377,0.04361180694124135,0.20724995754699127,0.29151320542657955,0.20372626168116992,0.22859001787613653,0.025802364611984995,0.1527683674295133,0.20186168048868508,0.21571836451507512,0.20537900359615852,0.04864430828350358,0.1846753401006533,0.22341874422709126,0.1898659517750302,0.1871710441198696,0.04297068547641231,0.1184956730344257,0.03875457071120217,0.09603086306250228,0.057792098666170195,0.12176022694941879,0.22531204706738245,0.042580861362133036,0.04181418555455842
EX08__amount_activity_20,0.14180499272748923,0.10568271974294435,0.0280711067752476,0.06608453032563753,0.14109914255728026,0.28022577278406086,0.7937196366452195,0.0781425037063167,0.09124619469447055,0.014840187253980357,0.03138373483201069,0.0001762121437577827,0.0793331990086554,0.044227646154623844,0.13705689888852032,0.41647752000941635,0.14783714495630831,0.039392621421573217,0.9564137357240805,0.162575001970033,0.19621737585173774,0.11591046883568638,0.3117321635954866,0.3841674080214139,0.467643596856988,0.07501882463386589,0.1918770808708396,0.4206165931538781,0.27727502143595245,0.3543087476165284,0.055657241118355426,0.13705689888852032,0.41647752000941635,0.039392621421573217,0.9564137357240805,0.14783714495630831,0.07384158834633492,0.08012085658442586,0.14180499272748923,0.1738556520648358,0.9564137357240805,0.5054871891907436,0.13705689888852032,0.41647752000941635,0.14783714495630831,0.039392621421573217,0.0849474516700136,0.10589722470542419,0.21755320486492444,0.10072682931556505,0.40462109820396913,0.10286098942896733,0.17243952582182148,0.4066497206232184,0.38218744820417044,0.331418099699497,0.03159014769361909,0.14065948519299415,0.4004949441038,0.015480021644720097,0.7229715846465803,0.56210205843063,0.23376019277374252,0.14065948519299415,0.4004949441038,0.39207958571185625,0.015480021644720097,0.02559535984082168,1.0,0.4066497206232184,0.38218744820417044,0.035832937187487514,0.00824951932644131,0.14065948519299415,0.4004949441038,0.39207958571185625,0.015480021644720097,0.02559535984082168,1.0,0.4066497206232184,0.38218744820417044,0.14065948519299415,0.31691334925132797,0.4004949441038,0.471442017009121,0.39207958571185625,0.35830463155253567,0.07765491935617452,0.008873052655182227,0.18309700273243637,0.1889431208212423,0.07932946935414677,0.02559535984082168,0.11003805928277426,0.08603884929991369,0.09821717584475928,0.4913752951658567,1.0,0.4113300721291864,0.6752255558157765,0.6629514835854607,0.3895285595093804,0.1876788446135115,0.3895285595093804,,0.008873052655182227,0.008873052655182227,0.012451905843256226,0.17608856183855937,0.017103319675940486,0.11491661069884825,0.35303459995032027,0.074334977837699,0.35303459995032027,,0.18309700273243637,0.18309700273243637,0.17236834816257635,0.12588914384741878,0.18213561682778254,0.22100273148995137,0.02559535984082168,0.019262636992810583,0.02559535984082168,,0.0985191632414464,0.0985191632414464,0.012661627023440048,0.02794651099962152,0.02794651099962152,0.08800903339491054,0.15499824735394718,0.15098251544246832,0.15499824735394718,,0.040900953612253856,0.040900953612253856,0.1523293983472073,0.013026601977305652,0.013026601977305652,0.10556639133606059,0.6629514835854607,0.30323132450315304,0.6629514835854607,,0.06072573499282084,0.06072573499282084,0.07613654129844881,0.19669337270464682,0.08057974418790805,0.11508866225454271,0.5726794104122013,0.05437322079386482,0.5726794104122013,,0.1589002846823415,0.1589002846823415,0.16393061216625174,0.2362156221882479,0.1631328417833336,0.0626826583266605,0.04689201948811478,0.1782361072906608,0.27471175766773304,0.2663592689764949,0.25715151216490895,0.0679911236266225,0.23963148096476308,0.24349282314788,0.3199362570340007,0.30024069798404934,0.04913566992715662,0.16451105368669838,0.21295874040014,0.19826261027412806,0.1853615103744935,0.2174063763512651,0.12144032689173821,0.0077472552934148035,0.0033649277617311363,0.028292312620635394,0.035832937187487514,0.12256553499340322,0.05491533375163535,0.00824951932644131
EX08__index_return_5,0.2874789064468768,0.26862951520387657,0.009361950979493423,0.04509083430185743,0.26538799662885937,0.04296998765219781,0.4234418975396299,0.0747317389418287,0.10690466552535519,0.044405265094920265,0.08966413794000001,0.011374048899403869,0.02726340048855262,0.014558860907745289,0.41192604383021514,0.9972884701786399,0.42827937659251847,0.06678765186002868,0.4400969711314539,0.6168052658579615,0.5656156071641657,0.5028823592793378,0.5041768681628891,0.22541395872120254,0.1441607763678625,0.11550454158924522,0.185678343788054,0.0322625223407072,0.7485562323797418,0.4554559300666842,0.363909322534387,0.41192604383021514,0.9972884701786399,0.06678765186002868,0.4400969711314539,0.42827937659251847,0.02628653378284678,0.3298949672030854,0.2874789064468768,0.5944913053197324,0.4400969711314539,0.2519481223988852,0.41192604383021514,0.9972884701786399,0.42827937659251847,0.06678765186002868,0.2018495664408936,0.390566225546009,0.03895535519425961,0.3606249611947551,0.45170519281402377,0.03569532234213677,0.17231510114730522,1.0,0.4447844275133897,0.30215259688719176,0.03873777057995075,0.40385948918847936,0.9971666036123795,0.035085100591116684,0.4065579833143639,0.17416220275467098,0.11761620291100752,0.40385948918847936,0.9971666036123795,0.436174905421818,0.035085100591116684,0.044705943624492026,0.4066497206232184,1.0,0.4447844275133897,0.2935656764394114,0.03893119982431317,0.40385948918847936,0.9971666036123795,0.436174905421818,0.035085100591116684,0.044705943624492026,0.4066497206232184,1.0,0.4447844275133897,0.40385948918847936,0.7025822943320041,0.9971666036123795,0.6477374987487179,0.436174905421818,0.33284858149514407,0.017302692145924226,0.02740540441328501,0.124958704305573,0.01070062087940689,0.018953509496333683,0.044705943624492026,0.376426132226482,0.19875708384522617,0.3615294941392538,0.7085704484850919,0.4066497206232184,0.10064502361185687,0.42747982459313405,0.2211032040510212,0.43380194108116127,0.31293095186275516,0.43380194108116127,,0.02740540441328501,0.02740540441328501,0.00781580493569497,0.16152542557039185,0.04225247512467473,0.16125280993100602,0.32662203556228914,0.2150250394384573,0.32662203556228914,,0.124958704305573,0.124958704305573,0.10977863675215664,0.08424067351535719,0.10619617257665112,0.1866930879865312,0.044705943624492026,0.0401865726603239,0.044705943624492026,,0.0051006788690705265,0.0051006788690705265,0.049897873800596064,0.04548525310093666,0.04548525310093666,0.02838546978649521,0.1362740322976715,0.13239124971402128,0.1362740322976715,,0.060625415802690825,0.060625415802690825,0.15091414290752447,0.03047512481619135,0.03047512481619135,0.06037747049755775,0.2211032040510212,0.028097120532145563,0.2211032040510212,,0.004045006334419771,0.004045006334419771,0.005507152730832603,0.1005059079374951,0.0700659756331941,0.03712970017811486,0.262037455902133,0.0016781711779445512,0.262037455902133,,0.10907814284387277,0.10907814284387277,0.11406418193441924,0.17132327952017687,0.1012616853306646,0.05935950197034761,0.3044376832311397,0.6608076363349158,0.35866276164566097,0.2806776531712623,0.25400410625431563,0.35686906123878914,0.7339343093148866,0.32287535942432677,0.3827680423778583,0.3607436496163143,0.29522070237202463,0.6556508698518354,0.334492575351057,0.3213472439768811,0.29523155254887273,0.5618511887492854,0.533222361764837,0.09589103394468435,0.2676037345737022,0.10678958390436079,0.2935656764394114,0.14441431083920936,0.005856443872914728,0.03893119982431317
EX08__index_return_20,0.16542421711659158,0.15882144222885347,0.026883109298392646,0.09920855897196099,0.1613744384944765,0.28371973673794176,0.5434463380167628,0.0602579442418891,0.007398083260152226,0.018155818155818154,0.0007478145409179892,0.060148146355042904,0.1244766143346265,0.05194733997979434,0.2055141437314767,0.43176586354303337,0.22003032624157823,0.012776242701225984,0.4429811809122154,0.22318366979352447,0.19396092419473895,0.2281791909838425,0.5381254746042129,0.21146059873037748,0.29735884673931356,0.11987258681097157,0.009134742069248762,0.1763151091284671,0.3583610543102561,0.44548454435864215,0.19457653552089854,0.2055141437314767,0.43176586354303337,0.012776242701225984,0.4429811809122154,0.22003032624157823,0.032382501816954325,0.18593931170563385,0.16542421711659158,0.33418851527057,0.4429811809122154,0.2770949059596351,0.2055141437314767,0.43176586354303337,0.22003032624157823,0.012776242701225984,0.0585217944436379,0.2094660221043238,0.13460071011222322,0.21191155397348924,0.704663875724805,0.23703051969023625,0.25891790229757805,0.4447844275133897,1.0,0.5345368949022545,0.00574971398542831,0.18856011174736323,0.42945267193247394,0.013664279953711965,0.4530662923763335,0.45279911168693887,0.25187232523123076,0.18856011174736323,0.42945267193247394,0.9987357141755553,0.013664279953711965,0.05646071614750936,0.38218744820417044,0.4447844275133897,1.0,0.03499789447837484,0.049563111575653296,0.18856011174736323,0.42945267193247394,0.9987357141755553,0.013664279953711965,0.05646071614750936,0.38218744820417044,0.4447844275133897,1.0,0.18856011174736323,0.30819959576374084,0.42945267193247394,0.6594180933711032,0.9987357141755553,0.5934359707337115,0.11613203587828419,0.012176481866133996,0.20519238311476176,0.17956232241693101,0.2027836737130131,0.05646071614750936,0.18294692042012187,0.058254719503864044,0.19203083918226854,0.8189781083652469,0.38218744820417044,0.04064356815379078,0.13723831016376203,0.5121475131459389,0.9985187254028477,0.7036845920254806,0.9985187254028477,,0.012176481866133996,0.012176481866133996,0.04164341982154826,0.38618733267763844,0.016179068562699295,0.2897178512721332,0.5857069265686178,0.36264433269831897,0.5857069265686178,,0.20519238311476176,0.20519238311476176,0.18974456919847832,0.191500643745351,0.18414590645537632,0.3283720743442398,0.05646071614750936,0.07449775508064617,0.05646071614750936,,0.16190437577211325,0.16190437577211325,0.03005903756296052,0.07274290758178761,0.07274290758178761,0.024589391621852173,0.19214805999683388,0.1802485840244356,0.19214805999683388,,0.10813629781030279,0.10813629781030279,0.2269236423990822,0.07598963705231135,0.07598963705231135,0.10263809486060974,0.5121475131459389,0.2793572061130784,0.5121475131459389,,0.07235767125986733,0.07235767125986733,0.08504309594683378,0.1152486906698169,0.07318797239053744,0.03882404656505588,0.4581523572497368,0.024548646982681856,0.4581523572497368,,0.06930687801624809,0.06930687801624809,0.07428400191072783,0.13140104851754109,0.040555023216767974,0.19751966787230657,0.10861378922583304,0.24491224455164723,0.709045958612147,0.2939680445674435,0.3006047360728694,0.1360804742954423,0.30212024185532943,0.7509262727550691,0.33250630874246645,0.36117433321264547,0.1038050103966199,0.27750050634158624,0.6693095807648065,0.21845237769406958,0.22818371558538952,0.22617105665473602,0.26009965740810975,0.03647229203780948,0.019927677189323693,0.012330790937147701,0.03499789447837484,0.2253449487290347,0.05436834477317406,0.049563111575653296
daily__return_1,0.5334787588140093,0.516664777635015,0.1022800470449898,0.015930826793965937,0.5345022839244358,0.054962784791398996,0.080800733268927,0.02692339178582126,0.06371362748783332,0.0027726096116227287,0.06230226384980051,0.04041161681019206,0.00267096864805207,0.04163879216298394,1.0,0.41102777368435883,0.9917425329365834,0.01973161104317853,0.14816709211803855,0.2687672826377294,0.21364571350199452,0.23447191546981877,0.27644882956415884,0.010090994162484974,0.03715637902403038,0.06242044461293286,0.007342371848032234,0.4813796275667247,0.3185894888005513,0.20090894258906702,0.7885332808316003,1.0,0.41102777368435883,0.01973161104317853,0.14816709211803855,0.9917425329365834,0.12414607661635454,0.7292734335332706,0.5334787588140093,0.3040466275410851,0.14816709211803855,0.02515584669242712,1.0,0.41102777368435883,0.9917425329365834,0.01973161104317853,0.38305712888708504,0.9006253948772397,0.005186485211450852,0.7806156111288789,0.2173176787123733,0.015977011073592187,0.0594158260105323,0.40385948918847936,0.18856011174736323,0.11098074452455475,0.017419891646225615,1.0,0.40978050181874576,0.0031662400703916485,0.06191009484037381,0.008410754687905576,0.08339811313977875,1.0,0.40978050181874576,0.1895903482792747,0.0031662400703916485,0.006148222361451844,0.14065948519299415,0.40385948918847936,0.18856011174736323,0.037698318405586295,0.004102841916305265,1.0,0.40978050181874576,0.1895903482792747,0.0031662400703916485,0.006148222361451844,0.14065948519299415,0.40385948918847936,0.18856011174736323,1.0,0.48372020289473244,0.40978050181874576,0.2914582000997858,0.1895903482792747,0.12372569632679148,0.027643126581126554,0.004404828604702559,0.04052704764875001,0.02289756779227202,0.002350991280888354,0.006148222361451844,0.899306311484767,0.3497045305410879,0.7809831298007416,0.3337099059408379,0.14065948519299415,0.18383411731996693,0.12971213719871408,0.06273209886916366,0.18798394976941346,0.18663305437372876,0.18798394976941346,,0.004404828604702559,0.004404828604702559,0.010315268713753599,0.040271196255709504,0.017418945465347134,0.037936993052771234,0.12058004460674825,0.10628103556460647,0.12058004460674825,,0.04052704764875001,0.04052704764875001,0.035074317386378166,0.017964240639831857,0.022288786698087565,0.047940237415499125,0.006148222361451844,0.010796549292168426,0.006148222361451844,,0.013842674960617805,0.013842674960617805,0.0017818044164072456,0.014801957681653948,0.014801957681653948,0.004877208458589045,0.053279847267921475,0.051301682461093616,0.053279847267921475,,0.01758548004436106,0.01758548004436106,0.058534697808151355,0.0020729382308286378,0.0020729382308286378,0.02765985779612318,0.06273209886916366,0.025893496689648545,0.06273209886916366,,0.012522050472550627,0.012522050472550627,0.011326307238815104,0.013761237207197042,0.021734499647592873,0.002178810452932189,0.07434585393025989,0.030355538072819134,0.07434585393025989,,0.03473553595914019,0.03473553595914019,0.03518374384478781,0.0638157371518353,0.036573457397373305,0.014474571500802069,0.7172399815090703,0.2847967154477,0.14407883367976332,0.10786496036542548,0.1036845699059252,0.7752304157886246,0.2949100573457696,0.1279471299166433,0.14747833583589695,0.13964162188605966,0.7227451432467838,0.2881617485716153,0.14727019401937713,0.16509196212825722,0.16458653105525767,0.1934619916644102,0.2351926311267377,0.1612542578075178,0.049322254232450624,0.1568776748426668,0.037698318405586295,0.07107712516410143,0.011101004962933913,0.004102841916305265
daily__return_3,0.285142544921043,0.25707935554433253,0.055686889161805454,0.015462811764634002,0.27417802818444387,0.016859716801164278,0.27918165972920517,0.07925003476679673,0.08602955218073939,0.07157774504363795,0.06325432609247864,0.001106132176431974,0.046732905256299515,0.02752817593384518,0.46953801874734563,0.7122703578406399,0.48018503704222654,0.08794064733877179,0.34997395513472884,0.42522937826943613,0.4140490747475375,0.4017283226931732,0.4248128429099549,0.05356258411637402,0.049040588252470825,0.11685329975065305,0.05922549298186571,0.08803579642678358,0.5127720882423906,0.3499343829030329,0.3917247687812569,0.46953801874734563,0.7122703578406399,0.08794064733877179,0.34997395513472884,0.48018503704222654,0.04370915708232424,0.4168903405935294,0.285142544921043,0.4252753725273907,0.34997395513472884,0.1567330621427641,0.46953801874734563,0.7122703578406399,0.48018503704222654,0.08794064733877179,0.2060271676744809,0.4428110332041666,0.06904457908628375,0.4123145356375358,0.3477147568162311,0.007087970910119116,0.12819210293401412,0.7025822943320041,0.30819959576374084,0.2148263929154699,0.07056859349967196,0.48372020289473244,0.7093203502027409,0.0464625230070597,0.239853927203529,0.04688210740588216,0.11176532512666644,0.48372020289473244,0.7093203502027409,0.31259181263996677,0.0464625230070597,0.05738148561563881,0.31691334925132797,0.7025822943320041,0.30819959576374084,0.2156430887963424,0.022097686667455978,0.48372020289473244,0.7093203502027409,0.31259181263996677,0.0464625230070597,0.05738148561563881,0.31691334925132797,0.7025822943320041,0.30819959576374084,0.48372020289473244,1.0,0.7093203502027409,0.4732426194776497,0.31259181263996677,0.23113856449465073,0.022833812039557626,0.041351200994270254,0.10922636914823626,0.048376412966838006,0.05516078039145932,0.05738148561563881,0.44538907385166043,0.2058567455555395,0.4107049142144633,0.5577949765397396,0.31691334925132797,0.1269009730636938,0.35286272301384536,0.12832715379868695,0.30917052082512747,0.22619543369734216,0.30917052082512747,,0.041351200994270254,0.041351200994270254,0.029123191230481568,0.08508448626608874,0.06381983634889488,0.13198154188684963,0.22458574876536194,0.12350881660350502,0.22458574876536194,,0.10922636914823626,0.10922636914823626,0.09588922663196377,0.04020137710027511,0.07459764766564911,0.136358927582723,0.05738148561563881,0.06045540551734337,0.05738148561563881,,0.01691000904602372,0.01691000904602372,0.05283199415640073,0.05077830927624095,0.05077830927624095,0.04172977252719152,0.12020914083968144,0.12091789540659491,0.12020914083968144,,0.03424919386821658,0.03424919386821658,0.1273646092044272,0.009697718240379068,0.009697718240379068,0.06581308642838142,0.12832715379868695,0.006407318225654256,0.12832715379868695,,0.002020015953808445,0.002020015953808445,0.0032637363323855433,0.07674378757323261,0.06743668088811354,0.0018831085230026918,0.19131794756871887,0.01158514555608859,0.19131794756871887,,0.09312177277875355,0.09312177277875355,0.09611893335968251,0.1426660308546502,0.0877074569254646,0.031212181591950265,0.329357646570497,0.45179161476016233,0.2571828584312109,0.21404912650226796,0.1952922550580609,0.3917278885697613,0.5096303492746849,0.21472929060566925,0.3157193260472689,0.2903456115579212,0.324572807073,0.4795673547111193,0.23275229554141355,0.28004629654976604,0.2600157971671689,0.40072893922571234,0.412954871564664,0.08555904406088441,0.19176044019466074,0.10527693778909965,0.2156430887963424,0.10557322399609587,0.02779071693467475,0.022097686667455978
daily__return_5,0.2900596045223461,0.26802279564772286,0.009278328672254263,0.03706685271650993,0.2684594507366799,0.04298501133891674,0.4140113464225937,0.06981444531538558,0.10419019650869144,0.05394163844580014,0.08450619999897108,0.017808910969996445,0.03720622347611818,0.008621670529763007,0.4145349019742618,1.0,0.427883890333888,0.07574599042538756,0.4326494951399101,0.613307253843839,0.5660452685527505,0.504685885213402,0.499470793878228,0.22139313260592078,0.1307166599775743,0.12859687213824736,0.18939225863355766,0.027173123910133642,0.7467276889360502,0.4533030173460809,0.36291544520794145,0.4145349019742618,1.0,0.07574599042538756,0.4326494951399101,0.427883890333888,0.030488468132605577,0.3274397826295075,0.2900596045223461,0.5855549513673256,0.4326494951399101,0.24439556203699356,0.4145349019742618,1.0,0.427883890333888,0.07574599042538756,0.20803976553710682,0.391723737779701,0.04217678484788264,0.36367473733465894,0.44472596522309804,0.03454813535686942,0.1678219954230531,0.9971666036123795,0.42945267193247394,0.2920419273444728,0.050170167266410194,0.40978050181874576,1.0,0.04365944656474469,0.39993208151586757,0.16470774597391968,0.11704638835643053,0.40978050181874576,1.0,0.4230799775117969,0.04365944656474469,0.05509079693327022,0.4004949441038,0.9971666036123795,0.42945267193247394,0.2942847620314091,0.02792451314162153,0.40978050181874576,1.0,0.4230799775117969,0.04365944656474469,0.05509079693327022,0.4004949441038,0.9971666036123795,0.42945267193247394,0.40978050181874576,0.7093203502027409,1.0,0.6406805601434261,0.4230799775117969,0.32422073657065853,0.018923484164012502,0.036415987179469,0.12958004679551174,0.014130482342432414,0.029290277040389646,0.05509079693327022,0.3809003201961338,0.20229583767014794,0.36719238723387726,0.6994950709546502,0.4004949441038,0.09971955217323601,0.4343912218091675,0.20684749967484367,0.42062201382436476,0.3042922331239913,0.42062201382436476,,0.036415987179469,0.036415987179469,0.01725747025458924,0.14722268676183034,0.052818001714629886,0.16531395498925863,0.3180110812392767,0.20768515278141828,0.3180110812392767,,0.12958004679551174,0.12958004679551174,0.11473809719646312,0.07172458802111413,0.10752663643447014,0.18471664195419538,0.05509079693327022,0.05014694673397724,0.05509079693327022,,0.017164878185839626,0.017164878185839626,0.05944641711745718,0.056214424002549966,0.056214424002549966,0.03681643497427567,0.14330472770328573,0.13935219854171263,0.14330472770328573,,0.060787913051710385,0.060787913051710385,0.1568686983549242,0.032233940835187255,0.032233940835187255,0.0668438060806142,0.20684749967484367,0.024605870998443555,0.20684749967484367,,0.00010056137183407865,0.00010056137183407865,0.009282162908709073,0.10027298661294454,0.07258492631478972,0.028993538828348386,0.2497781893790656,0.0097058004927968,0.2497781893790656,,0.11385728535150769,0.11385728535150769,0.11871880330365549,0.17123317282684922,0.10425527121463006,0.048944285864222316,0.29916596161970316,0.6570099626201203,0.34910851204626575,0.2845946549894589,0.2577240789674492,0.3543572515827516,0.7294263760916363,0.30956298297274215,0.38544423056193833,0.36359165367656904,0.29204197772447277,0.6535475971224385,0.3252968081022081,0.3257082615619326,0.30021321067900203,0.5648145123018468,0.5415909948573954,0.09987211519871493,0.2671532066744806,0.11046010888585255,0.2942847620314091,0.13847688736187563,0.019664591928344417,0.02792451314162153
daily__return_10,0.20672888293470268,0.2075350360491258,0.03388241974178734,0.036291971507653335,0.1919920853789729,0.15361869834304911,0.5710440073202465,0.03635216230571688,0.13646420920951788,0.02451184270017351,0.10722735404053649,0.040511624040823487,0.006469389720280184,0.0591958103508465,0.307240790009999,0.6695630718550498,0.31755175275543257,0.055117052789530586,0.5349557412236758,0.3594616839780374,0.44121139197085757,0.33384996451528204,0.5612378608245941,0.2897050670033138,0.2580584553596508,0.011870132195948253,0.11128160193800148,0.1438502126516767,0.5378089173893218,0.7087354532459882,0.27392451235184373,0.307240790009999,0.6695630718550498,0.055117052789530586,0.5349557412236758,0.31755175275543257,0.012236758979294684,0.253006801109255,0.20672888293470268,0.4036276595248589,0.5349557412236758,0.35687462258579933,0.307240790009999,0.6695630718550498,0.31755175275543257,0.055117052789530586,0.13718150293963016,0.28996693393987266,0.04723931956001859,0.2733467132250684,0.5791021516316948,0.08854302461183103,0.2036063897497965,0.6477374987487179,0.6594180933711032,0.41949907566872907,0.023163995802003314,0.2914582000997858,0.6406805601434261,0.0345641669144769,0.5054884479724517,0.3487100558019573,0.18843693183834337,0.2914582000997858,0.6406805601434261,0.6447403788158976,0.0345641669144769,0.02936732343446063,0.471442017009121,0.6477374987487179,0.6594180933711032,0.19367435276394962,0.022479484791913626,0.2914582000997858,0.6406805601434261,0.6447403788158976,0.0345641669144769,0.02936732343446063,0.471442017009121,0.6477374987487179,0.6594180933711032,0.2914582000997858,0.4732426194776497,0.6406805601434261,1.0,0.6447403788158976,0.47103930286602885,0.027489680915183546,0.021824340838500045,0.17106330919351798,0.09263887125553268,0.048476132606461025,0.02936732343446063,0.27113162373310123,0.11141467411044223,0.2565808689269953,0.8815869819900918,0.471442017009121,0.09481539685985661,0.2704555339955347,0.3194957363178241,0.6435832919672192,0.45718272938821025,0.6435832919672192,,0.021824340838500045,0.021824340838500045,0.004871113222216227,0.25111989596402856,0.028835350686080775,0.2353683426431766,0.46450575688125784,0.2937076306079246,0.46450575688125784,,0.17106330919351798,0.17106330919351798,0.15437951716080378,0.10661252578666933,0.17698579673573941,0.2750837979267382,0.02936732343446063,0.01437551828474444,0.02936732343446063,,0.02922487028687785,0.02922487028687785,0.041830243314151895,0.028753360648433948,0.028753360648433948,0.040257393309322494,0.16495832743346128,0.1544713812561961,0.16495832743346128,,0.09489153407927828,0.09489153407927828,0.18464073464192543,0.04372088576575458,0.04372088576575458,0.07761196808193777,0.3194957363178241,0.11135134038160302,0.3194957363178241,,0.035539926449292256,0.035539926449292256,0.022050728107342477,0.07304664567988704,0.007999765369792812,0.10149463451306544,0.37589793652006015,0.042975096387105914,0.37589793652006015,,0.11592833734301643,0.11592833734301643,0.1230129714683501,0.19593716666195424,0.10091120165367964,0.10621077603277881,0.18344543385752415,0.3683468576554815,0.5081021518137105,0.40369736666235473,0.39757283754871164,0.24549607007910323,0.48653165149560856,0.5109006259852916,0.49776180767167255,0.5114116354416939,0.19212303624084287,0.3969105564101865,0.47304161482936824,0.38044131954829036,0.38148349416599303,0.428160054790276,0.34368333974628024,0.037030248231734536,0.17816614177830614,0.04322613489522941,0.19367435276394962,0.19175970030462944,0.03669346923610858,0.022479484791913626
daily__return_20,0.16626927985187492,0.1590331307637717,0.025610673615700227,0.09060955013896944,0.16244726463218295,0.286733736682777,0.5446668818357102,0.05709763381495923,0.004674805093925569,0.010687356473119511,0.0015462844435375378,0.061138677634538896,0.1137712917463742,0.05390623644200973,0.20683657264573632,0.43473590474172513,0.2198435486208862,0.004130307632391331,0.4459144720999093,0.22856002879947301,0.19840702316011233,0.23412460853632325,0.5467493083640281,0.2110066680015239,0.2973991489543357,0.11802766592843633,0.006721371317113161,0.1729840032773183,0.36269062255875595,0.4477688260512324,0.19788754424640373,0.20683657264573632,0.43473590474172513,0.004130307632391331,0.4459144720999093,0.2198435486208862,0.03540518839767498,0.18561197635962814,0.16626927985187492,0.32840042395113334,0.4459144720999093,0.27564689782465357,0.20683657264573632,0.43473590474172513,0.2198435486208862,0.004130307632391331,0.062119364736228075,0.209618126548325,0.13084189434425159,0.21524307971771303,0.7187434433905227,0.2233119401510595,0.2910669753888687,0.436174905421818,0.9987357141755553,0.5422588739248545,0.028207466710982572,0.1895903482792747,0.4230799775117969,0.02089557255606956,0.45680233299605905,0.45300466567822945,0.25310063486288,0.1895903482792747,0.4230799775117969,1.0,0.02089557255606956,0.04138287405465405,0.39207958571185625,0.436174905421818,0.9987357141755553,0.025017490428293244,0.0916569212481149,0.1895903482792747,0.4230799775117969,1.0,0.02089557255606956,0.04138287405465405,0.39207958571185625,0.436174905421818,0.9987357141755553,0.1895903482792747,0.31259181263996677,0.4230799775117969,0.6447403788158976,1.0,0.588872703329804,0.08532323555789549,0.0049571901398200524,0.21198059621397616,0.14104024375303872,0.15977313286754719,0.04138287405465405,0.19236635085464676,0.05246081643085803,0.2039886727359994,0.8209644794762151,0.39207958571185625,0.04585047062845003,0.16908491944013418,0.5115747470778836,0.9995737064151434,0.7077494618302979,0.9995737064151434,,0.0049571901398200524,0.0049571901398200524,0.034949384616380204,0.38080734900530816,0.009702729945655655,0.2989212341514479,0.5810747085017695,0.36068386751561654,0.5810747085017695,,0.21198059621397616,0.21198059621397616,0.1967524592736338,0.17953508467712764,0.18592762950412015,0.33011458858401854,0.04138287405465405,0.062427251600332266,0.04138287405465405,,0.14799391855796987,0.14799391855796987,0.013855674826725476,0.05690711001974339,0.05690711001974339,0.014661042624798564,0.20132177174595894,0.19004146005555383,0.20132177174595894,,0.11223313646378831,0.11223313646378831,0.23491902909172255,0.08296141283167753,0.08296141283167753,0.11195302009287265,0.5115747470778836,0.2851020080561253,0.5115747470778836,,0.08009100602356096,0.08009100602356096,0.0929319462179048,0.12172261395131403,0.08086843083578696,0.03297316104400322,0.45063421208667515,0.015660297547137284,0.45063421208667515,,0.0777297419560667,0.0777297419560667,0.08264230363539679,0.1370079057033295,0.04703257832056856,0.18463627177458844,0.08849171513814472,0.22018879094990798,0.7100837091113317,0.2746284885407446,0.27543729092002783,0.1252384322325069,0.2841415635250179,0.7441896283893166,0.314661773826905,0.33954800938697727,0.09702532657123818,0.2611988861635841,0.6612917519350674,0.19531886411860463,0.19988038791334403,0.23455169488325844,0.2586638463069859,0.04188028260374394,0.009106024198294677,0.015281396182595405,0.025017490428293244,0.2517571226944437,0.04050293825844529,0.0916569212481149
daily__return_60,0.10450744444695173,0.11975773754730448,0.006466736359114452,0.07301506807596367,0.09235293777977281,0.18822010464422162,0.38435217572935226,0.05347657214351198,0.2594705103195916,0.24043212405707406,0.24737171092917565,0.14588328792310445,0.3124620710001521,0.13162585530756862,0.12696441864630298,0.3312757740191438,0.13902667920047246,0.25623726883657577,0.3315284233206281,0.12711972550764378,0.10084366468299104,0.20015239211475405,0.24245459053029675,0.3129516935945726,0.3553691484594838,0.06836303716683276,0.0516560384684406,0.17110359119415836,0.23117156505044634,0.20668738475056173,0.09950577093739081,0.12696441864630298,0.3312757740191438,0.25623726883657577,0.3315284233206281,0.13902667920047246,0.02256945724642969,0.10827365287644974,0.10450744444695173,0.23683119284541937,0.3315284233206281,0.2586257188961945,0.12696441864630298,0.3312757740191438,0.13902667920047246,0.25623726883657577,0.06098498421354374,0.12862867992448845,0.2663795721491258,0.10838892045526714,0.8543604375086974,0.3745000929265473,0.5440997726770763,0.33284858149514407,0.5934359707337115,0.9990302566677968,0.19252848998496327,0.12372569632679148,0.32422073657065853,0.1885337628924354,0.3646078674965374,0.3527039780394882,0.10926263774068812,0.12372569632679148,0.32422073657065853,0.588872703329804,0.1885337628924354,0.2541982128625445,0.35830463155253567,0.33284858149514407,0.5934359707337115,0.03327857793908585,0.024409918049786237,0.12372569632679148,0.32422073657065853,0.588872703329804,0.1885337628924354,0.2541982128625445,0.35830463155253567,0.33284858149514407,0.5934359707337115,0.12372569632679148,0.23113856449465073,0.32422073657065853,0.47103930286602885,0.588872703329804,1.0,0.2853321750287562,0.20882906440402862,0.06560966936552698,0.2620888997596779,0.32638743647473073,0.2541982128625445,0.12558033612163955,0.05956500157640399,0.1045794494208067,0.5212340588722246,0.35830463155253567,0.04497314117249947,0.17482290932346284,0.4443665483126384,0.5932314244866678,0.32673226930256744,0.5932314244866678,,0.20882906440402862,0.20882906440402862,0.230501188632981,0.43041768053942964,0.12856041020339168,0.02286456964420008,0.9994143290515941,0.5991428412791721,0.9994143290515941,,0.06560966936552698,0.06560966936552698,0.04282846272992898,0.48232580431271427,0.007196727247232028,0.34761335503104246,0.2541982128625445,0.2581146634122583,0.2541982128625445,,0.2853840742233271,0.2853840742233271,0.22315873327996255,0.2258792820483314,0.2258792820483314,0.11938074711505668,0.032629332363206635,0.03005806384080074,0.032629332363206635,,0.07701536469445519,0.07701536469445519,0.042217626422342454,0.13281185872891124,0.13281185872891124,0.02415055315904896,0.4443665483126384,0.11534524387848481,0.4443665483126384,,0.3274899012030851,0.3274899012030851,0.3097495225157255,0.288331076106902,0.3605574312008219,0.3115375413103147,0.7672186779122786,0.0764302895896746,0.7672186779122786,,0.0397929805048375,0.0397929805048375,0.030363146877506353,0.045772667125006286,0.06268403615307537,0.299814608523778,0.07332461705096097,0.130557088354273,0.3138647485573027,0.1601394365523788,0.15124437093401463,0.08799363857576879,0.16601620480795162,0.2733594150768206,0.15836746930997497,0.14720492406445293,0.08651666368894326,0.1738021193004307,0.37804999484140933,0.1014860698254026,0.11057834822255092,0.10678370977871286,0.20491637150056113,0.010615578067858535,0.013570662228719178,0.022870152067098016,0.03327857793908585,0.4797843722738824,0.01954945296859404,0.024409918049786237
daily__vol_5,0.055330452225801234,0.004120307925386376,0.050694903240962395,0.10034773734014502,0.04726491213975287,0.32659399935030725,0.1442216016473442,0.0506800078178256,0.020517517069241206,0.6761047657599382,0.05894412101308653,0.04725867301932211,0.49838312008697405,0.027588591990214708,0.02312992760705777,0.038772669204258065,0.03568179331259477,0.6471258819575572,0.14427046840839944,0.18260726226526455,0.11887854465220475,0.1257088500314401,0.27745820534278337,0.20123120641161787,0.21458015768039265,0.015486168006470727,0.1948457504629275,0.11126207614813186,0.13512642302496367,0.08848840602123843,0.11273821612292076,0.02312992760705777,0.038772669204258065,0.6471258819575572,0.14427046840839944,0.03568179331259477,0.1476450691312425,0.044602519753332064,0.055330452225801234,0.03182881780330869,0.14427046840839944,0.008857019196248291,0.02312992760705777,0.038772669204258065,0.03568179331259477,0.6471258819575572,0.10161868007705466,0.03817437981055279,0.6646929340512087,0.038657987719933014,0.22451835920212737,0.6435457450339666,0.0829541339981648,0.017302692145924226,0.11613203587828419,0.2836232586201169,0.5956522958106226,0.027643126581126554,0.018923484164012502,0.5808794665973926,0.11587811115283705,0.1209576386665412,0.05612055596057065,0.027643126581126554,0.018923484164012502,0.08532323555789549,0.5808794665973926,0.5897450174161725,0.07765491935617452,0.017302692145924226,0.11613203587828419,0.21128352676935025,0.09952773208464884,0.027643126581126554,0.018923484164012502,0.08532323555789549,0.5808794665973926,0.5897450174161725,0.07765491935617452,0.017302692145924226,0.11613203587828419,0.027643126581126554,0.022833812039557626,0.018923484164012502,0.027489680915183546,0.08532323555789549,0.2853321750287562,1.0,0.5914299411246683,0.43107278327310633,0.6502787560655263,0.8127187009448839,0.5897450174161725,0.027312576384463043,0.07572862833991637,0.01832796521855351,0.019313854391524457,0.07765491935617452,0.03812921001641103,0.10776473197324093,0.061342372385113406,0.095050519873828,0.1006038485288384,0.095050519873828,,0.5914299411246683,0.5914299411246683,0.6054025945967644,0.5480062853098784,0.48898831558153755,0.4148734600467191,0.2941998483050469,0.45180954844090404,0.2941998483050469,,0.43107278327310633,0.43107278327310633,0.43995697698621056,0.4092889359181223,0.05118290032940125,0.030156187074021925,0.5897450174161725,0.6148997878490843,0.5897450174161725,,0.39432009217865593,0.39432009217865593,0.5361881350388632,0.46049130588839865,0.46049130588839865,0.574430725157541,0.470140804711273,0.4757186146066777,0.470140804711273,,0.024920706955106033,0.024920706955106033,0.35762999259133055,0.02899267492478078,0.02899267492478078,0.4483118151352417,0.061342372385113406,0.07321283169905286,0.061342372385113406,,0.3783238670389886,0.3783238670389886,0.3689682969689736,0.3136035649095385,0.3466317061816473,0.43405315682655776,0.2401157882699815,0.0830101117779613,0.2401157882699815,,0.49533873630182806,0.49533873630182806,0.49287958003385723,0.43186809971754575,0.49398138013140597,0.4241989623641043,0.004673244323545996,0.1440262564186893,0.06916643422616435,0.06597743366087609,0.048817870957849605,0.01381665138516781,0.14247525922437398,0.053984586908704064,0.0042053153317704985,0.019213905995191592,0.001235769836268432,0.11530212693324568,0.034745037518076026,0.052595107839672174,0.0496664204850325,0.09354211893693973,0.05589257644105997,0.027609115219325304,0.1595144781334032,0.0627624119562802,0.21128352676935025,0.2589079254353448,0.09635396926649213,0.09952773208464884
daily__vol_20,0.05902070135934599,0.055624972003797145,0.033049566705367024,0.0011392559794640553,0.06803601856459891,0.07404240837648694,0.06693837291090565,0.012730918290155003,0.10784335611921819,0.9286785217819701,0.08917246848281331,0.0641212852166199,0.8362866369965761,0.044731897673074145,0.010848189054619447,0.08488978366822397,9.942004971002485e-05,0.8355585297524784,0.04846449674035881,0.1856049287812974,0.10174890683271766,0.11578647737195992,0.48897523287067485,0.1266152191584639,0.14452676436675238,0.026303406760488247,0.1566725792613522,0.048037795414384986,0.14323115512573936,0.19565929118045913,0.11136190939521855,0.010848189054619447,0.08488978366822397,0.8355585297524784,0.04846449674035881,9.942004971002485e-05,0.09324089831350298,0.026925190823571102,0.05902070135934599,0.0789365681542962,0.04846449674035881,0.06179283608981405,0.010848189054619447,0.08488978366822397,9.942004971002485e-05,0.8355585297524784,0.12049489930818669,0.017147596997794806,0.5730150680759651,0.07337796729806496,0.07523118628508868,0.4991444276455352,0.16372462475816882,0.02740540441328501,0.012176481866133996,0.20597445578057544,0.9926729040080546,0.004404828604702559,0.036415987179469,0.9985431608500351,0.030120731387302497,0.035429671642802106,0.09500711944997467,0.004404828604702559,0.036415987179469,0.0049571901398200524,0.9985431608500351,0.934939792606077,0.008873052655182227,0.02740540441328501,0.012176481866133996,0.07916336529993254,0.04000590230617621,0.004404828604702559,0.036415987179469,0.0049571901398200524,0.9985431608500351,0.934939792606077,0.008873052655182227,0.02740540441328501,0.012176481866133996,0.004404828604702559,0.041351200994270254,0.036415987179469,0.021824340838500045,0.0049571901398200524,0.20882906440402862,0.5914299411246683,1.0,0.6537307402093722,0.5440220914145617,0.7114213491506969,0.934939792606077,0.031238711682266163,0.11480437849205921,0.04181230026238945,0.04725926314960223,0.008873052655182227,0.022596928563799405,0.03385105522433178,0.04117759837810549,0.02535824466361898,0.07668722143758765,0.02535824466361898,,1.0,1.0,0.9962313021837771,0.7827385787797567,0.896254529786214,0.810497602334904,0.22401250715822052,0.5259080857958219,0.22401250715822052,,0.6537307402093722,0.6537307402093722,0.6616371298661204,0.5452055521714422,0.2691519424208083,0.27924898523374675,0.934939792606077,0.8224543035861724,0.934939792606077,,0.7971357012055631,0.7971357012055631,0.9407282293986514,0.8537036958981005,0.8537036958981005,0.7291541143680937,0.6975340637774653,0.6844036630197273,0.6975340637774653,,0.11894079483801645,0.11894079483801645,0.6040366626848623,0.20940943018246203,0.20940943018246203,0.6761425574510413,0.04117759837810549,0.24008952811661666,0.04117759837810549,,0.5197090125226691,0.5197090125226691,0.5164395275754574,0.3521745309083076,0.38205561164805385,0.5935684643414388,0.19709082772994088,0.17903107815506275,0.19709082772994088,,0.6738023224948515,0.6738023224948515,0.6697385748167568,0.5348973777093282,0.6293192242042527,0.6153936999278222,0.01954559355912571,0.14890198599373436,0.28500543661058014,0.1364173521307157,0.16348320333896565,0.005686825136622897,0.09466104275451398,0.2171196733212903,0.11017368185136216,0.1096316793078643,0.01970204676170618,0.11302699022294636,0.21940167872627855,0.09095160919029331,0.09513781039375567,0.008911751327198599,0.05925761794415406,0.030456020165631672,0.05192667505065061,0.0506908600551517,0.07916336529993254,0.24209624194788754,0.02748062960088084,0.04000590230617621
daily__vol_60,0.06548293070509592,0.08272859883609299,0.021891845188730632,0.07456015355858635,0.06572648439356357,0.17621152469528886,0.2240218187595444,0.06355577438787355,0.04763662432128738,0.7224644010301778,0.04391270302211795,0.22111609043955677,0.45366532416140326,0.22105726405703666,0.03886493603858311,0.12625977111507167,0.033336279981263484,0.7359731878556945,0.16766082407179517,0.17214455154366626,0.054314215783278524,0.1329269811638301,0.4710602785268624,0.009276378179604155,0.021790186489996803,0.0010902893938224017,0.18478887641544386,0.0879866219359496,0.2178338521505973,0.17690266974696273,0.13074611621865145,0.03886493603858311,0.12625977111507167,0.7359731878556945,0.16766082407179517,0.033336279981263484,0.025244515131671995,0.0268433546058016,0.06548293070509592,0.06835862226013643,0.16766082407179517,0.12712323741817738,0.03886493603858311,0.12625977111507167,0.033336279981263484,0.7359731878556945,0.11978777309570827,0.016304347615371428,0.4664675367875584,0.08791644820771333,0.23295456079403856,0.047709387594288215,0.3483833312222033,0.124958704305573,0.20519238311476176,0.05333092239572918,0.6861768796595851,0.04052704764875001,0.12958004679551174,0.64921519307692,0.1463313934304566,0.25498407433175235,0.2772824611119486,0.04052704764875001,0.12958004679551174,0.21198059621397616,0.64921519307692,0.7140115617159902,0.18309700273243637,0.124958704305573,0.20519238311476176,0.00867952384915358,0.0029428424239626707,0.04052704764875001,0.12958004679551174,0.21198059621397616,0.64921519307692,0.7140115617159902,0.18309700273243637,0.124958704305573,0.20519238311476176,0.04052704764875001,0.10922636914823626,0.12958004679551174,0.17106330919351798,0.21198059621397616,0.06560966936552698,0.43107278327310633,0.6537307402093722,1.0,0.4586616678292372,0.554048919266065,0.7140115617159902,0.018751541296288768,0.11620899980979076,0.08849190800231467,0.22724586403144936,0.18309700273243637,0.034293454484146314,0.079006113739936,0.1746677561420497,0.19705230524339437,0.01626266448143119,0.19705230524339437,,0.6537307402093722,0.6537307402093722,0.6495899189256342,0.4168302412050538,0.5219492566322782,0.5315767015465678,0.04297685916734645,0.2827612527389998,0.04297685916734645,,1.0,1.0,0.9982221012120037,0.6402801714711154,0.4852269551028242,0.5333354307738771,0.7140115617159902,0.7242360609693018,0.7140115617159902,,0.2936007221309341,0.2936007221309341,0.6391573413589292,0.4178468008099266,0.4178468008099266,0.7701296003169052,0.9645975381834664,0.9306766403857472,0.9645975381834664,,0.39550084532601143,0.39550084532601143,0.9606169028534766,0.4601945050785158,0.4601945050785158,0.907837478346405,0.1746677561420497,0.2130779125958514,0.1746677561420497,,0.6528794827172817,0.6528794827172817,0.6522565692957047,0.3545615684647092,0.4889746398202152,0.6917017637386484,0.10438933239196552,0.24454010702185403,0.10438933239196552,,0.8760716479848981,0.8760716479848981,0.8739814657374274,0.7451926210006583,0.8235046084701986,0.758612248320994,0.051798299426228135,0.1646705133823218,0.394559213622134,0.14797206236180135,0.19044506603177094,0.04141274233248158,0.14888249087720182,0.30960256556354365,0.16093518975528903,0.18503699267408136,0.05561946776994637,0.1763934218789716,0.32804149305100044,0.13392516339434646,0.16228864602966428,0.05696559057606205,0.13288977833154283,0.013148002763315233,0.003319330835040196,0.0007733937314271224,0.00867952384915358,0.3696486228967287,0.007517150506159451,0.0029428424239626707
daily__range,0.006338272123923367,0.02301253824103354,0.006573374410978585,0.07019296649272447,0.002644685013676255,0.38937728581088327,0.15556921871890647,0.42030570377717247,0.05463314228990699,0.6020021456299266,0.1307898252744308,0.11712626446686301,0.5219559015721617,0.07220311032260648,0.005779375456773933,0.036332725477475084,0.01927021769788017,0.6864688585646553,0.2523407646195928,0.26620438699845755,0.15263471026320577,0.17964008539812298,0.3252048166204006,0.18436581800317983,0.15969096649871636,0.0035957792019087613,0.24148685522492785,0.110782181010847,0.19377707800106558,0.04174268010381107,0.20454893880265484,0.005779375456773933,0.036332725477475084,0.6864688585646553,0.2523407646195928,0.01927021769788017,0.2933074812622552,0.04075607384500602,0.006338272123923367,0.06190342672389379,0.2523407646195928,0.05040115875048923,0.005779375456773933,0.036332725477475084,0.01927021769788017,0.6864688585646553,0.11390907658699047,0.01953978379663819,1.0,0.07964362530321291,0.22787342018372547,0.41473986821922004,0.17610611783355992,0.01070062087940689,0.17956232241693101,0.25117847833104756,0.5472270343410565,0.02289756779227202,0.014130482342432414,0.5329210450300544,0.14402386108510298,0.034284082001483036,0.016218266305738745,0.02289756779227202,0.014130482342432414,0.14104024375303872,0.5329210450300544,0.6205948442843889,0.1889431208212423,0.01070062087940689,0.17956232241693101,0.1911556161884235,0.06504692862264827,0.02289756779227202,0.014130482342432414,0.14104024375303872,0.5329210450300544,0.6205948442843889,0.1889431208212423,0.01070062087940689,0.17956232241693101,0.02289756779227202,0.048376412966838006,0.014130482342432414,0.09263887125553268,0.14104024375303872,0.2620888997596779,0.6502787560655263,0.5440220914145617,0.4586616678292372,1.0,0.781315467063,0.6205948442843889,0.020690764295261798,0.08864813557195315,0.06927562593150051,0.054604161840171535,0.1889431208212423,0.15543811035509805,0.14247188735647084,0.1771604847838198,0.15090105716485241,0.16781056121905027,0.15090105716485241,,0.5440220914145617,0.5440220914145617,0.5629075419569651,0.5065346302004943,0.4377070478386628,0.358087805257906,0.2702414163545269,0.41775432055562345,0.2702414163545269,,0.4586616678292372,0.4586616678292372,0.4655466279363669,0.4716116067975373,0.014498591838010638,0.0025104566007369484,0.6205948442843889,0.6530483919635104,0.6205948442843889,,0.41807934062604063,0.41807934062604063,0.5622601494148223,0.48385194939089465,0.48385194939089465,0.6050818709960597,0.5190109805835807,0.5342058908137106,0.5190109805835807,,0.014112925396039519,0.014112925396039519,0.41302833410141876,0.04126889354955268,0.04126889354955268,0.5277073997521369,0.1771604847838198,0.007546316107561216,0.1771604847838198,,0.4481785777960835,0.4481785777960835,0.4382762504854617,0.3380378922956062,0.3947019662175725,0.48701423256770315,0.22317232176526702,0.14581583382162872,0.22317232176526702,,0.5278390318096389,0.5278390318096389,0.5228265343574798,0.42493180776647654,0.4978710493623128,0.5026328000874883,0.0679070081149064,0.1960541032853802,0.06957197272109017,0.14558064211056496,0.13509511866648405,0.0892492581435592,0.17073096227632834,0.010937858541545564,0.0440076352013967,0.04101362161570388,0.09959778587956951,0.16517796856820935,0.04081660780934191,0.07302882945891592,0.07195695900807883,0.11586552524755647,0.10523440415297884,0.07656444716251436,0.16097187716011807,0.10897785570793747,0.1911556161884235,0.22603029735354732,0.0055958351072144434,0.06504692862264827
daily__range_mean_5,0.008725582239838084,0.028249603611713643,0.050118716315492265,0.1233473745074109,0.021984010383910478,0.3366551378049302,0.15082662939577662,0.06637157919710344,0.05713900196658817,0.7640296812710606,0.0672610810541845,0.08785990885382366,0.7032096241021191,0.07860574544144523,0.008059407304323526,0.0637466617482853,0.00553641493801879,0.8209382290332844,0.14262511503890815,0.30326591263989244,0.16202323191549925,0.2277377427764117,0.40988504365032785,0.21421850089527633,0.26612765472067074,0.06520844935460765,0.2532885657856343,0.08242644424429904,0.218669185622958,0.09389054820266936,0.12713805734207734,0.008059407304323526,0.0637466617482853,0.8209382290332844,0.14262511503890815,0.00553641493801879,0.08549699168105304,0.019150439673907713,0.008725582239838084,0.10962726975943082,0.14262511503890815,0.07806906240960786,0.008059407304323526,0.0637466617482853,0.00553641493801879,0.8209382290332844,0.13153826229760776,0.01269198941003879,0.7926169780586709,0.09068064929605865,0.26076379280385537,0.6013165255614747,0.1772873893618646,0.018953509496333683,0.2027836737130131,0.3256083840699786,0.7188883732379711,0.002350991280888354,0.029290277040389646,0.7011164456309089,0.12697424683819927,0.08723009645501749,0.014601297209288013,0.002350991280888354,0.029290277040389646,0.15977313286754719,0.7011164456309089,0.7971254354970002,0.07932946935414677,0.018953509496333683,0.2027836737130131,0.21787050618225606,0.06911064285702721,0.002350991280888354,0.029290277040389646,0.15977313286754719,0.7011164456309089,0.7971254354970002,0.07932946935414677,0.018953509496333683,0.2027836737130131,0.002350991280888354,0.05516078039145932,0.029290277040389646,0.048476132606461025,0.15977313286754719,0.32638743647473073,0.8127187009448839,0.7114213491506969,0.554048919266065,0.781315467063,1.0,0.7971254354970002,0.004252352411548527,0.10779973276370192,0.07165150837304711,0.04308743018395633,0.07932946935414677,0.03425011481968052,0.04082791186289641,0.12371324151354708,0.17284596004660646,0.18439247609327855,0.17284596004660646,,0.7114213491506969,0.7114213491506969,0.729248500537027,0.6279513149570412,0.5876273413057351,0.4927469435145463,0.3369851608707711,0.5468334309402217,0.3369851608707711,,0.554048919266065,0.554048919266065,0.5639046489549758,0.5495108087680024,0.06801958133031047,0.04704378920371432,0.7971254354970002,0.8054123650835642,0.7971254354970002,,0.581535130462175,0.581535130462175,0.7418664787362205,0.6483271628713828,0.6483271628713828,0.7348756267288165,0.6281674105802412,0.6367060761988825,0.6281674105802412,,0.012398623046428019,0.012398623046428019,0.505561732521149,0.08035465938547802,0.08035465938547802,0.6342285718080276,0.12371324151354708,0.0959446315976056,0.12371324151354708,,0.5423172189851705,0.5423172189851705,0.5320624026037352,0.4329479775696802,0.46621305636181215,0.5616426107580891,0.2306795478787729,0.20144080478525897,0.2306795478787729,,0.6353415914890361,0.6353415914890361,0.6304096187488298,0.5179259261661908,0.6010206810867138,0.5957515199199132,0.03991278311088126,0.23137903193339115,0.1007776291804028,0.008138927707365946,0.00431778081649061,0.03508835356890413,0.19235816689904342,0.03486422234778556,0.07688732408753657,0.07548354958958349,0.058443768200646916,0.2059452458843679,0.05238231057857302,0.043285266967524605,0.0366611778886839,0.10965735163424509,0.13449275339096117,0.0508507799151432,0.17596866688340113,0.08581930810124214,0.21787050618225606,0.2514272352801686,0.06442241437383799,0.06911064285702721
daily__range_mean_20,0.04735285465101669,0.059296092393358285,0.015831636069362703,0.05514413384841353,0.05725252853780823,0.06748542513473846,0.04499513640363209,0.020309295475305095,0.0847228778263261,0.9188361671120292,0.06883847573502747,9.130992903812376e-05,0.8433612875803546,0.01885558934240476,0.012518487989704197,0.0829582664510368,0.0005203920526488565,0.9457984006417827,0.03911183911183911,0.23881962056360634,0.13387990357291615,0.1659047597605083,0.5200663086002124,0.13152631741009366,0.17500474724861878,0.06149071233287674,0.16159374931223452,0.04021731644592363,0.178270503530875,0.169323918806517,0.11951294674169162,0.012518487989704197,0.0829582664510368,0.9457984006417827,0.03911183911183911,0.0005203920526488565,0.053723822786228705,0.020214352989124808,0.04735285465101669,0.09440237240216977,0.03911183911183911,0.019485460162931283,0.012518487989704197,0.0829582664510368,0.0005203920526488565,0.9457984006417827,0.11644306808091366,0.010892407930875266,0.6533630056802168,0.09352996471315302,0.11164511456919239,0.4223023138771373,0.19591948314974877,0.044705943624492026,0.05646071614750936,0.2723792182372522,0.9456097161271275,0.006148222361451844,0.05509079693327022,0.9290811453657013,0.03802214145928045,0.0693535042078176,0.11014648059750543,0.006148222361451844,0.05509079693327022,0.04138287405465405,0.9290811453657013,1.0,0.02559535984082168,0.044705943624492026,0.05646071614750936,0.12176022694941879,0.04181418555455842,0.006148222361451844,0.05509079693327022,0.04138287405465405,0.9290811453657013,1.0,0.02559535984082168,0.044705943624492026,0.05646071614750936,0.006148222361451844,0.05738148561563881,0.05509079693327022,0.02936732343446063,0.04138287405465405,0.2541982128625445,0.5897450174161725,0.934939792606077,0.7140115617159902,0.6205948442843889,0.7971254354970002,1.0,0.014359485590873532,0.10999407443136876,0.0713963904415746,0.03985611189861078,0.02559535984082168,0.029321775347193095,0.043363049615384806,0.04149337954175907,0.06018837628996495,0.09379972492119842,0.06018837628996495,,0.934939792606077,0.934939792606077,0.9401825781232206,0.7583318406329483,0.8136564939469355,0.6961884716518707,0.26931436026094274,0.5538024026057234,0.26931436026094274,,0.7140115617159902,0.7140115617159902,0.7224796065781357,0.6331789770662625,0.2509007240367807,0.2364824308795474,1.0,0.9337884661342358,1.0,,0.7520458614455756,0.7520458614455756,0.97201513046657,0.8390356499365516,0.8390356499365516,0.8340463205136806,0.7837471122755273,0.7800832686019424,0.7837471122755273,,0.13732597695647103,0.13732597695647103,0.6827152968048431,0.22564929034202125,0.22564929034202125,0.775932785785743,0.04149337954175907,0.18727228447112074,0.04149337954175907,,0.5817946188501453,0.5817946188501453,0.5762408065776243,0.39128480619013606,0.442580517811922,0.6208248672179879,0.19776334985903923,0.25258755882948114,0.19776334985903923,,0.7630064801971926,0.7630064801971926,0.7588577505694941,0.6160973730891678,0.7105938706325127,0.7148217635172377,0.04361180694124135,0.20724995754699127,0.29151320542657955,0.20372626168116992,0.22859001787613653,0.025802364611984995,0.1527683674295133,0.20186168048868508,0.21571836451507512,0.20537900359615852,0.04864430828350358,0.1846753401006533,0.22341874422709126,0.1898659517750302,0.1871710441198696,0.04297068547641231,0.1184956730344257,0.03875457071120217,0.09603086306250228,0.057792098666170195,0.12176022694941879,0.22531204706738245,0.042580861362133036,0.04181418555455842
daily__body,0.5191127626395049,0.5293691861588423,0.12807915934122086,0.01897542911992273,0.5214980651329126,0.04781611224539035,0.08305786825536812,0.005426581116934378,0.037065037861090534,0.025143421206089943,0.04818531129341554,0.016504494970104852,0.024304061619435505,0.011344654314747162,0.9004722857804607,0.38907992948501985,0.8967886268329461,0.009965622637248,0.11874726690191985,0.22659545833032327,0.19994327080843935,0.182270779984495,0.22863904648974823,0.012969334084613017,0.03602414766774905,0.09218045865851106,0.03505752622377396,0.4304032135604324,0.29685086402532096,0.201242307737285,0.7023595744415843,0.9004722857804607,0.38907992948501985,0.009965622637248,0.11874726690191985,0.8967886268329461,0.13144549162528374,0.8079625858097141,0.5191127626395049,0.39880736016566315,0.11874726690191985,0.04706460373211412,0.9004722857804607,0.38907992948501985,0.8967886268329461,0.009965622637248,0.03938400915530834,1.0,0.01953978379663819,0.8287343938900806,0.20042397109835375,0.02581370559068296,0.0608331900070422,0.376426132226482,0.18294692042012187,0.10157699674729681,0.00312222482347931,0.899306311484767,0.3809003201961338,0.029227421567423927,0.06405495113540964,0.0050633781489211795,0.04601118350834698,0.899306311484767,0.3809003201961338,0.19236635085464676,0.029227421567423927,0.014359485590873532,0.11003805928277426,0.376426132226482,0.18294692042012187,0.008269852175985082,0.023409996415451044,0.899306311484767,0.3809003201961338,0.19236635085464676,0.029227421567423927,0.014359485590873532,0.11003805928277426,0.376426132226482,0.18294692042012187,0.899306311484767,0.44538907385166043,0.3809003201961338,0.27113162373310123,0.19236635085464676,0.12558033612163955,0.027312576384463043,0.031238711682266163,0.018751541296288768,0.020690764295261798,0.004252352411548527,0.014359485590873532,1.0,0.01300226008909699,0.8287509707948152,0.3203825079727754,0.11003805928277426,0.10196992165268266,0.0865592259195956,0.06572270942927681,0.19153296672833553,0.20047545936198263,0.19153296672833553,,0.031238711682266163,0.031238711682266163,0.034918088343248825,0.054570795476209466,0.01637670240328396,0.007923055118553788,0.12430473622946205,0.12060308931426456,0.12430473622946205,,0.018751541296288768,0.018751541296288768,0.012020202677665789,0.02968044932578742,0.006801217144722772,0.04035683669644959,0.014359485590873532,0.014031279857173293,0.014359485590873532,,0.021600401661714935,0.021600401661714935,0.01299752180950277,0.0029864148969115383,0.0029864148969115383,0.01768215308027466,0.031543036237481066,0.028029141862258557,0.031543036237481066,,0.021721946461147522,0.021721946461147522,0.04767940256809006,0.007660621537031403,0.007660621537031403,0.0077255230746205664,0.06572270942927681,0.012373444600247235,0.06572270942927681,,0.028792225289585544,0.028792225289585544,0.02923311582766495,0.0015475716556585769,0.0004489571946428302,0.02278063447802174,0.06052477321764694,0.03962927365241343,0.06052477321764694,,0.010328964836791077,0.010328964836791077,0.011095963972816966,0.03221090487064206,0.0068652575084812385,0.035645117937139585,0.6176159226580321,0.23901515170239498,0.10174058095699884,0.04187403869265417,0.03724773843763308,0.6999581631123966,0.2508084637622282,0.09617075122235487,0.08929175906133546,0.08030005263895071,0.6327273011691534,0.22830006828021837,0.1146012714320345,0.0810056103477223,0.08182602401490435,0.16842658578349318,0.17847271877896176,0.021622450514488915,0.0030269933112971113,0.011271063980154239,0.008269852175985082,0.09057100534162568,0.018265539084843106,0.023409996415451044
daily__gap,0.14325266584657453,0.11410435225619146,0.0025722432178711114,0.03589685806360012,0.1304305930295996,0.019469035770330618,0.000402757328513455,0.06536257385717219,0.03334869078098643,0.11864002992459009,0.025749398503231862,0.09084391668898012,0.10095943677897176,0.08080928865260886,0.38305712888708504,0.20636625558332075,0.37578541235803936,0.1270935049639786,0.08751347107485641,0.2339554465003278,0.12237077256118355,0.19356439056691047,0.23234805343126655,0.016960780846812972,0.02425702096168265,0.04802299181534768,0.056906947791546286,0.14117575937306,0.20428631919296733,0.07849965252906184,0.33669492532000306,0.38305712888708504,0.20636625558332075,0.1270935049639786,0.08751347107485641,0.37578541235803936,0.037525138484994,0.053884831727858955,0.14325266584657453,0.10961117666504068,0.08751347107485641,0.06697640716201447,0.38305712888708504,0.20636625558332075,0.37578541235803936,0.1270935049639786,1.0,0.0402833331899633,0.11445118108474038,0.10653430745910036,0.09837238405805551,0.061621649090366167,0.052846340192226234,0.19875708384522617,0.058254719503864044,0.070877696094661,0.10929033309616983,0.3497045305410879,0.20229583767014794,0.1145336049475048,0.025570250877699225,0.07064812239748137,0.08748129643214948,0.3497045305410879,0.20229583767014794,0.05246081643085803,0.1145336049475048,0.10999407443136876,0.08603884929991369,0.19875708384522617,0.058254719503864044,0.16694882126845947,0.02038370904729104,0.3497045305410879,0.20229583767014794,0.05246081643085803,0.1145336049475048,0.10999407443136876,0.08603884929991369,0.19875708384522617,0.058254719503864044,0.3497045305410879,0.2058567455555395,0.20229583767014794,0.11141467411044223,0.05246081643085803,0.05956500157640399,0.07572862833991637,0.11480437849205921,0.11620899980979076,0.08864813557195315,0.10779973276370192,0.10999407443136876,0.01300226008909699,1.0,0.08206793295879906,0.12017031828575502,0.08603884929991369,0.21185583509509337,0.14759022777508712,0.002314855952779929,0.05036476652380361,0.020551848188123292,0.05036476652380361,,0.11480437849205921,0.11480437849205921,0.11463779980521885,0.06528824920726428,0.1144888704081271,0.13603678896020205,0.05448234476877832,0.012371214403424714,0.05448234476877832,,0.11620899980979076,0.11620899980979076,0.11824488350187456,0.0628063155159706,0.06755303034509014,0.08795933099586133,0.10999407443136876,0.11390970850214865,0.10999407443136876,,0.0692135779211134,0.0692135779211134,0.0972856734285188,0.08611974538441144,0.08611974538441144,0.10705321671203805,0.12211343675846928,0.12235903162343274,0.12211343675846928,,0.030612213068402925,0.030612213068402925,0.10563233803715291,0.038592634640851525,0.038592634640851525,0.11404617097321551,0.002314855952779929,0.04637778343558497,0.002314855952779929,,0.06528659028476683,0.06528659028476683,0.06902967548463741,0.04953556027367615,0.06468011587138932,0.09475856245986033,0.04851673123070354,0.06545146447190517,0.04851673123070354,,0.1115470188509636,0.1115470188509636,0.11102341630065905,0.11301128708365359,0.11795230641466327,0.09214478824096972,0.3490114473526037,0.21934898997296595,0.1617661467737346,0.13627184750817556,0.12280886520190896,0.3025906604850396,0.20813764922773476,0.11776828823787072,0.14289978712570242,0.1313393114507491,0.3139473877835972,0.22350580218766944,0.13760987740275285,0.1778485043934951,0.16142441190610918,0.1255087038572676,0.18054508702153116,0.4067468391635846,0.15008954916415718,0.4253805515237152,0.16694882126845947,0.03623142427064438,0.04487707360610978,0.02038370904729104
daily__close_location,0.6852543447003714,0.7082986960802079,0.03736729307483287,0.04846639476347281,0.6946461088111048,0.01642278829654869,0.05445414439233149,0.032608273757995035,0.05723685380630309,0.0665620433614892,0.0633115569179773,0.046646224451576575,0.09159145469535247,0.02807437380428574,0.7807177101256115,0.3654319882854243,0.7804860614341722,0.08300037392672059,0.09814457912864852,0.3118034729265187,0.2392546809078592,0.26572215722524556,0.32570103729909305,0.01019417713805647,0.028860846287061405,0.07491780691864725,0.004206486334980315,0.37960976490224607,0.3485584977928049,0.18898549531657663,0.6817146816530743,0.7807177101256115,0.3654319882854243,0.08300037392672059,0.09814457912864852,0.7804860614341722,0.11106128564471149,0.7463774123643789,0.6852543447003714,0.3144103328579213,0.09814457912864852,0.053725190110932124,0.7807177101256115,0.3654319882854243,0.7804860614341722,0.08300037392672059,0.10505501809497292,0.8287343938900806,0.07964362530321291,1.0,0.2082471789044358,0.0398320875894458,0.07039783986802886,0.3615294941392538,0.19203083918226854,0.08845052271419968,0.06165654871754141,0.7809831298007416,0.36719238723387726,0.04370333327617326,0.054295142688006164,0.02524370186578748,0.05301971750405467,0.7809831298007416,0.36719238723387726,0.2039886727359994,0.04370333327617326,0.0713963904415746,0.09821717584475928,0.3615294941392538,0.19203083918226854,0.015225465054482412,0.03780482778638946,0.7809831298007416,0.36719238723387726,0.2039886727359994,0.04370333327617326,0.0713963904415746,0.09821717584475928,0.3615294941392538,0.19203083918226854,0.7809831298007416,0.4107049142144633,0.36719238723387726,0.2565808689269953,0.2039886727359994,0.1045794494208067,0.01832796521855351,0.04181230026238945,0.08849190800231467,0.06927562593150051,0.07165150837304711,0.0713963904415746,0.8287509707948152,0.08206793295879906,1.0,0.32273101927373904,0.09821717584475928,0.09533906892995803,0.055596388915519,0.050485863426667284,0.20200977177925175,0.21852810314028726,0.20200977177925175,,0.04181230026238945,0.04181230026238945,0.03713989060316023,0.02617919907103501,0.041922250716185064,0.07673227471683608,0.10137795329335274,0.11337837874736326,0.10137795329335274,,0.08849190800231467,0.08849190800231467,0.08342275557527151,0.03951380854131977,0.04597382770578691,0.09180313345268597,0.0713963904415746,0.05839636316356262,0.0713963904415746,,0.041253326692791165,0.041253326692791165,0.07274670498257658,0.08096666599580458,0.08096666599580458,0.042663030430139554,0.11504280669754828,0.10840617715785644,0.11504280669754828,,0.08908779190647494,0.08908779190647494,0.1245644819832391,0.09056042494190679,0.09056042494190679,0.0862263528400778,0.050485863426667284,0.014789862587896935,0.050485863426667284,,0.01626689950825681,0.01626689950825681,0.01449539389635041,0.050741407344826135,0.05316535642285326,0.020346305511873358,0.03672171254066792,0.012992097530946548,0.03672171254066792,,0.09006959525036486,0.09006959525036486,0.08994637502720816,0.10576552364667943,0.0779498850048306,0.04893241813854086,0.6404953193908876,0.30290455656919996,0.1989880300682264,0.07687548018083254,0.06714641457769394,0.7022430105606301,0.31165496542298027,0.18747445001469656,0.13886012216783156,0.13314655635123065,0.6373150639007545,0.3098730913655176,0.2172954389193001,0.11275930021108851,0.11050254659580583,0.21354696109170548,0.25480569209739046,0.03801191486946274,0.023662159410142103,0.026368709908677717,0.015225465054482412,0.07591864378932028,0.03977094559696435,0.03780482778638946
daily__distance_mean_20,0.2721461345180223,0.2594822390691862,0.01107708584593037,0.057056402605131645,0.25749478816125704,0.21563285514639743,0.6090227496664075,0.06674615584214508,0.12662425643844738,0.04760192559787403,0.10196726515890128,0.031200408349412352,0.005804944450676645,0.042832902243950546,0.3379444113285204,0.7077691247740092,0.35025029702914684,0.06909940237770695,0.5450952315995011,0.42160622993631947,0.4314916150162856,0.37404930824095545,0.6743838777803357,0.26259230219856217,0.2766164020530569,0.03394560457711623,0.08633827393793524,0.13474471280374395,0.5831941199137157,0.6271433973132614,0.310700211062608,0.3379444113285204,0.7077691247740092,0.06909940237770695,0.5450952315995011,0.35025029702914684,0.0002943052630295304,0.2570578248536074,0.2721461345180223,0.4459108102472937,0.5450952315995011,0.3486216118221996,0.3379444113285204,0.7077691247740092,0.35025029702914684,0.06909940237770695,0.1458638205210657,0.31990106996966533,0.03923080069319301,0.32237933504061606,0.6881876053179018,0.11627938789432972,0.2687210671375623,0.7085704484850919,0.8189781083652469,0.4799127898959698,0.07434185609234094,0.3337099059408379,0.6994950709546502,0.06537057435742934,0.5432099725371742,0.395736554597776,0.2120933204808711,0.3337099059408379,0.6994950709546502,0.8209644794762151,0.06537057435742934,0.03985611189861078,0.4913752951658567,0.7085704484850919,0.8189781083652469,0.18199494354338971,0.06745537339271912,0.3337099059408379,0.6994950709546502,0.8209644794762151,0.06537057435742934,0.03985611189861078,0.4913752951658567,0.7085704484850919,0.8189781083652469,0.3337099059408379,0.5577949765397396,0.6994950709546502,0.8815869819900918,0.8209644794762151,0.5212340588722246,0.019313854391524457,0.04725926314960223,0.22724586403144936,0.054604161840171535,0.04308743018395633,0.03985611189861078,0.3203825079727754,0.12017031828575502,0.32273101927373904,1.0,0.4913752951658567,0.0807460940208252,0.3112321849805289,0.39628984754104535,0.8191955374900328,0.5955727761819725,0.8191955374900328,,0.04725926314960223,0.04725926314960223,0.018500896288935385,0.29514120899533947,0.04309123995564124,0.3010923255038957,0.5127211238555295,0.3175692532733005,0.5127211238555295,,0.22724586403144936,0.22724586403144936,0.20998869459551064,0.1143358766858463,0.21016824549587365,0.3287313347178717,0.03985611189861078,0.015219214087718511,0.03985611189861078,,0.04224430322069342,0.04224430322069342,0.05992255559929816,0.035941442635335115,0.035941442635335115,0.052958676526982336,0.223492342267914,0.20682477530357482,0.223492342267914,,0.1333564877327624,0.1333564877327624,0.25024509912429876,0.08820863824844605,0.08820863824844605,0.12268587895044582,0.39628984754104535,0.17051645770144738,0.39628984754104535,,0.03893639458273851,0.03893639458273851,0.05231811968670667,0.11519088914570133,0.06895963380702468,0.03698604979338178,0.3975355951810496,0.0072566741722976625,0.3975355951810496,,0.13962858859135255,0.13962858859135255,0.14568416405831294,0.20362533603796715,0.10826214680034102,0.1040450552994248,0.21348219731401435,0.4322665848023555,0.6285977107073013,0.396392403276082,0.3887108117916698,0.27469721430236077,0.5342691802731482,0.6429581181199624,0.49456057576336654,0.5094510758370379,0.22216749829336455,0.4631872649427189,0.5808541562308173,0.3650387601072782,0.35951187525127126,0.4440700876001614,0.40398823720594584,0.024761892571010576,0.16666196950195353,0.04707742960159052,0.18199494354338971,0.23721137990106392,0.00890386497497544,0.06745537339271912
daily__amount_activity,0.14180499272748923,0.10568271974294435,0.0280711067752476,0.06608453032563753,0.14109914255728026,0.28022577278406086,0.7937196366452195,0.0781425037063167,0.09124619469447055,0.014840187253980357,0.03138373483201069,0.0001762121437577827,0.0793331990086554,0.044227646154623844,0.13705689888852032,0.41647752000941635,0.14783714495630831,0.039392621421573217,0.9564137357240805,0.162575001970033,0.19621737585173774,0.11591046883568638,0.3117321635954866,0.3841674080214139,0.467643596856988,0.07501882463386589,0.1918770808708396,0.4206165931538781,0.27727502143595245,0.3543087476165284,0.055657241118355426,0.13705689888852032,0.41647752000941635,0.039392621421573217,0.9564137357240805,0.14783714495630831,0.07384158834633492,0.08012085658442586,0.14180499272748923,0.1738556520648358,0.9564137357240805,0.5054871891907436,0.13705689888852032,0.41647752000941635,0.14783714495630831,0.039392621421573217,0.0849474516700136,0.10589722470542419,0.21755320486492444,0.10072682931556505,0.40462109820396913,0.10286098942896733,0.17243952582182148,0.4066497206232184,0.38218744820417044,0.331418099699497,0.03159014769361909,0.14065948519299415,0.4004949441038,0.015480021644720097,0.7229715846465803,0.56210205843063,0.23376019277374252,0.14065948519299415,0.4004949441038,0.39207958571185625,0.015480021644720097,0.02559535984082168,1.0,0.4066497206232184,0.38218744820417044,0.035832937187487514,0.00824951932644131,0.14065948519299415,0.4004949441038,0.39207958571185625,0.015480021644720097,0.02559535984082168,1.0,0.4066497206232184,0.38218744820417044,0.14065948519299415,0.31691334925132797,0.4004949441038,0.471442017009121,0.39207958571185625,0.35830463155253567,0.07765491935617452,0.008873052655182227,0.18309700273243637,0.1889431208212423,0.07932946935414677,0.02559535984082168,0.11003805928277426,0.08603884929991369,0.09821717584475928,0.4913752951658567,1.0,0.4113300721291864,0.6752255558157765,0.6629514835854607,0.3895285595093804,0.1876788446135115,0.3895285595093804,,0.008873052655182227,0.008873052655182227,0.012451905843256226,0.17608856183855937,0.017103319675940486,0.11491661069884825,0.35303459995032027,0.074334977837699,0.35303459995032027,,0.18309700273243637,0.18309700273243637,0.17236834816257635,0.12588914384741878,0.18213561682778254,0.22100273148995137,0.02559535984082168,0.019262636992810583,0.02559535984082168,,0.0985191632414464,0.0985191632414464,0.012661627023440048,0.02794651099962152,0.02794651099962152,0.08800903339491054,0.15499824735394718,0.15098251544246832,0.15499824735394718,,0.040900953612253856,0.040900953612253856,0.1523293983472073,0.013026601977305652,0.013026601977305652,0.10556639133606059,0.6629514835854607,0.30323132450315304,0.6629514835854607,,0.06072573499282084,0.06072573499282084,0.07613654129844881,0.19669337270464682,0.08057974418790805,0.11508866225454271,0.5726794104122013,0.05437322079386482,0.5726794104122013,,0.1589002846823415,0.1589002846823415,0.16393061216625174,0.2362156221882479,0.1631328417833336,0.0626826583266605,0.04689201948811478,0.1782361072906608,0.27471175766773304,0.2663592689764949,0.25715151216490895,0.0679911236266225,0.23963148096476308,0.24349282314788,0.3199362570340007,0.30024069798404934,0.04913566992715662,0.16451105368669838,0.21295874040014,0.19826261027412806,0.1853615103744935,0.2174063763512651,0.12144032689173821,0.0077472552934148035,0.0033649277617311363,0.028292312620635394,0.035832937187487514,0.12256553499340322,0.05491533375163535,0.00824951932644131
daily__log_amount_change,0.07415200346963485,0.09564644043031209,0.03458743630776337,0.05290799764837822,0.09507911213503137,0.05505700280532602,0.015447400819486415,0.29431363194835836,0.034597517356138044,0.061541613265751194,0.11562937769834322,0.021956923072541733,0.021773057270014672,0.03014509201121777,0.1834107035326767,0.11447606660723295,0.1776139188069594,0.045574309732964356,0.43421504800815147,0.08787199449355679,0.06346802998309792,0.0398580289699381,0.11127040867810974,0.012945118641912308,0.023542688596436937,0.028339013238230966,0.030765357389002785,0.04971315818527081,0.07922334362051518,0.048146221878543706,0.0693366674763039,0.1834107035326767,0.11447606660723295,0.045574309732964356,0.43421504800815147,0.1776139188069594,0.15969047347649473,0.08683169441887215,0.07415200346963485,0.022393405133664727,0.43421504800815147,0.09819170723305536,0.1834107035326767,0.11447606660723295,0.1776139188069594,0.045574309732964356,0.21605377139962229,0.10266865740686364,0.17141438186801725,0.11591859668956253,0.07480149615894761,0.05252826833926334,0.04198571052364425,0.10064502361185687,0.04064356815379078,0.048622526950559665,0.02352502109430778,0.18383411731996693,0.09971955217323601,0.023545820001640825,0.03146101435272193,0.04473368039609909,0.04581422114264862,0.18383411731996693,0.09971955217323601,0.04585047062845003,0.023545820001640825,0.029321775347193095,0.4113300721291864,0.10064502361185687,0.04064356815379078,0.06553945000972124,0.031239056105489715,0.18383411731996693,0.09971955217323601,0.04585047062845003,0.023545820001640825,0.029321775347193095,0.4113300721291864,0.10064502361185687,0.04064356815379078,0.18383411731996693,0.1269009730636938,0.09971955217323601,0.09481539685985661,0.04585047062845003,0.04497314117249947,0.03812921001641103,0.022596928563799405,0.034293454484146314,0.15543811035509805,0.03425011481968052,0.029321775347193095,0.10196992165268266,0.21185583509509337,0.09533906892995803,0.0807460940208252,0.4113300721291864,1.0,0.3834510729569192,0.20693683646980543,0.04558725677055381,0.02898406745224979,0.04558725677055381,,0.022596928563799405,0.022596928563799405,0.01990803426446761,0.005861774779706182,0.040115286168884434,0.03293756424484393,0.04377936757463882,0.0023475400881052726,0.04377936757463882,,0.034293454484146314,0.034293454484146314,0.032269128497493575,0.010991912058373918,0.022085724118321923,0.03848417720459099,0.029321775347193095,0.03832353818967856,0.029321775347193095,,0.015258306299927608,0.015258306299927608,0.02460142928883478,0.024356398821959366,0.024356398821959366,0.01962246071854243,0.036367423447497986,0.040861222640481816,0.036367423447497986,,0.009323191573817603,0.009323191573817603,0.03463798415642243,0.008540167380226607,0.008540167380226607,0.0272261842323174,0.20693683646980543,0.13966491947471912,0.20693683646980543,,0.03455802467825371,0.03455802467825371,0.03910865680447596,0.05684468558927572,0.046421709819535584,0.008590326778281906,0.1793573524053343,0.09295555267808701,0.1793573524053343,,0.02776407745407308,0.02776407745407308,0.02786185702383722,0.043549241712718734,0.03339470648670254,0.005197060749446752,0.08994652175024732,0.07763737852333945,0.0557538781073538,0.12980197902960283,0.10886482138185909,0.07510340636192522,0.08253430652340239,0.039407412215226846,0.12921615715800178,0.10666117919639047,0.0657412706935651,0.04894518626912993,0.03082060299234311,0.11415649321146823,0.1094689348210475,0.06058845743080182,0.025116387474406556,0.08745532050072613,0.07067279362305112,0.10304003022634359,0.06553945000972124,0.04807689621451768,0.0848110821968673,0.031239056105489715
daily__log_amount_change_mean_5,0.08558118120992018,0.030774896041390193,0.04778890013611624,0.06228964917761148,0.07354814586765375,0.23400222569816947,0.4651579963620845,0.039997418504118476,0.02702864082174427,0.04921311817863542,0.0320057630402458,0.07791317831885783,0.021092237623677786,0.022636140790299006,0.13701422302429214,0.5021270932861163,0.14007065701646057,0.051343309963789954,0.6669764255971152,0.2187601818541468,0.20933602651583988,0.17333829728038957,0.21748502144517892,0.2545194275331621,0.15802350381474173,0.15733268915411047,0.2540440665028257,0.2758116296631904,0.3315852156108187,0.24413233237711518,0.06280403595735726,0.13701422302429214,0.5021270932861163,0.051343309963789954,0.6669764255971152,0.14007065701646057,0.0850784294024838,0.06015202205265884,0.08558118120992018,0.15467685830397046,0.6669764255971152,0.3454507350871736,0.13701422302429214,0.5021270932861163,0.14007065701646057,0.051343309963789954,0.13373737795075205,0.10343926354420847,0.17149548566193631,0.07212643658165285,0.22435851970978907,0.0009968177000484555,0.12801382352834273,0.42747982459313405,0.13723831016376203,0.17665719557184417,0.032317629869184426,0.12971213719871408,0.4343912218091675,0.03645403847178723,0.39469843126699494,0.19817421454217574,0.10727440042740541,0.12971213719871408,0.4343912218091675,0.16908491944013418,0.03645403847178723,0.043363049615384806,0.6752255558157765,0.42747982459313405,0.13723831016376203,0.14851783637372626,0.09226234983751218,0.12971213719871408,0.4343912218091675,0.16908491944013418,0.03645403847178723,0.043363049615384806,0.6752255558157765,0.42747982459313405,0.13723831016376203,0.12971213719871408,0.35286272301384536,0.4343912218091675,0.2704555339955347,0.16908491944013418,0.17482290932346284,0.10776473197324093,0.03385105522433178,0.079006113739936,0.14247188735647084,0.04082791186289641,0.043363049615384806,0.0865592259195956,0.14759022777508712,0.055596388915519,0.3112321849805289,0.6752255558157765,0.3834510729569192,1.0,0.300556884947079,0.16647472125346546,0.0925448894579547,0.16647472125346546,,0.03385105522433178,0.03385105522433178,0.019344913302812242,0.045440744498874364,0.05075531985656828,0.06630498891610359,0.17262416298705147,0.061079597913691684,0.17262416298705147,,0.079006113739936,0.079006113739936,0.0701783409545681,0.03994564172222997,0.09704734042379379,0.12366507456997304,0.043363049615384806,0.03298589031642154,0.043363049615384806,,0.02753652400862542,0.02753652400862542,0.04485867007455413,0.05323648300341933,0.05323648300341933,0.036206014131797436,0.08835399722904125,0.08926856820018746,0.08835399722904125,,0.03391978843430691,0.03391978843430691,0.09894784826548021,0.027011211374298554,0.027011211374298554,0.04552931187496058,0.300556884947079,0.1440651170904601,0.300556884947079,,0.043440033311816874,0.043440033311816874,0.05690982479673799,0.10914644530295918,0.06084541449534774,0.026994985324896022,0.332991632081937,0.08446444950425153,0.332991632081937,,0.09636248496998599,0.09636248496998599,0.10085071101564502,0.1335253205736181,0.09552180291359309,0.040427099199029704,0.02080621422582692,0.17855117942990653,0.14109328321401512,0.20879879789407776,0.18350514071976626,0.040503868021457425,0.21805611379339565,0.10619902115786628,0.2293322550680467,0.19922499514589176,0.01995086342670518,0.1855965132237798,0.11377808014704496,0.18369315869492955,0.174380324090191,0.22368627477849698,0.1763358722477307,0.04714467762541142,0.11945645251048899,0.06532670050790594,0.14851783637372626,0.13720130351479226,0.0014561628212194865,0.09226234983751218
daily__log_amount_change_mean_20,0.06322484552944979,0.07052081310239977,0.010302368136810434,0.11520486467503187,0.06377940635988837,0.20408378306813313,0.6739750732724223,0.05835665785755643,0.036303656993312165,0.08932882725986174,0.05773144393834049,0.18175855447660721,0.224596082608253,0.17787049582181427,0.069402054086162,0.2066921229823533,0.0773642744368542,0.045618987200388095,0.6463223635637428,0.004608590630362309,0.014518419406352673,0.050019217872782504,0.18775938876175394,0.30651722705139384,0.4857242630528092,0.20817787651188438,0.008457944409282239,0.2813906088839501,0.11299129214464951,0.2036246629330437,0.006073985160509758,0.069402054086162,0.2066921229823533,0.045618987200388095,0.6463223635637428,0.0773642744368542,0.08090506933513263,0.04902185198577231,0.06322484552944979,0.0940379565048881,0.6463223635637428,0.3520751424336717,0.069402054086162,0.2066921229823533,0.0773642744368542,0.045618987200388095,0.0017521326475217669,0.07148281920545732,0.2127662183528346,0.058663143627002486,0.45095890538628697,0.14242040070152953,0.2213006725765698,0.2211032040510212,0.5121475131459389,0.39592489715551493,0.0053107846122581025,0.06273209886916366,0.20684749967484367,0.026041331508525098,0.5814131615982611,0.6098013296412004,0.2451273396387844,0.06273209886916366,0.20684749967484367,0.5115747470778836,0.026041331508525098,0.04149337954175907,0.6629514835854607,0.2211032040510212,0.5121475131459389,0.053316344977368695,0.10283390465007755,0.06273209886916366,0.20684749967484367,0.5115747470778836,0.026041331508525098,0.04149337954175907,0.6629514835854607,0.2211032040510212,0.5121475131459389,0.06273209886916366,0.12832715379868695,0.20684749967484367,0.3194957363178241,0.5115747470778836,0.4443665483126384,0.061342372385113406,0.04117759837810549,0.1746677561420497,0.1771604847838198,0.12371324151354708,0.04149337954175907,0.06572270942927681,0.002314855952779929,0.050485863426667284,0.39628984754104535,0.6629514835854607,0.20693683646980543,0.300556884947079,1.0,0.5119052594591164,0.27515501928631486,0.5119052594591164,,0.04117759837810549,0.04117759837810549,0.06416018685045662,0.2962196249286366,0.08400053670565165,0.12165310052638129,0.4391561910109664,0.12578316764273675,0.4391561910109664,,0.1746677561420497,0.1746677561420497,0.17003573016590798,0.22542141507094948,0.08694676539829933,0.1736251997674995,0.04149337954175907,0.03157409392001207,0.04149337954175907,,0.2504178903739596,0.2504178903739596,0.05889252361558818,0.16416213550881228,0.16416213550881228,0.061560184047213626,0.1449589308152164,0.14554374541425807,0.1449589308152164,,0.03914052436856365,0.03914052436856365,0.12131373978108098,0.09181073266373733,0.09181073266373733,0.12910019457227095,1.0,0.44288159287006484,1.0,,0.0672816217352971,0.0672816217352971,0.08143704312071398,0.27531155305768984,0.0958646283087452,0.22629129673585677,0.5823636140364298,0.02051178809195862,0.5823636140364298,,0.13226225400889047,0.13226225400889047,0.1368052653723144,0.2194481881882449,0.1463163054155073,0.09568249475981422,0.029053636138279423,0.046331487517245785,0.2690474310826407,0.13623845369836574,0.14664530057700825,0.03381158257887508,0.06328294323966265,0.2608685220357978,0.14212805987635443,0.12834635709498135,0.019220635281822527,0.052134408669917795,0.19053589699873003,0.06034880992738139,0.04643066668524203,0.03539126237058335,0.059805812275174536,0.049790187862291946,0.09469585815670888,0.027243269026434314,0.053316344977368695,0.183316324535,0.10743727430613005,0.10283390465007755
tsf__return__sum_values__20,0.16466233920104054,0.15827103807876935,0.027120988194751203,0.0885877657458735,0.16071998106932572,0.2838258350235354,0.542612110673433,0.0568684474832432,0.0017270293132362097,0.03142300383679694,0.00445703204323894,0.06127234423380468,0.1309895219631528,0.05345991654308084,0.20505197819085172,0.4321771582670628,0.21822560222600865,0.022513705626124706,0.4436634574565609,0.22526515035774192,0.19716283086502942,0.23518076861841988,0.5381999452079689,0.21218705771018997,0.29913448824854233,0.11832294896567404,0.00542094662230192,0.17268780567195718,0.359535772778359,0.4444344580391877,0.19464455121333205,0.20505197819085172,0.4321771582670628,0.022513705626124706,0.4436634574565609,0.21822560222600865,0.03637230916989492,0.18291125073155443,0.16466233920104054,0.3285394255866276,0.4436634574565609,0.2742100472539322,0.20505197819085172,0.4321771582670628,0.21822560222600865,0.022513705626124706,0.059927605347756714,0.2085024733889309,0.14154886049557644,0.21271067928233064,0.7190712589405128,0.23122323848620524,0.2856190627478826,0.43380194108116127,0.9985187254028477,0.5454210736161521,0.007542702878893722,0.18798394976941346,0.42062201382436476,0.0005900994644324929,0.45461238700565965,0.4524768383481826,0.24973723601700884,0.18798394976941346,0.42062201382436476,0.9995737064151434,0.0005900994644324929,0.06018837628996495,0.3895285595093804,0.43380194108116127,0.9985187254028477,0.024592740523964967,0.0911045756660955,0.18798394976941346,0.42062201382436476,0.9995737064151434,0.0005900994644324929,0.06018837628996495,0.3895285595093804,0.43380194108116127,0.9985187254028477,0.18798394976941346,0.30917052082512747,0.42062201382436476,0.6435832919672192,0.9995737064151434,0.5932314244866678,0.095050519873828,0.02535824466361898,0.19705230524339437,0.15090105716485241,0.17284596004660646,0.06018837628996495,0.19153296672833553,0.05036476652380361,0.20200977177925175,0.8191955374900328,0.3895285595093804,0.04558725677055381,0.16647472125346546,0.5119052594591164,1.0,0.712300085757014,1.0,,0.02535824466361898,0.02535824466361898,0.05467094076913942,0.396087081294428,0.02694195590544979,0.2829553629372761,0.5857817710829138,0.3726904191346068,0.5857817710829138,,0.19705230524339437,0.19705230524339437,0.1818016324946831,0.19074487608481813,0.18056739672938243,0.3237886191455012,0.06018837628996495,0.07950414710544765,0.06018837628996495,,0.16366685617959192,0.16366685617959192,0.03229757996196031,0.07391231155124008,0.07391231155124008,0.030062619094243414,0.18563417189241288,0.17454487739081498,0.18563417189241288,,0.10987287764345545,0.10987287764345545,0.22145355873549283,0.07822182666889196,0.07822182666889196,0.09662164738499181,0.5119052594591164,0.281911917017086,0.5119052594591164,,0.07013183421312,0.07013183421312,0.08293036959000857,0.11538112329583115,0.07413268093127079,0.04428112412712261,0.45305142716471747,0.018206532037785217,0.45305142716471747,,0.06194723986967709,0.06194723986967709,0.06690552681762874,0.12449781568608481,0.03217915432882862,0.1980777783655805,0.0876102552807655,0.21723322628174976,0.7046362557022493,0.2726906346338962,0.27281900365735623,0.1243394965944063,0.28237879188937753,0.739061267516401,0.31306628596018815,0.33782094190798606,0.09592184548880735,0.2602979930426422,0.6580253637730453,0.19486638896499628,0.19912379572496877,0.23503660562669845,0.2601646484756372,0.042028602405797214,0.009363037267723091,0.015878127434563728,0.024592740523964967,0.2574028814836754,0.04070479575959576,0.0911045756660955
tsf__return__median__20,0.15444792766498397,0.12380483669733934,0.045595148633394464,0.0031009853141623573,0.14648459350650675,0.14011700912122044,0.293135002529952,0.028669132585387194,0.08492365207288077,0.1402076859521245,0.0714064217371245,0.06944543733510199,0.15438035418623652,0.057300358172420754,0.18070377309357225,0.3015660331642659,0.1890215628418377,0.14408894265107083,0.232495267886804,0.18912122094366113,0.11072099591509252,0.20442075384825809,0.36088078756751524,0.0160496669821694,0.056712757408333925,0.07331855461253534,0.013794689819728319,0.024342405508533366,0.2918917200938953,0.2997848628413922,0.1694169094963907,0.18070377309357225,0.3015660331642659,0.14408894265107083,0.232495267886804,0.1890215628418377,0.0007995107563226481,0.17424755123177718,0.15444792766498397,0.29838709059185564,0.232495267886804,0.15535806591108572,0.18070377309357225,0.3015660331642659,0.1890215628418377,0.14408894265107083,0.026594751928377063,0.19367669050109682,0.16813334576009123,0.21017096202609897,0.47417061779586145,0.1811777619068649,0.07677504474423963,0.31293095186275516,0.7036845920254806,0.2695446950458438,0.0688181823055103,0.18663305437372876,0.3042922331239913,0.06312708107297901,0.21420782327035168,0.2192879213440539,0.06343802549689877,0.18663305437372876,0.3042922331239913,0.7077494618302979,0.06312708107297901,0.09379972492119842,0.1876788446135115,0.31293095186275516,0.7036845920254806,0.00037181759880750974,0.09307060593027232,0.18663305437372876,0.3042922331239913,0.7077494618302979,0.06312708107297901,0.09379972492119842,0.1876788446135115,0.31293095186275516,0.7036845920254806,0.18663305437372876,0.22619543369734216,0.3042922331239913,0.45718272938821025,0.7077494618302979,0.32673226930256744,0.1006038485288384,0.07668722143758765,0.01626266448143119,0.16781056121905027,0.18439247609327855,0.09379972492119842,0.20047545936198263,0.020551848188123292,0.21852810314028726,0.5955727761819725,0.1876788446135115,0.02898406745224979,0.0925448894579547,0.27515501928631486,0.712300085757014,1.0,0.712300085757014,,0.07668722143758765,0.07668722143758765,0.09592773700018979,0.19160594585056598,0.053196950866493245,0.10643981031277218,0.3239862861356747,0.46203270978246946,0.3239862861356747,,0.01626266448143119,0.01626266448143119,0.007433151605998562,0.09652375236909046,0.0883742610904266,0.18282405562704762,0.09379972492119842,0.1335547617242764,0.09379972492119842,,0.11009942719996492,0.11009942719996492,0.04398907101570176,0.03708348252576388,0.03708348252576388,0.14566249980916754,0.0029831631054229157,0.00282565022618871,0.0029831631054229157,,0.13347207193336183,0.13347207193336183,0.07249779772882821,0.1325493996343611,0.1325493996343611,0.06749182426841158,0.27515501928631486,0.2899433073551817,0.27515501928631486,,0.10639684430859613,0.10639684430859613,0.09844160987835185,0.06496064458290864,0.08104078801070448,0.12213858414657205,0.145046489044173,0.08343227423133787,0.145046489044173,,0.13417782100406686,0.13417782100406686,0.13284628279598176,0.07183574538544629,0.12116195353955754,0.21322411425004334,0.10807320187140676,0.19113019502581,0.4831546127758254,0.21996100181961287,0.21501812442934792,0.1287678138687688,0.19045661111460546,0.5206293317638029,0.21267476232703375,0.23665690391022304,0.10537256329907668,0.2170026066853493,0.45479370581468503,0.1515766710245041,0.15933181515066488,0.11211973662287597,0.20695927871702227,0.02231724126334953,0.006572352925359867,0.012255439789869179,0.00037181759880750974,0.18966292343611674,0.02346192681710466,0.09307060593027232
tsf__return__mean__20,0.16466233920104054,0.15827103807876935,0.027120988194751203,0.0885877657458735,0.16071998106932572,0.2838258350235354,0.542612110673433,0.0568684474832432,0.0017270293132362097,0.03142300383679694,0.00445703204323894,0.06127234423380468,0.1309895219631528,0.05345991654308084,0.20505197819085172,0.4321771582670628,0.21822560222600865,0.022513705626124706,0.4436634574565609,0.22526515035774192,0.19716283086502942,0.23518076861841988,0.5381999452079689,0.21218705771018997,0.29913448824854233,0.11832294896567404,0.00542094662230192,0.17268780567195718,0.359535772778359,0.4444344580391877,0.19464455121333205,0.20505197819085172,0.4321771582670628,0.022513705626124706,0.4436634574565609,0.21822560222600865,0.03637230916989492,0.18291125073155443,0.16466233920104054,0.3285394255866276,0.4436634574565609,0.2742100472539322,0.20505197819085172,0.4321771582670628,0.21822560222600865,0.022513705626124706,0.059927605347756714,0.2085024733889309,0.14154886049557644,0.21271067928233064,0.7190712589405128,0.23122323848620524,0.2856190627478826,0.43380194108116127,0.9985187254028477,0.5454210736161521,0.007542702878893722,0.18798394976941346,0.42062201382436476,0.0005900994644324929,0.45461238700565965,0.4524768383481826,0.24973723601700884,0.18798394976941346,0.42062201382436476,0.9995737064151434,0.0005900994644324929,0.06018837628996495,0.3895285595093804,0.43380194108116127,0.9985187254028477,0.024592740523964967,0.0911045756660955,0.18798394976941346,0.42062201382436476,0.9995737064151434,0.0005900994644324929,0.06018837628996495,0.3895285595093804,0.43380194108116127,0.9985187254028477,0.18798394976941346,0.30917052082512747,0.42062201382436476,0.6435832919672192,0.9995737064151434,0.5932314244866678,0.095050519873828,0.02535824466361898,0.19705230524339437,0.15090105716485241,0.17284596004660646,0.06018837628996495,0.19153296672833553,0.05036476652380361,0.20200977177925175,0.8191955374900328,0.3895285595093804,0.04558725677055381,0.16647472125346546,0.5119052594591164,1.0,0.712300085757014,1.0,,0.02535824466361898,0.02535824466361898,0.05467094076913942,0.396087081294428,0.02694195590544979,0.2829553629372761,0.5857817710829138,0.3726904191346068,0.5857817710829138,,0.19705230524339437,0.19705230524339437,0.1818016324946831,0.19074487608481813,0.18056739672938243,0.3237886191455012,0.06018837628996495,0.07950414710544765,0.06018837628996495,,0.16366685617959192,0.16366685617959192,0.03229757996196031,0.07391231155124008,0.07391231155124008,0.030062619094243414,0.18563417189241288,0.17454487739081498,0.18563417189241288,,0.10987287764345545,0.10987287764345545,0.22145355873549283,0.07822182666889196,0.07822182666889196,0.09662164738499181,0.5119052594591164,0.281911917017086,0.5119052594591164,,0.07013183421312,0.07013183421312,0.08293036959000857,0.11538112329583115,0.07413268093127079,0.04428112412712261,0.45305142716471747,0.018206532037785217,0.45305142716471747,,0.06194723986967709,0.06194723986967709,0.06690552681762874,0.12449781568608481,0.03217915432882862,0.1980777783655805,0.0876102552807655,0.21723322628174976,0.7046362557022493,0.2726906346338962,0.27281900365735623,0.1243394965944063,0.28237879188937753,0.739061267516401,0.31306628596018815,0.33782094190798606,0.09592184548880735,0.2602979930426422,0.6580253637730453,0.19486638896499628,0.19912379572496877,0.23503660562669845,0.2601646484756372,0.042028602405797214,0.009363037267723091,0.015878127434563728,0.024592740523964967,0.2574028814836754,0.04070479575959576,0.0911045756660955
tsf__return__length__20,,,,,,,,,,,,,,,,,,,,,,,,,,,,,,,,,,,,,,,,,,,,,,,,,,,,,,,,,,,,,,,,,,,,,,,,,,,,,,,,,,,,,,,,,,,,,,,,,,,,,,,,,,,,,,,,,,,,,,,,,,,,,,,,,,,,,,,,,,,,,,,,,,,,,,,,,,,,,,,,,,,,,,,,,,,,,,,,,,,,,,,,,
tsf__return__standard_deviation__20,0.05902070135934599,0.055624972003797145,0.033049566705367024,0.0011392559794640553,0.06803601856459891,0.07404240837648694,0.06693837291090565,0.012730918290155003,0.10784335611921819,0.9286785217819701,0.08917246848281331,0.0641212852166199,0.8362866369965761,0.044731897673074145,0.010848189054619447,0.08488978366822397,9.942004971002485e-05,0.8355585297524784,0.04846449674035881,0.1856049287812974,0.10174890683271766,0.11578647737195992,0.48897523287067485,0.1266152191584639,0.14452676436675238,0.026303406760488247,0.1566725792613522,0.048037795414384986,0.14323115512573936,0.19565929118045913,0.11136190939521855,0.010848189054619447,0.08488978366822397,0.8355585297524784,0.04846449674035881,9.942004971002485e-05,0.09324089831350298,0.026925190823571102,0.05902070135934599,0.0789365681542962,0.04846449674035881,0.06179283608981405,0.010848189054619447,0.08488978366822397,9.942004971002485e-05,0.8355585297524784,0.12049489930818669,0.017147596997794806,0.5730150680759651,0.07337796729806496,0.07523118628508868,0.4991444276455352,0.16372462475816882,0.02740540441328501,0.012176481866133996,0.20597445578057544,0.9926729040080546,0.004404828604702559,0.036415987179469,0.9985431608500351,0.030120731387302497,0.035429671642802106,0.09500711944997467,0.004404828604702559,0.036415987179469,0.0049571901398200524,0.9985431608500351,0.934939792606077,0.008873052655182227,0.02740540441328501,0.012176481866133996,0.07916336529993254,0.04000590230617621,0.004404828604702559,0.036415987179469,0.0049571901398200524,0.9985431608500351,0.934939792606077,0.008873052655182227,0.02740540441328501,0.012176481866133996,0.004404828604702559,0.041351200994270254,0.036415987179469,0.021824340838500045,0.0049571901398200524,0.20882906440402862,0.5914299411246683,1.0,0.6537307402093722,0.5440220914145617,0.7114213491506969,0.934939792606077,0.031238711682266163,0.11480437849205921,0.04181230026238945,0.04725926314960223,0.008873052655182227,0.022596928563799405,0.03385105522433178,0.04117759837810549,0.02535824466361898,0.07668722143758765,0.02535824466361898,,1.0,1.0,0.9962313021837771,0.7827385787797567,0.896254529786214,0.810497602334904,0.22401250715822052,0.5259080857958219,0.22401250715822052,,0.6537307402093722,0.6537307402093722,0.6616371298661204,0.5452055521714422,0.2691519424208083,0.27924898523374675,0.934939792606077,0.8224543035861724,0.934939792606077,,0.7971357012055631,0.7971357012055631,0.9407282293986514,0.8537036958981005,0.8537036958981005,0.7291541143680937,0.6975340637774653,0.6844036630197273,0.6975340637774653,,0.11894079483801645,0.11894079483801645,0.6040366626848623,0.20940943018246203,0.20940943018246203,0.6761425574510413,0.04117759837810549,0.24008952811661666,0.04117759837810549,,0.5197090125226691,0.5197090125226691,0.5164395275754574,0.3521745309083076,0.38205561164805385,0.5935684643414388,0.19709082772994088,0.17903107815506275,0.19709082772994088,,0.6738023224948515,0.6738023224948515,0.6697385748167568,0.5348973777093282,0.6293192242042527,0.6153936999278222,0.01954559355912571,0.14890198599373436,0.28500543661058014,0.1364173521307157,0.16348320333896565,0.005686825136622897,0.09466104275451398,0.2171196733212903,0.11017368185136216,0.1096316793078643,0.01970204676170618,0.11302699022294636,0.21940167872627855,0.09095160919029331,0.09513781039375567,0.008911751327198599,0.05925761794415406,0.030456020165631672,0.05192667505065061,0.0506908600551517,0.07916336529993254,0.24209624194788754,0.02748062960088084,0.04000590230617621
tsf__return__variance__20,0.05902070135934599,0.055624972003797145,0.033049566705367024,0.0011392559794640553,0.06803601856459891,0.07404240837648694,0.06693837291090565,0.012730918290155003,0.10784335611921819,0.9286785217819701,0.08917246848281331,0.0641212852166199,0.8362866369965761,0.044731897673074145,0.010848189054619447,0.08488978366822397,9.942004971002485e-05,0.8355585297524784,0.04846449674035881,0.1856049287812974,0.10174890683271766,0.11578647737195992,0.48897523287067485,0.1266152191584639,0.14452676436675238,0.026303406760488247,0.1566725792613522,0.048037795414384986,0.14323115512573936,0.19565929118045913,0.11136190939521855,0.010848189054619447,0.08488978366822397,0.8355585297524784,0.04846449674035881,9.942004971002485e-05,0.09324089831350298,0.026925190823571102,0.05902070135934599,0.0789365681542962,0.04846449674035881,0.06179283608981405,0.010848189054619447,0.08488978366822397,9.942004971002485e-05,0.8355585297524784,0.12049489930818669,0.017147596997794806,0.5730150680759651,0.07337796729806496,0.07523118628508868,0.4991444276455352,0.16372462475816882,0.02740540441328501,0.012176481866133996,0.20597445578057544,0.9926729040080546,0.004404828604702559,0.036415987179469,0.9985431608500351,0.030120731387302497,0.035429671642802106,0.09500711944997467,0.004404828604702559,0.036415987179469,0.0049571901398200524,0.9985431608500351,0.934939792606077,0.008873052655182227,0.02740540441328501,0.012176481866133996,0.07916336529993254,0.04000590230617621,0.004404828604702559,0.036415987179469,0.0049571901398200524,0.9985431608500351,0.934939792606077,0.008873052655182227,0.02740540441328501,0.012176481866133996,0.004404828604702559,0.041351200994270254,0.036415987179469,0.021824340838500045,0.0049571901398200524,0.20882906440402862,0.5914299411246683,1.0,0.6537307402093722,0.5440220914145617,0.7114213491506969,0.934939792606077,0.031238711682266163,0.11480437849205921,0.04181230026238945,0.04725926314960223,0.008873052655182227,0.022596928563799405,0.03385105522433178,0.04117759837810549,0.02535824466361898,0.07668722143758765,0.02535824466361898,,1.0,1.0,0.9962313021837771,0.7827385787797567,0.896254529786214,0.810497602334904,0.22401250715822052,0.5259080857958219,0.22401250715822052,,0.6537307402093722,0.6537307402093722,0.6616371298661204,0.5452055521714422,0.2691519424208083,0.27924898523374675,0.934939792606077,0.8224543035861724,0.934939792606077,,0.7971357012055631,0.7971357012055631,0.9407282293986514,0.8537036958981005,0.8537036958981005,0.7291541143680937,0.6975340637774653,0.6844036630197273,0.6975340637774653,,0.11894079483801645,0.11894079483801645,0.6040366626848623,0.20940943018246203,0.20940943018246203,0.6761425574510413,0.04117759837810549,0.24008952811661666,0.04117759837810549,,0.5197090125226691,0.5197090125226691,0.5164395275754574,0.3521745309083076,0.38205561164805385,0.5935684643414388,0.19709082772994088,0.17903107815506275,0.19709082772994088,,0.6738023224948515,0.6738023224948515,0.6697385748167568,0.5348973777093282,0.6293192242042527,0.6153936999278222,0.01954559355912571,0.14890198599373436,0.28500543661058014,0.1364173521307157,0.16348320333896565,0.005686825136622897,0.09466104275451398,0.2171196733212903,0.11017368185136216,0.1096316793078643,0.01970204676170618,0.11302699022294636,0.21940167872627855,0.09095160919029331,0.09513781039375567,0.008911751327198599,0.05925761794415406,0.030456020165631672,0.05192667505065061,0.0506908600551517,0.07916336529993254,0.24209624194788754,0.02748062960088084,0.04000590230617621
tsf__return__root_mean_square__20,0.048665728015069895,0.0488824241401381,0.027152110360310677,0.0018244083595109714,0.05780329109578617,0.049240523721520206,0.033495210563239945,0.010367419468512534,0.10754301099128685,0.9260718846925744,0.09162095368991921,0.07718412282306805,0.8446437204043695,0.05949722937552552,0.0036737978870280048,0.06366367911774796,0.008834471870066123,0.8412861454766266,0.01783377645446611,0.18538525000120615,0.10277541463163599,0.1249566994791072,0.4800198529133752,0.1497207368082039,0.17101688820048463,0.033181033869524076,0.17336540853976964,0.03509506167440601,0.13251622138364363,0.1781474743112811,0.1034665742870564,0.0036737978870280048,0.06366367911774796,0.8412861454766266,0.01783377645446611,0.008834471870066123,0.09438249530135294,0.017759168415546894,0.048665728015069895,0.09165429700378086,0.01783377645446611,0.040505829765575194,0.0036737978870280048,0.06366367911774796,0.008834471870066123,0.8412861454766266,0.1182007625569316,0.021424542552297948,0.5914251636278761,0.06841486410213743,0.09443458976015355,0.5080214607355534,0.15463082707113576,0.00781580493569497,0.04164341982154826,0.22348494146217734,0.986566806402043,0.010315268713753599,0.01725747025458924,0.9940401833742102,0.05822216470559839,0.017802897574631136,0.07526161960797582,0.010315268713753599,0.01725747025458924,0.034949384616380204,0.9940401833742102,0.9401825781232206,0.012451905843256226,0.00781580493569497,0.04164341982154826,0.08604913362481291,0.044578073349140684,0.010315268713753599,0.01725747025458924,0.034949384616380204,0.9940401833742102,0.9401825781232206,0.012451905843256226,0.00781580493569497,0.04164341982154826,0.010315268713753599,0.029123191230481568,0.01725747025458924,0.004871113222216227,0.034949384616380204,0.230501188632981,0.6054025945967644,0.9962313021837771,0.6495899189256342,0.5629075419569651,0.729248500537027,0.9401825781232206,0.034918088343248825,0.11463779980521885,0.03713989060316023,0.018500896288935385,0.012451905843256226,0.01990803426446761,0.019344913302812242,0.06416018685045662,0.05467094076913942,0.09592773700018979,0.05467094076913942,,0.9962313021837771,0.9962313021837771,1.0,0.7914103456821002,0.8993333386295322,0.7918292358609192,0.24530285965718973,0.5376344113794445,0.24530285965718973,,0.6495899189256342,0.6495899189256342,0.6587557240144228,0.5542930686371926,0.27139946129583364,0.27193431684455827,0.9401825781232206,0.8268285235479755,0.9401825781232206,,0.8033845416274981,0.8033845416274981,0.9456892885835159,0.8596236504203253,0.8596236504203253,0.732914278755203,0.6960575424867609,0.6796233782849104,0.6960575424867609,,0.1256350530353052,0.1256350530353052,0.605475053480875,0.21466729962563044,0.21466729962563044,0.6753753849948223,0.06416018685045662,0.22336902044047782,0.06416018685045662,,0.5249027060101691,0.5249027060101691,0.5198175899395836,0.35103292184270357,0.38691114138639626,0.6035294355362273,0.219084904013535,0.1785383275160811,0.219084904013535,,0.6712387722452116,0.6712387722452116,0.6666225699979496,0.5267497753721418,0.6246623316470195,0.6245320728168494,0.01794302626711062,0.14804751931561289,0.27297424061595904,0.12222212639693913,0.14846502270285236,0.0033144859743850174,0.09281765915492272,0.19873172289362576,0.10322019389582628,0.10160325281134795,0.02017638191299256,0.11686921551600035,0.21371142599299134,0.08844548319051312,0.09076154342687576,0.00662565491974006,0.06664718464949729,0.034368905207405126,0.059270746422533126,0.054654545647541665,0.08604913362481291,0.24770964397677658,0.024837400002158005,0.044578073349140684
tsf__return__maximum__20,0.008917793324786977,0.009089444038074811,0.047186873914443046,0.09830267894262132,0.01541159490845631,0.002135260459756443,0.17995165712066644,0.03329091371571419,0.132060097446023,0.7646488940857371,0.12766083100868847,0.0742329612691076,0.6457156642019015,0.05490748161300453,0.03523894833886329,0.12023162505374373,0.05110797472239063,0.7327927496890504,0.1378392549489608,0.001182732162787928,0.09440314307135816,0.03999963639174077,0.11746175949466309,0.19132696287438777,0.24784177007157474,0.07379338463032635,0.08127058155948098,0.05340265853296007,0.0482183494944933,0.012641762780434116,0.04362204754658544,0.03523894833886329,0.12023162505374373,0.7327927496890504,0.1378392549489608,0.05110797472239063,0.10680262498099093,0.018677800925939105,0.008917793324786977,0.10124692692656492,0.1378392549489608,0.046898786552182437,0.03523894833886329,0.12023162505374373,0.05110797472239063,0.7327927496890504,0.061264397587691276,0.04698951679779198,0.5233911668094745,0.004144643297846825,0.38644769083800395,0.5338505434764953,0.13694477997317867,0.16152542557039185,0.38618733267763844,0.39108531965560617,0.7503498765135743,0.040271196255709504,0.14722268676183034,0.7600427396124564,0.2763326044497262,0.16235283219028193,0.1519724591225226,0.040271196255709504,0.14722268676183034,0.38080734900530816,0.7600427396124564,0.7583318406329483,0.17608856183855937,0.16152542557039185,0.38618733267763844,0.024378647901202418,0.05296831690065111,0.040271196255709504,0.14722268676183034,0.38080734900530816,0.7600427396124564,0.7583318406329483,0.17608856183855937,0.16152542557039185,0.38618733267763844,0.040271196255709504,0.08508448626608874,0.14722268676183034,0.25111989596402856,0.38080734900530816,0.43041768053942964,0.5480062853098784,0.7827385787797567,0.4168302412050538,0.5065346302004943,0.6279513149570412,0.7583318406329483,0.054570795476209466,0.06528824920726428,0.02617919907103501,0.29514120899533947,0.17608856183855937,0.005861774779706182,0.045440744498874364,0.2962196249286366,0.396087081294428,0.19160594585056598,0.396087081294428,,0.7827385787797567,0.7827385787797567,0.7914103456821002,1.0,0.7128626689029866,0.410174431834587,0.4385524732595466,0.5129782082171787,0.4385524732595466,,0.4168302412050538,0.4168302412050538,0.4265664781118081,0.6148954420370106,0.0030194014531564205,0.06793649451703121,0.7583318406329483,0.7270288557254171,0.7583318406329483,,0.6495485035170793,0.6495485035170793,0.7220906423750152,0.6907842288868794,0.6907842288868794,0.650283267516568,0.4863686061193076,0.514654834483136,0.4863686061193076,,0.10594431203377674,0.10594431203377674,0.38185466745655,0.030070518118085855,0.030070518118085855,0.48794986307522736,0.2962196249286366,0.1458815794376249,0.2962196249286366,,0.30279272079785413,0.30279272079785413,0.2924096676971187,0.11371404230752237,0.1846900660244512,0.5041562573943899,0.3883538339735569,0.18441766481413738,0.3883538339735569,,0.48754847995854567,0.48754847995854567,0.48289915363327424,0.3810464812608135,0.49387542315464,0.5560292672814252,0.007703332473999674,0.017027120659652156,0.09754530471973845,0.027880755338151975,0.0009787787042392555,0.042696192367596496,0.10768463119162351,0.18701897649001523,0.07404631827048666,0.07130425540346169,0.0065687811445124394,0.05697118246924529,0.14174539991496876,0.06103952533021399,0.04476006901816542,0.17520105615692633,0.09405131809738827,0.014916693910269237,0.00022381261381292146,0.022423855477346506,0.024378647901202418,0.3408865695322465,0.008160251286938867,0.05296831690065111
tsf__return__absolute_maximum__20,0.07402431408953317,0.0335194948502259,0.049598749728059145,0.007293899891667505,0.08191399394468518,0.07695194267624234,0.07719389927638787,0.0261474811451121,0.23684101722650608,0.7316762186386976,0.20255786521279062,0.1994457618532715,0.7954168084861228,0.18560244474638604,0.03107435211636623,0.0950309570599253,0.021171241967437877,0.6411440177827882,0.05338613270209601,0.17810333508722442,0.09792706910908283,0.18328661401990823,0.4624779546787731,0.10988425153922467,0.16573714850472382,0.0514716895812264,0.1291934938510118,0.03052844829960208,0.15325927497417394,0.17848932058966516,0.08789192246423244,0.03107435211636623,0.0950309570599253,0.6411440177827882,0.05338613270209601,0.021171241967437877,0.023996904169677324,0.0027028410860193523,0.07402431408953317,0.05386396774797002,0.05338613270209601,0.014836908513835961,0.03107435211636623,0.0950309570599253,0.021171241967437877,0.6411440177827882,0.1156617132681944,0.0011458591892768587,0.4534810752910401,0.06962898510692164,0.024568166842398643,0.45545323688065203,0.12882753580687636,0.04225247512467473,0.016179068562699295,0.12040725767690273,0.873590602553819,0.017418945465347134,0.052818001714629886,0.9028661141307217,0.08725641254732128,0.030566545682265855,0.03316584044430145,0.017418945465347134,0.052818001714629886,0.009702729945655655,0.9028661141307217,0.8136564939469355,0.017103319675940486,0.04225247512467473,0.016179068562699295,0.07624109816951745,0.044417227558800246,0.017418945465347134,0.052818001714629886,0.009702729945655655,0.9028661141307217,0.8136564939469355,0.017103319675940486,0.04225247512467473,0.016179068562699295,0.017418945465347134,0.06381983634889488,0.052818001714629886,0.028835350686080775,0.009702729945655655,0.12856041020339168,0.48898831558153755,0.896254529786214,0.5219492566322782,0.4377070478386628,0.5876273413057351,0.8136564939469355,0.01637670240328396,0.1144888704081271,0.041922250716185064,0.04309123995564124,0.017103319675940486,0.040115286168884434,0.05075531985656828,0.08400053670565165,0.02694195590544979,0.053196950866493245,0.02694195590544979,,0.896254529786214,0.896254529786214,0.8993333386295322,0.7128626689029866,1.0,0.8030473752434341,0.14034547299479574,0.33553364406481256,0.14034547299479574,,0.5219492566322782,0.5219492566322782,0.5262299275232871,0.44774336703054585,0.26724426770341947,0.33213491793788297,0.8136564939469355,0.6502800290999247,0.8136564939469355,,0.8087369269166258,0.8087369269166258,0.8676015836698134,0.8539360588932277,0.8539360588932277,0.5612193984777841,0.5662243940168902,0.5310383088988709,0.5662243940168902,,0.13163036902653574,0.13163036902653574,0.4912559704584207,0.21416973666604042,0.21416973666604042,0.5621372725760025,0.08400053670565165,0.24701476277446055,0.08400053670565165,,0.34379010608035276,0.34379010608035276,0.33720053693382634,0.21064066513381635,0.24848435618630388,0.46922983793865153,0.1797646418206672,0.3003429724821634,0.1797646418206672,,0.5069270925671264,0.5069270925671264,0.5040662969823867,0.36793963295461896,0.4692525047001475,0.5336062658236679,0.012665874418508274,0.14641992884344224,0.2857548912712104,0.14343891615598073,0.15646499903995234,0.002466753150696686,0.08615708576016924,0.17226909014758776,0.1106247104191348,0.10774636156949577,0.034688484551919516,0.13780064694634594,0.2588642672846719,0.11599702718682432,0.11501945283023138,0.00965477060616777,0.11433277778565802,0.0434427290772439,0.05662145481294627,0.057276822101998894,0.07624109816951745,0.15195013249797545,0.018497628280702456,0.044417227558800246
tsf__return__minimum__20,0.09812900574519463,0.08874040334184026,0.027431472289401074,0.03532408269801139,0.11246352337350048,0.107912556538885,0.21376290815110174,0.015092536656381559,0.16642722431250337,0.6987539828942313,0.13522395353826155,0.04625466975104252,0.661017492698842,0.03379956080727944,0.048952077460139236,0.18627266069624873,0.04592548356833908,0.5791397988039501,0.15830240440257018,0.20667292268916257,0.18131500116541618,0.1715134617080113,0.5386797727379541,0.030471022388501846,0.022630350038400655,0.02395612634089116,0.14355231544732847,0.09900986572445669,0.20776322434174258,0.24443933034182555,0.133472117009924,0.048952077460139236,0.18627266069624873,0.5791397988039501,0.15830240440257018,0.04592548356833908,0.050588705290410166,0.04316452683061193,0.09812900574519463,0.032150188881538685,0.15830240440257018,0.12236050805718295,0.048952077460139236,0.18627266069624873,0.04592548356833908,0.5791397988039501,0.13713263334852852,0.017782552822825842,0.37883647676676263,0.09296477176450949,0.14881036461245742,0.3490918040835574,0.12982777408950066,0.16125280993100602,0.2897178512721332,0.017444943098481446,0.8226424454775211,0.037936993052771234,0.16531395498925863,0.8254745679806813,0.10430631407602002,0.1573920098845711,0.10450874442534457,0.037936993052771234,0.16531395498925863,0.2989212341514479,0.8254745679806813,0.6961884716518707,0.11491661069884825,0.16125280993100602,0.2897178512721332,0.07147274935880558,0.01769973306933514,0.037936993052771234,0.16531395498925863,0.2989212341514479,0.8254745679806813,0.6961884716518707,0.11491661069884825,0.16125280993100602,0.2897178512721332,0.037936993052771234,0.13198154188684963,0.16531395498925863,0.2353683426431766,0.2989212341514479,0.02286456964420008,0.4148734600467191,0.810497602334904,0.5315767015465678,0.358087805257906,0.4927469435145463,0.6961884716518707,0.007923055118553788,0.13603678896020205,0.07673227471683608,0.3010923255038957,0.11491661069884825,0.03293756424484393,0.06630498891610359,0.12165310052638129,0.2829553629372761,0.10643981031277218,0.2829553629372761,,0.810497602334904,0.810497602334904,0.7918292358609192,0.410174431834587,0.8030473752434341,1.0,0.011286899339356882,0.25320746903028596,0.011286899339356882,,0.5315767015465678,0.5315767015465678,0.5360060201735267,0.35201419307182746,0.21819913519890186,0.36139440970777414,0.6961884716518707,0.578125437862267,0.6961884716518707,,0.6659975114158827,0.6659975114158827,0.7341123836535531,0.7102693338455576,0.7102693338455576,0.5178299374116672,0.5539617772230477,0.5391188900988132,0.5539617772230477,,0.1100846713847905,0.1100846713847905,0.4728394189673179,0.16824052012195181,0.16824052012195181,0.5413184857202435,0.12165310052638129,0.4021632346242208,0.12165310052638129,,0.4239142358948662,0.4239142358948662,0.4261324617293401,0.29674388827443743,0.31739822468305806,0.45406114634929784,0.02516645368295241,0.27692799215798025,0.02516645368295241,,0.4867886927637894,0.4867886927637894,0.48482146526467423,0.3652339712413858,0.434046029910126,0.42415012486575854,0.034090293806815004,0.1965425752970024,0.49394635975775464,0.2526444776717592,0.2631881999750244,0.027325371569144573,0.19614391307937556,0.45535046931570433,0.2200228782648623,0.22827159616308804,0.03623063475126276,0.17769315964329058,0.4499998658764636,0.18647368530622624,0.19338619055994058,0.11259007618918168,0.14182257656047975,0.0251486225836459,0.04943535380093892,0.050477064665757014,0.07147274935880558,0.11813588269308249,0.05763481301754231,0.01769973306933514
tsf__return__sum_values__60,0.10113130669810382,0.11693733326728163,0.007320228830984807,0.07284960081411157,0.0895803417224111,0.18303493718589725,0.3775273073444695,0.05266930457189769,0.26366045971277785,0.2580732329349721,0.25080479053211757,0.14006098898629563,0.3222551952550884,0.12501184759784162,0.1237643538664588,0.32502224429196086,0.13594246892673822,0.272270073144941,0.3264098246396723,0.12286236327266449,0.09917018183566756,0.19557307017764697,0.23249800370155346,0.3120971154810558,0.35288195346489337,0.06721703600681668,0.05558195153585927,0.17039810551122586,0.22464537264809956,0.20010910760413123,0.09595130733823545,0.1237643538664588,0.32502224429196086,0.272270073144941,0.3264098246396723,0.13594246892673822,0.023030551014272104,0.107291578927457,0.10113130669810382,0.23702900025481854,0.3264098246396723,0.2562341468766178,0.1237643538664588,0.32502224429196086,0.13594246892673822,0.272270073144941,0.055824860335573726,0.12743749612814465,0.27514173180129675,0.10519785467057896,0.8491636681431454,0.3715608100894153,0.5383664709640175,0.32662203556228914,0.5857069265686178,0.9990102693719521,0.20827560324067454,0.12058004460674825,0.3180110812392767,0.20375919334725068,0.35822620357324364,0.34655101701331664,0.10024304695540666,0.12058004460674825,0.3180110812392767,0.5810747085017695,0.20375919334725068,0.26931436026094274,0.35303459995032027,0.32662203556228914,0.5857069265686178,0.03525710560434037,0.026260464795643826,0.12058004460674825,0.3180110812392767,0.5810747085017695,0.20375919334725068,0.26931436026094274,0.35303459995032027,0.32662203556228914,0.5857069265686178,0.12058004460674825,0.22458574876536194,0.3180110812392767,0.46450575688125784,0.5810747085017695,0.9994143290515941,0.2941998483050469,0.22401250715822052,0.04297685916734645,0.2702414163545269,0.3369851608707711,0.26931436026094274,0.12430473622946205,0.05448234476877832,0.10137795329335274,0.5127211238555295,0.35303459995032027,0.04377936757463882,0.17262416298705147,0.4391561910109664,0.5857817710829138,0.3239862861356747,0.5857817710829138,,0.22401250715822052,0.22401250715822052,0.24530285965718973,0.4385524732595466,0.14034547299479574,0.011286899339356882,1.0,0.6053396189905142,1.0,,0.04297685916734645,0.04297685916734645,0.020648027697791657,0.4942186189022825,0.021564024208256857,0.33181251424324676,0.26931436026094274,0.2729734350944186,0.26931436026094274,,0.2899093993134587,0.2899093993134587,0.2367132833195597,0.2335387565932124,0.2335387565932124,0.1337837955729946,0.011912715910426749,0.010183676659808702,0.011912715910426749,,0.08942761920750394,0.08942761920750394,0.021550906312426652,0.1483119394935535,0.1483119394935535,0.005615405469118516,0.4391561910109664,0.1122801396889329,0.4391561910109664,,0.3402813391632018,0.3402813391632018,0.3226398904005987,0.2973988743845472,0.37228123064036783,0.3234114410124758,0.7654884107835075,0.07667357265031749,0.7654884107835075,,0.06154965530901777,0.06154965530901777,0.052093076091563516,0.02380991286860386,0.0855827464678962,0.31676082126035154,0.07125945487166988,0.1263865018170109,0.3055865570337135,0.15993855703946488,0.15026082342626146,0.08641694289996273,0.1616456015187473,0.2669322772180423,0.1574566813108363,0.1459156715857227,0.08435789194422127,0.1683128026179048,0.3718662993701495,0.10080290692930095,0.11005364575825394,0.10484767415818821,0.19999992810325287,0.011642122081762254,0.01624026180495981,0.023110071643352763,0.03525710560434037,0.4899900468113956,0.01920978454946933,0.026260464795643826
tsf__return__median__60,0.09610785763631899,0.08631681781562009,0.026736485380905797,0.04023182717872603,0.08982320436490274,0.07983101359670622,0.12482039265988619,0.015897005114286076,0.012778168494951914,0.5812546748259836,0.02201261808302077,0.07311909910785891,0.40194783522378524,0.0531284500690441,0.10313167686019244,0.1932024598019151,0.1128755537889946,0.5703427790555069,0.10220613010284349,0.08334917783914818,0.09078405267157012,0.07993879561579756,0.0025519118864322206,0.06611035809763238,0.03933949062310339,0.027779277314923422,0.0810542840826415,0.007087582905633469,0.1334808244936277,0.04566744968218928,0.04264775293724699,0.10313167686019244,0.1932024598019151,0.5703427790555069,0.10220613010284349,0.1128755537889946,0.035256479805959924,0.06589445628467039,0.09610785763631899,0.23982121855774452,0.10220613010284349,0.07233924204467837,0.10313167686019244,0.1932024598019151,0.1128755537889946,0.5703427790555069,0.008190439391034815,0.11482412361127525,0.41825890161627743,0.09929490843136711,0.48666643120767294,0.43865746189316146,0.19497664504229972,0.2150250394384573,0.36264433269831897,0.5933028890741049,0.5295142753981673,0.10628103556460647,0.20768515278141828,0.5116831073099094,0.09969017926271916,0.026873962655328192,0.12487094731470738,0.10628103556460647,0.20768515278141828,0.36068386751561654,0.5116831073099094,0.5538024026057234,0.074334977837699,0.2150250394384573,0.36264433269831897,0.016276853064180623,0.02319012097338462,0.10628103556460647,0.20768515278141828,0.36068386751561654,0.5116831073099094,0.5538024026057234,0.074334977837699,0.2150250394384573,0.36264433269831897,0.10628103556460647,0.12350881660350502,0.20768515278141828,0.2937076306079246,0.36068386751561654,0.5991428412791721,0.45180954844090404,0.5259080857958219,0.2827612527389998,0.41775432055562345,0.5468334309402217,0.5538024026057234,0.12060308931426456,0.012371214403424714,0.11337837874736326,0.3175692532733005,0.074334977837699,0.0023475400881052726,0.061079597913691684,0.12578316764273675,0.3726904191346068,0.46203270978246946,0.3726904191346068,,0.5259080857958219,0.5259080857958219,0.5376344113794445,0.5129782082171787,0.33553364406481256,0.25320746903028596,0.6053396189905142,1.0,0.6053396189905142,,0.2827612527389998,0.2827612527389998,0.3015065034762369,0.3135123472165281,0.15683337976299572,0.10034176365160434,0.5538024026057234,0.5559059797064512,0.5538024026057234,,0.3410343363567319,0.3410343363567319,0.48192777751922034,0.34750868149757846,0.34750868149757846,0.4977239930241957,0.3020094340953555,0.2973259932280306,0.3020094340953555,,0.06700625832442188,0.06700625832442188,0.20746875079433802,0.08647117913336397,0.08647117913336397,0.33120276305055685,0.12578316764273675,0.008331846630529707,0.12578316764273675,,0.4791839172586108,0.4791839172586108,0.46999418476454613,0.3939783495788611,0.4248560418740309,0.4795303313923113,0.26863610788882586,0.15937663952040007,0.26863610788882586,,0.4001995746506123,0.4001995746506123,0.3943181256964366,0.31378744425049115,0.3899961571344536,0.3770815695548146,0.07719280264564267,0.09114147289866294,0.149302772081631,0.06066283179586657,0.030462010774031878,0.058440703104764465,0.03534535203127761,0.0980233333182554,0.012211484828401141,0.0006336803194155608,0.07586604797550982,0.09701514663419547,0.2420600506027619,0.016463305549187734,0.0008588016962404255,0.053383427326761185,0.1107318561976955,0.006354023398481395,0.03539864576539617,0.00590355391644451,0.016276853064180623,0.38484693985759566,0.03766622990363595,0.02319012097338462
tsf__return__mean__60,0.10113130669810382,0.11693733326728163,0.007320228830984807,0.07284960081411157,0.0895803417224111,0.18303493718589725,0.3775273073444695,0.05266930457189769,0.26366045971277785,0.2580732329349721,0.25080479053211757,0.14006098898629563,0.3222551952550884,0.12501184759784162,0.1237643538664588,0.32502224429196086,0.13594246892673822,0.272270073144941,0.3264098246396723,0.12286236327266449,0.09917018183566756,0.19557307017764697,0.23249800370155346,0.3120971154810558,0.35288195346489337,0.06721703600681668,0.05558195153585927,0.17039810551122586,0.22464537264809956,0.20010910760413123,0.09595130733823545,0.1237643538664588,0.32502224429196086,0.272270073144941,0.3264098246396723,0.13594246892673822,0.023030551014272104,0.107291578927457,0.10113130669810382,0.23702900025481854,0.3264098246396723,0.2562341468766178,0.1237643538664588,0.32502224429196086,0.13594246892673822,0.272270073144941,0.055824860335573726,0.12743749612814465,0.27514173180129675,0.10519785467057896,0.8491636681431454,0.3715608100894153,0.5383664709640175,0.32662203556228914,0.5857069265686178,0.9990102693719521,0.20827560324067454,0.12058004460674825,0.3180110812392767,0.20375919334725068,0.35822620357324364,0.34655101701331664,0.10024304695540666,0.12058004460674825,0.3180110812392767,0.5810747085017695,0.20375919334725068,0.26931436026094274,0.35303459995032027,0.32662203556228914,0.5857069265686178,0.03525710560434037,0.026260464795643826,0.12058004460674825,0.3180110812392767,0.5810747085017695,0.20375919334725068,0.26931436026094274,0.35303459995032027,0.32662203556228914,0.5857069265686178,0.12058004460674825,0.22458574876536194,0.3180110812392767,0.46450575688125784,0.5810747085017695,0.9994143290515941,0.2941998483050469,0.22401250715822052,0.04297685916734645,0.2702414163545269,0.3369851608707711,0.26931436026094274,0.12430473622946205,0.05448234476877832,0.10137795329335274,0.5127211238555295,0.35303459995032027,0.04377936757463882,0.17262416298705147,0.4391561910109664,0.5857817710829138,0.3239862861356747,0.5857817710829138,,0.22401250715822052,0.22401250715822052,0.24530285965718973,0.4385524732595466,0.14034547299479574,0.011286899339356882,1.0,0.6053396189905142,1.0,,0.04297685916734645,0.04297685916734645,0.020648027697791657,0.4942186189022825,0.021564024208256857,0.33181251424324676,0.26931436026094274,0.2729734350944186,0.26931436026094274,,0.2899093993134587,0.2899093993134587,0.2367132833195597,0.2335387565932124,0.2335387565932124,0.1337837955729946,0.011912715910426749,0.010183676659808702,0.011912715910426749,,0.08942761920750394,0.08942761920750394,0.021550906312426652,0.1483119394935535,0.1483119394935535,0.005615405469118516,0.4391561910109664,0.1122801396889329,0.4391561910109664,,0.3402813391632018,0.3402813391632018,0.3226398904005987,0.2973988743845472,0.37228123064036783,0.3234114410124758,0.7654884107835075,0.07667357265031749,0.7654884107835075,,0.06154965530901777,0.06154965530901777,0.052093076091563516,0.02380991286860386,0.0855827464678962,0.31676082126035154,0.07125945487166988,0.1263865018170109,0.3055865570337135,0.15993855703946488,0.15026082342626146,0.08641694289996273,0.1616456015187473,0.2669322772180423,0.1574566813108363,0.1459156715857227,0.08435789194422127,0.1683128026179048,0.3718662993701495,0.10080290692930095,0.11005364575825394,0.10484767415818821,0.19999992810325287,0.011642122081762254,0.01624026180495981,0.023110071643352763,0.03525710560434037,0.4899900468113956,0.01920978454946933,0.026260464795643826
tsf__return__length__60,,,,,,,,,,,,,,,,,,,,,,,,,,,,,,,,,,,,,,,,,,,,,,,,,,,,,,,,,,,,,,,,,,,,,,,,,,,,,,,,,,,,,,,,,,,,,,,,,,,,,,,,,,,,,,,,,,,,,,,,,,,,,,,,,,,,,,,,,,,,,,,,,,,,,,,,,,,,,,,,,,,,,,,,,,,,,,,,,,,,,,,,,
tsf__return__standard_deviation__60,0.06548293070509592,0.08272859883609299,0.021891845188730632,0.07456015355858635,0.06572648439356357,0.17621152469528886,0.2240218187595444,0.06355577438787355,0.04763662432128738,0.7224644010301778,0.04391270302211795,0.22111609043955677,0.45366532416140326,0.22105726405703666,0.03886493603858311,0.12625977111507167,0.033336279981263484,0.7359731878556945,0.16766082407179517,0.17214455154366626,0.054314215783278524,0.1329269811638301,0.4710602785268624,0.009276378179604155,0.021790186489996803,0.0010902893938224017,0.18478887641544386,0.0879866219359496,0.2178338521505973,0.17690266974696273,0.13074611621865145,0.03886493603858311,0.12625977111507167,0.7359731878556945,0.16766082407179517,0.033336279981263484,0.025244515131671995,0.0268433546058016,0.06548293070509592,0.06835862226013643,0.16766082407179517,0.12712323741817738,0.03886493603858311,0.12625977111507167,0.033336279981263484,0.7359731878556945,0.11978777309570827,0.016304347615371428,0.4664675367875584,0.08791644820771333,0.23295456079403856,0.047709387594288215,0.3483833312222033,0.124958704305573,0.20519238311476176,0.05333092239572918,0.6861768796595851,0.04052704764875001,0.12958004679551174,0.64921519307692,0.1463313934304566,0.25498407433175235,0.2772824611119486,0.04052704764875001,0.12958004679551174,0.21198059621397616,0.64921519307692,0.7140115617159902,0.18309700273243637,0.124958704305573,0.20519238311476176,0.00867952384915358,0.0029428424239626707,0.04052704764875001,0.12958004679551174,0.21198059621397616,0.64921519307692,0.7140115617159902,0.18309700273243637,0.124958704305573,0.20519238311476176,0.04052704764875001,0.10922636914823626,0.12958004679551174,0.17106330919351798,0.21198059621397616,0.06560966936552698,0.43107278327310633,0.6537307402093722,1.0,0.4586616678292372,0.554048919266065,0.7140115617159902,0.018751541296288768,0.11620899980979076,0.08849190800231467,0.22724586403144936,0.18309700273243637,0.034293454484146314,0.079006113739936,0.1746677561420497,0.19705230524339437,0.01626266448143119,0.19705230524339437,,0.6537307402093722,0.6537307402093722,0.6495899189256342,0.4168302412050538,0.5219492566322782,0.5315767015465678,0.04297685916734645,0.2827612527389998,0.04297685916734645,,1.0,1.0,0.9982221012120037,0.6402801714711154,0.4852269551028242,0.5333354307738771,0.7140115617159902,0.7242360609693018,0.7140115617159902,,0.2936007221309341,0.2936007221309341,0.6391573413589292,0.4178468008099266,0.4178468008099266,0.7701296003169052,0.9645975381834664,0.9306766403857472,0.9645975381834664,,0.39550084532601143,0.39550084532601143,0.9606169028534766,0.4601945050785158,0.4601945050785158,0.907837478346405,0.1746677561420497,0.2130779125958514,0.1746677561420497,,0.6528794827172817,0.6528794827172817,0.6522565692957047,0.3545615684647092,0.4889746398202152,0.6917017637386484,0.10438933239196552,0.24454010702185403,0.10438933239196552,,0.8760716479848981,0.8760716479848981,0.8739814657374274,0.7451926210006583,0.8235046084701986,0.758612248320994,0.051798299426228135,0.1646705133823218,0.394559213622134,0.14797206236180135,0.19044506603177094,0.04141274233248158,0.14888249087720182,0.30960256556354365,0.16093518975528903,0.18503699267408136,0.05561946776994637,0.1763934218789716,0.32804149305100044,0.13392516339434646,0.16228864602966428,0.05696559057606205,0.13288977833154283,0.013148002763315233,0.003319330835040196,0.0007733937314271224,0.00867952384915358,0.3696486228967287,0.007517150506159451,0.0029428424239626707
tsf__return__variance__60,0.06548293070509592,0.08272859883609299,0.021891845188730632,0.07456015355858635,0.06572648439356357,0.17621152469528886,0.2240218187595444,0.06355577438787355,0.04763662432128738,0.7224644010301778,0.04391270302211795,0.22111609043955677,0.45366532416140326,0.22105726405703666,0.03886493603858311,0.12625977111507167,0.033336279981263484,0.7359731878556945,0.16766082407179517,0.17214455154366626,0.054314215783278524,0.1329269811638301,0.4710602785268624,0.009276378179604155,0.021790186489996803,0.0010902893938224017,0.18478887641544386,0.0879866219359496,0.2178338521505973,0.17690266974696273,0.13074611621865145,0.03886493603858311,0.12625977111507167,0.7359731878556945,0.16766082407179517,0.033336279981263484,0.025244515131671995,0.0268433546058016,0.06548293070509592,0.06835862226013643,0.16766082407179517,0.12712323741817738,0.03886493603858311,0.12625977111507167,0.033336279981263484,0.7359731878556945,0.11978777309570827,0.016304347615371428,0.4664675367875584,0.08791644820771333,0.23295456079403856,0.047709387594288215,0.3483833312222033,0.124958704305573,0.20519238311476176,0.05333092239572918,0.6861768796595851,0.04052704764875001,0.12958004679551174,0.64921519307692,0.1463313934304566,0.25498407433175235,0.2772824611119486,0.04052704764875001,0.12958004679551174,0.21198059621397616,0.64921519307692,0.7140115617159902,0.18309700273243637,0.124958704305573,0.20519238311476176,0.00867952384915358,0.0029428424239626707,0.04052704764875001,0.12958004679551174,0.21198059621397616,0.64921519307692,0.7140115617159902,0.18309700273243637,0.124958704305573,0.20519238311476176,0.04052704764875001,0.10922636914823626,0.12958004679551174,0.17106330919351798,0.21198059621397616,0.06560966936552698,0.43107278327310633,0.6537307402093722,1.0,0.4586616678292372,0.554048919266065,0.7140115617159902,0.018751541296288768,0.11620899980979076,0.08849190800231467,0.22724586403144936,0.18309700273243637,0.034293454484146314,0.079006113739936,0.1746677561420497,0.19705230524339437,0.01626266448143119,0.19705230524339437,,0.6537307402093722,0.6537307402093722,0.6495899189256342,0.4168302412050538,0.5219492566322782,0.5315767015465678,0.04297685916734645,0.2827612527389998,0.04297685916734645,,1.0,1.0,0.9982221012120037,0.6402801714711154,0.4852269551028242,0.5333354307738771,0.7140115617159902,0.7242360609693018,0.7140115617159902,,0.2936007221309341,0.2936007221309341,0.6391573413589292,0.4178468008099266,0.4178468008099266,0.7701296003169052,0.9645975381834664,0.9306766403857472,0.9645975381834664,,0.39550084532601143,0.39550084532601143,0.9606169028534766,0.4601945050785158,0.4601945050785158,0.907837478346405,0.1746677561420497,0.2130779125958514,0.1746677561420497,,0.6528794827172817,0.6528794827172817,0.6522565692957047,0.3545615684647092,0.4889746398202152,0.6917017637386484,0.10438933239196552,0.24454010702185403,0.10438933239196552,,0.8760716479848981,0.8760716479848981,0.8739814657374274,0.7451926210006583,0.8235046084701986,0.758612248320994,0.051798299426228135,0.1646705133823218,0.394559213622134,0.14797206236180135,0.19044506603177094,0.04141274233248158,0.14888249087720182,0.30960256556354365,0.16093518975528903,0.18503699267408136,0.05561946776994637,0.1763934218789716,0.32804149305100044,0.13392516339434646,0.16228864602966428,0.05696559057606205,0.13288977833154283,0.013148002763315233,0.003319330835040196,0.0007733937314271224,0.00867952384915358,0.3696486228967287,0.007517150506159451,0.0029428424239626707
tsf__return__root_mean_square__60,0.060700234706565874,0.07711379002010636,0.02472427196057134,0.06764653757245649,0.06104352521601513,0.17302693008463904,0.2123523615218264,0.06084740081351049,0.051499060704191066,0.7302006318992816,0.047013876707602265,0.21749741277398396,0.4648098326024613,0.21759566439790576,0.033569140941379506,0.1128959435563718,0.02766917930269887,0.7423617662354026,0.1557337971977262,0.17317378638625952,0.05345986252626832,0.12649051595929825,0.46929133538522677,0.023895957526192946,0.03724438607362792,0.0006458512852130959,0.19483368136406948,0.08397809249793964,0.21173053419764104,0.16939147858818646,0.12894525771186335,0.033569140941379506,0.1128959435563718,0.7423617662354026,0.1557337971977262,0.02766917930269887,0.029034625612238893,0.019559639484105433,0.060700234706565874,0.07968317365411268,0.1557337971977262,0.12079755763230267,0.033569140941379506,0.1128959435563718,0.02766917930269887,0.7423617662354026,0.12079641780191896,0.010166273667211177,0.47300774440367344,0.08348037120848492,0.2175812925136512,0.034271380950619504,0.32482892052805545,0.10977863675215664,0.18974456919847832,0.030920633147181898,0.6946571479690019,0.035074317386378166,0.11473809719646312,0.6566126977344728,0.13504889060927727,0.25040849349206523,0.27785791269154075,0.035074317386378166,0.11473809719646312,0.1967524592736338,0.6566126977344728,0.7224796065781357,0.17236834816257635,0.10977863675215664,0.18974456919847832,0.005804514945472777,0.0002748713946340725,0.035074317386378166,0.11473809719646312,0.1967524592736338,0.6566126977344728,0.7224796065781357,0.17236834816257635,0.10977863675215664,0.18974456919847832,0.035074317386378166,0.09588922663196377,0.11473809719646312,0.15437951716080378,0.1967524592736338,0.04282846272992898,0.43995697698621056,0.6616371298661204,0.9982221012120037,0.4655466279363669,0.5639046489549758,0.7224796065781357,0.012020202677665789,0.11824488350187456,0.08342275557527151,0.20998869459551064,0.17236834816257635,0.032269128497493575,0.0701783409545681,0.17003573016590798,0.1818016324946831,0.007433151605998562,0.1818016324946831,,0.6616371298661204,0.6616371298661204,0.6587557240144228,0.4265664781118081,0.5262299275232871,0.5360060201735267,0.020648027697791657,0.3015065034762369,0.020648027697791657,,0.9982221012120037,0.9982221012120037,1.0,0.6516654999929641,0.49384464905220327,0.5261051925565831,0.7224796065781357,0.7322515403676724,0.7224796065781357,,0.30391386827459443,0.30391386827459443,0.6465018584769376,0.42721779805575194,0.42721779805575194,0.7777810637018575,0.9653341575576193,0.9293508616935496,0.9653341575576193,,0.4008627465613497,0.4008627465613497,0.9624797848820635,0.46051907216950455,0.46051907216950455,0.9078357102849418,0.17003573016590798,0.21825897268802186,0.17003573016590798,,0.6661142839743849,0.6661142839743849,0.6649694721028231,0.364982590972004,0.5000124554447706,0.7041546527045957,0.08661249893997243,0.2442418014236833,0.08661249893997243,,0.8742844790996348,0.8742844790996348,0.8718667353568175,0.7427123950442077,0.8227231627826593,0.7653671357755593,0.051272372874062715,0.16516781724825214,0.3969862897580465,0.14976825342423536,0.19262259590315822,0.039697284506672065,0.14641822458824832,0.31312182820768875,0.16257033164278933,0.1870395979591535,0.054342651475028265,0.17231845182150596,0.3310227516890255,0.1369883912999044,0.16534633686623165,0.05362900438358053,0.12544479370684922,0.010171470518159474,0.0019289907100730125,0.001726888850735881,0.005804514945472777,0.37754192422175453,0.008077426908397807,0.0002748713946340725
tsf__return__maximum__60,0.022720573383218864,0.01843047905146847,0.011734805732300397,0.22304820886212282,0.035955321193536005,0.05635556382004962,0.05837710395086656,0.03458045261604716,0.14772822087546303,0.6697271382086365,0.1492409706592939,0.067139980363999,0.5699184399400116,0.07015096854016155,0.02843710265657472,0.10347892790790518,0.04181453714239588,0.7270990884125613,0.0663242931461049,0.10444729379130464,0.06765119097433141,0.025155461632901617,0.22931288043124137,0.253838749750803,0.323022553848243,0.06535922374917731,0.1853828260949514,0.0259884101369281,0.028931456870784123,0.014690079927209094,0.05495412177551938,0.02843710265657472,0.10347892790790518,0.7270990884125613,0.0663242931461049,0.04181453714239588,0.014015852675847745,0.03274600399551479,0.022720573383218864,0.17976006805854497,0.0663242931461049,0.07997860068347591,0.02843710265657472,0.10347892790790518,0.04181453714239588,0.7270990884125613,0.07469536624094583,0.045024276509954914,0.5209549216294489,0.02093901109236341,0.3315943161787689,0.1306844267090363,0.04078655593053422,0.08424067351535719,0.191500643745351,0.49252060220692206,0.5534148124978849,0.017964240639831857,0.07172458802111413,0.5222205493368642,0.17045191033322013,0.03496345924428307,0.05238520408881773,0.017964240639831857,0.07172458802111413,0.17953508467712764,0.5222205493368642,0.6331789770662625,0.12588914384741878,0.08424067351535719,0.191500643745351,0.07674496985687763,0.056807158277438735,0.017964240639831857,0.07172458802111413,0.17953508467712764,0.5222205493368642,0.6331789770662625,0.12588914384741878,0.08424067351535719,0.191500643745351,0.017964240639831857,0.04020137710027511,0.07172458802111413,0.10661252578666933,0.17953508467712764,0.48232580431271427,0.4092889359181223,0.5452055521714422,0.6402801714711154,0.4716116067975373,0.5495108087680024,0.6331789770662625,0.02968044932578742,0.0628063155159706,0.03951380854131977,0.1143358766858463,0.12588914384741878,0.010991912058373918,0.03994564172222997,0.22542141507094948,0.19074487608481813,0.09652375236909046,0.19074487608481813,,0.5452055521714422,0.5452055521714422,0.5542930686371926,0.6148954420370106,0.44774336703054585,0.35201419307182746,0.4942186189022825,0.3135123472165281,0.4942186189022825,,0.6402801714711154,0.6402801714711154,0.6516654999929641,1.0,0.2810982251950619,0.05943521647830695,0.6331789770662625,0.6685937673165541,0.6331789770662625,,0.4001307911801617,0.4001307911801617,0.551729709627746,0.452588284920199,0.452588284920199,0.6126137978225055,0.6753618241875923,0.6773193827303339,0.6753618241875923,,0.3007728833552414,0.3007728833552414,0.6966880595367178,0.4272563252140683,0.4272563252140683,0.6127300234291047,0.22542141507094948,0.12775848148166993,0.22542141507094948,,0.6178760927646519,0.6178760927646519,0.6075613763124993,0.3338791751555557,0.5085326113834115,0.6893687731917675,0.40181697929966953,0.262764804053237,0.40181697929966953,,0.5867437611676191,0.5867437611676191,0.5798313014871069,0.43980748568089484,0.5553680807913071,0.7176521699117916,0.04298983855207681,0.09299371612559891,0.18858689388965125,0.1059584668367978,0.1328305435111027,0.00910039475826184,0.027242363758988735,0.060778956807980934,0.09170349932583993,0.11920111373640438,0.042672149886807835,0.09287998199173354,0.12320307930932357,0.10981623894356327,0.12477661854433496,0.037398561453317575,0.05299337783517414,0.031025176993035166,0.10253636911697345,0.02533971822918315,0.07674496985687763,0.4991484248810338,0.008921099304501193,0.056807158277438735
tsf__return__absolute_maximum__60,0.07986806549393899,0.03742561213098284,0.024845860720261324,0.14376535753178027,0.05722608563602408,0.14665644166053346,0.2291165886844838,0.04418495099327661,0.05516367824050148,0.24427714194873726,0.022683754086931233,0.016188234518718578,0.253771609905295,0.014925397098437229,0.01723271140171134,0.09505402814862925,0.015877813798289373,0.15042705598910022,0.17209865846698033,0.12324414085794902,0.09790861969400501,0.09283835232291962,0.3264074187396068,0.061637179265539244,0.08979546190437382,0.010584241240234474,0.12158846687433734,0.05907492992425985,0.13803910674650388,0.22122887619367926,0.003581113968345927,0.01723271140171134,0.09505402814862925,0.15042705598910022,0.17209865846698033,0.015877813798289373,0.01488053454167103,0.016276036901365653,0.07986806549393899,0.05276868965518083,0.17209865846698033,0.11707023972029891,0.01723271140171134,0.09505402814862925,0.015877813798289373,0.15042705598910022,0.07838019340511981,0.002571031497974215,0.04831614295358662,0.03322066802632799,0.2620489719820592,0.19739487733613956,0.4084331320800378,0.10619617257665112,0.18414590645537632,0.01150402441263633,0.2600930313113421,0.022288786698087565,0.10752663643447014,0.277992463502248,0.2614444013753721,0.16200165948277873,0.36680576079237315,0.022288786698087565,0.10752663643447014,0.18592762950412015,0.277992463502248,0.2509007240367807,0.18213561682778254,0.10619617257665112,0.18414590645537632,0.03400763524686143,0.17102816224395884,0.022288786698087565,0.10752663643447014,0.18592762950412015,0.277992463502248,0.2509007240367807,0.18213561682778254,0.10619617257665112,0.18414590645537632,0.022288786698087565,0.07459764766564911,0.10752663643447014,0.17698579673573941,0.18592762950412015,0.007196727247232028,0.05118290032940125,0.2691519424208083,0.4852269551028242,0.014498591838010638,0.06801958133031047,0.2509007240367807,0.006801217144722772,0.06755303034509014,0.04597382770578691,0.21016824549587365,0.18213561682778254,0.022085724118321923,0.09704734042379379,0.08694676539829933,0.18056739672938243,0.0883742610904266,0.18056739672938243,,0.2691519424208083,0.2691519424208083,0.27139946129583364,0.0030194014531564205,0.26724426770341947,0.21819913519890186,0.021564024208256857,0.15683337976299572,0.021564024208256857,,0.4852269551028242,0.4852269551028242,0.49384464905220327,0.2810982251950619,1.0,0.7940121137471018,0.2509007240367807,0.11184245566983485,0.2509007240367807,,0.17782882635471017,0.17782882635471017,0.2905806849916463,0.22073939572109963,0.22073939572109963,0.0937525604532182,0.3413782489857357,0.21879557777342254,0.3413782489857357,,0.8618587106408923,0.8618587106408923,0.5495787229043365,0.7422022131551568,0.7422022131551568,0.2063091792234988,0.08694676539829933,0.03195239033128386,0.08694676539829933,,0.22154371335492565,0.22154371335492565,0.21851712029896428,0.12873967608773992,0.18315541590564732,0.2017441077317355,0.013925878525694817,0.010465364761156802,0.013925878525694817,,0.22674703329607104,0.22674703329607104,0.22288832641069475,0.23409203748442786,0.23577798890896998,0.22152496973979433,0.008066663915108161,0.10987387803866634,0.3331735515592173,0.12374374611589915,0.11574236734188319,0.028111810737715834,0.12365527424323147,0.29400319148925896,0.1480186599876269,0.14033928694836534,0.02348489845182956,0.12303539146626835,0.3284409222690541,0.11373330950940434,0.0769527044209797,0.11275787269543854,0.10738608665769009,0.011623063045970326,0.012269917756243939,0.017007621698631074,0.03400763524686143,0.1235432647152496,0.10843578881107507,0.17102816224395884
tsf__return__minimum__60,0.10830443158120281,0.08339983202367218,0.032499254736303766,0.10158593138684961,0.08652983553143385,0.16286869968692652,0.2533370192633638,0.04501485649005637,0.07100247197352898,0.19676243806775043,0.09470069505405793,0.14162334005928345,0.19157130392679236,0.14122972331617642,0.04925448473113322,0.19108610031880213,0.05236765693054181,0.07956356053185039,0.19586306275679394,0.16432601611543474,0.09106636433575266,0.20181992047787936,0.4083420090648571,0.004141265190062903,0.027645787573740352,0.02631511652105025,0.10762222638614387,0.07583832504002705,0.21831742293293643,0.22743119070161233,0.05780007815652947,0.04925448473113322,0.19108610031880213,0.07956356053185039,0.19586306275679394,0.05236765693054181,0.0257389366917148,0.025013675784226166,0.10830443158120281,0.01120594422585702,0.19586306275679394,0.15137402914866033,0.04925448473113322,0.19108610031880213,0.05236765693054181,0.07956356053185039,0.09053451054944156,0.04006813541581208,0.0020647434152686,0.09297145017491659,0.5195613312343362,0.26373944601825666,0.13822648258329145,0.1866930879865312,0.3283720743442398,0.34147921786820984,0.2756598046220805,0.047940237415499125,0.18471664195419538,0.2968840326300943,0.24499521580794706,0.17230877421094284,0.2555280618902466,0.047940237415499125,0.18471664195419538,0.33011458858401854,0.2968840326300943,0.2364824308795474,0.22100273148995137,0.1866930879865312,0.3283720743442398,0.027287666373195355,0.08640777075978555,0.047940237415499125,0.18471664195419538,0.33011458858401854,0.2968840326300943,0.2364824308795474,0.22100273148995137,0.1866930879865312,0.3283720743442398,0.047940237415499125,0.136358927582723,0.18471664195419538,0.2750837979267382,0.33011458858401854,0.34761335503104246,0.030156187074021925,0.27924898523374675,0.5333354307738771,0.0025104566007369484,0.04704378920371432,0.2364824308795474,0.04035683669644959,0.08795933099586133,0.09180313345268597,0.3287313347178717,0.22100273148995137,0.03848417720459099,0.12366507456997304,0.1736251997674995,0.3237886191455012,0.18282405562704762,0.3237886191455012,,0.27924898523374675,0.27924898523374675,0.27193431684455827,0.06793649451703121,0.33213491793788297,0.36139440970777414,0.33181251424324676,0.10034176365160434,0.33181251424324676,,0.5333354307738771,0.5333354307738771,0.5261051925565831,0.05943521647830695,0.7940121137471018,1.0,0.2364824308795474,0.1039757574380302,0.2364824308795474,,0.14851208920716488,0.14851208920716488,0.293857825238512,0.21064046767453432,0.21064046767453432,0.12647792928307638,0.3884363846647171,0.30032152189757266,0.3884363846647171,,0.769115645851928,0.769115645851928,0.538896174352327,0.7149637858107784,0.7149637858107784,0.3227620933476403,0.1736251997674995,0.10172771636971017,0.1736251997674995,,0.06098652027948015,0.06098652027948015,0.06176061751044086,0.08407353916819271,0.030621785909555936,0.14834014493153824,0.18023609731151158,0.2819413321711203,0.18023609731151158,,0.2757448336405262,0.2757448336405262,0.27414297094805257,0.25193264037272867,0.2708872539179392,0.2336313603841779,0.03688434246144997,0.15829230942423178,0.39483101589775904,0.19068597536890994,0.18905412799701848,0.04218134611821857,0.15151787225189736,0.35429984112218726,0.18736426678886212,0.1828130414991596,0.054757818757902546,0.19190911852351927,0.45610724322475443,0.1458338924064103,0.12903624323090554,0.08497766787155012,0.19694147479238272,0.008116269374068244,0.04439038629196,0.0070465483163931674,0.027287666373195355,0.034183696498847296,0.0775096950779606,0.08640777075978555
tsf__range__sum_values__20,0.04735285465101669,0.059296092393358285,0.015831636069362703,0.05514413384841353,0.05725252853780823,0.06748542513473846,0.04499513640363209,0.020309295475305095,0.0847228778263261,0.9188361671120292,0.06883847573502747,9.130992903812376e-05,0.8433612875803546,0.01885558934240476,0.012518487989704197,0.0829582664510368,0.0005203920526488565,0.9457984006417827,0.03911183911183911,0.23881962056360634,0.13387990357291615,0.1659047597605083,0.5200663086002124,0.13152631741009366,0.17500474724861878,0.06149071233287674,0.16159374931223452,0.04021731644592363,0.178270503530875,0.169323918806517,0.11951294674169162,0.012518487989704197,0.0829582664510368,0.9457984006417827,0.03911183911183911,0.0005203920526488565,0.053723822786228705,0.020214352989124808,0.04735285465101669,0.09440237240216977,0.03911183911183911,0.019485460162931283,0.012518487989704197,0.0829582664510368,0.0005203920526488565,0.9457984006417827,0.11644306808091366,0.010892407930875266,0.6533630056802168,0.09352996471315302,0.11164511456919239,0.4223023138771373,0.19591948314974877,0.044705943624492026,0.05646071614750936,0.2723792182372522,0.9456097161271275,0.006148222361451844,0.05509079693327022,0.9290811453657013,0.03802214145928045,0.0693535042078176,0.11014648059750543,0.006148222361451844,0.05509079693327022,0.04138287405465405,0.9290811453657013,1.0,0.02559535984082168,0.044705943624492026,0.05646071614750936,0.12176022694941879,0.04181418555455842,0.006148222361451844,0.05509079693327022,0.04138287405465405,0.9290811453657013,1.0,0.02559535984082168,0.044705943624492026,0.05646071614750936,0.006148222361451844,0.05738148561563881,0.05509079693327022,0.02936732343446063,0.04138287405465405,0.2541982128625445,0.5897450174161725,0.934939792606077,0.7140115617159902,0.6205948442843889,0.7971254354970002,1.0,0.014359485590873532,0.10999407443136876,0.0713963904415746,0.03985611189861078,0.02559535984082168,0.029321775347193095,0.043363049615384806,0.04149337954175907,0.06018837628996495,0.09379972492119842,0.06018837628996495,,0.934939792606077,0.934939792606077,0.9401825781232206,0.7583318406329483,0.8136564939469355,0.6961884716518707,0.26931436026094274,0.5538024026057234,0.26931436026094274,,0.7140115617159902,0.7140115617159902,0.7224796065781357,0.6331789770662625,0.2509007240367807,0.2364824308795474,1.0,0.9337884661342358,1.0,,0.7520458614455756,0.7520458614455756,0.97201513046657,0.8390356499365516,0.8390356499365516,0.8340463205136806,0.7837471122755273,0.7800832686019424,0.7837471122755273,,0.13732597695647103,0.13732597695647103,0.6827152968048431,0.22564929034202125,0.22564929034202125,0.775932785785743,0.04149337954175907,0.18727228447112074,0.04149337954175907,,0.5817946188501453,0.5817946188501453,0.5762408065776243,0.39128480619013606,0.442580517811922,0.6208248672179879,0.19776334985903923,0.25258755882948114,0.19776334985903923,,0.7630064801971926,0.7630064801971926,0.7588577505694941,0.6160973730891678,0.7105938706325127,0.7148217635172377,0.04361180694124135,0.20724995754699127,0.29151320542657955,0.20372626168116992,0.22859001787613653,0.025802364611984995,0.1527683674295133,0.20186168048868508,0.21571836451507512,0.20537900359615852,0.04864430828350358,0.1846753401006533,0.22341874422709126,0.1898659517750302,0.1871710441198696,0.04297068547641231,0.1184956730344257,0.03875457071120217,0.09603086306250228,0.057792098666170195,0.12176022694941879,0.22531204706738245,0.042580861362133036,0.04181418555455842
tsf__range__median__20,0.017011764889194002,0.05563682651308369,0.009661791696900861,0.11763006148273353,0.024218857917678253,0.06450486019531339,0.01516854664431791,0.05941853011708529,0.027193066781039887,0.8985341604445665,0.02892051155520612,0.14568975031020176,0.7006750306267207,0.1664819494574869,0.01212278605084562,0.06374528954151121,0.0005477653026883322,1.0,0.01911217211681596,0.21702274089183346,0.11299080630273466,0.14183293414690937,0.4342262754116952,0.1231576840922619,0.15754471791135022,0.060212411304548595,0.16954768734657627,0.02604832399496354,0.1561191588142725,0.11212268807650097,0.14054870668714226,0.01212278605084562,0.06374528954151121,1.0,0.01911217211681596,0.0005477653026883322,0.06139462089711581,0.015959346745066418,0.017011764889194002,0.09418491134710777,0.01911217211681596,0.03284540825018374,0.01212278605084562,0.06374528954151121,0.0005477653026883322,1.0,0.12165054476425793,0.015469569355125602,0.6790961764572917,0.0728608066310429,0.17349599559667436,0.391270806529237,0.27261904744067783,0.0401865726603239,0.07449775508064617,0.2986951178064628,0.8500936024872586,0.010796549292168426,0.05014694673397724,0.8068599531754626,0.07163156517765991,0.08906972773990361,0.07666278891684067,0.010796549292168426,0.05014694673397724,0.062427251600332266,0.8068599531754626,0.9337884661342358,0.019262636992810583,0.0401865726603239,0.07449775508064617,0.12689967275018998,0.06289683984182855,0.010796549292168426,0.05014694673397724,0.062427251600332266,0.8068599531754626,0.9337884661342358,0.019262636992810583,0.0401865726603239,0.07449775508064617,0.010796549292168426,0.06045540551734337,0.05014694673397724,0.01437551828474444,0.062427251600332266,0.2581146634122583,0.6148997878490843,0.8224543035861724,0.7242360609693018,0.6530483919635104,0.8054123650835642,0.9337884661342358,0.014031279857173293,0.11390970850214865,0.05839636316356262,0.015219214087718511,0.019262636992810583,0.03832353818967856,0.03298589031642154,0.03157409392001207,0.07950414710544765,0.1335547617242764,0.07950414710544765,,0.8224543035861724,0.8224543035861724,0.8268285235479755,0.7270288557254171,0.6502800290999247,0.578125437862267,0.2729734350944186,0.5559059797064512,0.2729734350944186,,0.7242360609693018,0.7242360609693018,0.7322515403676724,0.6685937673165541,0.11184245566983485,0.1039757574380302,0.9337884661342358,1.0,0.9337884661342358,,0.5436169878394247,0.5436169878394247,0.8344400144887458,0.6570082623028989,0.6570082623028989,0.9098398299191449,0.8084632802586998,0.83880790811691,0.8084632802586998,,0.010837309578286995,0.010837309578286995,0.6754566506869875,0.1134999271965519,0.1134999271965519,0.8081149256764784,0.03157409392001207,0.17505721066191376,0.03157409392001207,,0.6180821843996338,0.6180821843996338,0.6129454157347917,0.3889995319123598,0.48522951758121247,0.6596836434092878,0.15053645394286155,0.24262250221472906,0.15053645394286155,,0.8114752949866211,0.8114752949866211,0.8085825865152643,0.6948395464439594,0.7765505072786765,0.7396531840510765,0.054268192704232686,0.19120768162237983,0.26021192705060525,0.18652276332199702,0.22418258415035133,0.03911905407346095,0.15739831150057057,0.1741468326181291,0.21386840207124763,0.2217897185206454,0.05683131411597188,0.17478769537947728,0.17291817811364643,0.18850501529732522,0.20728490380458361,0.06002502470685847,0.10703891465955262,0.04086118594980274,0.10269076226888012,0.0584413804425812,0.12689967275018998,0.2980103373448968,0.0666178246047473,0.06289683984182855
tsf__range__mean__20,0.04735285465101669,0.059296092393358285,0.015831636069362703,0.05514413384841353,0.05725252853780823,0.06748542513473846,0.04499513640363209,0.020309295475305095,0.0847228778263261,0.9188361671120292,0.06883847573502747,9.130992903812376e-05,0.8433612875803546,0.01885558934240476,0.012518487989704197,0.0829582664510368,0.0005203920526488565,0.9457984006417827,0.03911183911183911,0.23881962056360634,0.13387990357291615,0.1659047597605083,0.5200663086002124,0.13152631741009366,0.17500474724861878,0.06149071233287674,0.16159374931223452,0.04021731644592363,0.178270503530875,0.169323918806517,0.11951294674169162,0.012518487989704197,0.0829582664510368,0.9457984006417827,0.03911183911183911,0.0005203920526488565,0.053723822786228705,0.020214352989124808,0.04735285465101669,0.09440237240216977,0.03911183911183911,0.019485460162931283,0.012518487989704197,0.0829582664510368,0.0005203920526488565,0.9457984006417827,0.11644306808091366,0.010892407930875266,0.6533630056802168,0.09352996471315302,0.11164511456919239,0.4223023138771373,0.19591948314974877,0.044705943624492026,0.05646071614750936,0.2723792182372522,0.9456097161271275,0.006148222361451844,0.05509079693327022,0.9290811453657013,0.03802214145928045,0.0693535042078176,0.11014648059750543,0.006148222361451844,0.05509079693327022,0.04138287405465405,0.9290811453657013,1.0,0.02559535984082168,0.044705943624492026,0.05646071614750936,0.12176022694941879,0.04181418555455842,0.006148222361451844,0.05509079693327022,0.04138287405465405,0.9290811453657013,1.0,0.02559535984082168,0.044705943624492026,0.05646071614750936,0.006148222361451844,0.05738148561563881,0.05509079693327022,0.02936732343446063,0.04138287405465405,0.2541982128625445,0.5897450174161725,0.934939792606077,0.7140115617159902,0.6205948442843889,0.7971254354970002,1.0,0.014359485590873532,0.10999407443136876,0.0713963904415746,0.03985611189861078,0.02559535984082168,0.029321775347193095,0.043363049615384806,0.04149337954175907,0.06018837628996495,0.09379972492119842,0.06018837628996495,,0.934939792606077,0.934939792606077,0.9401825781232206,0.7583318406329483,0.8136564939469355,0.6961884716518707,0.26931436026094274,0.5538024026057234,0.26931436026094274,,0.7140115617159902,0.7140115617159902,0.7224796065781357,0.6331789770662625,0.2509007240367807,0.2364824308795474,1.0,0.9337884661342358,1.0,,0.7520458614455756,0.7520458614455756,0.97201513046657,0.8390356499365516,0.8390356499365516,0.8340463205136806,0.7837471122755273,0.7800832686019424,0.7837471122755273,,0.13732597695647103,0.13732597695647103,0.6827152968048431,0.22564929034202125,0.22564929034202125,0.775932785785743,0.04149337954175907,0.18727228447112074,0.04149337954175907,,0.5817946188501453,0.5817946188501453,0.5762408065776243,0.39128480619013606,0.442580517811922,0.6208248672179879,0.19776334985903923,0.25258755882948114,0.19776334985903923,,0.7630064801971926,0.7630064801971926,0.7588577505694941,0.6160973730891678,0.7105938706325127,0.7148217635172377,0.04361180694124135,0.20724995754699127,0.29151320542657955,0.20372626168116992,0.22859001787613653,0.025802364611984995,0.1527683674295133,0.20186168048868508,0.21571836451507512,0.20537900359615852,0.04864430828350358,0.1846753401006533,0.22341874422709126,0.1898659517750302,0.1871710441198696,0.04297068547641231,0.1184956730344257,0.03875457071120217,0.09603086306250228,0.057792098666170195,0.12176022694941879,0.22531204706738245,0.042580861362133036,0.04181418555455842
tsf__range__length__20,,,,,,,,,,,,,,,,,,,,,,,,,,,,,,,,,,,,,,,,,,,,,,,,,,,,,,,,,,,,,,,,,,,,,,,,,,,,,,,,,,,,,,,,,,,,,,,,,,,,,,,,,,,,,,,,,,,,,,,,,,,,,,,,,,,,,,,,,,,,,,,,,,,,,,,,,,,,,,,,,,,,,,,,,,,,,,,,,,,,,,,,,
tsf__range__standard_deviation__20,0.047609375281711094,0.006785006059977757,0.04520265593926266,0.03761065913319842,0.060619196620509894,0.05916371620619465,0.06843994573154585,0.07441235216444128,0.2747484609553575,0.6310657276174517,0.23492807630738666,0.3337623535392298,0.892559540125463,0.33739517157367055,0.008718382050308528,0.04206045389167113,0.018477747729439904,0.5284236359437127,0.062065917238331034,0.20554278831231695,0.0977618817111787,0.05877500936770786,0.3860032574824797,0.15890448655989856,0.24637905251839412,0.10433082859575357,0.07318833157349601,0.014885004795442205,0.11339177328181808,0.10720447282586275,0.040020617254083256,0.008718382050308528,0.04206045389167113,0.5284236359437127,0.062065917238331034,0.018477747729439904,0.0674298165088715,0.022096661162201207,0.047609375281711094,0.07029093768745467,0.062065917238331034,0.058082694592489985,0.008718382050308528,0.04206045389167113,0.018477747729439904,0.5284236359437127,0.05932207106218676,0.013511723725945338,0.4395359186584064,0.06043844270490866,0.19098513684630147,0.4655181857372284,0.03792554438903646,0.0051006788690705265,0.16190437577211325,0.2727381803324701,0.7677767956771163,0.013842674960617805,0.017164878185839626,0.8001781907994903,0.07347741201585337,0.15961144882683892,0.004860052303864765,0.013842674960617805,0.017164878185839626,0.14799391855796987,0.8001781907994903,0.7520458614455756,0.0985191632414464,0.0051006788690705265,0.16190437577211325,0.08210379788547084,0.05321952771409737,0.013842674960617805,0.017164878185839626,0.14799391855796987,0.8001781907994903,0.7520458614455756,0.0985191632414464,0.0051006788690705265,0.16190437577211325,0.013842674960617805,0.01691000904602372,0.017164878185839626,0.02922487028687785,0.14799391855796987,0.2853840742233271,0.39432009217865593,0.7971357012055631,0.2936007221309341,0.41807934062604063,0.581535130462175,0.7520458614455756,0.021600401661714935,0.0692135779211134,0.041253326692791165,0.04224430322069342,0.0985191632414464,0.015258306299927608,0.02753652400862542,0.2504178903739596,0.16366685617959192,0.11009942719996492,0.16366685617959192,,0.7971357012055631,0.7971357012055631,0.8033845416274981,0.6495485035170793,0.8087369269166258,0.6659975114158827,0.2899093993134587,0.3410343363567319,0.2899093993134587,,0.2936007221309341,0.2936007221309341,0.30391386827459443,0.4001307911801617,0.17782882635471017,0.14851208920716488,0.7520458614455756,0.5436169878394247,0.7520458614455756,,1.0,1.0,0.8447286218541991,0.9588601306130211,0.9588601306130211,0.40844478544780405,0.3567548349859999,0.3119042240424104,0.3567548349859999,,0.14225966309922805,0.14225966309922805,0.31416749955139545,0.1873025558544604,0.1873025558544604,0.34880171118134856,0.2504178903739596,0.11334307091123018,0.2504178903739596,,0.2894448376966639,0.2894448376966639,0.28233423313274153,0.1967602528403407,0.17637234939558552,0.3566920799835188,0.3433566978573908,0.20734352883637597,0.3433566978573908,,0.31054762598394287,0.31054762598394287,0.305791656469312,0.1456145360543763,0.242620464543039,0.37887891547633346,0.021457132295002235,0.1649082523320038,0.1810194644366847,0.15036111290116033,0.14071814064446936,0.007043051663457488,0.09049487160512587,0.10807994889047805,0.12422906791981465,0.09170877219525977,0.009130569522975415,0.08985276126400146,0.1610143871062837,0.10801061767465849,0.08038119423184062,0.0018585929971406641,0.01320221273157354,0.01671165466688694,0.0642856675887638,0.02972145924583823,0.08210379788547084,0.09665138139860623,0.01697829447382866,0.05321952771409737
tsf__range__variance__20,0.047609375281711094,0.006785006059977757,0.04520265593926266,0.03761065913319842,0.060619196620509894,0.05916371620619465,0.06843994573154585,0.07441235216444128,0.2747484609553575,0.6310657276174517,0.23492807630738666,0.3337623535392298,0.892559540125463,0.33739517157367055,0.008718382050308528,0.04206045389167113,0.018477747729439904,0.5284236359437127,0.062065917238331034,0.20554278831231695,0.0977618817111787,0.05877500936770786,0.3860032574824797,0.15890448655989856,0.24637905251839412,0.10433082859575357,0.07318833157349601,0.014885004795442205,0.11339177328181808,0.10720447282586275,0.040020617254083256,0.008718382050308528,0.04206045389167113,0.5284236359437127,0.062065917238331034,0.018477747729439904,0.0674298165088715,0.022096661162201207,0.047609375281711094,0.07029093768745467,0.062065917238331034,0.058082694592489985,0.008718382050308528,0.04206045389167113,0.018477747729439904,0.5284236359437127,0.05932207106218676,0.013511723725945338,0.4395359186584064,0.06043844270490866,0.19098513684630147,0.4655181857372284,0.03792554438903646,0.0051006788690705265,0.16190437577211325,0.2727381803324701,0.7677767956771163,0.013842674960617805,0.017164878185839626,0.8001781907994903,0.07347741201585337,0.15961144882683892,0.004860052303864765,0.013842674960617805,0.017164878185839626,0.14799391855796987,0.8001781907994903,0.7520458614455756,0.0985191632414464,0.0051006788690705265,0.16190437577211325,0.08210379788547084,0.05321952771409737,0.013842674960617805,0.017164878185839626,0.14799391855796987,0.8001781907994903,0.7520458614455756,0.0985191632414464,0.0051006788690705265,0.16190437577211325,0.013842674960617805,0.01691000904602372,0.017164878185839626,0.02922487028687785,0.14799391855796987,0.2853840742233271,0.39432009217865593,0.7971357012055631,0.2936007221309341,0.41807934062604063,0.581535130462175,0.7520458614455756,0.021600401661714935,0.0692135779211134,0.041253326692791165,0.04224430322069342,0.0985191632414464,0.015258306299927608,0.02753652400862542,0.2504178903739596,0.16366685617959192,0.11009942719996492,0.16366685617959192,,0.7971357012055631,0.7971357012055631,0.8033845416274981,0.6495485035170793,0.8087369269166258,0.6659975114158827,0.2899093993134587,0.3410343363567319,0.2899093993134587,,0.2936007221309341,0.2936007221309341,0.30391386827459443,0.4001307911801617,0.17782882635471017,0.14851208920716488,0.7520458614455756,0.5436169878394247,0.7520458614455756,,1.0,1.0,0.8447286218541991,0.9588601306130211,0.9588601306130211,0.40844478544780405,0.3567548349859999,0.3119042240424104,0.3567548349859999,,0.14225966309922805,0.14225966309922805,0.31416749955139545,0.1873025558544604,0.1873025558544604,0.34880171118134856,0.2504178903739596,0.11334307091123018,0.2504178903739596,,0.2894448376966639,0.2894448376966639,0.28233423313274153,0.1967602528403407,0.17637234939558552,0.3566920799835188,0.3433566978573908,0.20734352883637597,0.3433566978573908,,0.31054762598394287,0.31054762598394287,0.305791656469312,0.1456145360543763,0.242620464543039,0.37887891547633346,0.021457132295002235,0.1649082523320038,0.1810194644366847,0.15036111290116033,0.14071814064446936,0.007043051663457488,0.09049487160512587,0.10807994889047805,0.12422906791981465,0.09170877219525977,0.009130569522975415,0.08985276126400146,0.1610143871062837,0.10801061767465849,0.08038119423184062,0.0018585929971406641,0.01320221273157354,0.01671165466688694,0.0642856675887638,0.02972145924583823,0.08210379788547084,0.09665138139860623,0.01697829447382866,0.05321952771409737
tsf__range__root_mean_square__20,0.05337243529674594,0.04281400687068023,0.01875060027557652,0.0010701819402431948,0.0649273457951327,0.06725976154273823,0.047514379229486224,0.008832089460566368,0.12425636563567598,0.8609536540571023,0.09511105373174339,0.10199710656100108,0.9088303287086249,0.0881886601967738,0.00784829464996396,0.09211281054410297,0.002436260180394241,0.8284425305785087,0.03476732442249684,0.23933777944314807,0.14239543145330538,0.17867555888629613,0.5531577450143522,0.15040557698568954,0.20477636356752588,0.0594830630300871,0.13934210121755075,0.03814828051287203,0.1838680036252062,0.19658578243446123,0.09825749137762703,0.00784829464996396,0.09211281054410297,0.8284425305785087,0.03476732442249684,0.002436260180394241,0.05879096427394022,0.035682015802665654,0.05337243529674594,0.0861473713327233,0.03476732442249684,0.012194102388745003,0.00784829464996396,0.09211281054410297,0.002436260180394241,0.8284425305785087,0.10253074161481547,0.00803265122398182,0.5873456039881043,0.09584712526274274,0.07014398704380401,0.4231595597500758,0.1394709168614305,0.049897873800596064,0.03005903756296052,0.24677413444619273,0.9403216452000851,0.0017818044164072456,0.05944641711745718,0.9425486149303015,0.029448477137717196,0.03093604320238507,0.10836529463926314,0.0017818044164072456,0.05944641711745718,0.013855674826725476,0.9425486149303015,0.97201513046657,0.012661627023440048,0.049897873800596064,0.03005903756296052,0.11026519421457635,0.029542560632715174,0.0017818044164072456,0.05944641711745718,0.013855674826725476,0.9425486149303015,0.97201513046657,0.012661627023440048,0.049897873800596064,0.03005903756296052,0.0017818044164072456,0.05283199415640073,0.05944641711745718,0.041830243314151895,0.013855674826725476,0.22315873327996255,0.5361881350388632,0.9407282293986514,0.6391573413589292,0.5622601494148223,0.7418664787362205,0.97201513046657,0.01299752180950277,0.0972856734285188,0.07274670498257658,0.05992255559929816,0.012661627023440048,0.02460142928883478,0.04485867007455413,0.05889252361558818,0.03229757996196031,0.04398907101570176,0.03229757996196031,,0.9407282293986514,0.9407282293986514,0.9456892885835159,0.7220906423750152,0.8676015836698134,0.7341123836535531,0.2367132833195597,0.48192777751922034,0.2367132833195597,,0.6391573413589292,0.6391573413589292,0.6465018584769376,0.551729709627746,0.2905806849916463,0.293857825238512,0.97201513046657,0.8344400144887458,0.97201513046657,,0.8447286218541991,0.8447286218541991,1.0,0.907880570670901,0.907880570670901,0.72279975467042,0.7010300731784174,0.676343591650601,0.7010300731784174,,0.20001922233927158,0.20001922233927158,0.6263302919146428,0.28064437619186666,0.28064437619186666,0.6899444086050331,0.05889252361558818,0.18667750478134162,0.05889252361558818,,0.5175954016247692,0.5175954016247692,0.5124153079562922,0.35815607118328435,0.38280925429701457,0.5628475321562393,0.22154564192143758,0.2642018611059106,0.22154564192143758,,0.6599525654051855,0.6599525654051855,0.6555408374935185,0.49099199185692716,0.5906578964452387,0.6451816552713178,0.03214413816931199,0.20630920656466628,0.3060173836761465,0.20095762780443258,0.21906637002575308,0.016099510401852406,0.14554616434387865,0.2188847464128375,0.2013983370067341,0.18432143226205616,0.03881147177810231,0.1814352319813142,0.25124187754865696,0.17875570684630374,0.1640041996477513,0.03772271897690419,0.12159898659957251,0.027817194793062956,0.0848736965437357,0.047274186015738365,0.11026519421457635,0.15953321485323727,0.027649941376137854,0.029542560632715174
tsf__range__maximum__20,0.07685010950217615,0.031390669024781485,0.0372853536075443,0.019454160549876483,0.09001133619827974,0.006607592648295543,0.016998653817578716,0.040837418723411546,0.2869362708324957,0.7034444588244005,0.25584680221471157,0.27522595491075,0.8947414986085271,0.2864160995291227,0.023956366302898005,0.09008292776793708,0.013543022632839383,0.6474110098437537,0.007344682505842042,0.257995178294041,0.11773394639976681,0.1249744687535698,0.4927160302651007,0.12790061212427903,0.19557418075515243,0.09987931740101162,0.06077152888037916,0.005524040453203659,0.18788537468375086,0.16523332055522863,0.08602686919359523,0.023956366302898005,0.09008292776793708,0.6474110098437537,0.007344682505842042,0.013543022632839383,0.06766629724562852,0.03497376099701813,0.07685010950217615,0.05858183754946052,0.007344682505842042,0.015427491411144013,0.023956366302898005,0.09008292776793708,0.013543022632839383,0.6474110098437537,0.08546729291848085,0.013170451204090175,0.5034243047625315,0.10582821163552703,0.10810213784493011,0.46836064895237584,0.05033853680142557,0.04548525310093666,0.07274290758178761,0.23317386398634676,0.8320217581559001,0.014801957681653948,0.056214424002549966,0.8554960442160819,0.025295900973487342,0.08552535245665056,0.006112199925088735,0.014801957681653948,0.056214424002549966,0.05690711001974339,0.8554960442160819,0.8390356499365516,0.02794651099962152,0.04548525310093666,0.07274290758178761,0.1211043492806657,0.0654195618637531,0.014801957681653948,0.056214424002549966,0.05690711001974339,0.8554960442160819,0.8390356499365516,0.02794651099962152,0.04548525310093666,0.07274290758178761,0.014801957681653948,0.05077830927624095,0.056214424002549966,0.028753360648433948,0.05690711001974339,0.2258792820483314,0.46049130588839865,0.8537036958981005,0.4178468008099266,0.48385194939089465,0.6483271628713828,0.8390356499365516,0.0029864148969115383,0.08611974538441144,0.08096666599580458,0.035941442635335115,0.02794651099962152,0.024356398821959366,0.05323648300341933,0.16416213550881228,0.07391231155124008,0.03708348252576388,0.07391231155124008,,0.8537036958981005,0.8537036958981005,0.8596236504203253,0.6907842288868794,0.8539360588932277,0.7102693338455576,0.2335387565932124,0.34750868149757846,0.2335387565932124,,0.4178468008099266,0.4178468008099266,0.42721779805575194,0.452588284920199,0.22073939572109963,0.21064046767453432,0.8390356499365516,0.6570082623028989,0.8390356499365516,,0.9588601306130211,0.9588601306130211,0.907880570670901,1.0,1.0,0.5403809139623957,0.49585385219089184,0.45744217429354567,0.49585385219089184,,0.16247730398042307,0.16247730398042307,0.4357347503377221,0.23045363287882573,0.23045363287882573,0.46362526284017486,0.16416213550881228,0.1513127045388956,0.16416213550881228,,0.32760750869609867,0.32760750869609867,0.32135804706248855,0.21734324279057535,0.21295878580424854,0.40897778219919306,0.27440097059503954,0.1971848531344416,0.27440097059503954,,0.44566505368159764,0.44566505368159764,0.4414904551000276,0.29561230872012784,0.38613933599834316,0.4558981817536817,0.046519857106386675,0.21201411780156443,0.29833456766271677,0.18503657924950814,0.18172872674499368,0.02935709478390897,0.12833767427694118,0.20890184074341014,0.17557815929276627,0.14871907635816534,0.034739981886539366,0.14557436829569614,0.2641657012589436,0.13820576927632566,0.11099742091559417,0.014598074527010332,0.0640175932259748,0.021112786408731064,0.09558113766735139,0.04407051113257029,0.1211043492806657,0.08199457594664543,0.03211868695738138,0.0654195618637531
tsf__range__absolute_maximum__20,0.07685010950217615,0.031390669024781485,0.0372853536075443,0.019454160549876483,0.09001133619827974,0.006607592648295543,0.016998653817578716,0.040837418723411546,0.2869362708324957,0.7034444588244005,0.25584680221471157,0.27522595491075,0.8947414986085271,0.2864160995291227,0.023956366302898005,0.09008292776793708,0.013543022632839383,0.6474110098437537,0.007344682505842042,0.257995178294041,0.11773394639976681,0.1249744687535698,0.4927160302651007,0.12790061212427903,0.19557418075515243,0.09987931740101162,0.06077152888037916,0.005524040453203659,0.18788537468375086,0.16523332055522863,0.08602686919359523,0.023956366302898005,0.09008292776793708,0.6474110098437537,0.007344682505842042,0.013543022632839383,0.06766629724562852,0.03497376099701813,0.07685010950217615,0.05858183754946052,0.007344682505842042,0.015427491411144013,0.023956366302898005,0.09008292776793708,0.013543022632839383,0.6474110098437537,0.08546729291848085,0.013170451204090175,0.5034243047625315,0.10582821163552703,0.10810213784493011,0.46836064895237584,0.05033853680142557,0.04548525310093666,0.07274290758178761,0.23317386398634676,0.8320217581559001,0.014801957681653948,0.056214424002549966,0.8554960442160819,0.025295900973487342,0.08552535245665056,0.006112199925088735,0.014801957681653948,0.056214424002549966,0.05690711001974339,0.8554960442160819,0.8390356499365516,0.02794651099962152,0.04548525310093666,0.07274290758178761,0.1211043492806657,0.0654195618637531,0.014801957681653948,0.056214424002549966,0.05690711001974339,0.8554960442160819,0.8390356499365516,0.02794651099962152,0.04548525310093666,0.07274290758178761,0.014801957681653948,0.05077830927624095,0.056214424002549966,0.028753360648433948,0.05690711001974339,0.2258792820483314,0.46049130588839865,0.8537036958981005,0.4178468008099266,0.48385194939089465,0.6483271628713828,0.8390356499365516,0.0029864148969115383,0.08611974538441144,0.08096666599580458,0.035941442635335115,0.02794651099962152,0.024356398821959366,0.05323648300341933,0.16416213550881228,0.07391231155124008,0.03708348252576388,0.07391231155124008,,0.8537036958981005,0.8537036958981005,0.8596236504203253,0.6907842288868794,0.8539360588932277,0.7102693338455576,0.2335387565932124,0.34750868149757846,0.2335387565932124,,0.4178468008099266,0.4178468008099266,0.42721779805575194,0.452588284920199,0.22073939572109963,0.21064046767453432,0.8390356499365516,0.6570082623028989,0.8390356499365516,,0.9588601306130211,0.9588601306130211,0.907880570670901,1.0,1.0,0.5403809139623957,0.49585385219089184,0.45744217429354567,0.49585385219089184,,0.16247730398042307,0.16247730398042307,0.4357347503377221,0.23045363287882573,0.23045363287882573,0.46362526284017486,0.16416213550881228,0.1513127045388956,0.16416213550881228,,0.32760750869609867,0.32760750869609867,0.32135804706248855,0.21734324279057535,0.21295878580424854,0.40897778219919306,0.27440097059503954,0.1971848531344416,0.27440097059503954,,0.44566505368159764,0.44566505368159764,0.4414904551000276,0.29561230872012784,0.38613933599834316,0.4558981817536817,0.046519857106386675,0.21201411780156443,0.29833456766271677,0.18503657924950814,0.18172872674499368,0.02935709478390897,0.12833767427694118,0.20890184074341014,0.17557815929276627,0.14871907635816534,0.034739981886539366,0.14557436829569614,0.2641657012589436,0.13820576927632566,0.11099742091559417,0.014598074527010332,0.0640175932259748,0.021112786408731064,0.09558113766735139,0.04407051113257029,0.1211043492806657,0.08199457594664543,0.03211868695738138,0.0654195618637531
tsf__range__minimum__20,0.01698064577282838,0.06528979939568379,0.01033294885750088,0.12971102362380238,0.026850724379995722,0.1124297649470702,0.11699392176586482,0.08071813700989597,0.03612291284359666,0.8146115073681865,0.02009278876386242,0.20527074887009306,0.5526837973356051,0.21104583336218197,0.011105280118444576,0.06577189223715925,0.0006454770212059944,0.925176996183831,0.09309882199657413,0.16247060409211733,0.04734395701268093,0.10904130949116723,0.43665968350726836,0.0011928032279173138,0.02946599941179019,0.023233057042363114,0.1487609207009511,0.08248982962572526,0.1485035456157551,0.1328861749815507,0.14103663331539829,0.011105280118444576,0.06577189223715925,0.925176996183831,0.09309882199657413,0.0006454770212059944,0.05528932091186116,0.0061017174773996905,0.01698064577282838,0.07732085668341065,0.09309882199657413,0.08257585630619746,0.011105280118444576,0.06577189223715925,0.0006454770212059944,0.925176996183831,0.10979539457047408,0.012850859331634342,0.6129450955815346,0.06300073091377331,0.07991215181523917,0.2874321721451917,0.40389298099246573,0.02838546978649521,0.024589391621852173,0.15580916281186194,0.7559423462008666,0.004877208458589045,0.03681643497427567,0.715594589548788,0.011165191667567692,0.17046172150020353,0.12305095573291973,0.004877208458589045,0.03681643497427567,0.014661042624798564,0.715594589548788,0.8340463205136806,0.08800903339491054,0.02838546978649521,0.024589391621852173,0.09330547769304426,0.06312825958130686,0.004877208458589045,0.03681643497427567,0.014661042624798564,0.715594589548788,0.8340463205136806,0.08800903339491054,0.02838546978649521,0.024589391621852173,0.004877208458589045,0.04172977252719152,0.03681643497427567,0.040257393309322494,0.014661042624798564,0.11938074711505668,0.574430725157541,0.7291541143680937,0.7701296003169052,0.6050818709960597,0.7348756267288165,0.8340463205136806,0.01768215308027466,0.10705321671203805,0.042663030430139554,0.052958676526982336,0.08800903339491054,0.01962246071854243,0.036206014131797436,0.061560184047213626,0.030062619094243414,0.14566249980916754,0.030062619094243414,,0.7291541143680937,0.7291541143680937,0.732914278755203,0.650283267516568,0.5612193984777841,0.5178299374116672,0.1337837955729946,0.4977239930241957,0.1337837955729946,,0.7701296003169052,0.7701296003169052,0.7777810637018575,0.6126137978225055,0.0937525604532182,0.12647792928307638,0.8340463205136806,0.9098398299191449,0.8340463205136806,,0.40844478544780405,0.40844478544780405,0.72279975467042,0.5403809139623957,0.5403809139623957,1.0,0.83939457665239,0.8683201724001761,0.83939457665239,,0.049221153370032716,0.049221153370032716,0.6955024423423979,0.052165787151412624,0.052165787151412624,0.8669990013344162,0.061560184047213626,0.2131267527333415,0.061560184047213626,,0.6313769522304329,0.6313769522304329,0.6271719004197733,0.37628250293158666,0.4761827602684136,0.6616633049936312,0.028277098447705557,0.23007299398103792,0.028277098447705557,,0.8509654174818791,0.8509654174818791,0.8491892183729247,0.7295964973471977,0.8173460430183538,0.7541616449921953,0.03747740157113648,0.13742576891811764,0.268392746730111,0.13596562469249712,0.1761604314014894,0.012618451626650555,0.09229178965673938,0.16078461360505916,0.16158768193574413,0.17703253832377877,0.03244264135091604,0.12021190855428326,0.18640441720001336,0.1237123740233463,0.15312737631043902,0.004364327336622586,0.05935032249466892,0.025973755202904437,0.06240723144728754,0.044327137687324374,0.09330547769304426,0.32727773805680177,0.06984612855916751,0.06312825958130686
tsf__range__sum_values__60,0.07210007127185333,0.08166232506106894,0.016853467570001127,0.10096288434561079,0.07967499124556558,0.19898396787569575,0.18173999368505916,0.07498218804510724,0.056191166535994125,0.7573889160096057,0.05028503649193304,0.16799140227132114,0.505317156939875,0.17000609444828513,0.0519781083769981,0.14238701707798102,0.04580294195807475,0.8036379032612394,0.13843875223185567,0.20268744662818802,0.08714846972662375,0.1576047293657137,0.49283619922660304,0.017275702241583233,0.04379432169089897,0.03443108424873025,0.16309640222458416,0.07901054804445688,0.23442491530747198,0.17505231422179104,0.15148583697132245,0.0519781083769981,0.14238701707798102,0.8036379032612394,0.13843875223185567,0.04580294195807475,0.0009040262230251152,0.03306315225751588,0.07210007127185333,0.05728196559437906,0.13843875223185567,0.08439572242846073,0.0519781083769981,0.14238701707798102,0.04580294195807475,0.8036379032612394,0.12351395381864803,0.029541790481859974,0.5240448301414932,0.11690828205164433,0.19957839984950265,0.03373499120535135,0.4450952299636135,0.1362740322976715,0.19214805999683388,0.016449738188454473,0.7346250383536367,0.053279847267921475,0.14330472770328573,0.6906717172196815,0.10297877636781355,0.2148434860793243,0.21900620934398482,0.053279847267921475,0.14330472770328573,0.20132177174595894,0.6906717172196815,0.7837471122755273,0.15499824735394718,0.1362740322976715,0.19214805999683388,0.04160339101669224,0.03802842128094609,0.053279847267921475,0.14330472770328573,0.20132177174595894,0.6906717172196815,0.7837471122755273,0.15499824735394718,0.1362740322976715,0.19214805999683388,0.053279847267921475,0.12020914083968144,0.14330472770328573,0.16495832743346128,0.20132177174595894,0.032629332363206635,0.470140804711273,0.6975340637774653,0.9645975381834664,0.5190109805835807,0.6281674105802412,0.7837471122755273,0.031543036237481066,0.12211343675846928,0.11504280669754828,0.223492342267914,0.15499824735394718,0.036367423447497986,0.08835399722904125,0.1449589308152164,0.18563417189241288,0.0029831631054229157,0.18563417189241288,,0.6975340637774653,0.6975340637774653,0.6960575424867609,0.4863686061193076,0.5662243940168902,0.5539617772230477,0.011912715910426749,0.3020094340953555,0.011912715910426749,,0.9645975381834664,0.9645975381834664,0.9653341575576193,0.6753618241875923,0.3413782489857357,0.3884363846647171,0.7837471122755273,0.8084632802586998,0.7837471122755273,,0.3567548349859999,0.3567548349859999,0.7010300731784174,0.49585385219089184,0.49585385219089184,0.83939457665239,1.0,0.9823101650380095,1.0,,0.26280343822813446,0.26280343822813446,0.9446976440995308,0.3691306399132697,0.3691306399132697,0.942755344818116,0.1449589308152164,0.20532574539189846,0.1449589308152164,,0.6756718660999838,0.6756718660999838,0.6752332940056077,0.39541157022969947,0.5201992250579053,0.7301104446641935,0.07177710629415718,0.24705353479676154,0.07177710629415718,,0.9251321965403863,0.9251321965403863,0.9236130183719184,0.7812532290581464,0.8603303990491106,0.8040846147277353,0.06898199219553032,0.19717385913238558,0.43992158542312604,0.1944037572389923,0.23822640645293644,0.06177761367225298,0.17847435035169668,0.34629822516828296,0.2219805307407834,0.24765863410427147,0.07161842314124013,0.20803905076775464,0.37478513216322223,0.18623012153416832,0.21610057996196805,0.08404496570718965,0.15632167542251837,0.010629505491060471,0.045384595693193384,0.02437996587033625,0.04160339101669224,0.3216786069679982,0.028059547902566262,0.03802842128094609
tsf__range__median__60,0.061377281095650556,0.08097409938112461,0.014452198624099424,0.13741335039878114,0.0703336055902234,0.20415683906182544,0.17278530768134978,0.09122537295839102,0.09693359262982128,0.7704569535165144,0.08493453314728178,0.21558200360801033,0.47347726221120834,0.223961648522508,0.052941303568417794,0.14422199860073587,0.04679226229574474,0.8340894873173881,0.1395921132115943,0.19541922240052276,0.06590134356503545,0.15670035859498518,0.4634248941485123,0.004575225536346214,0.0301106929712866,0.03289207547056954,0.14624950303140302,0.09159708242755152,0.2294318710078559,0.15648123423034724,0.16521230640456266,0.052941303568417794,0.14422199860073587,0.8340894873173881,0.1395921132115943,0.04679226229574474,0.0030107310143739755,0.03801842650675919,0.061377281095650556,0.04208737182480822,0.1395921132115943,0.08984862347643065,0.052941303568417794,0.14422199860073587,0.04679226229574474,0.8340894873173881,0.1233530144370028,0.028967640994738537,0.5353977160812932,0.11271536774738868,0.16228326593030087,0.05118103900734569,0.5153448808634257,0.13239124971402128,0.1802485840244356,0.01450145863182767,0.726204303731415,0.051301682461093616,0.13935219854171263,0.6740624232076821,0.07812650491570983,0.22910341616967278,0.19075385601508674,0.051301682461093616,0.13935219854171263,0.19004146005555383,0.6740624232076821,0.7800832686019424,0.15098251544246832,0.13239124971402128,0.1802485840244356,0.06225335151967504,0.05240923684644586,0.051301682461093616,0.13935219854171263,0.19004146005555383,0.6740624232076821,0.7800832686019424,0.15098251544246832,0.13239124971402128,0.1802485840244356,0.051301682461093616,0.12091789540659491,0.13935219854171263,0.1544713812561961,0.19004146005555383,0.03005806384080074,0.4757186146066777,0.6844036630197273,0.9306766403857472,0.5342058908137106,0.6367060761988825,0.7800832686019424,0.028029141862258557,0.12235903162343274,0.10840617715785644,0.20682477530357482,0.15098251544246832,0.040861222640481816,0.08926856820018746,0.14554374541425807,0.17454487739081498,0.00282565022618871,0.17454487739081498,,0.6844036630197273,0.6844036630197273,0.6796233782849104,0.514654834483136,0.5310383088988709,0.5391188900988132,0.010183676659808702,0.2973259932280306,0.010183676659808702,,0.9306766403857472,0.9306766403857472,0.9293508616935496,0.6773193827303339,0.21879557777342254,0.30032152189757266,0.7800832686019424,0.83880790811691,0.7800832686019424,,0.3119042240424104,0.3119042240424104,0.676343591650601,0.45744217429354567,0.45744217429354567,0.8683201724001761,0.9823101650380095,1.0,0.9823101650380095,,0.1489957051363423,0.1489957051363423,0.8964925567991311,0.284557356879369,0.284557356879369,0.9427080257239543,0.14554374541425807,0.24223140474867016,0.14554374541425807,,0.6759843918863923,0.6759843918863923,0.677060063068952,0.3899477290849429,0.5177651506201374,0.7414909043903088,0.07722785689209513,0.27128250370590024,0.07722785689209513,,0.9266208918730647,0.9266208918730647,0.9253696380621567,0.7890815421854396,0.8667597794457262,0.803124345396886,0.07273709531445119,0.19001274763477707,0.4059989231501031,0.19964415729647758,0.24645252831932504,0.055129165719831875,0.1654714056531229,0.31326197058652566,0.21905458415717868,0.24676245415961642,0.07190500870360435,0.20384586618842798,0.3338389040373558,0.18109416740574674,0.2188104997050782,0.06124170309899817,0.15467741703291,0.019591426228534742,0.056323624363779475,0.037842679480716804,0.06225335151967504,0.3045708629448779,0.04583423883624123,0.05240923684644586
tsf__range__mean__60,0.07210007127185333,0.08166232506106894,0.016853467570001127,0.10096288434561079,0.07967499124556558,0.19898396787569575,0.18173999368505916,0.07498218804510724,0.056191166535994125,0.7573889160096057,0.05028503649193304,0.16799140227132114,0.505317156939875,0.17000609444828513,0.0519781083769981,0.14238701707798102,0.04580294195807475,0.8036379032612394,0.13843875223185567,0.20268744662818802,0.08714846972662375,0.1576047293657137,0.49283619922660304,0.017275702241583233,0.04379432169089897,0.03443108424873025,0.16309640222458416,0.07901054804445688,0.23442491530747198,0.17505231422179104,0.15148583697132245,0.0519781083769981,0.14238701707798102,0.8036379032612394,0.13843875223185567,0.04580294195807475,0.0009040262230251152,0.03306315225751588,0.07210007127185333,0.05728196559437906,0.13843875223185567,0.08439572242846073,0.0519781083769981,0.14238701707798102,0.04580294195807475,0.8036379032612394,0.12351395381864803,0.029541790481859974,0.5240448301414932,0.11690828205164433,0.19957839984950265,0.03373499120535135,0.4450952299636135,0.1362740322976715,0.19214805999683388,0.016449738188454473,0.7346250383536367,0.053279847267921475,0.14330472770328573,0.6906717172196815,0.10297877636781355,0.2148434860793243,0.21900620934398482,0.053279847267921475,0.14330472770328573,0.20132177174595894,0.6906717172196815,0.7837471122755273,0.15499824735394718,0.1362740322976715,0.19214805999683388,0.04160339101669224,0.03802842128094609,0.053279847267921475,0.14330472770328573,0.20132177174595894,0.6906717172196815,0.7837471122755273,0.15499824735394718,0.1362740322976715,0.19214805999683388,0.053279847267921475,0.12020914083968144,0.14330472770328573,0.16495832743346128,0.20132177174595894,0.032629332363206635,0.470140804711273,0.6975340637774653,0.9645975381834664,0.5190109805835807,0.6281674105802412,0.7837471122755273,0.031543036237481066,0.12211343675846928,0.11504280669754828,0.223492342267914,0.15499824735394718,0.036367423447497986,0.08835399722904125,0.1449589308152164,0.18563417189241288,0.0029831631054229157,0.18563417189241288,,0.6975340637774653,0.6975340637774653,0.6960575424867609,0.4863686061193076,0.5662243940168902,0.5539617772230477,0.011912715910426749,0.3020094340953555,0.011912715910426749,,0.9645975381834664,0.9645975381834664,0.9653341575576193,0.6753618241875923,0.3413782489857357,0.3884363846647171,0.7837471122755273,0.8084632802586998,0.7837471122755273,,0.3567548349859999,0.3567548349859999,0.7010300731784174,0.49585385219089184,0.49585385219089184,0.83939457665239,1.0,0.9823101650380095,1.0,,0.26280343822813446,0.26280343822813446,0.9446976440995308,0.3691306399132697,0.3691306399132697,0.942755344818116,0.1449589308152164,0.20532574539189846,0.1449589308152164,,0.6756718660999838,0.6756718660999838,0.6752332940056077,0.39541157022969947,0.5201992250579053,0.7301104446641935,0.07177710629415718,0.24705353479676154,0.07177710629415718,,0.9251321965403863,0.9251321965403863,0.9236130183719184,0.7812532290581464,0.8603303990491106,0.8040846147277353,0.06898199219553032,0.19717385913238558,0.43992158542312604,0.1944037572389923,0.23822640645293644,0.06177761367225298,0.17847435035169668,0.34629822516828296,0.2219805307407834,0.24765863410427147,0.07161842314124013,0.20803905076775464,0.37478513216322223,0.18623012153416832,0.21610057996196805,0.08404496570718965,0.15632167542251837,0.010629505491060471,0.045384595693193384,0.02437996587033625,0.04160339101669224,0.3216786069679982,0.028059547902566262,0.03802842128094609
tsf__range__length__60,,,,,,,,,,,,,,,,,,,,,,,,,,,,,,,,,,,,,,,,,,,,,,,,,,,,,,,,,,,,,,,,,,,,,,,,,,,,,,,,,,,,,,,,,,,,,,,,,,,,,,,,,,,,,,,,,,,,,,,,,,,,,,,,,,,,,,,,,,,,,,,,,,,,,,,,,,,,,,,,,,,,,,,,,,,,,,,,,,,,,,,,,
tsf__range__standard_deviation__60,0.06441555142823431,0.028994678980019575,0.029446380525157433,0.11224383911957764,0.04747742452472237,0.061517533060171194,0.05788052750684498,0.0705346079958168,0.059532080221735395,0.10210685383099176,0.03572789090030469,0.10699690365004767,0.2568475327096017,0.09467967480137865,0.010132313156330201,0.03748901153575234,0.009115536727579684,0.011139374213462071,0.017526079595045114,0.1400585702867564,0.04365705665814862,0.10962276682689602,0.25611047098872997,0.21790275961445246,0.27362408738172317,0.041234807173542304,0.13330628189482896,0.046076582480661425,0.10502568695511785,0.10518015547903292,0.0020283382440852453,0.010132313156330201,0.03748901153575234,0.011139374213462071,0.017526079595045114,0.009115536727579684,0.003422928272156306,0.00417381377508245,0.06441555142823431,0.09937939940529127,0.017526079595045114,0.0012061411619424052,0.010132313156330201,0.03748901153575234,0.009115536727579684,0.011139374213462071,0.04815282274328174,0.004690150013685726,0.01103593681944607,0.0674697514664452,0.1794117483892912,0.29916907654011315,0.4774168284627273,0.060625415802690825,0.10813629781030279,0.08997161563118929,0.11283320357778288,0.01758548004436106,0.060787913051710385,0.127373775031081,0.1290685391391507,0.007982859630639287,0.25748287751563975,0.01758548004436106,0.060787913051710385,0.11223313646378831,0.127373775031081,0.13732597695647103,0.040900953612253856,0.060625415802690825,0.10813629781030279,0.015625085351839964,0.12807945380874464,0.01758548004436106,0.060787913051710385,0.11223313646378831,0.127373775031081,0.13732597695647103,0.040900953612253856,0.060625415802690825,0.10813629781030279,0.01758548004436106,0.03424919386821658,0.060787913051710385,0.09489153407927828,0.11223313646378831,0.07701536469445519,0.024920706955106033,0.11894079483801645,0.39550084532601143,0.014112925396039519,0.012398623046428019,0.13732597695647103,0.021721946461147522,0.030612213068402925,0.08908779190647494,0.1333564877327624,0.040900953612253856,0.009323191573817603,0.03391978843430691,0.03914052436856365,0.10987287764345545,0.13347207193336183,0.10987287764345545,,0.11894079483801645,0.11894079483801645,0.1256350530353052,0.10594431203377674,0.13163036902653574,0.1100846713847905,0.08942761920750394,0.06700625832442188,0.08942761920750394,,0.39550084532601143,0.39550084532601143,0.4008627465613497,0.3007728833552414,0.8618587106408923,0.769115645851928,0.13732597695647103,0.010837309578286995,0.13732597695647103,,0.14225966309922805,0.14225966309922805,0.20001922233927158,0.16247730398042307,0.16247730398042307,0.049221153370032716,0.26280343822813446,0.1489957051363423,0.26280343822813446,,1.0,1.0,0.5087024285483442,0.9258476099073039,0.9258476099073039,0.12598058971683626,0.03914052436856365,0.10487766926357296,0.03914052436856365,,0.14429243261773914,0.14429243261773914,0.13725314342728454,0.046055741243075016,0.12034932262826219,0.1388944634998348,0.1662157782290337,0.14357964010758087,0.1662157782290337,,0.14274796251821503,0.14274796251821503,0.13697019649954892,0.1196849122971085,0.14070609250218805,0.24534382655054882,0.034389064859614446,0.12386162800503465,0.28663756800563017,0.09445901789412704,0.08176656154122602,0.03585844560824173,0.103472666968902,0.2627907280632372,0.10686970845666537,0.09320085438014061,0.04699454941001628,0.14696413784130988,0.3225707750894192,0.10240772652352212,0.05443013868575038,0.07240716741907749,0.1370737730103076,0.015032944569279193,0.016662749482196777,0.018310216232512794,0.015625085351839964,0.12780690735373781,0.09308329280038403,0.12807945380874464
tsf__range__variance__60,0.06441555142823431,0.028994678980019575,0.029446380525157433,0.11224383911957764,0.04747742452472237,0.061517533060171194,0.05788052750684498,0.0705346079958168,0.059532080221735395,0.10210685383099176,0.03572789090030469,0.10699690365004767,0.2568475327096017,0.09467967480137865,0.010132313156330201,0.03748901153575234,0.009115536727579684,0.011139374213462071,0.017526079595045114,0.1400585702867564,0.04365705665814862,0.10962276682689602,0.25611047098872997,0.21790275961445246,0.27362408738172317,0.041234807173542304,0.13330628189482896,0.046076582480661425,0.10502568695511785,0.10518015547903292,0.0020283382440852453,0.010132313156330201,0.03748901153575234,0.011139374213462071,0.017526079595045114,0.009115536727579684,0.003422928272156306,0.00417381377508245,0.06441555142823431,0.09937939940529127,0.017526079595045114,0.0012061411619424052,0.010132313156330201,0.03748901153575234,0.009115536727579684,0.011139374213462071,0.04815282274328174,0.004690150013685726,0.01103593681944607,0.0674697514664452,0.1794117483892912,0.29916907654011315,0.4774168284627273,0.060625415802690825,0.10813629781030279,0.08997161563118929,0.11283320357778288,0.01758548004436106,0.060787913051710385,0.127373775031081,0.1290685391391507,0.007982859630639287,0.25748287751563975,0.01758548004436106,0.060787913051710385,0.11223313646378831,0.127373775031081,0.13732597695647103,0.040900953612253856,0.060625415802690825,0.10813629781030279,0.015625085351839964,0.12807945380874464,0.01758548004436106,0.060787913051710385,0.11223313646378831,0.127373775031081,0.13732597695647103,0.040900953612253856,0.060625415802690825,0.10813629781030279,0.01758548004436106,0.03424919386821658,0.060787913051710385,0.09489153407927828,0.11223313646378831,0.07701536469445519,0.024920706955106033,0.11894079483801645,0.39550084532601143,0.014112925396039519,0.012398623046428019,0.13732597695647103,0.021721946461147522,0.030612213068402925,0.08908779190647494,0.1333564877327624,0.040900953612253856,0.009323191573817603,0.03391978843430691,0.03914052436856365,0.10987287764345545,0.13347207193336183,0.10987287764345545,,0.11894079483801645,0.11894079483801645,0.1256350530353052,0.10594431203377674,0.13163036902653574,0.1100846713847905,0.08942761920750394,0.06700625832442188,0.08942761920750394,,0.39550084532601143,0.39550084532601143,0.4008627465613497,0.3007728833552414,0.8618587106408923,0.769115645851928,0.13732597695647103,0.010837309578286995,0.13732597695647103,,0.14225966309922805,0.14225966309922805,0.20001922233927158,0.16247730398042307,0.16247730398042307,0.049221153370032716,0.26280343822813446,0.1489957051363423,0.26280343822813446,,1.0,1.0,0.5087024285483442,0.9258476099073039,0.9258476099073039,0.12598058971683626,0.03914052436856365,0.10487766926357296,0.03914052436856365,,0.14429243261773914,0.14429243261773914,0.13725314342728454,0.046055741243075016,0.12034932262826219,0.1388944634998348,0.1662157782290337,0.14357964010758087,0.1662157782290337,,0.14274796251821503,0.14274796251821503,0.13697019649954892,0.1196849122971085,0.14070609250218805,0.24534382655054882,0.034389064859614446,0.12386162800503465,0.28663756800563017,0.09445901789412704,0.08176656154122602,0.03585844560824173,0.103472666968902,0.2627907280632372,0.10686970845666537,0.09320085438014061,0.04699454941001628,0.14696413784130988,0.3225707750894192,0.10240772652352212,0.05443013868575038,0.07240716741907749,0.1370737730103076,0.015032944569279193,0.016662749482196777,0.018310216232512794,0.015625085351839964,0.12780690735373781,0.09308329280038403,0.12807945380874464
tsf__range__root_mean_square__60,0.07821962122842506,0.07565057046677132,0.03258498495215256,0.05829499659480509,0.07820960270348223,0.20214435008430537,0.19370507770380016,0.05272852013915143,0.030077816284712837,0.6891307787859512,0.028190931639207502,0.16071401872618912,0.48141246670658433,0.16370553135259017,0.05228746931219068,0.14340604699736045,0.04706038673774054,0.7053721276351328,0.14686670548739514,0.21010699289340753,0.0827281981676281,0.1619785242281893,0.4983381944557168,0.07551218410172975,0.11752299307133633,0.045409907370447575,0.18861151189809813,0.06819884183910876,0.2363465566422961,0.1864462696984526,0.12395069493368563,0.05228746931219068,0.14340604699736045,0.7053721276351328,0.14686670548739514,0.04706038673774054,0.0009354591402920428,0.03600937374580938,0.07821962122842506,0.05034568048155647,0.14686670548739514,0.08499812058999281,0.05228746931219068,0.14340604699736045,0.04706038673774054,0.7053721276351328,0.11772017357349412,0.03566992926709621,0.4361362338844058,0.11412908714313842,0.26594108024932633,0.10562953910871326,0.290717228435008,0.15091414290752447,0.2269236423990822,0.026666854224905227,0.6360078685917473,0.058534697808151355,0.1568686983549242,0.5992220807839516,0.12155121885134813,0.2076611760297777,0.26101316151856196,0.058534697808151355,0.1568686983549242,0.23491902909172255,0.5992220807839516,0.6827152968048431,0.1523293983472073,0.15091414290752447,0.2269236423990822,0.029498666199583988,0.022017025690103418,0.058534697808151355,0.1568686983549242,0.23491902909172255,0.5992220807839516,0.6827152968048431,0.1523293983472073,0.15091414290752447,0.2269236423990822,0.058534697808151355,0.1273646092044272,0.1568686983549242,0.18464073464192543,0.23491902909172255,0.042217626422342454,0.35762999259133055,0.6040366626848623,0.9606169028534766,0.41302833410141876,0.505561732521149,0.6827152968048431,0.04767940256809006,0.10563233803715291,0.1245644819832391,0.25024509912429876,0.1523293983472073,0.03463798415642243,0.09894784826548021,0.12131373978108098,0.22145355873549283,0.07249779772882821,0.22145355873549283,,0.6040366626848623,0.6040366626848623,0.605475053480875,0.38185466745655,0.4912559704584207,0.4728394189673179,0.021550906312426652,0.20746875079433802,0.021550906312426652,,0.9606169028534766,0.9606169028534766,0.9624797848820635,0.6966880595367178,0.5495787229043365,0.538896174352327,0.6827152968048431,0.6754566506869875,0.6827152968048431,,0.31416749955139545,0.31416749955139545,0.6263302919146428,0.4357347503377221,0.4357347503377221,0.6955024423423979,0.9446976440995308,0.8964925567991311,0.9446976440995308,,0.5087024285483442,0.5087024285483442,1.0,0.5745498452660153,0.5745498452660153,0.8426846170343839,0.12131373978108098,0.15151208016465248,0.12131373978108098,,0.6173363507360007,0.6173363507360007,0.6148621529062828,0.31733402842706054,0.45799263712436844,0.6758114640927982,0.05028170581636019,0.22685406661506233,0.05028170581636019,,0.8134328422594098,0.8134328422594098,0.8099682820330903,0.6755003483825665,0.7470558068978771,0.7328033408119902,0.062322294221894774,0.2000656358627728,0.4523149958738378,0.19278642445852734,0.22637082163147249,0.06124607172003305,0.18003670095816793,0.3570831571107053,0.2166145561806783,0.23512284124454222,0.07005293069625498,0.21814448872611944,0.40107160971167993,0.18843026535896684,0.20113457501171583,0.09503383153133424,0.17371974900423356,0.0006297257772395878,0.05020496401469059,0.005119842816591921,0.029498666199583988,0.32290859757676227,0.016191991802824157,0.022017025690103418
tsf__range__maximum__60,0.06872636034195011,0.029867043701554203,0.02139486208511797,0.04515225162132436,0.056282525258019994,0.1305000666428339,0.020571174961432466,0.05221176703436423,0.09580623671871416,0.20343853546487256,0.07050351717346456,0.08725520314496493,0.30860376448968585,0.07865389928632256,0.0034410881738095255,0.017842542844439313,0.0041053755172616654,0.11277103549127554,0.0014463366688064997,0.12704207586751312,0.0013185360716673903,0.12630451823439942,0.23790070674664465,0.23507394978267054,0.3199045593457855,0.08164301995122801,0.1205618486099785,0.03716817177089898,0.0951222809655755,0.06771042891847961,0.010456931293935778,0.0034410881738095255,0.017842542844439313,0.11277103549127554,0.0014463366688064997,0.0041053755172616654,0.02038478264639951,0.02241520899481978,0.06872636034195011,0.12959502919846536,0.0014463366688064997,0.023243371982949342,0.0034410881738095255,0.017842542844439313,0.0041053755172616654,0.11277103549127554,0.05238794162067164,0.005290511079760318,0.05875065839604438,0.07508021784708063,0.12183906053667298,0.2674340753040143,0.32245492408869725,0.03047512481619135,0.07598963705231135,0.15070688794713633,0.20281602583625755,0.0020729382308286378,0.032233940835187255,0.21499396327297335,0.043280739443651885,0.0795695664781683,0.16710867901962956,0.0020729382308286378,0.032233940835187255,0.08296141283167753,0.21499396327297335,0.22564929034202125,0.013026601977305652,0.03047512481619135,0.07598963705231135,0.009004268785145535,0.12184393319024986,0.0020729382308286378,0.032233940835187255,0.08296141283167753,0.21499396327297335,0.22564929034202125,0.013026601977305652,0.03047512481619135,0.07598963705231135,0.0020729382308286378,0.009697718240379068,0.032233940835187255,0.04372088576575458,0.08296141283167753,0.13281185872891124,0.02899267492478078,0.20940943018246203,0.4601945050785158,0.04126889354955268,0.08035465938547802,0.22564929034202125,0.007660621537031403,0.038592634640851525,0.09056042494190679,0.08820863824844605,0.013026601977305652,0.008540167380226607,0.027011211374298554,0.09181073266373733,0.07822182666889196,0.1325493996343611,0.07822182666889196,,0.20940943018246203,0.20940943018246203,0.21466729962563044,0.030070518118085855,0.21416973666604042,0.16824052012195181,0.1483119394935535,0.08647117913336397,0.1483119394935535,,0.4601945050785158,0.4601945050785158,0.46051907216950455,0.4272563252140683,0.7422022131551568,0.7149637858107784,0.22564929034202125,0.1134999271965519,0.22564929034202125,,0.1873025558544604,0.1873025558544604,0.28064437619186666,0.23045363287882573,0.23045363287882573,0.052165787151412624,0.3691306399132697,0.284557356879369,0.3691306399132697,,0.9258476099073039,0.9258476099073039,0.5745498452660153,1.0,1.0,0.24258190110539685,0.09181073266373733,0.08071985681442508,0.09181073266373733,,0.18674154498529372,0.18674154498529372,0.1810111016533587,0.012507282671182764,0.1265738191926495,0.23595456371808218,0.2659035766834315,0.18390613591515925,0.2659035766834315,,0.2746743513438971,0.2746743513438971,0.2676541002141757,0.19553374448480923,0.2631640866987594,0.4175559686630622,0.03164844143998829,0.11366644884106578,0.3023783927389776,0.09148600873895395,0.08596476807714486,0.009245292451409986,0.06349509378893174,0.2539961803025084,0.08046895933333872,0.07479239718361333,0.03897671326995586,0.1468833355743883,0.33128320438085146,0.08343730958205546,0.04249350211199037,0.016390871152898768,0.14607562073227778,0.01997670733557551,0.01742913494730309,0.01118344048546723,0.009004268785145535,0.22791710049732114,0.09886879839590824,0.12184393319024986
tsf__range__absolute_maximum__60,0.06872636034195011,0.029867043701554203,0.02139486208511797,0.04515225162132436,0.056282525258019994,0.1305000666428339,0.020571174961432466,0.05221176703436423,0.09580623671871416,0.20343853546487256,0.07050351717346456,0.08725520314496493,0.30860376448968585,0.07865389928632256,0.0034410881738095255,0.017842542844439313,0.0041053755172616654,0.11277103549127554,0.0014463366688064997,0.12704207586751312,0.0013185360716673903,0.12630451823439942,0.23790070674664465,0.23507394978267054,0.3199045593457855,0.08164301995122801,0.1205618486099785,0.03716817177089898,0.0951222809655755,0.06771042891847961,0.010456931293935778,0.0034410881738095255,0.017842542844439313,0.11277103549127554,0.0014463366688064997,0.0041053755172616654,0.02038478264639951,0.02241520899481978,0.06872636034195011,0.12959502919846536,0.0014463366688064997,0.023243371982949342,0.0034410881738095255,0.017842542844439313,0.0041053755172616654,0.11277103549127554,0.05238794162067164,0.005290511079760318,0.05875065839604438,0.07508021784708063,0.12183906053667298,0.2674340753040143,0.32245492408869725,0.03047512481619135,0.07598963705231135,0.15070688794713633,0.20281602583625755,0.0020729382308286378,0.032233940835187255,0.21499396327297335,0.043280739443651885,0.0795695664781683,0.16710867901962956,0.0020729382308286378,0.032233940835187255,0.08296141283167753,0.21499396327297335,0.22564929034202125,0.013026601977305652,0.03047512481619135,0.07598963705231135,0.009004268785145535,0.12184393319024986,0.0020729382308286378,0.032233940835187255,0.08296141283167753,0.21499396327297335,0.22564929034202125,0.013026601977305652,0.03047512481619135,0.07598963705231135,0.0020729382308286378,0.009697718240379068,0.032233940835187255,0.04372088576575458,0.08296141283167753,0.13281185872891124,0.02899267492478078,0.20940943018246203,0.4601945050785158,0.04126889354955268,0.08035465938547802,0.22564929034202125,0.007660621537031403,0.038592634640851525,0.09056042494190679,0.08820863824844605,0.013026601977305652,0.008540167380226607,0.027011211374298554,0.09181073266373733,0.07822182666889196,0.1325493996343611,0.07822182666889196,,0.20940943018246203,0.20940943018246203,0.21466729962563044,0.030070518118085855,0.21416973666604042,0.16824052012195181,0.1483119394935535,0.08647117913336397,0.1483119394935535,,0.4601945050785158,0.4601945050785158,0.46051907216950455,0.4272563252140683,0.7422022131551568,0.7149637858107784,0.22564929034202125,0.1134999271965519,0.22564929034202125,,0.1873025558544604,0.1873025558544604,0.28064437619186666,0.23045363287882573,0.23045363287882573,0.052165787151412624,0.3691306399132697,0.284557356879369,0.3691306399132697,,0.9258476099073039,0.9258476099073039,0.5745498452660153,1.0,1.0,0.24258190110539685,0.09181073266373733,0.08071985681442508,0.09181073266373733,,0.18674154498529372,0.18674154498529372,0.1810111016533587,0.012507282671182764,0.1265738191926495,0.23595456371808218,0.2659035766834315,0.18390613591515925,0.2659035766834315,,0.2746743513438971,0.2746743513438971,0.2676541002141757,0.19553374448480923,0.2631640866987594,0.4175559686630622,0.03164844143998829,0.11366644884106578,0.3023783927389776,0.09148600873895395,0.08596476807714486,0.009245292451409986,0.06349509378893174,0.2539961803025084,0.08046895933333872,0.07479239718361333,0.03897671326995586,0.1468833355743883,0.33128320438085146,0.08343730958205546,0.04249350211199037,0.016390871152898768,0.14607562073227778,0.01997670733557551,0.01742913494730309,0.01118344048546723,0.009004268785145535,0.22791710049732114,0.09886879839590824,0.12184393319024986
tsf__range__minimum__60,0.05267660478220797,0.06566328537246405,0.01402827133447119,0.136395159810698,0.061902059305531276,0.17997620165469175,0.14805405347447456,0.07141677782776468,0.07852942535556405,0.7264572361130204,0.07030858126978103,0.19913199406569493,0.4756686258243773,0.19618727187139942,0.031626582946818145,0.07963529004331285,0.026167914231193093,0.7889632162814721,0.10928872522727599,0.16571707565774188,0.03040338621491611,0.1334017235845497,0.4401095696005047,0.0018284902697190111,0.01697316354236614,0.002985688778497534,0.18221933744497998,0.0807283593577381,0.18453021548717194,0.07596813166462754,0.13676575182085968,0.031626582946818145,0.07963529004331285,0.7889632162814721,0.10928872522727599,0.026167914231193093,0.009803231179581547,0.013711797034620153,0.05267660478220797,0.09180063890283563,0.10928872522727599,0.06130851203783503,0.031626582946818145,0.07963529004331285,0.026167914231193093,0.7889632162814721,0.11625007208570635,0.010867905646080004,0.5206375929995071,0.09560219920234304,0.12396391834141146,0.03752430570935295,0.5066166981080608,0.06037747049755775,0.10263809486060974,0.011148740005905145,0.7118918028989677,0.02765985779612318,0.0668438060806142,0.6708172330418515,0.017893001845457966,0.20112308832871312,0.21017329646154906,0.02765985779612318,0.0668438060806142,0.11195302009287265,0.6708172330418515,0.775932785785743,0.10556639133606059,0.06037747049755775,0.10263809486060974,0.02192327704988094,0.05772130327939757,0.02765985779612318,0.0668438060806142,0.11195302009287265,0.6708172330418515,0.775932785785743,0.10556639133606059,0.06037747049755775,0.10263809486060974,0.02765985779612318,0.06581308642838142,0.0668438060806142,0.07761196808193777,0.11195302009287265,0.02415055315904896,0.4483118151352417,0.6761425574510413,0.907837478346405,0.5277073997521369,0.6342285718080276,0.775932785785743,0.0077255230746205664,0.11404617097321551,0.0862263528400778,0.12268587895044582,0.10556639133606059,0.0272261842323174,0.04552931187496058,0.12910019457227095,0.09662164738499181,0.06749182426841158,0.09662164738499181,,0.6761425574510413,0.6761425574510413,0.6753753849948223,0.48794986307522736,0.5621372725760025,0.5413184857202435,0.005615405469118516,0.33120276305055685,0.005615405469118516,,0.907837478346405,0.907837478346405,0.9078357102849418,0.6127300234291047,0.2063091792234988,0.3227620933476403,0.775932785785743,0.8081149256764784,0.775932785785743,,0.34880171118134856,0.34880171118134856,0.6899444086050331,0.46362526284017486,0.46362526284017486,0.8669990013344162,0.942755344818116,0.9427080257239543,0.942755344818116,,0.12598058971683626,0.12598058971683626,0.8426846170343839,0.24258190110539685,0.24258190110539685,1.0,0.12910019457227095,0.257175379528302,0.12910019457227095,,0.6875642565982072,0.6875642565982072,0.6869658434111181,0.3921313322688758,0.5119732528846401,0.7256975246689656,0.0710160230109522,0.34970021696509096,0.0710160230109522,,0.904821820955948,0.904821820955948,0.9031160416995606,0.7276102805317625,0.8339896538431812,0.8342436072544152,0.06403588420247396,0.15867830851661943,0.36361396357647124,0.18549911144075035,0.23994063622468786,0.04211678401578936,0.1197938749105345,0.25855471179725975,0.19997994935628394,0.2299087953306028,0.05892542265849121,0.16326683713803364,0.3020763628692142,0.17941487300766065,0.2323746195961828,0.015709333582344248,0.11591406340701088,0.01554301388108312,0.01378354635963132,0.03151074760722393,0.02192327704988094,0.3156499488997144,0.05873066063931923,0.05772130327939757
tsf__log_amount_change__sum_values__20,0.06322484552944979,0.07052081310239977,0.010302368136810434,0.11520486467503187,0.06377940635988837,0.20408378306813313,0.6739750732724223,0.05835665785755643,0.036303656993312165,0.08932882725986174,0.05773144393834049,0.18175855447660721,0.224596082608253,0.17787049582181427,0.069402054086162,0.2066921229823533,0.0773642744368542,0.045618987200388095,0.6463223635637428,0.004608590630362309,0.014518419406352673,0.050019217872782504,0.18775938876175394,0.30651722705139384,0.4857242630528092,0.20817787651188438,0.008457944409282239,0.2813906088839501,0.11299129214464951,0.2036246629330437,0.006073985160509758,0.069402054086162,0.2066921229823533,0.045618987200388095,0.6463223635637428,0.0773642744368542,0.08090506933513263,0.04902185198577231,0.06322484552944979,0.0940379565048881,0.6463223635637428,0.3520751424336717,0.069402054086162,0.2066921229823533,0.0773642744368542,0.045618987200388095,0.0017521326475217669,0.07148281920545732,0.2127662183528346,0.058663143627002486,0.45095890538628697,0.14242040070152953,0.2213006725765698,0.2211032040510212,0.5121475131459389,0.39592489715551493,0.0053107846122581025,0.06273209886916366,0.20684749967484367,0.026041331508525098,0.5814131615982611,0.6098013296412004,0.2451273396387844,0.06273209886916366,0.20684749967484367,0.5115747470778836,0.026041331508525098,0.04149337954175907,0.6629514835854607,0.2211032040510212,0.5121475131459389,0.053316344977368695,0.10283390465007755,0.06273209886916366,0.20684749967484367,0.5115747470778836,0.026041331508525098,0.04149337954175907,0.6629514835854607,0.2211032040510212,0.5121475131459389,0.06273209886916366,0.12832715379868695,0.20684749967484367,0.3194957363178241,0.5115747470778836,0.4443665483126384,0.061342372385113406,0.04117759837810549,0.1746677561420497,0.1771604847838198,0.12371324151354708,0.04149337954175907,0.06572270942927681,0.002314855952779929,0.050485863426667284,0.39628984754104535,0.6629514835854607,0.20693683646980543,0.300556884947079,1.0,0.5119052594591164,0.27515501928631486,0.5119052594591164,,0.04117759837810549,0.04117759837810549,0.06416018685045662,0.2962196249286366,0.08400053670565165,0.12165310052638129,0.4391561910109664,0.12578316764273675,0.4391561910109664,,0.1746677561420497,0.1746677561420497,0.17003573016590798,0.22542141507094948,0.08694676539829933,0.1736251997674995,0.04149337954175907,0.03157409392001207,0.04149337954175907,,0.2504178903739596,0.2504178903739596,0.05889252361558818,0.16416213550881228,0.16416213550881228,0.061560184047213626,0.1449589308152164,0.14554374541425807,0.1449589308152164,,0.03914052436856365,0.03914052436856365,0.12131373978108098,0.09181073266373733,0.09181073266373733,0.12910019457227095,1.0,0.44288159287006484,1.0,,0.0672816217352971,0.0672816217352971,0.08143704312071398,0.27531155305768984,0.0958646283087452,0.22629129673585677,0.5823636140364298,0.02051178809195862,0.5823636140364298,,0.13226225400889047,0.13226225400889047,0.1368052653723144,0.2194481881882449,0.1463163054155073,0.09568249475981422,0.029053636138279423,0.046331487517245785,0.2690474310826407,0.13623845369836574,0.14664530057700825,0.03381158257887508,0.06328294323966265,0.2608685220357978,0.14212805987635443,0.12834635709498135,0.019220635281822527,0.052134408669917795,0.19053589699873003,0.06034880992738139,0.04643066668524203,0.03539126237058335,0.059805812275174536,0.049790187862291946,0.09469585815670888,0.027243269026434314,0.053316344977368695,0.183316324535,0.10743727430613005,0.10283390465007755
tsf__log_amount_change__median__20,0.006139097560257291,0.003405639869610572,0.02543614137198173,0.07062799640426508,0.016446710170609023,0.21984945329302338,0.34936559925230043,0.058130896900517745,0.06625738971789714,0.19490591516717828,0.03392476480373654,0.1559468592982759,0.1259639456145718,0.16972698058073418,0.03185348873627686,0.02611670688583466,0.03221151788139691,0.18285422698225023,0.3313236206182539,0.019849711304927204,0.11422483999112398,0.05899724151250436,0.17571779855673705,0.09627190410682385,0.1590813511908597,0.08282856854727055,0.04691502442158834,0.1560515685488664,0.05959024590853831,0.04363144955740933,0.04090721543555569,0.03185348873627686,0.02611670688583466,0.18285422698225023,0.3313236206182539,0.03221151788139691,0.026567786194129268,0.044239326621442,0.006139097560257291,0.08038490155611035,0.3313236206182539,0.2041041240848748,0.03185348873627686,0.02611670688583466,0.03221151788139691,0.18285422698225023,0.03249050204220254,0.02412624258118232,0.022781451238249758,0.006228955675820195,0.13412328702355777,0.04501483764809125,0.1554863517971182,0.028097120532145563,0.2793572061130784,0.11839974873113895,0.24686243117635845,0.025893496689648545,0.024605870998443555,0.247845492866632,0.15983471553081036,0.3558527764199603,0.011006575631272423,0.025893496689648545,0.024605870998443555,0.2851020080561253,0.247845492866632,0.18727228447112074,0.30323132450315304,0.028097120532145563,0.2793572061130784,0.0266423049535845,0.07106060973172325,0.025893496689648545,0.024605870998443555,0.2851020080561253,0.247845492866632,0.18727228447112074,0.30323132450315304,0.028097120532145563,0.2793572061130784,0.025893496689648545,0.006407318225654256,0.024605870998443555,0.11135134038160302,0.2851020080561253,0.11534524387848481,0.07321283169905286,0.24008952811661666,0.2130779125958514,0.007546316107561216,0.0959446315976056,0.18727228447112074,0.012373444600247235,0.04637778343558497,0.014789862587896935,0.17051645770144738,0.30323132450315304,0.13966491947471912,0.1440651170904601,0.44288159287006484,0.281911917017086,0.2899433073551817,0.281911917017086,,0.24008952811661666,0.24008952811661666,0.22336902044047782,0.1458815794376249,0.24701476277446055,0.4021632346242208,0.1122801396889329,0.008331846630529707,0.1122801396889329,,0.2130779125958514,0.2130779125958514,0.21825897268802186,0.12775848148166993,0.03195239033128386,0.10172771636971017,0.18727228447112074,0.17505721066191376,0.18727228447112074,,0.11334307091123018,0.11334307091123018,0.18667750478134162,0.1513127045388956,0.1513127045388956,0.2131267527333415,0.20532574539189846,0.24223140474867016,0.20532574539189846,,0.10487766926357296,0.10487766926357296,0.15151208016465248,0.08071985681442508,0.08071985681442508,0.257175379528302,0.44288159287006484,1.0,0.44288159287006484,,0.24002594783745268,0.24002594783745268,0.24549617390792364,0.17603226018407284,0.19442514478657033,0.24698419651827855,0.12834904469075223,0.4330368956140552,0.12834904469075223,,0.11619784772437573,0.11619784772437573,0.11718110552489999,0.0572705768046081,0.10457037048046104,0.1408448237989892,0.008154087871980333,0.007865488691775177,0.25564220428251155,0.23949143119488114,0.26593734423353876,0.024996061524921984,0.01288938120251505,0.23994406749532934,0.14463778190053,0.1664818096204987,0.01640100295154006,0.043285951639624703,0.20963772576743325,0.13871735216637887,0.1634569916610726,0.0824271325241498,0.06023883141430803,0.03340209789119697,0.07202255577202347,0.001377757615225344,0.0266423049535845,0.09020428209255842,0.12618402588003547,0.07106060973172325
tsf__log_amount_change__mean__20,0.06322484552944979,0.07052081310239977,0.010302368136810434,0.11520486467503187,0.06377940635988837,0.20408378306813313,0.6739750732724223,0.05835665785755643,0.036303656993312165,0.08932882725986174,0.05773144393834049,0.18175855447660721,0.224596082608253,0.17787049582181427,0.069402054086162,0.2066921229823533,0.0773642744368542,0.045618987200388095,0.6463223635637428,0.004608590630362309,0.014518419406352673,0.050019217872782504,0.18775938876175394,0.30651722705139384,0.4857242630528092,0.20817787651188438,0.008457944409282239,0.2813906088839501,0.11299129214464951,0.2036246629330437,0.006073985160509758,0.069402054086162,0.2066921229823533,0.045618987200388095,0.6463223635637428,0.0773642744368542,0.08090506933513263,0.04902185198577231,0.06322484552944979,0.0940379565048881,0.6463223635637428,0.3520751424336717,0.069402054086162,0.2066921229823533,0.0773642744368542,0.045618987200388095,0.0017521326475217669,0.07148281920545732,0.2127662183528346,0.058663143627002486,0.45095890538628697,0.14242040070152953,0.2213006725765698,0.2211032040510212,0.5121475131459389,0.39592489715551493,0.0053107846122581025,0.06273209886916366,0.20684749967484367,0.026041331508525098,0.5814131615982611,0.6098013296412004,0.2451273396387844,0.06273209886916366,0.20684749967484367,0.5115747470778836,0.026041331508525098,0.04149337954175907,0.6629514835854607,0.2211032040510212,0.5121475131459389,0.053316344977368695,0.10283390465007755,0.06273209886916366,0.20684749967484367,0.5115747470778836,0.026041331508525098,0.04149337954175907,0.6629514835854607,0.2211032040510212,0.5121475131459389,0.06273209886916366,0.12832715379868695,0.20684749967484367,0.3194957363178241,0.5115747470778836,0.4443665483126384,0.061342372385113406,0.04117759837810549,0.1746677561420497,0.1771604847838198,0.12371324151354708,0.04149337954175907,0.06572270942927681,0.002314855952779929,0.050485863426667284,0.39628984754104535,0.6629514835854607,0.20693683646980543,0.300556884947079,1.0,0.5119052594591164,0.27515501928631486,0.5119052594591164,,0.04117759837810549,0.04117759837810549,0.06416018685045662,0.2962196249286366,0.08400053670565165,0.12165310052638129,0.4391561910109664,0.12578316764273675,0.4391561910109664,,0.1746677561420497,0.1746677561420497,0.17003573016590798,0.22542141507094948,0.08694676539829933,0.1736251997674995,0.04149337954175907,0.03157409392001207,0.04149337954175907,,0.2504178903739596,0.2504178903739596,0.05889252361558818,0.16416213550881228,0.16416213550881228,0.061560184047213626,0.1449589308152164,0.14554374541425807,0.1449589308152164,,0.03914052436856365,0.03914052436856365,0.12131373978108098,0.09181073266373733,0.09181073266373733,0.12910019457227095,1.0,0.44288159287006484,1.0,,0.0672816217352971,0.0672816217352971,0.08143704312071398,0.27531155305768984,0.0958646283087452,0.22629129673585677,0.5823636140364298,0.02051178809195862,0.5823636140364298,,0.13226225400889047,0.13226225400889047,0.1368052653723144,0.2194481881882449,0.1463163054155073,0.09568249475981422,0.029053636138279423,0.046331487517245785,0.2690474310826407,0.13623845369836574,0.14664530057700825,0.03381158257887508,0.06328294323966265,0.2608685220357978,0.14212805987635443,0.12834635709498135,0.019220635281822527,0.052134408669917795,0.19053589699873003,0.06034880992738139,0.04643066668524203,0.03539126237058335,0.059805812275174536,0.049790187862291946,0.09469585815670888,0.027243269026434314,0.053316344977368695,0.183316324535,0.10743727430613005,0.10283390465007755
tsf__log_amount_change__length__20,,,,,,,,,,,,,,,,,,,,,,,,,,,,,,,,,,,,,,,,,,,,,,,,,,,,,,,,,,,,,,,,,,,,,,,,,,,,,,,,,,,,,,,,,,,,,,,,,,,,,,,,,,,,,,,,,,,,,,,,,,,,,,,,,,,,,,,,,,,,,,,,,,,,,,,,,,,,,,,,,,,,,,,,,,,,,,,,,,,,,,,,,
tsf__log_amount_change__standard_deviation__20,0.016341955301687146,0.013926288392538516,0.03130012846627461,0.04974161264598197,0.011394715385313262,0.037304375598850206,0.06327570722332779,0.0147225936993166,0.07242665863355519,0.6588249691697967,0.08197763370177163,0.15423759947086518,0.49982396584830663,0.15542925634203525,0.010359995926470671,0.0035035234449049715,0.014210188991886948,0.6911224184983141,0.033127529679253816,0.10312197961779752,0.0024481479277665293,0.01671874522568537,0.306471149888946,0.08499315417214491,0.08912918055427302,0.005198737976636402,0.21740945496370362,0.07130160097456335,0.07916046140074386,0.07014538875004835,0.0803837027108791,0.010359995926470671,0.0035035234449049715,0.6911224184983141,0.033127529679253816,0.014210188991886948,0.04612140308755064,0.01800468687290469,0.016341955301687146,0.12280542346060014,0.033127529679253816,0.0164335724685494,0.010359995926470671,0.0035035234449049715,0.014210188991886948,0.6911224184983141,0.06542911542221702,0.028929977793705142,0.49110380633686984,0.017686442300811123,0.18723442836357912,0.1493262340066681,0.14579354776352438,0.004045006334419771,0.07235767125986733,0.295187941759162,0.5516187212233911,0.012522050472550627,0.00010056137183407865,0.5200445852928682,0.027874944709233466,0.15202861633677023,0.3999048897209472,0.012522050472550627,0.00010056137183407865,0.08009100602356096,0.5200445852928682,0.5817946188501453,0.06072573499282084,0.004045006334419771,0.07235767125986733,0.054321626353326116,0.06343116779629904,0.012522050472550627,0.00010056137183407865,0.08009100602356096,0.5200445852928682,0.5817946188501453,0.06072573499282084,0.004045006334419771,0.07235767125986733,0.012522050472550627,0.002020015953808445,0.00010056137183407865,0.035539926449292256,0.08009100602356096,0.3274899012030851,0.3783238670389886,0.5197090125226691,0.6528794827172817,0.4481785777960835,0.5423172189851705,0.5817946188501453,0.028792225289585544,0.06528659028476683,0.01626689950825681,0.03893639458273851,0.06072573499282084,0.03455802467825371,0.043440033311816874,0.0672816217352971,0.07013183421312,0.10639684430859613,0.07013183421312,,0.5197090125226691,0.5197090125226691,0.5249027060101691,0.30279272079785413,0.34379010608035276,0.4239142358948662,0.3402813391632018,0.4791839172586108,0.3402813391632018,,0.6528794827172817,0.6528794827172817,0.6661142839743849,0.6178760927646519,0.22154371335492565,0.06098652027948015,0.5817946188501453,0.6180821843996338,0.5817946188501453,,0.2894448376966639,0.2894448376966639,0.5175954016247692,0.32760750869609867,0.32760750869609867,0.6313769522304329,0.6756718660999838,0.6759843918863923,0.6756718660999838,,0.14429243261773914,0.14429243261773914,0.6173363507360007,0.18674154498529372,0.18674154498529372,0.6875642565982072,0.0672816217352971,0.24002594783745268,0.0672816217352971,,1.0,1.0,0.9988122824720004,0.8023809579190079,0.9119378084784117,0.8058396269131985,0.18166983923025623,0.1348144749540082,0.18166983923025623,,0.673091838885727,0.673091838885727,0.6705136217006226,0.5259688057701684,0.5872148926891665,0.6530106651038177,0.014128774585542752,0.07645243302973673,0.2554534721443642,0.022287892025840098,0.054022903864316706,0.004034170706255187,0.056546167847418435,0.19654723814211877,0.057192656805360495,0.07495700577538982,0.004445924576509375,0.05382454552832422,0.15201457546782823,0.04852702903218602,0.07636707481603204,0.017414734110269985,0.00853372058541582,0.021257937422897697,0.08451821348276424,0.03331918435547217,0.054321626353326116,0.36953121037805925,0.08655122606561094,0.06343116779629904
tsf__log_amount_change__variance__20,0.016341955301687146,0.013926288392538516,0.03130012846627461,0.04974161264598197,0.011394715385313262,0.037304375598850206,0.06327570722332779,0.0147225936993166,0.07242665863355519,0.6588249691697967,0.08197763370177163,0.15423759947086518,0.49982396584830663,0.15542925634203525,0.010359995926470671,0.0035035234449049715,0.014210188991886948,0.6911224184983141,0.033127529679253816,0.10312197961779752,0.0024481479277665293,0.01671874522568537,0.306471149888946,0.08499315417214491,0.08912918055427302,0.005198737976636402,0.21740945496370362,0.07130160097456335,0.07916046140074386,0.07014538875004835,0.0803837027108791,0.010359995926470671,0.0035035234449049715,0.6911224184983141,0.033127529679253816,0.014210188991886948,0.04612140308755064,0.01800468687290469,0.016341955301687146,0.12280542346060014,0.033127529679253816,0.0164335724685494,0.010359995926470671,0.0035035234449049715,0.014210188991886948,0.6911224184983141,0.06542911542221702,0.028929977793705142,0.49110380633686984,0.017686442300811123,0.18723442836357912,0.1493262340066681,0.14579354776352438,0.004045006334419771,0.07235767125986733,0.295187941759162,0.5516187212233911,0.012522050472550627,0.00010056137183407865,0.5200445852928682,0.027874944709233466,0.15202861633677023,0.3999048897209472,0.012522050472550627,0.00010056137183407865,0.08009100602356096,0.5200445852928682,0.5817946188501453,0.06072573499282084,0.004045006334419771,0.07235767125986733,0.054321626353326116,0.06343116779629904,0.012522050472550627,0.00010056137183407865,0.08009100602356096,0.5200445852928682,0.5817946188501453,0.06072573499282084,0.004045006334419771,0.07235767125986733,0.012522050472550627,0.002020015953808445,0.00010056137183407865,0.035539926449292256,0.08009100602356096,0.3274899012030851,0.3783238670389886,0.5197090125226691,0.6528794827172817,0.4481785777960835,0.5423172189851705,0.5817946188501453,0.028792225289585544,0.06528659028476683,0.01626689950825681,0.03893639458273851,0.06072573499282084,0.03455802467825371,0.043440033311816874,0.0672816217352971,0.07013183421312,0.10639684430859613,0.07013183421312,,0.5197090125226691,0.5197090125226691,0.5249027060101691,0.30279272079785413,0.34379010608035276,0.4239142358948662,0.3402813391632018,0.4791839172586108,0.3402813391632018,,0.6528794827172817,0.6528794827172817,0.6661142839743849,0.6178760927646519,0.22154371335492565,0.06098652027948015,0.5817946188501453,0.6180821843996338,0.5817946188501453,,0.2894448376966639,0.2894448376966639,0.5175954016247692,0.32760750869609867,0.32760750869609867,0.6313769522304329,0.6756718660999838,0.6759843918863923,0.6756718660999838,,0.14429243261773914,0.14429243261773914,0.6173363507360007,0.18674154498529372,0.18674154498529372,0.6875642565982072,0.0672816217352971,0.24002594783745268,0.0672816217352971,,1.0,1.0,0.9988122824720004,0.8023809579190079,0.9119378084784117,0.8058396269131985,0.18166983923025623,0.1348144749540082,0.18166983923025623,,0.673091838885727,0.673091838885727,0.6705136217006226,0.5259688057701684,0.5872148926891665,0.6530106651038177,0.014128774585542752,0.07645243302973673,0.2554534721443642,0.022287892025840098,0.054022903864316706,0.004034170706255187,0.056546167847418435,0.19654723814211877,0.057192656805360495,0.07495700577538982,0.004445924576509375,0.05382454552832422,0.15201457546782823,0.04852702903218602,0.07636707481603204,0.017414734110269985,0.00853372058541582,0.021257937422897697,0.08451821348276424,0.03331918435547217,0.054321626353326116,0.36953121037805925,0.08655122606561094,0.06343116779629904
tsf__log_amount_change__root_mean_square__20,0.014767981967390076,0.01173476240558678,0.031407542623716776,0.04939065443771598,0.013058955910702625,0.04868218831808739,0.07723081654732884,0.014552266307701841,0.07818431956362991,0.6572543882888711,0.08860423343181964,0.15837662693646468,0.49511180393533333,0.16044987850261683,0.00888517746104652,0.00801216596124076,0.011545075112160198,0.6867000612148764,0.04627117040910144,0.09957736761780395,0.0075178066858899,0.022791271386919304,0.3077051322525002,0.07058899013699545,0.07548640249379485,0.006661019779616791,0.20428225512954817,0.07910538989644567,0.08411106065917763,0.07875515309579324,0.08018369980988538,0.00888517746104652,0.00801216596124076,0.6867000612148764,0.04627117040910144,0.011545075112160198,0.046051396936008,0.0204598714464826,0.014767981967390076,0.11748617358483283,0.04627117040910144,0.0046358389251881325,0.00888517746104652,0.00801216596124076,0.011545075112160198,0.6867000612148764,0.06924398142130776,0.029107786098736564,0.479982186657628,0.01644896674725007,0.173170678985408,0.14357660645374437,0.15553881367967495,0.005507152730832603,0.08504309594683378,0.2792874314010755,0.5496233071265927,0.011326307238815104,0.009282162908709073,0.5172805050021904,0.044005666272279746,0.16100883053100562,0.4143754288642117,0.011326307238815104,0.009282162908709073,0.0929319462179048,0.5172805050021904,0.5762408065776243,0.07613654129844881,0.005507152730832603,0.08504309594683378,0.0518330795067936,0.06421865530353578,0.011326307238815104,0.009282162908709073,0.0929319462179048,0.5172805050021904,0.5762408065776243,0.07613654129844881,0.005507152730832603,0.08504309594683378,0.011326307238815104,0.0032637363323855433,0.009282162908709073,0.022050728107342477,0.0929319462179048,0.3097495225157255,0.3689682969689736,0.5164395275754574,0.6522565692957047,0.4382762504854617,0.5320624026037352,0.5762408065776243,0.02923311582766495,0.06902967548463741,0.01449539389635041,0.05231811968670667,0.07613654129844881,0.03910865680447596,0.05690982479673799,0.08143704312071398,0.08293036959000857,0.09844160987835185,0.08293036959000857,,0.5164395275754574,0.5164395275754574,0.5198175899395836,0.2924096676971187,0.33720053693382634,0.4261324617293401,0.3226398904005987,0.46999418476454613,0.3226398904005987,,0.6522565692957047,0.6522565692957047,0.6649694721028231,0.6075613763124993,0.21851712029896428,0.06176061751044086,0.5762408065776243,0.6129454157347917,0.5762408065776243,,0.28233423313274153,0.28233423313274153,0.5124153079562922,0.32135804706248855,0.32135804706248855,0.6271719004197733,0.6752332940056077,0.677060063068952,0.6752332940056077,,0.13725314342728454,0.13725314342728454,0.6148621529062828,0.1810111016533587,0.1810111016533587,0.6869658434111181,0.08143704312071398,0.24549617390792364,0.08143704312071398,,0.9988122824720004,0.9988122824720004,1.0,0.8067297709772718,0.9131827792254398,0.7990346946153872,0.16580898646011788,0.12909354798627495,0.16580898646011788,,0.6746729920462071,0.6746729920462071,0.6724906383251625,0.5315403157171917,0.5901680017333493,0.6444027284047341,0.014179856832604362,0.07230780525678338,0.26056678296170444,0.024140673874349615,0.055821507572003305,0.0026675547459056254,0.05652062672388763,0.2024836144294301,0.05722991809813054,0.07484798608793798,0.002627529262277264,0.047820170145898414,0.15365694710820305,0.046092550859453275,0.07433804815839654,0.020465295141503352,0.002477046711950747,0.021403997530280862,0.0804053168018509,0.03434514188819422,0.0518330795067936,0.3618446351382368,0.08697110142843735,0.06421865530353578
tsf__log_amount_change__maximum__20,0.003610148763115388,0.002690997829198752,0.029153254226941986,0.007019240288276394,0.023875278937689856,0.1189795130191712,0.17049309006409763,0.051202616110327774,0.005495682109648708,0.40210893647973805,0.007081682522541646,0.11853704950536129,0.37268140642409026,0.10863944057468317,0.022419692901542193,0.10313297591022821,0.023400517056951436,0.45600745527185366,0.14150892396857429,0.09328392180062095,0.08466990039511624,0.010917869567628287,0.2538265617109822,0.04171132710232374,0.12795096223504507,0.06491348666111645,0.11966501934005074,0.0808206121916146,0.11591127942859698,0.17662709052887096,0.05818580124598814,0.022419692901542193,0.10313297591022821,0.45600745527185366,0.14150892396857429,0.023400517056951436,0.06526833457271179,0.045996968850366325,0.003610148763115388,0.0034579047653236295,0.14150892396857429,0.022216283828262694,0.022419692901542193,0.10313297591022821,0.023400517056951436,0.45600745527185366,0.05071533391330735,0.0040151637977440145,0.3713297315574868,0.05753902947956232,0.15380877636305249,0.21985226541574107,0.038327128496529854,0.1005059079374951,0.1152486906698169,0.24241576449534355,0.3804488412437917,0.013761237207197042,0.10027298661294454,0.3585667008336201,0.22544597791376175,0.19894437387263972,0.4664392704006327,0.013761237207197042,0.10027298661294454,0.12172261395131403,0.3585667008336201,0.39128480619013606,0.19669337270464682,0.1005059079374951,0.1152486906698169,0.02851872033432917,0.10551157934052062,0.013761237207197042,0.10027298661294454,0.12172261395131403,0.3585667008336201,0.39128480619013606,0.19669337270464682,0.1005059079374951,0.1152486906698169,0.013761237207197042,0.07674378757323261,0.10027298661294454,0.07304664567988704,0.12172261395131403,0.288331076106902,0.3136035649095385,0.3521745309083076,0.3545615684647092,0.3380378922956062,0.4329479775696802,0.39128480619013606,0.0015475716556585769,0.04953556027367615,0.050741407344826135,0.11519088914570133,0.19669337270464682,0.05684468558927572,0.10914644530295918,0.27531155305768984,0.11538112329583115,0.06496064458290864,0.11538112329583115,,0.3521745309083076,0.3521745309083076,0.35103292184270357,0.11371404230752237,0.21064066513381635,0.29674388827443743,0.2973988743845472,0.3939783495788611,0.2973988743845472,,0.3545615684647092,0.3545615684647092,0.364982590972004,0.3338791751555557,0.12873967608773992,0.08407353916819271,0.39128480619013606,0.3889995319123598,0.39128480619013606,,0.1967602528403407,0.1967602528403407,0.35815607118328435,0.21734324279057535,0.21734324279057535,0.37628250293158666,0.39541157022969947,0.3899477290849429,0.39541157022969947,,0.046055741243075016,0.046055741243075016,0.31733402842706054,0.012507282671182764,0.012507282671182764,0.3921313322688758,0.27531155305768984,0.17603226018407284,0.27531155305768984,,0.8023809579190079,0.8023809579190079,0.8067297709772718,1.0,0.9026498713623303,0.4548108968129746,0.06415105810616821,0.033695305287706624,0.06415105810616821,,0.448494181455236,0.448494181455236,0.44912129842121684,0.4415430617360718,0.41228358888314753,0.34958158586271093,0.007353053264438381,0.07240491064181996,0.1821547707670696,0.041570291521951026,0.026192175159815683,0.00451653892379242,0.09035113570490991,0.15848700264799498,0.03326686544426088,0.029561683799395333,0.002440212196633408,0.04995365291484192,0.06326667221693642,0.0034279803545742434,0.010271770981131613,0.08564706687209982,0.013307708720600194,0.024076726153408144,0.048435733126088704,0.03161185882998033,0.02851872033432917,0.12109788123157658,0.10249103202764348,0.10551157934052062
tsf__log_amount_change__absolute_maximum__20,0.006897493914129995,0.023036320414702337,0.027640052648679553,0.05534309954086251,0.0353047761273799,0.05659904183672162,0.08538009725815597,0.012205465623304872,0.01949581106965488,0.5114895009903587,0.023602053072359092,0.15947238887553467,0.40372012545576064,0.15179871372917492,0.024408522694049136,0.06405043289138179,0.023900629193588357,0.5624664804683792,0.05909939445319441,0.10215283850328283,0.0745595533689971,0.009244409599111873,0.22269952933546389,0.0656699386465031,0.03860813432334737,0.00841197004953851,0.17502408022930302,0.04362841225536856,0.09808295456075794,0.11339810151123104,0.08768508181735934,0.024408522694049136,0.06405043289138179,0.5624664804683792,0.05909939445319441,0.023900629193588357,0.07652401844659198,0.04439776951626977,0.006897493914129995,0.047547046507414654,0.05909939445319441,0.020368275689557947,0.024408522694049136,0.06405043289138179,0.023900629193588357,0.5624664804683792,0.06879349222423845,0.0008070893269238063,0.4299275040142796,0.04603829100692813,0.20719138876514206,0.14859333802708125,0.039951475950652134,0.0700659756331941,0.07318797239053744,0.31887331857773943,0.4124843208208167,0.021734499647592873,0.07258492631478972,0.38305657786450603,0.07717164675978126,0.11571393387800158,0.3916434795378893,0.021734499647592873,0.07258492631478972,0.08086843083578696,0.38305657786450603,0.442580517811922,0.08057974418790805,0.0700659756331941,0.07318797239053744,0.0453377324144601,0.07090510517243495,0.021734499647592873,0.07258492631478972,0.08086843083578696,0.38305657786450603,0.442580517811922,0.08057974418790805,0.0700659756331941,0.07318797239053744,0.021734499647592873,0.06743668088811354,0.07258492631478972,0.007999765369792812,0.08086843083578696,0.3605574312008219,0.3466317061816473,0.38205561164805385,0.4889746398202152,0.3947019662175725,0.46621305636181215,0.442580517811922,0.0004489571946428302,0.06468011587138932,0.05316535642285326,0.06895963380702468,0.08057974418790805,0.046421709819535584,0.06084541449534774,0.0958646283087452,0.07413268093127079,0.08104078801070448,0.07413268093127079,,0.38205561164805385,0.38205561164805385,0.38691114138639626,0.1846900660244512,0.24848435618630388,0.31739822468305806,0.37228123064036783,0.4248560418740309,0.37228123064036783,,0.4889746398202152,0.4889746398202152,0.5000124554447706,0.5085326113834115,0.18315541590564732,0.030621785909555936,0.442580517811922,0.48522951758121247,0.442580517811922,,0.17637234939558552,0.17637234939558552,0.38280925429701457,0.21295878580424854,0.21295878580424854,0.4761827602684136,0.5201992250579053,0.5177651506201374,0.5201992250579053,,0.12034932262826219,0.12034932262826219,0.45799263712436844,0.1265738191926495,0.1265738191926495,0.5119732528846401,0.0958646283087452,0.19442514478657033,0.0958646283087452,,0.9119378084784117,0.9119378084784117,0.9131827792254398,0.9026498713623303,1.0,0.7048888445808013,0.1855078427439433,0.032493879400007517,0.1855078427439433,,0.5554486758139267,0.5554486758139267,0.5552526855879163,0.49989721394827813,0.5124956494334585,0.5205060131816506,0.016814075062401335,0.08481123966884249,0.2183343246289597,0.01354985757322609,0.009167567181761191,0.027890918229840706,0.10253622441272035,0.16583142005544588,0.043327814241410696,0.05710878741852389,0.019186688601492245,0.07901083543792095,0.12098719316459591,0.039024129707562735,0.04838469888596397,0.09680878367665931,0.04844532662695494,0.017464720653086716,0.07086323964104257,0.029743673108143638,0.0453377324144601,0.3022942149100311,0.09886173911138882,0.07090510517243495
tsf__log_amount_change__minimum__20,0.014707631621583018,0.0324217108215164,0.0157333400679306,0.10417381345593428,0.03924411465352555,0.10178512037689946,0.08354290105010712,0.05647431928605194,0.11392117356490913,0.7806001001515334,0.11611188427051086,0.10726668316076407,0.5777498883415368,0.12411618267452887,0.000784570297002612,0.023006482098195998,0.005744040356804158,0.7637781122203448,0.08967199695657063,0.13068154919038014,0.04624453569826976,0.058347647438075655,0.3000855817674466,0.20650742578914436,0.26673547433003125,0.061424643543815355,0.21803873793443662,0.018936220929141222,0.08458305958699804,0.050888309652044376,0.12385622355104527,0.000784570297002612,0.023006482098195998,0.7637781122203448,0.08967199695657063,0.005744040356804158,0.011310499167999914,0.01973839363824022,0.014707631621583018,0.13651476094304613,0.08967199695657063,0.06308117252090077,0.000784570297002612,0.023006482098195998,0.005744040356804158,0.7637781122203448,0.091679429569779,0.01854202282878718,0.5337286916691172,0.031037219687041956,0.13389489992269993,0.21715351978645556,0.19922836323987372,0.03712970017811486,0.03882404656505588,0.2544399819919476,0.6057678578939807,0.002178810452932189,0.028993538828348386,0.5859078680346305,0.2153368127184456,0.03512658216017814,0.11713735498847679,0.002178810452932189,0.028993538828348386,0.03297316104400322,0.5859078680346305,0.6208248672179879,0.11508866225454271,0.03712970017811486,0.03882404656505588,0.09590214434493495,0.019547828550340134,0.002178810452932189,0.028993538828348386,0.03297316104400322,0.5859078680346305,0.6208248672179879,0.11508866225454271,0.03712970017811486,0.03882404656505588,0.002178810452932189,0.0018831085230026918,0.028993538828348386,0.10149463451306544,0.03297316104400322,0.3115375413103147,0.43405315682655776,0.5935684643414388,0.6917017637386484,0.48701423256770315,0.5616426107580891,0.6208248672179879,0.02278063447802174,0.09475856245986033,0.020346305511873358,0.03698604979338178,0.11508866225454271,0.008590326778281906,0.026994985324896022,0.22629129673585677,0.04428112412712261,0.12213858414657205,0.04428112412712261,,0.5935684643414388,0.5935684643414388,0.6035294355362273,0.5041562573943899,0.46922983793865153,0.45406114634929784,0.3234114410124758,0.4795303313923113,0.3234114410124758,,0.6917017637386484,0.6917017637386484,0.7041546527045957,0.6893687731917675,0.2017441077317355,0.14834014493153824,0.6208248672179879,0.6596836434092878,0.6208248672179879,,0.3566920799835188,0.3566920799835188,0.5628475321562393,0.40897778219919306,0.40897778219919306,0.6616633049936312,0.7301104446641935,0.7414909043903088,0.7301104446641935,,0.1388944634998348,0.1388944634998348,0.6758114640927982,0.23595456371808218,0.23595456371808218,0.7256975246689656,0.22629129673585677,0.24698419651827855,0.22629129673585677,,0.8058396269131985,0.8058396269131985,0.7990346946153872,0.4548108968129746,0.7048888445808013,1.0,0.29807751737359783,0.2521509360989586,0.29807751737359783,,0.6766043128905158,0.6766043128905158,0.6723896942900347,0.47470025297087715,0.5858270667203743,0.7557756176960693,0.03201479971603236,0.09533349386374575,0.24872414198666618,0.08926369471478517,0.1190189971498353,0.03886863026091545,0.08634838564954606,0.1801659232245482,0.08710946142042919,0.1184699428507012,0.031335645103422204,0.09407430868688815,0.2044852230207605,0.1002824500484353,0.13515359329647317,0.0538147334928651,0.06654028103426074,0.045237929481201276,0.11291099778215435,0.06366402468831717,0.09590214434493495,0.3972784107693419,0.051764175435159,0.019547828550340134
tsf__log_amount_change__sum_values__60,0.05324848266521222,0.06030561945244642,0.009205952094768887,0.11594279272549472,0.03941902939796063,0.15202665014226815,0.5012763641955593,0.004432912459054505,0.21184704632980494,0.1649451511520477,0.21007079627769282,0.14385051656856931,0.3314856570434664,0.14955160239135898,0.06653401715944231,0.2495045667585061,0.07755545481546326,0.13076640820340246,0.5337422509836303,0.05090372247783512,0.0804960301825135,0.06998216517078176,0.1510542105588855,0.46268553598374584,0.5538618113058302,0.11897560718907133,0.09038385535336402,0.291379999143563,0.15949839236670565,0.14308100686321867,0.028248387677210034,0.06653401715944231,0.2495045667585061,0.13076640820340246,0.5337422509836303,0.07755545481546326,0.0005160431281674099,0.03740064500417019,0.05324848266521222,0.11600551287597477,0.5337422509836303,0.3404829002709075,0.06653401715944231,0.2495045667585061,0.07755545481546326,0.13076640820340246,0.047114719204811736,0.05342429419537364,0.21872754123410082,0.026854135815709335,0.6396458897679784,0.3023545607986175,0.4848416001548782,0.262037455902133,0.4581523572497368,0.7690181982158679,0.1711444437190862,0.07434585393025989,0.2497781893790656,0.18405062796052812,0.4455340937825428,0.4780103632054728,0.22897602646260262,0.07434585393025989,0.2497781893790656,0.45063421208667515,0.18405062796052812,0.19776334985903923,0.5726794104122013,0.262037455902133,0.4581523572497368,0.03896007489056888,0.04639905187986893,0.07434585393025989,0.2497781893790656,0.45063421208667515,0.18405062796052812,0.19776334985903923,0.5726794104122013,0.262037455902133,0.4581523572497368,0.07434585393025989,0.19131794756871887,0.2497781893790656,0.37589793652006015,0.45063421208667515,0.7672186779122786,0.2401157882699815,0.19709082772994088,0.10438933239196552,0.22317232176526702,0.2306795478787729,0.19776334985903923,0.06052477321764694,0.04851673123070354,0.03672171254066792,0.3975355951810496,0.5726794104122013,0.1793573524053343,0.332991632081937,0.5823636140364298,0.45305142716471747,0.145046489044173,0.45305142716471747,,0.19709082772994088,0.19709082772994088,0.219084904013535,0.3883538339735569,0.1797646418206672,0.02516645368295241,0.7654884107835075,0.26863610788882586,0.7654884107835075,,0.10438933239196552,0.10438933239196552,0.08661249893997243,0.40181697929966953,0.013925878525694817,0.18023609731151158,0.19776334985903923,0.15053645394286155,0.19776334985903923,,0.3433566978573908,0.3433566978573908,0.22154564192143758,0.27440097059503954,0.27440097059503954,0.028277098447705557,0.07177710629415718,0.07722785689209513,0.07177710629415718,,0.1662157782290337,0.1662157782290337,0.05028170581636019,0.2659035766834315,0.2659035766834315,0.0710160230109522,0.5823636140364298,0.12834904469075223,0.5823636140364298,,0.18166983923025623,0.18166983923025623,0.16580898646011788,0.06415105810616821,0.1855078427439433,0.29807751737359783,1.0,0.0034104212351235173,1.0,,0.06824064932536411,0.06824064932536411,0.07646808115359185,0.22020556441701453,0.0889684667440367,0.2898437450224783,0.0030561867290692045,0.05322846570338453,0.19245377542736142,0.08843816980802707,0.09342550303993806,0.022705710240598136,0.1069617903324189,0.20162204802759914,0.12135623714306502,0.1230381895364932,0.018114240472746963,0.06871229195599114,0.21139195256885623,0.04444972965386895,0.06641533482744351,0.07346509801395315,0.07816829531960834,0.020577180405656557,0.028057790776560135,0.01298463058912735,0.03896007489056888,0.36358815735741323,0.06674545086169363,0.04639905187986893
tsf__log_amount_change__median__60,0.026538900677631663,0.014863578224584067,0.022780960518306612,0.17423784074602294,0.039970487170202074,0.048178780219173184,0.05347740845289704,0.04469604355452795,0.06822458359569725,0.15776242193222065,0.07563253230109934,0.20110639099799726,0.27212768903565393,0.19765710098192468,0.0282830698930349,0.018777638215707305,0.034932790129760305,0.20177465611388576,0.0838947545382989,0.1355367536252978,0.026118508528370207,0.23241435055211843,0.2624969596926635,0.18253262764852793,0.240290955015333,0.006134975473079918,0.13245755682077046,0.06597798200830576,0.1216753134008398,0.03753232708088983,0.07368657655193729,0.0282830698930349,0.018777638215707305,0.20177465611388576,0.0838947545382989,0.034932790129760305,0.02126831872555445,0.03753250749398936,0.026538900677631663,0.15805115891518554,0.0838947545382989,0.016004026347850912,0.0282830698930349,0.018777638215707305,0.034932790129760305,0.20177465611388576,0.06124396512700365,0.03643084660868657,0.13538758116939242,0.021240556416157446,0.06843089038741737,0.03033228243803798,0.07272231708299012,0.0016781711779445512,0.024548646982681856,0.07345263772014382,0.17567114012901178,0.030355538072819134,0.0097058004927968,0.18067113522929154,0.10340965954328576,0.042146809993904105,0.06725061008475336,0.030355538072819134,0.0097058004927968,0.015660297547137284,0.18067113522929154,0.25258755882948114,0.05437322079386482,0.0016781711779445512,0.024548646982681856,0.0582100479851367,0.021429114801453878,0.030355538072819134,0.0097058004927968,0.015660297547137284,0.18067113522929154,0.25258755882948114,0.05437322079386482,0.0016781711779445512,0.024548646982681856,0.030355538072819134,0.01158514555608859,0.0097058004927968,0.042975096387105914,0.015660297547137284,0.0764302895896746,0.0830101117779613,0.17903107815506275,0.24454010702185403,0.14581583382162872,0.20144080478525897,0.25258755882948114,0.03962927365241343,0.06545146447190517,0.012992097530946548,0.0072566741722976625,0.05437322079386482,0.09295555267808701,0.08446444950425153,0.02051178809195862,0.018206532037785217,0.08343227423133787,0.018206532037785217,,0.17903107815506275,0.17903107815506275,0.1785383275160811,0.18441766481413738,0.3003429724821634,0.27692799215798025,0.07667357265031749,0.15937663952040007,0.07667357265031749,,0.24454010702185403,0.24454010702185403,0.2442418014236833,0.262764804053237,0.010465364761156802,0.2819413321711203,0.25258755882948114,0.24262250221472906,0.25258755882948114,,0.20734352883637597,0.20734352883637597,0.2642018611059106,0.1971848531344416,0.1971848531344416,0.23007299398103792,0.24705353479676154,0.27128250370590024,0.24705353479676154,,0.14357964010758087,0.14357964010758087,0.22685406661506233,0.18390613591515925,0.18390613591515925,0.34970021696509096,0.02051178809195862,0.4330368956140552,0.02051178809195862,,0.1348144749540082,0.1348144749540082,0.12909354798627495,0.033695305287706624,0.032493879400007517,0.2521509360989586,0.0034104212351235173,1.0,0.0034104212351235173,,0.11890694250431474,0.11890694250431474,0.11889752184849066,0.01940772989307498,0.06636269647324092,0.3374228731349465,0.051418155228039594,0.12798111955159788,0.17024103096396997,0.3371516083972163,0.35488624468295865,0.0065544752246562464,0.05596020577650454,0.09567107469772895,0.29600462881334394,0.30352475721667,0.058445461078980784,0.18878368624848613,0.250853726677431,0.29127143243907433,0.3192566771356581,0.04380540236134393,0.21368456508022404,0.030998843835150093,0.04523182910472019,0.03440209621793877,0.0582100479851367,0.08555993813406372,0.0437044045665726,0.021429114801453878
tsf__log_amount_change__mean__60,0.05324848266521222,0.06030561945244642,0.009205952094768887,0.11594279272549472,0.03941902939796063,0.15202665014226815,0.5012763641955593,0.004432912459054505,0.21184704632980494,0.1649451511520477,0.21007079627769282,0.14385051656856931,0.3314856570434664,0.14955160239135898,0.06653401715944231,0.2495045667585061,0.07755545481546326,0.13076640820340246,0.5337422509836303,0.05090372247783512,0.0804960301825135,0.06998216517078176,0.1510542105588855,0.46268553598374584,0.5538618113058302,0.11897560718907133,0.09038385535336402,0.291379999143563,0.15949839236670565,0.14308100686321867,0.028248387677210034,0.06653401715944231,0.2495045667585061,0.13076640820340246,0.5337422509836303,0.07755545481546326,0.0005160431281674099,0.03740064500417019,0.05324848266521222,0.11600551287597477,0.5337422509836303,0.3404829002709075,0.06653401715944231,0.2495045667585061,0.07755545481546326,0.13076640820340246,0.047114719204811736,0.05342429419537364,0.21872754123410082,0.026854135815709335,0.6396458897679784,0.3023545607986175,0.4848416001548782,0.262037455902133,0.4581523572497368,0.7690181982158679,0.1711444437190862,0.07434585393025989,0.2497781893790656,0.18405062796052812,0.4455340937825428,0.4780103632054728,0.22897602646260262,0.07434585393025989,0.2497781893790656,0.45063421208667515,0.18405062796052812,0.19776334985903923,0.5726794104122013,0.262037455902133,0.4581523572497368,0.03896007489056888,0.04639905187986893,0.07434585393025989,0.2497781893790656,0.45063421208667515,0.18405062796052812,0.19776334985903923,0.5726794104122013,0.262037455902133,0.4581523572497368,0.07434585393025989,0.19131794756871887,0.2497781893790656,0.37589793652006015,0.45063421208667515,0.7672186779122786,0.2401157882699815,0.19709082772994088,0.10438933239196552,0.22317232176526702,0.2306795478787729,0.19776334985903923,0.06052477321764694,0.04851673123070354,0.03672171254066792,0.3975355951810496,0.5726794104122013,0.1793573524053343,0.332991632081937,0.5823636140364298,0.45305142716471747,0.145046489044173,0.45305142716471747,,0.19709082772994088,0.19709082772994088,0.219084904013535,0.3883538339735569,0.1797646418206672,0.02516645368295241,0.7654884107835075,0.26863610788882586,0.7654884107835075,,0.10438933239196552,0.10438933239196552,0.08661249893997243,0.40181697929966953,0.013925878525694817,0.18023609731151158,0.19776334985903923,0.15053645394286155,0.19776334985903923,,0.3433566978573908,0.3433566978573908,0.22154564192143758,0.27440097059503954,0.27440097059503954,0.028277098447705557,0.07177710629415718,0.07722785689209513,0.07177710629415718,,0.1662157782290337,0.1662157782290337,0.05028170581636019,0.2659035766834315,0.2659035766834315,0.0710160230109522,0.5823636140364298,0.12834904469075223,0.5823636140364298,,0.18166983923025623,0.18166983923025623,0.16580898646011788,0.06415105810616821,0.1855078427439433,0.29807751737359783,1.0,0.0034104212351235173,1.0,,0.06824064932536411,0.06824064932536411,0.07646808115359185,0.22020556441701453,0.0889684667440367,0.2898437450224783,0.0030561867290692045,0.05322846570338453,0.19245377542736142,0.08843816980802707,0.09342550303993806,0.022705710240598136,0.1069617903324189,0.20162204802759914,0.12135623714306502,0.1230381895364932,0.018114240472746963,0.06871229195599114,0.21139195256885623,0.04444972965386895,0.06641533482744351,0.07346509801395315,0.07816829531960834,0.020577180405656557,0.028057790776560135,0.01298463058912735,0.03896007489056888,0.36358815735741323,0.06674545086169363,0.04639905187986893
tsf__log_amount_change__length__60,,,,,,,,,,,,,,,,,,,,,,,,,,,,,,,,,,,,,,,,,,,,,,,,,,,,,,,,,,,,,,,,,,,,,,,,,,,,,,,,,,,,,,,,,,,,,,,,,,,,,,,,,,,,,,,,,,,,,,,,,,,,,,,,,,,,,,,,,,,,,,,,,,,,,,,,,,,,,,,,,,,,,,,,,,,,,,,,,,,,,,,,,
tsf__log_amount_change__standard_deviation__60,0.05215487428806119,0.07695365675525137,0.008510554081270463,0.07054811026234553,0.058214034536713345,0.16826805922941343,0.14302012500671077,0.0757982560968589,0.060059791094273854,0.7607145883007952,0.0581746995540099,0.19041555451291758,0.47584879075751285,0.19986889104536162,0.0384142961964739,0.12197361160390112,0.03307748823685733,0.8001825194510266,0.11900740866258108,0.17931996069583173,0.07272332535134936,0.10568109266874337,0.37690294970349925,0.0744550824380394,0.04437604486539663,0.03573040408408562,0.13245975797139298,0.06828918002773496,0.19405747781833788,0.12091484513228595,0.14099469215274452,0.0384142961964739,0.12197361160390112,0.8001825194510266,0.11900740866258108,0.03307748823685733,0.008454523399106703,0.0323265968854425,0.05215487428806119,0.06647196844087569,0.11900740866258108,0.0845247373048478,0.0384142961964739,0.12197361160390112,0.03307748823685733,0.8001825194510266,0.11237126127242196,0.013999435375363701,0.5246318042978663,0.09781197490705469,0.060928871866878995,0.08159676338120601,0.44972303568014993,0.10907814284387277,0.06930687801624809,0.056122165794463316,0.7112117793322174,0.03473553595914019,0.11385728535150769,0.6635962923137493,0.10162325085172107,0.18472355597619772,0.24539163449766752,0.03473553595914019,0.11385728535150769,0.0777297419560667,0.6635962923137493,0.7630064801971926,0.1589002846823415,0.10907814284387277,0.06930687801624809,0.03542498205366985,0.10349090979402129,0.03473553595914019,0.11385728535150769,0.0777297419560667,0.6635962923137493,0.7630064801971926,0.1589002846823415,0.10907814284387277,0.06930687801624809,0.03473553595914019,0.09312177277875355,0.11385728535150769,0.11592833734301643,0.0777297419560667,0.0397929805048375,0.49533873630182806,0.6738023224948515,0.8760716479848981,0.5278390318096389,0.6353415914890361,0.7630064801971926,0.010328964836791077,0.1115470188509636,0.09006959525036486,0.13962858859135255,0.1589002846823415,0.02776407745407308,0.09636248496998599,0.13226225400889047,0.06194723986967709,0.13417782100406686,0.06194723986967709,,0.6738023224948515,0.6738023224948515,0.6712387722452116,0.48754847995854567,0.5069270925671264,0.4867886927637894,0.06154965530901777,0.4001995746506123,0.06154965530901777,,0.8760716479848981,0.8760716479848981,0.8742844790996348,0.5867437611676191,0.22674703329607104,0.2757448336405262,0.7630064801971926,0.8114752949866211,0.7630064801971926,,0.31054762598394287,0.31054762598394287,0.6599525654051855,0.44566505368159764,0.44566505368159764,0.8509654174818791,0.9251321965403863,0.9266208918730647,0.9251321965403863,,0.14274796251821503,0.14274796251821503,0.8134328422594098,0.2746743513438971,0.2746743513438971,0.904821820955948,0.13226225400889047,0.11619784772437573,0.13226225400889047,,0.673091838885727,0.673091838885727,0.6746729920462071,0.448494181455236,0.5554486758139267,0.6766043128905158,0.06824064932536411,0.11890694250431474,0.06824064932536411,,1.0,1.0,0.9997047919754033,0.8910276942803361,0.95744273257956,0.8295775615483548,0.07268861319523791,0.17404260140819836,0.31575970843282647,0.11803058142320465,0.16091195553675375,0.05530426845208326,0.15585286935585407,0.2386761911636603,0.15580584888627633,0.1777855458213757,0.06455953611071408,0.16324802449320705,0.23859034645314675,0.12113033757821287,0.15517718377008688,0.06568587047830603,0.09731856785140036,0.0180679785910159,0.027875244848986125,0.0343035360598536,0.03542498205366985,0.34321290497700063,0.06845738532443466,0.10349090979402129
tsf__log_amount_change__variance__60,0.05215487428806119,0.07695365675525137,0.008510554081270463,0.07054811026234553,0.058214034536713345,0.16826805922941343,0.14302012500671077,0.0757982560968589,0.060059791094273854,0.7607145883007952,0.0581746995540099,0.19041555451291758,0.47584879075751285,0.19986889104536162,0.0384142961964739,0.12197361160390112,0.03307748823685733,0.8001825194510266,0.11900740866258108,0.17931996069583173,0.07272332535134936,0.10568109266874337,0.37690294970349925,0.0744550824380394,0.04437604486539663,0.03573040408408562,0.13245975797139298,0.06828918002773496,0.19405747781833788,0.12091484513228595,0.14099469215274452,0.0384142961964739,0.12197361160390112,0.8001825194510266,0.11900740866258108,0.03307748823685733,0.008454523399106703,0.0323265968854425,0.05215487428806119,0.06647196844087569,0.11900740866258108,0.0845247373048478,0.0384142961964739,0.12197361160390112,0.03307748823685733,0.8001825194510266,0.11237126127242196,0.013999435375363701,0.5246318042978663,0.09781197490705469,0.060928871866878995,0.08159676338120601,0.44972303568014993,0.10907814284387277,0.06930687801624809,0.056122165794463316,0.7112117793322174,0.03473553595914019,0.11385728535150769,0.6635962923137493,0.10162325085172107,0.18472355597619772,0.24539163449766752,0.03473553595914019,0.11385728535150769,0.0777297419560667,0.6635962923137493,0.7630064801971926,0.1589002846823415,0.10907814284387277,0.06930687801624809,0.03542498205366985,0.10349090979402129,0.03473553595914019,0.11385728535150769,0.0777297419560667,0.6635962923137493,0.7630064801971926,0.1589002846823415,0.10907814284387277,0.06930687801624809,0.03473553595914019,0.09312177277875355,0.11385728535150769,0.11592833734301643,0.0777297419560667,0.0397929805048375,0.49533873630182806,0.6738023224948515,0.8760716479848981,0.5278390318096389,0.6353415914890361,0.7630064801971926,0.010328964836791077,0.1115470188509636,0.09006959525036486,0.13962858859135255,0.1589002846823415,0.02776407745407308,0.09636248496998599,0.13226225400889047,0.06194723986967709,0.13417782100406686,0.06194723986967709,,0.6738023224948515,0.6738023224948515,0.6712387722452116,0.48754847995854567,0.5069270925671264,0.4867886927637894,0.06154965530901777,0.4001995746506123,0.06154965530901777,,0.8760716479848981,0.8760716479848981,0.8742844790996348,0.5867437611676191,0.22674703329607104,0.2757448336405262,0.7630064801971926,0.8114752949866211,0.7630064801971926,,0.31054762598394287,0.31054762598394287,0.6599525654051855,0.44566505368159764,0.44566505368159764,0.8509654174818791,0.9251321965403863,0.9266208918730647,0.9251321965403863,,0.14274796251821503,0.14274796251821503,0.8134328422594098,0.2746743513438971,0.2746743513438971,0.904821820955948,0.13226225400889047,0.11619784772437573,0.13226225400889047,,0.673091838885727,0.673091838885727,0.6746729920462071,0.448494181455236,0.5554486758139267,0.6766043128905158,0.06824064932536411,0.11890694250431474,0.06824064932536411,,1.0,1.0,0.9997047919754033,0.8910276942803361,0.95744273257956,0.8295775615483548,0.07268861319523791,0.17404260140819836,0.31575970843282647,0.11803058142320465,0.16091195553675375,0.05530426845208326,0.15585286935585407,0.2386761911636603,0.15580584888627633,0.1777855458213757,0.06455953611071408,0.16324802449320705,0.23859034645314675,0.12113033757821287,0.15517718377008688,0.06568587047830603,0.09731856785140036,0.0180679785910159,0.027875244848986125,0.0343035360598536,0.03542498205366985,0.34321290497700063,0.06845738532443466,0.10349090979402129
tsf__log_amount_change__root_mean_square__60,0.052715494111209654,0.07747627290847606,0.00801578149912175,0.07057899955179486,0.058802518431102964,0.1736319372218446,0.14720400079710205,0.07700723222205558,0.06236662098731064,0.7588259105500484,0.06075300558059179,0.19205806528321742,0.4718587426498177,0.20111536947236744,0.038934769786026044,0.12667443288669447,0.03382204436385237,0.7984334233010688,0.1232115232115232,0.17793836450273956,0.07365832712839951,0.10536653066738284,0.37615057363968435,0.08125621543931605,0.04943447554004433,0.03625575586733427,0.1280862671766057,0.07221981845778445,0.19651636911833317,0.12570184240780102,0.14090075696670795,0.038934769786026044,0.12667443288669447,0.7984334233010688,0.1232115232115232,0.03382204436385237,0.0072118754031541684,0.033636028658017396,0.052715494111209654,0.061254838642237186,0.1232115232115232,0.08803252537895741,0.038934769786026044,0.12667443288669447,0.03382204436385237,0.7984334233010688,0.11194292214260351,0.014801086175306776,0.5193814007967901,0.09767833438071943,0.06689224989553964,0.0808611159122158,0.45526688776379604,0.11406418193441924,0.07428400191072783,0.046863015711738926,0.7075704969128976,0.03518374384478781,0.11871880330365549,0.6597148747745678,0.10652728396590672,0.18633294004345377,0.2454773354146961,0.03518374384478781,0.11871880330365549,0.08264230363539679,0.6597148747745678,0.7588577505694941,0.16393061216625174,0.11406418193441924,0.07428400191072783,0.03174329167981791,0.10547684296646692,0.03518374384478781,0.11871880330365549,0.08264230363539679,0.6597148747745678,0.7588577505694941,0.16393061216625174,0.11406418193441924,0.07428400191072783,0.03518374384478781,0.09611893335968251,0.11871880330365549,0.1230129714683501,0.08264230363539679,0.030363146877506353,0.49287958003385723,0.6697385748167568,0.8739814657374274,0.5228265343574798,0.6304096187488298,0.7588577505694941,0.011095963972816966,0.11102341630065905,0.08994637502720816,0.14568416405831294,0.16393061216625174,0.02786185702383722,0.10085071101564502,0.1368052653723144,0.06690552681762874,0.13284628279598176,0.06690552681762874,,0.6697385748167568,0.6697385748167568,0.6666225699979496,0.48289915363327424,0.5040662969823867,0.48482146526467423,0.052093076091563516,0.3943181256964366,0.052093076091563516,,0.8739814657374274,0.8739814657374274,0.8718667353568175,0.5798313014871069,0.22288832641069475,0.27414297094805257,0.7588577505694941,0.8085825865152643,0.7588577505694941,,0.305791656469312,0.305791656469312,0.6555408374935185,0.4414904551000276,0.4414904551000276,0.8491892183729247,0.9236130183719184,0.9253696380621567,0.9236130183719184,,0.13697019649954892,0.13697019649954892,0.8099682820330903,0.2676541002141757,0.2676541002141757,0.9031160416995606,0.1368052653723144,0.11718110552489999,0.1368052653723144,,0.6705136217006226,0.6705136217006226,0.6724906383251625,0.44912129842121684,0.5552526855879163,0.6723896942900347,0.07646808115359185,0.11889752184849066,0.07646808115359185,,0.9997047919754033,0.9997047919754033,1.0,0.8936394662195467,0.9575863598157296,0.824358896055577,0.07232639740665574,0.17241270225632108,0.3153414131851148,0.1196504150311356,0.16241574780233228,0.05538824384729247,0.15615080945666482,0.2387666372656921,0.15711566374066097,0.17906660197877092,0.06420709827910834,0.16246406241327455,0.2391696904039993,0.12186138365568477,0.15609372344314074,0.06714307365476162,0.09757380128718177,0.017104847716834636,0.02419240412663431,0.03324895407259262,0.03174329167981791,0.3378604573562127,0.07048575868971559,0.10547684296646692
tsf__log_amount_change__maximum__60,0.07324603742714368,0.1074332813884065,0.010962318210820799,0.026833219641343446,0.06714379791226113,0.14398829952770692,0.17875474829980156,0.06522286325662663,0.05988534228329951,0.6572769789175779,0.057642828337972636,0.2652857726737162,0.35582590315609525,0.27333288934084377,0.0633889703856795,0.16682308453636616,0.058205773516235924,0.7059171460792685,0.1612785631699695,0.1536298633772542,0.08540164478117829,0.07805339369372354,0.30454651052362725,0.15588781780929273,0.15744822367356395,0.014132380150758407,0.11045556681178026,0.07498821394812866,0.18206069553494117,0.20627610976159275,0.1426415947044081,0.0633889703856795,0.16682308453636616,0.7059171460792685,0.1612785631699695,0.058205773516235924,0.03157424099538748,0.013077274773583777,0.07324603742714368,0.02162672273399784,0.1612785631699695,0.12516784875781276,0.0633889703856795,0.16682308453636616,0.058205773516235924,0.7059171460792685,0.11470384598919985,0.030856672062336346,0.431885220655254,0.10707797287633221,0.09544678892388261,0.06625648834758166,0.3617920258811195,0.17132327952017687,0.13140104851754109,0.02951458615498431,0.5735681467198107,0.0638157371518353,0.17123317282684922,0.5221560153391822,0.1887366363732823,0.24479120431756551,0.3193356549640988,0.0638157371518353,0.17123317282684922,0.1370079057033295,0.5221560153391822,0.6160973730891678,0.2362156221882479,0.17132327952017687,0.13140104851754109,0.003134808317140016,0.1094363977309911,0.0638157371518353,0.17123317282684922,0.1370079057033295,0.5221560153391822,0.6160973730891678,0.2362156221882479,0.17132327952017687,0.13140104851754109,0.0638157371518353,0.1426660308546502,0.17123317282684922,0.19593716666195424,0.1370079057033295,0.045772667125006286,0.43186809971754575,0.5348973777093282,0.7451926210006583,0.42493180776647654,0.5179259261661908,0.6160973730891678,0.03221090487064206,0.11301128708365359,0.10576552364667943,0.20362533603796715,0.2362156221882479,0.043549241712718734,0.1335253205736181,0.2194481881882449,0.12449781568608481,0.07183574538544629,0.12449781568608481,,0.5348973777093282,0.5348973777093282,0.5267497753721418,0.3810464812608135,0.36793963295461896,0.3652339712413858,0.02380991286860386,0.31378744425049115,0.02380991286860386,,0.7451926210006583,0.7451926210006583,0.7427123950442077,0.43980748568089484,0.23409203748442786,0.25193264037272867,0.6160973730891678,0.6948395464439594,0.6160973730891678,,0.1456145360543763,0.1456145360543763,0.49099199185692716,0.29561230872012784,0.29561230872012784,0.7295964973471977,0.7812532290581464,0.7890815421854396,0.7812532290581464,,0.1196849122971085,0.1196849122971085,0.6755003483825665,0.19553374448480923,0.19553374448480923,0.7276102805317625,0.2194481881882449,0.0572705768046081,0.2194481881882449,,0.5259688057701684,0.5259688057701684,0.5315403157171917,0.4415430617360718,0.49989721394827813,0.47470025297087715,0.22020556441701453,0.01940772989307498,0.22020556441701453,,0.8910276942803361,0.8910276942803361,0.8936394662195467,1.0,0.9545810870266309,0.6099087347069262,0.06621784153380593,0.15063710202670147,0.27938519876039086,0.06926949237587948,0.10357317142970487,0.06175616096740189,0.16845451350658883,0.23099417710682968,0.11860012373590181,0.14175296668615264,0.06466523835790582,0.14170737213057455,0.2102753597013452,0.07803059478867785,0.10491068409897304,0.0929417513981685,0.0815812527112451,0.004208676198109214,0.0036347565072543694,0.02007753718898726,0.003134808317140016,0.22134611462172368,0.07645260716304413,0.1094363977309911
tsf__log_amount_change__absolute_maximum__60,0.05757629302108379,0.08340751080998828,0.002974327933929514,0.07270966982596637,0.0533927792681989,0.15298289773585796,0.15054251452037745,0.07392129076844815,0.024388593703547283,0.7136661278821173,0.02353269831516402,0.24780819045979366,0.4128074014164969,0.25567049455365476,0.03914345458766822,0.11239528404743497,0.03369296919356443,0.7596800247608134,0.12970409208331982,0.13649875161029607,0.06183328732659784,0.058364917024992156,0.30441963866492694,0.09819719257706017,0.08104381191576197,0.027188082426055252,0.12980075290767717,0.07255657360971648,0.1538740775494453,0.14391446755696682,0.12485615951796258,0.03914345458766822,0.11239528404743497,0.7596800247608134,0.12970409208331982,0.03369296919356443,0.02860901530626208,4.120969376627075e-05,0.05757629302108379,0.0490384212088366,0.12970409208331982,0.1060166755178899,0.03914345458766822,0.11239528404743497,0.03369296919356443,0.7596800247608134,0.11866104070097129,0.009191967974602712,0.49216197493047004,0.08360123989362364,0.011409704093931048,0.10630874351686793,0.3682452967252527,0.1012616853306646,0.040555023216767974,0.0782179030288753,0.661887314724481,0.036573457397373305,0.10425527121463006,0.6151041054156079,0.09562425159958203,0.1795848940871806,0.25085248923523756,0.036573457397373305,0.10425527121463006,0.04703257832056856,0.6151041054156079,0.7105938706325127,0.1631328417833336,0.1012616853306646,0.040555023216767974,0.0161757911564614,0.0981132793012232,0.036573457397373305,0.10425527121463006,0.04703257832056856,0.6151041054156079,0.7105938706325127,0.1631328417833336,0.1012616853306646,0.040555023216767974,0.036573457397373305,0.0877074569254646,0.10425527121463006,0.10091120165367964,0.04703257832056856,0.06268403615307537,0.49398138013140597,0.6293192242042527,0.8235046084701986,0.4978710493623128,0.6010206810867138,0.7105938706325127,0.0068652575084812385,0.11795230641466327,0.0779498850048306,0.10826214680034102,0.1631328417833336,0.03339470648670254,0.09552180291359309,0.1463163054155073,0.03217915432882862,0.12116195353955754,0.03217915432882862,,0.6293192242042527,0.6293192242042527,0.6246623316470195,0.49387542315464,0.4692525047001475,0.434046029910126,0.0855827464678962,0.3899961571344536,0.0855827464678962,,0.8235046084701986,0.8235046084701986,0.8227231627826593,0.5553680807913071,0.23577798890896998,0.2708872539179392,0.7105938706325127,0.7765505072786765,0.7105938706325127,,0.242620464543039,0.242620464543039,0.5906578964452387,0.38613933599834316,0.38613933599834316,0.8173460430183538,0.8603303990491106,0.8667597794457262,0.8603303990491106,,0.14070609250218805,0.14070609250218805,0.7470558068978771,0.2631640866987594,0.2631640866987594,0.8339896538431812,0.1463163054155073,0.10457037048046104,0.1463163054155073,,0.5872148926891665,0.5872148926891665,0.5901680017333493,0.41228358888314753,0.5124956494334585,0.5858270667203743,0.0889684667440367,0.06636269647324092,0.0889684667440367,,0.95744273257956,0.95744273257956,0.9575863598157296,0.9545810870266309,1.0,0.7587710839105734,0.05940020389566766,0.13424821854398303,0.2669290488253767,0.05428408024594876,0.09619683645961852,0.044278121779327925,0.12974970647376455,0.19641096866041616,0.08556335859307668,0.11321543450813851,0.05216098620152319,0.11558738118079136,0.1912474031844499,0.05199739868479837,0.08476552592972202,0.05213820544654162,0.05046465163375244,0.0030757702665100525,0.027666699444788632,0.021585102423640028,0.0161757911564614,0.3568436133180801,0.06503771552549117,0.0981132793012232
tsf__log_amount_change__minimum__60,0.03664903283247505,0.03421344796031679,0.007038550259703583,0.1508681089039899,0.04656729156119853,0.13392477051801965,0.05854381812608381,0.0409500905493826,0.042716640365988365,0.6626247086927557,0.03675681245061508,0.1595977181975573,0.5339115406423706,0.17008596119222844,0.011796571189539487,0.041861555453508954,0.022785768093230248,0.6996120188585857,0.06780682131312525,0.13413683760716547,0.025340566162124076,0.11870825355530294,0.24854216307803842,0.16487964347500467,0.23287173820462675,0.05878812551205465,0.192300061317812,0.030350818934354103,0.07550433054148065,0.03844648991670004,0.08705103418331388,0.011796571189539487,0.041861555453508954,0.6996120188585857,0.06780682131312525,0.022785768093230248,0.03148141800506606,0.015535885740443936,0.03664903283247505,0.17930557247039192,0.06780682131312525,0.07757025529648212,0.011796571189539487,0.041861555453508954,0.022785768093230248,0.6996120188585857,0.08988257634686712,0.031006520835783466,0.49302811208056474,0.06027089281946556,0.15836621740693754,0.06148832788345432,0.24067361588686376,0.05935950197034761,0.19751966787230657,0.3147205592464967,0.6376541002521191,0.014474571500802069,0.048944285864222316,0.6019489019625868,0.1233041096286854,0.006595349173887391,0.06775117446612094,0.014474571500802069,0.048944285864222316,0.18463627177458844,0.6019489019625868,0.7148217635172377,0.0626826583266605,0.05935950197034761,0.19751966787230657,0.06110876043657637,0.028773557554130115,0.014474571500802069,0.048944285864222316,0.18463627177458844,0.6019489019625868,0.7148217635172377,0.0626826583266605,0.05935950197034761,0.19751966787230657,0.014474571500802069,0.031212181591950265,0.048944285864222316,0.10621077603277881,0.18463627177458844,0.299814608523778,0.4241989623641043,0.6153936999278222,0.758612248320994,0.5026328000874883,0.5957515199199132,0.7148217635172377,0.035645117937139585,0.09214478824096972,0.04893241813854086,0.1040450552994248,0.0626826583266605,0.005197060749446752,0.040427099199029704,0.09568249475981422,0.1980777783655805,0.21322411425004334,0.1980777783655805,,0.6153936999278222,0.6153936999278222,0.6245320728168494,0.5560292672814252,0.5336062658236679,0.42415012486575854,0.31676082126035154,0.3770815695548146,0.31676082126035154,,0.758612248320994,0.758612248320994,0.7653671357755593,0.7176521699117916,0.22152496973979433,0.2336313603841779,0.7148217635172377,0.7396531840510765,0.7148217635172377,,0.37887891547633346,0.37887891547633346,0.6451816552713178,0.4558981817536817,0.4558981817536817,0.7541616449921953,0.8040846147277353,0.803124345396886,0.8040846147277353,,0.24534382655054882,0.24534382655054882,0.7328033408119902,0.4175559686630622,0.4175559686630622,0.8342436072544152,0.09568249475981422,0.1408448237989892,0.09568249475981422,,0.6530106651038177,0.6530106651038177,0.6444027284047341,0.34958158586271093,0.5205060131816506,0.7557756176960693,0.2898437450224783,0.3374228731349465,0.2898437450224783,,0.8295775615483548,0.8295775615483548,0.824358896055577,0.6099087347069262,0.7587710839105734,1.0,0.06882396919600674,0.13053571469277062,0.21007614237763655,0.11344701302792311,0.15505659257682694,0.023571858824157348,0.05032084328130981,0.06384714676653655,0.10820587571181438,0.12463877587006503,0.062759467163319,0.13892550851521082,0.15652477578667065,0.13994411074510238,0.1679443638987883,0.04033771770237255,0.09683997430302432,0.04343816588055703,0.05504382159351769,0.04768917281181822,0.06110876043657637,0.459296307357641,0.016374680857614125,0.028773557554130115
market__large_return_1,0.5190032510185079,0.4728538275974104,0.020646956867297558,0.012838535552757237,0.5139015940233014,0.029090220850041995,0.02309357486617148,0.14326953787190133,0.055986752538476674,0.039129770164252925,0.06212688281653799,0.08695197133331008,0.0446585649425406,0.05035733686849306,0.7047123299083263,0.2814429891437146,0.7059164308827437,0.06183210193249593,0.012324460600322669,0.38785623422968496,0.1924159358782407,0.2626483354427428,0.36756826019197897,0.02912225957159813,0.022146812313691342,0.024090170927681353,0.08396432823156658,0.35248093506253286,0.3165192252744214,0.05588157472305729,0.7647636662414915,0.7047123299083263,0.2814429891437146,0.06183210193249593,0.012324460600322669,0.7059164308827437,0.06678858499662618,0.5320384970943335,0.5190032510185079,0.18898084163025455,0.012324460600322669,0.06311768169674357,0.7047123299083263,0.2814429891437146,0.7059164308827437,0.06183210193249593,0.3796889542706185,0.606373042374367,0.10546178559975396,0.6455485046623477,0.1414056395326199,0.03186051794638801,0.044015194433122205,0.3044376832311397,0.10861378922583304,0.06493185697942025,0.03401110119715573,0.7172399815090703,0.29916596161970316,0.016849622931196635,0.002503600577340094,0.021325705752791243,0.01718770296645706,0.7172399815090703,0.29916596161970316,0.08849171513814472,0.016849622931196635,0.04361180694124135,0.04689201948811478,0.3044376832311397,0.10861378922583304,0.06943822649782883,0.021058983931912956,0.7172399815090703,0.29916596161970316,0.08849171513814472,0.016849622931196635,0.04361180694124135,0.04689201948811478,0.3044376832311397,0.10861378922583304,0.7172399815090703,0.329357646570497,0.29916596161970316,0.18344543385752415,0.08849171513814472,0.07332461705096097,0.004673244323545996,0.01954559355912571,0.051798299426228135,0.0679070081149064,0.03991278311088126,0.04361180694124135,0.6176159226580321,0.3490114473526037,0.6404953193908876,0.21348219731401435,0.04689201948811478,0.08994652175024732,0.02080621422582692,0.029053636138279423,0.0876102552807655,0.10807320187140676,0.0876102552807655,,0.01954559355912571,0.01954559355912571,0.01794302626711062,0.007703332473999674,0.012665874418508274,0.034090293806815004,0.07125945487166988,0.07719280264564267,0.07125945487166988,,0.051798299426228135,0.051798299426228135,0.051272372874062715,0.04298983855207681,0.008066663915108161,0.03688434246144997,0.04361180694124135,0.054268192704232686,0.04361180694124135,,0.021457132295002235,0.021457132295002235,0.03214413816931199,0.046519857106386675,0.046519857106386675,0.03747740157113648,0.06898199219553032,0.07273709531445119,0.06898199219553032,,0.034389064859614446,0.034389064859614446,0.062322294221894774,0.03164844143998829,0.03164844143998829,0.06403588420247396,0.029053636138279423,0.008154087871980333,0.029053636138279423,,0.014128774585542752,0.014128774585542752,0.014179856832604362,0.007353053264438381,0.016814075062401335,0.03201479971603236,0.0030561867290692045,0.051418155228039594,0.0030561867290692045,,0.07268861319523791,0.07268861319523791,0.07232639740665574,0.06621784153380593,0.05940020389566766,0.06882396919600674,1.0,0.40729951023670197,0.1781616633340658,0.2006659076104509,0.19777907632346742,0.8588186718445144,0.35787255597322765,0.14088094443067264,0.20917674723037016,0.1991919452979048,0.8722364306319846,0.3633205177430694,0.17723216485074458,0.24729703522338853,0.24535221433537094,0.16055896201147812,0.2456461466036796,0.1739035872772134,0.08354111593037912,0.16197707503360884,0.06943822649782883,0.02135258020672621,0.004263702716282078,0.021058983931912956
market__large_return_5,0.26717838376041625,0.23413506382867863,0.0014427956552383627,0.001119232269218008,0.2425384911372809,0.1554671099864329,0.13690591557087883,0.015488425254510193,0.08817657783175024,0.17684670788119064,0.08183095769302666,0.02957071161939316,0.23876692081560236,0.030774471950942538,0.27460840010091603,0.613307253843839,0.27477044285691954,0.23306837471623054,0.17168435789125444,1.0,0.454490469060833,0.6394022678698074,0.6730089509721866,0.016559349548377837,0.08437725267231831,0.1032394453138173,0.10966043062061412,0.05185425273212395,0.7421510887752227,0.1081875725067896,0.3456403075467416,0.27460840010091603,0.613307253843839,0.23306837471623054,0.17168435789125444,0.27477044285691954,0.008801372059022504,0.2124553051002753,0.26717838376041625,0.2114086620340068,0.17168435789125444,0.05933187059853648,0.27460840010091603,0.613307253843839,0.27477044285691954,0.23306837471623054,0.2355422617790098,0.23370887673894655,0.272534902571449,0.3113820380969694,0.2667596885333867,0.01364766523744097,0.11612692212413413,0.6608076363349158,0.24491224455164723,0.12868172892778357,0.1382147334062674,0.2847967154477,0.6570099626201203,0.14944741613389653,0.15142887550788994,0.02722511077980062,0.0006156240467998185,0.2847967154477,0.6570099626201203,0.22018879094990798,0.14944741613389653,0.20724995754699127,0.1782361072906608,0.6608076363349158,0.24491224455164723,0.41305310019979224,0.0004877830866756207,0.2847967154477,0.6570099626201203,0.22018879094990798,0.14944741613389653,0.20724995754699127,0.1782361072906608,0.6608076363349158,0.24491224455164723,0.2847967154477,0.45179161476016233,0.6570099626201203,0.3683468576554815,0.22018879094990798,0.130557088354273,0.1440262564186893,0.14890198599373436,0.1646705133823218,0.1960541032853802,0.23137903193339115,0.20724995754699127,0.23901515170239498,0.21934898997296595,0.30290455656919996,0.4322665848023555,0.1782361072906608,0.07763737852333945,0.17855117942990653,0.046331487517245785,0.21723322628174976,0.19113019502581,0.21723322628174976,,0.14890198599373436,0.14890198599373436,0.14804751931561289,0.017027120659652156,0.14641992884344224,0.1965425752970024,0.1263865018170109,0.09114147289866294,0.1263865018170109,,0.1646705133823218,0.1646705133823218,0.16516781724825214,0.09299371612559891,0.10987387803866634,0.15829230942423178,0.20724995754699127,0.19120768162237983,0.20724995754699127,,0.1649082523320038,0.1649082523320038,0.20630920656466628,0.21201411780156443,0.21201411780156443,0.13742576891811764,0.19717385913238558,0.19001274763477707,0.19717385913238558,,0.12386162800503465,0.12386162800503465,0.2000656358627728,0.11366644884106578,0.11366644884106578,0.15867830851661943,0.046331487517245785,0.007865488691775177,0.046331487517245785,,0.07645243302973673,0.07645243302973673,0.07230780525678338,0.07240491064181996,0.08481123966884249,0.09533349386374575,0.05322846570338453,0.12798111955159788,0.05322846570338453,,0.17404260140819836,0.17404260140819836,0.17241270225632108,0.15063710202670147,0.13424821854398303,0.13053571469277062,0.40729951023670197,1.0,0.45219441405526045,0.4124657584058568,0.38916006728282637,0.37319085519725426,0.8719084815930171,0.36140013419029526,0.4834049966335127,0.45665530297994733,0.39119080984156007,0.8914819073789805,0.41709634018647446,0.47030414120947994,0.4407352588128851,0.4337812729466578,0.6212779005943941,0.16187257927974985,0.41895354597606155,0.17329410715913868,0.41305310019979224,0.07766722569945117,0.008670200218437027,0.0004877830866756207
market__large_return_20,0.19963700620208943,0.17288263436033516,0.007903555435782608,0.013552869774092967,0.19650448984969435,0.25529394957692625,0.3671997969027672,0.03285870233629044,0.14997505342332929,0.3309571102674551,0.13452906556354832,0.014380334867150284,0.37062664598161554,0.01743040688273954,0.16670529119320085,0.3588111853670818,0.16919260289818824,0.3866786746097858,0.3231603300568818,0.48927128077875004,0.2800920528065331,0.3893658423619811,0.7798457277294375,0.041587210234083495,0.07037756337465878,0.006679252719803579,0.041308973341549524,0.109251587838794,0.4527954103865162,0.23202831853206057,0.22085853438199657,0.16670529119320085,0.3588111853670818,0.3866786746097858,0.3231603300568818,0.16919260289818824,0.014985740322184441,0.12996110342805747,0.19963700620208943,0.08237632615383626,0.3231603300568818,0.18053879177031087,0.16670529119320085,0.3588111853670818,0.16919260289818824,0.3866786746097858,0.17688330167767036,0.1292544527277756,0.16790076372609972,0.2374641506480567,0.519757978922039,0.08583809502956331,0.199987644421421,0.35866276164566097,0.709045958612147,0.2984170080725316,0.24680046857124088,0.14407883367976332,0.34910851204626575,0.30048457371422554,0.28160776714297253,0.2835310127034331,0.194462026982961,0.14407883367976332,0.34910851204626575,0.7100837091113317,0.30048457371422554,0.29151320542657955,0.27471175766773304,0.35866276164566097,0.709045958612147,0.21668187972839842,0.04440018664631403,0.14407883367976332,0.34910851204626575,0.7100837091113317,0.30048457371422554,0.29151320542657955,0.27471175766773304,0.35866276164566097,0.709045958612147,0.14407883367976332,0.2571828584312109,0.34910851204626575,0.5081021518137105,0.7100837091113317,0.3138647485573027,0.06916643422616435,0.28500543661058014,0.394559213622134,0.06957197272109017,0.1007776291804028,0.29151320542657955,0.10174058095699884,0.1617661467737346,0.1989880300682264,0.6285977107073013,0.27471175766773304,0.0557538781073538,0.14109328321401512,0.2690474310826407,0.7046362557022493,0.4831546127758254,0.7046362557022493,,0.28500543661058014,0.28500543661058014,0.27297424061595904,0.09754530471973845,0.2857548912712104,0.49394635975775464,0.3055865570337135,0.149302772081631,0.3055865570337135,,0.394559213622134,0.394559213622134,0.3969862897580465,0.18858689388965125,0.3331735515592173,0.39483101589775904,0.29151320542657955,0.26021192705060525,0.29151320542657955,,0.1810194644366847,0.1810194644366847,0.3060173836761465,0.29833456766271677,0.29833456766271677,0.268392746730111,0.43992158542312604,0.4059989231501031,0.43992158542312604,,0.28663756800563017,0.28663756800563017,0.4523149958738378,0.3023783927389776,0.3023783927389776,0.36361396357647124,0.2690474310826407,0.25564220428251155,0.2690474310826407,,0.2554534721443642,0.2554534721443642,0.26056678296170444,0.1821547707670696,0.2183343246289597,0.24872414198666618,0.19245377542736142,0.17024103096396997,0.19245377542736142,,0.31575970843282647,0.31575970843282647,0.3153414131851148,0.27938519876039086,0.2669290488253767,0.21007614237763655,0.1781616633340658,0.45219441405526045,1.0,0.4720120176949767,0.4721808308068387,0.1848991344100358,0.4533173584843691,0.9064941534164177,0.5110563302082217,0.5382292785082043,0.17303568789339221,0.4530911665093554,0.9292283041427735,0.4396019529536332,0.43648345572854147,0.2826517011122311,0.3683105238504482,0.05103457211520733,0.20626326214703788,0.08123222671913431,0.21668187972839842,0.13479333747319208,0.08165368587231292,0.04440018664631403
market__large_amount_z20,0.08384599960029716,0.027055185467376557,0.010595583950984212,0.041228897007891126,0.08362020838508341,0.3118370563276344,0.27242709382600794,0.0751305140513681,0.023141188658430036,0.1742262638814363,0.015556712108436246,0.0769219405122042,0.21511942911537232,0.039462264614394435,0.10141692467149581,0.2615737149301445,0.09217645495615201,0.22328107238544082,0.32902862558034973,0.3986732430924211,0.2893920558620945,0.3917171772402491,0.5013914000233601,0.030459552063190738,0.023919374207340416,0.03562473406629197,0.030582419386781894,0.11893287454013045,0.2922773435248313,0.08527625518277049,0.1263154351160232,0.10141692467149581,0.2615737149301445,0.22328107238544082,0.32902862558034973,0.09217645495615201,0.026874290529667624,0.006628998348660362,0.08384599960029716,0.04116500513816766,0.32902862558034973,0.17352617426762382,0.10141692467149581,0.2615737149301445,0.09217645495615201,0.22328107238544082,0.14559253289377747,0.03807061302581818,0.08497007774477772,0.08975355211772247,0.2940022007942673,0.09173228254095112,0.05715516943573219,0.2806776531712623,0.2939680445674435,0.11933777167474337,0.13708709700879196,0.10786496036542548,0.2845946549894589,0.13961142995131265,0.18614833978726006,0.16334074857607275,0.06120131154149494,0.10786496036542548,0.2845946549894589,0.2746284885407446,0.13961142995131265,0.20372626168116992,0.2663592689764949,0.2806776531712623,0.2939680445674435,0.21184714655878842,0.046419647725999734,0.10786496036542548,0.2845946549894589,0.2746284885407446,0.13961142995131265,0.20372626168116992,0.2663592689764949,0.2806776531712623,0.2939680445674435,0.10786496036542548,0.21404912650226796,0.2845946549894589,0.40369736666235473,0.2746284885407446,0.1601394365523788,0.06597743366087609,0.1364173521307157,0.14797206236180135,0.14558064211056496,0.008138927707365946,0.20372626168116992,0.04187403869265417,0.13627184750817556,0.07687548018083254,0.396392403276082,0.2663592689764949,0.12980197902960283,0.20879879789407776,0.13623845369836574,0.2726906346338962,0.21996100181961287,0.2726906346338962,,0.1364173521307157,0.1364173521307157,0.12222212639693913,0.027880755338151975,0.14343891615598073,0.2526444776717592,0.15993855703946488,0.06066283179586657,0.15993855703946488,,0.14797206236180135,0.14797206236180135,0.14976825342423536,0.1059584668367978,0.12374374611589915,0.19068597536890994,0.20372626168116992,0.18652276332199702,0.20372626168116992,,0.15036111290116033,0.15036111290116033,0.20095762780443258,0.18503657924950814,0.18503657924950814,0.13596562469249712,0.1944037572389923,0.19964415729647758,0.1944037572389923,,0.09445901789412704,0.09445901789412704,0.19278642445852734,0.09148600873895395,0.09148600873895395,0.18549911144075035,0.13623845369836574,0.23949143119488114,0.13623845369836574,,0.022287892025840098,0.022287892025840098,0.024140673874349615,0.041570291521951026,0.01354985757322609,0.08926369471478517,0.08843816980802707,0.3371516083972163,0.08843816980802707,,0.11803058142320465,0.11803058142320465,0.1196504150311356,0.06926949237587948,0.05428408024594876,0.11344701302792311,0.2006659076104509,0.4124657584058568,0.4720120176949767,1.0,0.9757569904463704,0.18033805241085066,0.43706115433369747,0.4606503185455524,0.9151821148421817,0.889307864286379,0.19732864736025948,0.4578613343488838,0.48131374723271614,0.9136683685478593,0.8918079014311285,0.26734806428935054,0.39282644956407703,0.09029106305447726,0.20089491511640944,0.08636255401142608,0.21184714655878842,0.11226906291105601,0.03694943409114019,0.046419647725999734
market__large_amount_ratio20,0.09728092806324658,0.04199705528703403,0.017066355600249584,0.04601114886037537,0.09923746258686704,0.34155749735436736,0.27866450830360123,0.057560757742379176,0.024484762415796897,0.21802375595479043,0.013664448147206769,0.035764123492318216,0.23771925952453335,0.0005644128362181101,0.10296630865793405,0.24056809329917755,0.09329102249456785,0.26662302172918256,0.3258865672658776,0.38214715905161806,0.27729235450301293,0.3913251004716822,0.4991904592335517,0.03192918120539439,0.017156376309342282,0.03193454904306554,0.021511061242095265,0.10884440368654046,0.2727484841471015,0.07144323128467694,0.1308114562120751,0.10296630865793405,0.24056809329917755,0.26662302172918256,0.3258865672658776,0.09329102249456785,0.01802689447079503,0.00621980091973071,0.09728092806324658,0.035199423624635545,0.3258865672658776,0.17712406654657636,0.10296630865793405,0.24056809329917755,0.09329102249456785,0.26662302172918256,0.1404060103176712,0.03834108964870535,0.05967151488848363,0.09403400925495552,0.2704966785195758,0.0895317493769457,0.06145909542664097,0.25400410625431563,0.3006047360728694,0.09452068024157381,0.158297335509364,0.1036845699059252,0.2577240789674492,0.16595328428995346,0.17944551644891246,0.15880875157906604,0.05826104070408722,0.1036845699059252,0.2577240789674492,0.27543729092002783,0.16595328428995346,0.22859001787613653,0.25715151216490895,0.25400410625431563,0.3006047360728694,0.19293366805328896,0.0473892510199347,0.1036845699059252,0.2577240789674492,0.27543729092002783,0.16595328428995346,0.22859001787613653,0.25715151216490895,0.25400410625431563,0.3006047360728694,0.1036845699059252,0.1952922550580609,0.2577240789674492,0.39757283754871164,0.27543729092002783,0.15124437093401463,0.048817870957849605,0.16348320333896565,0.19044506603177094,0.13509511866648405,0.00431778081649061,0.22859001787613653,0.03724773843763308,0.12280886520190896,0.06714641457769394,0.3887108117916698,0.25715151216490895,0.10886482138185909,0.18350514071976626,0.14664530057700825,0.27281900365735623,0.21501812442934792,0.27281900365735623,,0.16348320333896565,0.16348320333896565,0.14846502270285236,0.0009787787042392555,0.15646499903995234,0.2631881999750244,0.15026082342626146,0.030462010774031878,0.15026082342626146,,0.19044506603177094,0.19044506603177094,0.19262259590315822,0.1328305435111027,0.11574236734188319,0.18905412799701848,0.22859001787613653,0.22418258415035133,0.22859001787613653,,0.14071814064446936,0.14071814064446936,0.21906637002575308,0.18172872674499368,0.18172872674499368,0.1761604314014894,0.23822640645293644,0.24645252831932504,0.23822640645293644,,0.08176656154122602,0.08176656154122602,0.22637082163147249,0.08596476807714486,0.08596476807714486,0.23994063622468786,0.14664530057700825,0.26593734423353876,0.14664530057700825,,0.054022903864316706,0.054022903864316706,0.055821507572003305,0.026192175159815683,0.009167567181761191,0.1190189971498353,0.09342550303993806,0.35488624468295865,0.09342550303993806,,0.16091195553675375,0.16091195553675375,0.16241574780233228,0.10357317142970487,0.09619683645961852,0.15505659257682694,0.19777907632346742,0.38916006728282637,0.4721808308068387,0.9757569904463704,1.0,0.17176543520743584,0.4173954531698547,0.46257148409305426,0.895467539007852,0.9020447989139657,0.19010262507810172,0.44371241049092847,0.47760679897496133,0.892173874963735,0.9044727947944174,0.24840883622762616,0.3892122654309065,0.06877967353974046,0.18410680136271862,0.06728759353149863,0.19293366805328896,0.0857923483207261,0.046444578510742796,0.0473892510199347
market__small_return_1,0.5212014892340985,0.5001673327674354,0.08602026860144261,0.015176187307063209,0.5188516268442711,0.0073073146851492425,0.004940758757430747,0.1744354169500873,0.05291139773898395,0.03531960083684221,0.06466699570147846,0.07692781425032946,0.04507453239704761,0.044104653638122195,0.7698639929748389,0.3481395547523608,0.7746646136530615,0.06235817466146355,0.03086212051729293,0.36030021694485675,0.35199568361752737,0.2781015958071265,0.3438824164390433,0.030962717812928323,0.010441112452829117,0.07548720860844203,0.009335592919715474,0.3543801563946771,0.3171006893003693,0.14765477906398378,0.7275535676944791,0.7698639929748389,0.3481395547523608,0.06235817466146355,0.03086212051729293,0.7746646136530615,0.08226576539815429,0.6332739410115295,0.5212014892340985,0.24880985884914694,0.03086212051729293,0.06201706555878141,0.7698639929748389,0.3481395547523608,0.7746646136530615,0.06235817466146355,0.3264382848647189,0.7022202560685192,0.11577756729597037,0.7098704432199886,0.17686362287012036,0.020017012295303106,0.03811124998701945,0.35686906123878914,0.1360804742954423,0.0871548764018233,0.01454529743560469,0.7752304157886246,0.3543572515827516,0.007363251608372093,0.018705592809656023,0.029199429370132424,0.024385300112076205,0.7752304157886246,0.3543572515827516,0.1252384322325069,0.007363251608372093,0.025802364611984995,0.0679911236266225,0.35686906123878914,0.1360804742954423,0.05330996992838506,0.02125443929900873,0.7752304157886246,0.3543572515827516,0.1252384322325069,0.007363251608372093,0.025802364611984995,0.0679911236266225,0.35686906123878914,0.1360804742954423,0.7752304157886246,0.3917278885697613,0.3543572515827516,0.24549607007910323,0.1252384322325069,0.08799363857576879,0.01381665138516781,0.005686825136622897,0.04141274233248158,0.0892492581435592,0.03508835356890413,0.025802364611984995,0.6999581631123966,0.3025906604850396,0.7022430105606301,0.27469721430236077,0.0679911236266225,0.07510340636192522,0.040503868021457425,0.03381158257887508,0.1243394965944063,0.1287678138687688,0.1243394965944063,,0.005686825136622897,0.005686825136622897,0.0033144859743850174,0.042696192367596496,0.002466753150696686,0.027325371569144573,0.08641694289996273,0.058440703104764465,0.08641694289996273,,0.04141274233248158,0.04141274233248158,0.039697284506672065,0.00910039475826184,0.028111810737715834,0.04218134611821857,0.025802364611984995,0.03911905407346095,0.025802364611984995,,0.007043051663457488,0.007043051663457488,0.016099510401852406,0.02935709478390897,0.02935709478390897,0.012618451626650555,0.06177761367225298,0.055129165719831875,0.06177761367225298,,0.03585844560824173,0.03585844560824173,0.06124607172003305,0.009245292451409986,0.009245292451409986,0.04211678401578936,0.03381158257887508,0.024996061524921984,0.03381158257887508,,0.004034170706255187,0.004034170706255187,0.0026675547459056254,0.00451653892379242,0.027890918229840706,0.03886863026091545,0.022705710240598136,0.0065544752246562464,0.022705710240598136,,0.05530426845208326,0.05530426845208326,0.05538824384729247,0.06175616096740189,0.044278121779327925,0.023571858824157348,0.8588186718445144,0.37319085519725426,0.1848991344100358,0.18033805241085066,0.17176543520743584,1.0,0.42712444507699127,0.18178435165990112,0.23803205943785527,0.22190635065738387,0.8743610125580533,0.3587990242269787,0.19310851506239146,0.2555449291160879,0.2497388137609176,0.31769474210204873,0.26828372098115316,0.18077918909337837,0.07096223706883781,0.16272456453630307,0.05330996992838506,0.03652795766311646,0.015517652615560866,0.02125443929900873
market__small_return_5,0.2633034087264017,0.25015236017483666,0.015459644698972307,0.00966175063883785,0.23976946562735688,0.11972727462986166,0.1973089616653973,0.03930474155522659,0.08850059194886781,0.17097249511042614,0.08249333076919284,0.038889130167020634,0.20376442536685943,0.05723050043536859,0.2939171183192345,0.699014802388579,0.2996986134342124,0.22059081245459436,0.23142847280778314,0.8595709026932361,0.8189642611893853,0.6620362582560464,0.6465976614944857,0.06214538661941582,0.008043226511475387,0.10257665767920514,0.03919841833940961,0.018012931461452476,0.6955818923611423,0.27100227699598356,0.335970865823239,0.2939171183192345,0.699014802388579,0.22059081245459436,0.23142847280778314,0.2996986134342124,0.004739307802438671,0.22955975762953476,0.2633034087264017,0.3185848891233273,0.23142847280778314,0.1202896514008807,0.2939171183192345,0.699014802388579,0.2996986134342124,0.22059081245459436,0.22156523009688564,0.25344614187903014,0.24105607539595023,0.32149655260989535,0.3125951244618136,0.009801033171434359,0.08862729833850161,0.7339343093148866,0.30212024185532943,0.16633301558280894,0.09520560987377823,0.2949100573457696,0.7294263760916363,0.09603329766421449,0.211452807804985,0.03840022050863893,0.05573493760430346,0.2949100573457696,0.7294263760916363,0.2841415635250179,0.09603329766421449,0.1527683674295133,0.23963148096476308,0.7339343093148866,0.30212024185532943,0.3893473606299424,0.06625731665091365,0.2949100573457696,0.7294263760916363,0.2841415635250179,0.09603329766421449,0.1527683674295133,0.23963148096476308,0.7339343093148866,0.30212024185532943,0.2949100573457696,0.5096303492746849,0.7294263760916363,0.48653165149560856,0.2841415635250179,0.16601620480795162,0.14247525922437398,0.09466104275451398,0.14888249087720182,0.17073096227632834,0.19235816689904342,0.1527683674295133,0.2508084637622282,0.20813764922773476,0.31165496542298027,0.5342691802731482,0.23963148096476308,0.08253430652340239,0.21805611379339565,0.06328294323966265,0.28237879188937753,0.19045661111460546,0.28237879188937753,,0.09466104275451398,0.09466104275451398,0.09281765915492272,0.10768463119162351,0.08615708576016924,0.19614391307937556,0.1616456015187473,0.03534535203127761,0.1616456015187473,,0.14888249087720182,0.14888249087720182,0.14641822458824832,0.027242363758988735,0.12365527424323147,0.15151787225189736,0.1527683674295133,0.15739831150057057,0.1527683674295133,,0.09049487160512587,0.09049487160512587,0.14554616434387865,0.12833767427694118,0.12833767427694118,0.09229178965673938,0.17847435035169668,0.1654714056531229,0.17847435035169668,,0.103472666968902,0.103472666968902,0.18003670095816793,0.06349509378893174,0.06349509378893174,0.1197938749105345,0.06328294323966265,0.01288938120251505,0.06328294323966265,,0.056546167847418435,0.056546167847418435,0.05652062672388763,0.09035113570490991,0.10253622441272035,0.08634838564954606,0.1069617903324189,0.05596020577650454,0.1069617903324189,,0.15585286935585407,0.15585286935585407,0.15615080945666482,0.16845451350658883,0.12974970647376455,0.05032084328130981,0.35787255597322765,0.8719084815930171,0.4533173584843691,0.43706115433369747,0.4173954531698547,0.42712444507699127,1.0,0.44946779393813324,0.5792552634110141,0.5560387196869518,0.36692531793950645,0.8513854209594919,0.42865901198094125,0.5180864628110677,0.48771036635671,0.7854862365017935,0.6657245259352461,0.14576512404050684,0.38291838396037275,0.1545191395239567,0.3893473606299424,0.024427813552267762,0.008706033350256544,0.06625731665091365
market__small_return_20,0.17613948358270834,0.16527586427032773,0.0021121162432305974,0.04434328245267167,0.17599308628829166,0.28397178841126464,0.3375616138950537,0.05031276802729345,0.08207266827956483,0.2717338924235476,0.07116467116467116,0.0015741618175695255,0.26152890199543344,0.010926220865368938,0.14757587413337953,0.3118767080742283,0.15257616732581952,0.28950375898011904,0.28627651386272074,0.37895055940895794,0.3687448236378227,0.29700329839808176,0.6887968081548057,0.052653594068854476,0.09239373515375968,0.02384123051766441,0.007253811949825631,0.0986857286687688,0.38949816796470793,0.2902138562309561,0.20693645744563657,0.14757587413337953,0.3118767080742283,0.28950375898011904,0.28627651386272074,0.15257616732581952,0.009530538127473821,0.11522999598658999,0.17613948358270834,0.07350651397436866,0.28627651386272074,0.1628413397239794,0.14757587413337953,0.3118767080742283,0.15257616732581952,0.28950375898011904,0.12688316851753081,0.12067324231568288,0.08980906381851901,0.22235360813782834,0.5075817600583193,0.06874261503728941,0.1108100632901458,0.32287535942432677,0.7509262727550691,0.26594242876614527,0.19549095974994937,0.1279471299166433,0.30956298297274215,0.23395204770153108,0.2660143644517244,0.2551864528033967,0.20406016553079454,0.1279471299166433,0.30956298297274215,0.7441896283893166,0.23395204770153108,0.20186168048868508,0.24349282314788,0.32287535942432677,0.7509262727550691,0.1387250392072866,0.039918105243767495,0.1279471299166433,0.30956298297274215,0.7441896283893166,0.23395204770153108,0.20186168048868508,0.24349282314788,0.32287535942432677,0.7509262727550691,0.1279471299166433,0.21472929060566925,0.30956298297274215,0.5109006259852916,0.7441896283893166,0.2733594150768206,0.053984586908704064,0.2171196733212903,0.30960256556354365,0.010937858541545564,0.03486422234778556,0.20186168048868508,0.09617075122235487,0.11776828823787072,0.18747445001469656,0.6429581181199624,0.24349282314788,0.039407412215226846,0.10619902115786628,0.2608685220357978,0.739061267516401,0.5206293317638029,0.739061267516401,,0.2171196733212903,0.2171196733212903,0.19873172289362576,0.18701897649001523,0.17226909014758776,0.45535046931570433,0.2669322772180423,0.0980233333182554,0.2669322772180423,,0.30960256556354365,0.30960256556354365,0.31312182820768875,0.060778956807980934,0.29400319148925896,0.35429984112218726,0.20186168048868508,0.1741468326181291,0.20186168048868508,,0.10807994889047805,0.10807994889047805,0.2188847464128375,0.20890184074341014,0.20890184074341014,0.16078461360505916,0.34629822516828296,0.31326197058652566,0.34629822516828296,,0.2627907280632372,0.2627907280632372,0.3570831571107053,0.2539961803025084,0.2539961803025084,0.25855471179725975,0.2608685220357978,0.23994406749532934,0.2608685220357978,,0.19654723814211877,0.19654723814211877,0.2024836144294301,0.15848700264799498,0.16583142005544588,0.1801659232245482,0.20162204802759914,0.09567107469772895,0.20162204802759914,,0.2386761911636603,0.2386761911636603,0.2387666372656921,0.23099417710682968,0.19641096866041616,0.06384714676653655,0.14088094443067264,0.36140013419029526,0.9064941534164177,0.4606503185455524,0.46257148409305426,0.18178435165990112,0.44946779393813324,1.0,0.5241282518273261,0.5543628072359537,0.13073123935998424,0.36931880830259445,0.8638439654639848,0.41256428974155857,0.4151070433483137,0.3658585793814578,0.3022613919036958,0.018458965995588345,0.13343298556711886,0.039453213432644504,0.1387250392072866,0.09257753981154859,0.07667063181261445,0.039918105243767495
market__small_amount_z20,0.12033177103674376,0.07243981490786154,0.017600865211741062,0.013805106434169143,0.12131500015262128,0.21824453743968275,0.2831109909998444,0.05360105841331143,0.06366859470307747,0.18999626585833482,0.03254943254943255,0.08284071062975729,0.2500729767464047,0.044255768900799325,0.14416704177699902,0.36026482877294785,0.13915586750246206,0.2789894243158939,0.3460509322578288,0.4747470718877097,0.46444741780941984,0.4647483101941568,0.5882317048427333,0.04788565494798195,0.01093376990306196,0.04450774149000531,0.042080603727523334,0.10809176206223832,0.3805181939674902,0.19162311034072294,0.15986481880054573,0.14416704177699902,0.36026482877294785,0.2789894243158939,0.3460509322578288,0.13915586750246206,0.03366403349574817,0.05155887604513615,0.12033177103674376,0.1314256445224238,0.3460509322578288,0.17248966211619168,0.14416704177699902,0.36026482877294785,0.13915586750246206,0.2789894243158939,0.1575918253640278,0.08781200128550601,0.01800442135974358,0.15350225745897364,0.3166449646250627,0.05669197853268073,0.0578341399088835,0.3827680423778583,0.33250630874246645,0.12025544248780674,0.11444385316954193,0.14747833583589695,0.38544423056193833,0.1125292147331815,0.2565089417678043,0.1871217039016475,0.07407892337452844,0.14747833583589695,0.38544423056193833,0.314661773826905,0.1125292147331815,0.21571836451507512,0.3199362570340007,0.3827680423778583,0.33250630874246645,0.26422624914911186,0.05975939099717981,0.14747833583589695,0.38544423056193833,0.314661773826905,0.1125292147331815,0.21571836451507512,0.3199362570340007,0.3827680423778583,0.33250630874246645,0.14747833583589695,0.3157193260472689,0.38544423056193833,0.49776180767167255,0.314661773826905,0.15836746930997497,0.0042053153317704985,0.11017368185136216,0.16093518975528903,0.0440076352013967,0.07688732408753657,0.21571836451507512,0.08929175906133546,0.14289978712570242,0.13886012216783156,0.49456057576336654,0.3199362570340007,0.12921615715800178,0.2293322550680467,0.14212805987635443,0.31306628596018815,0.21267476232703375,0.31306628596018815,,0.11017368185136216,0.11017368185136216,0.10322019389582628,0.07404631827048666,0.1106247104191348,0.2200228782648623,0.1574566813108363,0.012211484828401141,0.1574566813108363,,0.16093518975528903,0.16093518975528903,0.16257033164278933,0.09170349932583993,0.1480186599876269,0.18736426678886212,0.21571836451507512,0.21386840207124763,0.21571836451507512,,0.12422906791981465,0.12422906791981465,0.2013983370067341,0.17557815929276627,0.17557815929276627,0.16158768193574413,0.2219805307407834,0.21905458415717868,0.2219805307407834,,0.10686970845666537,0.10686970845666537,0.2166145561806783,0.08046895933333872,0.08046895933333872,0.19997994935628394,0.14212805987635443,0.14463778190053,0.14212805987635443,,0.057192656805360495,0.057192656805360495,0.05722991809813054,0.03326686544426088,0.043327814241410696,0.08710946142042919,0.12135623714306502,0.29600462881334394,0.12135623714306502,,0.15580584888627633,0.15580584888627633,0.15711566374066097,0.11860012373590181,0.08556335859307668,0.10820587571181438,0.20917674723037016,0.4834049966335127,0.5110563302082217,0.9151821148421817,0.895467539007852,0.23803205943785527,0.5792552634110141,0.5241282518273261,1.0,0.9746247598298692,0.20736750467828347,0.537420207212963,0.5303730662247875,0.8972149062271022,0.8771300558891632,0.4586008081133517,0.4641490607070327,0.10496213832119244,0.24295529999090834,0.10950755426753123,0.26422624914911186,0.11256408823765596,0.0447740603926847,0.05975939099717981
market__small_amount_ratio20,0.13021763373293604,0.08381690387901206,0.004898209757579534,0.030185898418476142,0.1341953618347575,0.2293772139827713,0.2802208591413318,0.047894082397388286,0.07022920816024264,0.2233967958105889,0.0375111340628582,0.0767731391463643,0.25320723900845604,0.042742480369255216,0.14052880711016116,0.34247775922775386,0.13472307764455768,0.3081525966772727,0.3332203677031263,0.45818464274859,0.4456132592064868,0.46563297561822853,0.5972378318342093,0.045442002592621884,0.01745785446608947,0.036080557570961666,0.02903251221865257,0.09502663464734644,0.3780732546600067,0.1878069475869677,0.1592732661025698,0.14052880711016116,0.34247775922775386,0.3081525966772727,0.3332203677031263,0.13472307764455768,0.022234791941069126,0.03740064500417019,0.13021763373293604,0.12283646153128654,0.3332203677031263,0.17303728050741626,0.14052880711016116,0.34247775922775386,0.13472307764455768,0.3081525966772727,0.15549493768535552,0.0807725464296984,0.037187214875538,0.1541154042317471,0.29731974269999045,0.0397920949716957,0.059864013338981434,0.3607436496163143,0.36117433321264547,0.09751572004901543,0.10725800586652445,0.13964162188605966,0.36359165367656904,0.11143735934414817,0.24249211388934067,0.18002594361674457,0.06346730780231714,0.13964162188605966,0.36359165367656904,0.33954800938697727,0.11143735934414817,0.20537900359615852,0.30024069798404934,0.3607436496163143,0.36117433321264547,0.2587363507654561,0.0753287135333781,0.13964162188605966,0.36359165367656904,0.33954800938697727,0.11143735934414817,0.20537900359615852,0.30024069798404934,0.3607436496163143,0.36117433321264547,0.13964162188605966,0.2903456115579212,0.36359165367656904,0.5114116354416939,0.33954800938697727,0.14720492406445293,0.019213905995191592,0.1096316793078643,0.18503699267408136,0.04101362161570388,0.07548354958958349,0.20537900359615852,0.08030005263895071,0.1313393114507491,0.13314655635123065,0.5094510758370379,0.30024069798404934,0.10666117919639047,0.19922499514589176,0.12834635709498135,0.33782094190798606,0.23665690391022304,0.33782094190798606,,0.1096316793078643,0.1096316793078643,0.10160325281134795,0.07130425540346169,0.10774636156949577,0.22827159616308804,0.1459156715857227,0.0006336803194155608,0.1459156715857227,,0.18503699267408136,0.18503699267408136,0.1870395979591535,0.11920111373640438,0.14033928694836534,0.1828130414991596,0.20537900359615852,0.2217897185206454,0.20537900359615852,,0.09170877219525977,0.09170877219525977,0.18432143226205616,0.14871907635816534,0.14871907635816534,0.17703253832377877,0.24765863410427147,0.24676245415961642,0.24765863410427147,,0.09320085438014061,0.09320085438014061,0.23512284124454222,0.07479239718361333,0.07479239718361333,0.2299087953306028,0.12834635709498135,0.1664818096204987,0.12834635709498135,,0.07495700577538982,0.07495700577538982,0.07484798608793798,0.029561683799395333,0.05710878741852389,0.1184699428507012,0.1230381895364932,0.30352475721667,0.1230381895364932,,0.1777855458213757,0.1777855458213757,0.17906660197877092,0.14175296668615264,0.11321543450813851,0.12463877587006503,0.1991919452979048,0.45665530297994733,0.5382292785082043,0.889307864286379,0.9020447989139657,0.22190635065738387,0.5560387196869518,0.5543628072359537,0.9746247598298692,1.0,0.19449538271212977,0.5225567356724881,0.5618300748916351,0.8746521100954737,0.8889991718675833,0.4399036074198788,0.46159438168067873,0.08947050490827392,0.240055955654644,0.09798260921245638,0.2587363507654561,0.08230409906899343,0.0460503651751458,0.0753287135333781
market__growth_return_1,0.4757815815685019,0.4387597407132764,0.10927520085351558,0.01243728523503606,0.474020517062257,0.03313633265725249,0.010771614795888191,0.16798974442090703,0.04324620186689152,0.033864137312413174,0.05079338182786459,0.12606163366812453,0.04848219047002009,0.0850565338394953,0.7065874886238911,0.2852689547867346,0.708568257491676,0.06696956569153094,0.026533923085647223,0.39584861784094033,0.22114255480310124,0.38743279775239337,0.35930380690210156,0.021712759947398214,0.006979381413727974,0.022396695443132494,0.09699215633744433,0.348783162520467,0.32287288406150266,0.07188666396225432,0.731132479899853,0.7065874886238911,0.2852689547867346,0.06696956569153094,0.026533923085647223,0.708568257491676,0.04550322238130106,0.5958732960073592,0.4757815815685019,0.1598420435594395,0.026533923085647223,0.036373139892704076,0.7065874886238911,0.2852689547867346,0.708568257491676,0.06696956569153094,0.3404560510654066,0.6192452460507886,0.13280851029482704,0.6301200514520516,0.15375945637118826,0.02521014153322578,0.050809835532169785,0.29522070237202463,0.1038050103966199,0.07657927745251142,0.042387242225212916,0.7227451432467838,0.29204197772447277,0.017737149331983525,0.015300657712967482,0.02407139572090493,0.0186607812374477,0.7227451432467838,0.29204197772447277,0.09702532657123818,0.017737149331983525,0.04864430828350358,0.04913566992715662,0.29522070237202463,0.1038050103966199,0.10617366506606128,0.009756785882910565,0.7227451432467838,0.29204197772447277,0.09702532657123818,0.017737149331983525,0.04864430828350358,0.04913566992715662,0.29522070237202463,0.1038050103966199,0.7227451432467838,0.324572807073,0.29204197772447277,0.19212303624084287,0.09702532657123818,0.08651666368894326,0.001235769836268432,0.01970204676170618,0.05561946776994637,0.09959778587956951,0.058443768200646916,0.04864430828350358,0.6327273011691534,0.3139473877835972,0.6373150639007545,0.22216749829336455,0.04913566992715662,0.0657412706935651,0.01995086342670518,0.019220635281822527,0.09592184548880735,0.10537256329907668,0.09592184548880735,,0.01970204676170618,0.01970204676170618,0.02017638191299256,0.0065687811445124394,0.034688484551919516,0.03623063475126276,0.08435789194422127,0.07586604797550982,0.08435789194422127,,0.05561946776994637,0.05561946776994637,0.054342651475028265,0.042672149886807835,0.02348489845182956,0.054757818757902546,0.04864430828350358,0.05683131411597188,0.04864430828350358,,0.009130569522975415,0.009130569522975415,0.03881147177810231,0.034739981886539366,0.034739981886539366,0.03244264135091604,0.07161842314124013,0.07190500870360435,0.07161842314124013,,0.04699454941001628,0.04699454941001628,0.07005293069625498,0.03897671326995586,0.03897671326995586,0.05892542265849121,0.019220635281822527,0.01640100295154006,0.019220635281822527,,0.004445924576509375,0.004445924576509375,0.002627529262277264,0.002440212196633408,0.019186688601492245,0.031335645103422204,0.018114240472746963,0.058445461078980784,0.018114240472746963,,0.06455953611071408,0.06455953611071408,0.06420709827910834,0.06466523835790582,0.05216098620152319,0.062759467163319,0.8722364306319846,0.39119080984156007,0.17303568789339221,0.19732864736025948,0.19010262507810172,0.8743610125580533,0.36692531793950645,0.13073123935998424,0.20736750467828347,0.19449538271212977,1.0,0.42471766080353085,0.19597638297722597,0.28064754637424233,0.2744850369218811,0.19636777133848562,0.36197167458696994,0.18532307442618706,0.121281515866102,0.1686898670256674,0.10617366506606128,0.02919548343837422,0.03351243545698618,0.009756785882910565
market__growth_return_5,0.26418535847725816,0.25505236203444875,0.010863420842120716,0.020006247708041887,0.2385774403503804,0.13429440545377946,0.16920183333469824,0.01256150762292999,0.07071352588593968,0.15450820278406485,0.06641616986444572,0.09904261628399559,0.20521862053302214,0.09697114463848744,0.27928171987759604,0.6087104020777945,0.2778354254271467,0.22379797822368203,0.17624296934641762,0.887115341008689,0.5181680462258188,0.9120562802239244,0.649523776510809,0.034796581404713436,0.08792083665182662,0.08965209621604353,0.14201849148486748,0.06502905759596378,0.6896216404615054,0.13560548669828978,0.3316572003133872,0.27928171987759604,0.6087104020777945,0.22379797822368203,0.17624296934641762,0.2778354254271467,0.004190201902034937,0.19420509977001282,0.26418535847725816,0.16716574168927514,0.17624296934641762,0.07055777865086463,0.27928171987759604,0.6087104020777945,0.2778354254271467,0.22379797822368203,0.24056427956860935,0.22194155260439635,0.2474964927459843,0.3135035135063123,0.3049287792820966,0.036688553395773,0.12654534574271317,0.6556508698518354,0.27750050634158624,0.15993287748254,0.10734089730767035,0.2881617485716153,0.6535475971224385,0.11563959285458875,0.13821850483094864,0.025139855790166168,0.024817331479370812,0.2881617485716153,0.6535475971224385,0.2611988861635841,0.11563959285458875,0.1846753401006533,0.16451105368669838,0.6556508698518354,0.27750050634158624,0.46853867806089144,0.08094770098594083,0.2881617485716153,0.6535475971224385,0.2611988861635841,0.11563959285458875,0.1846753401006533,0.16451105368669838,0.6556508698518354,0.27750050634158624,0.2881617485716153,0.4795673547111193,0.6535475971224385,0.3969105564101865,0.2611988861635841,0.1738021193004307,0.11530212693324568,0.11302699022294636,0.1763934218789716,0.16517796856820935,0.2059452458843679,0.1846753401006533,0.22830006828021837,0.22350580218766944,0.3098730913655176,0.4631872649427189,0.16451105368669838,0.04894518626912993,0.1855965132237798,0.052134408669917795,0.2602979930426422,0.2170026066853493,0.2602979930426422,,0.11302699022294636,0.11302699022294636,0.11686921551600035,0.05697118246924529,0.13780064694634594,0.17769315964329058,0.1683128026179048,0.09701514663419547,0.1683128026179048,,0.1763934218789716,0.1763934218789716,0.17231845182150596,0.09287998199173354,0.12303539146626835,0.19190911852351927,0.1846753401006533,0.17478769537947728,0.1846753401006533,,0.08985276126400146,0.08985276126400146,0.1814352319813142,0.14557436829569614,0.14557436829569614,0.12021190855428326,0.20803905076775464,0.20384586618842798,0.20803905076775464,,0.14696413784130988,0.14696413784130988,0.21814448872611944,0.1468833355743883,0.1468833355743883,0.16326683713803364,0.052134408669917795,0.043285951639624703,0.052134408669917795,,0.05382454552832422,0.05382454552832422,0.047820170145898414,0.04995365291484192,0.07901083543792095,0.09407430868688815,0.06871229195599114,0.18878368624848613,0.06871229195599114,,0.16324802449320705,0.16324802449320705,0.16246406241327455,0.14170737213057455,0.11558738118079136,0.13892550851521082,0.3633205177430694,0.8914819073789805,0.4530911665093554,0.4578613343488838,0.44371241049092847,0.3587990242269787,0.8513854209594919,0.36931880830259445,0.537420207212963,0.5225567356724881,0.42471766080353085,1.0,0.4714238599103365,0.5731580505184234,0.5474500715916173,0.5173191304844222,0.8947873990933554,0.16734899480670706,0.46199611661269874,0.17653586757071857,0.46853867806089144,0.06540387920862943,0.0021298959348493873,0.08094770098594083
market__growth_return_20,0.21245535376027747,0.17957884302252752,0.001988869363159671,0.006983230142668936,0.21058696687821757,0.2346348117028411,0.27968581804417003,0.03619007876862646,0.07171497516325102,0.26924649683270374,0.06146953043504768,0.04367765067562228,0.3424601137582882,0.04485400022925378,0.16666761762807633,0.3251893091515152,0.1670524143752638,0.3019164410151578,0.23898246656867347,0.45730705336135874,0.26574651384571346,0.46168229559500623,0.742189377084584,0.021327447823370163,0.015554570995334693,0.017249090734308817,0.08008023914586648,0.051515418294432146,0.42282594095044307,0.20313594351392653,0.22168464930577025,0.16666761762807633,0.3251893091515152,0.3019164410151578,0.23898246656867347,0.1670524143752638,0.004646716517748685,0.12447785788040014,0.21245535376027747,0.06965232536260668,0.23898246656867347,0.13192340425702034,0.16666761762807633,0.3251893091515152,0.1670524143752638,0.3019164410151578,0.1518032936049196,0.13795153734301627,0.12930746518124914,0.2512198841734093,0.5606191068148352,0.12940116407735178,0.1541377341380521,0.334492575351057,0.6693095807648065,0.35043568836258904,0.18671023419960103,0.14727019401937713,0.3252968081022081,0.235708193437634,0.21333012793995246,0.20808164068324891,0.14977135586601328,0.14727019401937713,0.3252968081022081,0.6612917519350674,0.235708193437634,0.22341874422709126,0.21295874040014,0.334492575351057,0.6693095807648065,0.2114064434826936,0.05355310879817477,0.14727019401937713,0.3252968081022081,0.6612917519350674,0.235708193437634,0.22341874422709126,0.21295874040014,0.334492575351057,0.6693095807648065,0.14727019401937713,0.23275229554141355,0.3252968081022081,0.47304161482936824,0.6612917519350674,0.37804999484140933,0.034745037518076026,0.21940167872627855,0.32804149305100044,0.04081660780934191,0.05238231057857302,0.22341874422709126,0.1146012714320345,0.13760987740275285,0.2172954389193001,0.5808541562308173,0.21295874040014,0.03082060299234311,0.11377808014704496,0.19053589699873003,0.6580253637730453,0.45479370581468503,0.6580253637730453,,0.21940167872627855,0.21940167872627855,0.21371142599299134,0.14174539991496876,0.2588642672846719,0.4499998658764636,0.3718662993701495,0.2420600506027619,0.3718662993701495,,0.32804149305100044,0.32804149305100044,0.3310227516890255,0.12320307930932357,0.3284409222690541,0.45610724322475443,0.22341874422709126,0.17291817811364643,0.22341874422709126,,0.1610143871062837,0.1610143871062837,0.25124187754865696,0.2641657012589436,0.2641657012589436,0.18640441720001336,0.37478513216322223,0.3338389040373558,0.37478513216322223,,0.3225707750894192,0.3225707750894192,0.40107160971167993,0.33128320438085146,0.33128320438085146,0.3020763628692142,0.19053589699873003,0.20963772576743325,0.19053589699873003,,0.15201457546782823,0.15201457546782823,0.15365694710820305,0.06326667221693642,0.12098719316459591,0.2044852230207605,0.21139195256885623,0.250853726677431,0.21139195256885623,,0.23859034645314675,0.23859034645314675,0.2391696904039993,0.2102753597013452,0.1912474031844499,0.15652477578667065,0.17723216485074458,0.41709634018647446,0.9292283041427735,0.48131374723271614,0.47760679897496133,0.19310851506239146,0.42865901198094125,0.8638439654639848,0.5303730662247875,0.5618300748916351,0.19597638297722597,0.4714238599103365,1.0,0.47225384956454625,0.4702099108447811,0.28852448151794563,0.43896736423203037,0.04634953650982523,0.20325639349366045,0.07185551977059944,0.2114064434826936,0.18330452397525082,0.07782726468962646,0.05355310879817477
market__growth_amount_z20,0.09099341724591156,0.043703610870696304,0.03464937019334058,0.04086272698874054,0.08726924317944287,0.19222079362609545,0.17543142238127865,0.05495157678428485,0.006242606242606243,0.164863744174089,0.020605737847117157,0.06679312409535533,0.218904608356941,0.035488057800431023,0.16121573689246418,0.2920584134999612,0.15089962639320942,0.23476068954304824,0.2371034715862302,0.45605748958294806,0.36840646042163533,0.541223221623082,0.5080813574584974,0.053195275115582884,0.101128578490418,0.07219822930461466,0.047546859318917625,0.033273727226297206,0.3147019291230303,0.0750648497445674,0.16396340766135092,0.16121573689246418,0.2920584134999612,0.23476068954304824,0.2371034715862302,0.15089962639320942,0.04251321463387296,0.03077164665550983,0.09099341724591156,0.035821310771497084,0.2371034715862302,0.09473179542301155,0.16121573689246418,0.2920584134999612,0.15089962639320942,0.23476068954304824,0.19476262190257168,0.07634806111619713,0.0007661010045694444,0.12125575358412859,0.24095047799022798,0.08351586393604535,0.03148356563547294,0.3213472439768811,0.21845237769406958,0.06689994221058962,0.0948744351065585,0.16509196212825722,0.3257082615619326,0.09349554932101521,0.11421493780408228,0.08333729369370833,0.029514949792874827,0.16509196212825722,0.3257082615619326,0.19531886411860463,0.09349554932101521,0.1898659517750302,0.19826261027412806,0.3213472439768811,0.21845237769406958,0.2909709680434042,0.07403398668307377,0.16509196212825722,0.3257082615619326,0.19531886411860463,0.09349554932101521,0.1898659517750302,0.19826261027412806,0.3213472439768811,0.21845237769406958,0.16509196212825722,0.28004629654976604,0.3257082615619326,0.38044131954829036,0.19531886411860463,0.1014860698254026,0.052595107839672174,0.09095160919029331,0.13392516339434646,0.07302882945891592,0.043285266967524605,0.1898659517750302,0.0810056103477223,0.1778485043934951,0.11275930021108851,0.3650387601072782,0.19826261027412806,0.11415649321146823,0.18369315869492955,0.06034880992738139,0.19486638896499628,0.1515766710245041,0.19486638896499628,,0.09095160919029331,0.09095160919029331,0.08844548319051312,0.06103952533021399,0.11599702718682432,0.18647368530622624,0.10080290692930095,0.016463305549187734,0.10080290692930095,,0.13392516339434646,0.13392516339434646,0.1369883912999044,0.10981623894356327,0.11373330950940434,0.1458338924064103,0.1898659517750302,0.18850501529732522,0.1898659517750302,,0.10801061767465849,0.10801061767465849,0.17875570684630374,0.13820576927632566,0.13820576927632566,0.1237123740233463,0.18623012153416832,0.18109416740574674,0.18623012153416832,,0.10240772652352212,0.10240772652352212,0.18843026535896684,0.08343730958205546,0.08343730958205546,0.17941487300766065,0.06034880992738139,0.13871735216637887,0.06034880992738139,,0.04852702903218602,0.04852702903218602,0.046092550859453275,0.0034279803545742434,0.039024129707562735,0.1002824500484353,0.04444972965386895,0.29127143243907433,0.04444972965386895,,0.12113033757821287,0.12113033757821287,0.12186138365568477,0.07803059478867785,0.05199739868479837,0.13994411074510238,0.24729703522338853,0.47030414120947994,0.4396019529536332,0.9136683685478593,0.892173874963735,0.2555449291160879,0.5180864628110677,0.41256428974155857,0.8972149062271022,0.8746521100954737,0.28064754637424233,0.5731580505184234,0.47225384956454625,1.0,0.9714187769446059,0.3568834303919123,0.5369369344711878,0.1571827050743038,0.2887031824461104,0.1487098450437855,0.2909709680434042,0.09225206372642118,0.05133548324782218,0.07403398668307377
market__growth_amount_ratio20,0.10101293456420847,0.058729232781446816,0.015321806878439584,0.06240218553364546,0.10063874038023424,0.21365301128954914,0.16508711251604896,0.03818065410852037,0.003321817114920563,0.19909591633729565,0.033761751003130315,0.03753781441408216,0.21202681699639103,0.003696539193496597,0.16432841750972274,0.2780906356071528,0.15359100217285956,0.2657310743616113,0.22824176617280065,0.43719631338480613,0.34675459178504286,0.5312572670094255,0.5019126942496519,0.030414193139048654,0.08782966382216517,0.07418383700860072,0.04913461852383789,0.025920569562048783,0.30336564044681924,0.04339375574345273,0.17150892151896985,0.16432841750972274,0.2780906356071528,0.2657310743616113,0.22824176617280065,0.15359100217285956,0.03659311571217741,0.023406092934776093,0.10101293456420847,0.04755675705231604,0.22824176617280065,0.09210962857819407,0.16432841750972274,0.2780906356071528,0.15359100217285956,0.2657310743616113,0.18673478832104395,0.07842665650046234,0.01762140966310188,0.12847902014990728,0.21800317666291338,0.08375065785306475,0.06136149219925232,0.29523155254887273,0.22818371558538952,0.0649616705284173,0.09282590216776758,0.16458653105525767,0.30021321067900203,0.09665734139238706,0.09245603064628463,0.08723308255413534,0.024279667203676976,0.16458653105525767,0.30021321067900203,0.19988038791334403,0.09665734139238706,0.1871710441198696,0.1853615103744935,0.29523155254887273,0.22818371558538952,0.26148301057141987,0.061723133367565894,0.16458653105525767,0.30021321067900203,0.19988038791334403,0.09665734139238706,0.1871710441198696,0.1853615103744935,0.29523155254887273,0.22818371558538952,0.16458653105525767,0.2600157971671689,0.30021321067900203,0.38148349416599303,0.19988038791334403,0.11057834822255092,0.0496664204850325,0.09513781039375567,0.16228864602966428,0.07195695900807883,0.0366611778886839,0.1871710441198696,0.08182602401490435,0.16142441190610918,0.11050254659580583,0.35951187525127126,0.1853615103744935,0.1094689348210475,0.174380324090191,0.04643066668524203,0.19912379572496877,0.15933181515066488,0.19912379572496877,,0.09513781039375567,0.09513781039375567,0.09076154342687576,0.04476006901816542,0.11501945283023138,0.19338619055994058,0.11005364575825394,0.0008588016962404255,0.11005364575825394,,0.16228864602966428,0.16228864602966428,0.16534633686623165,0.12477661854433496,0.0769527044209797,0.12903624323090554,0.1871710441198696,0.20728490380458361,0.1871710441198696,,0.08038119423184062,0.08038119423184062,0.1640041996477513,0.11099742091559417,0.11099742091559417,0.15312737631043902,0.21610057996196805,0.2188104997050782,0.21610057996196805,,0.05443013868575038,0.05443013868575038,0.20113457501171583,0.04249350211199037,0.04249350211199037,0.2323746195961828,0.04643066668524203,0.1634569916610726,0.04643066668524203,,0.07636707481603204,0.07636707481603204,0.07433804815839654,0.010271770981131613,0.04838469888596397,0.13515359329647317,0.06641533482744351,0.3192566771356581,0.06641533482744351,,0.15517718377008688,0.15517718377008688,0.15609372344314074,0.10491068409897304,0.08476552592972202,0.1679443638987883,0.24535221433537094,0.4407352588128851,0.43648345572854147,0.8918079014311285,0.9044727947944174,0.2497388137609176,0.48771036635671,0.4151070433483137,0.8771300558891632,0.8889991718675833,0.2744850369218811,0.5474500715916173,0.4702099108447811,0.9714187769446059,1.0,0.3266996068912503,0.5188122516677992,0.1380771750358228,0.2642154967174006,0.13372838419104222,0.26148301057141987,0.0703819672575942,0.06191016798116344,0.061723133367565894
market__small_relative5,0.18361001632229576,0.1828155236958257,0.02141391257816714,0.045425183696198405,0.17118819523499657,0.08523441260585943,0.1734577758851154,0.04528233461100267,0.07221292048878256,0.08591314108555488,0.07496533703430255,0.015347187760980865,0.11668269781860045,0.011215813954150668,0.21868160186895857,0.5660452685527505,0.2301044223163621,0.12365752894456003,0.19359951084089014,0.454490469060833,1.0,0.491400042134583,0.4031042945090545,0.07908153354641258,0.07266369168747638,0.05696894316655335,0.05193234604827675,0.001450047142068876,0.4523147544191392,0.3983091570018583,0.2206199279798919,0.21868160186895857,0.5660452685527505,0.12365752894456003,0.19359951084089014,0.2301044223163621,0.0009211008941330758,0.17791904209861267,0.18361001632229576,0.3205229191225071,0.19359951084089014,0.1051025652606213,0.21868160186895857,0.5660452685527505,0.2301044223163621,0.12365752894456003,0.12328419546682699,0.202200872551427,0.15225440607032065,0.2382836209992571,0.24166996494009696,0.005870238922849182,0.003157369099917083,0.5618511887492854,0.22617105665473602,0.11877170524116326,0.007214292361240901,0.1934619916644102,0.5648145123018468,0.006598013011156938,0.1904413693975434,0.015334971165969987,0.046268452974562814,0.1934619916644102,0.5648145123018468,0.23455169488325844,0.006598013011156938,0.04297068547641231,0.2174063763512651,0.5618511887492854,0.22617105665473602,0.23258448185597352,0.11406611977666234,0.1934619916644102,0.5648145123018468,0.23455169488325844,0.006598013011156938,0.04297068547641231,0.2174063763512651,0.5618511887492854,0.22617105665473602,0.1934619916644102,0.40072893922571234,0.5648145123018468,0.428160054790276,0.23455169488325844,0.10678370977871286,0.09354211893693973,0.008911751327198599,0.05696559057606205,0.11586552524755647,0.10965735163424509,0.04297068547641231,0.16842658578349318,0.1255087038572676,0.21354696109170548,0.4440700876001614,0.2174063763512651,0.06058845743080182,0.22368627477849698,0.03539126237058335,0.23503660562669845,0.11211973662287597,0.23503660562669845,,0.008911751327198599,0.008911751327198599,0.00662565491974006,0.17520105615692633,0.00965477060616777,0.11259007618918168,0.10484767415818821,0.053383427326761185,0.10484767415818821,,0.05696559057606205,0.05696559057606205,0.05362900438358053,0.037398561453317575,0.11275787269543854,0.08497766787155012,0.04297068547641231,0.06002502470685847,0.04297068547641231,,0.0018585929971406641,0.0018585929971406641,0.03772271897690419,0.014598074527010332,0.014598074527010332,0.004364327336622586,0.08404496570718965,0.06124170309899817,0.08404496570718965,,0.07240716741907749,0.07240716741907749,0.09503383153133424,0.016390871152898768,0.016390871152898768,0.015709333582344248,0.03539126237058335,0.0824271325241498,0.03539126237058335,,0.017414734110269985,0.017414734110269985,0.020465295141503352,0.08564706687209982,0.09680878367665931,0.0538147334928651,0.07346509801395315,0.04380540236134393,0.07346509801395315,,0.06568587047830603,0.06568587047830603,0.06714307365476162,0.0929417513981685,0.05213820544654162,0.04033771770237255,0.16055896201147812,0.4337812729466578,0.2826517011122311,0.26734806428935054,0.24840883622762616,0.31769474210204873,0.7854862365017935,0.3658585793814578,0.4586008081133517,0.4399036074198788,0.19636777133848562,0.5173191304844222,0.28852448151794563,0.3568834303919123,0.3266996068912503,1.0,0.5208567768836102,0.07124476921071896,0.21340292567803534,0.06427920976274372,0.23258448185597352,0.025687927525937945,0.03262467328257628,0.11406611977666234
market__growth_relative5,0.22969897325766112,0.2358628097004488,0.0110951684390299,0.026865222191393298,0.2101482817066151,0.10134042353780456,0.1671042538497026,0.012560224208784346,0.02500010086216983,0.09718836615388339,0.021581725030000894,0.1338763752556856,0.13847337630299092,0.12627041835966785,0.24121539611252119,0.504685885213402,0.2395386972221788,0.15133406302736072,0.14392188874947495,0.6394022678698074,0.491400042134583,1.0,0.5071637190847905,0.057327234373747406,0.08401223718361149,0.06403149280672807,0.13173327444728758,0.06374339416662966,0.5197081839382385,0.13153213299153965,0.26396651259397463,0.24121539611252119,0.504685885213402,0.15133406302736072,0.14392188874947495,0.2395386972221788,0.02662903616284419,0.15336719636283355,0.22969897325766112,0.11137086956451818,0.14392188874947495,0.08143178719671659,0.24121539611252119,0.504685885213402,0.2395386972221788,0.15133406302736072,0.19550015169541013,0.18757829318606012,0.18020036750496224,0.2673145210417124,0.2996527698409547,0.0708944690294898,0.11006403641840799,0.533222361764837,0.26009965740810975,0.1867493339359906,0.049072124155738944,0.2351926311267377,0.5415909948573954,0.0645848771339277,0.09791339199658891,0.003657689711898315,0.06460634652426428,0.2351926311267377,0.5415909948573954,0.2586638463069859,0.0645848771339277,0.1184956730344257,0.12144032689173821,0.533222361764837,0.26009965740810975,0.4230175252907292,0.1293813356728179,0.2351926311267377,0.5415909948573954,0.2586638463069859,0.0645848771339277,0.1184956730344257,0.12144032689173821,0.533222361764837,0.26009965740810975,0.2351926311267377,0.412954871564664,0.5415909948573954,0.34368333974628024,0.2586638463069859,0.20491637150056113,0.05589257644105997,0.05925761794415406,0.13288977833154283,0.10523440415297884,0.13449275339096117,0.1184956730344257,0.17847271877896176,0.18054508702153116,0.25480569209739046,0.40398823720594584,0.12144032689173821,0.025116387474406556,0.1763358722477307,0.059805812275174536,0.2601646484756372,0.20695927871702227,0.2601646484756372,,0.05925761794415406,0.05925761794415406,0.06664718464949729,0.09405131809738827,0.11433277778565802,0.14182257656047975,0.19999992810325287,0.1107318561976955,0.19999992810325287,,0.13288977833154283,0.13288977833154283,0.12544479370684922,0.05299337783517414,0.10738608665769009,0.19694147479238272,0.1184956730344257,0.10703891465955262,0.1184956730344257,,0.01320221273157354,0.01320221273157354,0.12159898659957251,0.0640175932259748,0.0640175932259748,0.05935032249466892,0.15632167542251837,0.15467741703291,0.15632167542251837,,0.1370737730103076,0.1370737730103076,0.17371974900423356,0.14607562073227778,0.14607562073227778,0.11591406340701088,0.059805812275174536,0.06023883141430803,0.059805812275174536,,0.00853372058541582,0.00853372058541582,0.002477046711950747,0.013307708720600194,0.04844532662695494,0.06654028103426074,0.07816829531960834,0.21368456508022404,0.07816829531960834,,0.09731856785140036,0.09731856785140036,0.09757380128718177,0.0815812527112451,0.05046465163375244,0.09683997430302432,0.2456461466036796,0.6212779005943941,0.3683105238504482,0.39282644956407703,0.3892122654309065,0.26828372098115316,0.6657245259352461,0.3022613919036958,0.4641490607070327,0.46159438168067873,0.36197167458696994,0.8947873990933554,0.43896736423203037,0.5369369344711878,0.5188122516677992,0.5208567768836102,1.0,0.13115132997858944,0.40364477132708815,0.13592965133579477,0.4230175252907292,0.072931179634801,0.026373820531735395,0.1293813356728179
external__spx_1,0.07497339332315142,0.04077529337509273,0.014761642268507652,0.029355293237521354,0.06105918819750863,0.0919974614603029,0.061059630712608476,0.01950235394818652,0.08685474326662943,0.018577603977680303,0.05106866431669399,0.0008318480228729341,0.01879075889562578,0.017122435044467546,0.18552453176380357,0.0964532277770498,0.18369171271027826,0.04350519474524252,0.0007462026528815226,0.17642829746173774,0.09226756168054179,0.13816091750728304,0.09237553329904573,0.043485743052747015,0.03050439581158313,0.03398689084603503,0.00281114872707465,0.07038091411337932,0.09350225446906671,0.001426535806406671,0.16013367244333834,0.18552453176380357,0.0964532277770498,0.04350519474524252,0.0007462026528815226,0.18369171271027826,0.0419623437447257,0.031426484973544944,0.07497339332315142,0.057626337716097875,0.0007462026528815226,0.0008865200537610474,0.18552453176380357,0.0964532277770498,0.18369171271027826,0.04350519474524252,0.46270757558404,0.012894702274242479,0.08527350358516725,0.03308534798912904,0.007770070436191886,0.009548806164642676,0.000999493826030625,0.09589103394468435,0.03647229203780948,0.0001580609354232899,0.025152362750758273,0.1612542578075178,0.09987211519871493,0.027626589319352246,0.10339570429812626,0.0631170954297154,0.00032252682601561133,0.1612542578075178,0.09987211519871493,0.04188028260374394,0.027626589319352246,0.03875457071120217,0.0077472552934148035,0.09589103394468435,0.03647229203780948,0.36884051774924614,0.064365402139546,0.1612542578075178,0.09987211519871493,0.04188028260374394,0.027626589319352246,0.03875457071120217,0.0077472552934148035,0.09589103394468435,0.03647229203780948,0.1612542578075178,0.08555904406088441,0.09987211519871493,0.037030248231734536,0.04188028260374394,0.010615578067858535,0.027609115219325304,0.030456020165631672,0.013148002763315233,0.07656444716251436,0.0508507799151432,0.03875457071120217,0.021622450514488915,0.4067468391635846,0.03801191486946274,0.024761892571010576,0.0077472552934148035,0.08745532050072613,0.04714467762541142,0.049790187862291946,0.042028602405797214,0.02231724126334953,0.042028602405797214,,0.030456020165631672,0.030456020165631672,0.034368905207405126,0.014916693910269237,0.0434427290772439,0.0251486225836459,0.011642122081762254,0.006354023398481395,0.011642122081762254,,0.013148002763315233,0.013148002763315233,0.010171470518159474,0.031025176993035166,0.011623063045970326,0.008116269374068244,0.03875457071120217,0.04086118594980274,0.03875457071120217,,0.01671165466688694,0.01671165466688694,0.027817194793062956,0.021112786408731064,0.021112786408731064,0.025973755202904437,0.010629505491060471,0.019591426228534742,0.010629505491060471,,0.015032944569279193,0.015032944569279193,0.0006297257772395878,0.01997670733557551,0.01997670733557551,0.01554301388108312,0.049790187862291946,0.03340209789119697,0.049790187862291946,,0.021257937422897697,0.021257937422897697,0.021403997530280862,0.024076726153408144,0.017464720653086716,0.045237929481201276,0.020577180405656557,0.030998843835150093,0.020577180405656557,,0.0180679785910159,0.0180679785910159,0.017104847716834636,0.004208676198109214,0.0030757702665100525,0.04343816588055703,0.1739035872772134,0.16187257927974985,0.05103457211520733,0.09029106305447726,0.06877967353974046,0.18077918909337837,0.14576512404050684,0.018458965995588345,0.10496213832119244,0.08947050490827392,0.18532307442618706,0.16734899480670706,0.04634953650982523,0.1571827050743038,0.1380771750358228,0.07124476921071896,0.13115132997858944,1.0,0.3818223401725148,0.946373456837942,0.36884051774924614,0.05491072302151817,0.018314205884123868,0.064365402139546
external__spx_5,0.00026160461587787384,0.010672187804102664,0.04801504699315327,0.027112428847884104,3.027022467677526e-05,0.19525662150119508,0.04008160655095083,0.05319470375027459,0.09382813740466626,0.05473492555785894,0.07892096965088198,0.01832936559144831,0.10262743126166755,0.008418406169209447,0.06439549136395856,0.2778209376150164,0.061516736538218375,0.1323039355233723,0.002632997152816692,0.45053184085701853,0.2609495902048067,0.4374944768687733,0.2768406039033472,0.10624971759056823,0.10170788752607621,0.07353689294331293,0.055796851790936255,0.05478073616129707,0.3067315839090812,0.010772117742530821,0.1251789981490152,0.06439549136395856,0.2778209376150164,0.1323039355233723,0.002632997152816692,0.061516736538218375,0.06719686136704013,0.02794819460346857,0.00026160461587787384,0.10724278611711437,0.002632997152816692,0.023695177221951053,0.06439549136395856,0.2778209376150164,0.061516736538218375,0.1323039355233723,0.1883128447642009,0.0017435856162555852,0.2058025022978997,0.02488207797580139,0.0409379139491163,0.03316675535793926,0.07025668290423463,0.2676037345737022,0.019927677189323693,0.011321430847593553,0.04675284382269246,0.049322254232450624,0.2671532066744806,0.048168534781391395,0.07523476090220955,0.11488694753458525,0.01020994626659366,0.049322254232450624,0.2671532066744806,0.009106024198294677,0.048168534781391395,0.09603086306250228,0.0033649277617311363,0.2676037345737022,0.019927677189323693,0.9568846869672657,0.05742174477548164,0.049322254232450624,0.2671532066744806,0.009106024198294677,0.048168534781391395,0.09603086306250228,0.0033649277617311363,0.2676037345737022,0.019927677189323693,0.049322254232450624,0.19176044019466074,0.2671532066744806,0.17816614177830614,0.009106024198294677,0.013570662228719178,0.1595144781334032,0.05192667505065061,0.003319330835040196,0.16097187716011807,0.17596866688340113,0.09603086306250228,0.0030269933112971113,0.15008954916415718,0.023662159410142103,0.16666196950195353,0.0033649277617311363,0.07067279362305112,0.11945645251048899,0.09469585815670888,0.009363037267723091,0.006572352925359867,0.009363037267723091,,0.05192667505065061,0.05192667505065061,0.059270746422533126,0.00022381261381292146,0.05662145481294627,0.04943535380093892,0.01624026180495981,0.03539864576539617,0.01624026180495981,,0.003319330835040196,0.003319330835040196,0.0019289907100730125,0.10253636911697345,0.012269917756243939,0.04439038629196,0.09603086306250228,0.10269076226888012,0.09603086306250228,,0.0642856675887638,0.0642856675887638,0.0848736965437357,0.09558113766735139,0.09558113766735139,0.06240723144728754,0.045384595693193384,0.056323624363779475,0.045384595693193384,,0.016662749482196777,0.016662749482196777,0.05020496401469059,0.01742913494730309,0.01742913494730309,0.01378354635963132,0.09469585815670888,0.07202255577202347,0.09469585815670888,,0.08451821348276424,0.08451821348276424,0.0804053168018509,0.048435733126088704,0.07086323964104257,0.11291099778215435,0.028057790776560135,0.04523182910472019,0.028057790776560135,,0.027875244848986125,0.027875244848986125,0.02419240412663431,0.0036347565072543694,0.027666699444788632,0.05504382159351769,0.08354111593037912,0.41895354597606155,0.20626326214703788,0.20089491511640944,0.18410680136271862,0.07096223706883781,0.38291838396037275,0.13343298556711886,0.24295529999090834,0.240055955654644,0.121281515866102,0.46199611661269874,0.20325639349366045,0.2887031824461104,0.2642154967174006,0.21340292567803534,0.40364477132708815,0.3818223401725148,1.0,0.3602571396174479,0.9568846869672657,0.1207007931714322,0.026316976889401218,0.05742174477548164
external__ixic_1,0.07619834990985681,0.03641956614473139,0.0001514587009609302,0.04390798463731092,0.06262987101585511,0.08634512499041305,0.046185628060343535,0.03922858333552413,0.058853600857615346,0.03957475051841514,0.025101962743022194,0.010984519131933804,0.04374459905041807,0.003549786631899371,0.1711297620575897,0.09648384625996217,0.16809086747404248,0.07065424849653919,0.01938724360934987,0.1787737591137478,0.07437835574201387,0.14247921794955803,0.10960798901538771,0.022977689763797753,0.02086598771021131,0.00897385307073698,0.002751123257157904,0.0556584211463894,0.1081712343782297,0.008784028711914579,0.14697712036923732,0.1711297620575897,0.09648384625996217,0.07065424849653919,0.01938724360934987,0.16809086747404248,0.07284112980461382,0.00707911810600302,0.07619834990985681,0.055215231049225585,0.01938724360934987,0.03011293111313763,0.1711297620575897,0.09648384625996217,0.16809086747404248,0.07065424849653919,0.48666554733549844,0.006980202148271201,0.1114813775110587,0.011248950867843662,0.0005669250345506187,0.03828569484755495,0.019777417634829816,0.10678958390436079,0.012330790937147701,0.01574175552411187,0.04687542154420136,0.1568776748426668,0.11046010888585255,0.04905252340884186,0.07528693218243865,0.05020626490277612,0.017272278381964858,0.1568776748426668,0.11046010888585255,0.015281396182595405,0.04905252340884186,0.057792098666170195,0.028292312620635394,0.10678958390436079,0.012330790937147701,0.38484268208761474,0.05542457039862572,0.1568776748426668,0.11046010888585255,0.015281396182595405,0.04905252340884186,0.057792098666170195,0.028292312620635394,0.10678958390436079,0.012330790937147701,0.1568776748426668,0.10527693778909965,0.11046010888585255,0.04322613489522941,0.015281396182595405,0.022870152067098016,0.0627624119562802,0.0506908600551517,0.0007733937314271224,0.10897785570793747,0.08581930810124214,0.057792098666170195,0.011271063980154239,0.4253805515237152,0.026368709908677717,0.04707742960159052,0.028292312620635394,0.10304003022634359,0.06532670050790594,0.027243269026434314,0.015878127434563728,0.012255439789869179,0.015878127434563728,,0.0506908600551517,0.0506908600551517,0.054654545647541665,0.022423855477346506,0.057276822101998894,0.050477064665757014,0.023110071643352763,0.00590355391644451,0.023110071643352763,,0.0007733937314271224,0.0007733937314271224,0.001726888850735881,0.02533971822918315,0.017007621698631074,0.0070465483163931674,0.057792098666170195,0.0584413804425812,0.057792098666170195,,0.02972145924583823,0.02972145924583823,0.047274186015738365,0.04407051113257029,0.04407051113257029,0.044327137687324374,0.02437996587033625,0.037842679480716804,0.02437996587033625,,0.018310216232512794,0.018310216232512794,0.005119842816591921,0.01118344048546723,0.01118344048546723,0.03151074760722393,0.027243269026434314,0.001377757615225344,0.027243269026434314,,0.03331918435547217,0.03331918435547217,0.03434514188819422,0.03161185882998033,0.029743673108143638,0.06366402468831717,0.01298463058912735,0.03440209621793877,0.01298463058912735,,0.0343035360598536,0.0343035360598536,0.03324895407259262,0.02007753718898726,0.021585102423640028,0.04768917281181822,0.16197707503360884,0.17329410715913868,0.08123222671913431,0.08636255401142608,0.06728759353149863,0.16272456453630307,0.1545191395239567,0.039453213432644504,0.10950755426753123,0.09798260921245638,0.1686898670256674,0.17653586757071857,0.07185551977059944,0.1487098450437855,0.13372838419104222,0.06427920976274372,0.13592965133579477,0.946373456837942,0.3602571396174479,1.0,0.38484268208761474,0.051442544242234,0.014240229032600162,0.05542457039862572
external__ixic_5,0.0012189975655451557,0.006986550452958371,0.038973238066353715,0.030319328680694264,0.0018994177904872926,0.19832965173904146,0.014801992828991695,0.03886317679278517,0.06511064496327719,0.07280549128017988,0.05171165883931728,0.022680561921250602,0.12142963302468257,0.01089249718550053,0.05839499582332663,0.3017312864112324,0.05597000139048294,0.15423693478363001,0.02339178769909757,0.43243953020563636,0.26254250348559477,0.4591859191934556,0.282824297813703,0.09066995306503692,0.09332719523009295,0.08265385441682147,0.02085988834891583,0.042760982023469084,0.30003933990307724,0.03169875495526834,0.11754175084119475,0.05839499582332663,0.3017312864112324,0.15423693478363001,0.02339178769909757,0.05597000139048294,0.08164429172546249,0.0072427971373556915,0.0012189975655451557,0.07139427675345623,0.02339178769909757,0.048355949277911765,0.05839499582332663,0.3017312864112324,0.05597000139048294,0.15423693478363001,0.19893030283685104,0.004166001954844502,0.22077822896694654,0.021991915598157333,0.05254789711311686,0.08821187451639169,0.09552708231693631,0.2935656764394114,0.03499789447837484,0.02880371181762845,0.06893804292449465,0.037698318405586295,0.2942847620314091,0.07584749576360664,0.03221632894622117,0.09346105695050534,0.04381103452349586,0.037698318405586295,0.2942847620314091,0.025017490428293244,0.07584749576360664,0.12176022694941879,0.035832937187487514,0.2935656764394114,0.03499789447837484,1.0,0.050388085869295406,0.037698318405586295,0.2942847620314091,0.025017490428293244,0.07584749576360664,0.12176022694941879,0.035832937187487514,0.2935656764394114,0.03499789447837484,0.037698318405586295,0.2156430887963424,0.2942847620314091,0.19367435276394962,0.025017490428293244,0.03327857793908585,0.21128352676935025,0.07916336529993254,0.00867952384915358,0.1911556161884235,0.21787050618225606,0.12176022694941879,0.008269852175985082,0.16694882126845947,0.015225465054482412,0.18199494354338971,0.035832937187487514,0.06553945000972124,0.14851783637372626,0.053316344977368695,0.024592740523964967,0.00037181759880750974,0.024592740523964967,,0.07916336529993254,0.07916336529993254,0.08604913362481291,0.024378647901202418,0.07624109816951745,0.07147274935880558,0.03525710560434037,0.016276853064180623,0.03525710560434037,,0.00867952384915358,0.00867952384915358,0.005804514945472777,0.07674496985687763,0.03400763524686143,0.027287666373195355,0.12176022694941879,0.12689967275018998,0.12176022694941879,,0.08210379788547084,0.08210379788547084,0.11026519421457635,0.1211043492806657,0.1211043492806657,0.09330547769304426,0.04160339101669224,0.06225335151967504,0.04160339101669224,,0.015625085351839964,0.015625085351839964,0.029498666199583988,0.009004268785145535,0.009004268785145535,0.02192327704988094,0.053316344977368695,0.0266423049535845,0.053316344977368695,,0.054321626353326116,0.054321626353326116,0.0518330795067936,0.02851872033432917,0.0453377324144601,0.09590214434493495,0.03896007489056888,0.0582100479851367,0.03896007489056888,,0.03542498205366985,0.03542498205366985,0.03174329167981791,0.003134808317140016,0.0161757911564614,0.06110876043657637,0.06943822649782883,0.41305310019979224,0.21668187972839842,0.21184714655878842,0.19293366805328896,0.05330996992838506,0.3893473606299424,0.1387250392072866,0.26422624914911186,0.2587363507654561,0.10617366506606128,0.46853867806089144,0.2114064434826936,0.2909709680434042,0.26148301057141987,0.23258448185597352,0.4230175252907292,0.36884051774924614,0.9568846869672657,0.38484268208761474,1.0,0.11736831559813313,0.0040594114551062484,0.050388085869295406
external__rate_0,0.010568836855602512,0.008738103103765181,0.0022662649278348294,0.1297755569828274,0.0029717962308623666,0.04963260346898708,0.04592687543676715,0.04082492428832321,0.24679859848429636,0.29843376943187877,0.22888865756740023,0.0533324850953882,0.13451573724818414,0.05229637660701037,0.07380322493910649,0.1668111632225431,0.07915816090138449,0.2837840394618927,0.04819779362966481,0.08754082452964253,0.028124936665762726,0.09447726723989798,0.07993508852469314,0.13539994881774436,0.16736004072734653,0.015313567886307443,0.16039341865015738,0.019486571944867026,0.10133294493288356,0.05361019196926089,0.014935310006870785,0.07380322493910649,0.1668111632225431,0.2837840394618927,0.04819779362966481,0.07915816090138449,0.029778766707416734,0.03552209078218435,0.010568836855602512,0.19396458963296356,0.04819779362966481,0.006837639286091259,0.07380322493910649,0.1668111632225431,0.07915816090138449,0.2837840394618927,0.028226620707948267,0.0858872970715953,0.2458546373575848,0.06640415427154499,0.42859517278792514,0.06236173601320521,0.17985851690285173,0.14441431083920936,0.2253449487290347,0.45009984680486953,0.24088720161641555,0.07107712516410143,0.13847688736187563,0.22482656203588222,0.15442907102070494,0.10294616770103131,0.03992796375904091,0.07107712516410143,0.13847688736187563,0.2517571226944437,0.22482656203588222,0.22531204706738245,0.12256553499340322,0.14441431083920936,0.2253449487290347,0.11736831559813313,0.3196110151169266,0.07107712516410143,0.13847688736187563,0.2517571226944437,0.22482656203588222,0.22531204706738245,0.12256553499340322,0.14441431083920936,0.2253449487290347,0.07107712516410143,0.10557322399609587,0.13847688736187563,0.19175970030462944,0.2517571226944437,0.4797843722738824,0.2589079254353448,0.24209624194788754,0.3696486228967287,0.22603029735354732,0.2514272352801686,0.22531204706738245,0.09057100534162568,0.03623142427064438,0.07591864378932028,0.23721137990106392,0.12256553499340322,0.04807689621451768,0.13720130351479226,0.183316324535,0.2574028814836754,0.18966292343611674,0.2574028814836754,,0.24209624194788754,0.24209624194788754,0.24770964397677658,0.3408865695322465,0.15195013249797545,0.11813588269308249,0.4899900468113956,0.38484693985759566,0.4899900468113956,,0.3696486228967287,0.3696486228967287,0.37754192422175453,0.4991484248810338,0.1235432647152496,0.034183696498847296,0.22531204706738245,0.2980103373448968,0.22531204706738245,,0.09665138139860623,0.09665138139860623,0.15953321485323727,0.08199457594664543,0.08199457594664543,0.32727773805680177,0.3216786069679982,0.3045708629448779,0.3216786069679982,,0.12780690735373781,0.12780690735373781,0.32290859757676227,0.22791710049732114,0.22791710049732114,0.3156499488997144,0.183316324535,0.09020428209255842,0.183316324535,,0.36953121037805925,0.36953121037805925,0.3618446351382368,0.12109788123157658,0.3022942149100311,0.3972784107693419,0.36358815735741323,0.08555993813406372,0.36358815735741323,,0.34321290497700063,0.34321290497700063,0.3378604573562127,0.22134611462172368,0.3568436133180801,0.459296307357641,0.02135258020672621,0.07766722569945117,0.13479333747319208,0.11226906291105601,0.0857923483207261,0.03652795766311646,0.024427813552267762,0.09257753981154859,0.11256408823765596,0.08230409906899343,0.02919548343837422,0.06540387920862943,0.18330452397525082,0.09225206372642118,0.0703819672575942,0.025687927525937945,0.072931179634801,0.05491072302151817,0.1207007931714322,0.051442544242234,0.11736831559813313,1.0,0.14360562123046802,0.3196110151169266
external__rate_1,0.06690045953339767,0.05636342454769992,0.0009531739568396356,0.013117099856985993,0.061367568729135236,0.008003238824177012,0.0404076949816699,0.06688271583253017,0.0720404203419594,0.09146149602917548,0.07027144361272815,0.05811114445588004,0.06888291337291937,0.061369988706076115,0.01427960364454064,0.01383915371180539,0.012632226955841337,0.09680899778261558,0.07351083067838944,0.012300100091454581,0.047095566962557886,0.03271870542052315,0.007300281655672518,0.024580166824909603,0.06619444856913495,0.06247386034384433,0.0671838896847628,0.04168493389079791,0.03134852329305717,0.046479413399469226,0.020167899498664144,0.01427960364454064,0.01383915371180539,0.09680899778261558,0.07351083067838944,0.012632226955841337,0.007602097315191785,0.04322580696857415,0.06690045953339767,0.10169921495387377,0.07351083067838944,0.029689279634941317,0.01427960364454064,0.01383915371180539,0.012632226955841337,0.09680899778261558,0.05059037185728697,0.039244624354609285,0.03800917485659579,0.03582787575452732,0.02071811298618419,0.06816972236565218,0.07592039073006637,0.005856443872914728,0.05436834477317406,0.03138625482639093,0.029713243543635977,0.011101004962933913,0.019664591928344417,0.02921598171943984,0.03480949448700218,0.04013137570243029,0.02371317938802112,0.011101004962933913,0.019664591928344417,0.04050293825844529,0.02921598171943984,0.042580861362133036,0.05491533375163535,0.005856443872914728,0.05436834477317406,0.0040594114551062484,0.29763515948597175,0.011101004962933913,0.019664591928344417,0.04050293825844529,0.02921598171943984,0.042580861362133036,0.05491533375163535,0.005856443872914728,0.05436834477317406,0.011101004962933913,0.02779071693467475,0.019664591928344417,0.03669346923610858,0.04050293825844529,0.01954945296859404,0.09635396926649213,0.02748062960088084,0.007517150506159451,0.0055958351072144434,0.06442241437383799,0.042580861362133036,0.018265539084843106,0.04487707360610978,0.03977094559696435,0.00890386497497544,0.05491533375163535,0.0848110821968673,0.0014561628212194865,0.10743727430613005,0.04070479575959576,0.02346192681710466,0.04070479575959576,,0.02748062960088084,0.02748062960088084,0.024837400002158005,0.008160251286938867,0.018497628280702456,0.05763481301754231,0.01920978454946933,0.03766622990363595,0.01920978454946933,,0.007517150506159451,0.007517150506159451,0.008077426908397807,0.008921099304501193,0.10843578881107507,0.0775096950779606,0.042580861362133036,0.0666178246047473,0.042580861362133036,,0.01697829447382866,0.01697829447382866,0.027649941376137854,0.03211868695738138,0.03211868695738138,0.06984612855916751,0.028059547902566262,0.04583423883624123,0.028059547902566262,,0.09308329280038403,0.09308329280038403,0.016191991802824157,0.09886879839590824,0.09886879839590824,0.05873066063931923,0.10743727430613005,0.12618402588003547,0.10743727430613005,,0.08655122606561094,0.08655122606561094,0.08697110142843735,0.10249103202764348,0.09886173911138882,0.051764175435159,0.06674545086169363,0.0437044045665726,0.06674545086169363,,0.06845738532443466,0.06845738532443466,0.07048575868971559,0.07645260716304413,0.06503771552549117,0.016374680857614125,0.004263702716282078,0.008670200218437027,0.08165368587231292,0.03694943409114019,0.046444578510742796,0.015517652615560866,0.008706033350256544,0.07667063181261445,0.0447740603926847,0.0460503651751458,0.03351243545698618,0.0021298959348493873,0.07782726468962646,0.05133548324782218,0.06191016798116344,0.03262467328257628,0.026373820531735395,0.018314205884123868,0.026316976889401218,0.014240229032600162,0.0040594114551062484,0.14360562123046802,1.0,0.29763515948597175
external__rate_5,0.08093977067464538,0.05294548881109559,0.02715372827005962,0.013276924865143704,0.07381741720479135,0.012451903332162721,0.01594192692574372,0.005369218214140032,0.12042894033668004,0.09230420396397256,0.07729265898685844,0.06511953114577386,0.0791259784002431,0.06921886624477787,0.02014370360703235,0.03422444810777229,0.019976772191472227,0.07859690467402097,0.030796579603677036,0.006119807099563117,0.13136320130528353,0.11921099569057651,0.1397001600998653,0.034713055485328784,0.0011806337405210166,0.06771897905504473,0.08198922861446324,0.011373702649085226,0.007629879262597008,0.08689738257124824,0.005396884872082315,0.02014370360703235,0.03422444810777229,0.07859690467402097,0.030796579603677036,0.019976772191472227,0.027760089090560228,0.006465643692280179,0.08093977067464538,0.0013296236829548143,0.030796579603677036,0.030981551478764538,0.02014370360703235,0.03422444810777229,0.019976772191472227,0.07859690467402097,0.04120243332219083,0.00937223668227764,0.09629273617183237,0.04820910627526338,0.039234523290833205,0.1087311511133453,0.10141324894018688,0.03893119982431317,0.049563111575653296,0.046751809435122735,0.02307370403370211,0.004102841916305265,0.02792451314162153,0.03919397858171126,0.015726925782551786,0.02774600250755504,0.0626564970279239,0.004102841916305265,0.02792451314162153,0.0916569212481149,0.03919397858171126,0.04181418555455842,0.00824951932644131,0.03893119982431317,0.049563111575653296,0.050388085869295406,1.0,0.004102841916305265,0.02792451314162153,0.0916569212481149,0.03919397858171126,0.04181418555455842,0.00824951932644131,0.03893119982431317,0.049563111575653296,0.004102841916305265,0.022097686667455978,0.02792451314162153,0.022479484791913626,0.0916569212481149,0.024409918049786237,0.09952773208464884,0.04000590230617621,0.0029428424239626707,0.06504692862264827,0.06911064285702721,0.04181418555455842,0.023409996415451044,0.02038370904729104,0.03780482778638946,0.06745537339271912,0.00824951932644131,0.031239056105489715,0.09226234983751218,0.10283390465007755,0.0911045756660955,0.09307060593027232,0.0911045756660955,,0.04000590230617621,0.04000590230617621,0.044578073349140684,0.05296831690065111,0.044417227558800246,0.01769973306933514,0.026260464795643826,0.02319012097338462,0.026260464795643826,,0.0029428424239626707,0.0029428424239626707,0.0002748713946340725,0.056807158277438735,0.17102816224395884,0.08640777075978555,0.04181418555455842,0.06289683984182855,0.04181418555455842,,0.05321952771409737,0.05321952771409737,0.029542560632715174,0.0654195618637531,0.0654195618637531,0.06312825958130686,0.03802842128094609,0.05240923684644586,0.03802842128094609,,0.12807945380874464,0.12807945380874464,0.022017025690103418,0.12184393319024986,0.12184393319024986,0.05772130327939757,0.10283390465007755,0.07106060973172325,0.10283390465007755,,0.06343116779629904,0.06343116779629904,0.06421865530353578,0.10551157934052062,0.07090510517243495,0.019547828550340134,0.04639905187986893,0.021429114801453878,0.04639905187986893,,0.10349090979402129,0.10349090979402129,0.10547684296646692,0.1094363977309911,0.0981132793012232,0.028773557554130115,0.021058983931912956,0.0004877830866756207,0.04440018664631403,0.046419647725999734,0.0473892510199347,0.02125443929900873,0.06625731665091365,0.039918105243767495,0.05975939099717981,0.0753287135333781,0.009756785882910565,0.08094770098594083,0.05355310879817477,0.07403398668307377,0.061723133367565894,0.11406611977666234,0.1293813356728179,0.064365402139546,0.05742174477548164,0.05542457039862572,0.050388085869295406,0.3196110151169266,0.29763515948597175,1.0
