Factor,Label,ProposedRole,DiscoveryN,ReviewN,Status,Orientation,DiscoveryIC,ReviewIC,ResidualIC,HacP,BootstrapPositive,IcLo90,IcHi90,StrongN,WeakN,TailDifference,FoldIC0,FoldTail0,FoldStrongN0,FoldWeakN0,FoldIC1,FoldTail1,FoldStrongN1,FoldWeakN1,FoldIC2,FoldTail2,FoldStrongN2,FoldWeakN2,FactorVsMean,BaseVsMean,IncrementVsBase,GlobalBH
EX01__tail_return_60,return_1,OPPORTUNITY_ENTRY,120,302,DESCRIBED,-1.0,0.03900571302099289,0.09907418377112985,0.1088150420287238,0.027966614607661904,0.975,0.017416953453047838,0.1872638058243513,83.0,89.0,0.004795937264299955,0.07591557795625115,0.004676489557497371,27.0,36.0,0.17320481920181316,0.009966329571472267,32.0,36.0,0.0021063549479563384,-0.0002783670950441356,24.0,17.0,0.00586544958840407,-0.03990432543823075,0.006466975356780091,0.35198385657723974
EX01__tail_return_60,return_3,OPPORTUNITY_ENTRY,118,296,DESCRIBED,-1.0,0.03001227241499263,0.09861257929006578,0.13266610215762756,0.08125432170451957,0.942,-0.0029245848686380712,0.2140246794601468,81.0,89.0,0.006792397914940278,0.17493700514016547,0.010111799412346443,27.0,36.0,0.13728698328162164,0.012228409517485215,31.0,36.0,-0.029368012794693844,0.0004076037067705547,23.0,17.0,-0.0018179125384398809,-0.049743757175265024,0.0035761819095008196,0.7094454175211733
EX01__tail_return_60,return_5,OPPORTUNITY_ENTRY,116,290,DESCRIBED,1.0,0.11009675237891506,-0.027570914566844334,-0.05288569998167185,0.6288866813690399,0.282,-0.1261636577962192,0.059774159181148444,87.0,79.0,-0.002707880637751973,-0.11134443985957351,-0.007414126965000072,36.0,26.0,-0.05975936932643594,-0.008349769715843171,35.0,31.0,0.09468641860580014,0.004386845555612407,16.0,22.0,-0.005432087225359483,-0.03723197486230112,-0.0008934677700433991,0.9999998502425812
EX01__tail_return_60,return_10,OPPORTUNITY_ENTRY,111,275,DESCRIBED,-1.0,0.04723153509642057,0.03503557331401301,0.062133810334381596,0.5583095534670166,0.706,-0.06876595384733848,0.1600622332943492,75.0,82.0,-0.0015040925018076946,0.11840022528000445,0.010224940492946515,25.0,35.0,0.1329657340777924,0.017067847470079976,30.0,32.0,-0.2219849271346903,-0.034818996481285544,20.0,15.0,-0.02016111364576534,-0.06613833467195507,-0.0108463417942255,0.9999998502425812
EX01__tail_return_60,adverse_5,RISK_CONTEXT,116,290,DESCRIBED,1.0,0.046304240763553536,0.10106837586424601,0.12034461847305578,0.3727928707278952,0.951,0.0012696209234088719,0.21194487173543852,87.0,79.0,0.0027835136308591406,0.25137759880341337,0.010967246561317815,36.0,26.0,0.08512644526243654,0.006864909734711114,35.0,31.0,-0.021236634902147233,-0.00712137335037806,16.0,22.0,-0.011578717411698358,-0.07234389408979047,0.0003240133658841682,0.9999998502425812
EX01__tail_return_60,range_5,RISK_CONTEXT,116,290,DESCRIBED,-1.0,0.01918101057285266,-0.01237553101887765,-0.0669130101592089,0.43772810502084325,0.424,-0.09667694686043225,0.07611914351211062,79.0,87.0,-6.42027925183454e-05,-0.10089904025199546,-0.0028630754270087336,26.0,36.0,-0.06380429426612995,-0.001331707947062364,31.0,35.0,0.09585766987761667,0.003614858811464096,22.0,16.0,-0.013556383682788775,-0.01993403357078405,-0.0008913877202829656,0.9999998502425812
EX01__tail_return_60,persistence_3,CONFIRMATION,118,296,DESCRIBED,-1.0,0.05755433648986688,0.1266259909090688,0.1466372381626619,0.01464882803315211,0.992,0.03448288985523523,0.22578220019888495,81.0,89.0,0.12516761455587933,0.17785856004857228,0.14814814814814825,27.0,36.0,0.15546488740083977,0.15591397849462352,31.0,36.0,0.05246612825760593,0.1159420289855072,23.0,17.0,0.008296834920752616,-0.12187842632569401,0.008955397083966088,0.21278012571573157
EX01__tail_return_90,return_1,OPPORTUNITY_ENTRY,120,302,DESCRIBED,-1.0,0.04995440283841519,0.20528606470810987,0.22224891957414264,0.0005741676134852677,1.0,0.12364020922498156,0.2846430134127877,82.0,92.0,0.008776602160059096,0.14949274330930562,0.009104199493723047,21.0,34.0,0.2995003456992986,0.012677627402653989,34.0,41.0,0.09758131605871354,0.007507875570044674,27.0,17.0,0.0241595336425674,-0.03990432543823075,0.02602572674708825,0.013410204955777237
EX01__tail_return_90,return_3,OPPORTUNITY_ENTRY,118,296,DESCRIBED,-1.0,0.035217075830846815,0.15165184391278275,0.1917632578649528,0.011531923680010648,0.993,0.04577979039261132,0.26889290523619586,80.0,91.0,0.012631498385422883,0.158278938809143,0.013007958082401475,21.0,34.0,0.2200678716604065,0.019215391541960294,33.0,40.0,0.07707181297901294,0.015756773559608507,26.0,17.0,0.012447133162235002,-0.049743757175265024,0.02024892280285906,0.17960971131616582
EX01__tail_return_90,return_5,OPPORTUNITY_ENTRY,116,290,DESCRIBED,1.0,0.1018050338265018,-0.04055765040391541,-0.06904744039352634,0.6242901966759332,0.22,-0.13794905110403288,0.052044843936049,90.0,80.0,-0.0017434711815495817,-0.0727844817520192,-0.007132956681246902,34.0,21.0,-0.10462377639615353,-0.010755870884773306,40.0,33.0,0.03901585070787857,-0.000975974822728095,16.0,26.0,-0.0026365938249821586,-0.03723197486230112,0.0009694814467555712,0.9999998502425812
EX01__tail_return_90,return_10,OPPORTUNITY_ENTRY,111,275,DESCRIBED,1.0,0.03403921566382774,-0.014486200475386495,-0.0594904936383832,0.3590426691623647,0.401,-0.12425061253380451,0.08069487700191626,87.0,76.0,0.004438319750789045,-0.09083374899759268,-0.00693181170215823,34.0,20.0,-0.07077440587143947,-0.015053439368244294,37.0,31.0,0.1124072400097384,0.015936197083078064,16.0,25.0,-0.005255758988252257,-0.06613833467195507,-0.0023153027791504854,0.9999998502425812
EX01__tail_return_90,adverse_5,RISK_CONTEXT,116,290,DESCRIBED,1.0,0.05734489029444229,0.11799601692319875,0.1544231736733923,0.3308785722349531,0.958,0.0051988798974923955,0.23507262389932515,90.0,80.0,0.001047280099616979,0.23222734776656576,0.00936169238835037,34.0,21.0,0.20616101695471958,0.008831398316239917,40.0,33.0,-0.13133591418240104,-0.0074447450108701685,16.0,26.0,-0.01017195141151217,-0.07234389408979047,0.008764037307802286,0.9999998502425812
EX01__tail_return_90,range_5,RISK_CONTEXT,116,290,DESCRIBED,-1.0,0.03626799546776681,0.06448835078178489,0.033868704002794736,0.1024715169827306,0.864,-0.03446217245386875,0.15482885410579103,80.0,90.0,0.002053241096135288,-0.09389768914842933,-0.002176314434251623,21.0,34.0,0.08408028581280368,0.0010598566460129286,33.0,40.0,0.2357271800858804,0.005907861051934863,26.0,16.0,-0.009206493048396602,-0.01993403357078405,-0.00018583891043588707,0.7691536756655563
EX01__tail_return_90,persistence_3,CONFIRMATION,118,296,DESCRIBED,-1.0,0.06758540639858968,0.22372677637330976,0.2467894705182841,6.486684099177092e-05,1.0,0.1406630531739751,0.3123016148863882,80.0,91.0,0.1942765567765567,0.24046380070128318,0.2324929971988795,21.0,34.0,0.28245264919639085,0.20833333333333326,33.0,40.0,0.13582138029430152,0.2647058823529411,26.0,17.0,0.033147463208221484,-0.12187842632569401,0.027992500592544434,0.002020602096893664
EX01__tail_vs_morning,return_1,OPPORTUNITY_ENTRY,120,302,DESCRIBED,1.0,0.020621689152241773,-0.10308110831937936,-0.10507475028596787,0.9107134085184692,0.003,-0.1671388729061885,-0.03638788913761729,95.0,88.0,-0.0056986177603904915,0.06897789032134417,0.005594634072825648,30.0,33.0,-0.24417364072795278,-0.013073690136066993,40.0,35.0,-0.11099531130484694,-0.008706227495747272,25.0,20.0,-0.016546177768157033,-0.03990432543823075,-0.013906699573894565,0.9999998502425812
EX01__tail_vs_morning,return_3,OPPORTUNITY_ENTRY,118,296,DESCRIBED,-1.0,0.07164287031750954,0.10566008076008356,0.11196527806697296,0.02832988848515506,0.99,0.026023913939007545,0.18259025232762272,88.0,93.0,0.0119938781640324,0.01098800355630618,-0.00019798574008762174,33.0,30.0,0.20906788823475073,0.024419743881476663,35.0,39.0,0.06455083001958235,0.007333605622555078,20.0,24.0,-0.00018160715536330585,-0.049743757175265024,0.0023549723726037364,0.35299041052503205
EX01__tail_vs_morning,return_5,OPPORTUNITY_ENTRY,116,290,DESCRIBED,1.0,0.08966773922233917,-0.023423778635768732,-0.028753550310779048,0.858822388433836,0.327,-0.10745485177226115,0.06425643179524694,90.0,88.0,-0.009862364663072044,0.07067463260711675,0.007016296795849754,29.0,33.0,-0.152928437519486,-0.026038163661742043,37.0,35.0,0.09493887420925513,-0.0032498125480218574,24.0,20.0,-0.013982257561630629,-0.03723197486230112,-0.011526268761056224,0.9999998502425812
EX01__tail_vs_morning,return_10,OPPORTUNITY_ENTRY,111,275,DESCRIBED,1.0,0.02836126388562857,-0.06801721224716116,-0.06816479616860449,0.7988987568204958,0.088,-0.15307935474686263,0.012991617681400046,91.0,77.0,-0.01338395770573786,-0.0785161899096904,-0.012287782013956309,30.0,29.0,-0.12619106765722202,-0.019596841060384257,38.0,31.0,0.014780463880477003,0.0033034421993683796,23.0,17.0,-0.007471101668801605,-0.06613833467195507,-0.002643018056066815,0.9999998502425812
EX01__tail_vs_morning,adverse_5,RISK_CONTEXT,116,290,DESCRIBED,1.0,0.07836841242675435,0.1249866326138363,0.13585786210094752,0.01285650485990114,0.999,0.04609264577185688,0.19977468116630998,90.0,88.0,0.011275555474309935,0.07304814431206223,0.003096320490497625,29.0,33.0,0.18580181994643608,0.014742568239082519,37.0,35.0,0.14381401218486256,0.013770094749264834,24.0,20.0,0.002560551828445834,-0.07234389408979047,0.010241345010216563,0.19776796364736815
EX01__tail_vs_morning,range_5,RISK_CONTEXT,116,290,DESCRIBED,-1.0,0.16258440507546487,-0.10098878332773847,-0.12648418059011732,0.9934541947322162,0.004,-0.1545587564728132,-0.04043000831958565,88.0,90.0,-0.0028068974138823373,-0.11927891774733827,-0.002505599141423318,33.0,29.0,-0.08986684186791985,-0.0006603336306795771,35.0,37.0,-0.2427691745969173,-0.005576861256815554,20.0,24.0,0.001356983019636715,-0.01993403357078405,0.007009300281545117,0.9999998502425812
EX01__tail_vs_morning,persistence_3,CONFIRMATION,118,296,DESCRIBED,-1.0,0.05240386087007772,0.14842803071552713,0.1419411707547301,0.0018338004973587011,1.0,0.0844840494218724,0.21414045087881675,88.0,93.0,0.17798957315086333,0.02662448103483953,0.04040404040404044,33.0,30.0,0.2774701663679236,0.31746031746031744,35.0,39.0,0.12137599005980405,0.12777777777777777,20.0,24.0,0.010630512441089146,-0.12187842632569401,0.012704436292419463,0.03570180343295221
EX01__tail_amount_share_60,return_1,OPPORTUNITY_ENTRY,120,302,DESCRIBED,-1.0,0.0924562634327371,0.03415761711573996,0.034809111150273686,0.16409957787156676,0.694,-0.06990079653497863,0.1366084347433702,22.0,2.0,0.0022629060267890947,-0.015458566754857092,-0.0026097805553041975,8.0,2.0,0.15060137838639479,,9.0,0.0,-0.07940254700245827,,5.0,0.0,0.004682703563342661,-0.03990432543823075,0.005809952272719299,0.9251949051039465
EX01__tail_amount_share_60,return_3,OPPORTUNITY_ENTRY,118,296,DESCRIBED,1.0,0.11194703031885413,-0.030811204061270785,-0.029900470578436675,0.6368838434144857,0.278,-0.11448440364476324,0.05764394155965263,2.0,22.0,0.028437603460792504,0.1072883267173646,0.04198302530170278,2.0,8.0,-0.1496440749245656,,0.0,9.0,-0.026568389160650872,,0.0,5.0,-0.0036435890533699222,-0.049743757175265024,-0.0025853536391877707,0.9999998502425812
EX01__tail_amount_share_60,return_5,OPPORTUNITY_ENTRY,116,290,DESCRIBED,1.0,0.1269415959540033,-0.043936691551790724,-0.042011324092172155,0.7228101237557281,0.18,-0.11795730803602937,0.035232161391103085,2.0,21.0,0.013340787574873558,0.013196083623669226,0.019224112191203957,2.0,8.0,-0.0829401937930679,,0.0,9.0,-0.02346855703099351,,0.0,4.0,-0.00722086838687841,-0.03723197486230112,-0.0038317146435447036,0.9999998502425812
EX01__tail_amount_share_60,return_10,OPPORTUNITY_ENTRY,111,275,DESCRIBED,1.0,0.10258997793944961,-0.13968329541402472,-0.12819999422982606,0.9017113069207059,0.0,-0.20755070761642735,-0.06369488669725974,2.0,16.0,0.011637334267485824,-0.05991044354404299,0.02293664196039564,2.0,7.0,-0.2340677330800453,,0.0,7.0,0.030739458354887166,,0.0,2.0,-0.018126018499374563,-0.06613833467195507,-0.010601378954417262,0.9999998502425812
EX01__tail_amount_share_60,adverse_5,RISK_CONTEXT,116,290,DESCRIBED,-1.0,0.06663436736679364,-0.07496107531757411,-0.09738005823186219,0.8647140045968555,0.094,-0.16440000311743372,0.018748133707139517,21.0,2.0,0.017807221089311192,0.10826831314875152,0.02249100311795675,8.0,2.0,-0.20063416764584233,,9.0,0.0,-0.16498826773626277,,4.0,0.0,0.001967820682321597,-0.07234389408979047,-0.0011912609899531468,0.9999998502425812
EX01__tail_amount_share_60,range_5,RISK_CONTEXT,116,290,DESCRIBED,-1.0,0.1912274631914812,-0.09936868887130526,-0.12660226801663554,0.8923842545045895,0.022,-0.1772884439639055,-0.01754618632115769,21.0,2.0,0.00569402254964833,0.050214530408224683,0.0017778395657016902,8.0,2.0,-0.21112009388379555,,9.0,0.0,-0.3089718689434736,,4.0,0.0,0.028216909321924888,-0.01993403357078405,0.01751501941913247,0.9999998502425812
EX01__tail_amount_share_60,persistence_3,CONFIRMATION,118,296,DESCRIBED,1.0,0.04481713564889903,-0.019491556896314835,-0.011008851686817788,0.6295542124118793,0.345,-0.1175735219510786,0.07795293338779821,2.0,22.0,-0.045454545454545414,0.07642525153438548,0.08333333333333337,2.0,8.0,-0.15886921002700735,,0.0,9.0,0.09208572929875652,,0.0,5.0,-0.0031762775691992484,-0.12187842632569401,-0.004435771791073906,0.9999998502425812
EX01__tail_pressure_60,return_1,OPPORTUNITY_ENTRY,120,302,DESCRIBED,1.0,0.004976627576637751,-0.08410614609542867,-0.1041580847266483,0.9636251040769229,0.044,-0.17685756871258076,-0.0034862769206909132,70.0,69.0,-0.005616731448103908,-0.0665817318290471,-0.005252066589349921,27.0,19.0,-0.1501753543880214,-0.01049162308506536,29.0,29.0,-0.019643424360297094,-0.0014741891904021002,14.0,21.0,0.002241555349595803,-0.03990432543823075,0.001911067532496924,0.9999998502425812
EX01__tail_pressure_60,return_3,OPPORTUNITY_ENTRY,118,296,DESCRIBED,1.0,0.02555617658689647,-0.08594435341277623,-0.11650356057135716,0.8693934606503833,0.067,-0.19913689230792384,0.008837287247494366,70.0,68.0,-0.0025290549374583577,-0.1527964885230121,-0.006312340554492107,27.0,19.0,-0.12583934045004533,-0.005588244692795605,29.0,28.0,0.016127915733772157,-0.00011668856535375013,14.0,21.0,-0.0003288358928557056,-0.049743757175265024,0.002228693641726953,0.9999998502425812
EX01__tail_pressure_60,return_5,OPPORTUNITY_ENTRY,116,290,DESCRIBED,1.0,0.11463305443990315,-0.020674172338780935,-0.03585355683018905,0.512760870806277,0.334,-0.11892769950447789,0.07028768225377513,76.0,67.0,0.0034292803993788,-0.10101693223055913,-0.004327565130964632,30.0,19.0,-0.06005035071543687,0.0014908767306186805,32.0,28.0,0.08333977710939096,0.007392218472886396,14.0,20.0,-0.0032847570507423818,-0.03723197486230112,-0.000802886693127336,0.9999998502425812
EX01__tail_pressure_60,return_10,OPPORTUNITY_ENTRY,111,275,DESCRIBED,-1.0,0.037636744430887735,0.03186103999312164,0.05364703845820952,0.6023159689420015,0.722,-0.07070539647179357,0.1433248377064731,65.0,73.0,-0.005778523012452743,0.11388522007011115,0.005645052694959386,19.0,30.0,0.1400666928634914,0.014633948632550214,27.0,29.0,-0.22250037950080298,-0.033685286266375306,19.0,14.0,-0.018483092773784682,-0.06613833467195507,-0.011915065294622718,0.9999998502425812
EX01__tail_pressure_60,adverse_5,RISK_CONTEXT,116,290,DESCRIBED,1.0,0.00821191792238155,0.09007749896817027,0.09633842872378244,0.4392692682954365,0.928,-0.00627005712786669,0.2018877986034843,76.0,67.0,0.0006902763316272154,0.23017460096961198,0.010493776500162701,30.0,19.0,0.0837335030085028,0.004925455310102432,32.0,28.0,-0.02801595758017945,-0.007877965246621835,14.0,20.0,-0.005551363719320523,-0.07234389408979047,0.0015045152308111875,0.9999998502425812
EX01__tail_pressure_60,range_5,RISK_CONTEXT,116,290,DESCRIBED,-1.0,0.030418835863792893,-0.02480968979282458,-0.06400904352874752,0.43718627840798596,0.33,-0.10997433847110663,0.059627650250503296,67.0,76.0,-0.0004204670660982214,-0.11090966613364926,-0.00403103598541904,19.0,30.0,-0.08324793155975264,-0.0017526748656694797,28.0,32.0,0.09066702755343789,0.002683230585314292,20.0,14.0,-0.009183735574635143,-0.01993403357078405,-0.0015512254582454865,0.9999998502425812
EX01__tail_pressure_60,persistence_3,CONFIRMATION,118,296,DESCRIBED,-1.0,0.0018612408833886204,0.11026135605625072,0.1347885636021229,0.019702469965751535,0.985,0.029331581365613296,0.20632713422063428,68.0,70.0,0.07885154061624655,0.16088304475041312,0.12670565302144243,19.0,27.0,0.13675607885175667,0.1018062397372741,28.0,29.0,0.06807415193560391,0.08730158730158721,21.0,14.0,0.005187951861326923,-0.12187842632569401,0.0033914958436992437,0.27340571660079405
EX01__range_cooling_3,return_1,OPPORTUNITY_ENTRY,98,302,DESCRIBED,-1.0,0.11464968161255334,-0.029378617671731867,-0.03131018476866938,0.8085511092716271,0.283,-0.11057692765840196,0.05775105679668166,82.0,59.0,-6.083253419300778e-07,-0.005860461875564348,-0.0015008620623542654,47.0,24.0,-0.004559226092176449,0.007557140153960461,25.0,17.0,-0.2633225437424218,-0.010337148373163494,10.0,18.0,-0.005039129108950657,-0.0584841774967102,-0.0004220151005303041,0.9999998502425812
EX01__range_cooling_3,return_3,OPPORTUNITY_ENTRY,96,296,DESCRIBED,-1.0,0.04309608106854812,-0.11848495946689984,-0.15137124798141746,0.8900174671242738,0.053,-0.24092853853774157,0.0035505804172150076,87.0,59.0,-0.008563031946569637,-0.17937309501955406,-0.00804432530899742,49.0,24.0,-0.09658126508175122,-0.004027532107987777,28.0,17.0,-0.34745622544378985,-0.03834734678292872,10.0,18.0,-0.014335595649261679,-0.05745514760837267,0.01777335322469975,0.9999998502425812
EX01__range_cooling_3,return_5,OPPORTUNITY_ENTRY,94,290,DESCRIBED,1.0,0.11365302991107011,0.1304916632386058,0.16191680494786317,0.13579296109741412,0.946,-0.004341572450904684,0.26589914493772965,58.0,87.0,0.010607887095123301,0.14806966158721607,0.0020969563913102104,24.0,49.0,0.15183568600883926,0.01394209316532058,17.0,28.0,0.4158751811393542,0.06356530618703249,17.0,10.0,-0.010148913250374703,-0.03625931461036269,0.0052230766056113875,0.8376140075612772
EX01__range_cooling_3,return_10,OPPORTUNITY_ENTRY,89,275,DESCRIBED,1.0,0.08342058448203016,0.10934600570225221,0.16093707625284903,0.056689210620572944,0.889,-0.03517755193425991,0.24700600931805725,58.0,88.0,0.01625309373538974,0.10598172696811059,0.00835772205726756,24.0,48.0,0.2744937815610215,0.04237578719629019,17.0,30.0,0.2589193465007084,0.04813621066435886,17.0,10.0,-0.011939490433886979,-0.05263686131812384,-0.001087485598821658,0.5605933050256657
EX01__range_cooling_3,adverse_5,RISK_CONTEXT,94,290,DESCRIBED,-1.0,0.04590481974497769,0.20022392959935656,0.26894583600362626,0.01974840649604451,0.996,0.09661572441297027,0.3024710784999789,87.0,58.0,0.011120924844545427,0.2810306067810831,0.005838193430334943,49.0,24.0,0.18753184867614925,0.006347245908213367,28.0,17.0,0.5136067727372783,0.05554679326857246,10.0,17.0,-0.0005920658224436437,-0.05661959563303354,-0.004875204301055813,0.27340571660079405
EX01__range_cooling_3,range_5,RISK_CONTEXT,94,290,DESCRIBED,1.0,0.050334140085973346,-0.16203698238985148,-0.28668207543572416,0.9797254239737907,0.039,-0.30044144123380945,-0.010836558142880615,58.0,87.0,-0.005423559991246885,-0.07800000233510554,-0.0027961020560729015,24.0,49.0,-0.2405429496726232,-0.006360536901732543,17.0,28.0,-0.4170456193620838,-0.01768155208728863,17.0,10.0,0.0048997857667737454,-0.09624048916169481,0.024675633443478562,0.9999998502425812
EX01__range_cooling_3,persistence_3,CONFIRMATION,96,296,DESCRIBED,-1.0,0.11719065038587213,-0.057778040099626934,-0.06534192127412466,0.7799240650985381,0.192,-0.17035837635753995,0.053706857324490785,87.0,59.0,-0.027988830443535284,-0.06510520786631833,0.008503401360544172,49.0,24.0,-0.13044359073669973,-0.09103641456582634,28.0,17.0,-0.1395291909281779,-0.13703703703703696,10.0,18.0,-0.011099844012370852,-0.17051928960988505,-0.049702738643542466,0.9999998502425812
EX01__amount_cooling_3,return_1,OPPORTUNITY_ENTRY,98,302,DESCRIBED,1.0,0.1457508464944372,-0.04618221203802932,-0.06162593553584309,0.9460824582291895,0.22,-0.11769977024910927,0.0409951871894306,91.0,104.0,-0.004320886836567794,0.02405687610395705,-0.0001075088088784348,31.0,57.0,-0.02340295909778602,-0.003986958865427108,26.0,43.0,-0.0458782069349803,-0.01352653585537037,34.0,4.0,-0.053893707434468974,-0.0584841774967102,-0.017308001895530056,0.9999998502425812
EX01__amount_cooling_3,return_3,OPPORTUNITY_ENTRY,96,296,DESCRIBED,1.0,0.18276156759098172,0.03355496209449163,0.04208368615148276,0.5812577506707142,0.676,-0.07578944337740276,0.15426767669335226,102.0,103.0,-0.0015092599506164794,0.1708063569609878,0.0023963506600885266,35.0,56.0,0.10261972170304266,0.008175865824663965,31.0,43.0,0.03142466072331194,-0.008812607782993186,36.0,4.0,-0.03672211999408859,-0.05745514760837267,-0.006748614435021283,0.9999998502425812
EX01__amount_cooling_3,return_5,OPPORTUNITY_ENTRY,94,290,DESCRIBED,1.0,0.12116680215107477,0.04033900071330926,0.033711254100770395,0.5270152541347621,0.706,-0.07417404084107079,0.17997511515126147,101.0,98.0,-0.0007166090447151292,0.14090381501693883,0.00542978754017406,35.0,53.0,0.21239968565609255,0.025974651931990663,30.0,42.0,-0.11433280303380332,-0.026322204551810238,36.0,3.0,-0.003811877999322588,-0.03625931461036269,-0.018231071903896723,0.9999998502425812
EX01__amount_cooling_3,return_10,OPPORTUNITY_ENTRY,89,275,DESCRIBED,1.0,0.1610613141820911,0.0873604906580353,0.09900464499004645,0.3936350522576445,0.778,-0.09079401485111988,0.2666510046288118,97.0,101.0,0.0035279004414928636,0.28388938745736025,0.021354878455879845,35.0,53.0,0.3218313151421572,0.04011975674580282,30.0,43.0,-0.17638756802155342,-0.06213524344947338,32.0,5.0,0.0011831509241555516,-0.05263686131812384,-0.03322632432180095,0.9999998502425812
EX01__amount_cooling_3,adverse_5,RISK_CONTEXT,94,290,DESCRIBED,-1.0,0.15685411640462302,0.1734517043033117,0.18938886066544722,0.24315403260535895,0.984,0.041504763898332825,0.29415523880616784,98.0,101.0,0.006297412582276368,0.44776575101967125,0.015922838016136857,53.0,35.0,0.2598045506867516,0.018968794390627763,42.0,30.0,-0.017675233333874458,-0.01789427160398842,3.0,36.0,-0.027381748976403886,-0.05661959563303354,-0.07924659164785886,0.9999998502425812
EX01__amount_cooling_3,range_5,RISK_CONTEXT,94,290,DESCRIBED,-1.0,0.05251598453924792,0.2633857796657081,0.2635964755823494,0.05801998057262302,0.988,0.06259693167550594,0.4524164990757431,98.0,101.0,0.005460525932416877,0.4695652075016661,0.009419396461070949,53.0,35.0,0.40816468217981633,0.0076883831535146906,42.0,30.0,0.23493845985567746,-0.0004476106709070046,3.0,36.0,-0.10493262573005158,-0.09624048916169481,-0.04914621687938303,0.5647882483866272
EX01__amount_cooling_3,persistence_3,CONFIRMATION,96,296,DESCRIBED,1.0,0.14268353691710894,0.028669634810866203,0.01994336401116062,0.43775164578337245,0.651,-0.08408029121637324,0.15679354274681373,102.0,103.0,0.02474776318294314,0.1303390371953992,0.09880952380952379,35.0,56.0,0.09984200483065375,0.10902725681420355,31.0,43.0,-0.0582930574474803,-0.25,36.0,4.0,-0.32857559018051097,-0.17051928960988505,-0.1186603509697397,0.9999998502425812
EX01__shock_absorption,return_1,OPPORTUNITY_ENTRY,97,302,DESCRIBED,1.0,0.09138667901121508,-0.013498327937666156,-0.019900661162461763,0.49407006647960305,0.4,-0.09873567341105512,0.06404262940165309,67.0,96.0,0.0005570903477942223,-0.18570301974461462,-0.007148815367188261,40.0,39.0,0.09178246926640675,0.004243580103752598,21.0,36.0,0.09279313384499868,0.023430596158660354,6.0,21.0,-0.03507699886436555,-0.05750984475340393,-0.013896323487420537,0.9999998502425812
EX01__shock_absorption,return_3,OPPORTUNITY_ENTRY,95,296,DESCRIBED,-1.0,0.03464494184188579,-0.05095236118492571,-0.046863967202950246,0.8939540361142391,0.176,-0.12485099427728168,0.03489244299571642,92.0,67.0,-0.010556211806634418,-0.11115004043112833,-0.008280505653653476,38.0,40.0,0.04960198708378244,-0.007458964931531524,33.0,21.0,-0.0358838674239453,-0.015623503671060423,21.0,6.0,-0.001083840361897792,-0.055225155681412286,-0.0014466600728093582,0.9999998502425812
EX01__shock_absorption,return_5,OPPORTUNITY_ENTRY,93,290,DESCRIBED,-1.0,0.08216858213251607,-0.002210431059072312,0.0020264294421476164,0.7151539319066555,0.476,-0.05659645176474314,0.05591650221113792,91.0,67.0,-0.007822099854937118,-0.0676179270321233,-0.008857046051341617,38.0,40.0,0.11422515813675901,0.0056069635263222995,33.0,21.0,0.013347336741681985,-0.006811067160244185,20.0,6.0,-0.0013725346722155418,-0.0340957163379243,-0.004090899967560624,0.9999998502425812
EX01__shock_absorption,return_10,OPPORTUNITY_ENTRY,88,275,DESCRIBED,1.0,0.034818291503066374,0.05081788930915635,0.01887308502351346,0.28607417236955146,0.892,-0.019918694968030757,0.1221757030390164,61.0,86.0,0.005523983571797782,0.06766908948726806,0.005493491019366661,35.0,37.0,-0.0940145754979238,-0.02789529156720901,21.0,30.0,0.18082695028856324,0.057422203238497546,5.0,19.0,-0.005479199007041302,-0.05092568738942105,-0.0035494991140760934,0.9999998502425812
EX01__shock_absorption,adverse_5,RISK_CONTEXT,93,290,DESCRIBED,1.0,0.10205963954294252,-0.012680170077228938,-0.003098564868744595,0.7914712523739365,0.394,-0.08891381513418875,0.060010236694874285,67.0,91.0,-0.005562672094805415,0.05467689576446719,0.00020049117063119376,40.0,38.0,0.01896226515327356,-0.0018754276214984836,21.0,33.0,0.0034524289031602367,-0.01310282549513015,6.0,20.0,-0.007682496598147903,-0.055678740633188006,0.0014377442096468185,0.9999998502425812
EX01__shock_absorption,range_5,RISK_CONTEXT,93,290,DESCRIBED,-1.0,0.07093193279818566,0.04176504940839255,0.02740784567941478,0.22907103696966574,0.86,-0.022135743062250975,0.11378106726952032,91.0,67.0,0.0011092611408500437,-0.023507007033913938,-0.0007851377764986033,38.0,40.0,0.019581330211518526,-0.0013410891890892132,33.0,21.0,0.049782791773248056,0.003841024460352966,20.0,6.0,0.0035435128300307372,-0.09519621121260258,0.007903287803978754,0.9999998502425812
EX01__shock_absorption,persistence_3,CONFIRMATION,95,296,DESCRIBED,-1.0,0.05563735305060228,-0.01822607746629593,-0.020791052994442824,0.7482845138692023,0.362,-0.08915680757242378,0.059473954757771716,92.0,67.0,-0.07300454250486699,0.016344198344077233,-0.054824561403508776,38.0,40.0,-0.005440934684819103,-0.030303030303030387,33.0,21.0,-0.02001918486301153,-0.15079365079365076,21.0,6.0,-0.009816977699179885,-0.16457545691931275,0.0015346966418940955,0.9999998502425812
EX01__tsfresh_return_autocorr_20,return_1,OPPORTUNITY_ENTRY,100,302,DESCRIBED,1.0,0.025563476649391702,-0.0560137370814007,-0.05336592491838126,0.9653487395899237,0.051,-0.10808877180756556,0.00039635925958917285,128.0,29.0,-0.002326648037704373,-0.06688616748117651,0.00495722405613305,61.0,4.0,-0.045418336313154735,0.002461890211557145,53.0,5.0,-0.21194715241402948,-0.01383531320283877,14.0,20.0,0.000890352879557299,-0.06274520036899833,-0.006350622839620623,0.9999998502425812
EX01__tsfresh_return_autocorr_20,return_3,OPPORTUNITY_ENTRY,98,296,DESCRIBED,1.0,0.02316269995789115,-0.14780709434256947,-0.1539346742736573,0.9569686611686264,0.01,-0.24214384921894566,-0.039350527871299064,127.0,29.0,-0.005387328559809961,-0.08582033001396899,0.01797465340408275,61.0,4.0,-0.14675292808151752,0.011404426514086928,53.0,5.0,-0.5228058850876802,-0.04732975224568665,13.0,20.0,0.001735617044295923,-0.06004828684502628,-0.017286088638865937,0.9999998502425812
EX01__tsfresh_return_autocorr_20,return_5,OPPORTUNITY_ENTRY,96,290,DESCRIBED,-1.0,0.17241882155933527,0.10229776836237264,0.124216409970023,0.14770187987811206,0.876,-0.03381669049238074,0.23471831204163363,29.0,134.0,0.00901287344652453,0.03537266555616024,-0.012102376688529648,4.0,65.0,0.12313048557301369,0.010486681811566857,5.0,55.0,0.5016247683451742,0.062294282329742136,20.0,14.0,-0.019331662599981092,-0.03691714858137196,-0.05961279562757649,0.8890654218750127
EX01__tsfresh_return_autocorr_20,return_10,OPPORTUNITY_ENTRY,91,275,DESCRIBED,-1.0,0.07774512850908978,-0.05491616592930361,-0.03567410057413232,0.6455515328751209,0.322,-0.2540080761677595,0.14042308630046757,27.0,124.0,-0.0003743619174330706,-0.11783274252460349,-0.018843042502497923,4.0,61.0,-0.05617887810867881,0.034279015914280876,5.0,51.0,0.42602599275519887,0.08860490884657066,18.0,12.0,-0.018213878444085507,-0.05336353516256387,-0.06249690940425623,0.9999998502425812
EX01__tsfresh_return_autocorr_20,adverse_5,RISK_CONTEXT,96,290,DESCRIBED,1.0,0.052443915532245304,-0.050468493381965004,0.041216202086949254,0.48213440410233377,0.255,-0.1793301381441563,0.08892929705167829,134.0,29.0,0.0008303164790572706,-0.24679868434727864,-0.024244885802522525,65.0,4.0,0.07996495766139951,0.0028202399663561084,55.0,5.0,0.35291422710023307,0.04189935992876986,14.0,20.0,-0.021386610259001015,-0.04885528412288265,-0.04831651408388127,0.9999998502425812
EX01__tsfresh_return_autocorr_20,range_5,RISK_CONTEXT,96,290,DESCRIBED,-1.0,0.05486977753662507,0.21102733171720928,0.11004591878783256,0.11232740393350638,0.952,0.00806017710238537,0.387730663408539,29.0,134.0,0.001170978820340906,0.4638401264102375,0.006879461624628946,4.0,65.0,0.1325871257401272,-0.006239125122252897,5.0,55.0,0.04068060157062896,-0.004896924614362173,20.0,14.0,-0.0017073977134358653,-0.0767490846013612,0.00753296109224888,0.7962582430790917
EX01__tsfresh_return_autocorr_20,persistence_3,CONFIRMATION,98,296,DESCRIBED,1.0,0.029305958778059558,-0.11701365208416041,-0.12463202802185852,0.9512411010951093,0.021,-0.20664336865387978,-0.01970889808982528,127.0,29.0,-0.038917549099465876,-0.11684876636619243,0.31284153005464477,61.0,4.0,-0.08864543530831953,0.24276729559748417,53.0,5.0,-0.4137173547355243,-0.4871794871794871,13.0,20.0,0.0014091475922271002,-0.1813008961531113,-0.025845580924981126,0.9999998502425812
EX01__tsfresh_return_changes_20,return_1,OPPORTUNITY_ENTRY,100,302,DESCRIBED,1.0,0.1264551979888806,0.007930461483071553,0.06993169229576146,0.4676709713391808,0.572,-0.058887569030165954,0.07654094163478152,206.0,19.0,0.00025454873945949304,-0.04960685163358615,0.00036014417511692374,56.0,18.0,-0.025043455291848985,,105.0,0.0,0.03057666957785394,0.012690140665094867,45.0,1.0,-0.00804584769399419,-0.06274520036899833,-0.004368333431389537,0.9999998502425812
EX01__tsfresh_return_changes_20,return_3,OPPORTUNITY_ENTRY,98,296,DESCRIBED,1.0,0.2807895592748374,-0.05567726729548281,0.14176857905671464,0.7328066616776909,0.232,-0.17873905687581104,0.06878619041468356,204.0,19.0,-0.005945488175761569,0.013609189677239824,-0.003892785863425799,56.0,18.0,-0.16908438120111102,,103.0,0.0,0.016772230905285946,0.034419750495831555,45.0,1.0,-0.031822950549381446,-0.06004828684502628,-0.020569300145619085,0.9999998502425812
EX01__tsfresh_return_changes_20,return_5,OPPORTUNITY_ENTRY,96,290,DESCRIBED,1.0,0.4668283171506207,-0.07739653461827235,0.15110245683351026,0.8046383815934575,0.185,-0.21565817165770979,0.05913082203208838,200.0,18.0,-0.01166518839660945,0.06063584419658517,-0.00319862339412871,54.0,18.0,-0.23271674104331605,,101.0,0.0,-0.056202455881676494,,45.0,0.0,-0.05984361833084395,-0.03691714858137196,-0.051005581734505645,0.9999998502425812
EX01__tsfresh_return_changes_20,return_10,OPPORTUNITY_ENTRY,91,275,DESCRIBED,1.0,0.5661944465968238,-0.09529924987578356,0.27165459738611125,0.8172071902784634,0.158,-0.24405329883248952,0.06043829481214193,190.0,18.0,-0.009483212348593208,0.13917189852231562,0.0038307798319171353,49.0,18.0,-0.19254211817892725,,96.0,0.0,-0.06918076953727313,,45.0,0.0,-0.0876258234747489,-0.05336353516256387,-0.05814787329308979,0.9999998502425812
EX01__tsfresh_return_changes_20,adverse_5,RISK_CONTEXT,96,290,DESCRIBED,-1.0,0.29883328812985066,-0.3059464110213421,0.0397179678629989,0.99963455677742,0.002,-0.4412133052163348,-0.14177162737989465,18.0,200.0,-0.024084350245108445,-0.22802225127893153,-0.014523553915355493,18.0,54.0,-0.1327829971464638,,0.0,101.0,-0.3210694416331036,,0.0,45.0,-0.13232604929340375,-0.04885528412288265,-0.13893866199739002,0.9999998502425812
EX01__tsfresh_return_changes_20,range_5,RISK_CONTEXT,96,290,DESCRIBED,1.0,0.1353906673901248,0.5093394304486571,0.11809013268844476,5.126228988149479e-06,0.995,0.2563118705605153,0.6979377391309706,200.0,18.0,0.013097562213470679,0.40790786831441617,0.008423677740915823,54.0,18.0,-0.2522594093141149,,101.0,0.0,0.6968874975389635,,45.0,0.0,0.09965575746236488,-0.0767490846013612,-0.02333450135895676,0.00022025107997359486
EX01__tsfresh_return_changes_20,persistence_3,CONFIRMATION,98,296,DESCRIBED,1.0,0.18518886007636864,-0.05745181380625362,0.04407103559645932,0.8043842906098196,0.181,-0.16085369720358925,0.04393680201690954,204.0,19.0,-0.02055383556931545,-0.04511761039444097,-0.015211640211640232,56.0,18.0,-0.06462912040483569,,103.0,0.0,0.06916052292134886,0.4592592592592592,45.0,1.0,-0.02552718636110285,-0.1813008961531113,-0.020069601765493994,0.9999998502425812
EX01__tsfresh_return_cid_20,return_1,OPPORTUNITY_ENTRY,100,302,DESCRIBED,-1.0,0.054853460106124304,-0.044678806396895636,-0.047180175103163004,0.9690122212546318,0.104,-0.09868278639748757,0.01463453070464466,158.0,26.0,-0.0020984848442287957,-0.008074148761019724,0.0044125493951231555,71.0,3.0,-0.05491158133628907,0.00416103955355133,67.0,6.0,-0.22182179569660307,-0.010898481133092894,20.0,17.0,-0.0031404815270623665,-0.06274520036899833,0.001618082024010925,0.9999998502425812
EX01__tsfresh_return_cid_20,return_3,OPPORTUNITY_ENTRY,98,296,DESCRIBED,-1.0,0.081346790190678,-0.14123317319943968,-0.1527422646066714,0.9660178323321486,0.025,-0.24294629633489276,-0.029741957281768993,159.0,26.0,-0.007169455406352512,-0.11256855153039468,0.027412603430282942,72.0,3.0,-0.09853116998295969,0.0008047689323568263,66.0,6.0,-0.5173453502464499,-0.0407020407133507,21.0,17.0,-0.001048713053240835,-0.06004828684502628,0.0004937923426299173,0.9999998502425812
EX01__tsfresh_return_cid_20,return_5,OPPORTUNITY_ENTRY,96,290,DESCRIBED,1.0,0.18378635017478887,0.10336875279492659,0.13509373804518565,0.09837038230634532,0.869,-0.045298148647436046,0.24778416176381735,26.0,164.0,0.010822362492499307,0.06681008743348925,-0.017464123202693485,3.0,76.0,0.09237265331638264,0.010299289665043175,6.0,67.0,0.48830614116844895,0.05707551045892273,17.0,21.0,-0.002662673759068035,-0.03691714858137196,-0.022822115911594665,0.7473749777665016
EX01__tsfresh_return_cid_20,return_10,OPPORTUNITY_ENTRY,91,275,DESCRIBED,1.0,0.13459471085328642,-0.02668017549365875,-0.01726782262485214,0.6005504909228976,0.403,-0.23316080683178877,0.16236633664039915,25.0,158.0,0.003338195262531325,-0.024410936678368474,-0.015128855965485674,3.0,75.0,-0.06159506490761367,0.01458800201041989,6.0,63.0,0.40205017977762575,0.07518001470572164,16.0,20.0,-0.0008141390092997192,-0.05336353516256387,-0.026564389885302298,0.9999998502425812
EX01__tsfresh_return_cid_20,adverse_5,RISK_CONTEXT,96,290,DESCRIBED,-1.0,0.026361057296257345,-0.04391040741087509,0.06235385143371667,0.36343878226158666,0.294,-0.1798822578380845,0.11218275761082493,164.0,26.0,0.002993574899733953,-0.20184639134073484,-0.026861961905535213,76.0,3.0,0.0640702242739064,0.00698957910477515,67.0,6.0,0.3464673263723415,0.03710885787987228,21.0,17.0,-0.007417576195349662,-0.04885528412288265,-0.009706508529961688,0.9999998502425812
EX01__tsfresh_return_cid_20,range_5,RISK_CONTEXT,96,290,DESCRIBED,1.0,0.004761258817145958,0.17432746264628385,0.04527693346634569,0.15727624336232504,0.909,-0.03907725926102132,0.3451600027172027,26.0,164.0,0.0005542717553931251,0.4178933383713183,0.006081265895634753,3.0,76.0,0.05914948118405749,-0.006094877134793966,6.0,67.0,-0.008868775219556872,-0.003990699079297798,17.0,21.0,-0.0005941284648394163,-0.0767490846013612,0.02596845603310538,0.9072509223585973
EX01__tsfresh_return_cid_20,persistence_3,CONFIRMATION,98,296,DESCRIBED,-1.0,0.07364488776642947,-0.09614497147461427,-0.11474294016666897,0.9600474880536971,0.052,-0.18223780564889305,0.0015106159023052896,159.0,26.0,-0.05047572972101266,-0.10164764591690044,0.3194444444444444,72.0,3.0,-0.062737657144396,0.21717171717171707,66.0,6.0,-0.353878382788857,-0.404295051353875,21.0,17.0,-0.0032948512630974758,-0.1813008961531113,-0.003514101448075957,0.9999998502425812
EX01__tsfresh_range_autocorr_20,return_1,OPPORTUNITY_ENTRY,101,302,DESCRIBED,1.0,0.08058522725574783,-0.023347725564719504,-0.023688441757863055,0.544279800156302,0.317,-0.10084972050938927,0.05881943330472122,27.0,46.0,-0.003032751055345861,-0.09302914927212924,-0.004254901761646207,19.0,12.0,-0.09585527658764716,-0.011372281325269497,8.0,18.0,0.19706708275716026,,0.0,16.0,-0.007836337990837272,-0.057363309378597904,-0.004591028406398356,0.9999998502425812
EX01__tsfresh_range_autocorr_20,return_3,OPPORTUNITY_ENTRY,99,296,DESCRIBED,1.0,0.0908607403995339,-0.03791262399846915,-0.042799964833863134,0.49369335717379603,0.303,-0.15317367371759277,0.09231527769525179,21.0,37.0,-0.004800508639502898,-0.08976979649894642,-0.01198852588934325,18.0,7.0,-0.17143002612350583,-0.026331008218713828,3.0,18.0,0.23193487657132256,,0.0,12.0,-0.012488385753036901,-0.060821595226231207,-0.01596230691123357,0.9999998502425812
EX01__tsfresh_range_autocorr_20,return_5,OPPORTUNITY_ENTRY,97,290,DESCRIBED,1.0,0.09584236014010612,-0.08162078048009695,-0.09053541577229793,0.6702066101171926,0.196,-0.24435929441113274,0.07816834347728709,21.0,34.0,-0.02275086400335895,-0.0702253378629698,-0.025241144693180097,18.0,6.0,-0.23273521740549402,-0.05939256782440337,3.0,18.0,0.05122207772728602,,0.0,10.0,-0.012556982839174946,-0.0366107538515994,-0.025755650738201075,0.9999998502425812
EX01__tsfresh_range_autocorr_20,return_10,OPPORTUNITY_ENTRY,92,275,DESCRIBED,1.0,0.17731556765910972,-0.0354798874592974,-0.045923660598367035,0.28323214305419,0.37,-0.23932084563594147,0.1725375401275821,6.0,49.0,-0.019414329483703058,0.021641677767050678,-0.03788196020965855,6.0,12.0,-0.20352444969956518,,0.0,21.0,-0.07635347463751281,,0.0,16.0,-0.009517274436041667,-0.053460334639003904,-0.038197051800013426,0.9999998502425812
EX01__tsfresh_range_autocorr_20,adverse_5,RISK_CONTEXT,97,290,DESCRIBED,-1.0,0.048831668541685865,0.07756364507805906,0.05700596710527125,0.09445032142479176,0.792,-0.0814725624964153,0.23291473171966137,34.0,21.0,0.010244965805034577,0.1018466024193567,0.0015532700331060568,6.0,18.0,-0.12465484417505034,-0.008993532874354383,18.0,3.0,0.22902178983834615,,10.0,0.0,0.0040665425045537384,-0.048255675905108264,-0.01728657089326835,0.7324241821585622
EX01__tsfresh_range_autocorr_20,range_5,RISK_CONTEXT,97,290,DESCRIBED,1.0,0.04856143488323164,-0.2610691647608172,-0.2339033921843345,0.993845458285507,0.043,-0.4727794976461044,-0.010999982809513588,21.0,34.0,-0.015919296845145987,-0.3384590270144954,-0.008218679358010121,18.0,6.0,-0.2560513236368067,-0.009256820403443281,3.0,18.0,-0.16782618255358378,,0.0,10.0,0.032596205337728335,-0.06630137314864593,0.04500075229898559,0.9999998502425812
EX01__tsfresh_range_autocorr_20,persistence_3,CONFIRMATION,99,296,DESCRIBED,1.0,0.03156885509122909,-0.010746905988021433,-0.017861158539124636,0.4345472790656237,0.432,-0.13100402015229487,0.10519493271508519,21.0,37.0,0.07421707421707413,-0.0683456629103529,-0.02910052910052907,18.0,7.0,-0.12592836795846746,-0.2777777777777778,3.0,18.0,0.2253455920999257,,0.0,12.0,-0.006141416690800705,-0.17471299137101792,-0.016404527683772985,0.9999998502425812
EX01__tsfresh_range_changes_20,return_1,OPPORTUNITY_ENTRY,101,302,DESCRIBED,1.0,0.006907638011370115,0.013579336530151078,0.052349053523204514,0.30479692288111226,0.574,-0.06603072530664873,0.09809556014014939,142.0,9.0,0.0007032708909285681,-0.01863087951015694,0.0008201874252902071,45.0,9.0,-0.018998793745663215,,64.0,0.0,0.1250919528674949,,33.0,0.0,0.0003866276473037944,-0.057363309378597904,-0.0266789246932857,0.9999998502425812
EX01__tsfresh_range_changes_20,return_3,OPPORTUNITY_ENTRY,99,296,DESCRIBED,1.0,0.07562245668428401,-0.03461592101326808,0.04491132118250762,0.7566486859091237,0.351,-0.1580663536748624,0.1057485343416325,141.0,9.0,-0.009046260496161283,-0.024876765171771592,-0.004752562913946365,44.0,9.0,-0.013197251777730297,,64.0,0.0,0.05660313554285158,,33.0,0.0,-0.007536324931551208,-0.060821595226231207,-0.04087481877792287,0.9999998502425812
EX01__tsfresh_range_changes_20,return_5,OPPORTUNITY_ENTRY,97,290,DESCRIBED,1.0,0.1464625378665709,-0.05750201387530886,0.06391260546375761,0.7913132194838365,0.267,-0.20851568464733836,0.09296983658665797,141.0,9.0,-0.009273112377814632,0.02628973768860152,-0.0016159277825276187,44.0,9.0,-0.07582217947498932,,64.0,0.0,-0.012724861243097303,,33.0,0.0,-0.010152646658744935,-0.0366107538515994,-0.04970923865214871,0.9999998502425812
EX01__tsfresh_range_changes_20,return_10,OPPORTUNITY_ENTRY,92,275,DESCRIBED,1.0,0.2714872499049405,-0.10289827538837644,0.14081936470384582,0.7767281547971483,0.163,-0.29499161822232917,0.07744940322486236,140.0,9.0,-0.01929360418309081,0.07143533356470437,-0.008211813557096444,44.0,9.0,-0.2026004584445303,,64.0,0.0,0.13097301212396395,,32.0,0.0,-0.023764130644613912,-0.053460334639003904,-0.05833993115482783,0.9999998502425812
EX01__tsfresh_range_changes_20,adverse_5,RISK_CONTEXT,97,290,DESCRIBED,-1.0,0.038945623576956086,-0.287097807563251,-0.08272245641528396,0.9999195122623183,0.004,-0.42173307864395415,-0.1095442312045505,9.0,141.0,-0.026764575243961197,-0.27751506976960333,-0.017441081319996034,9.0,44.0,-0.20900897667609242,,0.0,64.0,-0.22596674649584372,,0.0,33.0,0.036110279108743426,-0.048255675905108264,-0.08626720578036595,0.9999998502425812
EX01__tsfresh_range_changes_20,range_5,RISK_CONTEXT,97,290,DESCRIBED,1.0,0.3085025247212287,0.4525288366796492,0.08773329954720853,9.32479519764631e-06,0.989,0.15069855384476058,0.6509477280466378,141.0,9.0,0.014871760829420263,0.46223801056409075,0.009579386828695868,44.0,9.0,0.2480335241959417,,64.0,0.0,0.6239535251121897,,33.0,0.0,0.14463566203504064,-0.06630137314864593,-0.0330636731867322,0.00038728982720891
EX01__tsfresh_range_changes_20,persistence_3,CONFIRMATION,99,296,DESCRIBED,1.0,0.00990281458048991,-0.05266155803071187,-0.018817122206952714,0.7879571188820131,0.23,-0.15723068876639631,0.06833355547904771,141.0,9.0,-0.011820330969267268,-0.022560885659849737,0.02777777777777768,44.0,9.0,-0.07593014224379112,,64.0,0.0,0.08226853844543558,,33.0,0.0,-0.0018744864085384894,-0.17471299137101792,-0.021079699985911082,0.9999998502425812
EX01__tsfresh_range_cid_20,return_1,OPPORTUNITY_ENTRY,101,302,DESCRIBED,-1.0,0.0702470675001138,-0.0035210907409717303,0.0057428835884842586,0.3896779815185058,0.487,-0.09078080256747346,0.07964112177503432,10.0,41.0,-0.009695971092901809,-0.057778924886300834,-0.009801440023520045,9.0,13.0,-0.08697791089116828,-0.024007566433811252,1.0,16.0,0.22776714733401437,,0.0,12.0,-0.005500106312286146,-0.057363309378597904,-0.004263240131217483,0.9999998502425812
EX01__tsfresh_range_cid_20,return_3,OPPORTUNITY_ENTRY,99,296,DESCRIBED,-1.0,0.10270999023655453,-0.010582053675513087,-0.019614838258906052,0.4031697070608785,0.417,-0.13785569493937946,0.11605217676508055,10.0,30.0,-0.0214708491039736,-0.06181030321216784,-0.02155581795554179,9.0,6.0,-0.100722430101861,-0.06259208484507846,1.0,15.0,0.19740528362440396,,0.0,9.0,-0.010723545221566377,-0.060821595226231207,-0.005909422728930025,0.9999998502425812
EX01__tsfresh_range_cid_20,return_5,OPPORTUNITY_ENTRY,97,290,DESCRIBED,-1.0,0.12251016646021798,-0.04706620437984691,-0.04909558562137972,0.5129831481400154,0.301,-0.19910906640274081,0.10160312542221989,10.0,28.0,-0.04063080917072245,-0.06814422076031032,-0.04587700868953413,9.0,5.0,-0.14677834951367397,-0.06965126730111401,1.0,15.0,0.03803044642796372,,0.0,8.0,-0.010983883188303567,-0.0366107538515994,-0.012549584434385919,0.9999998502425812
EX01__tsfresh_range_cid_20,return_10,OPPORTUNITY_ENTRY,92,275,DESCRIBED,-1.0,0.15573776812651347,-0.025905683052276217,-0.032359712645336255,0.24015383009964142,0.396,-0.2211331852772139,0.15920423083173793,9.0,47.0,-0.03464423810949484,-0.030796505214988126,-0.06233911853142737,8.0,11.0,-0.13913322459655741,-0.10257690692376287,1.0,21.0,-0.052170466468248904,,0.0,15.0,-0.007624975961172176,-0.053460334639003904,-0.02493160449471654,0.9999998502425812
EX01__tsfresh_range_cid_20,adverse_5,RISK_CONTEXT,97,290,DESCRIBED,1.0,0.06549915885480978,0.0927124837786345,0.0801929253330742,0.07081785496882488,0.814,-0.07879355238654887,0.24756168559421568,28.0,10.0,-0.00030206699841625606,0.07498926585250318,-0.01380309107829863,5.0,9.0,-0.05664827372603468,-0.021138617943655045,15.0,1.0,0.21885213179233862,,8.0,0.0,0.010976416128225419,-0.048255675905108264,0.0003371258807887134,0.6440806371617211
EX01__tsfresh_range_cid_20,range_5,RISK_CONTEXT,97,290,DESCRIBED,-1.0,0.04864033242162844,-0.22733907961359598,-0.18724262168847797,0.9808074184959726,0.083,-0.4564609780603695,0.03495170829954459,10.0,28.0,-0.014324109235160644,-0.31629899872995465,-0.006351881437269115,9.0,5.0,-0.2233312295647824,-0.0036557287524811924,1.0,15.0,-0.12653206831781616,,0.0,8.0,0.028819021646727228,-0.06630137314864593,0.03188253127459695,0.9999998502425812
EX01__tsfresh_range_cid_20,persistence_3,CONFIRMATION,99,296,DESCRIBED,-1.0,0.032944784318655274,0.0043829837087676045,0.010372159524701897,0.3393484234092095,0.51,-0.1185853412068446,0.11956059992717052,10.0,30.0,-0.2777777777777776,-0.06351742471738098,-0.49999999999999983,9.0,6.0,-0.09384083439014453,-0.6666666666666666,1.0,15.0,0.2462053304360229,,0.0,9.0,-0.005209750986138184,-0.17471299137101792,-0.009832863325555552,0.9999998502425812
EX01__etf_return_1,return_1,OPPORTUNITY_ENTRY,119,302,DESCRIBED,-1.0,0.08796984583972398,0.08319726888907618,0.09150905849864212,0.08873648180190263,0.973,0.013461280500935504,0.1630946793969973,81.0,105.0,0.0034200730530544073,0.07243700361211197,0.0034695401275300713,23.0,39.0,0.08390282910402784,0.0049043079448402955,35.0,46.0,0.08465013687035718,0.0029466167901042208,23.0,20.0,0.005596666405444983,-0.03996091542732971,0.015549889589381527,0.7094454175211733
EX01__etf_return_1,return_3,OPPORTUNITY_ENTRY,117,296,DESCRIBED,-1.0,0.17840530388004242,0.06613588301777022,0.09911298046891268,0.1523106619253069,0.86,-0.03468589394609623,0.19884776280059235,76.0,105.0,0.003801956867354373,0.185122553728523,0.0004471160936271182,22.0,39.0,0.07915944449373408,0.011384003089781138,33.0,46.0,-0.011966618444127665,-0.001104308677168474,21.0,20.0,-0.01146950462439289,-0.04964248808454941,0.014155350415636758,0.9037099274234875
EX01__etf_return_1,return_5,OPPORTUNITY_ENTRY,115,290,DESCRIBED,-1.0,0.1298456877232487,-0.020375314901176347,-0.012154886420807006,0.74703575398613,0.411,-0.1098383025789436,0.08420025888376012,76.0,103.0,-0.0066544268837740745,0.03492840311284623,-0.005987886212534084,22.0,39.0,-0.015435231853841257,-2.73373566064411e-05,33.0,45.0,-0.012975096456735094,-0.009786493421102571,21.0,19.0,-0.015036611994838633,-0.03672562128273138,-0.00427586711735195,0.9999998502425812
EX01__etf_return_1,return_10,OPPORTUNITY_ENTRY,110,275,DESCRIBED,-1.0,0.1162478246942796,-0.031177244026286542,-0.014408124404950809,0.7873134766142362,0.351,-0.12616076333005777,0.08917214829913273,74.0,96.0,-0.012334824907438932,0.027964119058379346,-0.009586905236558804,21.0,36.0,0.04899910437014528,0.0073603456307174756,32.0,43.0,-0.20988733580670352,-0.036611693977944254,21.0,17.0,-0.015046543740759644,-0.0657609933872203,-0.0024457654438381216,0.9999998502425812
EX01__etf_return_1,adverse_5,RISK_CONTEXT,115,290,DESCRIBED,1.0,0.15365001450066393,0.045027908883921226,0.04688341449793777,0.6704661966441092,0.748,-0.06660517414298422,0.1827330144482876,103.0,76.0,-0.0054162728686351705,0.09867106975712647,-0.005708942860225472,39.0,22.0,0.06710333655133764,0.0029687542605839057,45.0,33.0,-0.09304997744687167,-0.012487116955479799,19.0,21.0,-0.008176385780892304,-0.06597410566224982,0.0005290318142369133,0.9999998502425812
EX01__etf_return_1,range_5,RISK_CONTEXT,115,290,DESCRIBED,-1.0,0.05670557650472147,0.024035275633357375,0.03571578816591776,0.29353554347722566,0.625,-0.08276563739215337,0.12050217722802449,76.0,103.0,0.0020809061055927884,0.05356550170348037,0.0010574551231245233,22.0,39.0,-0.037659495380463794,-0.0014362545708651447,33.0,45.0,0.23240869200956693,0.006971320423010234,21.0,19.0,-0.034630895988660315,-0.017567146568566283,0.0004833323857759142,0.9999998502425812
EX01__etf_return_1,persistence_3,CONFIRMATION,117,296,DESCRIBED,-1.0,0.16165767966365596,0.07731560376154607,0.07745341643646728,0.1353719708828378,0.932,-0.009311595823736639,0.1782371647049171,76.0,105.0,0.0722222222222223,0.17474855170849954,0.14063714063714067,22.0,39.0,0.04256460604629179,0.055335968379446654,33.0,46.0,0.03512175305438394,0.04206349206349219,21.0,20.0,-0.006956182650018405,-0.1215014535958916,0.005146520600304294,0.8376140075612772
EX01__etf_return_5,return_1,OPPORTUNITY_ENTRY,115,302,DESCRIBED,-1.0,0.27122923935233,-0.02891289477917884,-0.010661247418882833,0.8545781959851313,0.317,-0.11495113530731427,0.07127930186475341,82.0,132.0,-0.0032470450630841417,0.0990795536300169,0.001120820568731589,22.0,64.0,-0.05623334337884518,-0.0040671102760165495,31.0,55.0,-0.08332189577311408,-0.003152930086740587,29.0,13.0,-0.047559201137788554,-0.047414892592220204,-0.0026010486869305627,0.9999998502425812
EX01__etf_return_5,return_3,OPPORTUNITY_ENTRY,113,296,DESCRIBED,-1.0,0.26798468778267515,-0.044250584353295236,0.029282749621732673,0.8249153044045836,0.337,-0.16120737259891185,0.09705077743629147,80.0,138.0,-0.007573679260220505,0.11988278155465411,-0.007705325272633623,22.0,66.0,-9.258689163229947e-05,-0.0009361877353217017,29.0,57.0,-0.11263627027255886,-0.0016063248788256747,29.0,15.0,-0.037109141213731434,-0.043906910364716056,-0.0015926027280968036,0.9999998502425812
EX01__etf_return_5,return_5,OPPORTUNITY_ENTRY,111,290,DESCRIBED,-1.0,0.12694533536819963,-0.03797764778078566,-0.003002618834698514,0.8615428644979695,0.356,-0.17319050054991797,0.13045003881745112,80.0,132.0,-0.01420112633278088,0.11692102526538452,-0.009049800197395704,22.0,64.0,0.07837361313209314,-0.002056011999958484,29.0,55.0,-0.21765714718941456,-0.022087183542600426,29.0,13.0,-0.021573826845440403,-0.03422897769644462,-0.0005186205556921841,0.9999998502425812
EX01__etf_return_5,return_10,OPPORTUNITY_ENTRY,106,275,DESCRIBED,-1.0,0.35185054568160934,-0.06384389281369407,0.0047748189607916686,0.815484032571028,0.29,-0.20953906449363086,0.11465269747744933,77.0,120.0,-0.019239244027996396,0.22379517058162565,0.005931814013308466,22.0,61.0,-0.015970444363558222,-0.0040246774879394605,29.0,48.0,-0.31699688693674405,-0.04458488153561733,26.0,11.0,-0.0530314498774942,-0.06462764104869723,-0.0014486101376876004,0.9999998502425812
EX01__etf_return_5,adverse_5,RISK_CONTEXT,111,290,DESCRIBED,1.0,0.05608732706563571,-0.01791315309827556,0.020844152888775176,0.8860698530655216,0.417,-0.15311218508266755,0.13883867261614433,132.0,80.0,-0.01221081866054086,0.24684708990746243,-0.005207231092764875,64.0,22.0,0.07102544360201817,-0.0008806316673148351,55.0,29.0,-0.36928659160588956,-0.023630431945494218,13.0,29.0,-0.058918143025103564,-0.04351841768949849,-0.0019408672641807456,0.9999998502425812
EX01__etf_return_5,range_5,RISK_CONTEXT,111,290,DESCRIBED,-1.0,0.19759608107295937,-0.06383272538642386,-0.029124541642423896,0.4850670311835356,0.331,-0.2832329168825715,0.1558450048655116,80.0,132.0,0.0005225960598715558,-0.26742737115956156,-0.003949573594421819,22.0,64.0,-0.22121441030878222,-0.0037783207090168955,29.0,55.0,0.46974610763623975,0.008467160222527921,29.0,13.0,-0.19547692195015243,-0.008535501784121768,-0.009058150834761358,0.9999998502425812
EX01__etf_return_5,persistence_3,CONFIRMATION,113,296,DESCRIBED,-1.0,0.345328643620345,-0.015440840359311923,-0.009360207665292409,0.672295903176265,0.433,-0.10879418275380859,0.09448377890005687,80.0,138.0,-0.048309178743961234,0.10785351731925365,0.0,22.0,66.0,-0.00774733911614461,-0.05585803589433347,29.0,57.0,-0.04141210434086509,0.03678160919540219,29.0,15.0,-0.1309159736430292,-0.1284553290131787,-0.007459062170207975,0.9999998502425812
EX01__theme_return_1,return_1,OPPORTUNITY_ENTRY,119,302,DESCRIBED,-1.0,0.025135845380584537,0.08581492027370294,0.0945553159087003,0.08939240012104671,0.975,0.013361054556027261,0.16210247457355334,76.0,99.0,0.0028753833364132133,0.09037101980653092,0.004863859708259502,21.0,37.0,0.08348342368094694,0.003287008582124139,32.0,43.0,0.09165106480346084,0.0023899475884000283,23.0,19.0,0.0061710679204295404,-0.03996091542732971,0.013901709245875193,0.7094454175211733
EX01__theme_return_1,return_3,OPPORTUNITY_ENTRY,117,296,DESCRIBED,-1.0,0.1542294521874298,0.06037433038233482,0.09271875882045372,0.19243736222993074,0.829,-0.05018731131301513,0.1902304246515139,71.0,99.0,0.002284690983346892,0.18105862475501522,0.0002855069011636958,20.0,37.0,0.0756109736692306,0.008434048635122893,30.0,43.0,-0.01961787571579597,-0.0006144427498940772,21.0,19.0,-0.013019131938321715,-0.04964248808454941,0.010916049447437404,0.9999998502425812
EX01__theme_return_1,return_5,OPPORTUNITY_ENTRY,115,290,DESCRIBED,-1.0,0.10308631625132814,-0.02240574538470099,-0.010423921560426935,0.7333060030265726,0.389,-0.10445565828125492,0.08400895514320798,70.0,97.0,-0.006373177137497615,0.0334932602580007,-0.0012561344343750749,19.0,37.0,-0.019233442842734504,-0.0010261656950640886,30.0,42.0,-0.013413843800248147,-0.009285041324240496,21.0,18.0,-0.014545713735740096,-0.03672562128273138,-0.00442099830055942,0.9999998502425812
EX01__theme_return_1,return_10,OPPORTUNITY_ENTRY,110,275,DESCRIBED,-1.0,0.09437722035739579,-0.03423796142334333,-0.01337064712501082,0.7902650821841695,0.312,-0.13707270403771246,0.08063278074995306,68.0,89.0,-0.01299271491216643,0.021497154218090644,-0.009258396222764434,18.0,34.0,0.04581667960966061,0.00959307054117407,29.0,39.0,-0.20490853865649292,-0.038262314722141345,21.0,16.0,-0.01476126899455843,-0.0657609933872203,-0.003085024752629728,0.9999998502425812
EX01__theme_return_1,adverse_5,RISK_CONTEXT,115,290,DESCRIBED,1.0,0.09918452449991703,0.05006117161814137,0.04645780773152824,0.6580549876374854,0.776,-0.054548061459000256,0.19414513420101656,97.0,70.0,-0.005506463473985951,0.11102150472169701,-0.0025983316723335453,37.0,19.0,0.05943318427163662,0.001903730879987086,42.0,30.0,-0.09096069655329563,-0.012258676262137051,18.0,21.0,-0.008893232189954414,-0.06597410566224982,0.00086549721790663,0.9999998502425812
EX01__theme_return_1,range_5,RISK_CONTEXT,115,290,DESCRIBED,-1.0,0.08207212183381994,0.0044401753938375895,0.028651699905407054,0.3808840706120495,0.521,-0.10171968180014544,0.10783059295431371,70.0,97.0,0.0016301185823288586,0.020806538121225165,-0.00011517733895895915,19.0,37.0,-0.03583512648833115,-0.0021895417998692573,30.0,42.0,0.23328961521721892,0.0068054416625566196,21.0,18.0,-0.04023862568954972,-0.017567146568566283,-0.0003258525078173591,0.9999998502425812
EX01__theme_return_1,persistence_3,CONFIRMATION,117,296,DESCRIBED,-1.0,0.10590948565705585,0.08229091103547383,0.08509140882022237,0.12803803440359152,0.928,-0.01049291626559773,0.18211591349407372,71.0,99.0,0.06302461232038703,0.19434580168617616,0.1468468468468469,20.0,37.0,0.040828960432821096,0.03514211886304919,30.0,43.0,0.040135318465335926,0.035923141186299135,21.0,19.0,-0.006058079074367395,-0.1215014535958916,0.001535109121105771,0.8357281821477661
EX01__range_median_20,return_1,OPPORTUNITY_ENTRY,101,302,DESCRIBED,1.0,0.04406275842982056,0.013967495764788158,0.06264062854328381,0.26544179101092147,0.624,-0.0518837773514781,0.07364141936892203,246.0,10.0,0.0016532318662487312,0.031120936461208715,0.0028934096685616674,71.0,10.0,-0.09973243344773589,,115.0,0.0,0.04348454826340166,,60.0,0.0,-0.0033414720819315846,-0.057363309378597904,-6.6909081727351e-05,0.9999998502425812
EX01__range_median_20,return_3,OPPORTUNITY_ENTRY,99,296,DESCRIBED,1.0,0.11797910598167988,-0.05163203266367474,0.10461879444930292,0.6357939921390602,0.166,-0.15423417131387074,0.037944956662515156,234.0,10.0,0.0037824175969275765,0.058742418522280834,0.00782029322032194,65.0,10.0,-0.20090799213797542,,112.0,0.0,-0.014346018475360297,,57.0,0.0,0.0027059435695577783,-0.060821595226231207,0.007627449215316551,0.9999998502425812
EX01__range_median_20,return_5,OPPORTUNITY_ENTRY,97,290,DESCRIBED,1.0,0.1642968071952155,-0.09465096378611941,0.1091307412323161,0.7395603733889278,0.08,-0.2050871867781097,0.014068593943119854,232.0,10.0,0.003256287182556537,0.09576000562471056,0.008972716410240354,65.0,10.0,-0.3285950357554388,,110.0,0.0,-0.08806799614300666,,57.0,0.0,0.004648090215365608,-0.0366107538515994,0.009284712055931843,0.9999998502425812
EX01__range_median_20,return_10,OPPORTUNITY_ENTRY,92,275,DESCRIBED,1.0,0.29637068080067847,-0.1556823975007922,0.14773145610340152,0.8787162191388262,0.031,-0.29177307325502644,-0.027184914600087286,219.0,10.0,-0.018024206026703203,0.05457822870137276,-0.00896905901245532,61.0,10.0,-0.38347407411077883,,105.0,0.0,-0.0725237724293895,,53.0,0.0,0.004020719856543842,-0.053460334639003904,-0.00215052249114267,0.9999998502425812
EX01__range_median_20,adverse_5,RISK_CONTEXT,97,290,DESCRIBED,-1.0,0.07697776877979051,-0.3187451551816793,-0.02064143613991884,0.9998699028505956,0.0,-0.43312393501642216,-0.1695741071396599,10.0,232.0,-0.01826448732967971,-0.2559094325828741,-0.01140656406116508,10.0,65.0,-0.16748522345766323,,0.0,110.0,-0.2646696486862203,,0.0,57.0,0.18831857402013252,-0.048255675905108264,0.1652936038127254,0.9999998502425812
EX01__range_median_20,range_5,RISK_CONTEXT,97,290,DESCRIBED,1.0,0.546738992669955,0.5339839712196075,0.25793615160457445,2.2832486241722985e-13,0.997,0.2996168163630974,0.6917588853518926,232.0,10.0,0.016650059321500797,0.6448376275344345,0.013388659602830932,65.0,10.0,-0.26839322610524574,,110.0,0.0,0.349652645625275,,57.0,0.0,0.5231551261487984,-0.06630137314864593,0.37299715874785433,7.11231946429671e-11
EX01__range_median_20,persistence_3,CONFIRMATION,99,296,DESCRIBED,1.0,0.07438377850035248,-0.0813532003148127,0.0011391977493672408,0.7815819501211542,0.085,-0.18159849194100494,0.012374640095295176,234.0,10.0,0.019373219373219452,0.00420092737420763,0.07179487179487176,65.0,10.0,-0.15583887590369377,,112.0,0.0,-0.11551622225780234,,57.0,0.0,0.005158954689923001,-0.17471299137101792,0.008987408806195973,0.9999998502425812
EX01__amount_ratio_20,return_1,OPPORTUNITY_ENTRY,100,302,DESCRIBED,-1.0,0.14193130274915786,-0.08394942198703728,-0.07593707160643678,0.9807519115012976,0.02,-0.14876746027409732,-0.017931338334078683,65.0,94.0,-0.006151175095943774,0.017217612083421707,0.0007317031700589166,23.0,48.0,-0.11919552385023545,-0.008359137868737782,17.0,41.0,-0.09460726410752542,-0.013912292526456458,25.0,5.0,-0.030387205572477205,-0.06274520036899833,-0.013202846166990634,0.9999998502425812
EX01__amount_ratio_20,return_3,OPPORTUNITY_ENTRY,98,296,DESCRIBED,-1.0,0.16852729094052762,-0.0006540108685590929,0.024558919474173713,0.7177381931173783,0.521,-0.09971613033863436,0.11260773434385227,72.0,94.0,-0.003004815135532756,0.21066644760153172,0.008183553799375543,27.0,48.0,-0.05471413169082519,-0.003087724982100795,20.0,41.0,-0.0010293798770163514,-5.6981070478015136e-05,25.0,5.0,-0.014015700062998349,-0.06004828684502628,-0.00913374631183217,0.9999998502425812
EX01__amount_ratio_20,return_5,OPPORTUNITY_ENTRY,96,290,DESCRIBED,-1.0,0.14696396780408624,0.018927617452158506,0.0383186318587576,0.57943761874486,0.62,-0.08209740040832884,0.1382683116329197,71.0,94.0,0.00017993006608848106,0.1346311908175637,0.008044935493692052,27.0,48.0,0.07920523921054154,0.016251075439957963,19.0,41.0,-0.032961651207594096,0.003795320947765468,25.0,5.0,-0.01974562684414627,-0.03691714858137196,-0.005510465753764127,0.9999998502425812
EX01__amount_ratio_20,return_10,OPPORTUNITY_ENTRY,91,275,DESCRIBED,-1.0,0.10669947525282125,0.059810683691608864,0.11383514612965581,0.32925751317754326,0.762,-0.09341428209099979,0.2191724564541195,76.0,96.0,0.007849918629710524,0.2664326598974978,0.023550251241819385,27.0,49.0,0.22736295263225237,0.04005556099538918,25.0,41.0,-0.22903319334977382,-0.04607373607395463,24.0,6.0,-0.002569605364040939,-0.05336353516256387,0.00674189487892396,0.9999998502425812
EX01__amount_ratio_20,adverse_5,RISK_CONTEXT,96,290,DESCRIBED,1.0,0.05311566448265186,0.14177423752247226,0.17202656475065717,0.2575849215167487,0.98,0.024738708211377282,0.2482268936583322,94.0,71.0,0.007382461533801881,0.44332112662118456,0.017813333376556294,48.0,27.0,0.1044772359449439,0.01649871327719264,41.0,19.0,-0.017528205174879474,-0.00505458850265416,5.0,25.0,-0.04130175895491939,-0.04885528412288265,-0.06629285902621418,0.9999998502425812
EX01__amount_ratio_20,range_5,RISK_CONTEXT,96,290,DESCRIBED,-1.0,0.0868421052631579,-0.2530310664455654,-0.2647763657856443,0.9639045739492769,0.011,-0.4096318980751763,-0.07694198999133105,71.0,94.0,-0.006136563264700121,-0.4214432628704249,-0.009881111940335592,27.0,48.0,-0.39217173423989016,-0.008061505570286662,19.0,41.0,-0.14145785265913277,0.0010659685019769952,25.0,5.0,-0.1112100963332423,-0.0767490846013612,-0.06877206250427514,0.9999998502425812
EX01__amount_ratio_20,persistence_3,CONFIRMATION,98,296,DESCRIBED,-1.0,0.16068278535658997,-0.004014848709201304,0.0010374010374010372,0.5078514756521446,0.501,-0.11093602872298729,0.10642230881078334,72.0,94.0,0.0007880220646178104,0.16985924848879294,0.16126543209876537,27.0,48.0,-0.0727265644436217,-0.060975609756097615,20.0,41.0,-0.034162951594808,-0.013333333333333308,25.0,5.0,-0.1281771471079276,-0.1813008961531113,-0.05870722987508281,0.9999998502425812
EX02__market_return_5,return_1,OPPORTUNITY_ENTRY,115,302,DESCRIBED,-1.0,0.12171439396752079,0.07742938482153092,0.12375573215502891,0.10964022350424918,0.95,0.00038843872132552975,0.16134861697196817,79.0,72.0,0.0011042491308080916,0.12192406531158906,0.0015884829751791991,24.0,34.0,0.05677256714624752,0.0023985157791988256,28.0,32.0,0.15418375367898182,-0.0002657768034811966,27.0,6.0,-0.0056960514722819156,-0.047414892592220204,0.009577426760813523,0.7905292902327962
EX02__market_return_5,return_3,OPPORTUNITY_ENTRY,113,296,DESCRIBED,-1.0,0.02476898636876517,-0.01601701694247838,0.06059125381159279,0.3913059146116409,0.445,-0.10054400115907319,0.08192066882414525,77.0,82.0,-0.001703064150460962,0.0717159766443118,0.0014607583102684198,24.0,41.0,-0.04877406193137876,-0.006335251614891627,26.0,35.0,0.21760380397926932,0.019751954755484115,27.0,6.0,-0.006911281630894717,-0.043906910364716056,-0.007790229088006306,0.9999998502425812
EX02__market_return_5,return_5,OPPORTUNITY_ENTRY,111,290,DESCRIBED,1.0,0.025570656050327864,0.04893159685830844,-0.023437647993682323,0.2460778279512189,0.768,-0.07326525617403493,0.15785018359819164,78.0,77.0,0.011979284605193949,-0.07223031450190343,0.0018479191589363762,39.0,24.0,0.07877225315488022,0.014272609179773077,34.0,26.0,-0.16519367044808397,0.011746304495285863,5.0,27.0,-0.004240784989781643,-0.03422897769644462,-0.005639274710713238,0.9999998502425812
EX02__market_return_5,return_10,OPPORTUNITY_ENTRY,106,275,DESCRIBED,-1.0,0.26520288996489705,-0.07670795540576314,0.0350561149418655,0.878782111864802,0.224,-0.20181682108628854,0.08151175383852158,73.0,73.0,-0.02167205872508016,0.10034706316788125,-0.00607700363620791,24.0,38.0,-0.12404471049605983,-0.017139580027833303,26.0,30.0,0.05422215230812117,-0.02918070231591686,23.0,5.0,-0.008240803273557029,-0.06462764104869723,-0.0173932264504304,0.9999998502425812
EX02__market_return_5,adverse_5,RISK_CONTEXT,111,290,DESCRIBED,-1.0,0.18535071634195027,0.08978777090032283,-0.01312763159675112,0.07758529066190456,0.929,-0.013687947313339015,0.17409062370897305,77.0,78.0,0.007899167807477975,-0.06514308962703728,0.005266959184875308,24.0,39.0,0.06677195766741338,-0.00017346103974837102,26.0,34.0,0.017708120900009002,0.01612093267995143,27.0,5.0,0.0023829513205588793,-0.04351841768949849,-0.0006761385738711656,0.700516464961834
EX02__market_return_5,range_5,RISK_CONTEXT,111,290,DESCRIBED,-1.0,0.2142857142857143,0.11532818521223845,0.016954156246886364,0.08215164949702647,0.872,-0.04131908317756239,0.2538994461318162,77.0,78.0,0.0017396270300741173,0.05471228914676859,0.0017789552403121092,24.0,39.0,-0.015815058185254444,-0.00240670650181405,26.0,34.0,0.16122089202008194,0.005164877287523857,27.0,5.0,-0.02734027523570637,-0.008535501784121768,0.012983352745412846,0.7094454175211733
EX02__market_return_5,persistence_3,CONFIRMATION,113,296,DESCRIBED,-1.0,0.11010223603291233,0.02261439645646575,0.06329719550058532,0.3155848242348027,0.719,-0.04955053640224604,0.10788111867041521,77.0,82.0,0.016365748073065012,0.13322088311173594,0.06402439024390238,24.0,41.0,-0.08909476151297718,-0.05457875457875472,26.0,35.0,0.2804013001835192,0.24691358024691362,27.0,6.0,-0.02201064422001453,-0.1284553290131787,-0.0641987365902994,0.9999998502425812
EX02__small_vs_large_5,return_1,OPPORTUNITY_ENTRY,115,302,DESCRIBED,-1.0,0.1459633701198882,0.0021857712567240413,0.017803309450216326,0.5474980737229521,0.551,-0.059233486939368606,0.07272291178912443,70.0,97.0,-0.0004498269644221144,0.11175213340182957,0.0010138913036159276,17.0,30.0,-0.026595183499308863,-0.000682143386108545,32.0,49.0,-0.05247229249436188,0.00036929710283237346,21.0,18.0,-0.01951378978510321,-0.047414892592220204,-0.00862647474572853,0.9999998502425812
EX02__small_vs_large_5,return_3,OPPORTUNITY_ENTRY,113,296,DESCRIBED,-1.0,0.08412139964193786,-0.06569198870005623,-0.01620835010665519,0.8232360092096567,0.142,-0.14585174898034414,0.03422366816182472,70.0,95.0,-0.005899435969121427,0.02173545086968773,0.00134966363858449,17.0,29.0,-0.08600160392470639,-0.007695180636635386,32.0,48.0,-0.03561740291835515,-0.0024489317026136336,21.0,18.0,-0.014916763154320334,-0.043906910364716056,-0.019234887499425257,0.9999998502425812
EX02__small_vs_large_5,return_5,OPPORTUNITY_ENTRY,111,290,DESCRIBED,1.0,0.13153004925818954,0.14344736057262505,0.11104080535624886,0.04596799134430347,0.972,0.01825002107090504,0.2408549147271549,89.0,70.0,0.015956936357286712,0.10307155492188394,0.00443799672667301,27.0,17.0,0.17450272380932344,0.019549162182334233,46.0,32.0,0.04326983986191107,0.004626877583763227,16.0,21.0,0.022746897307219016,-0.03422897769644462,-0.021514509935740556,0.4937596311638114
EX02__small_vs_large_5,return_10,OPPORTUNITY_ENTRY,106,275,DESCRIBED,1.0,0.017971402950431016,0.11519694104512707,0.07891693834569112,0.10171732291601121,0.847,-0.06442828499702456,0.27219356678289125,79.0,77.0,0.02013759896975765,0.04698882904675973,0.012359350040230522,25.0,22.0,0.18325528980259043,0.03003214842717523,40.0,33.0,-0.10042990312222336,-0.013027329416880661,14.0,22.0,0.006667162496431622,-0.06462764104869723,-0.037636251221125905,0.7681199051718179
EX02__small_vs_large_5,adverse_5,RISK_CONTEXT,111,290,DESCRIBED,-1.0,0.12669553749198015,0.11073310595685489,0.03815281743068822,0.10883933562406084,0.916,-0.022954017058189256,0.22480886699563873,70.0,89.0,0.009190754039430066,0.07957492262667341,0.0039337238853598445,17.0,27.0,0.018254290388476906,0.003127951016267512,32.0,46.0,0.2584771104447255,0.01650130430602266,21.0,16.0,6.163470329167975e-05,-0.04351841768949849,-0.013293859398415764,0.7905292902327962
EX02__small_vs_large_5,range_5,RISK_CONTEXT,111,290,DESCRIBED,1.0,0.0025798525798525797,-0.058621729594215785,-0.05511853640475449,0.6418314685868305,0.342,-0.265225574612672,0.1549215486497698,89.0,70.0,-0.0012975282219947967,-0.18731501910579593,-0.000739605977190208,27.0,17.0,0.2247606724410544,0.003915965240796949,46.0,32.0,-0.38482998091167553,-0.010214618418735204,16.0,21.0,-0.07863392589131246,-0.008535501784121768,-0.10323640003914547,0.9999998502425812
EX02__small_vs_large_5,persistence_3,CONFIRMATION,113,296,DESCRIBED,-1.0,0.13509145035670114,-0.028046965769372937,-0.011703845602150688,0.6787229319151001,0.304,-0.10303490853354016,0.05879767734592309,70.0,95.0,-0.00802005012531315,-0.0005023864827947017,0.01690331304935766,17.0,29.0,-0.009819478082681531,-0.01388888888888895,32.0,48.0,0.007524627917222957,0.03439153439153447,21.0,18.0,-0.02936480276376563,-0.1284553290131787,-0.005598778713759467,0.9999998502425812
EX02__growth_vs_large_5,return_1,OPPORTUNITY_ENTRY,115,302,DESCRIBED,-1.0,0.18325218782506625,0.023423797888055743,0.04117218172720443,0.41720999350618404,0.658,-0.06103500380277595,0.12251034271247478,70.0,113.0,0.0012787734681903513,0.06910924859795234,0.004939639739242757,20.0,55.0,0.07826049306179486,0.007855051409306372,18.0,44.0,-0.029416408525657453,-0.0027897747551748303,32.0,14.0,-0.022001171955649657,-0.047414892592220204,-0.00420883602602018,0.9999998502425812
EX02__growth_vs_large_5,return_3,OPPORTUNITY_ENTRY,113,296,DESCRIBED,-1.0,0.15622426828895777,0.0007615215594099596,0.06296635618669516,0.47013657930417657,0.52,-0.1306303899207632,0.15360560419673777,70.0,114.0,0.0023735509377890776,-0.12243087827866422,-0.00336226862598666,20.0,55.0,0.25913840101876173,0.03478282578995615,18.0,45.0,0.01615572809540862,0.0008918156490233115,32.0,14.0,-0.04942642695375854,-0.043906910364716056,-0.01817783013003038,0.9999998502425812
EX02__growth_vs_large_5,return_5,OPPORTUNITY_ENTRY,111,290,DESCRIBED,-1.0,0.027093136772610597,-0.04869864769550416,0.001754336330211807,0.672938773272992,0.323,-0.21112125096854148,0.1162499936030984,70.0,108.0,-0.003424718072702229,-0.20310213184129322,-0.017901560900911606,20.0,53.0,0.2821253454910264,0.046940366651163114,18.0,43.0,-0.007138961469842268,-0.00968935832893075,32.0,12.0,-0.053648068755782985,-0.03422897769644462,-0.042392988399749365,0.9999998502425812
EX02__growth_vs_large_5,return_10,OPPORTUNITY_ENTRY,106,275,DESCRIBED,-1.0,0.18748803420083807,-0.07232928595634112,-0.027021147687602786,0.8416607844498689,0.269,-0.24810642690344314,0.12171831164819015,67.0,100.0,-0.018675268576797598,-0.2565336357632563,-0.032939810752580005,18.0,52.0,0.28825781699943215,0.0404704799657761,18.0,37.0,0.03455681102414883,-0.016663406356110404,31.0,11.0,-0.050734155897410815,-0.06462764104869723,-0.03984185775643723,0.9999998502425812
EX02__growth_vs_large_5,adverse_5,RISK_CONTEXT,111,290,DESCRIBED,-1.0,0.10780665599284665,0.0859726521100311,-0.0023506778341289883,0.16712937657470928,0.818,-0.0681078393247897,0.22571792477221467,70.0,108.0,0.009395468460126,0.08748272210237894,0.012924580550106594,20.0,53.0,-0.22479459896159829,-0.021977542265463394,18.0,43.0,0.21732111279623734,0.018151372276382284,32.0,12.0,-0.033169130123673174,-0.04351841768949849,-0.017732232477678966,0.9368857792959101
EX02__growth_vs_large_5,range_5,RISK_CONTEXT,111,290,DESCRIBED,-1.0,0.18078273078273077,0.09976063020256841,-0.04242709023970518,0.13378653982869393,0.775,-0.11619345928307336,0.283469712568881,70.0,108.0,0.003831842030396798,0.03737170805222547,0.004976117735860677,20.0,53.0,-0.20916546083403384,-0.00406501237066393,18.0,43.0,0.3663739749999138,0.007957818080431892,32.0,12.0,-0.06429316731918178,-0.008535501784121768,-0.003943085477188468,0.8376140075612772
EX02__growth_vs_large_5,persistence_3,CONFIRMATION,113,296,DESCRIBED,-1.0,0.18684802427558717,-0.0052955576942625175,0.019426514341768578,0.5713721848583759,0.494,-0.10956634739763957,0.11751600516795933,70.0,114.0,0.014035087719298178,0.01771969907910455,0.040909090909090895,20.0,55.0,0.09654288377282276,0.1962962962962963,18.0,45.0,0.03498770024844925,-0.0014880952380952328,32.0,14.0,-0.07329110259098326,-0.1284553290131787,-0.013977846999805976,0.9999998502425812
EX02__market_drawdown_20,return_1,OPPORTUNITY_ENTRY,101,302,DESCRIBED,-1.0,0.140245356649469,0.011856828661587968,0.057278309292283225,0.4592877209885018,0.633,-0.0737993058201297,0.10775998877796224,86.0,62.0,-0.0012524134734379498,0.1144721544325671,0.004883814775464161,17.0,43.0,-0.009951128900800157,-0.004741192077295032,26.0,18.0,0.07300137992689258,0.003971906921157712,43.0,1.0,-0.012885869245470749,-0.057363309378597904,-0.00037357142266891685,0.9999998502425812
EX02__market_drawdown_20,return_3,OPPORTUNITY_ENTRY,99,296,DESCRIBED,-1.0,0.09566649441968043,-0.11130886218590252,-0.007534344822480415,0.9109205455847522,0.088,-0.23728645956382918,0.0227799966267859,81.0,61.0,-0.007584839389670573,0.09840930313796838,-0.003630384235267929,17.0,42.0,-0.167412010366371,-0.008012454878540928,23.0,18.0,0.16573361500036218,0.04325925154497539,41.0,1.0,-0.012375262524779718,-0.060821595226231207,-0.003982349216074432,0.9999998502425812
EX02__market_drawdown_20,return_5,OPPORTUNITY_ENTRY,97,290,DESCRIBED,-1.0,0.11783556722969446,-0.14299351901423002,-0.03454721467433087,0.9611189178177779,0.052,-0.2738291636323832,0.0036177333253631567,81.0,59.0,-0.013976822969192075,0.02046065184908181,-0.004775211378024214,17.0,40.0,-0.18460320948179368,-0.006670376374086202,23.0,18.0,0.24564402064973376,0.048566394101683674,41.0,1.0,-0.00827666019640283,-0.0366107538515994,-0.003588258174184178,0.9999998502425812
EX02__market_drawdown_20,return_10,OPPORTUNITY_ENTRY,92,275,DESCRIBED,-1.0,0.26718626510562604,-0.14095069222021211,0.05995845474741064,0.9438830896189783,0.08,-0.28556603855948415,0.020277060835541885,71.0,54.0,-0.02076754227809175,0.12196793438482198,0.008024545417072142,15.0,37.0,-0.1801075010140256,-0.013941211574278856,21.0,16.0,0.31094047331017055,0.03588456324208113,35.0,1.0,-0.013917417695019418,-0.053460334639003904,-0.00724688451185318,0.9999998502425812
EX02__market_drawdown_20,adverse_5,RISK_CONTEXT,97,290,DESCRIBED,-1.0,0.014411638857245846,0.1705899129893641,-0.08931763918632842,0.06174601911252235,0.951,0.0035317738808910287,0.32101277828129066,81.0,59.0,0.011922293736848194,0.06125593962749614,0.005500517991668143,17.0,40.0,0.09055175146576962,-0.005111462117046241,23.0,18.0,0.05314309987909387,-0.02919091651848779,41.0,1.0,0.01899342288440753,-0.048255675905108264,-0.03199718023279163,0.596399533443433
EX02__market_drawdown_20,range_5,RISK_CONTEXT,97,290,DESCRIBED,-1.0,0.020076969384152772,0.16517800134927818,-0.1622233402258668,0.11576426267693773,0.821,-0.1310293047148149,0.3981281535027783,81.0,59.0,0.004735757645494387,0.20015672361142584,0.0017464924156329886,17.0,40.0,-0.1340356525514551,-0.0028952784353940657,23.0,18.0,0.4560548763011839,0.0019896931286900246,41.0,1.0,0.0022697104309944427,-0.06630137314864593,-0.02955419914852042,0.8058227446673989
EX02__market_drawdown_20,persistence_3,CONFIRMATION,99,296,DESCRIBED,-1.0,0.1715524928063415,-0.07261512224794348,-0.022312913838337563,0.8559651746545687,0.158,-0.17930134533621836,0.04993423059663995,81.0,61.0,-0.0921540848681105,0.07786889040372094,0.0326797385620915,17.0,42.0,-0.16635732182441082,-0.22302737520128824,23.0,18.0,0.166704005634456,0.47154471544715454,41.0,1.0,-0.026589480090952078,-0.17471299137101792,-0.009739009164913215,0.9999998502425812
EX02__known_share_change_1,return_1,OPPORTUNITY_ENTRY,118,302,DESCRIBED,-1.0,0.0691504058494748,-0.021007307539564323,-0.017608997264162846,0.7593629065499501,0.344,-0.10080570564787468,0.06114011539544056,227.0,175.0,-0.002033655045860248,0.10057273296311409,0.0007225437570312074,82.0,96.0,-0.05618749773118817,-0.004348812713849614,86.0,54.0,-0.12018052260843194,-0.0035733056485908275,59.0,25.0,-0.018489632328809957,-0.04015735267593823,-0.053865565479783495,0.9999998502425812
EX02__known_share_change_1,return_3,OPPORTUNITY_ENTRY,116,296,DESCRIBED,-1.0,0.04997350197073058,-0.0842308916735097,-0.074107543599069,0.953293351484982,0.075,-0.17986968135780684,0.010770948754516802,222.0,171.0,-0.00503313139346637,0.09695893042359095,0.0002888615491316573,81.0,94.0,-0.13638990754358737,-0.006462040317134259,84.0,53.0,-0.24931598538604718,-0.009324676154954591,57.0,24.0,-0.009599504790348545,-0.04757641670443036,-0.025805635713452624,0.9999998502425812
EX02__known_share_change_1,return_5,OPPORTUNITY_ENTRY,114,290,DESCRIBED,-1.0,0.060194472615383014,0.01000080410034318,-0.004508233522806249,0.6173856219438532,0.582,-0.10236921332455563,0.11686879294606978,121.0,169.0,-0.003131728984925095,0.23178116546466904,0.00971479689053152,29.0,92.0,-0.03581713189906662,0.00033794303106145923,58.0,53.0,-0.2294149613149938,-0.015782578448283707,34.0,24.0,-0.004344911951140951,-0.03518321899997234,-0.006235984195294142,0.9999998502425812
EX02__known_share_change_1,return_10,OPPORTUNITY_ENTRY,109,275,DESCRIBED,1.0,0.06658065028612849,-0.06676192627474806,-0.04014598540145986,0.6748652688377024,0.257,-0.20486961585655064,0.09352388103772186,165.0,203.0,-0.0037844534730124488,-0.29003738911226634,-0.015483095428094437,88.0,76.0,-0.1306806349856481,-0.015062275606869346,53.0,77.0,0.3369236742033449,0.024129325580640813,24.0,50.0,-0.001193641626751507,-0.06409646811165759,0.015972671643380343,0.9999998502425812
EX02__known_share_change_1,adverse_5,RISK_CONTEXT,114,290,DESCRIBED,1.0,0.03577310206639024,0.05905960369816075,0.017840796007660923,0.5561706728832989,0.749,-0.08283638602475302,0.17933239436095008,169.0,121.0,-0.0017190011438537357,0.38657182710447896,0.011744034047080954,92.0,29.0,-0.02358621444814034,0.0031994218133641443,53.0,58.0,-0.14198240908385193,-0.0098938034816363,24.0,34.0,-0.004019931557139422,-0.05940920486531609,-0.025346433505516686,0.9999998502425812
EX02__known_share_change_1,range_5,RISK_CONTEXT,114,290,DESCRIBED,1.0,0.003090840644599453,0.13632986508643127,0.06073310150475363,0.1983610654956079,0.838,-0.08220529278184042,0.3173744474717849,169.0,121.0,0.001434800432435216,0.4264641952220241,0.006518382530928606,92.0,29.0,0.12723956462949232,0.003510394788485964,53.0,58.0,0.22174117495952025,0.003071166151725875,24.0,34.0,-0.0023996470356502098,-0.0159554714449901,-0.08399205995774905,0.9999998502425812
EX02__known_share_change_1,persistence_3,CONFIRMATION,116,296,DESCRIBED,-1.0,0.05711515307351599,-0.009568342498072608,-0.014083112388197132,0.6748914072571668,0.402,-0.10197880417617061,0.07861515004241025,222.0,171.0,-0.0246035509193403,0.16099122957016926,0.052315909289904594,81.0,94.0,-0.05371233697744691,-0.050539083557951336,84.0,53.0,-0.21970863786090586,-0.10307017543859648,57.0,24.0,-0.031462420427976756,-0.120957527344008,-0.1302733678692305,0.9999998502425812
EX02__known_share_change_5,return_1,OPPORTUNITY_ENTRY,114,302,DESCRIBED,-1.0,0.0055214963255574455,0.021766565178259135,0.010986698546645057,0.7383819077776946,0.703,-0.04815031831163291,0.09070223935610834,66.0,158.0,0.0005721054193332958,0.12422320598846326,0.004182788187188527,27.0,89.0,0.022728464505810057,-0.001187606904844503,32.0,52.0,-0.23981156191392453,-0.00782490918280444,7.0,17.0,-0.002714595170926648,-0.051463637790838845,-0.050928252074140534,0.9999998502425812
EX02__known_share_change_5,return_3,OPPORTUNITY_ENTRY,112,296,DESCRIBED,-1.0,0.12273809396242231,0.005397904585771352,-0.017170329034735813,0.6487164848998992,0.538,-0.12256303918200882,0.125371110974139,65.0,156.0,0.00047623813134487283,0.23357420815121718,0.009264167319725802,27.0,87.0,-0.02433065392099978,-0.002512526358613991,31.0,52.0,-0.38679078686181645,-0.023535098259902333,7.0,17.0,-0.04725688992480981,-0.043754163002256874,-0.13968847092979164,0.9999998502425812
EX02__known_share_change_5,return_5,OPPORTUNITY_ENTRY,110,290,DESCRIBED,-1.0,0.06763387895285121,0.04237727278811039,-0.00954958257324803,0.5573978783651619,0.684,-0.10943500822388309,0.17349937203525673,63.0,154.0,0.00138535888093296,0.320526738641323,0.010396636790180868,27.0,85.0,0.016731935675957738,0.0006998810444187754,29.0,52.0,-0.3895750587715316,-0.03557065807335566,7.0,17.0,-0.003538294656676877,-0.03668379363723662,-0.0157029209927122,0.9999998502425812
EX02__known_share_change_5,return_10,OPPORTUNITY_ENTRY,105,275,DESCRIBED,1.0,0.1590262551633648,-0.04183517132820093,0.044731542656011085,0.44871206126998536,0.355,-0.24259552972459328,0.16223378100131508,149.0,58.0,-0.0009728151993346167,-0.2274311161826561,-0.014343496017917012,80.0,27.0,-0.12198861914322479,-0.0056100101923923056,52.0,24.0,0.39216818596924446,0.06855168476378327,17.0,7.0,-0.21118591544027798,-0.06454668765755955,-0.19378251205878572,0.9999998502425812
EX02__known_share_change_5,adverse_5,RISK_CONTEXT,110,290,DESCRIBED,1.0,0.13490867628240963,0.15098926358092024,0.08005860088540968,0.3347056150391261,0.922,-0.021307997091152543,0.2925854577212162,154.0,63.0,0.006082970088109062,0.4976971817190973,0.016681288470237143,85.0,27.0,0.08047170258484126,0.00409104306330331,52.0,29.0,-0.3060387984789938,-0.015497673200398989,17.0,7.0,0.0295852100639169,-0.047446227366517046,0.011394482669816464,0.9999998502425812
EX02__known_share_change_5,range_5,RISK_CONTEXT,110,290,DESCRIBED,1.0,0.04743751502856682,0.10679778141844545,0.01754311728664616,0.24994532048726403,0.728,-0.1641559217372956,0.3203577525550428,154.0,63.0,0.0031682153006815372,0.4187982551073279,0.00799400727357372,85.0,27.0,0.06429932054703842,0.0018335493699990144,52.0,29.0,0.09586795252006117,0.0008202861638436504,17.0,7.0,0.025593150526414976,-0.015033747431574929,-0.14775014973708278,0.9999998502425812
EX02__known_share_change_5,persistence_3,CONFIRMATION,112,296,DESCRIBED,-1.0,0.043039416588603496,0.06582589862095545,0.05115192233836301,0.3270500671752852,0.794,-0.06062618201143491,0.18243004235365828,65.0,156.0,0.06623931623931634,0.23828897673800994,0.18518518518518523,27.0,87.0,0.05370835338647963,0.06348221670802312,31.0,52.0,-0.33676307013076584,-0.3137254901960783,7.0,17.0,-0.025293228312152527,-0.1209050873032731,-0.050517026609549154,0.9999998502425812
EX02__share_acceleration,return_1,OPPORTUNITY_ENTRY,114,302,DESCRIBED,-1.0,0.036193894549749264,-0.022181820412651095,-0.021629429669771674,0.4953399898673109,0.32,-0.1053746050191094,0.06654399503325925,88.0,76.0,-0.0019015569469797012,-0.01494142935151396,-0.0026966703326201545,46.0,42.0,-0.0769715030919534,-0.0025849989211124856,36.0,28.0,0.04519815119038949,0.005456134051266048,6.0,6.0,-0.011030813493942526,-0.051463637790838845,-0.006479785828728213,0.9999998502425812
EX02__share_acceleration,return_3,OPPORTUNITY_ENTRY,112,296,DESCRIBED,1.0,0.044857739816041554,0.15441849716578268,0.14292813614847513,0.0041974538689773105,0.996,0.06199436023505657,0.24595342181325616,75.0,86.0,0.017366402417725725,0.2141233378630649,0.014879340335365284,42.0,44.0,0.19167633517363455,0.025382362652995448,27.0,36.0,-0.03175669124732191,4.9780943429521274e-05,6.0,6.0,0.006300273995033634,-0.043754163002256874,0.0016759369797140211,0.07691216942273131
EX02__share_acceleration,return_5,OPPORTUNITY_ENTRY,110,290,DESCRIBED,1.0,0.014604936854967552,0.11592473764893507,0.11405892316567788,0.03614514245210958,0.968,0.012572322626340355,0.2120136858781263,73.0,85.0,0.018832998948705777,0.13397994168116936,0.011933142121657237,40.0,44.0,0.21896182412328372,0.0378019652352063,27.0,35.0,-0.063247732723406,-0.020489365007854234,6.0,6.0,0.003668240266741507,-0.03668379363723662,-0.006287829493034414,0.4330466105320051
EX02__share_acceleration,return_10,OPPORTUNITY_ENTRY,105,275,DESCRIBED,-1.0,0.11502016723809144,-0.04361055351334524,-0.04208245578604195,0.6868011643425649,0.279,-0.16602002770114285,0.0776287286730817,82.0,73.0,-0.009229271430207527,0.05048052858600914,0.003519658351616481,40.0,40.0,-0.1589697591117105,-0.02984194547821603,36.0,27.0,-0.06812630410546437,0.0031961818264770736,6.0,6.0,-0.027517208882570143,-0.06454668765755955,-0.03761700828744363,0.9999998502425812
EX02__share_acceleration,adverse_5,RISK_CONTEXT,110,290,DESCRIBED,-1.0,0.10454533578946038,0.10958476643919017,0.1022044216360767,0.05238645299779163,0.975,0.022728900061240002,0.1995376563650523,85.0,73.0,0.009433522998049226,0.12370866632464761,0.0065263688800608,44.0,40.0,0.1995353125580344,0.016160841338210948,35.0,27.0,-0.06175442668763449,-0.00509148036304239,6.0,6.0,0.010436898303895381,-0.047446227366517046,-0.011187881508780917,0.535028856026626
EX02__share_acceleration,range_5,RISK_CONTEXT,110,290,DESCRIBED,-1.0,0.1572055481543436,-0.07226998535267697,-0.13582440399676735,0.9281297996102623,0.147,-0.18699922364074967,0.04510055480651041,85.0,73.0,-0.0031591861466180697,-0.026483057215359262,-0.002871158926972102,44.0,40.0,-0.08820083031244964,-0.0037030996212986736,35.0,27.0,-0.02656840321976819,-0.0063929200438115966,6.0,6.0,-0.012111796628112348,-0.015033747431574929,0.010081710790304288,0.9999998502425812
EX02__share_acceleration,persistence_3,CONFIRMATION,112,296,DESCRIBED,-1.0,0.051982170342417686,-0.0941137020042239,-0.09788540466506566,0.9204871243347639,0.029,-0.1717397631663133,-0.01281725909481772,86.0,75.0,-0.1405684754521963,-0.09354123470020408,-0.08874458874458868,44.0,42.0,-0.17882920570637537,-0.2345679012345679,36.0,27.0,0.044902823324891206,-0.05555555555555558,6.0,6.0,-0.1587879359504627,-0.1209050873032731,-0.11234889824984373,0.9999998502425812
EX02__share_price_feedback,return_1,OPPORTUNITY_ENTRY,114,302,DESCRIBED,1.0,0.1007058396440808,0.034608981947048395,0.05415014450335047,0.03383778780989056,0.745,-0.050120064026547465,0.11597861278015828,140.0,89.0,0.003495472007288935,0.01109829862942447,0.0023769863912204677,53.0,47.0,0.13357581300247084,0.008955942542002653,55.0,38.0,-0.13301821384624943,-0.0014251523066594364,32.0,4.0,-0.0027832796941749116,-0.051463637790838845,-0.15263895418889395,0.4174443921893429
EX02__share_price_feedback,return_3,OPPORTUNITY_ENTRY,112,296,DESCRIBED,1.0,0.21030061989294052,0.058642264072634974,0.07220348237297389,0.11247307446382032,0.794,-0.05587566726387788,0.1663942196593969,137.0,88.0,0.006492892456071611,-0.018321933114770133,0.0010598842581950587,52.0,46.0,0.25091799001607273,0.021078244112556238,53.0,38.0,-0.03331528958007561,0.009242530806473807,32.0,4.0,-0.42328766745215973,-0.043754163002256874,-0.8360632760145363,0.7962582430790917
EX02__share_price_feedback,return_5,OPPORTUNITY_ENTRY,110,290,DESCRIBED,1.0,0.27228528648799977,-0.032042651674946555,-0.01224148386692039,0.5139051438620632,0.35,-0.16264098824030768,0.10096703322225956,133.0,84.0,-0.0018138223069894387,-0.08901655846123112,-0.004761608382812905,50.0,46.0,0.14842700467701067,0.018424868638413874,52.0,36.0,-0.05147023201889844,-0.06413351704749083,31.0,2.0,-0.3640340483803304,-0.03668379363723662,-0.5596165383597906,0.9999998502425812
EX02__share_price_feedback,return_10,OPPORTUNITY_ENTRY,105,275,DESCRIBED,1.0,0.14831548077389983,-0.10601983283350593,-0.06661204235307695,0.9184826720599703,0.133,-0.25174266666430994,0.04710359361329809,139.0,74.0,-0.01816093777303567,-0.05220603000783614,-0.0066809192817718875,49.0,42.0,-0.0136272894232666,-0.001323590724605861,54.0,30.0,-0.16586559721731917,-0.09394411133144433,36.0,2.0,0.010735104008350649,-0.06454668765755955,0.06717638459952746,0.9999998502425812
EX02__share_price_feedback,adverse_5,RISK_CONTEXT,110,290,DESCRIBED,-1.0,0.1962726419845092,-0.07924331663099522,-0.017591336319141112,0.6395508449561039,0.147,-0.1911085215633502,0.038437002148914066,84.0,133.0,-0.0023449550954221833,-0.13921197127740834,-0.004075919337550679,46.0,50.0,0.1884717872331658,0.01306924721736008,36.0,52.0,-0.2176543583936891,-0.035402881323727195,2.0,31.0,-0.4244371401013094,-0.047446227366517046,-0.2388907725140259,0.9999998502425812
EX02__share_price_feedback,range_5,RISK_CONTEXT,110,290,DESCRIBED,-1.0,0.08567780632100683,-0.2111978709439421,-0.16284083906036853,0.9843137548609597,0.008,-0.3386506138217172,-0.057712076578705335,84.0,133.0,-0.004465309924827143,-0.22284296063280665,-0.004066433476204941,46.0,50.0,-0.004480149636121296,-0.0016371553786388125,36.0,52.0,-0.3938859671865402,-0.005728564352597561,2.0,31.0,-0.1949652037327796,-0.015033747431574929,0.04530234018595425,0.9999998502425812
EX02__share_price_feedback,persistence_3,CONFIRMATION,112,296,DESCRIBED,1.0,0.11321312879038782,0.03290109012487338,0.05536584350143672,0.12033272277795382,0.693,-0.0704856330137543,0.13226455353840721,137.0,88.0,0.07069785445697857,0.004626525393784515,0.03985507246376807,52.0,46.0,0.14968648125164122,0.18536908308507105,53.0,38.0,-0.062356327980585394,0.08333333333333331,32.0,4.0,0.0034312645253702367,-0.1209050873032731,-0.19551935206975024,0.8253555510889005
EX02__selloff_amount_1,return_1,OPPORTUNITY_ENTRY,100,302,DESCRIBED,1.0,0.09497411641884555,0.08578514483451082,0.04466283023541183,0.05324432682845706,0.986,0.022688848648515236,0.15146159439635906,53.0,249.0,0.005341063535295152,0.07527862823589107,0.00450435806927872,30.0,95.0,0.07752696580637952,0.004741757939750018,20.0,95.0,-0.0010158172738230814,0.004778062089335974,3.0,59.0,-0.002948994220301815,-0.06274520036899833,-0.004672928150880606,0.5393693595793292
EX02__selloff_amount_1,return_3,OPPORTUNITY_ENTRY,98,296,DESCRIBED,1.0,0.07434549602680432,0.03158783731731109,-0.007912380793736724,0.1798213723819002,0.728,-0.051498901740805195,0.10993093431649631,51.0,245.0,0.006770978870340499,0.04339988878994887,0.008936551804308676,28.0,95.0,-0.006365319277109895,0.00300282106998484,20.0,93.0,-0.12844741953911326,-0.02618618206693884,3.0,57.0,-7.378929278267776e-06,-0.06004828684502628,-0.0005244795779535405,0.9736689694781411
EX02__selloff_amount_1,return_5,OPPORTUNITY_ENTRY,96,290,DESCRIBED,-1.0,0.04352818660689825,0.04433773195350519,0.08226831185413251,0.30300406223759174,0.824,-0.03297156760945879,0.12915250607130846,240.0,50.0,0.0024482608545673343,0.03881929776853002,-0.0010128151830670045,93.0,28.0,0.11321870764524063,0.015505506159323336,91.0,20.0,0.11540058970727078,0.03867047287696371,56.0,2.0,-0.000639181638739883,-0.03691714858137196,-0.0029344570518266,0.9999998502425812
EX02__selloff_amount_1,return_10,OPPORTUNITY_ENTRY,91,275,DESCRIBED,1.0,0.007246509127567146,-0.0329620503696658,-0.07310002596578287,0.8705704113791459,0.253,-0.10388380086946716,0.04837657429387153,49.0,226.0,-0.0070038013658283525,-0.10381779319032744,-0.010516289892359441,28.0,88.0,-0.1324508528273728,-0.023425513689474816,19.0,87.0,0.005616860355278066,-0.020405874794454697,2.0,51.0,-0.002491586698446069,-0.05336353516256387,-0.00715716233644903,0.9999998502425812
EX02__selloff_amount_1,adverse_5,RISK_CONTEXT,96,290,DESCRIBED,-1.0,0.12541938574619813,-0.043567723074892525,-0.06342500279842599,0.7823385010904911,0.221,-0.11695714992692634,0.05005061681823848,240.0,50.0,-0.0023558180667140743,-0.1447324315460004,-0.005386943469420594,93.0,28.0,-0.05911487133324315,-0.0062702103219949845,91.0,20.0,-0.08786402403513113,-0.021560167991822594,56.0,2.0,-0.027452615227353094,-0.04885528412288265,-0.03877999322397718,0.9999998502425812
EX02__selloff_amount_1,range_5,RISK_CONTEXT,96,290,DESCRIBED,-1.0,0.16008316820274684,-0.14593856496455446,-0.11743868371881908,0.9737336866293812,0.014,-0.24314513480910913,-0.03559640377040239,240.0,50.0,-0.0034659017518035365,-0.3006954403303093,-0.0066974349778615265,93.0,28.0,-0.1312818299733238,-0.0019210303479106142,91.0,20.0,-0.15198627413385915,-0.008809663756729116,56.0,2.0,-0.015537852991744705,-0.0767490846013612,-0.015849552099493236,0.9999998502425812
EX02__selloff_amount_1,persistence_3,CONFIRMATION,98,296,DESCRIBED,1.0,0.1234318958791361,0.04525398809964445,-0.039069115340301774,0.2947045592178803,0.88,-0.02164231242884688,0.10897586252119691,51.0,245.0,0.054368414032279544,0.059336385217951086,0.06390977443609025,28.0,95.0,0.01574705662212606,0.030107526881720248,20.0,93.0,-0.13292622733322798,-0.23391812865497075,3.0,57.0,-0.036604981570538264,-0.1813008961531113,-0.03559306923596295,0.9999998502425812
EX02__joint_selloff_5,return_1,OPPORTUNITY_ENTRY,115,302,DESCRIBED,1.0,0.15562969388249512,0.03227597057227593,0.01886679834294402,0.6928592486804922,0.804,-0.04079485001053443,0.11807313862633381,61.0,218.0,-0.00023314066832961296,0.08150271881302816,6.64668826920213e-05,16.0,103.0,0.017707969345689675,0.00015002650376342566,20.0,86.0,0.10335076528770748,0.003956542451851498,25.0,29.0,-0.024058456250102056,-0.047414892592220204,0.012063657844776476,0.9999998502425812
EX02__joint_selloff_5,return_3,OPPORTUNITY_ENTRY,113,296,DESCRIBED,1.0,0.08106623935266259,-0.06385147106097243,-0.06485514790599535,0.8649086066099987,0.196,-0.1613464564818386,0.06075531826167778,59.0,215.0,-0.006184149607541527,-0.00018828976056344107,-0.010328070239616778,16.0,101.0,-0.09730304308852829,-0.004658794584527779,18.0,86.0,0.15428968945538085,0.013398409415658794,25.0,28.0,-0.02706426190950273,-0.043906910364716056,0.00869138972810024,0.9999998502425812
EX02__joint_selloff_5,return_5,OPPORTUNITY_ENTRY,111,290,DESCRIBED,1.0,0.03214353169679324,-0.06624119150219047,-0.06245717793192014,0.8839552007222256,0.199,-0.17761895419709056,0.06107060356814705,59.0,209.0,-0.011412896866503233,0.028373202555823884,-0.012939805556069432,16.0,99.0,-0.06567608795870625,-0.004854907144882908,18.0,84.0,0.11792659510099367,0.008273352138611684,25.0,26.0,-0.018193617425940056,-0.03422897769644462,0.0012539084962680525,0.9999998502425812
EX02__joint_selloff_5,return_10,OPPORTUNITY_ENTRY,106,275,DESCRIBED,1.0,0.26100804759054974,-0.09879194555406767,-0.05804160295432908,0.9029470163504503,0.127,-0.23152335586260459,0.04585836109170452,56.0,199.0,-0.02075982314517049,0.1302612943608946,0.0009469056772684302,16.0,95.0,-0.10224475017662193,-0.010408761281588706,18.0,79.0,-0.041859102848332115,-0.016924866047910783,22.0,25.0,-0.027518568520503717,-0.06462764104869723,0.0018306325954819958,0.9999998502425812
EX02__joint_selloff_5,adverse_5,RISK_CONTEXT,111,290,DESCRIBED,1.0,0.14542677004713983,0.0771734098296567,0.05513083717835014,0.08782727276607227,0.85,-0.03864470779863851,0.1847390280782418,59.0,209.0,0.008512519613010201,-0.07264157756056926,0.0067465266917216375,16.0,99.0,0.05881675226017243,-0.0009678772516593485,18.0,84.0,0.04329032686297084,0.0019940350378092817,25.0,26.0,-0.00014780006861414563,-0.04351841768949849,-0.0063420438667223245,0.7094454175211733
EX02__joint_selloff_5,range_5,RISK_CONTEXT,111,290,DESCRIBED,1.0,0.2385823191817743,0.043043353479309786,0.04468059196242851,0.25137558903545815,0.632,-0.14706415723823535,0.22200635770694752,59.0,209.0,0.001254342792856744,-0.03235305366285419,-0.0028013648629206314,16.0,99.0,-0.08709778071086237,-0.0024474460996019194,18.0,84.0,0.23272182427677612,0.004750915663344235,25.0,26.0,-0.0014187021827978263,-0.008535501784121768,0.0223242181485257,0.9999998502425812
EX02__joint_selloff_5,persistence_3,CONFIRMATION,113,296,DESCRIBED,1.0,0.1531654426314945,0.0012013017300660455,-0.02196865586696095,0.6017923832462194,0.535,-0.07036684383183661,0.09009667571896093,59.0,215.0,0.000183944291157645,0.1021382013462089,0.026608910891089077,16.0,101.0,-0.08179922117363024,-0.03359173126614989,18.0,86.0,0.19692332739357113,0.16285714285714276,25.0,28.0,-0.025098349452754576,-0.1284553290131787,-0.022835512566919514,0.9999998502425812
EX02__relative_selloff_10,return_1,OPPORTUNITY_ENTRY,110,302,DESCRIBED,1.0,0.14711741751789034,-0.05120729764985755,-0.06814149325429562,0.8238221478974926,0.181,-0.12197081736602089,0.03338514571017814,67.0,199.0,-0.0023348073061955185,-0.017010396942918986,0.002721047280170026,25.0,90.0,0.03653145484172577,-0.0009570036088801344,18.0,79.0,-0.20882904611874697,-0.007417436575643321,24.0,30.0,-0.05107527825764757,-0.058671847579464975,-0.014020725817029955,0.9999998502425812
EX02__relative_selloff_10,return_3,OPPORTUNITY_ENTRY,108,296,DESCRIBED,1.0,0.30978935408981373,-0.11721293147460671,-0.12744022913514438,0.9542247099723278,0.075,-0.22842690917038302,0.013297396092184211,67.0,194.0,-0.011492210231944142,0.0424804416652164,0.0017963999726104077,25.0,89.0,-0.036064820297347686,-0.005340674157251375,18.0,77.0,-0.35158132175130236,-0.02584905484413237,24.0,28.0,-0.08133610111026446,-0.061272803048173285,-0.026804934345926013,0.9999998502425812
EX02__relative_selloff_10,return_5,OPPORTUNITY_ENTRY,106,290,DESCRIBED,1.0,0.29526530757532027,-0.09277144307740487,-0.11273486789584197,0.9044689314207425,0.167,-0.22944789312822111,0.04931708292661538,67.0,188.0,-0.013389965495529064,0.03921243065762687,0.006278737251068733,25.0,87.0,0.005935720768572596,-0.001139339725876671,18.0,75.0,-0.3281476233600981,-0.03625396309788851,24.0,26.0,-0.07298308620887495,-0.04323950097204654,-0.02440999563252122,0.9999998502425812
EX02__relative_selloff_10,return_10,OPPORTUNITY_ENTRY,101,275,DESCRIBED,1.0,0.21714426686399288,-0.04753267263370582,-0.041599492224690574,0.8047371718922378,0.373,-0.24679275476021417,0.15722672312061867,64.0,173.0,-0.014895943828903179,0.1866201290395425,0.027856305644128717,25.0,82.0,-0.051705403953708214,-0.01538156779438726,17.0,70.0,-0.19475653612518257,-0.0443600878481502,22.0,21.0,-0.0479678168891835,-0.0599236078512666,-0.0007901070203464311,0.9999998502425812
EX02__relative_selloff_10,adverse_5,RISK_CONTEXT,106,290,DESCRIBED,-1.0,0.25993859487776105,-0.09220133790125931,-0.10526633019950625,0.8743358435909079,0.237,-0.2644280020540784,0.10562745185011982,188.0,67.0,-0.010719476009772237,0.09298455944662404,0.005561100688370398,87.0,25.0,0.097211269585698,0.007127676441212694,75.0,18.0,-0.5332316661816627,-0.04310050178088461,26.0,24.0,-0.15678998447943804,-0.04492712016999656,-0.14491438546905444,0.9999998502425812
EX02__relative_selloff_10,range_5,RISK_CONTEXT,106,290,DESCRIBED,-1.0,0.08627707242134001,-0.11361059890189955,-0.14946350175962564,0.8579679548549273,0.218,-0.31558490069012946,0.10956721414931411,188.0,67.0,-0.003120918806728993,0.029536475001413848,0.0009034302796971268,87.0,25.0,0.18576059942643205,0.003774628467141477,75.0,18.0,-0.6547495523628176,-0.015735919878627644,26.0,24.0,-0.050925261429273005,-0.023292146602534203,-0.06400469564220934,0.9999998502425812
EX02__relative_selloff_10,persistence_3,CONFIRMATION,108,296,DESCRIBED,1.0,0.23271727847078,-0.08981693440113242,-0.09250498572532469,0.8780868367528392,0.097,-0.1831900677896053,0.02159950932036203,67.0,194.0,-0.06831820280043088,-0.012935644861947098,0.031161048689138493,25.0,89.0,0.05926716361283446,0.052669552669552755,18.0,77.0,-0.30954057323619916,-0.2757936507936507,24.0,28.0,-0.13584491681178124,-0.14469832982227016,-0.04584249795287465,0.9999998502425812
EX02__joint_selloff_1,return_1,OPPORTUNITY_ENTRY,119,302,DESCRIBED,1.0,0.06024487008503082,0.0955014842055612,0.0700201348378441,0.08755890090702889,0.991,0.027157070607256386,0.17144952860249033,76.0,201.0,0.0034250315120412616,0.12479607560343835,0.0063479715183163525,25.0,86.0,0.07746342386879733,0.0032041488386836143,27.0,83.0,0.11360781834076812,0.003352225485357501,24.0,32.0,0.0017497616928719983,-0.03996091542732971,0.01664150982183632,0.7094454175211733
EX02__joint_selloff_1,return_3,OPPORTUNITY_ENTRY,117,296,DESCRIBED,1.0,0.22432012456828465,0.07798732930227405,0.061127074686396714,0.17153846812507667,0.934,-0.008283249282803514,0.18279503120047155,72.0,199.0,0.006060962404777916,0.194563160544734,0.008025626392842478,24.0,85.0,0.10729496664905264,0.011700736542480616,26.0,82.0,0.06924609580209189,0.004973879487832824,22.0,32.0,-0.009764079976545936,-0.04964248808454941,0.015998154607370196,0.954182728945739
EX02__joint_selloff_1,return_5,OPPORTUNITY_ENTRY,115,290,DESCRIBED,1.0,0.10702166313315632,0.014464274753543614,0.005499183843671929,0.584151980357031,0.658,-0.06728328859297592,0.11085372881530348,70.0,193.0,-0.00046920531634076466,0.06013729937855321,0.004852205805300904,23.0,83.0,0.07256099846395515,0.004733288659110551,26.0,80.0,0.07786082516845783,0.00010954225405662536,21.0,30.0,-0.008002015318827604,-0.03672562128273138,0.009532340919254478,0.9999998502425812
EX02__joint_selloff_1,return_10,OPPORTUNITY_ENTRY,110,275,DESCRIBED,1.0,0.14450423858258563,-0.04659348111245754,-0.06944519777271285,0.8226616016784991,0.254,-0.1419768158878545,0.0600098448219344,67.0,182.0,-0.007318501779648795,0.03350509348342989,0.001281815947308862,22.0,79.0,0.041724163153926574,0.005538728126519635,25.0,76.0,-0.07778881557677438,-0.011698575078089486,20.0,27.0,-0.008250043035876953,-0.0657609933872203,0.00601012593423611,0.9999998502425812
EX02__joint_selloff_1,adverse_5,RISK_CONTEXT,115,290,DESCRIBED,-1.0,0.13691406477781118,-0.00546620700927581,-0.0369684989488989,0.8271588850605051,0.516,-0.10940841109152441,0.12351530574007144,193.0,70.0,-0.005269334873815007,-0.02516654240544776,-0.005639655449464771,83.0,23.0,0.08501319853610002,0.0034900318404734697,80.0,26.0,-0.018868317513139905,-0.006791714007520544,30.0,21.0,-0.0048302523786663,-0.06597410566224982,-0.0029104136284221482,0.9999998502425812
EX02__joint_selloff_1,range_5,RISK_CONTEXT,115,290,DESCRIBED,1.0,0.11015334185500127,0.14686124474454165,0.1562845267338863,0.005291441798764616,0.985,0.035562963045541525,0.24043859733865053,70.0,193.0,0.004565313773648785,0.2622739187167794,0.006879721460285978,23.0,83.0,0.03144976241963896,-0.00039370916651482873,26.0,80.0,0.27291081394225203,0.006304494799466934,21.0,30.0,0.009761580478834797,-0.017567146568566283,0.013774598021656925,0.09418766401801017
EX02__joint_selloff_1,persistence_3,CONFIRMATION,117,296,DESCRIBED,1.0,0.1948728095233236,0.05795853683861432,0.018427518427518427,0.18051166288077897,0.909,-0.018046708641133783,0.1458242342156452,72.0,199.0,0.0363856318630188,0.12112169556891071,0.10196078431372546,24.0,85.0,0.03683681749426182,0.011882426516572786,26.0,82.0,0.1090057239292249,0.07386363636363646,22.0,32.0,0.00034006762993810113,-0.1215014535958916,-0.0024573299578480867,0.9736689694781411
EX02__etf_return_1,return_1,OPPORTUNITY_ENTRY,119,302,DESCRIBED,-1.0,0.08796984583972398,0.08319726888907618,0.09150905849864212,0.08873648180190263,0.962,0.005980501309747124,0.16024431080970764,81.0,105.0,0.0034200730530544073,0.07243700361211197,0.0034695401275300713,23.0,39.0,0.08390282910402784,0.0049043079448402955,35.0,46.0,0.08465013687035718,0.0029466167901042208,23.0,20.0,0.005596666405444983,-0.03996091542732971,0.015549889589381527,0.7094454175211733
EX02__etf_return_1,return_3,OPPORTUNITY_ENTRY,117,296,DESCRIBED,-1.0,0.17840530388004242,0.06613588301777022,0.09911298046891268,0.1523106619253069,0.857,-0.03679788717451235,0.20027654814980367,76.0,105.0,0.003801956867354373,0.185122553728523,0.0004471160936271182,22.0,39.0,0.07915944449373408,0.011384003089781138,33.0,46.0,-0.011966618444127665,-0.001104308677168474,21.0,20.0,-0.01146950462439289,-0.04964248808454941,0.014155350415636758,0.9037099274234875
EX02__etf_return_1,return_5,OPPORTUNITY_ENTRY,115,290,DESCRIBED,-1.0,0.1298456877232487,-0.020375314901176347,-0.012154886420807006,0.74703575398613,0.391,-0.1073851760811938,0.07920253307715963,76.0,103.0,-0.0066544268837740745,0.03492840311284623,-0.005987886212534084,22.0,39.0,-0.015435231853841257,-2.73373566064411e-05,33.0,45.0,-0.012975096456735094,-0.009786493421102571,21.0,19.0,-0.015036611994838633,-0.03672562128273138,-0.00427586711735195,0.9999998502425812
EX02__etf_return_1,return_10,OPPORTUNITY_ENTRY,110,275,DESCRIBED,-1.0,0.1162478246942796,-0.031177244026286542,-0.014408124404950809,0.7873134766142362,0.347,-0.12440476771179752,0.07717847255947488,74.0,96.0,-0.012334824907438932,0.027964119058379346,-0.009586905236558804,21.0,36.0,0.04899910437014528,0.0073603456307174756,32.0,43.0,-0.20988733580670352,-0.036611693977944254,21.0,17.0,-0.015046543740759644,-0.0657609933872203,-0.0024457654438381216,0.9999998502425812
EX02__etf_return_1,adverse_5,RISK_CONTEXT,115,290,DESCRIBED,1.0,0.15365001450066393,0.045027908883921226,0.04688341449793777,0.6704661966441092,0.761,-0.06164957190379863,0.1668096912756128,103.0,76.0,-0.0054162728686351705,0.09867106975712647,-0.005708942860225472,39.0,22.0,0.06710333655133764,0.0029687542605839057,45.0,33.0,-0.09304997744687167,-0.012487116955479799,19.0,21.0,-0.008176385780892304,-0.06597410566224982,0.0005290318142369133,0.9999998502425812
EX02__etf_return_1,range_5,RISK_CONTEXT,115,290,DESCRIBED,-1.0,0.05670557650472147,0.024035275633357375,0.03571578816591776,0.29353554347722566,0.661,-0.07469980307306937,0.11657042107426786,76.0,103.0,0.0020809061055927884,0.05356550170348037,0.0010574551231245233,22.0,39.0,-0.037659495380463794,-0.0014362545708651447,33.0,45.0,0.23240869200956693,0.006971320423010234,21.0,19.0,-0.034630895988660315,-0.017567146568566283,0.0004833323857759142,0.9999998502425812
EX02__etf_return_1,persistence_3,CONFIRMATION,117,296,DESCRIBED,-1.0,0.16165767966365596,0.07731560376154607,0.07745341643646728,0.1353719708828378,0.928,-0.011338114139205787,0.18158657866656042,76.0,105.0,0.0722222222222223,0.17474855170849954,0.14063714063714067,22.0,39.0,0.04256460604629179,0.055335968379446654,33.0,46.0,0.03512175305438394,0.04206349206349219,21.0,20.0,-0.006956182650018405,-0.1215014535958916,0.005146520600304294,0.8376140075612772
EX02__etf_return_5,return_1,OPPORTUNITY_ENTRY,115,302,DESCRIBED,-1.0,0.27122923935233,-0.02891289477917884,-0.010661247418882833,0.8545781959851313,0.325,-0.10885445840890279,0.06411904112032817,82.0,132.0,-0.0032470450630841417,0.0990795536300169,0.001120820568731589,22.0,64.0,-0.05623334337884518,-0.0040671102760165495,31.0,55.0,-0.08332189577311408,-0.003152930086740587,29.0,13.0,-0.047559201137788554,-0.047414892592220204,-0.0026010486869305627,0.9999998502425812
EX02__etf_return_5,return_3,OPPORTUNITY_ENTRY,113,296,DESCRIBED,-1.0,0.26798468778267515,-0.044250584353295236,0.029282749621732673,0.8249153044045836,0.349,-0.15916386009503736,0.1048411026685122,80.0,138.0,-0.007573679260220505,0.11988278155465411,-0.007705325272633623,22.0,66.0,-9.258689163229947e-05,-0.0009361877353217017,29.0,57.0,-0.11263627027255886,-0.0016063248788256747,29.0,15.0,-0.037109141213731434,-0.043906910364716056,-0.0015926027280968036,0.9999998502425812
EX02__etf_return_5,return_5,OPPORTUNITY_ENTRY,111,290,DESCRIBED,-1.0,0.12694533536819963,-0.03797764778078566,-0.003002618834698514,0.8615428644979695,0.363,-0.1600555459727084,0.12670213636350702,80.0,132.0,-0.01420112633278088,0.11692102526538452,-0.009049800197395704,22.0,64.0,0.07837361313209314,-0.002056011999958484,29.0,55.0,-0.21765714718941456,-0.022087183542600426,29.0,13.0,-0.021573826845440403,-0.03422897769644462,-0.0005186205556921841,0.9999998502425812
EX02__etf_return_5,return_10,OPPORTUNITY_ENTRY,106,275,DESCRIBED,-1.0,0.35185054568160934,-0.06384389281369407,0.0047748189607916686,0.815484032571028,0.283,-0.20838606468338233,0.11136808181872686,77.0,120.0,-0.019239244027996396,0.22379517058162565,0.005931814013308466,22.0,61.0,-0.015970444363558222,-0.0040246774879394605,29.0,48.0,-0.31699688693674405,-0.04458488153561733,26.0,11.0,-0.0530314498774942,-0.06462764104869723,-0.0014486101376876004,0.9999998502425812
EX02__etf_return_5,adverse_5,RISK_CONTEXT,111,290,DESCRIBED,1.0,0.05608732706563571,-0.01791315309827556,0.020844152888775176,0.8860698530655216,0.447,-0.14256556872908518,0.14083138051019517,132.0,80.0,-0.01221081866054086,0.24684708990746243,-0.005207231092764875,64.0,22.0,0.07102544360201817,-0.0008806316673148351,55.0,29.0,-0.36928659160588956,-0.023630431945494218,13.0,29.0,-0.058918143025103564,-0.04351841768949849,-0.0019408672641807456,0.9999998502425812
EX02__etf_return_5,range_5,RISK_CONTEXT,111,290,DESCRIBED,-1.0,0.19759608107295937,-0.06383272538642386,-0.029124541642423896,0.4850670311835356,0.309,-0.2856095327941621,0.15352454949841113,80.0,132.0,0.0005225960598715558,-0.26742737115956156,-0.003949573594421819,22.0,64.0,-0.22121441030878222,-0.0037783207090168955,29.0,55.0,0.46974610763623975,0.008467160222527921,29.0,13.0,-0.19547692195015243,-0.008535501784121768,-0.009058150834761358,0.9999998502425812
EX02__etf_return_5,persistence_3,CONFIRMATION,113,296,DESCRIBED,-1.0,0.345328643620345,-0.015440840359311923,-0.009360207665292409,0.672295903176265,0.455,-0.1058578179566487,0.09967043650433714,80.0,138.0,-0.048309178743961234,0.10785351731925365,0.0,22.0,66.0,-0.00774733911614461,-0.05585803589433347,29.0,57.0,-0.04141210434086509,0.03678160919540219,29.0,15.0,-0.1309159736430292,-0.1284553290131787,-0.007459062170207975,0.9999998502425812
EX02__range_median_20,return_1,OPPORTUNITY_ENTRY,101,302,DESCRIBED,1.0,0.04406275842982056,0.013967495764788158,0.06264062854328381,0.26544179101092147,0.648,-0.047107409181905,0.07109703249549136,246.0,10.0,0.0016532318662487312,0.031120936461208715,0.0028934096685616674,71.0,10.0,-0.09973243344773589,,115.0,0.0,0.04348454826340166,,60.0,0.0,-0.0033414720819315846,-0.057363309378597904,-6.6909081727351e-05,0.9999998502425812
EX02__range_median_20,return_3,OPPORTUNITY_ENTRY,99,296,DESCRIBED,1.0,0.11797910598167988,-0.05163203266367474,0.10461879444930292,0.6357939921390602,0.175,-0.1437695775634407,0.040157236834740935,234.0,10.0,0.0037824175969275765,0.058742418522280834,0.00782029322032194,65.0,10.0,-0.20090799213797542,,112.0,0.0,-0.014346018475360297,,57.0,0.0,0.0027059435695577783,-0.060821595226231207,0.007627449215316551,0.9999998502425812
EX02__range_median_20,return_5,OPPORTUNITY_ENTRY,97,290,DESCRIBED,1.0,0.1642968071952155,-0.09465096378611941,0.1091307412323161,0.7395603733889278,0.068,-0.21375597045132613,0.01111195954611472,232.0,10.0,0.003256287182556537,0.09576000562471056,0.008972716410240354,65.0,10.0,-0.3285950357554388,,110.0,0.0,-0.08806799614300666,,57.0,0.0,0.004648090215365608,-0.0366107538515994,0.009284712055931843,0.9999998502425812
EX02__range_median_20,return_10,OPPORTUNITY_ENTRY,92,275,DESCRIBED,1.0,0.29637068080067847,-0.1556823975007922,0.14773145610340152,0.8787162191388262,0.022,-0.2982035227861506,-0.026326240050629314,219.0,10.0,-0.018024206026703203,0.05457822870137276,-0.00896905901245532,61.0,10.0,-0.38347407411077883,,105.0,0.0,-0.0725237724293895,,53.0,0.0,0.004020719856543842,-0.053460334639003904,-0.00215052249114267,0.9999998502425812
EX02__range_median_20,adverse_5,RISK_CONTEXT,97,290,DESCRIBED,-1.0,0.07697776877979051,-0.3187451551816793,-0.02064143613991884,0.9998699028505956,0.0,-0.43436698879242014,-0.1687239735776728,10.0,232.0,-0.01826448732967971,-0.2559094325828741,-0.01140656406116508,10.0,65.0,-0.16748522345766323,,0.0,110.0,-0.2646696486862203,,0.0,57.0,0.18831857402013252,-0.048255675905108264,0.1652936038127254,0.9999998502425812
EX02__range_median_20,range_5,RISK_CONTEXT,97,290,DESCRIBED,1.0,0.546738992669955,0.5339839712196075,0.25793615160457445,2.2832486241722985e-13,1.0,0.27426282155183723,0.695965569351707,232.0,10.0,0.016650059321500797,0.6448376275344345,0.013388659602830932,65.0,10.0,-0.26839322610524574,,110.0,0.0,0.349652645625275,,57.0,0.0,0.5231551261487984,-0.06630137314864593,0.37299715874785433,7.11231946429671e-11
EX02__range_median_20,persistence_3,CONFIRMATION,99,296,DESCRIBED,1.0,0.07438377850035248,-0.0813532003148127,0.0011391977493672408,0.7815819501211542,0.062,-0.17905896691204046,0.005558581437281881,234.0,10.0,0.019373219373219452,0.00420092737420763,0.07179487179487176,65.0,10.0,-0.15583887590369377,,112.0,0.0,-0.11551622225780234,,57.0,0.0,0.005158954689923001,-0.17471299137101792,0.008987408806195973,0.9999998502425812
EX02__amount_ratio_20,return_1,OPPORTUNITY_ENTRY,100,302,DESCRIBED,-1.0,0.14193130274915786,-0.08394942198703728,-0.07593707160643678,0.9807519115012976,0.014,-0.1476574608152317,-0.014264176084133192,65.0,94.0,-0.006151175095943774,0.017217612083421707,0.0007317031700589166,23.0,48.0,-0.11919552385023545,-0.008359137868737782,17.0,41.0,-0.09460726410752542,-0.013912292526456458,25.0,5.0,-0.030387205572477205,-0.06274520036899833,-0.013202846166990634,0.9999998502425812
EX02__amount_ratio_20,return_3,OPPORTUNITY_ENTRY,98,296,DESCRIBED,-1.0,0.16852729094052762,-0.0006540108685590929,0.024558919474173713,0.7177381931173783,0.505,-0.0982220039332926,0.1078846957372623,72.0,94.0,-0.003004815135532756,0.21066644760153172,0.008183553799375543,27.0,48.0,-0.05471413169082519,-0.003087724982100795,20.0,41.0,-0.0010293798770163514,-5.6981070478015136e-05,25.0,5.0,-0.014015700062998349,-0.06004828684502628,-0.00913374631183217,0.9999998502425812
EX02__amount_ratio_20,return_5,OPPORTUNITY_ENTRY,96,290,DESCRIBED,-1.0,0.14696396780408624,0.018927617452158506,0.0383186318587576,0.57943761874486,0.606,-0.0910134755631074,0.13565638463839905,71.0,94.0,0.00017993006608848106,0.1346311908175637,0.008044935493692052,27.0,48.0,0.07920523921054154,0.016251075439957963,19.0,41.0,-0.032961651207594096,0.003795320947765468,25.0,5.0,-0.01974562684414627,-0.03691714858137196,-0.005510465753764127,0.9999998502425812
EX02__amount_ratio_20,return_10,OPPORTUNITY_ENTRY,91,275,DESCRIBED,-1.0,0.10669947525282125,0.059810683691608864,0.11383514612965581,0.32925751317754326,0.729,-0.09511593386968348,0.2114015480670923,76.0,96.0,0.007849918629710524,0.2664326598974978,0.023550251241819385,27.0,49.0,0.22736295263225237,0.04005556099538918,25.0,41.0,-0.22903319334977382,-0.04607373607395463,24.0,6.0,-0.002569605364040939,-0.05336353516256387,0.00674189487892396,0.9999998502425812
EX02__amount_ratio_20,adverse_5,RISK_CONTEXT,96,290,DESCRIBED,1.0,0.05311566448265186,0.14177423752247226,0.17202656475065717,0.2575849215167487,0.974,0.01892461889577574,0.24925620729905149,94.0,71.0,0.007382461533801881,0.44332112662118456,0.017813333376556294,48.0,27.0,0.1044772359449439,0.01649871327719264,41.0,19.0,-0.017528205174879474,-0.00505458850265416,5.0,25.0,-0.04130175895491939,-0.04885528412288265,-0.06629285902621418,0.9999998502425812
EX02__amount_ratio_20,range_5,RISK_CONTEXT,96,290,DESCRIBED,-1.0,0.0868421052631579,-0.2530310664455654,-0.2647763657856443,0.9639045739492769,0.006,-0.41718918536422367,-0.08779271764965423,71.0,94.0,-0.006136563264700121,-0.4214432628704249,-0.009881111940335592,27.0,48.0,-0.39217173423989016,-0.008061505570286662,19.0,41.0,-0.14145785265913277,0.0010659685019769952,25.0,5.0,-0.1112100963332423,-0.0767490846013612,-0.06877206250427514,0.9999998502425812
EX02__amount_ratio_20,persistence_3,CONFIRMATION,98,296,DESCRIBED,-1.0,0.16068278535658997,-0.004014848709201304,0.0010374010374010372,0.5078514756521446,0.496,-0.10228008925615055,0.10026792074351297,72.0,94.0,0.0007880220646178104,0.16985924848879294,0.16126543209876537,27.0,48.0,-0.0727265644436217,-0.060975609756097615,20.0,41.0,-0.034162951594808,-0.013333333333333308,25.0,5.0,-0.1281771471079276,-0.1813008961531113,-0.05870722987508281,0.9999998502425812
EX02__theme_return_1,return_1,OPPORTUNITY_ENTRY,119,302,DESCRIBED,-1.0,0.025135845380584537,0.08581492027370294,0.0945553159087003,0.08939240012104671,0.971,0.012572133317843364,0.1645194144107544,76.0,99.0,0.0028753833364132133,0.09037101980653092,0.004863859708259502,21.0,37.0,0.08348342368094694,0.003287008582124139,32.0,43.0,0.09165106480346084,0.0023899475884000283,23.0,19.0,0.0061710679204295404,-0.03996091542732971,0.013901709245875193,0.7094454175211733
EX02__theme_return_1,return_3,OPPORTUNITY_ENTRY,117,296,DESCRIBED,-1.0,0.1542294521874298,0.06037433038233482,0.09271875882045372,0.19243736222993074,0.844,-0.04681917222349015,0.19996488617008182,71.0,99.0,0.002284690983346892,0.18105862475501522,0.0002855069011636958,20.0,37.0,0.0756109736692306,0.008434048635122893,30.0,43.0,-0.01961787571579597,-0.0006144427498940772,21.0,19.0,-0.013019131938321715,-0.04964248808454941,0.010916049447437404,0.9999998502425812
EX02__theme_return_1,return_5,OPPORTUNITY_ENTRY,115,290,DESCRIBED,-1.0,0.10308631625132814,-0.02240574538470099,-0.010423921560426935,0.7333060030265726,0.359,-0.10462584726094606,0.06917632068405212,70.0,97.0,-0.006373177137497615,0.0334932602580007,-0.0012561344343750749,19.0,37.0,-0.019233442842734504,-0.0010261656950640886,30.0,42.0,-0.013413843800248147,-0.009285041324240496,21.0,18.0,-0.014545713735740096,-0.03672562128273138,-0.00442099830055942,0.9999998502425812
EX02__theme_return_1,return_10,OPPORTUNITY_ENTRY,110,275,DESCRIBED,-1.0,0.09437722035739579,-0.03423796142334333,-0.01337064712501082,0.7902650821841695,0.31,-0.1343028186005803,0.06945487846185357,68.0,89.0,-0.01299271491216643,0.021497154218090644,-0.009258396222764434,18.0,34.0,0.04581667960966061,0.00959307054117407,29.0,39.0,-0.20490853865649292,-0.038262314722141345,21.0,16.0,-0.01476126899455843,-0.0657609933872203,-0.003085024752629728,0.9999998502425812
EX02__theme_return_1,adverse_5,RISK_CONTEXT,115,290,DESCRIBED,1.0,0.09918452449991703,0.05006117161814137,0.04645780773152824,0.6580549876374854,0.783,-0.049199776937042604,0.16171070719227837,97.0,70.0,-0.005506463473985951,0.11102150472169701,-0.0025983316723335453,37.0,19.0,0.05943318427163662,0.001903730879987086,42.0,30.0,-0.09096069655329563,-0.012258676262137051,18.0,21.0,-0.008893232189954414,-0.06597410566224982,0.00086549721790663,0.9999998502425812
EX02__theme_return_1,range_5,RISK_CONTEXT,115,290,DESCRIBED,-1.0,0.08207212183381994,0.0044401753938375895,0.028651699905407054,0.3808840706120495,0.507,-0.10045689388325162,0.1064853942624511,70.0,97.0,0.0016301185823288586,0.020806538121225165,-0.00011517733895895915,19.0,37.0,-0.03583512648833115,-0.0021895417998692573,30.0,42.0,0.23328961521721892,0.0068054416625566196,21.0,18.0,-0.04023862568954972,-0.017567146568566283,-0.0003258525078173591,0.9999998502425812
EX02__theme_return_1,persistence_3,CONFIRMATION,117,296,DESCRIBED,-1.0,0.10590948565705585,0.08229091103547383,0.08509140882022237,0.12803803440359152,0.938,-0.007190398917538873,0.1881116553562576,71.0,99.0,0.06302461232038703,0.19434580168617616,0.1468468468468469,20.0,37.0,0.040828960432821096,0.03514211886304919,30.0,43.0,0.040135318465335926,0.035923141186299135,21.0,19.0,-0.006058079074367395,-0.1215014535958916,0.001535109121105771,0.8357281821477661
EX04__intraday_churn,return_1,OPPORTUNITY_ENTRY,120,302,DESCRIBED,-1.0,0.09167132573353094,-0.09214405913462469,-0.08993016306757078,0.9805920630117658,0.024,-0.16254251994191263,-0.015745373035499735,48.0,50.0,-0.0025842072023914355,-0.04883930577267524,0.0009840727594922318,21.0,23.0,-0.035925702952831554,0.005281139974842894,15.0,21.0,-0.24914029000765628,-0.01847618937128223,12.0,6.0,-0.005239342216123877,-0.03990432543823075,-0.004585463405519574,0.9999998502425812
EX04__intraday_churn,return_3,OPPORTUNITY_ENTRY,118,296,DESCRIBED,-1.0,0.21365754606632065,-0.05605690903523546,-0.038441214712401146,0.8587901435357013,0.138,-0.13858800496060705,0.030549185227960463,54.0,48.0,-0.007244708179504497,-0.060012266371627,0.0013502035532274182,25.0,22.0,0.05650069907516713,-0.0042772045558719255,18.0,20.0,-0.28702869560491157,-0.029825939715166082,11.0,6.0,-0.015106118992869622,-0.049743757175265024,-0.013440890403647376,0.9999998502425812
EX04__intraday_churn,return_5,OPPORTUNITY_ENTRY,116,290,DESCRIBED,-1.0,0.25016290402793045,0.002381771876987097,0.012359571293438645,0.5918572916725782,0.522,-0.07732914789615111,0.08234390771543554,55.0,47.0,-0.003561273018902321,0.04607446965278017,0.009940402211783283,25.0,21.0,0.07765883801276371,-0.004168085383523779,19.0,20.0,-0.2193155538394327,-0.033141505554782444,11.0,6.0,-0.009139226646183163,-0.03723197486230112,-0.009450525102959517,0.9999998502425812
EX04__intraday_churn,return_10,OPPORTUNITY_ENTRY,111,275,DESCRIBED,-1.0,0.22758784092982004,-0.013580429405421554,0.006982487521998789,0.6953642166839602,0.408,-0.09331019349853475,0.07081783063855977,53.0,45.0,-0.002840555366719913,0.030229071971586193,0.003700568049243,23.0,21.0,0.01617367934199305,0.00411071628782779,18.0,20.0,-0.12393346164812498,-0.008671297842436115,12.0,4.0,-0.010822500114000322,-0.06613833467195507,-0.009532203087289304,0.9999998502425812
EX04__intraday_churn,adverse_5,RISK_CONTEXT,116,290,DESCRIBED,1.0,0.27509992379260334,-0.036046658660146995,-0.006056654903026851,0.8736976351437513,0.243,-0.12022099947762732,0.049585580767979275,47.0,55.0,-0.007949498186384213,-0.0019521986239065328,0.0014864822594210167,21.0,25.0,0.09679099846317196,-0.002286724425256851,20.0,19.0,-0.4038225346515852,-0.04521614846769874,6.0,11.0,-0.025419717363522665,-0.07234389408979047,-0.021372208940030335,0.9999998502425812
EX04__intraday_churn,range_5,RISK_CONTEXT,116,290,DESCRIBED,1.0,0.017941374342574343,-0.07887756065869742,0.0177610869947611,0.8756683540467591,0.056,-0.15022004915869921,0.002241356590868433,47.0,55.0,-0.0028500524640570346,0.06333047054939164,-0.0002828959523852141,21.0,25.0,-0.04366333921511393,-0.0007803994011828588,20.0,19.0,-0.4677767475169152,-0.01677678668382013,6.0,11.0,-0.005029975285121724,-0.01993403357078405,-0.0037190437341021454,0.9999998502425812
EX04__intraday_churn,persistence_3,CONFIRMATION,118,296,DESCRIBED,-1.0,0.19269631265995948,-0.06312943252091624,-0.042372881355932195,0.8311506267640423,0.135,-0.1492184428575915,0.02902695875879593,54.0,48.0,-0.04938271604938271,-0.059353611069699316,0.033939393939393936,25.0,22.0,0.01758926702985951,-0.024074074074074026,18.0,20.0,-0.2146843870818296,-0.27777777777777773,11.0,6.0,-0.024543640056927885,-0.12187842632569401,-0.018787831731414517,0.9999998502425812
EX04__extreme_order,return_1,OPPORTUNITY_ENTRY,61,226,INSUFFICIENT_OR_CONSTANT,,,,,,,,,,,,,,,,,,,,,,,,,,,
EX04__extreme_order,return_3,OPPORTUNITY_ENTRY,59,220,INSUFFICIENT_OR_CONSTANT,,,,,,,,,,,,,,,,,,,,,,,,,,,
EX04__extreme_order,return_5,OPPORTUNITY_ENTRY,58,217,INSUFFICIENT_OR_CONSTANT,,,,,,,,,,,,,,,,,,,,,,,,,,,
EX04__extreme_order,return_10,OPPORTUNITY_ENTRY,55,205,INSUFFICIENT_OR_CONSTANT,,,,,,,,,,,,,,,,,,,,,,,,,,,
EX04__extreme_order,adverse_5,RISK_CONTEXT,58,217,INSUFFICIENT_OR_CONSTANT,,,,,,,,,,,,,,,,,,,,,,,,,,,
EX04__extreme_order,range_5,RISK_CONTEXT,58,217,INSUFFICIENT_OR_CONSTANT,,,,,,,,,,,,,,,,,,,,,,,,,,,
EX04__extreme_order,persistence_3,CONFIRMATION,59,220,INSUFFICIENT_OR_CONSTANT,,,,,,,,,,,,,,,,,,,,,,,,,,,
EX04__tail_return_60,return_1,OPPORTUNITY_ENTRY,120,302,DESCRIBED,-1.0,0.03900571302099289,0.09907418377112985,0.1088150420287238,0.027966614607661904,0.967,0.007078500125965194,0.19421063361857663,83.0,89.0,0.004795937264299955,0.07591557795625115,0.004676489557497371,27.0,36.0,0.17320481920181316,0.009966329571472267,32.0,36.0,0.0021063549479563384,-0.0002783670950441356,24.0,17.0,0.00586544958840407,-0.03990432543823075,0.006466975356780091,0.35198385657723974
EX04__tail_return_60,return_3,OPPORTUNITY_ENTRY,118,296,DESCRIBED,-1.0,0.03001227241499263,0.09861257929006578,0.13266610215762756,0.08125432170451957,0.961,0.005119372484723748,0.20748486953313527,81.0,89.0,0.006792397914940278,0.17493700514016547,0.010111799412346443,27.0,36.0,0.13728698328162164,0.012228409517485215,31.0,36.0,-0.029368012794693844,0.0004076037067705547,23.0,17.0,-0.0018179125384398809,-0.049743757175265024,0.0035761819095008196,0.7094454175211733
EX04__tail_return_60,return_5,OPPORTUNITY_ENTRY,116,290,DESCRIBED,1.0,0.11009675237891506,-0.027570914566844334,-0.05288569998167185,0.6288866813690399,0.307,-0.12522564582285828,0.06479818388190088,87.0,79.0,-0.002707880637751973,-0.11134443985957351,-0.007414126965000072,36.0,26.0,-0.05975936932643594,-0.008349769715843171,35.0,31.0,0.09468641860580014,0.004386845555612407,16.0,22.0,-0.005432087225359483,-0.03723197486230112,-0.0008934677700433991,0.9999998502425812
EX04__tail_return_60,return_10,OPPORTUNITY_ENTRY,111,275,DESCRIBED,-1.0,0.04723153509642057,0.03503557331401301,0.062133810334381596,0.5583095534670166,0.71,-0.08021130048102322,0.14900943104860315,75.0,82.0,-0.0015040925018076946,0.11840022528000445,0.010224940492946515,25.0,35.0,0.1329657340777924,0.017067847470079976,30.0,32.0,-0.2219849271346903,-0.034818996481285544,20.0,15.0,-0.02016111364576534,-0.06613833467195507,-0.0108463417942255,0.9999998502425812
EX04__tail_return_60,adverse_5,RISK_CONTEXT,116,290,DESCRIBED,1.0,0.046304240763553536,0.10106837586424601,0.12034461847305578,0.3727928707278952,0.939,-0.002608877725143892,0.21128578874777593,87.0,79.0,0.0027835136308591406,0.25137759880341337,0.010967246561317815,36.0,26.0,0.08512644526243654,0.006864909734711114,35.0,31.0,-0.021236634902147233,-0.00712137335037806,16.0,22.0,-0.011578717411698358,-0.07234389408979047,0.0003240133658841682,0.9999998502425812
EX04__tail_return_60,range_5,RISK_CONTEXT,116,290,DESCRIBED,-1.0,0.01918101057285266,-0.01237553101887765,-0.0669130101592089,0.43772810502084325,0.423,-0.10031811617962637,0.07857053043248065,79.0,87.0,-6.42027925183454e-05,-0.10089904025199546,-0.0028630754270087336,26.0,36.0,-0.06380429426612995,-0.001331707947062364,31.0,35.0,0.09585766987761667,0.003614858811464096,22.0,16.0,-0.013556383682788775,-0.01993403357078405,-0.0008913877202829656,0.9999998502425812
EX04__tail_return_60,persistence_3,CONFIRMATION,118,296,DESCRIBED,-1.0,0.05755433648986688,0.1266259909090688,0.1466372381626619,0.01464882803315211,0.989,0.0407543770393384,0.2258215505569998,81.0,89.0,0.12516761455587933,0.17785856004857228,0.14814814814814825,27.0,36.0,0.15546488740083977,0.15591397849462352,31.0,36.0,0.05246612825760593,0.1159420289855072,23.0,17.0,0.008296834920752616,-0.12187842632569401,0.008955397083966088,0.21278012571573157
EX04__overnight_minus_session_5,return_1,OPPORTUNITY_ENTRY,115,302,DESCRIBED,1.0,0.1302642688979113,0.009920645427928063,-0.017171141329221703,0.6059826415478824,0.6,-0.10101161608940315,0.1418346389579504,70.0,135.0,-0.00048211737737845163,0.059189128686869145,0.001185941805151451,23.0,50.0,0.04910863196941115,0.004005168512311987,24.0,61.0,-0.10831838207988237,-0.0050801138008476285,23.0,24.0,-0.004730918119350447,-0.047414892592220204,-0.004206202371727308,0.9999998502425812
EX04__overnight_minus_session_5,return_3,OPPORTUNITY_ENTRY,113,296,DESCRIBED,1.0,0.1283362859872554,-0.04879535347453588,-0.05824576502542603,0.892159283085203,0.31,-0.2023653268011181,0.10299632483543057,66.0,147.0,-0.008561680073019528,0.015621952517543619,-0.00396450834081066,23.0,59.0,0.03414971234038547,0.0008312404067755061,22.0,63.0,-0.25524156066607867,-0.020146982406297385,21.0,25.0,-0.008101306490250204,-0.043906910364716056,-0.006764521285025582,0.9999998502425812
EX04__overnight_minus_session_5,return_5,OPPORTUNITY_ENTRY,111,290,DESCRIBED,1.0,0.04023385655139096,-0.08269165333090917,-0.09504094312491312,0.9342137902396183,0.231,-0.22422926594046433,0.08376300695955767,66.0,147.0,-0.017921044317341664,0.04666153342365473,-0.004818442270132993,23.0,61.0,-0.024154809269289475,-0.0064345034790189454,22.0,62.0,-0.34375996040576906,-0.03946295254358311,21.0,24.0,-0.010242088437160568,-0.03422897769644462,-0.011760525522433563,0.9999998502425812
EX04__overnight_minus_session_5,return_10,OPPORTUNITY_ENTRY,106,275,DESCRIBED,1.0,0.21532431154906667,-0.024342579475172647,-0.018885202388852024,0.7284712685429963,0.439,-0.1931352351266481,0.16159751835640343,66.0,133.0,-0.01556870800601577,0.20900646040915008,0.014925890817357464,23.0,56.0,-0.0016573763717779902,-0.006027271129324888,22.0,58.0,-0.24827217341643862,-0.0461063274017703,21.0,19.0,-0.04725744702729817,-0.06462764104869723,-0.017181446142420898,0.9999998502425812
EX04__overnight_minus_session_5,adverse_5,RISK_CONTEXT,111,290,DESCRIBED,-1.0,0.17902954753907965,0.023297743905985886,-0.06472544058295826,0.8085978332264434,0.632,-0.12854119542513917,0.1906926502985549,147.0,66.0,-0.010686440370786261,0.15921643610199157,0.0014141767909566366,61.0,23.0,0.159093944724674,0.004727870743018555,62.0,22.0,-0.4826531855396313,-0.042094192234165384,24.0,21.0,-0.06753884473484129,-0.04351841768949849,-0.01710129610508182,0.9999998502425812
EX04__overnight_minus_session_5,range_5,RISK_CONTEXT,111,290,DESCRIBED,1.0,0.0801948051948052,-0.113537750514594,0.028826370890465303,0.543408992814836,0.165,-0.30163549294390696,0.07866399320507,66.0,147.0,0.001075879170983781,-0.33543448456817154,-0.005415991653422367,23.0,61.0,-0.21657447632973106,-0.0029080324142765554,22.0,62.0,0.6120687000453325,0.01571076560732954,21.0,24.0,-0.10861610429306601,-0.008535501784121768,-0.01644315534988916,0.9999998502425812
EX04__overnight_minus_session_5,persistence_3,CONFIRMATION,113,296,DESCRIBED,1.0,0.17683243716347308,0.032883795401943465,0.011827852505818607,0.4887076842397397,0.629,-0.11295069780176153,0.17739471876436141,66.0,147.0,-0.01618223046794487,0.028142998191822477,0.015475313190862261,23.0,59.0,0.11587673363433511,0.08152958152958156,22.0,63.0,-0.06302845000199697,-0.10412698412698418,21.0,25.0,-0.027234439430885438,-0.1284553290131787,-0.021009856960587436,0.9999998502425812
EX04__amount_ratio_20,return_1,OPPORTUNITY_ENTRY,100,302,DESCRIBED,-1.0,0.14193130274915786,-0.08394942198703728,-0.07593707160643678,0.9807519115012976,0.019,-0.14971968610619216,-0.01676653052775136,65.0,94.0,-0.006151175095943774,0.017217612083421707,0.0007317031700589166,23.0,48.0,-0.11919552385023545,-0.008359137868737782,17.0,41.0,-0.09460726410752542,-0.013912292526456458,25.0,5.0,-0.030387205572477205,-0.06274520036899833,-0.013202846166990634,0.9999998502425812
EX04__amount_ratio_20,return_3,OPPORTUNITY_ENTRY,98,296,DESCRIBED,-1.0,0.16852729094052762,-0.0006540108685590929,0.024558919474173713,0.7177381931173783,0.55,-0.09898298373059226,0.11797201605274281,72.0,94.0,-0.003004815135532756,0.21066644760153172,0.008183553799375543,27.0,48.0,-0.05471413169082519,-0.003087724982100795,20.0,41.0,-0.0010293798770163514,-5.6981070478015136e-05,25.0,5.0,-0.014015700062998349,-0.06004828684502628,-0.00913374631183217,0.9999998502425812
EX04__amount_ratio_20,return_5,OPPORTUNITY_ENTRY,96,290,DESCRIBED,-1.0,0.14696396780408624,0.018927617452158506,0.0383186318587576,0.57943761874486,0.661,-0.08359821192021899,0.14821040234784943,71.0,94.0,0.00017993006608848106,0.1346311908175637,0.008044935493692052,27.0,48.0,0.07920523921054154,0.016251075439957963,19.0,41.0,-0.032961651207594096,0.003795320947765468,25.0,5.0,-0.01974562684414627,-0.03691714858137196,-0.005510465753764127,0.9999998502425812
EX04__amount_ratio_20,return_10,OPPORTUNITY_ENTRY,91,275,DESCRIBED,-1.0,0.10669947525282125,0.059810683691608864,0.11383514612965581,0.32925751317754326,0.761,-0.08036780767565481,0.19546183819778873,76.0,96.0,0.007849918629710524,0.2664326598974978,0.023550251241819385,27.0,49.0,0.22736295263225237,0.04005556099538918,25.0,41.0,-0.22903319334977382,-0.04607373607395463,24.0,6.0,-0.002569605364040939,-0.05336353516256387,0.00674189487892396,0.9999998502425812
EX04__amount_ratio_20,adverse_5,RISK_CONTEXT,96,290,DESCRIBED,1.0,0.05311566448265186,0.14177423752247226,0.17202656475065717,0.2575849215167487,0.982,0.03444420157703397,0.2521000446675374,94.0,71.0,0.007382461533801881,0.44332112662118456,0.017813333376556294,48.0,27.0,0.1044772359449439,0.01649871327719264,41.0,19.0,-0.017528205174879474,-0.00505458850265416,5.0,25.0,-0.04130175895491939,-0.04885528412288265,-0.06629285902621418,0.9999998502425812
EX04__amount_ratio_20,range_5,RISK_CONTEXT,96,290,DESCRIBED,-1.0,0.0868421052631579,-0.2530310664455654,-0.2647763657856443,0.9639045739492769,0.005,-0.41919671713813433,-0.09013120825748742,71.0,94.0,-0.006136563264700121,-0.4214432628704249,-0.009881111940335592,27.0,48.0,-0.39217173423989016,-0.008061505570286662,19.0,41.0,-0.14145785265913277,0.0010659685019769952,25.0,5.0,-0.1112100963332423,-0.0767490846013612,-0.06877206250427514,0.9999998502425812
EX04__amount_ratio_20,persistence_3,CONFIRMATION,98,296,DESCRIBED,-1.0,0.16068278535658997,-0.004014848709201304,0.0010374010374010372,0.5078514756521446,0.54,-0.1048211927823725,0.10516144202181939,72.0,94.0,0.0007880220646178104,0.16985924848879294,0.16126543209876537,27.0,48.0,-0.0727265644436217,-0.060975609756097615,20.0,41.0,-0.034162951594808,-0.013333333333333308,25.0,5.0,-0.1281771471079276,-0.1813008961531113,-0.05870722987508281,0.9999998502425812
EX04__flat_turnover,return_1,OPPORTUNITY_ENTRY,100,302,DESCRIBED,-1.0,0.1532463013193376,-0.1379344341015085,-0.14367360258060524,0.9992659591080629,0.003,-0.21476085977456505,-0.05439357017873583,55.0,72.0,-0.009095556999227986,-0.04637499933107978,-0.005888685773025489,18.0,41.0,-0.12369290193923163,-0.006334408168722819,22.0,31.0,-0.25733718608423606,,15.0,0.0,-0.04257698170668611,-0.06274520036899833,-0.034336341889958044,0.9999998502425812
EX04__flat_turnover,return_3,OPPORTUNITY_ENTRY,98,296,DESCRIBED,-1.0,0.30555989456055227,-0.05086337817183863,-0.027210261108566187,0.8514135664477434,0.226,-0.15066926532449726,0.06157304169800287,55.0,71.0,-0.003396309860784398,0.14068392369332186,0.007468605657424712,19.0,40.0,-0.034850003256072244,0.003176885324851426,23.0,31.0,-0.3074678608550776,,13.0,0.0,-0.03343604706053993,-0.06004828684502628,-0.023177431670889925,0.9999998502425812
EX04__flat_turnover,return_5,OPPORTUNITY_ENTRY,96,290,DESCRIBED,-1.0,0.2509682101738669,0.03566021927471509,0.05902624616062104,0.4853252978204648,0.725,-0.061669028310232424,0.14625256667514058,63.0,70.0,0.006157186884687067,0.19902344962500335,0.01396947889449746,21.0,39.0,0.0744489053540849,0.017880955484694067,27.0,31.0,-0.21007093579578257,,15.0,0.0,-0.031358010972538874,-0.03691714858137196,-0.015816383315752303,0.9999998502425812
EX04__flat_turnover,return_10,OPPORTUNITY_ENTRY,91,275,DESCRIBED,-1.0,0.29201323501823045,0.09984872897778402,0.14312743429214392,0.19899104674645907,0.87,-0.041203518518783545,0.2359773566615239,67.0,70.0,0.016284834793608177,0.25620584016097936,0.02563246915613661,24.0,39.0,0.21026473234122514,0.04791795916852555,26.0,31.0,-0.2034366293934137,,17.0,0.0,-0.037257144702663725,-0.05336353516256387,0.001790681473543887,0.9999998502425812
EX04__flat_turnover,adverse_5,RISK_CONTEXT,96,290,DESCRIBED,1.0,0.26319755960334135,0.08952576025109461,0.1197335160408238,0.3940662440408982,0.921,-0.014330466807401118,0.20523277913933172,70.0,63.0,0.004590286460258299,0.3948152948544675,0.015655911665365493,39.0,21.0,0.09319894670569087,0.013037124706072954,31.0,27.0,-0.3686946707147567,,0.0,15.0,-0.005034662272730417,-0.04885528412288265,0.0227579801846991,0.9999998502425812
EX04__flat_turnover,range_5,RISK_CONTEXT,96,290,DESCRIBED,-1.0,0.007677725439970355,-0.15266470355277553,-0.23026974366417904,0.9301968885568306,0.019,-0.2816969622481225,-0.031820943436177127,63.0,70.0,-0.003003046788975592,-0.40643949097121285,-0.008103993602326234,21.0,39.0,-0.2582288622578202,-0.005123769099733243,27.0,31.0,0.31730908325217194,,15.0,0.0,-0.02459336157306735,-0.0767490846013612,0.014838297490845087,0.9999998502425812
EX04__flat_turnover,persistence_3,CONFIRMATION,98,296,DESCRIBED,-1.0,0.2626844922294067,-0.06318715535030815,-0.058449358449358446,0.8167245850085294,0.187,-0.17492991090741583,0.05422079749818874,55.0,71.0,-0.040802390098164776,0.06695762449247258,-0.0061403508771930015,19.0,40.0,-0.061428434638083604,0.017297802711547683,23.0,31.0,-0.2083839469980865,,13.0,0.0,-0.1948781780688127,-0.1813008961531113,-0.14462415506059956,0.9999998502425812
EX04__etf_return_1,return_1,OPPORTUNITY_ENTRY,119,302,DESCRIBED,-1.0,0.08796984583972398,0.08319726888907618,0.09150905849864212,0.08873648180190263,0.967,0.009406958638706742,0.15991375583081147,81.0,105.0,0.0034200730530544073,0.07243700361211197,0.0034695401275300713,23.0,39.0,0.08390282910402784,0.0049043079448402955,35.0,46.0,0.08465013687035718,0.0029466167901042208,23.0,20.0,0.005596666405444983,-0.03996091542732971,0.015549889589381527,0.7094454175211733
EX04__etf_return_1,return_3,OPPORTUNITY_ENTRY,117,296,DESCRIBED,-1.0,0.17840530388004242,0.06613588301777022,0.09911298046891268,0.1523106619253069,0.858,-0.03357956450161673,0.19219575889944143,76.0,105.0,0.003801956867354373,0.185122553728523,0.0004471160936271182,22.0,39.0,0.07915944449373408,0.011384003089781138,33.0,46.0,-0.011966618444127665,-0.001104308677168474,21.0,20.0,-0.01146950462439289,-0.04964248808454941,0.014155350415636758,0.9037099274234875
EX04__etf_return_1,return_5,OPPORTUNITY_ENTRY,115,290,DESCRIBED,-1.0,0.1298456877232487,-0.020375314901176347,-0.012154886420807006,0.74703575398613,0.384,-0.09876309968696872,0.07981997566296335,76.0,103.0,-0.0066544268837740745,0.03492840311284623,-0.005987886212534084,22.0,39.0,-0.015435231853841257,-2.73373566064411e-05,33.0,45.0,-0.012975096456735094,-0.009786493421102571,21.0,19.0,-0.015036611994838633,-0.03672562128273138,-0.00427586711735195,0.9999998502425812
EX04__etf_return_1,return_10,OPPORTUNITY_ENTRY,110,275,DESCRIBED,-1.0,0.1162478246942796,-0.031177244026286542,-0.014408124404950809,0.7873134766142362,0.324,-0.13243158732640412,0.0733012660601493,74.0,96.0,-0.012334824907438932,0.027964119058379346,-0.009586905236558804,21.0,36.0,0.04899910437014528,0.0073603456307174756,32.0,43.0,-0.20988733580670352,-0.036611693977944254,21.0,17.0,-0.015046543740759644,-0.0657609933872203,-0.0024457654438381216,0.9999998502425812
EX04__etf_return_1,adverse_5,RISK_CONTEXT,115,290,DESCRIBED,1.0,0.15365001450066393,0.045027908883921226,0.04688341449793777,0.6704661966441092,0.766,-0.05305823019705713,0.17159228314570554,103.0,76.0,-0.0054162728686351705,0.09867106975712647,-0.005708942860225472,39.0,22.0,0.06710333655133764,0.0029687542605839057,45.0,33.0,-0.09304997744687167,-0.012487116955479799,19.0,21.0,-0.008176385780892304,-0.06597410566224982,0.0005290318142369133,0.9999998502425812
EX04__etf_return_1,range_5,RISK_CONTEXT,115,290,DESCRIBED,-1.0,0.05670557650472147,0.024035275633357375,0.03571578816591776,0.29353554347722566,0.643,-0.07850664442364123,0.12002599049617792,76.0,103.0,0.0020809061055927884,0.05356550170348037,0.0010574551231245233,22.0,39.0,-0.037659495380463794,-0.0014362545708651447,33.0,45.0,0.23240869200956693,0.006971320423010234,21.0,19.0,-0.034630895988660315,-0.017567146568566283,0.0004833323857759142,0.9999998502425812
EX04__etf_return_1,persistence_3,CONFIRMATION,117,296,DESCRIBED,-1.0,0.16165767966365596,0.07731560376154607,0.07745341643646728,0.1353719708828378,0.936,-0.0061397663890177204,0.17454901915868906,76.0,105.0,0.0722222222222223,0.17474855170849954,0.14063714063714067,22.0,39.0,0.04256460604629179,0.055335968379446654,33.0,46.0,0.03512175305438394,0.04206349206349219,21.0,20.0,-0.006956182650018405,-0.1215014535958916,0.005146520600304294,0.8376140075612772
EX04__etf_return_5,return_1,OPPORTUNITY_ENTRY,115,302,DESCRIBED,-1.0,0.27122923935233,-0.02891289477917884,-0.010661247418882833,0.8545781959851313,0.311,-0.10643804170915197,0.06559264387899098,82.0,132.0,-0.0032470450630841417,0.0990795536300169,0.001120820568731589,22.0,64.0,-0.05623334337884518,-0.0040671102760165495,31.0,55.0,-0.08332189577311408,-0.003152930086740587,29.0,13.0,-0.047559201137788554,-0.047414892592220204,-0.0026010486869305627,0.9999998502425812
EX04__etf_return_5,return_3,OPPORTUNITY_ENTRY,113,296,DESCRIBED,-1.0,0.26798468778267515,-0.044250584353295236,0.029282749621732673,0.8249153044045836,0.311,-0.15772327365003527,0.10695108893194914,80.0,138.0,-0.007573679260220505,0.11988278155465411,-0.007705325272633623,22.0,66.0,-9.258689163229947e-05,-0.0009361877353217017,29.0,57.0,-0.11263627027255886,-0.0016063248788256747,29.0,15.0,-0.037109141213731434,-0.043906910364716056,-0.0015926027280968036,0.9999998502425812
EX04__etf_return_5,return_5,OPPORTUNITY_ENTRY,111,290,DESCRIBED,-1.0,0.12694533536819963,-0.03797764778078566,-0.003002618834698514,0.8615428644979695,0.353,-0.1658443194047921,0.1226866517107601,80.0,132.0,-0.01420112633278088,0.11692102526538452,-0.009049800197395704,22.0,64.0,0.07837361313209314,-0.002056011999958484,29.0,55.0,-0.21765714718941456,-0.022087183542600426,29.0,13.0,-0.021573826845440403,-0.03422897769644462,-0.0005186205556921841,0.9999998502425812
EX04__etf_return_5,return_10,OPPORTUNITY_ENTRY,106,275,DESCRIBED,-1.0,0.35185054568160934,-0.06384389281369407,0.0047748189607916686,0.815484032571028,0.297,-0.20811022067840823,0.10122067669983123,77.0,120.0,-0.019239244027996396,0.22379517058162565,0.005931814013308466,22.0,61.0,-0.015970444363558222,-0.0040246774879394605,29.0,48.0,-0.31699688693674405,-0.04458488153561733,26.0,11.0,-0.0530314498774942,-0.06462764104869723,-0.0014486101376876004,0.9999998502425812
EX04__etf_return_5,adverse_5,RISK_CONTEXT,111,290,DESCRIBED,1.0,0.05608732706563571,-0.01791315309827556,0.020844152888775176,0.8860698530655216,0.453,-0.14862683793462322,0.14322330031980893,132.0,80.0,-0.01221081866054086,0.24684708990746243,-0.005207231092764875,64.0,22.0,0.07102544360201817,-0.0008806316673148351,55.0,29.0,-0.36928659160588956,-0.023630431945494218,13.0,29.0,-0.058918143025103564,-0.04351841768949849,-0.0019408672641807456,0.9999998502425812
EX04__etf_return_5,range_5,RISK_CONTEXT,111,290,DESCRIBED,-1.0,0.19759608107295937,-0.06383272538642386,-0.029124541642423896,0.4850670311835356,0.326,-0.2910417963762428,0.13485725533181853,80.0,132.0,0.0005225960598715558,-0.26742737115956156,-0.003949573594421819,22.0,64.0,-0.22121441030878222,-0.0037783207090168955,29.0,55.0,0.46974610763623975,0.008467160222527921,29.0,13.0,-0.19547692195015243,-0.008535501784121768,-0.009058150834761358,0.9999998502425812
EX04__etf_return_5,persistence_3,CONFIRMATION,113,296,DESCRIBED,-1.0,0.345328643620345,-0.015440840359311923,-0.009360207665292409,0.672295903176265,0.445,-0.11151491882288726,0.10022505916462436,80.0,138.0,-0.048309178743961234,0.10785351731925365,0.0,22.0,66.0,-0.00774733911614461,-0.05585803589433347,29.0,57.0,-0.04141210434086509,0.03678160919540219,29.0,15.0,-0.1309159736430292,-0.1284553290131787,-0.007459062170207975,0.9999998502425812
EX04__theme_return_1,return_1,OPPORTUNITY_ENTRY,119,302,DESCRIBED,-1.0,0.025135845380584537,0.08581492027370294,0.0945553159087003,0.08939240012104671,0.975,0.015009021067497895,0.1637013672638274,76.0,99.0,0.0028753833364132133,0.09037101980653092,0.004863859708259502,21.0,37.0,0.08348342368094694,0.003287008582124139,32.0,43.0,0.09165106480346084,0.0023899475884000283,23.0,19.0,0.0061710679204295404,-0.03996091542732971,0.013901709245875193,0.7094454175211733
EX04__theme_return_1,return_3,OPPORTUNITY_ENTRY,117,296,DESCRIBED,-1.0,0.1542294521874298,0.06037433038233482,0.09271875882045372,0.19243736222993074,0.848,-0.04542701457502614,0.1931325864839602,71.0,99.0,0.002284690983346892,0.18105862475501522,0.0002855069011636958,20.0,37.0,0.0756109736692306,0.008434048635122893,30.0,43.0,-0.01961787571579597,-0.0006144427498940772,21.0,19.0,-0.013019131938321715,-0.04964248808454941,0.010916049447437404,0.9999998502425812
EX04__theme_return_1,return_5,OPPORTUNITY_ENTRY,115,290,DESCRIBED,-1.0,0.10308631625132814,-0.02240574538470099,-0.010423921560426935,0.7333060030265726,0.362,-0.11172365530232668,0.07605100165562757,70.0,97.0,-0.006373177137497615,0.0334932602580007,-0.0012561344343750749,19.0,37.0,-0.019233442842734504,-0.0010261656950640886,30.0,42.0,-0.013413843800248147,-0.009285041324240496,21.0,18.0,-0.014545713735740096,-0.03672562128273138,-0.00442099830055942,0.9999998502425812
EX04__theme_return_1,return_10,OPPORTUNITY_ENTRY,110,275,DESCRIBED,-1.0,0.09437722035739579,-0.03423796142334333,-0.01337064712501082,0.7902650821841695,0.343,-0.13782289647247395,0.09217465024340923,68.0,89.0,-0.01299271491216643,0.021497154218090644,-0.009258396222764434,18.0,34.0,0.04581667960966061,0.00959307054117407,29.0,39.0,-0.20490853865649292,-0.038262314722141345,21.0,16.0,-0.01476126899455843,-0.0657609933872203,-0.003085024752629728,0.9999998502425812
EX04__theme_return_1,adverse_5,RISK_CONTEXT,115,290,DESCRIBED,1.0,0.09918452449991703,0.05006117161814137,0.04645780773152824,0.6580549876374854,0.763,-0.054954891280965805,0.17754207894781057,97.0,70.0,-0.005506463473985951,0.11102150472169701,-0.0025983316723335453,37.0,19.0,0.05943318427163662,0.001903730879987086,42.0,30.0,-0.09096069655329563,-0.012258676262137051,18.0,21.0,-0.008893232189954414,-0.06597410566224982,0.00086549721790663,0.9999998502425812
EX04__theme_return_1,range_5,RISK_CONTEXT,115,290,DESCRIBED,-1.0,0.08207212183381994,0.0044401753938375895,0.028651699905407054,0.3808840706120495,0.535,-0.09822100140545993,0.10422040621762006,70.0,97.0,0.0016301185823288586,0.020806538121225165,-0.00011517733895895915,19.0,37.0,-0.03583512648833115,-0.0021895417998692573,30.0,42.0,0.23328961521721892,0.0068054416625566196,21.0,18.0,-0.04023862568954972,-0.017567146568566283,-0.0003258525078173591,0.9999998502425812
EX04__theme_return_1,persistence_3,CONFIRMATION,117,296,DESCRIBED,-1.0,0.10590948565705585,0.08229091103547383,0.08509140882022237,0.12803803440359152,0.926,-0.010564327248658646,0.17925375779989144,71.0,99.0,0.06302461232038703,0.19434580168617616,0.1468468468468469,20.0,37.0,0.040828960432821096,0.03514211886304919,30.0,43.0,0.040135318465335926,0.035923141186299135,21.0,19.0,-0.006058079074367395,-0.1215014535958916,0.001535109121105771,0.8357281821477661
EX04__range_median_20,return_1,OPPORTUNITY_ENTRY,101,302,DESCRIBED,1.0,0.04406275842982056,0.013967495764788158,0.06264062854328381,0.26544179101092147,0.648,-0.051365235807845536,0.07280339023969544,246.0,10.0,0.0016532318662487312,0.031120936461208715,0.0028934096685616674,71.0,10.0,-0.09973243344773589,,115.0,0.0,0.04348454826340166,,60.0,0.0,-0.0033414720819315846,-0.057363309378597904,-6.6909081727351e-05,0.9999998502425812
EX04__range_median_20,return_3,OPPORTUNITY_ENTRY,99,296,DESCRIBED,1.0,0.11797910598167988,-0.05163203266367474,0.10461879444930292,0.6357939921390602,0.162,-0.14337583849188051,0.038494434793330805,234.0,10.0,0.0037824175969275765,0.058742418522280834,0.00782029322032194,65.0,10.0,-0.20090799213797542,,112.0,0.0,-0.014346018475360297,,57.0,0.0,0.0027059435695577783,-0.060821595226231207,0.007627449215316551,0.9999998502425812
EX04__range_median_20,return_5,OPPORTUNITY_ENTRY,97,290,DESCRIBED,1.0,0.1642968071952155,-0.09465096378611941,0.1091307412323161,0.7395603733889278,0.064,-0.20979711406811105,0.006071806695572456,232.0,10.0,0.003256287182556537,0.09576000562471056,0.008972716410240354,65.0,10.0,-0.3285950357554388,,110.0,0.0,-0.08806799614300666,,57.0,0.0,0.004648090215365608,-0.0366107538515994,0.009284712055931843,0.9999998502425812
EX04__range_median_20,return_10,OPPORTUNITY_ENTRY,92,275,DESCRIBED,1.0,0.29637068080067847,-0.1556823975007922,0.14773145610340152,0.8787162191388262,0.01,-0.28775608069151976,-0.04010907902754211,219.0,10.0,-0.018024206026703203,0.05457822870137276,-0.00896905901245532,61.0,10.0,-0.38347407411077883,,105.0,0.0,-0.0725237724293895,,53.0,0.0,0.004020719856543842,-0.053460334639003904,-0.00215052249114267,0.9999998502425812
EX04__range_median_20,adverse_5,RISK_CONTEXT,97,290,DESCRIBED,-1.0,0.07697776877979051,-0.3187451551816793,-0.02064143613991884,0.9998699028505956,0.0,-0.4319104827751005,-0.17079000439447783,10.0,232.0,-0.01826448732967971,-0.2559094325828741,-0.01140656406116508,10.0,65.0,-0.16748522345766323,,0.0,110.0,-0.2646696486862203,,0.0,57.0,0.18831857402013252,-0.048255675905108264,0.1652936038127254,0.9999998502425812
EX04__range_median_20,range_5,RISK_CONTEXT,97,290,DESCRIBED,1.0,0.546738992669955,0.5339839712196075,0.25793615160457445,2.2832486241722985e-13,0.998,0.28565582203317924,0.6886184214431598,232.0,10.0,0.016650059321500797,0.6448376275344345,0.013388659602830932,65.0,10.0,-0.26839322610524574,,110.0,0.0,0.349652645625275,,57.0,0.0,0.5231551261487984,-0.06630137314864593,0.37299715874785433,7.11231946429671e-11
EX04__range_median_20,persistence_3,CONFIRMATION,99,296,DESCRIBED,1.0,0.07438377850035248,-0.0813532003148127,0.0011391977493672408,0.7815819501211542,0.081,-0.17426378357123748,0.011311126362967192,234.0,10.0,0.019373219373219452,0.00420092737420763,0.07179487179487176,65.0,10.0,-0.15583887590369377,,112.0,0.0,-0.11551622225780234,,57.0,0.0,0.005158954689923001,-0.17471299137101792,0.008987408806195973,0.9999998502425812
EX04__open_gap_1,return_1,OPPORTUNITY_ENTRY,119,302,DESCRIBED,-1.0,0.10311371866529016,0.0002855834047147433,0.014064760417649213,0.610560877324985,0.514,-0.08148171317198277,0.07419373888275806,101.0,85.0,-0.001859045082533311,0.09977801002014045,0.0032851895442470554,24.0,30.0,-0.08601012334307305,-0.0049629156997170855,48.0,37.0,0.03547355139046896,-0.0011250617842998366,29.0,18.0,-0.07226981914960384,-0.03996091542732971,-0.039986117248114406,0.9999998502425812
EX04__open_gap_1,return_3,OPPORTUNITY_ENTRY,117,296,DESCRIBED,-1.0,0.1647879617739027,0.016770644295410628,0.056726680455494005,0.48452606527414277,0.646,-0.05182301397154626,0.09124390883707124,98.0,85.0,7.071782445852801e-05,0.11600628344293067,0.006791349638212931,24.0,30.0,-0.008096557087390086,-0.0047323703094143115,46.0,37.0,0.050572498532107546,0.003952814975645435,28.0,18.0,-0.044504580199762334,-0.04964248808454941,-0.018687557205494754,0.9999998502425812
EX04__open_gap_1,return_5,OPPORTUNITY_ENTRY,115,290,DESCRIBED,-1.0,0.019958888605008326,-0.01152285877326218,0.01644441218908257,0.7114624822453828,0.42,-0.08049421795463797,0.0647629557685578,96.0,81.0,-0.0030786181473139405,0.050525592370693595,0.001710048331180632,23.0,30.0,-0.030559316840702046,-0.011377830144025705,45.0,35.0,0.15406078105159007,0.009883768421093142,28.0,16.0,-0.02158439004495394,-0.03672562128273138,-0.012238561693878491,0.9999998502425812
EX04__open_gap_1,return_10,OPPORTUNITY_ENTRY,110,275,DESCRIBED,-1.0,0.07846362222235129,-0.0653522444566227,-0.020169066097342835,0.8066638247741515,0.092,-0.14814001326766466,0.016536099602461503,92.0,66.0,-0.00729610000995487,-0.003968526094875349,0.004069257876940298,23.0,22.0,-0.020061212743792776,-0.0030691558212844403,43.0,31.0,-0.12133217505374698,-0.019783407828919592,26.0,13.0,-0.010811685171112195,-0.0657609933872203,-0.0016170459349087452,0.9999998502425812
EX04__open_gap_1,adverse_5,RISK_CONTEXT,115,290,DESCRIBED,-1.0,0.017606013713468042,0.03665933152510501,-0.011133430181424108,0.17269000038319587,0.773,-0.03712989925281838,0.09983401902519326,96.0,81.0,0.004038076913379578,-0.03878180085142417,0.001147340403455717,23.0,30.0,0.06324018453146474,0.006478262015270929,45.0,35.0,-0.05281466567406744,-0.003210968205992884,28.0,16.0,0.0025308005579530723,-0.06597410566224982,-0.009225627340754938,0.9563188465664981
EX04__open_gap_1,range_5,RISK_CONTEXT,115,290,DESCRIBED,-1.0,0.12320852810329434,0.07524687957049929,0.00032105019084650236,0.12080330657869148,0.937,-0.007661294441547546,0.15905190723359186,96.0,81.0,0.0014263207378801268,0.09130457566602838,0.0012620674109297195,23.0,30.0,0.023537325916083467,0.00040537372310600964,45.0,35.0,-0.005617924694728389,-0.00016107893413728341,28.0,16.0,-0.008042733778746536,-0.017567146568566283,-0.0007597715976488395,0.8253555510889005
EX04__open_gap_1,persistence_3,CONFIRMATION,117,296,DESCRIBED,-1.0,0.14002735221911053,-0.00715637801495627,0.009884460731918357,0.4563434166104167,0.399,-0.0766569141458306,0.05482927874731199,98.0,85.0,-0.002440976390556182,0.10170560418925653,0.13888888888888906,24.0,30.0,-0.10197507463625835,-0.09087348217783009,46.0,37.0,0.03170089568495553,0.04365079365079366,28.0,18.0,-0.04692533316129399,-0.1215014535958916,-0.019923006467933213,0.9999998502425812
EX04__body_return_1,return_1,OPPORTUNITY_ENTRY,120,302,DESCRIBED,-1.0,0.06755611734637182,0.13424679959997962,0.1347905730706401,0.020381948867764683,0.99,0.040934957850878896,0.2344268943742985,82.0,89.0,0.005456517576226348,0.08916496845255234,-0.0003901336756375058,25.0,30.0,0.17650829938728207,0.01133835734872534,32.0,41.0,0.1685272934438778,0.0060147263412778824,25.0,18.0,0.0110867869192679,-0.03990432543823075,0.01316323742331138,0.27604248140472604
EX04__body_return_1,return_3,OPPORTUNITY_ENTRY,118,296,DESCRIBED,-1.0,0.13537805275885695,0.0967109490220714,0.13099802421836318,0.03504386227494942,0.923,-0.01751030501651436,0.23085489000056245,78.0,89.0,0.008338194004471236,0.17151547356062344,-0.0009996297334372247,24.0,30.0,0.14805879468480485,0.019901775594345323,31.0,41.0,0.022377446262302893,0.008065903643395485,23.0,18.0,0.0024432557334874705,-0.049743757175265024,0.01460363689484534,0.42392866402511625
EX04__body_return_1,return_5,OPPORTUNITY_ENTRY,116,290,DESCRIBED,-1.0,0.1394559850042527,0.02038175433807901,0.044953669136251984,0.42478486891709866,0.66,-0.073205276854881,0.13180010995911434,77.0,102.0,-0.0037614866525386087,0.056944563691011,-0.008639900762022779,24.0,38.0,0.04558551747084944,0.005013671269244527,31.0,45.0,0.024502897089100334,0.00017527308083841245,22.0,19.0,-0.007475366202650546,-0.03723197486230112,-0.00030559679842157017,0.9999998502425812
EX04__body_return_1,return_10,OPPORTUNITY_ENTRY,111,275,DESCRIBED,-1.0,0.11783521235925214,-0.0019821555162152686,0.029242664666339693,0.6431348747174067,0.513,-0.09534660265414982,0.10666119597318266,76.0,95.0,-0.007505819353768373,0.05145781301142956,-0.006099748259732956,24.0,35.0,0.05103252146424491,0.0046090705454582825,30.0,42.0,-0.10069075438062786,-0.011893720889609164,22.0,18.0,-0.010405037508946835,-0.06613833467195507,-0.0030616274773798136,0.9999998502425812
EX04__body_return_1,adverse_5,RISK_CONTEXT,116,290,DESCRIBED,1.0,0.16683590531946432,0.08845693918319662,0.08109727820782649,0.5035480621853363,0.902,-0.026232620688353577,0.22726007099538698,102.0,77.0,-0.0022545565022968686,0.10762065939281887,-0.00479474637091519,38.0,24.0,0.16585025090239783,0.008447372562698664,45.0,31.0,-0.10396758223322296,-0.008210415548423278,19.0,22.0,-0.009905816848449822,-0.07234389408979047,0.0048659212300532495,0.9999998502425812
EX04__body_return_1,range_5,RISK_CONTEXT,116,290,DESCRIBED,-1.0,0.036670972315270986,0.017080632622164825,0.05857308566135724,0.23276420626574268,0.628,-0.07497208996168973,0.1094403865586766,77.0,102.0,0.0018748597082155968,0.028351926027500036,0.00029157655479342126,24.0,38.0,-0.03086903683069371,-0.0011402242602618212,31.0,45.0,0.3097734017385254,0.0070332421520169705,22.0,19.0,-0.026721844216633706,-0.01993403357078405,-0.0019218271860839131,0.9999998502425812
EX04__body_return_1,persistence_3,CONFIRMATION,118,296,DESCRIBED,-1.0,0.1298396063134433,0.12039886650674314,0.12146800112901807,0.04092086885659034,0.977,0.02253948161684645,0.2304684366275466,78.0,89.0,0.10232401805435504,0.16796250815624653,0.07499999999999996,24.0,30.0,0.1399207067031587,0.15971675845790712,31.0,41.0,0.08913042558848559,0.08534621578099844,23.0,18.0,0.008774913176554211,-0.12187842632569401,0.0075375122975819275,0.4721055795862182
EX04__range_today,return_1,OPPORTUNITY_ENTRY,120,302,DESCRIBED,1.0,0.10385001373221726,-0.014552567378889084,0.052214864838665345,0.6359457551618148,0.355,-0.09034837504921137,0.06724235021231903,192.0,14.0,-0.00018791806062088117,0.085762860813545,0.002202561229094971,56.0,14.0,-0.028259141050879014,,96.0,0.0,-0.2276858284147332,,40.0,0.0,-0.0065086695400913275,-0.03990432543823075,-0.04735901662684516,0.9999998502425812
EX04__range_today,return_3,OPPORTUNITY_ENTRY,118,296,DESCRIBED,1.0,0.11730505156825825,-0.1277468652207131,-0.026523133302794318,0.952718312757366,0.026,-0.2469450118400366,-0.01634002497773435,189.0,14.0,-0.014941519980012074,-0.1649689126258572,-0.01310318692182789,55.0,14.0,-0.016618982886375068,,94.0,0.0,-0.19862654179134512,,40.0,0.0,-0.014713619465344108,-0.049743757175265024,-0.0015137964378713065,0.9999998502425812
EX04__range_today,return_5,OPPORTUNITY_ENTRY,116,290,DESCRIBED,1.0,0.08512781281556535,-0.1575000400344091,-0.03474648720658042,0.9633006576357159,0.006,-0.2719924964334809,-0.05420461312411602,186.0,14.0,-0.01537814884105206,-0.12178055177165208,-0.010605281285462355,55.0,14.0,-0.11705938960074624,,92.0,0.0,-0.19891449687008175,,39.0,0.0,-0.01224075209048614,-0.03723197486230112,-0.003328103621909717,0.9999998502425812
EX04__range_today,return_10,OPPORTUNITY_ENTRY,111,275,DESCRIBED,1.0,0.15972990049580396,-0.22064258515051935,-0.025119875364242233,0.9851904152585377,0.003,-0.3462659549129542,-0.09522572283914701,177.0,14.0,-0.024487060198110117,-0.13662111612320169,-0.018322404921762337,53.0,14.0,-0.23108131341408217,,86.0,0.0,-0.20285047357527383,,38.0,0.0,-0.0020555768632879445,-0.06613833467195507,0.004036245580893549,0.9999998502425812
EX04__range_today,adverse_5,RISK_CONTEXT,116,290,DESCRIBED,-1.0,0.018247025933288197,-0.3619633615636507,-0.1481542074181045,0.9999488225284534,0.0,-0.4808329051345298,-0.22436770881105544,14.0,186.0,-0.027247902662330542,-0.36186491973997986,-0.019640415842258795,14.0,55.0,-0.09393469275572297,,0.0,92.0,-0.4717000504880653,,0.0,39.0,0.09296313255458,-0.07234389408979047,0.0636012160066819,0.9999998502425812
EX04__range_today,range_5,RISK_CONTEXT,116,290,DESCRIBED,1.0,0.4289141156919237,0.5625206947046042,0.33204880454931807,2.7240842735932742e-12,1.0,0.4295766587105176,0.6525718976005888,186.0,14.0,0.01616509815294579,0.4592035725675865,0.01213278658298148,55.0,14.0,0.189637707794899,,92.0,0.0,0.703380931643065,,39.0,0.0,0.3271942882008383,-0.01993403357078405,0.26422818321263386,5.657015008162033e-10
EX04__range_today,persistence_3,CONFIRMATION,118,296,DESCRIBED,1.0,0.21232955170037424,-0.08512912202353692,-0.03410189850867817,0.9723126226125458,0.08,-0.1874555692230643,0.01748557880833403,189.0,14.0,-0.21781305114638438,-0.06291184473199037,-0.1805194805194804,55.0,14.0,-0.033821525756767216,,94.0,0.0,-0.1206785912128859,,40.0,0.0,-0.002643096764722408,-0.12187842632569401,-0.03296285125352938,0.9999998502425812
EX04__close_location,return_1,OPPORTUNITY_ENTRY,120,302,DESCRIBED,-1.0,0.09130420960653828,0.1364483577624318,0.16057832708971104,0.010298997287412485,0.996,0.05400522564056623,0.2262683931146275,50.0,69.0,0.006549630256879301,0.1308495007332706,0.006547274565797451,16.0,35.0,0.16404399252371685,0.01353884936515413,17.0,23.0,0.09474060143683588,0.004775247632620307,17.0,11.0,0.010091630773962912,-0.03990432543823075,0.01298079537939989,0.16243734962172096
EX04__close_location,return_3,OPPORTUNITY_ENTRY,118,296,DESCRIBED,-1.0,0.10085545816907804,0.11531213322209227,0.15581559988339647,0.017798425732008027,0.98,0.022796022597579006,0.22318847429664299,50.0,69.0,0.009325256553495757,0.17377432156665637,0.013339151538514766,16.0,35.0,0.16278750432315128,0.020904684853920205,18.0,23.0,0.06696983980946249,0.007892658348335822,16.0,11.0,0.004952975625160394,-0.049743757175265024,0.013227964878114729,0.2548979922443552
EX04__close_location,return_5,OPPORTUNITY_ENTRY,116,290,DESCRIBED,-1.0,0.054074570360119985,0.014777469904590973,0.04373343239556335,0.5223751103724787,0.643,-0.06424429440291833,0.10796420101724373,49.0,75.0,-0.0028180944762285953,0.05859841292443031,-0.0020531987343597544,16.0,38.0,0.03963405922580578,0.009350303520844854,18.0,25.0,0.01973492547093695,0.0010591445111935507,15.0,12.0,-0.0025495392387844262,-0.03723197486230112,-0.0010789921809055691,0.9999998502425812
EX04__close_location,return_10,OPPORTUNITY_ENTRY,111,275,DESCRIBED,-1.0,0.08223944508381113,-0.025117829342687643,0.025006202937018548,0.7915119275212386,0.376,-0.11794009246843255,0.08457897250441974,49.0,75.0,-0.012893094409851284,0.004450373047240153,-0.00906465798318953,15.0,36.0,0.03507578960120623,0.011793549442870702,18.0,27.0,-0.06935255261640572,-0.017685747730875865,16.0,12.0,-0.0016592190100501725,-0.06613833467195507,-0.006621019517094373,0.9999998502425812
EX04__close_location,adverse_5,RISK_CONTEXT,116,290,DESCRIBED,1.0,0.10980668004784282,0.04441444016075414,0.08377737075884703,0.6513543231223056,0.798,-0.04400024075840259,0.15157840910287593,75.0,49.0,-0.0033801598074218314,0.08335295978246045,0.00519757345032763,38.0,16.0,0.13416871621845733,0.00968049602940474,25.0,18.0,-0.058311932670755975,-0.012843324083104679,12.0,15.0,-0.004678496189005177,-0.07234389408979047,0.0007841357627774714,0.9999998502425812
EX04__close_location,range_5,RISK_CONTEXT,116,290,DESCRIBED,-1.0,0.060065603252416264,0.10236219924770393,0.07277801900961552,0.04271923876201531,0.949,-0.0005619595903990092,0.19244462831777132,49.0,75.0,0.00343679985476137,0.09324936043486579,-0.002331833772743132,16.0,38.0,-0.020677685009341838,-9.778436550353375e-05,18.0,25.0,0.28130735417777053,0.009273853396092518,15.0,12.0,-0.007359497755013544,-0.01993403357078405,0.0002458272123768701,0.47250559243076756
EX04__close_location,persistence_3,CONFIRMATION,118,296,DESCRIBED,-1.0,0.1310898101288251,0.13576011237923916,0.16470245283804602,0.013694333387828309,0.995,0.04412284166464741,0.24305321081460382,50.0,69.0,0.16338164251207726,0.18952675923897552,0.2529761904761905,16.0,35.0,0.12710198865608568,0.1843800322061192,18.0,23.0,0.15884214866840188,0.18371212121212116,16.0,11.0,0.009453950242559572,-0.12187842632569401,0.00994551486252615,0.20808706586870818
EX06__position_120,return_1,OPPORTUNITY_ENTRY,191,302,DESCRIBED,-1.0,0.21535176004862153,-0.0503190018604834,-0.07949263606917775,0.924072783962548,0.186,-0.13271633517230366,0.037390689978136674,56.0,202.0,-0.0036972704481209617,0.061496806969272864,,0.0,100.0,-0.011226280585688104,,0.0,102.0,0.24010927268859175,,56.0,0.0,-0.04402314243423833,-0.0454003542628052,-0.026394765293299205,0.9999998502425812
EX06__position_120,return_3,OPPORTUNITY_ENTRY,189,296,DESCRIBED,-1.0,0.28989496314649754,-0.07692078379981551,-0.07673343605546995,0.9406285571240619,0.205,-0.1947437261950969,0.06546392303922197,54.0,198.0,-0.011660117552366464,0.07097323267903385,,0.0,98.0,0.04159551034121558,,0.0,100.0,0.5015696315715452,,54.0,0.0,-0.08168388203009758,-0.07918668498525605,-0.047338605051669536,0.9999998502425812
EX06__position_120,return_5,OPPORTUNITY_ENTRY,187,290,DESCRIBED,-1.0,0.3241086445720871,-0.0982740711298822,-0.11644281308851513,0.9372116276189412,0.137,-0.23499060546465741,0.054989389135913336,52.0,194.0,-0.01716378804218168,0.0666324686419673,,0.0,96.0,0.033872365079065915,,0.0,98.0,0.5611729664470305,,52.0,0.0,-0.09080130249488216,-0.07216042174312598,-0.05739527072340156,0.9999998502425812
EX06__position_120,return_10,OPPORTUNITY_ENTRY,182,275,DESCRIBED,-1.0,0.39641434758853944,-0.10663942184859863,-0.11607397363030497,0.9408395661039466,0.205,-0.2848186274885959,0.09499126788495496,47.0,184.0,-0.029837472459053122,0.1737486290671115,,0.0,91.0,0.0678759949657084,,0.0,93.0,0.7324728029183599,,47.0,0.0,-0.14789419307786522,-0.09319165103283211,-0.09466988191924286,0.9999998502425812
EX06__position_120,adverse_5,RISK_CONTEXT,187,290,DESCRIBED,1.0,0.382192953931265,0.0699980938434289,0.004306500835837566,0.7201345457177318,0.772,-0.08997720984936898,0.2173063189477917,194.0,52.0,-0.006098302491073741,0.39648542376687906,,96.0,0.0,0.20995511949800266,,98.0,0.0,0.4811298984817033,,0.0,52.0,-0.10890144916194333,-0.0606576011806943,-0.06368833342941205,0.9999998502425812
EX06__position_120,range_5,RISK_CONTEXT,187,290,DESCRIBED,1.0,0.4242832978004925,0.2383268780891088,0.25351230138863434,0.36809639527182325,0.912,-0.050992710374474746,0.48973761185001385,194.0,52.0,0.0006168376812366941,0.4620759125342305,,96.0,0.0,0.5281333805076642,,98.0,0.0,0.2601064520146313,,0.0,52.0,-0.13852171461823448,0.05281824097993837,-0.008591876069989901,0.9999998502425812
EX06__position_120,persistence_3,CONFIRMATION,189,296,DESCRIBED,-1.0,0.24189808409619237,-0.05220255300062245,-0.09365066144727159,0.8817674891415284,0.238,-0.15003049566993162,0.05957122706612958,54.0,198.0,-0.0897867564534231,0.06280388184201044,,0.0,98.0,0.03808167719768851,,0.0,100.0,0.40937410418618214,,54.0,0.0,-0.1023928964427041,-0.12987534037315185,-0.04743264495777977,0.9999998502425812
EX06__vol_ratio_10_60,return_1,OPPORTUNITY_ENTRY,191,302,DESCRIBED,1.0,0.08555389454054055,0.007294089006588575,0.026809635706040523,0.5743937830200567,0.53,-0.08179183638809483,0.09169004016100192,123.0,21.0,0.0005329638123622508,-0.06764037317997408,0.006773477298843441,54.0,1.0,0.020613357059663304,-0.03225643314073435,54.0,2.0,-0.06814726773952523,0.002595726762159541,15.0,18.0,0.0004320147460612489,-0.0454003542628052,0.005842350314156364,0.9999998502425812
EX06__vol_ratio_10_60,return_3,OPPORTUNITY_ENTRY,189,296,DESCRIBED,1.0,0.19917310787617998,-0.062128244147028326,-0.06645243085921052,0.776343060528669,0.243,-0.21312687701615873,0.09060841405366916,117.0,19.0,-0.0011647080377045586,-0.11538723169359151,-0.012875270107996085,53.0,1.0,-0.11577143459869638,-0.03376855562571669,49.0,2.0,-0.04726044639988242,2.4401254510998715e-05,15.0,16.0,-0.007559143730545115,-0.07918668498525605,0.013830240671951599,0.9999998502425812
EX06__vol_ratio_10_60,return_5,OPPORTUNITY_ENTRY,187,290,DESCRIBED,1.0,0.2585386062728266,-0.06956465396043372,-0.0857730482670055,0.7776702109244193,0.245,-0.24605520659024774,0.09413634855066172,115.0,18.0,0.0021454757040877018,-0.07230216981802842,0.0016143948422587331,53.0,1.0,-0.2229488884839551,-0.04233600738853455,47.0,2.0,-0.0024670877905968833,0.0041346141236248725,15.0,15.0,-0.0014790169250353813,-0.07216042174312598,0.010894185497395514,0.9999998502425812
EX06__vol_ratio_10_60,return_10,OPPORTUNITY_ENTRY,182,275,DESCRIBED,1.0,0.4734161618069083,-0.01741985876781432,-0.05223969302674476,0.7698532230340919,0.449,-0.2265345337345416,0.17286722432459345,110.0,13.0,0.0053875370035129586,0.03681721483602674,0.0020579160777516176,53.0,1.0,-0.3446358734957583,-0.07333717563936713,42.0,2.0,0.13999185275241022,0.013947232367534772,15.0,10.0,0.017751091408225617,-0.09319165103283211,0.024941358218323217,0.9999998502425812
EX06__vol_ratio_10_60,adverse_5,RISK_CONTEXT,187,290,DESCRIBED,-1.0,0.05254348674343086,-0.131005683718281,-0.07998135202722899,0.9812487015533086,0.035,-0.24066519069606973,-0.012265537084916686,18.0,115.0,-0.01177304722260351,-0.2532783803909211,-0.020454372371027908,1.0,53.0,-0.1297585236286476,-0.02574985371589203,2.0,47.0,-0.2408802841544032,-0.01655257293312567,15.0,15.0,-0.0244556326850065,-0.0606576011806943,-1.369223660474539e-05,0.9999998502425812
EX06__vol_ratio_10_60,range_5,RISK_CONTEXT,187,290,DESCRIBED,1.0,0.3156126242847548,0.16819041552062125,0.05160887968244322,0.12056577272055657,0.885,-0.05155749379191995,0.36163452536719004,115.0,18.0,0.006725683039221473,0.17823761401958244,0.013355249698768801,53.0,1.0,0.055113630397738506,-0.009369731007307383,47.0,2.0,0.6279663584990542,0.01289537322344219,15.0,15.0,0.032277555563705596,0.05281824097993837,-0.020798382907029733,0.8253555510889005
EX06__vol_ratio_10_60,persistence_3,CONFIRMATION,189,296,DESCRIBED,1.0,0.17316022071072174,-0.005612458326954989,0.0050148762013168795,0.5283286704926994,0.444,-0.1237420245339264,0.10706134041414285,117.0,19.0,0.026390763232868597,-0.09037529361554174,-0.14465408805031443,53.0,1.0,0.007962104801861046,-0.2482993197278911,49.0,2.0,0.028847565468321876,0.07638888888888884,15.0,16.0,-0.006484779643006533,-0.12987534037315185,0.030954774528805573,0.9999998502425812
EX06__loss_concentration_60,return_1,OPPORTUNITY_ENTRY,191,302,DESCRIBED,-1.0,0.07269133129127371,-0.05383084783548863,-0.025284764290822607,0.9248883615131319,0.174,-0.1475724010052445,0.036270429040607156,57.0,44.0,-0.004052151624279953,-0.02820585325534184,,0.0,27.0,-0.018236342003545732,-0.004569277621289749,9.0,17.0,0.3733018833242129,,48.0,0.0,0.001649524581285311,-0.0454003542628052,0.0036634720040317204,0.9999998502425812
EX06__loss_concentration_60,return_3,OPPORTUNITY_ENTRY,189,296,DESCRIBED,-1.0,0.15594712136120625,-0.11076791182853048,-0.04363330973500465,0.9093906956912752,0.084,-0.2427192555696288,0.01813406495129536,57.0,46.0,-0.009619309312984206,-0.08828200452300244,,0.0,29.0,-0.030589643368958447,0.002959261728563707,9.0,17.0,0.6187085098436014,,48.0,0.0,-0.0016049561939759371,-0.07918668498525605,0.0013230532227808123,0.9999998502425812
EX06__loss_concentration_60,return_5,OPPORTUNITY_ENTRY,187,290,DESCRIBED,-1.0,0.19082184346181863,-0.13112317135257365,-0.044113280284197066,0.7977169719645878,0.086,-0.2895791217212516,0.032599470478527647,56.0,48.0,-0.004905153162316364,-0.05373826970590478,,0.0,31.0,-0.03535377600648003,0.027153914304079742,9.0,17.0,0.605800711547541,,47.0,0.0,-0.011338449272613182,-0.07216042174312598,-0.007520342593188012,0.9999998502425812
EX06__loss_concentration_60,return_10,OPPORTUNITY_ENTRY,182,275,DESCRIBED,-1.0,0.3044156817667391,-0.12717237479419002,0.003126280257349759,0.6372945335501914,0.15,-0.32754713480196357,0.06649889798896925,51.0,53.0,-0.0015585738970156585,0.02484942798598723,,0.0,35.0,0.02152426291505697,0.04345613688152288,9.0,18.0,0.6852676289550153,,42.0,0.0,-0.03183693200529136,-0.09319165103283211,-0.03320273778468996,0.9999998502425812
EX06__loss_concentration_60,adverse_5,RISK_CONTEXT,187,290,DESCRIBED,-1.0,0.0031889525019044543,0.07386973064996098,-0.07696569437251909,0.4207472493437702,0.846,-0.0468841730164603,0.21085746229832159,56.0,48.0,-0.003922535067254807,-0.2954250940041627,,0.0,31.0,-0.07934966848240436,-0.017835218359816205,9.0,17.0,-0.5520558240123773,,47.0,0.0,-0.0062036002870766715,-0.0606576011806943,-0.004623800358978691,0.9999998502425812
EX06__loss_concentration_60,range_5,RISK_CONTEXT,187,290,DESCRIBED,-1.0,0.495568684623047,-0.002111524181006652,-0.1690394448906892,0.7187172971564332,0.545,-0.2713904692297736,0.277329912488939,56.0,48.0,-0.0045780631893622865,-0.5927619797336803,,0.0,31.0,-0.22070046656676817,-0.003155922586357232,9.0,17.0,-0.21122702192844797,,47.0,0.0,-0.07700556778767664,0.05281824097993837,-0.0990088031242824,0.9999998502425812
EX06__loss_concentration_60,persistence_3,CONFIRMATION,189,296,DESCRIBED,-1.0,0.09576493504575835,-0.0786798366769038,-0.04843395012886538,0.8684297186806409,0.128,-0.1906901359251576,0.03128976597675856,57.0,46.0,-0.05174167302313748,-0.006830940547024633,,0.0,29.0,0.01882264519369791,0.07625272331154687,9.0,17.0,0.44857161577803534,,48.0,0.0,-0.001061095591731842,-0.12987534037315185,-0.0015567098387603284,0.9999998502425812
EX06__index_return_5,return_1,OPPORTUNITY_ENTRY,191,302,DESCRIBED,-1.0,0.15058195008330225,-0.019108287092017576,-0.004391411837053984,0.83656676488152,0.366,-0.10136906363849016,0.07302208396429302,75.0,120.0,-0.0036255130645116633,0.0970612315462733,0.0005402303594529421,20.0,56.0,-0.017947373499134337,-0.004134330546586254,29.0,52.0,-0.086816266450225,-0.004600415229637799,26.0,12.0,-0.03306226811510404,-0.0454003542628052,-0.0004113094745308299,0.9999998502425812
EX06__index_return_5,return_3,OPPORTUNITY_ENTRY,189,296,DESCRIBED,-1.0,0.215244357110802,-0.035516179526607114,0.01971478412156378,0.825203111006699,0.379,-0.1547155673049894,0.12070429828803914,73.0,123.0,-0.008620210754416265,0.1174527758008402,-0.007109774267734528,20.0,58.0,0.03057906423512345,-0.0016441834057480311,27.0,53.0,-0.11962280873320238,-0.0033735306652403693,26.0,12.0,-0.040305050546819876,-0.07918668498525605,-0.00018885967467574538,0.9999998502425812
EX06__index_return_5,return_5,OPPORTUNITY_ENTRY,187,290,DESCRIBED,-1.0,0.12938629391341305,-0.025753551286836453,0.01192707609381554,0.8492897938579448,0.411,-0.16309287730410613,0.14710676797025787,73.0,117.0,-0.015578001110894382,0.12309678669778645,-0.007289248977038746,20.0,56.0,0.09569360939378826,-0.0018037167417465968,27.0,51.0,-0.21473268644710336,-0.030435032063034554,26.0,10.0,-0.02670863249907085,-0.07216042174312598,-0.0003353106099763803,0.9999998502425812
EX06__index_return_5,return_10,OPPORTUNITY_ENTRY,182,275,DESCRIBED,-1.0,0.16784957506002773,-0.0519024892708902,0.009351720954386775,0.8037128038830633,0.335,-0.1985925385846871,0.13083852385372224,71.0,107.0,-0.01989912024245641,0.2272479155252933,0.009817297536187621,19.0,52.0,0.005582833701199996,-0.005822887802567199,27.0,45.0,-0.29718104011500596,-0.046111609503675315,25.0,10.0,-0.04363048191322072,-0.09319165103283211,-0.0008016289816288324,0.9999998502425812
EX06__index_return_5,adverse_5,RISK_CONTEXT,187,290,DESCRIBED,1.0,0.09874507505720581,0.0003456475433091066,0.03648384846923023,0.871497911177677,0.52,-0.13525847729843338,0.16157713008973748,117.0,73.0,-0.01313402255202336,0.25855737719099625,-0.0037190583227975187,56.0,20.0,0.10446320904058201,-0.0005357560539125256,51.0,27.0,-0.37579760534889045,-0.032518537767345625,10.0,26.0,-0.04826585924608273,-0.0606576011806943,-0.0017633004240613648,0.9999998502425812
EX06__index_return_5,range_5,RISK_CONTEXT,187,290,DESCRIBED,-1.0,0.028402438532036015,-0.06937930737072297,-0.027448192216808515,0.5019419229126683,0.311,-0.29131650230901474,0.15708275018605242,73.0,117.0,0.0004125951164254127,-0.2777456963807449,-0.004592010757159287,20.0,56.0,-0.2264980133094366,-0.003899856079598179,27.0,51.0,0.48183919885691484,0.00965492738240813,26.0,10.0,-0.15164198780479143,0.05281824097993837,-0.002522121591342019,0.9999998502425812
EX06__index_return_5,persistence_3,CONFIRMATION,189,296,DESCRIBED,-1.0,0.2466429009352973,-0.003048908928953256,-0.0009527246815382407,0.6478597199256053,0.535,-0.09405789990101944,0.11515923037093519,73.0,123.0,-0.055128633478115696,0.10328727737905864,-0.007471264367816088,20.0,58.0,0.0261143791588097,-0.035406475658048,27.0,53.0,-0.03539671223019638,-0.006410256410256443,26.0,12.0,-0.09918806725678242,-0.12987534037315185,-0.002500834689932452,0.9999998502425812
EX06__index_return_20,return_1,OPPORTUNITY_ENTRY,191,302,DESCRIBED,-1.0,0.10933307385270134,0.004117256868897185,-0.03606299113113001,0.7401051931796301,0.542,-0.09169519673731054,0.10176960433217028,55.0,169.0,-0.003175803386054967,0.14742480991909,0.005278675864807954,8.0,85.0,0.06942747331892539,-0.002734722686732176,16.0,75.0,-0.03252144880643008,-0.0021049607575863195,31.0,9.0,-0.008964295484547469,-0.0454003542628052,-0.006524187931981951,0.9999998502425812
EX06__index_return_20,return_3,OPPORTUNITY_ENTRY,189,296,DESCRIBED,-1.0,0.11423180530748216,0.04468371743817772,0.042583878177098515,0.6453428994647773,0.687,-0.1077933492322054,0.22072439037563724,54.0,166.0,-0.006179423257388853,0.26698217125213236,0.0116610804012287,8.0,82.0,0.11387749320153573,-0.0005993295646649979,16.0,75.0,0.08877075964338163,0.006126371720802971,30.0,9.0,-0.013873924828287976,-0.07918668498525605,-0.013373263923088574,0.9999998502425812
EX06__index_return_20,return_5,OPPORTUNITY_ENTRY,187,290,DESCRIBED,-1.0,0.09939352898955904,0.08554528140853246,0.07272192748201935,0.5997819904981356,0.809,-0.0756609961653308,0.28845903608601053,54.0,162.0,-0.0072239421776159616,0.29995311489669474,0.0079715251430061,8.0,80.0,0.19793044189407277,0.007486041189308375,16.0,73.0,0.1616511046976784,0.006365939703899405,30.0,9.0,-0.01817662047464963,-0.07216042174312598,-0.01922739684600594,0.9999998502425812
EX06__index_return_20,return_10,OPPORTUNITY_ENTRY,182,275,DESCRIBED,-1.0,0.09219021684570441,0.09964876632549788,0.10946712443380169,0.621076958997594,0.761,-0.12348670638834233,0.31893930018186745,49.0,154.0,-0.012365820362647731,0.3513334132708404,0.015509408550907187,7.0,74.0,0.25388981198123933,0.020638937701522926,15.0,71.0,0.2786947602844057,0.004099472473061885,27.0,9.0,-0.021229620906963342,-0.09319165103283211,-0.018836706678391435,0.9999998502425812
EX06__index_return_20,adverse_5,RISK_CONTEXT,187,290,DESCRIBED,1.0,0.1876583258156644,0.19575167834650753,0.16474893506052596,0.5572205840549678,0.964,0.01791731597759443,0.39246836073830094,162.0,54.0,-0.006519872178048676,0.524043175705595,0.013321895693657805,80.0,8.0,0.32768763359809183,0.014454393046506982,73.0,16.0,-0.10476222972537068,-0.014219795815339345,9.0,30.0,-0.1076929972939078,-0.0606576011806943,-0.05870143462370314,0.9999998502425812
EX06__index_return_20,range_5,RISK_CONTEXT,187,290,DESCRIBED,1.0,0.2676292579800998,0.22005006077140246,0.1775220583622504,0.5148018970556798,0.953,0.004802787974030068,0.4717328186950445,162.0,54.0,-0.0019438641576493484,0.5130789696279529,0.0023455080554440587,80.0,8.0,0.32776891227505583,0.008539172115697644,73.0,16.0,-0.5752969940601015,-0.012087325049660237,9.0,30.0,-0.14849877454316185,0.05281824097993837,-0.03817874438616031,0.9999998502425812
EX06__index_return_20,persistence_3,CONFIRMATION,189,296,DESCRIBED,-1.0,0.1985368951475155,0.04717403303894739,-0.013046174063123216,0.613419611333108,0.755,-0.06387309520483625,0.17745332650783813,54.0,166.0,-0.052208835341365445,0.1954003353437283,0.09349593495934949,8.0,82.0,0.12831652054637563,-0.07194444444444448,16.0,75.0,0.08012705554926847,0.09629629629629627,30.0,9.0,-0.0425993732013783,-0.12987534037315185,-0.0226576424890792,0.9999998502425812
EX06__index_return_60,return_1,OPPORTUNITY_ENTRY,191,302,DESCRIBED,-1.0,0.17203608470281315,-0.009344912711097622,-0.04021151273561715,0.8531303387010356,0.463,-0.10422833596722654,0.07743176782532384,55.0,166.0,-0.002679981955559466,0.06644647773781391,,0.0,83.0,0.15614595708810497,,0.0,83.0,0.2526558201351305,,55.0,0.0,-0.00924870571492642,-0.0454003542628052,-0.02181241059825889,0.9999998502425812
EX06__index_return_60,return_3,OPPORTUNITY_ENTRY,189,296,DESCRIBED,-1.0,0.22942879209308184,-0.035517614726689094,-0.06725292318512657,0.9021435313391944,0.32,-0.17108708772712966,0.09931689007180636,53.0,165.0,-0.009475408880449317,0.12777365122971743,,0.0,82.0,0.12007965377168683,,0.0,83.0,0.547510393999076,,53.0,0.0,-0.01667836281650037,-0.07918668498525605,-0.04644784886722242,0.9999998502425812
EX06__index_return_60,return_5,OPPORTUNITY_ENTRY,187,290,DESCRIBED,-1.0,0.28675678168517044,-0.025617776504437334,-0.06665813813030701,0.8510177759315488,0.383,-0.18162958402366716,0.12713047918104103,51.0,161.0,-0.012277445211042971,0.08869456364013412,,0.0,80.0,0.21249384476514227,,0.0,81.0,0.6336003356739422,,51.0,0.0,-0.03853985130430959,-0.07216042174312598,-0.08685692686660129,0.9999998502425812
EX06__index_return_60,return_10,OPPORTUNITY_ENTRY,182,275,DESCRIBED,-1.0,0.4031503084949543,-0.01990819861432306,-0.0627131358010444,0.8183131214879729,0.413,-0.22279358502604557,0.1757360292376957,47.0,153.0,-0.020179178084824435,0.16300497219317472,,0.0,76.0,0.3221012377559487,0.05671954250505963,1.0,77.0,0.66827183912537,,46.0,0.0,-0.08724978225754376,-0.09319165103283211,-0.152685193704289,0.9999998502425812
EX06__index_return_60,adverse_5,RISK_CONTEXT,187,290,DESCRIBED,1.0,0.3269469399869927,0.13091645055632004,0.014124486288942712,0.5938621309058616,0.915,-0.022379560693826683,0.2576002018474196,161.0,51.0,-0.0027909031596966283,0.508745638156289,,80.0,0.0,0.20811947679207796,,81.0,0.0,0.6330395446997508,,0.0,51.0,-0.059518538340656235,-0.0606576011806943,-0.10455028840022451,0.9999998502425812
EX06__index_return_60,range_5,RISK_CONTEXT,187,290,DESCRIBED,1.0,0.2016138207950554,0.2608406355029359,0.17803131038911038,0.29838136397861337,0.947,-0.005910073637066402,0.5007755533157142,161.0,51.0,0.001654626993065969,0.7604420959054832,,80.0,0.0,0.01827266997310844,,81.0,0.0,0.5520052489290902,,0.0,51.0,-0.0409853479201332,0.05281824097993837,-0.03471162550006812,0.9999998502425812
EX06__index_return_60,persistence_3,CONFIRMATION,189,296,DESCRIBED,-1.0,0.21266651235600686,0.017230346975784055,-0.06318012928182419,0.7880309150455298,0.568,-0.10931680499127831,0.13140996340403815,53.0,165.0,-0.06880121974461595,0.15282264249171637,,0.0,82.0,0.1798129223374671,,0.0,83.0,0.3414842866021428,,53.0,0.0,-0.024854546600505678,-0.12987534037315185,-0.045863772618163656,0.9999998502425812
EX06__index_vol_20,return_1,OPPORTUNITY_ENTRY,191,302,DESCRIBED,1.0,0.05919133223654654,-0.03578020274570042,0.12357841139331642,0.38723468046229415,0.247,-0.11951105284894348,0.04879940707870802,100.0,12.0,-0.001278232298849258,-0.018619451056264537,0.002519395386284612,15.0,12.0,-0.06015156470227157,,47.0,0.0,-0.001991377935305381,,38.0,0.0,-0.0076518503268570015,-0.0454003542628052,-0.002007723865787847,0.9999998502425812
EX06__index_vol_20,return_3,OPPORTUNITY_ENTRY,189,296,DESCRIBED,1.0,0.19635221836278674,-0.1378042314458522,0.13484270094439585,0.7970969789494424,0.074,-0.2890002157782057,0.014720009766962814,95.0,12.0,-0.00870596640371147,-0.014688133392899897,0.0012799777268263958,15.0,12.0,-0.17283012087242605,,43.0,0.0,0.037057953274236534,,37.0,0.0,-0.03385327293393825,-0.07918668498525605,-0.004725341087414181,0.9999998502425812
EX06__index_vol_20,return_5,OPPORTUNITY_ENTRY,187,290,DESCRIBED,1.0,0.2901316215110931,-0.14435312996315394,0.17005106051119556,0.821566092102793,0.087,-0.2999019735430663,0.026367996131916253,95.0,14.0,-0.018416719476419454,0.03787697924583473,-0.006222694448113573,15.0,14.0,-0.18300667673821333,,43.0,0.0,0.10062005370447488,,37.0,0.0,-0.041644283005566995,-0.07216042174312598,-0.002857544471119189,0.9999998502425812
EX06__index_vol_20,return_10,OPPORTUNITY_ENTRY,182,275,DESCRIBED,1.0,0.39021644685880547,-0.2537063069226827,0.20898300683765617,0.9205256157824826,0.011,-0.4177163061512363,-0.06934628175653947,89.0,17.0,-0.037745583381692524,0.06810778342792531,-0.050166432135393735,15.0,17.0,-0.33418313073765854,,37.0,0.0,0.11535643783300055,,37.0,0.0,-0.04799055260486029,-0.09319165103283211,0.007942344491791209,0.9999998502425812
EX06__index_vol_20,adverse_5,RISK_CONTEXT,187,290,DESCRIBED,-1.0,0.12707662738479733,-0.31842378231640317,0.11405105067057668,0.9958756267547602,0.004,-0.4773668554281865,-0.13389515030565946,14.0,95.0,-0.03256090752855753,-0.2111062563708976,-0.024517921422101234,14.0,15.0,-0.05778885961275775,,0.0,43.0,-0.14525041682200565,,0.0,37.0,-0.018503001534207142,-0.0606576011806943,-0.00185862724127972,0.9999998502425812
EX06__index_vol_20,range_5,RISK_CONTEXT,187,290,DESCRIBED,1.0,0.2885535071331834,0.500233013631292,0.05066221214652189,3.619216300616358e-05,0.999,0.23563625092553536,0.6827596204526476,95.0,14.0,0.018214907533601096,0.4027067905872904,0.018701477457454846,15.0,14.0,-0.1455028924085138,,43.0,0.0,0.6098344957554679,,37.0,0.0,0.1883620287788076,0.05281824097993837,0.005255203033654454,0.0011867219764652584
EX06__index_vol_20,persistence_3,CONFIRMATION,189,296,DESCRIBED,1.0,0.11437813517551337,-0.11957345523108073,0.06390196051213,0.8627617261902316,0.066,-0.24780335393808273,0.009331013559887755,95.0,12.0,-0.09181286549707601,-0.04960228227148483,-0.07777777777777772,15.0,12.0,-0.06897149867645924,,43.0,0.0,0.05104803062277026,,37.0,0.0,-0.01985520922224837,-0.12987534037315185,-0.005583859418621717,0.9999998502425812
EX06__etf_return_1,return_1,OPPORTUNITY_ENTRY,190,302,DESCRIBED,-1.0,0.09674711649830911,0.08635756087862448,0.09281086300969102,0.08888690864704546,0.971,0.012327721515770598,0.16291950874329064,80.0,87.0,0.0029490070792974406,0.07004479900716132,0.0016180943066825013,22.0,31.0,0.09342368718472888,0.00498769734693269,35.0,38.0,0.10613639783594214,0.002828959913090459,23.0,18.0,0.005507810820202463,-0.0454003542628052,0.015116522864903614,0.7094454175211733
EX06__etf_return_1,return_3,OPPORTUNITY_ENTRY,188,296,DESCRIBED,-1.0,0.14580928076388555,0.06703739968362135,0.09873448178532923,0.1555475837283521,0.864,-0.03277867990394538,0.18913175410604668,75.0,87.0,0.004031534942819086,0.190611379963331,-0.0014980230924734538,21.0,31.0,0.08644150658809002,0.01226989702748629,33.0,38.0,-0.010480812204367149,-7.00487973204194e-05,21.0,18.0,-0.009269515353427904,-0.07918668498525605,0.012749701755718212,0.9037894909244031
EX06__etf_return_1,return_5,OPPORTUNITY_ENTRY,186,290,DESCRIBED,-1.0,0.120640072984985,-0.02264638899357427,-0.009723761527362457,0.747449571508722,0.356,-0.10203606505768044,0.06848887451577164,75.0,85.0,-0.00639071569326947,0.032307798767678315,-0.00599967598636263,21.0,31.0,-0.012759496252966941,-0.0008316940006783576,33.0,37.0,-0.0018466939482740432,-0.009356391509939915,21.0,17.0,-0.015072065233529441,-0.07216042174312598,-0.004196504474731411,0.9999998502425812
EX06__etf_return_1,return_10,OPPORTUNITY_ENTRY,181,275,DESCRIBED,-1.0,0.11118498081428582,-0.03292091603089712,-0.012900377946395083,0.7855138220471414,0.343,-0.13042888032616548,0.07491574763628715,73.0,79.0,-0.012570325664407085,0.03327648397550424,-0.0092522860002978,20.0,29.0,0.04499289009254238,0.00689224421286265,32.0,35.0,-0.20160172857994707,-0.0398593522975307,21.0,15.0,-0.015052264962537087,-0.09319165103283211,-0.0030038846213267245,0.9999998502425812
EX06__etf_return_1,adverse_5,RISK_CONTEXT,186,290,DESCRIBED,1.0,0.11969859009024245,0.04677837242213775,0.050042745188244885,0.6663999008044098,0.75,-0.052682310245728836,0.161413598369949,85.0,75.0,-0.004731934433998851,0.1033843124079148,-0.005160215986555982,31.0,21.0,0.07394277729459457,0.002784786592745614,37.0,33.0,-0.09030333407060072,-0.010957525698720043,17.0,21.0,-0.008165225018973876,-0.0606576011806943,7.800757040654638e-06,0.9999998502425812
EX06__etf_return_1,range_5,RISK_CONTEXT,186,290,DESCRIBED,-1.0,0.009007702708189886,0.018512929944136003,0.031194515823100115,0.31551613621761976,0.621,-0.08207100573297584,0.1220333664883013,75.0,85.0,0.0012710172726535691,0.043557005747606646,9.12088531331047e-05,21.0,31.0,-0.03836191285690715,-0.0021187371888737316,33.0,37.0,0.2318832034382774,0.006129162081591307,21.0,17.0,-0.02508435638050588,0.05281824097993837,0.00093646097530109,0.9999998502425812
EX06__etf_return_1,persistence_3,CONFIRMATION,188,296,DESCRIBED,-1.0,0.1359926680440492,0.078432635789254,0.07769448955889632,0.1308813232592756,0.933,-0.009530350550796792,0.1763315280838322,75.0,87.0,0.07969348659003855,0.1794567906530587,0.13517665130568357,21.0,31.0,0.041591509547788987,0.062200956937799146,33.0,38.0,0.048283639836857524,0.06613756613756616,21.0,18.0,-0.004989941315598934,-0.12987534037315185,0.0050364968614584615,0.8362980963131148
EX06__etf_return_5,return_1,OPPORTUNITY_ENTRY,186,302,DESCRIBED,-1.0,0.159586431460819,-0.023102285975698696,-0.012278918151655433,0.8602396051511603,0.38,-0.0945082298017652,0.0766812343859292,76.0,125.0,-0.0035009060229042512,0.09104768860464157,0.0009012277932066808,20.0,60.0,-0.022184762045217275,-0.004365890788313567,30.0,53.0,-0.09141335730427491,-0.004600415229637799,26.0,12.0,-0.0380017848432439,-0.0454003542628052,-0.00151818891763833,0.9999998502425812
EX06__etf_return_5,return_3,OPPORTUNITY_ENTRY,184,296,DESCRIBED,-1.0,0.21390022789946594,-0.03646006272062157,0.020200169352711725,0.8313942422258722,0.345,-0.15842603433080638,0.11937712046388847,74.0,125.0,-0.008591541002310611,0.12090316909569666,-0.00695426691212403,20.0,60.0,0.025722510245659944,-0.002191567489529554,28.0,53.0,-0.12193468886824033,-0.0033735306652403693,26.0,12.0,-0.04568557028250586,-0.07918668498525605,-0.0017580994126209504,0.9999998502425812
EX06__etf_return_5,return_5,OPPORTUNITY_ENTRY,182,290,DESCRIBED,-1.0,0.13087163654247588,-0.032605693521963956,-0.004783770851348841,0.8634583727799281,0.419,-0.15524431142854567,0.13082840492620942,74.0,119.0,-0.015667541282573253,0.12077084694188246,-0.006997791079644781,20.0,58.0,0.0868295908631823,-0.0028883614197622465,28.0,51.0,-0.22516924232229285,-0.030435032063034554,26.0,10.0,-0.030504581394394048,-0.07216042174312598,-0.0010336276688835966,0.9999998502425812
EX06__etf_return_5,return_10,OPPORTUNITY_ENTRY,177,275,DESCRIBED,-1.0,0.17046558735158931,-0.055623294246388004,0.0008851446871123164,0.8139980706309394,0.313,-0.21562450357349486,0.12847838977671688,72.0,111.0,-0.02016545375045598,0.2327745282712154,0.008863481992130929,19.0,56.0,-0.0028586921428139316,-0.006257398633260476,28.0,45.0,-0.3253780627445305,-0.046111609503675315,25.0,10.0,-0.046485143867672774,-0.09319165103283211,-0.001384181195696943,0.9999998502425812
EX06__etf_return_5,adverse_5,RISK_CONTEXT,182,290,DESCRIBED,1.0,0.09472816430163046,-0.008679580193091653,0.017413713148419906,0.8843220549059662,0.487,-0.135648360111344,0.16173030994862683,119.0,74.0,-0.01370967954188012,0.24526654621959004,-0.004140919571250731,58.0,20.0,0.09942172145707512,-0.0016022590156310954,51.0,28.0,-0.37099019897807045,-0.032518537767345625,10.0,26.0,-0.044741855692625565,-0.0606576011806943,-0.0005375620597609654,0.9999998502425812
EX06__etf_return_5,range_5,RISK_CONTEXT,182,290,DESCRIBED,-1.0,0.026908989570845955,-0.06693701872322848,-0.02816557333290691,0.49477338991861364,0.305,-0.3027779399243437,0.15748541646965303,74.0,119.0,0.0008131406355161297,-0.2636788700671529,-0.0040993527142741855,20.0,58.0,-0.2379536527195231,-0.0036849052101825194,28.0,51.0,0.4690666514478626,0.00965492738240813,26.0,10.0,-0.15043634771662817,0.05281824097993837,-0.0038972887422141778,0.9999998502425812
EX06__etf_return_5,persistence_3,CONFIRMATION,184,296,DESCRIBED,-1.0,0.2545576178994337,-0.008601715111311987,-0.014655950249170588,0.6775340200707811,0.449,-0.10211243464331302,0.1050492030044653,74.0,125.0,-0.0583423423423422,0.10258531341560831,-1.1102230246251565e-16,20.0,60.0,0.021601860855256227,-0.05480682839173401,28.0,53.0,-0.04745057375998993,-0.006410256410256443,26.0,12.0,-0.10836329274264767,-0.12987534037315185,-0.004590127119866061,0.9999998502425812
EX06__etf_vol_20,return_1,OPPORTUNITY_ENTRY,171,302,DESCRIBED,1.0,0.10642748114691383,-0.016858079572493967,0.06698389801137163,0.5386371775482999,0.411,-0.0995075285712521,0.07335987301961164,154.0,11.0,0.00011270816370778365,-0.03420269830708434,0.0018181260889451837,33.0,11.0,-0.006519121049841987,,82.0,0.0,0.01629490942581395,,39.0,0.0,-0.006578944293881728,-0.0454003542628052,-0.00012511869446929502,0.9999998502425812
EX06__etf_vol_20,return_3,OPPORTUNITY_ENTRY,169,296,DESCRIBED,1.0,0.2880586049642314,-0.11039719522034609,0.06830374288001406,0.8449726045524582,0.11,-0.2692226157600201,0.03841267945014346,151.0,11.0,-0.009588519724345278,-0.04373681737355298,-0.005152182652982058,33.0,11.0,-0.1046081437767294,,79.0,0.0,0.07435782604207754,,39.0,0.0,-0.030127937743265942,-0.07918668498525605,-0.0006939010149074054,0.9999998502425812
EX06__etf_vol_20,return_5,OPPORTUNITY_ENTRY,167,290,DESCRIBED,1.0,0.37417089073269943,-0.12009690051415657,0.08953610092538719,0.8630248907370883,0.129,-0.2845172148315689,0.043984922673806534,149.0,11.0,-0.006704167042665295,0.0010326023364983323,-0.0008764039421519411,33.0,11.0,-0.09852394634955232,,77.0,0.0,0.10127498232544524,,39.0,0.0,-0.03752367824991243,-0.07216042174312598,-0.0009921207535448229,0.9999998502425812
EX06__etf_vol_20,return_10,OPPORTUNITY_ENTRY,162,275,DESCRIBED,1.0,0.47797391179139553,-0.20501028734346666,0.2382360578171432,0.8913748191345003,0.03,-0.3872863181275011,-0.029760854734991647,73.0,13.0,-0.04426973590999113,0.08162393042032368,-0.05842341463815965,14.0,13.0,-0.2714530604973085,,25.0,0.0,0.20270725170538686,,34.0,0.0,-0.04389609759971136,-0.09319165103283211,-0.001322518041266596,0.9999998502425812
EX06__etf_vol_20,adverse_5,RISK_CONTEXT,167,290,DESCRIBED,-1.0,0.22404744412874675,-0.30890634832339003,0.04024493300383661,0.9959362700019581,0.001,-0.46581576266908126,-0.13260437917964596,11.0,149.0,-0.029137976275425803,-0.20753479815247955,-0.02166171102841482,11.0,33.0,-0.03939818370835281,,0.0,77.0,-0.1474568745436245,,0.0,39.0,-0.022095691460125355,-0.0606576011806943,-0.002031358282343465,0.9999998502425812
EX06__etf_vol_20,range_5,RISK_CONTEXT,167,290,DESCRIBED,1.0,0.24946149010069363,0.5002059615884347,-0.10169910585676732,1.634691802383811e-05,0.999,0.27889165457,0.6886784694243125,149.0,11.0,0.01756981158030009,0.33471204577796676,0.01385119668455225,33.0,11.0,-0.09048726390305939,,77.0,0.0,0.6148726543469839,,39.0,0.0,0.17347033689487013,0.05281824097993837,-0.0012404475903811107,0.0005657849960472856
EX06__etf_vol_20,persistence_3,CONFIRMATION,169,296,DESCRIBED,1.0,0.18880974775604656,-0.08882895145893248,-0.016281458654340008,0.8740023771696699,0.129,-0.2189163803459669,0.03527343253921846,151.0,11.0,-0.09171182018864144,-0.056707867554895694,-0.1010101010101011,33.0,11.0,-0.006122550717086203,,79.0,0.0,0.09326233337586277,,39.0,0.0,-0.017220189664487684,-0.12987534037315185,-0.00035866378653781616,0.9999998502425812
EX07__up_activity_5,return_1,OPPORTUNITY_ENTRY,168,302,DESCRIBED,1.0,0.021645922852663403,0.016976316462047353,0.026752561947356646,0.1780960616234325,0.626,-0.07345123425687844,0.10044746357320208,142.0,36.0,0.003180999120293248,-0.06659023279756003,0.007504599957727298,79.0,5.0,-0.007189507784718336,-1.451162370051445e-05,50.0,24.0,0.1473656353469931,0.011550633879482105,13.0,7.0,-0.0002993083570987931,-0.04005558749843252,0.001216386796727087,0.9736689694781411
EX07__up_activity_5,return_3,OPPORTUNITY_ENTRY,166,296,DESCRIBED,1.0,0.05899456399279382,0.017128168843604477,0.03713451510061679,0.20984526884017946,0.575,-0.12248773780282599,0.13906581697117926,139.0,43.0,0.013960973425353001,-0.14518079843316525,0.004625665808281672,77.0,6.0,-0.08318510824458202,0.00076091249680029,49.0,25.0,0.405671302284568,0.0482678238569625,13.0,12.0,-0.016215853217600662,-0.06231031314112667,-0.01272352501795071,0.9999998502425812
EX07__up_activity_5,return_5,OPPORTUNITY_ENTRY,164,290,DESCRIBED,1.0,0.09550978327527007,0.028088286067568156,0.05113948216203317,0.2349796518451746,0.658,-0.11248484072950556,0.16399876693755452,135.0,43.0,0.016824969016042655,-0.10322877204340351,0.0033058440329639307,75.0,6.0,-0.15132789867826635,-0.003986375907764161,47.0,25.0,0.5320810826279516,0.07217795849034683,13.0,12.0,-0.0130929987108106,-0.05598304962767897,-0.009339063293356986,0.9999998502425812
EX07__up_activity_5,return_10,OPPORTUNITY_ENTRY,159,275,DESCRIBED,1.0,0.06269014549572469,-0.007751282431484659,-0.020721848763740225,0.3935869880396354,0.5,-0.22369435715960148,0.1722801256718475,128.0,43.0,0.018365206532514323,-0.34440368186259623,-0.006744746761205296,70.0,6.0,-0.1762618240521604,-0.018640007110243828,45.0,25.0,0.5333157942897849,0.11176067570540818,13.0,12.0,-0.0037556772418068096,-0.08234034891396735,0.017437025031270426,0.9999998502425812
EX07__up_activity_5,adverse_5,RISK_CONTEXT,164,290,DESCRIBED,-1.0,0.13500706497748943,-0.05503777562723382,-0.054639298265467914,0.4308299291280205,0.275,-0.18763787827194803,0.08283411459280395,43.0,135.0,0.006727200980230819,-0.3833152662801322,-0.008754314122658407,6.0,75.0,-0.22621727369761577,-0.014742421055461294,25.0,47.0,0.4765314478868865,0.05186655272803744,12.0,13.0,-0.11120873083328808,-0.055183642986688985,-0.1345296392292321,0.9999998502425812
EX07__up_activity_5,range_5,RISK_CONTEXT,164,290,DESCRIBED,-1.0,0.07338658288571624,-0.085318563623949,-0.09325782298448748,0.7078614299740424,0.245,-0.25501461960355337,0.10901434613942511,43.0,135.0,-0.0010221986098490447,-0.4679335458043955,-0.010112508204252184,6.0,75.0,-0.3132517045952014,-0.006326340984556134,25.0,47.0,0.05440968106085482,0.005464440530685774,12.0,13.0,-0.06272429038462102,0.05507067574058733,-0.08241462910937636,0.9999998502425812
EX07__up_activity_5,persistence_3,CONFIRMATION,166,296,DESCRIBED,-1.0,0.02531973005732376,-0.006247845753135934,-0.03157317564097225,0.7166606478133264,0.489,-0.11345774499689568,0.12161558442218169,43.0,139.0,-0.1157771457252802,0.12654441228799324,-0.08874458874458868,6.0,77.0,0.08384624792602023,0.022585034013605454,25.0,49.0,-0.3172701226837194,-0.3931623931623931,12.0,13.0,-0.03822564699829978,-0.12608305005860299,-0.03991896665343719,0.9999998502425812
EX07__down_activity_5,return_1,OPPORTUNITY_ENTRY,168,302,DESCRIBED,-1.0,0.07114405671281877,-0.05039801215090477,-0.041253217750984575,0.8311774855600138,0.198,-0.13199616506566839,0.05458781916666052,82.0,96.0,-0.002613404172800192,0.0010572625719672201,-0.00339377264064702,8.0,54.0,-0.009365391010326216,0.00010762336538215622,33.0,37.0,-0.0956526375080609,-0.003949996260647937,41.0,5.0,-0.007823291082370343,-0.04005558749843252,-0.002195179690772875,0.9999998502425812
EX07__down_activity_5,return_3,OPPORTUNITY_ENTRY,166,296,DESCRIBED,-1.0,0.15403908911210432,-0.0024017099595906605,0.016368448571838404,0.6491763906449605,0.493,-0.1312463746295021,0.13930633343954466,80.0,96.0,-0.0024394060223386083,0.12368589799487324,-0.0037658479246821244,8.0,54.0,0.12695762700180402,0.01041887723468576,33.0,37.0,-0.13460592079779563,-0.013369189505193307,39.0,5.0,-0.010732060252780506,-0.06231031314112667,-0.013928026859381326,0.9999998502425812
EX07__down_activity_5,return_5,OPPORTUNITY_ENTRY,164,290,DESCRIBED,-1.0,0.13364377224488766,0.018924258910718965,0.035075655908000054,0.5459098647874455,0.588,-0.10460281365697206,0.15005127425323506,80.0,96.0,0.0016959022063488347,0.22946613656551607,0.009158748655640285,8.0,54.0,0.21526420411802297,0.03285355148428915,33.0,37.0,-0.2640641293658321,-0.047888928187724486,39.0,5.0,-0.017592732421098045,-0.05598304962767897,-0.021696851412393192,0.9999998502425812
EX07__down_activity_5,return_10,OPPORTUNITY_ENTRY,159,275,DESCRIBED,-1.0,0.06504498930060604,0.003556569516684992,0.03206947289460778,0.5758128778200267,0.506,-0.16493810915945803,0.1591621792094404,74.0,93.0,-0.0006227941177545503,0.2507134068869034,0.022529876374258722,8.0,51.0,0.2949646360148417,0.04546754229766426,31.0,37.0,-0.22900403320041957,-0.09246962071352703,35.0,5.0,-0.023015354494249962,-0.08234034891396735,-0.012162716830825149,0.9999998502425812
EX07__down_activity_5,adverse_5,RISK_CONTEXT,164,290,DESCRIBED,1.0,0.11807132444313302,0.02568551202464993,0.05894014074545148,0.5572592438088291,0.605,-0.1359473977913066,0.19020615035872399,96.0,80.0,-0.0014176450954847854,0.297461706045052,0.015487043617944826,54.0,8.0,0.1842453289715285,0.015543826905094774,37.0,33.0,-0.22790955464424853,-0.020520768369257276,5.0,39.0,-0.04033073713583102,-0.055183642986688985,-0.056536663914549035,0.9999998502425812
EX07__down_activity_5,range_5,RISK_CONTEXT,164,290,DESCRIBED,-1.0,0.06478890490886727,-0.010910236585616446,-0.03169195910730826,0.5179324332296873,0.5,-0.26002139928035223,0.21554565715932628,80.0,96.0,0.00021637760000192338,-0.2343972427166891,-0.009558144285056207,8.0,54.0,-0.1897766692328612,-0.004234890699123028,33.0,37.0,0.20625382814719082,0.00015854594718633236,39.0,5.0,-0.03367386815146545,0.05507067574058733,-0.028055296865730384,0.9999998502425812
EX07__down_activity_5,persistence_3,CONFIRMATION,166,296,DESCRIBED,-1.0,0.07282258531657167,-0.02444839278057495,0.0014158997209844666,0.606823538297456,0.356,-0.14718559655917815,0.09554078067517696,80.0,96.0,-0.005555555555555647,0.018870176163261466,-0.07407407407407407,8.0,54.0,0.09243071951485615,0.11957411957411956,33.0,37.0,-0.050117657869266335,0.003418803418803462,39.0,5.0,-0.02438107680086299,-0.12608305005860299,-0.010958230227142929,0.9999998502425812
EX07__amount_concentration_10,return_1,OPPORTUNITY_ENTRY,182,302,DESCRIBED,-1.0,0.025057752467899666,0.0063772610381242914,0.005051898998616943,0.7890731826051913,0.528,-0.07724335146473833,0.0801012229148753,41.0,88.0,-0.0031139790962468883,0.1275810814577672,-0.0020407251227000872,8.0,56.0,-0.06013257450942101,-0.005723259426052488,23.0,18.0,-0.08976734028748777,-0.0021172211659346873,10.0,14.0,-0.00987735266350076,-0.0454003542628052,-0.023986631356164967,0.9999998502425812
EX07__amount_concentration_10,return_3,OPPORTUNITY_ENTRY,180,296,DESCRIBED,1.0,0.05228161038414067,0.018617862521158178,-0.011143500974009448,0.22577012884099978,0.562,-0.1125829682068189,0.14331850992817827,91.0,35.0,0.004554182479589928,-0.262692119744698,-0.0010222925787059965,59.0,7.0,0.20337387273125165,0.021837512146727602,18.0,21.0,0.006004671050874406,-0.009096573875134857,14.0,7.0,-0.006050910903769635,-0.07918668498525605,-0.017641028486720778,0.9999998502425812
EX07__amount_concentration_10,return_5,OPPORTUNITY_ENTRY,178,290,DESCRIBED,1.0,0.08678375079003905,0.011523476476693524,-0.033603991355016315,0.3071572438887562,0.543,-0.1384302723619959,0.17663042662256545,91.0,35.0,0.008768535595501371,-0.24129836259336246,-0.009681729083336484,59.0,7.0,0.18735133053416617,0.032466670145072415,18.0,21.0,0.02422209598877492,-0.005866664049189023,14.0,7.0,-0.003998493956961724,-0.07216042174312598,-0.0018341473639644779,0.9999998502425812
EX07__amount_concentration_10,return_10,OPPORTUNITY_ENTRY,173,275,DESCRIBED,1.0,0.23442613452252045,0.013309769231089383,-0.05304232422607541,0.4002011855664708,0.527,-0.15655017200316446,0.19614582648320375,91.0,32.0,0.009937552066337327,-0.3474682806319323,-0.028807433228023146,59.0,7.0,0.07985505304487348,0.02418790465707045,18.0,18.0,0.3681536154886199,0.030898587668085953,14.0,7.0,-0.03894685135923748,-0.09319165103283211,-0.017979640547497233,0.9999998502425812
EX07__amount_concentration_10,adverse_5,RISK_CONTEXT,178,290,DESCRIBED,1.0,0.069138085536683,-0.08661675922930552,0.009961412473230442,0.8749078390726661,0.204,-0.26696082203317284,0.10475198835844853,91.0,35.0,-0.008633334329954247,0.1536616473314834,0.00532200640065076,59.0,7.0,-0.11882633892005501,-0.006756044640940789,18.0,21.0,-0.13474502698711133,-0.009402274167866705,14.0,7.0,-0.009062283708780816,-0.0606576011806943,-0.008558880930595869,0.9999998502425812
EX07__amount_concentration_10,range_5,RISK_CONTEXT,178,290,DESCRIBED,1.0,0.37294199881054846,-0.23068166702173654,-0.20311849212196956,0.94124631471045,0.065,-0.46972189202162284,0.018964268741142654,91.0,35.0,-0.005346368675096701,0.01175123686368056,0.0014615524953871736,59.0,7.0,-0.04421201715990759,0.0037253639412978684,18.0,21.0,-0.33369245833582933,-0.012969657743139889,14.0,7.0,-0.00573694327439811,0.05281824097993837,0.01675824344366028,0.9999998502425812
EX07__amount_concentration_10,persistence_3,CONFIRMATION,180,296,DESCRIBED,1.0,0.009253714789514776,0.014401467086440642,-0.005875521129758418,0.3323033217185156,0.555,-0.10468828434483797,0.12658669593076752,91.0,35.0,0.03296703296703313,-0.17055652385309195,-0.04035512510088779,59.0,7.0,0.16154346818435708,0.05820105820105831,18.0,21.0,0.010753306704008878,-0.02380952380952389,14.0,7.0,-0.001767422764313853,-0.12987534037315185,-0.022401312965860676,0.9999998502425812
EX07__etf_return_1,return_1,OPPORTUNITY_ENTRY,190,302,DESCRIBED,-1.0,0.09674711649830911,0.08635756087862448,0.09281086300969102,0.08888690864704546,0.975,0.01387510034993384,0.15992808793632074,80.0,87.0,0.0029490070792974406,0.07004479900716132,0.0016180943066825013,22.0,31.0,0.09342368718472888,0.00498769734693269,35.0,38.0,0.10613639783594214,0.002828959913090459,23.0,18.0,0.005507810820202463,-0.0454003542628052,0.015116522864903614,0.7094454175211733
EX07__etf_return_1,return_3,OPPORTUNITY_ENTRY,188,296,DESCRIBED,-1.0,0.14580928076388555,0.06703739968362135,0.09873448178532923,0.1555475837283521,0.868,-0.03066117392510285,0.18536477123685222,75.0,87.0,0.004031534942819086,0.190611379963331,-0.0014980230924734538,21.0,31.0,0.08644150658809002,0.01226989702748629,33.0,38.0,-0.010480812204367149,-7.00487973204194e-05,21.0,18.0,-0.009269515353427904,-0.07918668498525605,0.012749701755718212,0.9037894909244031
EX07__etf_return_1,return_5,OPPORTUNITY_ENTRY,186,290,DESCRIBED,-1.0,0.120640072984985,-0.02264638899357427,-0.009723761527362457,0.747449571508722,0.355,-0.10821110022721954,0.06928793712132315,75.0,85.0,-0.00639071569326947,0.032307798767678315,-0.00599967598636263,21.0,31.0,-0.012759496252966941,-0.0008316940006783576,33.0,37.0,-0.0018466939482740432,-0.009356391509939915,21.0,17.0,-0.015072065233529441,-0.07216042174312598,-0.004196504474731411,0.9999998502425812
EX07__etf_return_1,return_10,OPPORTUNITY_ENTRY,181,275,DESCRIBED,-1.0,0.11118498081428582,-0.03292091603089712,-0.012900377946395083,0.7855138220471414,0.329,-0.12294243515067828,0.07373158959692111,73.0,79.0,-0.012570325664407085,0.03327648397550424,-0.0092522860002978,20.0,29.0,0.04499289009254238,0.00689224421286265,32.0,35.0,-0.20160172857994707,-0.0398593522975307,21.0,15.0,-0.015052264962537087,-0.09319165103283211,-0.0030038846213267245,0.9999998502425812
EX07__etf_return_1,adverse_5,RISK_CONTEXT,186,290,DESCRIBED,1.0,0.11969859009024245,0.04677837242213775,0.050042745188244885,0.6663999008044098,0.753,-0.054139861228880495,0.16713984255413075,85.0,75.0,-0.004731934433998851,0.1033843124079148,-0.005160215986555982,31.0,21.0,0.07394277729459457,0.002784786592745614,37.0,33.0,-0.09030333407060072,-0.010957525698720043,17.0,21.0,-0.008165225018973876,-0.0606576011806943,7.800757040654638e-06,0.9999998502425812
EX07__etf_return_1,range_5,RISK_CONTEXT,186,290,DESCRIBED,-1.0,0.009007702708189886,0.018512929944136003,0.031194515823100115,0.31551613621761976,0.617,-0.08245837542215118,0.11897173658507738,75.0,85.0,0.0012710172726535691,0.043557005747606646,9.12088531331047e-05,21.0,31.0,-0.03836191285690715,-0.0021187371888737316,33.0,37.0,0.2318832034382774,0.006129162081591307,21.0,17.0,-0.02508435638050588,0.05281824097993837,0.00093646097530109,0.9999998502425812
EX07__etf_return_1,persistence_3,CONFIRMATION,188,296,DESCRIBED,-1.0,0.1359926680440492,0.078432635789254,0.07769448955889632,0.1308813232592756,0.938,-0.006693003146269687,0.1818381502148022,75.0,87.0,0.07969348659003855,0.1794567906530587,0.13517665130568357,21.0,31.0,0.041591509547788987,0.062200956937799146,33.0,38.0,0.048283639836857524,0.06613756613756616,21.0,18.0,-0.004989941315598934,-0.12987534037315185,0.0050364968614584615,0.8362980963131148
EX07__etf_return_5,return_1,OPPORTUNITY_ENTRY,186,302,DESCRIBED,-1.0,0.159586431460819,-0.023102285975698696,-0.012278918151655433,0.8602396051511603,0.396,-0.10148804468437854,0.07651208626684874,76.0,125.0,-0.0035009060229042512,0.09104768860464157,0.0009012277932066808,20.0,60.0,-0.022184762045217275,-0.004365890788313567,30.0,53.0,-0.09141335730427491,-0.004600415229637799,26.0,12.0,-0.0380017848432439,-0.0454003542628052,-0.00151818891763833,0.9999998502425812
EX07__etf_return_5,return_3,OPPORTUNITY_ENTRY,184,296,DESCRIBED,-1.0,0.21390022789946594,-0.03646006272062157,0.020200169352711725,0.8313942422258722,0.338,-0.15887999971452557,0.10208618825570301,74.0,125.0,-0.008591541002310611,0.12090316909569666,-0.00695426691212403,20.0,60.0,0.025722510245659944,-0.002191567489529554,28.0,53.0,-0.12193468886824033,-0.0033735306652403693,26.0,12.0,-0.04568557028250586,-0.07918668498525605,-0.0017580994126209504,0.9999998502425812
EX07__etf_return_5,return_5,OPPORTUNITY_ENTRY,182,290,DESCRIBED,-1.0,0.13087163654247588,-0.032605693521963956,-0.004783770851348841,0.8634583727799281,0.414,-0.1559863629480051,0.14030314138164449,74.0,119.0,-0.015667541282573253,0.12077084694188246,-0.006997791079644781,20.0,58.0,0.0868295908631823,-0.0028883614197622465,28.0,51.0,-0.22516924232229285,-0.030435032063034554,26.0,10.0,-0.030504581394394048,-0.07216042174312598,-0.0010336276688835966,0.9999998502425812
EX07__etf_return_5,return_10,OPPORTUNITY_ENTRY,177,275,DESCRIBED,-1.0,0.17046558735158931,-0.055623294246388004,0.0008851446871123164,0.8139980706309394,0.315,-0.21000003985328625,0.1259135852292666,72.0,111.0,-0.02016545375045598,0.2327745282712154,0.008863481992130929,19.0,56.0,-0.0028586921428139316,-0.006257398633260476,28.0,45.0,-0.3253780627445305,-0.046111609503675315,25.0,10.0,-0.046485143867672774,-0.09319165103283211,-0.001384181195696943,0.9999998502425812
EX07__etf_return_5,adverse_5,RISK_CONTEXT,182,290,DESCRIBED,1.0,0.09472816430163046,-0.008679580193091653,0.017413713148419906,0.8843220549059662,0.509,-0.1387676691324784,0.1603153431536693,119.0,74.0,-0.01370967954188012,0.24526654621959004,-0.004140919571250731,58.0,20.0,0.09942172145707512,-0.0016022590156310954,51.0,28.0,-0.37099019897807045,-0.032518537767345625,10.0,26.0,-0.044741855692625565,-0.0606576011806943,-0.0005375620597609654,0.9999998502425812
EX07__etf_return_5,range_5,RISK_CONTEXT,182,290,DESCRIBED,-1.0,0.026908989570845955,-0.06693701872322848,-0.02816557333290691,0.49477338991861364,0.313,-0.28171649022366846,0.1481116399092052,74.0,119.0,0.0008131406355161297,-0.2636788700671529,-0.0040993527142741855,20.0,58.0,-0.2379536527195231,-0.0036849052101825194,28.0,51.0,0.4690666514478626,0.00965492738240813,26.0,10.0,-0.15043634771662817,0.05281824097993837,-0.0038972887422141778,0.9999998502425812
EX07__etf_return_5,persistence_3,CONFIRMATION,184,296,DESCRIBED,-1.0,0.2545576178994337,-0.008601715111311987,-0.014655950249170588,0.6775340200707811,0.459,-0.10729248361144576,0.10368789781391709,74.0,125.0,-0.0583423423423422,0.10258531341560831,-1.1102230246251565e-16,20.0,60.0,0.021601860855256227,-0.05480682839173401,28.0,53.0,-0.04745057375998993,-0.006410256410256443,26.0,12.0,-0.10836329274264767,-0.12987534037315185,-0.004590127119866061,0.9999998502425812
EX07__etf_return_20,return_1,OPPORTUNITY_ENTRY,171,302,DESCRIBED,-1.0,0.12520857696875964,0.005140698070143562,-0.04012786264655376,0.7591111146245355,0.563,-0.08761164885052732,0.10023783151065874,50.0,182.0,-0.0027371117316134317,0.16225230698899964,0.00691249974211253,7.0,95.0,0.061186786417095955,-0.003751310151125374,14.0,78.0,-0.028900334885223748,-0.0009745285271176489,29.0,9.0,-0.010798219239463114,-0.0454003542628052,-0.007223927257379081,0.9999998502425812
EX07__etf_return_20,return_3,OPPORTUNITY_ENTRY,169,296,DESCRIBED,-1.0,0.13790059973810348,0.051648841413468614,0.04416126450024755,0.6574113228722263,0.741,-0.0867503006891907,0.22114960787100532,50.0,180.0,-0.0061970941302327345,0.29465003874016116,0.009877798885983363,7.0,93.0,0.10826120230507644,0.004083522541911681,14.0,78.0,0.09937816337415058,0.005504778652431333,29.0,9.0,-0.014884757442202634,-0.07918668498525605,-0.012826322088431263,0.9999998502425812
EX07__etf_return_20,return_5,OPPORTUNITY_ENTRY,167,290,DESCRIBED,-1.0,0.14902983353865137,0.08952828782676464,0.06944844561274459,0.6224773881612516,0.813,-0.07743211278396935,0.2771873774457328,50.0,176.0,-0.009608054622189041,0.3212278554418437,0.006350089356768488,7.0,91.0,0.18998285798583944,0.00839907217860833,14.0,76.0,0.16487109435040512,0.00518247262742632,29.0,9.0,-0.018342878334398183,-0.07216042174312598,-0.017419826379702297,0.9999998502425812
EX07__etf_return_20,return_10,OPPORTUNITY_ENTRY,162,275,DESCRIBED,-1.0,0.19274579954997992,0.10977045982576443,0.10070569227662216,0.6348472403239931,0.798,-0.10371133455444873,0.3279818349906127,48.0,169.0,-0.014782386812347588,0.38095737503413535,0.013684951794375469,7.0,87.0,0.2555796226699342,0.018553083048618503,14.0,73.0,0.28531535034930056,0.004099472473061885,27.0,9.0,-0.02048802134482952,-0.09319165103283211,-0.01720524572759441,0.9999998502425812
EX07__etf_return_20,adverse_5,RISK_CONTEXT,167,290,DESCRIBED,1.0,0.1454392281494261,0.19538223150225814,0.15325066393425482,0.592778821219218,0.962,0.00971226641377987,0.39281546882994023,176.0,50.0,-0.008700498168042609,0.5384813524469597,0.01219603751915447,91.0,7.0,0.31924122424345713,0.016796992638866342,76.0,14.0,-0.09471919768797092,-0.01563021876868028,9.0,29.0,-0.10125986585559965,-0.0606576011806943,-0.049255186693099695,0.9999998502425812
EX07__etf_return_20,range_5,RISK_CONTEXT,167,290,DESCRIBED,1.0,0.0954234885123541,0.21405475728454465,0.15875009379339866,0.5676577669222822,0.935,-0.02112713550423752,0.4350097214232381,176.0,50.0,-0.003105020971877613,0.49262338914770853,0.00207279894377781,91.0,7.0,0.3501144760614047,0.00894879192133612,76.0,14.0,-0.5572881750537036,-0.012683091561400704,9.0,29.0,-0.1415529471252115,0.05281824097993837,-0.029079987497649062,0.9999998502425812
EX07__etf_return_20,persistence_3,CONFIRMATION,169,296,DESCRIBED,-1.0,0.2059156021674598,0.05140203283489585,-0.019397363465160074,0.6423472164883022,0.803,-0.04990209935967737,0.1730354233807411,50.0,180.0,-0.04222222222222227,0.22170992138556952,0.08960573476702505,7.0,93.0,0.11860098240443956,-0.027472527472527375,14.0,78.0,0.08771388285630206,0.10089399744572153,29.0,9.0,-0.04647346951590525,-0.12987534037315185,-0.02414810867759498,0.9999998502425812
EX07__etf_vol_20,return_1,OPPORTUNITY_ENTRY,171,302,DESCRIBED,1.0,0.10642748114691383,-0.016858079572493967,0.06698389801137163,0.5386371775482999,0.381,-0.09599062301795723,0.07396609830597967,154.0,11.0,0.00011270816370778365,-0.03420269830708434,0.0018181260889451837,33.0,11.0,-0.006519121049841987,,82.0,0.0,0.01629490942581395,,39.0,0.0,-0.006578944293881728,-0.0454003542628052,-0.00012511869446929502,0.9999998502425812
EX07__etf_vol_20,return_3,OPPORTUNITY_ENTRY,169,296,DESCRIBED,1.0,0.2880586049642314,-0.11039719522034609,0.06830374288001406,0.8449726045524582,0.129,-0.2617736945136317,0.04437088190196784,151.0,11.0,-0.009588519724345278,-0.04373681737355298,-0.005152182652982058,33.0,11.0,-0.1046081437767294,,79.0,0.0,0.07435782604207754,,39.0,0.0,-0.030127937743265942,-0.07918668498525605,-0.0006939010149074054,0.9999998502425812
EX07__etf_vol_20,return_5,OPPORTUNITY_ENTRY,167,290,DESCRIBED,1.0,0.37417089073269943,-0.12009690051415657,0.08953610092538719,0.8630248907370883,0.116,-0.2850901198216171,0.04859485139464417,149.0,11.0,-0.006704167042665295,0.0010326023364983323,-0.0008764039421519411,33.0,11.0,-0.09852394634955232,,77.0,0.0,0.10127498232544524,,39.0,0.0,-0.03752367824991243,-0.07216042174312598,-0.0009921207535448229,0.9999998502425812
EX07__etf_vol_20,return_10,OPPORTUNITY_ENTRY,162,275,DESCRIBED,1.0,0.47797391179139553,-0.20501028734346666,0.2382360578171432,0.8913748191345003,0.032,-0.38336041249114483,-0.01861364017860387,73.0,13.0,-0.04426973590999113,0.08162393042032368,-0.05842341463815965,14.0,13.0,-0.2714530604973085,,25.0,0.0,0.20270725170538686,,34.0,0.0,-0.04389609759971136,-0.09319165103283211,-0.001322518041266596,0.9999998502425812
EX07__etf_vol_20,adverse_5,RISK_CONTEXT,167,290,DESCRIBED,-1.0,0.22404744412874675,-0.30890634832339003,0.04024493300383661,0.9959362700019581,0.002,-0.4691455774141346,-0.13589093545219263,11.0,149.0,-0.029137976275425803,-0.20753479815247955,-0.02166171102841482,11.0,33.0,-0.03939818370835281,,0.0,77.0,-0.1474568745436245,,0.0,39.0,-0.022095691460125355,-0.0606576011806943,-0.002031358282343465,0.9999998502425812
EX07__etf_vol_20,range_5,RISK_CONTEXT,167,290,DESCRIBED,1.0,0.24946149010069363,0.5002059615884347,-0.10169910585676732,1.634691802383811e-05,0.999,0.2703220229488607,0.6889378031507003,149.0,11.0,0.01756981158030009,0.33471204577796676,0.01385119668455225,33.0,11.0,-0.09048726390305939,,77.0,0.0,0.6148726543469839,,39.0,0.0,0.17347033689487013,0.05281824097993837,-0.0012404475903811107,0.0005657849960472856
EX07__etf_vol_20,persistence_3,CONFIRMATION,169,296,DESCRIBED,1.0,0.18880974775604656,-0.08882895145893248,-0.016281458654340008,0.8740023771696699,0.146,-0.21321649762468123,0.03710813274468254,151.0,11.0,-0.09171182018864144,-0.056707867554895694,-0.1010101010101011,33.0,11.0,-0.006122550717086203,,79.0,0.0,0.09326233337586277,,39.0,0.0,-0.017220189664487684,-0.12987534037315185,-0.00035866378653781616,0.9999998502425812
EX07__etf_range_20,return_1,OPPORTUNITY_ENTRY,172,302,DESCRIBED,1.0,0.04655119960278987,-0.04152226906381137,0.05002994193943168,0.46369247324858287,0.179,-0.12875026863699507,0.042291702677542946,175.0,29.0,0.002122340926661446,-0.0033602007107908153,0.0019172228301270351,35.0,29.0,-0.11065265277624417,,96.0,0.0,0.04027753367829053,,44.0,0.0,-0.0024466542165051397,-0.0454003542628052,0.002065553314772983,0.9999998502425812
EX07__etf_range_20,return_3,OPPORTUNITY_ENTRY,170,296,DESCRIBED,1.0,0.20399559356367122,-0.1315835175111817,0.07375912121674832,0.8076235553462355,0.062,-0.2758905078874689,0.013465064470998484,168.0,32.0,-0.004619482063327346,-0.029771847359365992,-0.001110141454304157,34.0,32.0,-0.20468269722211177,,92.0,0.0,0.16947696295811507,,42.0,0.0,-0.02012589291069178,-0.07918668498525605,0.0058863918907366974,0.9999998502425812
EX07__etf_range_20,return_5,OPPORTUNITY_ENTRY,168,290,DESCRIBED,1.0,0.27236874991035115,-0.16195797817453159,0.0866641163062745,0.8635100832899474,0.042,-0.330127329227561,-0.008273957273029013,166.0,36.0,-0.007578608761071011,0.011629621384106784,-0.0020321362840965314,34.0,36.0,-0.22450028539546427,,90.0,0.0,0.1897015051014425,,42.0,0.0,-0.02812477616407838,-0.07216042174312598,0.005068381027467539,0.9999998502425812
EX07__etf_range_20,return_10,OPPORTUNITY_ENTRY,163,275,DESCRIBED,1.0,0.37327479129595986,-0.19665178380897497,0.1433045786330458,0.9190396971374811,0.037,-0.3918724784058666,-0.010888339748589935,158.0,44.0,-0.016696120605184328,-0.006548183369376599,-0.009947697685937826,34.0,44.0,-0.18786138713018596,,83.0,0.0,0.34617398859091486,,41.0,0.0,-0.038939777640394135,-0.09319165103283211,-0.023578655359116407,0.9999998502425812
EX07__etf_range_20,adverse_5,RISK_CONTEXT,168,290,DESCRIBED,-1.0,0.07890017064443682,-0.375873965979365,-0.045549026578281505,0.999811589926021,0.0,-0.5167560360140779,-0.2152408603893267,36.0,166.0,-0.02236517136681796,-0.2991752621835492,-0.016504262473528486,36.0,34.0,-0.19060516388164456,,0.0,90.0,-0.12961589899823422,,0.0,42.0,0.05964804323746631,-0.0606576011806943,0.07971484639246562,0.9999998502425812
EX07__etf_range_20,range_5,RISK_CONTEXT,168,290,DESCRIBED,1.0,0.3763293362556375,0.5624415337006942,0.257125284609149,6.276861840831823e-11,1.0,0.3297695720140963,0.7287842458688517,166.0,36.0,0.014990931392232081,0.5473733722120799,0.011843063918572134,34.0,36.0,-0.10905310859603994,,90.0,0.0,0.6611591434758922,,42.0,0.0,0.30646965468701537,0.05281824097993837,0.13784067639851827,6.016130656674193e-09
EX07__etf_range_20,persistence_3,CONFIRMATION,170,296,DESCRIBED,1.0,0.11243615897740251,-0.12993809124850822,-0.020107164174960782,0.8722196697412414,0.035,-0.25517688789263315,-0.013102432075906546,168.0,32.0,-0.008928571428571397,-0.04695485200739751,-0.030637254901960786,34.0,32.0,-0.18007477220218387,,92.0,0.0,0.127007712375282,,42.0,0.0,-0.010238502517943449,-0.12987534037315185,0.010280775298217804,0.9999998502425812
EX07__amount_activity_20,return_1,OPPORTUNITY_ENTRY,172,302,DESCRIBED,-1.0,0.10266687421579399,-0.09310720688134792,-0.08635325040501675,0.9904130741082168,0.016,-0.1615844329158084,-0.01841946076060245,33.0,92.0,-0.006711362222647729,0.021851121283964763,0.002851976783006967,6.0,54.0,-0.14592374729010735,-0.006936948015214641,12.0,34.0,-0.08459457188560766,-0.017548428636927765,15.0,4.0,-0.013382921838305695,-0.0454003542628052,-0.014644195502500956,0.9999998502425812
EX07__amount_activity_20,return_3,OPPORTUNITY_ENTRY,170,296,DESCRIBED,-1.0,0.08991551071015234,-0.021636271579309,0.0075662719730516335,0.7787713885096322,0.37,-0.1261077154938574,0.09111957174729765,33.0,92.0,-0.0045250201116443295,0.253670487366277,0.009398601285133956,6.0,54.0,-0.09304020844081991,0.001291968159284661,13.0,34.0,-0.008287795790373679,-0.005097368374411885,14.0,4.0,-0.009086163280599635,-0.07918668498525605,-0.010811381437055623,0.9999998502425812
EX07__amount_activity_20,return_5,OPPORTUNITY_ENTRY,168,290,DESCRIBED,-1.0,0.08145019693722125,-0.015016113359829336,0.008382485174492624,0.6864415545759947,0.41,-0.12547142866330407,0.10127932747990834,43.0,92.0,-0.007589092435166147,0.16429492611985905,0.003906164953099032,8.0,54.0,0.03058315407089401,0.010033974316547714,15.0,34.0,-0.06318028556755546,0.001665430336688034,20.0,4.0,-0.01219586396911132,-0.07216042174312598,-0.006371468680907322,0.9999998502425812
EX07__amount_activity_20,return_10,OPPORTUNITY_ENTRY,163,275,DESCRIBED,-1.0,0.10417444567953504,0.008229587534568084,0.07627939182366349,0.4492022952026467,0.535,-0.14986272188718722,0.15764089067966774,41.0,90.0,-0.006790420431690665,0.2905395618670795,0.013452814232028154,8.0,53.0,0.15965981937161747,0.0418179483100955,15.0,33.0,-0.2761167920217276,-0.07062759194693152,18.0,4.0,-0.011994316061341603,-0.09319165103283211,0.006329420219605808,0.9999998502425812
EX07__amount_activity_20,adverse_5,RISK_CONTEXT,168,290,DESCRIBED,-1.0,0.01947061581294884,-0.05418709611404301,-0.10911499624211365,0.5099258022232134,0.251,-0.17381153304979008,0.07952888010763773,43.0,92.0,-0.0015126911638322083,-0.40290250107748116,-0.019040388112338158,8.0,54.0,-0.05506847920410516,-0.015854539821730556,15.0,34.0,0.04486046592199236,0.0030461411913911413,20.0,4.0,-0.017216575932244904,-0.0606576011806943,-0.014184073914143669,0.9999998502425812
EX07__amount_activity_20,range_5,RISK_CONTEXT,168,290,DESCRIBED,-1.0,0.10523838206933557,-0.106380851631963,-0.12910818161354165,0.8039372256965011,0.215,-0.29694117962403993,0.10673200090599627,43.0,92.0,-0.0037902634411345476,-0.2571989333592924,-0.009728891098100392,8.0,54.0,-0.34003234033745927,-0.008663609967486247,15.0,34.0,-0.119494487469631,-0.003800057909081736,20.0,4.0,-0.027889869698908498,0.05281824097993837,-0.02258242969873603,0.9999998502425812
EX07__amount_activity_20,persistence_3,CONFIRMATION,170,296,DESCRIBED,-1.0,0.10129157787986988,-0.02804063955676437,-0.01511079646672867,0.6383576912983211,0.323,-0.1296796081656173,0.07888080895861281,33.0,92.0,-0.023935002195871746,0.18835731224720773,0.2716049382716048,6.0,54.0,-0.1141345356676223,-0.004524886877828038,13.0,34.0,-0.020793881280227154,-0.16666666666666663,14.0,4.0,-0.02193329769115482,-0.12987534037315185,-0.023713268221832173,0.9999998502425812
EX07__index_return_5,return_1,OPPORTUNITY_ENTRY,191,302,DESCRIBED,-1.0,0.15058195008330225,-0.019108287092017576,-0.004391411837053984,0.83656676488152,0.405,-0.10113393190848628,0.0824496222723607,75.0,120.0,-0.0036255130645116633,0.0970612315462733,0.0005402303594529421,20.0,56.0,-0.017947373499134337,-0.004134330546586254,29.0,52.0,-0.086816266450225,-0.004600415229637799,26.0,12.0,-0.03306226811510404,-0.0454003542628052,-0.0004113094745308299,0.9999998502425812
EX07__index_return_5,return_3,OPPORTUNITY_ENTRY,189,296,DESCRIBED,-1.0,0.215244357110802,-0.035516179526607114,0.01971478412156378,0.825203111006699,0.376,-0.15957860232408516,0.11569372900011987,73.0,123.0,-0.008620210754416265,0.1174527758008402,-0.007109774267734528,20.0,58.0,0.03057906423512345,-0.0016441834057480311,27.0,53.0,-0.11962280873320238,-0.0033735306652403693,26.0,12.0,-0.040305050546819876,-0.07918668498525605,-0.00018885967467574538,0.9999998502425812
EX07__index_return_5,return_5,OPPORTUNITY_ENTRY,187,290,DESCRIBED,-1.0,0.12938629391341305,-0.025753551286836453,0.01192707609381554,0.8492897938579448,0.43,-0.16073822643184932,0.1503062000017795,73.0,117.0,-0.015578001110894382,0.12309678669778645,-0.007289248977038746,20.0,56.0,0.09569360939378826,-0.0018037167417465968,27.0,51.0,-0.21473268644710336,-0.030435032063034554,26.0,10.0,-0.02670863249907085,-0.07216042174312598,-0.0003353106099763803,0.9999998502425812
EX07__index_return_5,return_10,OPPORTUNITY_ENTRY,182,275,DESCRIBED,-1.0,0.16784957506002773,-0.0519024892708902,0.009351720954386775,0.8037128038830633,0.323,-0.21486548631335667,0.11611886225432533,71.0,107.0,-0.01989912024245641,0.2272479155252933,0.009817297536187621,19.0,52.0,0.005582833701199996,-0.005822887802567199,27.0,45.0,-0.29718104011500596,-0.046111609503675315,25.0,10.0,-0.04363048191322072,-0.09319165103283211,-0.0008016289816288324,0.9999998502425812
EX07__index_return_5,adverse_5,RISK_CONTEXT,187,290,DESCRIBED,1.0,0.09874507505720581,0.0003456475433091066,0.03648384846923023,0.871497911177677,0.522,-0.1391197792681603,0.16738897100537523,117.0,73.0,-0.01313402255202336,0.25855737719099625,-0.0037190583227975187,56.0,20.0,0.10446320904058201,-0.0005357560539125256,51.0,27.0,-0.37579760534889045,-0.032518537767345625,10.0,26.0,-0.04826585924608273,-0.0606576011806943,-0.0017633004240613648,0.9999998502425812
EX07__index_return_5,range_5,RISK_CONTEXT,187,290,DESCRIBED,-1.0,0.028402438532036015,-0.06937930737072297,-0.027448192216808515,0.5019419229126683,0.289,-0.298093701093458,0.13732343297437274,73.0,117.0,0.0004125951164254127,-0.2777456963807449,-0.004592010757159287,20.0,56.0,-0.2264980133094366,-0.003899856079598179,27.0,51.0,0.48183919885691484,0.00965492738240813,26.0,10.0,-0.15164198780479143,0.05281824097993837,-0.002522121591342019,0.9999998502425812
EX07__index_return_5,persistence_3,CONFIRMATION,189,296,DESCRIBED,-1.0,0.2466429009352973,-0.003048908928953256,-0.0009527246815382407,0.6478597199256053,0.505,-0.10316832485919897,0.10893261709775522,73.0,123.0,-0.055128633478115696,0.10328727737905864,-0.007471264367816088,20.0,58.0,0.0261143791588097,-0.035406475658048,27.0,53.0,-0.03539671223019638,-0.006410256410256443,26.0,12.0,-0.09918806725678242,-0.12987534037315185,-0.002500834689932452,0.9999998502425812
EX07__index_return_20,return_1,OPPORTUNITY_ENTRY,191,302,DESCRIBED,-1.0,0.10933307385270134,0.004117256868897185,-0.03606299113113001,0.7401051931796301,0.571,-0.0853777562180551,0.10259963048995252,55.0,169.0,-0.003175803386054967,0.14742480991909,0.005278675864807954,8.0,85.0,0.06942747331892539,-0.002734722686732176,16.0,75.0,-0.03252144880643008,-0.0021049607575863195,31.0,9.0,-0.008964295484547469,-0.0454003542628052,-0.006524187931981951,0.9999998502425812
EX07__index_return_20,return_3,OPPORTUNITY_ENTRY,189,296,DESCRIBED,-1.0,0.11423180530748216,0.04468371743817772,0.042583878177098515,0.6453428994647773,0.7,-0.11368079946561911,0.22588635189194894,54.0,166.0,-0.006179423257388853,0.26698217125213236,0.0116610804012287,8.0,82.0,0.11387749320153573,-0.0005993295646649979,16.0,75.0,0.08877075964338163,0.006126371720802971,30.0,9.0,-0.013873924828287976,-0.07918668498525605,-0.013373263923088574,0.9999998502425812
EX07__index_return_20,return_5,OPPORTUNITY_ENTRY,187,290,DESCRIBED,-1.0,0.09939352898955904,0.08554528140853246,0.07272192748201935,0.5997819904981356,0.764,-0.09722243438960267,0.2770806979674873,54.0,162.0,-0.0072239421776159616,0.29995311489669474,0.0079715251430061,8.0,80.0,0.19793044189407277,0.007486041189308375,16.0,73.0,0.1616511046976784,0.006365939703899405,30.0,9.0,-0.01817662047464963,-0.07216042174312598,-0.01922739684600594,0.9999998502425812
EX07__index_return_20,return_10,OPPORTUNITY_ENTRY,182,275,DESCRIBED,-1.0,0.09219021684570441,0.09964876632549788,0.10946712443380169,0.621076958997594,0.774,-0.1149469719991311,0.322473127746346,49.0,154.0,-0.012365820362647731,0.3513334132708404,0.015509408550907187,7.0,74.0,0.25388981198123933,0.020638937701522926,15.0,71.0,0.2786947602844057,0.004099472473061885,27.0,9.0,-0.021229620906963342,-0.09319165103283211,-0.018836706678391435,0.9999998502425812
EX07__index_return_20,adverse_5,RISK_CONTEXT,187,290,DESCRIBED,1.0,0.1876583258156644,0.19575167834650753,0.16474893506052596,0.5572205840549678,0.962,0.010880567312460903,0.38929849385459986,162.0,54.0,-0.006519872178048676,0.524043175705595,0.013321895693657805,80.0,8.0,0.32768763359809183,0.014454393046506982,73.0,16.0,-0.10476222972537068,-0.014219795815339345,9.0,30.0,-0.1076929972939078,-0.0606576011806943,-0.05870143462370314,0.9999998502425812
EX07__index_return_20,range_5,RISK_CONTEXT,187,290,DESCRIBED,1.0,0.2676292579800998,0.22005006077140246,0.1775220583622504,0.5148018970556798,0.94,-0.008347576226203118,0.4482661579800092,162.0,54.0,-0.0019438641576493484,0.5130789696279529,0.0023455080554440587,80.0,8.0,0.32776891227505583,0.008539172115697644,73.0,16.0,-0.5752969940601015,-0.012087325049660237,9.0,30.0,-0.14849877454316185,0.05281824097993837,-0.03817874438616031,0.9999998502425812
EX07__index_return_20,persistence_3,CONFIRMATION,189,296,DESCRIBED,-1.0,0.1985368951475155,0.04717403303894739,-0.013046174063123216,0.613419611333108,0.758,-0.06456738337617181,0.17986663311159706,54.0,166.0,-0.052208835341365445,0.1954003353437283,0.09349593495934949,8.0,82.0,0.12831652054637563,-0.07194444444444448,16.0,75.0,0.08012705554926847,0.09629629629629627,30.0,9.0,-0.0425993732013783,-0.12987534037315185,-0.0226576424890792,0.9999998502425812
EX08__us_tech_5,return_1,OPPORTUNITY_ENTRY,191,302,DESCRIBED,-1.0,0.08692941484657704,-0.055961387083856895,-0.05050962291890451,0.9090226012989164,0.135,-0.13573304100133335,0.027043277719020153,44.0,60.0,-0.00447990355878159,-0.05618001801455353,-0.005984975706176668,14.0,19.0,-0.11758160349525998,-0.008961531713039074,20.0,30.0,0.06930169717577195,0.008767081993115308,10.0,11.0,-0.008744853416989162,-0.0454003542628052,-0.003219079340047948,0.9999998502425812
EX08__us_tech_5,return_3,OPPORTUNITY_ENTRY,189,296,DESCRIBED,-1.0,0.1141948838090238,-0.07896397049261354,-0.054407566271973046,0.8788790248843577,0.175,-0.22300977826137391,0.06102923440036339,38.0,57.0,-0.008703997878740832,-0.10152890209539907,-0.014285788749497805,13.0,18.0,-0.15036695055785199,-0.01259031333449125,16.0,30.0,0.27881316393417305,0.013159788176748875,9.0,9.0,-0.009392023991228848,-0.07918668498525605,-0.006459929818300791,0.9999998502425812
EX08__us_tech_5,return_5,OPPORTUNITY_ENTRY,187,290,DESCRIBED,-1.0,0.04815220418327345,-0.09306524069249868,-0.06577445055519542,0.7628932416478911,0.202,-0.2632627682459976,0.08864084321808703,36.0,54.0,-0.0012942260344810889,-0.2601381898286168,-0.037915451903312136,13.0,16.0,-0.023691618671294178,0.018297124594461093,14.0,30.0,0.2296519835312323,0.01907436515072876,9.0,8.0,-0.010466131156838587,-0.07216042174312598,-0.00928536963284321,0.9999998502425812
EX08__us_tech_5,return_10,OPPORTUNITY_ENTRY,182,275,DESCRIBED,-1.0,0.12792375215670374,-0.13696160219787967,-0.11143129165344337,0.7437019653761865,0.134,-0.31752605351513924,0.048363803812553265,34.0,50.0,0.0012100667038729834,-0.36976115471208754,-0.06595592585052776,11.0,16.0,-0.09887803699875412,0.02383568934852502,14.0,26.0,0.3992901833191649,0.07106234452633738,9.0,8.0,-0.023303436054239235,-0.09319165103283211,-0.021245281641985914,0.9999998502425812
EX08__us_tech_5,adverse_5,RISK_CONTEXT,187,290,DESCRIBED,1.0,0.0731588263067881,-0.1151849670259252,-0.07329760368629583,0.8448599570126085,0.088,-0.2533408261834532,0.023413891923835778,54.0,36.0,-0.004608803654427306,-0.17663938107254964,-0.01665643394746754,16.0,13.0,-0.07661759296197805,0.0003469115427623404,30.0,14.0,0.07809952220317132,0.0025958356328968646,8.0,9.0,0.0006812517440974997,-0.0606576011806943,-0.013705500493306877,0.9999998502425812
EX08__us_tech_5,range_5,RISK_CONTEXT,187,290,DESCRIBED,1.0,0.005032885802616315,-0.0871406680292126,-0.022097355702700144,0.6263615165620449,0.185,-0.2407540092188814,0.07562991416126805,54.0,36.0,0.0004909918635986922,-0.16682815086922498,0.0021882104571767057,16.0,13.0,0.0006231172163963277,-0.00014925023062188972,30.0,14.0,0.043173218932643566,-0.0024590492465667475,8.0,9.0,-0.007806302161819323,0.05281824097993837,0.00500133708645123,0.9999998502425812
EX08__us_tech_5,persistence_3,CONFIRMATION,189,296,DESCRIBED,-1.0,0.14230903305758344,-0.1018632641723444,-0.09967610137101661,0.9635969488928992,0.067,-0.20829118651935957,0.007948559764197016,38.0,57.0,-0.1403508771929825,-0.03793778258204574,-0.002849002849002913,13.0,18.0,-0.21982936170509038,-0.3333333333333333,16.0,30.0,0.16639820693254592,0.07407407407407413,9.0,9.0,-0.02589251448371499,-0.12987534037315185,-0.004647378744388142,0.9999998502425812
EX08__shibor_change_5,return_1,OPPORTUNITY_ENTRY,191,302,DESCRIBED,1.0,0.015587217114221117,-0.004481721878059342,-0.00822711696264784,0.59250869336386,0.456,-0.1057212635926318,0.08905613198336235,24.0,27.0,-0.003100040635704648,-0.09632813501929652,-0.007782301908275452,18.0,18.0,-0.014578352942358635,-0.005763882740657552,6.0,6.0,0.19251760371730756,,0.0,3.0,-0.0010158019971078236,-0.0454003542628052,-0.0008902410898654622,0.9999998502425812
EX08__shibor_change_5,return_3,OPPORTUNITY_ENTRY,189,296,DESCRIBED,-1.0,0.044848587199701945,-0.047441301147246796,-0.04414275600716278,0.6351917250719622,0.242,-0.17149039208732544,0.07167090781629187,26.0,21.0,-0.00627584082755564,0.07255952747549327,0.007965358472271004,18.0,17.0,-0.09082588432555283,-0.049594792669321486,6.0,4.0,-0.33420943903270084,,2.0,0.0,-0.004344609988727877,-0.07918668498525605,-0.00463972007709379,0.9999998502425812
EX08__shibor_change_5,return_5,OPPORTUNITY_ENTRY,187,290,DESCRIBED,-1.0,0.04680791518387052,-0.07262529177677707,-0.053989817419617524,0.7521726419236627,0.15,-0.18732695313851072,0.05282641152057502,26.0,21.0,-0.016205479458549825,-0.0704795898322705,-0.005847411996971453,18.0,17.0,-0.06852967347269766,-0.037787406469726045,6.0,4.0,-0.2062808704002798,,2.0,0.0,-0.0027212358984838314,-0.07216042174312598,-0.003460079235401148,0.9999998502425812
EX08__shibor_change_5,return_10,OPPORTUNITY_ENTRY,182,275,DESCRIBED,1.0,0.1359027378776896,-0.024469826508332928,-0.026205822105536486,0.4940876654958224,0.368,-0.16953524449679647,0.11600055735576162,21.0,24.0,0.012567498791089532,-0.010731671335671997,-0.007195619032941464,17.0,18.0,-0.1090026971138044,0.05471054128889191,4.0,4.0,0.20749357865328738,,0.0,2.0,-0.0011259216959433882,-0.09319165103283211,-0.0005272355787584448,0.9999998502425812
EX08__shibor_change_5,adverse_5,RISK_CONTEXT,187,290,DESCRIBED,1.0,0.0212814992933208,0.0539365103941052,0.08475848046083619,0.21070840844665883,0.757,-0.08259223841281119,0.18543383558348633,21.0,26.0,-0.0032047250556573245,0.12284500132390569,0.0016673000355813018,17.0,18.0,0.03656536489684369,-0.005509558089032491,4.0,6.0,-0.11998157491789407,,0.0,2.0,0.0013291338607739345,-0.0606576011806943,0.0008941974195864066,0.9999998502425812
EX08__shibor_change_5,range_5,RISK_CONTEXT,187,290,DESCRIBED,1.0,0.06644451817428819,0.12456574869722768,0.197632347098309,0.0701637409811918,0.91,-0.023718870864394306,0.25914150882584225,21.0,26.0,0.002270654214861726,0.1360621547747901,0.0012501888666022996,17.0,18.0,0.2941511882074121,0.010839905364662113,4.0,6.0,-0.1271860112870979,,0.0,2.0,0.004846647709901064,0.05281824097993837,0.005381134971148671,0.6428236857541543
EX08__shibor_change_5,persistence_3,CONFIRMATION,189,296,DESCRIBED,-1.0,0.013653484993197375,-0.035041801954292386,-0.0271764831086865,0.5494128774061562,0.297,-0.16623220411309855,0.08254278653019685,26.0,21.0,0.02564102564102566,0.06527107098975127,0.11437908496732008,18.0,17.0,-0.02528524032652629,-0.08333333333333326,6.0,4.0,-0.37050447199605735,,2.0,0.0,-0.002558284978632974,-0.12987534037315185,-0.002388761533886674,0.9999998502425812
EX08__etf_return_1,return_1,OPPORTUNITY_ENTRY,190,302,DESCRIBED,-1.0,0.09674711649830911,0.08635756087862448,0.09281086300969102,0.08888690864704546,0.984,0.019037226027863445,0.16144251565533377,80.0,87.0,0.0029490070792974406,0.07004479900716132,0.0016180943066825013,22.0,31.0,0.09342368718472888,0.00498769734693269,35.0,38.0,0.10613639783594214,0.002828959913090459,23.0,18.0,0.005507810820202463,-0.0454003542628052,0.015116522864903614,0.7094454175211733
EX08__etf_return_1,return_3,OPPORTUNITY_ENTRY,188,296,DESCRIBED,-1.0,0.14580928076388555,0.06703739968362135,0.09873448178532923,0.1555475837283521,0.866,-0.03135199115417675,0.18709891145875168,75.0,87.0,0.004031534942819086,0.190611379963331,-0.0014980230924734538,21.0,31.0,0.08644150658809002,0.01226989702748629,33.0,38.0,-0.010480812204367149,-7.00487973204194e-05,21.0,18.0,-0.009269515353427904,-0.07918668498525605,0.012749701755718212,0.9037894909244031
EX08__etf_return_1,return_5,OPPORTUNITY_ENTRY,186,290,DESCRIBED,-1.0,0.120640072984985,-0.02264638899357427,-0.009723761527362457,0.747449571508722,0.387,-0.10091989276473945,0.07168159295755491,75.0,85.0,-0.00639071569326947,0.032307798767678315,-0.00599967598636263,21.0,31.0,-0.012759496252966941,-0.0008316940006783576,33.0,37.0,-0.0018466939482740432,-0.009356391509939915,21.0,17.0,-0.015072065233529441,-0.07216042174312598,-0.004196504474731411,0.9999998502425812
EX08__etf_return_1,return_10,OPPORTUNITY_ENTRY,181,275,DESCRIBED,-1.0,0.11118498081428582,-0.03292091603089712,-0.012900377946395083,0.7855138220471414,0.342,-0.12465292831766908,0.08465113105682882,73.0,79.0,-0.012570325664407085,0.03327648397550424,-0.0092522860002978,20.0,29.0,0.04499289009254238,0.00689224421286265,32.0,35.0,-0.20160172857994707,-0.0398593522975307,21.0,15.0,-0.015052264962537087,-0.09319165103283211,-0.0030038846213267245,0.9999998502425812
EX08__etf_return_1,adverse_5,RISK_CONTEXT,186,290,DESCRIBED,1.0,0.11969859009024245,0.04677837242213775,0.050042745188244885,0.6663999008044098,0.789,-0.04892426324638905,0.17069245091768526,85.0,75.0,-0.004731934433998851,0.1033843124079148,-0.005160215986555982,31.0,21.0,0.07394277729459457,0.002784786592745614,37.0,33.0,-0.09030333407060072,-0.010957525698720043,17.0,21.0,-0.008165225018973876,-0.0606576011806943,7.800757040654638e-06,0.9999998502425812
EX08__etf_return_1,range_5,RISK_CONTEXT,186,290,DESCRIBED,-1.0,0.009007702708189886,0.018512929944136003,0.031194515823100115,0.31551613621761976,0.601,-0.08481980828869037,0.11528337622710577,75.0,85.0,0.0012710172726535691,0.043557005747606646,9.12088531331047e-05,21.0,31.0,-0.03836191285690715,-0.0021187371888737316,33.0,37.0,0.2318832034382774,0.006129162081591307,21.0,17.0,-0.02508435638050588,0.05281824097993837,0.00093646097530109,0.9999998502425812
EX08__etf_return_1,persistence_3,CONFIRMATION,188,296,DESCRIBED,-1.0,0.1359926680440492,0.078432635789254,0.07769448955889632,0.1308813232592756,0.928,-0.009481769440962618,0.17208756091286012,75.0,87.0,0.07969348659003855,0.1794567906530587,0.13517665130568357,21.0,31.0,0.041591509547788987,0.062200956937799146,33.0,38.0,0.048283639836857524,0.06613756613756616,21.0,18.0,-0.004989941315598934,-0.12987534037315185,0.0050364968614584615,0.8362980963131148
EX08__etf_return_5,return_1,OPPORTUNITY_ENTRY,186,302,DESCRIBED,-1.0,0.159586431460819,-0.023102285975698696,-0.012278918151655433,0.8602396051511603,0.343,-0.1009725410148012,0.07150145206851803,76.0,125.0,-0.0035009060229042512,0.09104768860464157,0.0009012277932066808,20.0,60.0,-0.022184762045217275,-0.004365890788313567,30.0,53.0,-0.09141335730427491,-0.004600415229637799,26.0,12.0,-0.0380017848432439,-0.0454003542628052,-0.00151818891763833,0.9999998502425812
EX08__etf_return_5,return_3,OPPORTUNITY_ENTRY,184,296,DESCRIBED,-1.0,0.21390022789946594,-0.03646006272062157,0.020200169352711725,0.8313942422258722,0.405,-0.1505076320540562,0.11500321416080181,74.0,125.0,-0.008591541002310611,0.12090316909569666,-0.00695426691212403,20.0,60.0,0.025722510245659944,-0.002191567489529554,28.0,53.0,-0.12193468886824033,-0.0033735306652403693,26.0,12.0,-0.04568557028250586,-0.07918668498525605,-0.0017580994126209504,0.9999998502425812
EX08__etf_return_5,return_5,OPPORTUNITY_ENTRY,182,290,DESCRIBED,-1.0,0.13087163654247588,-0.032605693521963956,-0.004783770851348841,0.8634583727799281,0.407,-0.16291746872222232,0.14007081068352073,74.0,119.0,-0.015667541282573253,0.12077084694188246,-0.006997791079644781,20.0,58.0,0.0868295908631823,-0.0028883614197622465,28.0,51.0,-0.22516924232229285,-0.030435032063034554,26.0,10.0,-0.030504581394394048,-0.07216042174312598,-0.0010336276688835966,0.9999998502425812
EX08__etf_return_5,return_10,OPPORTUNITY_ENTRY,177,275,DESCRIBED,-1.0,0.17046558735158931,-0.055623294246388004,0.0008851446871123164,0.8139980706309394,0.332,-0.21556125974073873,0.11776692868596503,72.0,111.0,-0.02016545375045598,0.2327745282712154,0.008863481992130929,19.0,56.0,-0.0028586921428139316,-0.006257398633260476,28.0,45.0,-0.3253780627445305,-0.046111609503675315,25.0,10.0,-0.046485143867672774,-0.09319165103283211,-0.001384181195696943,0.9999998502425812
EX08__etf_return_5,adverse_5,RISK_CONTEXT,182,290,DESCRIBED,1.0,0.09472816430163046,-0.008679580193091653,0.017413713148419906,0.8843220549059662,0.499,-0.13839892887265665,0.15407718011464955,119.0,74.0,-0.01370967954188012,0.24526654621959004,-0.004140919571250731,58.0,20.0,0.09942172145707512,-0.0016022590156310954,51.0,28.0,-0.37099019897807045,-0.032518537767345625,10.0,26.0,-0.044741855692625565,-0.0606576011806943,-0.0005375620597609654,0.9999998502425812
EX08__etf_return_5,range_5,RISK_CONTEXT,182,290,DESCRIBED,-1.0,0.026908989570845955,-0.06693701872322848,-0.02816557333290691,0.49477338991861364,0.293,-0.28985161284549493,0.1409772666179437,74.0,119.0,0.0008131406355161297,-0.2636788700671529,-0.0040993527142741855,20.0,58.0,-0.2379536527195231,-0.0036849052101825194,28.0,51.0,0.4690666514478626,0.00965492738240813,26.0,10.0,-0.15043634771662817,0.05281824097993837,-0.0038972887422141778,0.9999998502425812
EX08__etf_return_5,persistence_3,CONFIRMATION,184,296,DESCRIBED,-1.0,0.2545576178994337,-0.008601715111311987,-0.014655950249170588,0.6775340200707811,0.502,-0.09789710817806334,0.10626064307529484,74.0,125.0,-0.0583423423423422,0.10258531341560831,-1.1102230246251565e-16,20.0,60.0,0.021601860855256227,-0.05480682839173401,28.0,53.0,-0.04745057375998993,-0.006410256410256443,26.0,12.0,-0.10836329274264767,-0.12987534037315185,-0.004590127119866061,0.9999998502425812
EX08__etf_return_20,return_1,OPPORTUNITY_ENTRY,171,302,DESCRIBED,-1.0,0.12520857696875964,0.005140698070143562,-0.04012786264655376,0.7591111146245355,0.56,-0.08807865737167565,0.10506207647762814,50.0,182.0,-0.0027371117316134317,0.16225230698899964,0.00691249974211253,7.0,95.0,0.061186786417095955,-0.003751310151125374,14.0,78.0,-0.028900334885223748,-0.0009745285271176489,29.0,9.0,-0.010798219239463114,-0.0454003542628052,-0.007223927257379081,0.9999998502425812
EX08__etf_return_20,return_3,OPPORTUNITY_ENTRY,169,296,DESCRIBED,-1.0,0.13790059973810348,0.051648841413468614,0.04416126450024755,0.6574113228722263,0.703,-0.09840290424354886,0.2172029812423879,50.0,180.0,-0.0061970941302327345,0.29465003874016116,0.009877798885983363,7.0,93.0,0.10826120230507644,0.004083522541911681,14.0,78.0,0.09937816337415058,0.005504778652431333,29.0,9.0,-0.014884757442202634,-0.07918668498525605,-0.012826322088431263,0.9999998502425812
EX08__etf_return_20,return_5,OPPORTUNITY_ENTRY,167,290,DESCRIBED,-1.0,0.14902983353865137,0.08952828782676464,0.06944844561274459,0.6224773881612516,0.81,-0.08024752394956382,0.27331841162004644,50.0,176.0,-0.009608054622189041,0.3212278554418437,0.006350089356768488,7.0,91.0,0.18998285798583944,0.00839907217860833,14.0,76.0,0.16487109435040512,0.00518247262742632,29.0,9.0,-0.018342878334398183,-0.07216042174312598,-0.017419826379702297,0.9999998502425812
EX08__etf_return_20,return_10,OPPORTUNITY_ENTRY,162,275,DESCRIBED,-1.0,0.19274579954997992,0.10977045982576443,0.10070569227662216,0.6348472403239931,0.824,-0.10332810452301358,0.33326543317919693,48.0,169.0,-0.014782386812347588,0.38095737503413535,0.013684951794375469,7.0,87.0,0.2555796226699342,0.018553083048618503,14.0,73.0,0.28531535034930056,0.004099472473061885,27.0,9.0,-0.02048802134482952,-0.09319165103283211,-0.01720524572759441,0.9999998502425812
EX08__etf_return_20,adverse_5,RISK_CONTEXT,167,290,DESCRIBED,1.0,0.1454392281494261,0.19538223150225814,0.15325066393425482,0.592778821219218,0.97,0.022021458111236715,0.3915081207328289,176.0,50.0,-0.008700498168042609,0.5384813524469597,0.01219603751915447,91.0,7.0,0.31924122424345713,0.016796992638866342,76.0,14.0,-0.09471919768797092,-0.01563021876868028,9.0,29.0,-0.10125986585559965,-0.0606576011806943,-0.049255186693099695,0.9999998502425812
EX08__etf_return_20,range_5,RISK_CONTEXT,167,290,DESCRIBED,1.0,0.0954234885123541,0.21405475728454465,0.15875009379339866,0.5676577669222822,0.948,-0.0019155412999956128,0.46280755863827955,176.0,50.0,-0.003105020971877613,0.49262338914770853,0.00207279894377781,91.0,7.0,0.3501144760614047,0.00894879192133612,76.0,14.0,-0.5572881750537036,-0.012683091561400704,9.0,29.0,-0.1415529471252115,0.05281824097993837,-0.029079987497649062,0.9999998502425812
EX08__etf_return_20,persistence_3,CONFIRMATION,169,296,DESCRIBED,-1.0,0.2059156021674598,0.05140203283489585,-0.019397363465160074,0.6423472164883022,0.763,-0.057329569979027696,0.16313522536819328,50.0,180.0,-0.04222222222222227,0.22170992138556952,0.08960573476702505,7.0,93.0,0.11860098240443956,-0.027472527472527375,14.0,78.0,0.08771388285630206,0.10089399744572153,29.0,9.0,-0.04647346951590525,-0.12987534037315185,-0.02414810867759498,0.9999998502425812
EX08__etf_vol_20,return_1,OPPORTUNITY_ENTRY,171,302,DESCRIBED,1.0,0.10642748114691383,-0.016858079572493967,0.06698389801137163,0.5386371775482999,0.354,-0.10255149602131747,0.0672150884734686,154.0,11.0,0.00011270816370778365,-0.03420269830708434,0.0018181260889451837,33.0,11.0,-0.006519121049841987,,82.0,0.0,0.01629490942581395,,39.0,0.0,-0.006578944293881728,-0.0454003542628052,-0.00012511869446929502,0.9999998502425812
EX08__etf_vol_20,return_3,OPPORTUNITY_ENTRY,169,296,DESCRIBED,1.0,0.2880586049642314,-0.11039719522034609,0.06830374288001406,0.8449726045524582,0.118,-0.26776628796867746,0.04933271530125991,151.0,11.0,-0.009588519724345278,-0.04373681737355298,-0.005152182652982058,33.0,11.0,-0.1046081437767294,,79.0,0.0,0.07435782604207754,,39.0,0.0,-0.030127937743265942,-0.07918668498525605,-0.0006939010149074054,0.9999998502425812
EX08__etf_vol_20,return_5,OPPORTUNITY_ENTRY,167,290,DESCRIBED,1.0,0.37417089073269943,-0.12009690051415657,0.08953610092538719,0.8630248907370883,0.105,-0.2787777758448444,0.03950884426906653,149.0,11.0,-0.006704167042665295,0.0010326023364983323,-0.0008764039421519411,33.0,11.0,-0.09852394634955232,,77.0,0.0,0.10127498232544524,,39.0,0.0,-0.03752367824991243,-0.07216042174312598,-0.0009921207535448229,0.9999998502425812
EX08__etf_vol_20,return_10,OPPORTUNITY_ENTRY,162,275,DESCRIBED,1.0,0.47797391179139553,-0.20501028734346666,0.2382360578171432,0.8913748191345003,0.028,-0.37919133242193903,-0.030325118284416593,73.0,13.0,-0.04426973590999113,0.08162393042032368,-0.05842341463815965,14.0,13.0,-0.2714530604973085,,25.0,0.0,0.20270725170538686,,34.0,0.0,-0.04389609759971136,-0.09319165103283211,-0.001322518041266596,0.9999998502425812
EX08__etf_vol_20,adverse_5,RISK_CONTEXT,167,290,DESCRIBED,-1.0,0.22404744412874675,-0.30890634832339003,0.04024493300383661,0.9959362700019581,0.0,-0.46865755137157733,-0.1313818502014688,11.0,149.0,-0.029137976275425803,-0.20753479815247955,-0.02166171102841482,11.0,33.0,-0.03939818370835281,,0.0,77.0,-0.1474568745436245,,0.0,39.0,-0.022095691460125355,-0.0606576011806943,-0.002031358282343465,0.9999998502425812
EX08__etf_vol_20,range_5,RISK_CONTEXT,167,290,DESCRIBED,1.0,0.24946149010069363,0.5002059615884347,-0.10169910585676732,1.634691802383811e-05,0.997,0.24468896628302006,0.6867835729585652,149.0,11.0,0.01756981158030009,0.33471204577796676,0.01385119668455225,33.0,11.0,-0.09048726390305939,,77.0,0.0,0.6148726543469839,,39.0,0.0,0.17347033689487013,0.05281824097993837,-0.0012404475903811107,0.0005657849960472856
EX08__etf_vol_20,persistence_3,CONFIRMATION,169,296,DESCRIBED,1.0,0.18880974775604656,-0.08882895145893248,-0.016281458654340008,0.8740023771696699,0.132,-0.2122911187576188,0.04197428445738533,151.0,11.0,-0.09171182018864144,-0.056707867554895694,-0.1010101010101011,33.0,11.0,-0.006122550717086203,,79.0,0.0,0.09326233337586277,,39.0,0.0,-0.017220189664487684,-0.12987534037315185,-0.00035866378653781616,0.9999998502425812
EX08__etf_range_20,return_1,OPPORTUNITY_ENTRY,172,302,DESCRIBED,1.0,0.04655119960278987,-0.04152226906381137,0.05002994193943168,0.46369247324858287,0.191,-0.12321417941228092,0.04217850167395509,175.0,29.0,0.002122340926661446,-0.0033602007107908153,0.0019172228301270351,35.0,29.0,-0.11065265277624417,,96.0,0.0,0.04027753367829053,,44.0,0.0,-0.0024466542165051397,-0.0454003542628052,0.002065553314772983,0.9999998502425812
EX08__etf_range_20,return_3,OPPORTUNITY_ENTRY,170,296,DESCRIBED,1.0,0.20399559356367122,-0.1315835175111817,0.07375912121674832,0.8076235553462355,0.07,-0.27207342651086835,0.01379089468506527,168.0,32.0,-0.004619482063327346,-0.029771847359365992,-0.001110141454304157,34.0,32.0,-0.20468269722211177,,92.0,0.0,0.16947696295811507,,42.0,0.0,-0.02012589291069178,-0.07918668498525605,0.0058863918907366974,0.9999998502425812
EX08__etf_range_20,return_5,OPPORTUNITY_ENTRY,168,290,DESCRIBED,1.0,0.27236874991035115,-0.16195797817453159,0.0866641163062745,0.8635100832899474,0.057,-0.31759672025799635,0.006809808358102875,166.0,36.0,-0.007578608761071011,0.011629621384106784,-0.0020321362840965314,34.0,36.0,-0.22450028539546427,,90.0,0.0,0.1897015051014425,,42.0,0.0,-0.02812477616407838,-0.07216042174312598,0.005068381027467539,0.9999998502425812
EX08__etf_range_20,return_10,OPPORTUNITY_ENTRY,163,275,DESCRIBED,1.0,0.37327479129595986,-0.19665178380897497,0.1433045786330458,0.9190396971374811,0.034,-0.38494793149776835,-0.020160295158164667,158.0,44.0,-0.016696120605184328,-0.006548183369376599,-0.009947697685937826,34.0,44.0,-0.18786138713018596,,83.0,0.0,0.34617398859091486,,41.0,0.0,-0.038939777640394135,-0.09319165103283211,-0.023578655359116407,0.9999998502425812
EX08__etf_range_20,adverse_5,RISK_CONTEXT,168,290,DESCRIBED,-1.0,0.07890017064443682,-0.375873965979365,-0.045549026578281505,0.999811589926021,0.0,-0.5076342524246447,-0.21083320343851328,36.0,166.0,-0.02236517136681796,-0.2991752621835492,-0.016504262473528486,36.0,34.0,-0.19060516388164456,,0.0,90.0,-0.12961589899823422,,0.0,42.0,0.05964804323746631,-0.0606576011806943,0.07971484639246562,0.9999998502425812
EX08__etf_range_20,range_5,RISK_CONTEXT,168,290,DESCRIBED,1.0,0.3763293362556375,0.5624415337006942,0.257125284609149,6.276861840831823e-11,1.0,0.3246398660904531,0.7280379964721577,166.0,36.0,0.014990931392232081,0.5473733722120799,0.011843063918572134,34.0,36.0,-0.10905310859603994,,90.0,0.0,0.6611591434758922,,42.0,0.0,0.30646965468701537,0.05281824097993837,0.13784067639851827,6.016130656674193e-09
EX08__etf_range_20,persistence_3,CONFIRMATION,170,296,DESCRIBED,1.0,0.11243615897740251,-0.12993809124850822,-0.020107164174960782,0.8722196697412414,0.034,-0.2515396229285766,-0.011920306518081653,168.0,32.0,-0.008928571428571397,-0.04695485200739751,-0.030637254901960786,34.0,32.0,-0.18007477220218387,,92.0,0.0,0.127007712375282,,42.0,0.0,-0.010238502517943449,-0.12987534037315185,0.010280775298217804,0.9999998502425812
EX08__amount_activity_20,return_1,OPPORTUNITY_ENTRY,172,302,DESCRIBED,-1.0,0.10266687421579399,-0.09310720688134792,-0.08635325040501675,0.9904130741082168,0.013,-0.16085276790717393,-0.02306674046347737,33.0,92.0,-0.006711362222647729,0.021851121283964763,0.002851976783006967,6.0,54.0,-0.14592374729010735,-0.006936948015214641,12.0,34.0,-0.08459457188560766,-0.017548428636927765,15.0,4.0,-0.013382921838305695,-0.0454003542628052,-0.014644195502500956,0.9999998502425812
EX08__amount_activity_20,return_3,OPPORTUNITY_ENTRY,170,296,DESCRIBED,-1.0,0.08991551071015234,-0.021636271579309,0.0075662719730516335,0.7787713885096322,0.4,-0.12043784716035058,0.08931123942971755,33.0,92.0,-0.0045250201116443295,0.253670487366277,0.009398601285133956,6.0,54.0,-0.09304020844081991,0.001291968159284661,13.0,34.0,-0.008287795790373679,-0.005097368374411885,14.0,4.0,-0.009086163280599635,-0.07918668498525605,-0.010811381437055623,0.9999998502425812
EX08__amount_activity_20,return_5,OPPORTUNITY_ENTRY,168,290,DESCRIBED,-1.0,0.08145019693722125,-0.015016113359829336,0.008382485174492624,0.6864415545759947,0.416,-0.12624868360883662,0.10311028659879887,43.0,92.0,-0.007589092435166147,0.16429492611985905,0.003906164953099032,8.0,54.0,0.03058315407089401,0.010033974316547714,15.0,34.0,-0.06318028556755546,0.001665430336688034,20.0,4.0,-0.01219586396911132,-0.07216042174312598,-0.006371468680907322,0.9999998502425812
EX08__amount_activity_20,return_10,OPPORTUNITY_ENTRY,163,275,DESCRIBED,-1.0,0.10417444567953504,0.008229587534568084,0.07627939182366349,0.4492022952026467,0.542,-0.14302673137352212,0.16824142805398842,41.0,90.0,-0.006790420431690665,0.2905395618670795,0.013452814232028154,8.0,53.0,0.15965981937161747,0.0418179483100955,15.0,33.0,-0.2761167920217276,-0.07062759194693152,18.0,4.0,-0.011994316061341603,-0.09319165103283211,0.006329420219605808,0.9999998502425812
EX08__amount_activity_20,adverse_5,RISK_CONTEXT,168,290,DESCRIBED,-1.0,0.01947061581294884,-0.05418709611404301,-0.10911499624211365,0.5099258022232134,0.259,-0.16993789286971564,0.07022047396127569,43.0,92.0,-0.0015126911638322083,-0.40290250107748116,-0.019040388112338158,8.0,54.0,-0.05506847920410516,-0.015854539821730556,15.0,34.0,0.04486046592199236,0.0030461411913911413,20.0,4.0,-0.017216575932244904,-0.0606576011806943,-0.014184073914143669,0.9999998502425812
EX08__amount_activity_20,range_5,RISK_CONTEXT,168,290,DESCRIBED,-1.0,0.10523838206933557,-0.106380851631963,-0.12910818161354165,0.8039372256965011,0.216,-0.2943930123163309,0.09187299204209871,43.0,92.0,-0.0037902634411345476,-0.2571989333592924,-0.009728891098100392,8.0,54.0,-0.34003234033745927,-0.008663609967486247,15.0,34.0,-0.119494487469631,-0.003800057909081736,20.0,4.0,-0.027889869698908498,0.05281824097993837,-0.02258242969873603,0.9999998502425812
EX08__amount_activity_20,persistence_3,CONFIRMATION,170,296,DESCRIBED,-1.0,0.10129157787986988,-0.02804063955676437,-0.01511079646672867,0.6383576912983211,0.34,-0.12459081930818339,0.07927387494491966,33.0,92.0,-0.023935002195871746,0.18835731224720773,0.2716049382716048,6.0,54.0,-0.1141345356676223,-0.004524886877828038,13.0,34.0,-0.020793881280227154,-0.16666666666666663,14.0,4.0,-0.02193329769115482,-0.12987534037315185,-0.023713268221832173,0.9999998502425812
EX08__index_return_5,return_1,OPPORTUNITY_ENTRY,191,302,DESCRIBED,-1.0,0.15058195008330225,-0.019108287092017576,-0.004391411837053984,0.83656676488152,0.39,-0.09616736374659933,0.08162258942713385,75.0,120.0,-0.0036255130645116633,0.0970612315462733,0.0005402303594529421,20.0,56.0,-0.017947373499134337,-0.004134330546586254,29.0,52.0,-0.086816266450225,-0.004600415229637799,26.0,12.0,-0.03306226811510404,-0.0454003542628052,-0.0004113094745308299,0.9999998502425812
EX08__index_return_5,return_3,OPPORTUNITY_ENTRY,189,296,DESCRIBED,-1.0,0.215244357110802,-0.035516179526607114,0.01971478412156378,0.825203111006699,0.365,-0.15419101054664267,0.11740738810354004,73.0,123.0,-0.008620210754416265,0.1174527758008402,-0.007109774267734528,20.0,58.0,0.03057906423512345,-0.0016441834057480311,27.0,53.0,-0.11962280873320238,-0.0033735306652403693,26.0,12.0,-0.040305050546819876,-0.07918668498525605,-0.00018885967467574538,0.9999998502425812
EX08__index_return_5,return_5,OPPORTUNITY_ENTRY,187,290,DESCRIBED,-1.0,0.12938629391341305,-0.025753551286836453,0.01192707609381554,0.8492897938579448,0.451,-0.15713788070740617,0.14726740844137554,73.0,117.0,-0.015578001110894382,0.12309678669778645,-0.007289248977038746,20.0,56.0,0.09569360939378826,-0.0018037167417465968,27.0,51.0,-0.21473268644710336,-0.030435032063034554,26.0,10.0,-0.02670863249907085,-0.07216042174312598,-0.0003353106099763803,0.9999998502425812
EX08__index_return_5,return_10,OPPORTUNITY_ENTRY,182,275,DESCRIBED,-1.0,0.16784957506002773,-0.0519024892708902,0.009351720954386775,0.8037128038830633,0.312,-0.2081716092797998,0.1304443003984329,71.0,107.0,-0.01989912024245641,0.2272479155252933,0.009817297536187621,19.0,52.0,0.005582833701199996,-0.005822887802567199,27.0,45.0,-0.29718104011500596,-0.046111609503675315,25.0,10.0,-0.04363048191322072,-0.09319165103283211,-0.0008016289816288324,0.9999998502425812
EX08__index_return_5,adverse_5,RISK_CONTEXT,187,290,DESCRIBED,1.0,0.09874507505720581,0.0003456475433091066,0.03648384846923023,0.871497911177677,0.542,-0.13428165966471975,0.16861643262678616,117.0,73.0,-0.01313402255202336,0.25855737719099625,-0.0037190583227975187,56.0,20.0,0.10446320904058201,-0.0005357560539125256,51.0,27.0,-0.37579760534889045,-0.032518537767345625,10.0,26.0,-0.04826585924608273,-0.0606576011806943,-0.0017633004240613648,0.9999998502425812
EX08__index_return_5,range_5,RISK_CONTEXT,187,290,DESCRIBED,-1.0,0.028402438532036015,-0.06937930737072297,-0.027448192216808515,0.5019419229126683,0.282,-0.2850784407772325,0.14539963933284544,73.0,117.0,0.0004125951164254127,-0.2777456963807449,-0.004592010757159287,20.0,56.0,-0.2264980133094366,-0.003899856079598179,27.0,51.0,0.48183919885691484,0.00965492738240813,26.0,10.0,-0.15164198780479143,0.05281824097993837,-0.002522121591342019,0.9999998502425812
EX08__index_return_5,persistence_3,CONFIRMATION,189,296,DESCRIBED,-1.0,0.2466429009352973,-0.003048908928953256,-0.0009527246815382407,0.6478597199256053,0.525,-0.09831051200876223,0.11552861259330532,73.0,123.0,-0.055128633478115696,0.10328727737905864,-0.007471264367816088,20.0,58.0,0.0261143791588097,-0.035406475658048,27.0,53.0,-0.03539671223019638,-0.006410256410256443,26.0,12.0,-0.09918806725678242,-0.12987534037315185,-0.002500834689932452,0.9999998502425812
EX08__index_return_20,return_1,OPPORTUNITY_ENTRY,191,302,DESCRIBED,-1.0,0.10933307385270134,0.004117256868897185,-0.03606299113113001,0.7401051931796301,0.56,-0.08668712385557455,0.10451459965730223,55.0,169.0,-0.003175803386054967,0.14742480991909,0.005278675864807954,8.0,85.0,0.06942747331892539,-0.002734722686732176,16.0,75.0,-0.03252144880643008,-0.0021049607575863195,31.0,9.0,-0.008964295484547469,-0.0454003542628052,-0.006524187931981951,0.9999998502425812
EX08__index_return_20,return_3,OPPORTUNITY_ENTRY,189,296,DESCRIBED,-1.0,0.11423180530748216,0.04468371743817772,0.042583878177098515,0.6453428994647773,0.715,-0.1062355983537131,0.22451197722706773,54.0,166.0,-0.006179423257388853,0.26698217125213236,0.0116610804012287,8.0,82.0,0.11387749320153573,-0.0005993295646649979,16.0,75.0,0.08877075964338163,0.006126371720802971,30.0,9.0,-0.013873924828287976,-0.07918668498525605,-0.013373263923088574,0.9999998502425812
EX08__index_return_20,return_5,OPPORTUNITY_ENTRY,187,290,DESCRIBED,-1.0,0.09939352898955904,0.08554528140853246,0.07272192748201935,0.5997819904981356,0.783,-0.08872996759048044,0.28430901519431234,54.0,162.0,-0.0072239421776159616,0.29995311489669474,0.0079715251430061,8.0,80.0,0.19793044189407277,0.007486041189308375,16.0,73.0,0.1616511046976784,0.006365939703899405,30.0,9.0,-0.01817662047464963,-0.07216042174312598,-0.01922739684600594,0.9999998502425812
EX08__index_return_20,return_10,OPPORTUNITY_ENTRY,182,275,DESCRIBED,-1.0,0.09219021684570441,0.09964876632549788,0.10946712443380169,0.621076958997594,0.803,-0.09801315520337085,0.33125814678512444,49.0,154.0,-0.012365820362647731,0.3513334132708404,0.015509408550907187,7.0,74.0,0.25388981198123933,0.020638937701522926,15.0,71.0,0.2786947602844057,0.004099472473061885,27.0,9.0,-0.021229620906963342,-0.09319165103283211,-0.018836706678391435,0.9999998502425812
EX08__index_return_20,adverse_5,RISK_CONTEXT,187,290,DESCRIBED,1.0,0.1876583258156644,0.19575167834650753,0.16474893506052596,0.5572205840549678,0.96,0.007965830826860892,0.39122190250941385,162.0,54.0,-0.006519872178048676,0.524043175705595,0.013321895693657805,80.0,8.0,0.32768763359809183,0.014454393046506982,73.0,16.0,-0.10476222972537068,-0.014219795815339345,9.0,30.0,-0.1076929972939078,-0.0606576011806943,-0.05870143462370314,0.9999998502425812
EX08__index_return_20,range_5,RISK_CONTEXT,187,290,DESCRIBED,1.0,0.2676292579800998,0.22005006077140246,0.1775220583622504,0.5148018970556798,0.952,0.0011600681937161518,0.44635189861109903,162.0,54.0,-0.0019438641576493484,0.5130789696279529,0.0023455080554440587,80.0,8.0,0.32776891227505583,0.008539172115697644,73.0,16.0,-0.5752969940601015,-0.012087325049660237,9.0,30.0,-0.14849877454316185,0.05281824097993837,-0.03817874438616031,0.9999998502425812
EX08__index_return_20,persistence_3,CONFIRMATION,189,296,DESCRIBED,-1.0,0.1985368951475155,0.04717403303894739,-0.013046174063123216,0.613419611333108,0.757,-0.06487352586340235,0.17873303216866068,54.0,166.0,-0.052208835341365445,0.1954003353437283,0.09349593495934949,8.0,82.0,0.12831652054637563,-0.07194444444444448,16.0,75.0,0.08012705554926847,0.09629629629629627,30.0,9.0,-0.0425993732013783,-0.12987534037315185,-0.0226576424890792,0.9999998502425812
daily__return_1,return_1,OPPORTUNITY_ENTRY,190,302,DESCRIBED,-1.0,0.09674711649830911,0.08635756087862448,0.09281086300969102,0.08888690864704546,0.98,0.015143017167930352,0.16774728893887947,80.0,87.0,0.0029490070792974406,0.07004479900716132,0.0016180943066825013,22.0,31.0,0.09342368718472888,0.00498769734693269,35.0,38.0,0.10613639783594214,0.002828959913090459,23.0,18.0,0.005507810820202352,-0.0454003542628052,0.015116522864903614,0.7094454175211733
daily__return_1,return_3,OPPORTUNITY_ENTRY,188,296,DESCRIBED,-1.0,0.14580928076388555,0.06703739968362135,0.09873448178532923,0.1555475837283521,0.874,-0.03362706225747905,0.1910829404303081,75.0,87.0,0.004031534942819086,0.190611379963331,-0.0014980230924734538,21.0,31.0,0.08644150658809002,0.01226989702748629,33.0,38.0,-0.010480812204367149,-7.00487973204194e-05,21.0,18.0,-0.009269515353428126,-0.07918668498525605,0.012749701755718212,0.9037894909244031
daily__return_1,return_5,OPPORTUNITY_ENTRY,186,290,DESCRIBED,-1.0,0.120640072984985,-0.02264638899357427,-0.009723761527362457,0.747449571508722,0.376,-0.10504463608516595,0.07065308161097258,75.0,85.0,-0.00639071569326947,0.032307798767678315,-0.00599967598636263,21.0,31.0,-0.012759496252966941,-0.0008316940006783576,33.0,37.0,-0.0018466939482740432,-0.009356391509939915,21.0,17.0,-0.015072065233529441,-0.07216042174312598,-0.004196504474731411,0.9999998502425812
daily__return_1,return_10,OPPORTUNITY_ENTRY,181,275,DESCRIBED,-1.0,0.11118498081428582,-0.03292091603089712,-0.012900377946395083,0.7855138220471414,0.345,-0.12638942544462495,0.07286844588669311,73.0,79.0,-0.012570325664407085,0.03327648397550424,-0.0092522860002978,20.0,29.0,0.04499289009254238,0.00689224421286265,32.0,35.0,-0.20160172857994707,-0.0398593522975307,21.0,15.0,-0.015052264962537087,-0.09319165103283211,-0.0030038846213267245,0.9999998502425812
daily__return_1,adverse_5,RISK_CONTEXT,186,290,DESCRIBED,1.0,0.11969859009024245,0.04677837242213775,0.050042745188244885,0.6663999008044098,0.765,-0.053677020231931646,0.1716510821790193,85.0,75.0,-0.004731934433998851,0.1033843124079148,-0.005160215986555982,31.0,21.0,0.07394277729459457,0.002784786592745614,37.0,33.0,-0.09030333407060072,-0.010957525698720043,17.0,21.0,-0.008165225018973876,-0.0606576011806943,7.800757040654638e-06,0.9999998502425812
daily__return_1,range_5,RISK_CONTEXT,186,290,DESCRIBED,-1.0,0.009007702708189886,0.018512929944136003,0.031194515823100115,0.31551613621761976,0.6,-0.09049190359755996,0.11656801031187275,75.0,85.0,0.0012710172726535691,0.043557005747606646,9.12088531331047e-05,21.0,31.0,-0.03836191285690715,-0.0021187371888737316,33.0,37.0,0.2318832034382774,0.006129162081591307,21.0,17.0,-0.02508435638050588,0.05281824097993837,0.0009364609753009789,0.9999998502425812
daily__return_1,persistence_3,CONFIRMATION,188,296,DESCRIBED,-1.0,0.1359926680440492,0.078432635789254,0.07769448955889632,0.1308813232592756,0.929,-0.009957483480559385,0.179825909965582,75.0,87.0,0.07969348659003855,0.1794567906530587,0.13517665130568357,21.0,31.0,0.041591509547788987,0.062200956937799146,33.0,38.0,0.048283639836857524,0.06613756613756616,21.0,18.0,-0.004989941315598934,-0.12987534037315185,0.0050364968614584615,0.8362980963131148
daily__return_3,return_1,OPPORTUNITY_ENTRY,188,302,DESCRIBED,-1.0,0.1530103792569891,-0.006674204113176378,-0.01337682557061233,0.7174628007836739,0.475,-0.09683725132935311,0.10564303657156883,84.0,112.0,-0.0022682700672384606,0.096894392484971,0.0015079507076704531,25.0,48.0,0.040286499522070106,-0.0018592750678406902,35.0,51.0,-0.09953520767907965,-0.0018869492351942059,24.0,13.0,-0.0329594482078166,-0.0454003542628052,-0.0009996698525711611,0.9999998502425812
daily__return_3,return_3,OPPORTUNITY_ENTRY,186,296,DESCRIBED,-1.0,0.1945261375447961,-0.08486508669468831,-0.04641374810866336,0.8610270029204103,0.172,-0.20758441396483046,0.056669645511905536,80.0,112.0,-0.007963106104821545,0.05269532539546969,-0.006300650298676595,24.0,48.0,-0.04911167209780384,-0.003126861881669784,33.0,51.0,-0.12599717308092515,-0.0009489778684711771,23.0,13.0,-0.051053613180300994,-0.07918668498525605,-0.017481718298270277,0.9999998502425812
daily__return_3,return_5,OPPORTUNITY_ENTRY,184,290,DESCRIBED,-1.0,0.16508743144195206,-0.057563607970082566,-0.031592076825711565,0.8766418171911552,0.269,-0.18329038317680554,0.10129511895676824,78.0,108.0,-0.013959333921472418,0.01381310522821213,-0.01454926986206459,23.0,47.0,0.030306632504114125,-0.0017701464175112099,32.0,50.0,-0.13881709628781672,-0.009434371633400183,23.0,11.0,-0.027377196190677022,-0.07216042174312598,-0.010718933694712218,0.9999998502425812
daily__return_3,return_10,OPPORTUNITY_ENTRY,179,275,DESCRIBED,-1.0,0.18098960513039078,-0.1407673827423254,-0.1125172383947376,0.9395784533049419,0.065,-0.27959093230268034,0.012206961558698414,77.0,99.0,-0.030878520375638867,0.07306742405214675,-0.012927969261190182,23.0,44.0,-0.09896126086073283,-0.015525224020691356,33.0,45.0,-0.3378106236308909,-0.05837083190566988,21.0,10.0,-0.031047624479839442,-0.09319165103283211,-0.004985762273692407,0.9999998502425812
daily__return_3,adverse_5,RISK_CONTEXT,184,290,DESCRIBED,1.0,0.10362337429817126,-0.06512243400247132,-0.041327893111197764,0.9028002403670243,0.251,-0.19424324427267356,0.09125200045449731,108.0,78.0,-0.012894102867443316,0.11059066697745498,-0.009693042418692788,47.0,23.0,0.026253918907512126,0.0013894655413730396,50.0,32.0,-0.34942764982224755,-0.025368376419438385,11.0,23.0,-0.009497259445900408,-0.0606576011806943,-0.002612069339125167,0.9999998502425812
daily__return_3,range_5,RISK_CONTEXT,184,290,DESCRIBED,-1.0,0.07207335632139623,-0.01703730601546543,-0.027259252334379307,0.4790436673983607,0.461,-0.20681404080390164,0.17916728337549417,78.0,108.0,0.0005991267995162954,-0.10547001165788315,-0.0026557107939127536,23.0,47.0,-0.15867730785296613,-0.004201689279594377,32.0,50.0,0.45085552598377365,0.011333918786608794,23.0,11.0,-0.08746932994331313,0.05281824097993837,-0.0017111958292579388,0.9999998502425812
daily__return_3,persistence_3,CONFIRMATION,186,296,DESCRIBED,-1.0,0.20757844228740774,-0.05269850443927765,-0.07721928399894502,0.7970792210326549,0.235,-0.15812175732820197,0.06293820941778613,80.0,112.0,-0.06488095238095237,0.08142810195817136,-0.01388888888888884,24.0,48.0,-0.043018385655536354,-0.08556149732620322,33.0,51.0,-0.08651961138723768,0.0691192865105909,23.0,13.0,-0.08689264753897463,-0.12987534037315185,-0.01641627199270701,0.9999998502425812
daily__return_5,return_1,OPPORTUNITY_ENTRY,186,302,DESCRIBED,-1.0,0.159586431460819,-0.023102285975698696,-0.012278918151655433,0.8602396051511603,0.366,-0.10183953720939372,0.07231162488088144,76.0,125.0,-0.0035009060229042512,0.09104768860464157,0.0009012277932066808,20.0,60.0,-0.022184762045217275,-0.004365890788313567,30.0,53.0,-0.09141335730427491,-0.004600415229637799,26.0,12.0,-0.0380017848432439,-0.0454003542628052,0.0,0.9999998502425812
daily__return_5,return_3,OPPORTUNITY_ENTRY,184,296,DESCRIBED,-1.0,0.21390022789946594,-0.03646006272062157,0.020200169352711725,0.8313942422258722,0.373,-0.1507467374154931,0.11784849468557936,74.0,125.0,-0.008591541002310611,0.12090316909569666,-0.00695426691212403,20.0,60.0,0.025722510245659944,-0.002191567489529554,28.0,53.0,-0.12193468886824033,-0.0033735306652403693,26.0,12.0,-0.04568557028250608,-0.07918668498525605,0.0,0.9999998502425812
daily__return_5,return_5,OPPORTUNITY_ENTRY,182,290,DESCRIBED,-1.0,0.13087163654247588,-0.032605693521963956,-0.004783770851348841,0.8634583727799281,0.413,-0.1533820691703874,0.13444373547752375,74.0,119.0,-0.015667541282573253,0.12077084694188246,-0.006997791079644781,20.0,58.0,0.0868295908631823,-0.0028883614197622465,28.0,51.0,-0.22516924232229285,-0.030435032063034554,26.0,10.0,-0.030504581394393826,-0.07216042174312598,0.0,0.9999998502425812
daily__return_5,return_10,OPPORTUNITY_ENTRY,177,275,DESCRIBED,-1.0,0.17046558735158931,-0.055623294246388004,0.0008851446871123164,0.8139980706309394,0.322,-0.20506005529402013,0.12359126984024811,72.0,111.0,-0.02016545375045598,0.2327745282712154,0.008863481992130929,19.0,56.0,-0.0028586921428139316,-0.006257398633260476,28.0,45.0,-0.3253780627445305,-0.046111609503675315,25.0,10.0,-0.046485143867672774,-0.09319165103283211,0.0,0.9999998502425812
daily__return_5,adverse_5,RISK_CONTEXT,182,290,DESCRIBED,1.0,0.09472816430163046,-0.008679580193091653,0.017413713148419906,0.8843220549059662,0.501,-0.13996238839182226,0.15370675622370106,119.0,74.0,-0.01370967954188012,0.24526654621959004,-0.004140919571250731,58.0,20.0,0.09942172145707512,-0.0016022590156310954,51.0,28.0,-0.37099019897807045,-0.032518537767345625,10.0,26.0,-0.044741855692625565,-0.0606576011806943,0.0,0.9999998502425812
daily__return_5,range_5,RISK_CONTEXT,182,290,DESCRIBED,-1.0,0.026908989570845955,-0.06693701872322848,-0.02816557333290691,0.49477338991861364,0.306,-0.2904929952845805,0.14863926865760177,74.0,119.0,0.0008131406355161297,-0.2636788700671529,-0.0040993527142741855,20.0,58.0,-0.2379536527195231,-0.0036849052101825194,28.0,51.0,0.4690666514478626,0.00965492738240813,26.0,10.0,-0.15043634771662817,0.05281824097993837,0.0,0.9999998502425812
daily__return_5,persistence_3,CONFIRMATION,184,296,DESCRIBED,-1.0,0.2545576178994337,-0.008601715111311987,-0.014655950249170588,0.6775340200707811,0.484,-0.10180907696946126,0.10979261355475595,74.0,125.0,-0.0583423423423422,0.10258531341560831,-1.1102230246251565e-16,20.0,60.0,0.021601860855256227,-0.05480682839173401,28.0,53.0,-0.04745057375998993,-0.006410256410256443,26.0,12.0,-0.10836329274264744,-0.12987534037315185,0.0,0.9999998502425812
daily__return_10,return_1,OPPORTUNITY_ENTRY,181,302,DESCRIBED,-1.0,0.1764649930744066,-0.03534751935944145,-0.07522996694732288,0.8667767987411077,0.323,-0.12358456520621096,0.06995437378973504,56.0,143.0,-0.0044787589725025214,0.052582727327445636,-0.0029370945059207917,13.0,71.0,0.038500841346245165,-0.0006527120336373873,18.0,62.0,-0.17739705418656543,-0.005551181347718497,25.0,10.0,-0.036179988752296,-0.0454003542628052,-0.013475201701680373,0.9999998502425812
daily__return_10,return_3,OPPORTUNITY_ENTRY,179,296,DESCRIBED,-1.0,0.2237774309105851,-0.039195531997659586,-0.03511662664205036,0.9131681149638562,0.364,-0.15119432411583109,0.10451696297231629,56.0,138.0,-0.012765744558381295,0.25362245500966646,0.0016819792279021582,13.0,68.0,0.013031494390856803,-0.006613394692999911,18.0,60.0,-0.24236602170351562,-0.020503054786266312,25.0,10.0,-0.04347224382097159,-0.07918668498525605,-0.014869268974185612,0.9999998502425812
daily__return_10,return_5,OPPORTUNITY_ENTRY,177,290,DESCRIBED,-1.0,0.1612260101947195,0.0022515762106009706,0.0026458964004246223,0.8277284299100118,0.526,-0.12963717193925278,0.15974902980946085,56.0,135.0,-0.014455109093168578,0.28916476986812095,0.009832858531350033,13.0,67.0,0.06831337811038234,-0.0018083519132241158,18.0,58.0,-0.22816415111953775,-0.027799532483188213,25.0,10.0,-0.0418665909190461,-0.07216042174312598,-0.021460340829872582,0.9999998502425812
daily__return_10,return_10,OPPORTUNITY_ENTRY,172,275,DESCRIBED,-1.0,0.1509124258672364,0.06806288289891506,0.10193993248896456,0.6712845241360123,0.726,-0.1368422127424555,0.2658255513728934,55.0,124.0,-0.01890927615581327,0.4618307933691595,0.0317119753561185,13.0,59.0,0.11925716709378492,-0.010801295698163276,17.0,55.0,-0.16237317060288498,-0.02725184482839557,25.0,10.0,-0.0745636085860053,-0.09319165103283211,-0.031200997768804584,0.9999998502425812
daily__return_10,adverse_5,RISK_CONTEXT,177,290,DESCRIBED,1.0,0.18445280315425666,0.05338489618730813,0.10386748622620877,0.7516297026364791,0.691,-0.11551014567151388,0.23373109711111106,135.0,56.0,-0.01111873176893487,0.4000759834664456,0.010948625264490114,67.0,13.0,0.14865384072332274,0.007547824911526793,58.0,18.0,-0.44960392076509204,-0.035079531784359574,10.0,25.0,-0.11274331393504933,-0.0606576011806943,-0.05516763142535508,0.9999998502425812
daily__return_10,range_5,RISK_CONTEXT,177,290,DESCRIBED,1.0,0.1263764979577119,0.08218220369145306,0.116519569915752,0.5707760960944404,0.706,-0.14927391036531734,0.33544038456111436,135.0,56.0,-0.002615263530464082,0.277171588538644,0.004851449113948983,67.0,13.0,0.24378999155395498,0.004490605277991708,58.0,18.0,-0.569930064836417,-0.012266482060460483,10.0,25.0,-0.15859367344301178,0.05281824097993837,-0.03513527581584497,0.9999998502425812
daily__return_10,persistence_3,CONFIRMATION,179,296,DESCRIBED,-1.0,0.3079881423898703,-0.008263800054296427,-0.056226488429878256,0.778475137411023,0.502,-0.10688219068717969,0.11230652548314594,56.0,138.0,-0.0817805383022775,0.16537640779141116,0.05052790346907976,13.0,68.0,0.06704788419896292,-0.04629629629629639,18.0,60.0,-0.1930093901912988,-0.1600000000000001,25.0,10.0,-0.13968574829080027,-0.12987534037315185,-0.062162813085698376,0.9999998502425812
daily__return_20,return_1,OPPORTUNITY_ENTRY,171,302,DESCRIBED,-1.0,0.12520857696875964,0.005140698070143562,-0.04012786264655376,0.7591111146245355,0.544,-0.08255230129477062,0.10004339745126271,50.0,182.0,-0.0027371117316134317,0.16225230698899964,0.00691249974211253,7.0,95.0,0.061186786417095955,-0.003751310151125374,14.0,78.0,-0.028900334885223748,-0.0009745285271176489,29.0,9.0,-0.010798219239463114,-0.0454003542628052,-0.007223927257379081,0.9999998502425812
daily__return_20,return_3,OPPORTUNITY_ENTRY,169,296,DESCRIBED,-1.0,0.13790059973810348,0.051648841413468614,0.04416126450024755,0.6574113228722263,0.728,-0.09903031787472569,0.21492145935363402,50.0,180.0,-0.0061970941302327345,0.29465003874016116,0.009877798885983363,7.0,93.0,0.10826120230507644,0.004083522541911681,14.0,78.0,0.09937816337415058,0.005504778652431333,29.0,9.0,-0.014884757442202634,-0.07918668498525605,-0.012826322088431263,0.9999998502425812
daily__return_20,return_5,OPPORTUNITY_ENTRY,167,290,DESCRIBED,-1.0,0.14902983353865137,0.08952828782676464,0.06944844561274459,0.6224773881612516,0.81,-0.08843945229042992,0.26765187247601613,50.0,176.0,-0.009608054622189041,0.3212278554418437,0.006350089356768488,7.0,91.0,0.18998285798583944,0.00839907217860833,14.0,76.0,0.16487109435040512,0.00518247262742632,29.0,9.0,-0.018342878334398183,-0.07216042174312598,-0.017419826379701853,0.9999998502425812
daily__return_20,return_10,OPPORTUNITY_ENTRY,162,275,DESCRIBED,-1.0,0.19274579954997992,0.10977045982576443,0.10070569227662216,0.6348472403239931,0.816,-0.09849133092373445,0.34803768580838473,48.0,169.0,-0.014782386812347588,0.38095737503413535,0.013684951794375469,7.0,87.0,0.2555796226699342,0.018553083048618503,14.0,73.0,0.28531535034930056,0.004099472473061885,27.0,9.0,-0.020488021344829743,-0.09319165103283211,-0.01720524572759463,0.9999998502425812
daily__return_20,adverse_5,RISK_CONTEXT,167,290,DESCRIBED,1.0,0.1454392281494261,0.19538223150225814,0.15325066393425482,0.592778821219218,0.962,0.013376372489769053,0.3940275797723838,176.0,50.0,-0.008700498168042609,0.5384813524469597,0.01219603751915447,91.0,7.0,0.31924122424345713,0.016796992638866342,76.0,14.0,-0.09471919768797092,-0.01563021876868028,9.0,29.0,-0.10125986585559965,-0.0606576011806943,-0.049255186693099695,0.9999998502425812
daily__return_20,range_5,RISK_CONTEXT,167,290,DESCRIBED,1.0,0.0954234885123541,0.21405475728454465,0.15875009379339866,0.5676577669222822,0.934,-0.018022607083701698,0.4552512656802937,176.0,50.0,-0.003105020971877613,0.49262338914770853,0.00207279894377781,91.0,7.0,0.3501144760614047,0.00894879192133612,76.0,14.0,-0.5572881750537036,-0.012683091561400704,9.0,29.0,-0.1415529471252115,0.05281824097993837,-0.029079987497649062,0.9999998502425812
daily__return_20,persistence_3,CONFIRMATION,169,296,DESCRIBED,-1.0,0.2059156021674598,0.05140203283489585,-0.019397363465160074,0.6423472164883022,0.787,-0.05754077034150794,0.16979467337049448,50.0,180.0,-0.04222222222222227,0.22170992138556952,0.08960573476702505,7.0,93.0,0.11860098240443956,-0.027472527472527375,14.0,78.0,0.08771388285630206,0.10089399744572153,29.0,9.0,-0.04647346951590525,-0.12987534037315185,-0.02414810867759498,0.9999998502425812
daily__return_60,return_1,OPPORTUNITY_ENTRY,131,302,DESCRIBED,-1.0,0.1654377370370952,-0.03139411507370273,-0.07188439906233479,0.9035099219456599,0.28,-0.11774729507040288,0.060988266573724824,54.0,236.0,-0.00299264139648687,0.037279675746946545,,0.0,122.0,0.08961095971735987,,0.0,110.0,0.3145900040995659,0.016539537570973532,54.0,4.0,-0.04908561595523886,-0.04173144655508709,-0.042162040259376754,0.9999998502425812
daily__return_60,return_3,OPPORTUNITY_ENTRY,129,296,DESCRIBED,-1.0,0.24161651624245156,-0.05904862561743215,-0.08267419962335217,0.9396039801265061,0.226,-0.19474068906297418,0.07326642063507664,52.0,232.0,-0.00919832336504529,0.08820939540155585,,0.0,120.0,0.09301112805112176,,0.0,108.0,0.5253352449689012,0.052232647048612996,52.0,4.0,-0.11240415187975628,-0.05076505265394626,-0.0796555943876911,0.9999998502425812
daily__return_60,return_5,OPPORTUNITY_ENTRY,127,290,DESCRIBED,-1.0,0.31562866633950754,-0.03398440479712187,-0.09455038827391855,0.9199706864585798,0.377,-0.16667045436150296,0.13635203736295062,50.0,228.0,-0.012032491459975307,0.12686930530483426,,0.0,118.0,0.20824891337987642,,0.0,106.0,0.5957798374140808,0.09163460133582917,50.0,4.0,-0.21472895730452723,-0.03690807291033393,-0.1589804648658999,0.9999998502425812
daily__return_60,return_10,OPPORTUNITY_ENTRY,122,275,DESCRIBED,-1.0,0.5156278140072027,-0.07595397812782738,-0.09639825740746084,0.9128940634321159,0.231,-0.2773710849680375,0.12443632605712299,45.0,218.0,-0.021205331776717455,0.09342186294964139,,0.0,113.0,0.29067840527259925,,0.0,101.0,0.6526725977157212,0.17805549512398372,45.0,4.0,-0.5860417769010169,-0.06383021307732051,-0.45743281949253234,0.9999998502425812
daily__return_60,adverse_5,RISK_CONTEXT,127,290,DESCRIBED,1.0,0.2570910050777919,0.08196079008932396,-0.07745132891407541,0.7360977147320176,0.829,-0.0658296909278963,0.21444471618996494,228.0,50.0,-0.004446255861278732,0.4694309380942929,,118.0,0.0,0.1741040873648162,,106.0,0.0,0.6040796466708532,0.0800932817613911,4.0,50.0,-0.064859108057435,-0.06723728793010642,-0.042637880904913716,0.9999998502425812
daily__return_60,range_5,RISK_CONTEXT,127,290,DESCRIBED,-1.0,0.08689551534902716,-0.18908660483108228,-0.0994948072284266,0.5226901315215369,0.12,-0.4175750702557222,0.07164350629972002,50.0,228.0,-0.00019263081568465096,-0.7059902314632573,,0.0,118.0,-0.016496967247311915,,0.0,106.0,-0.5237179641023392,-0.0165057495951594,50.0,4.0,-0.04904953803474621,-0.010294744831212732,-0.04990969566749981,0.9999998502425812
daily__return_60,persistence_3,CONFIRMATION,129,296,DESCRIBED,-1.0,0.25811280819352544,-0.026214171919260863,-0.11877316453587637,0.8979498008112932,0.337,-0.14631027195214286,0.09257116353517664,52.0,232.0,-0.08543324491600346,0.10085922844628946,,0.0,120.0,0.09741085703374446,,0.0,108.0,0.3743999862862859,0.4102564102564103,52.0,4.0,-0.23008622302551918,-0.12518235445771575,-0.2030467919339849,0.9999998502425812
daily__vol_5,return_1,OPPORTUNITY_ENTRY,186,302,DESCRIBED,1.0,0.031705491955861954,0.05144711862274623,0.0714587420987154,0.39281219781217597,0.762,-0.04777439360294321,0.15534685795729553,170.0,29.0,-0.0012882450794594474,-0.026580699758546267,-0.003381944698102103,59.0,21.0,0.1413580005395463,0.008413381510302307,80.0,2.0,-0.08488807236914381,-0.003920541829180474,31.0,6.0,0.0012854270183644267,-0.0454003542628052,0.0073923443100334385,0.9999998502425812
daily__vol_5,return_3,OPPORTUNITY_ENTRY,184,296,DESCRIBED,1.0,0.08168382991432506,-0.021235581928824163,0.0732691088623292,0.6536056067207416,0.391,-0.16213116264905766,0.12973010854181602,164.0,29.0,-0.007996957549427152,-0.10598637024799085,-0.012001503690872052,57.0,21.0,0.014962722145144337,0.01557546253589013,76.0,2.0,0.032301953819292115,-0.012193878657448205,31.0,6.0,-0.0033952560923538044,-0.07918668498525605,0.003175079775336709,0.9999998502425812
daily__vol_5,return_5,OPPORTUNITY_ENTRY,182,290,DESCRIBED,1.0,0.032961788511661434,-0.049291214762780394,0.04440357854105444,0.784064918291913,0.322,-0.2277418702210959,0.12856119559550838,162.0,28.0,-0.010903716934588907,-0.17484921170337642,-0.021806783140977882,57.0,20.0,-0.03756481309435087,0.03730413582515495,74.0,2.0,0.13129561890743846,-0.0083668433687376,31.0,6.0,0.004008912711170987,-0.07216042174312598,-0.001191337230223688,0.9999998502425812
daily__vol_5,return_10,OPPORTUNITY_ENTRY,177,275,DESCRIBED,1.0,0.19311729478920295,-0.11251939024277305,0.0066743602319609945,0.9411346714933514,0.118,-0.27876637458321285,0.0412684626321099,151.0,27.0,-0.025626515920455416,-0.1733441350763995,-0.02873213076670579,52.0,20.0,-0.2324071533967354,-0.010500618663012117,68.0,2.0,0.20243168456882274,-0.028655980084886155,31.0,5.0,-0.0001992796160905641,-0.09319165103283211,0.007174278871853623,0.9999998502425812
daily__vol_5,adverse_5,RISK_CONTEXT,182,290,DESCRIBED,1.0,0.037526965250881644,0.21378601771283381,0.0018433939310443235,0.004458559697571697,0.987,0.06546770336453997,0.3329532799823707,162.0,28.0,0.021337895400730392,0.39287901604639924,0.022365046682984037,57.0,20.0,-0.13480788423456674,-0.02308252512178669,74.0,2.0,0.2294429556765989,0.035369457644118044,31.0,6.0,0.013482251775594811,-0.0606576011806943,0.0019308215381267368,0.0805125417851353
daily__vol_5,range_5,RISK_CONTEXT,182,290,DESCRIBED,1.0,0.324305871076911,0.42052522608821086,0.17574238243843154,5.395992412910834e-05,1.0,0.2693202442500513,0.5459743093856287,162.0,28.0,0.012784085986490851,0.3962191026700996,0.010144639281735517,57.0,20.0,-0.17887732460880737,-0.0014838743637336782,74.0,2.0,0.6769911041735543,0.01849174661860761,31.0,6.0,0.19602309256074912,0.05281824097993837,0.04317034874237713,0.0017239503965351022
daily__vol_5,persistence_3,CONFIRMATION,184,296,DESCRIBED,1.0,0.14166642375704344,0.010530221572065216,0.05871171633883497,0.5664711729594593,0.527,-0.14081557090659935,0.1646956684231178,164.0,29.0,-0.07261003644519193,-0.0988009880143852,-0.18796992481203012,57.0,21.0,0.09326711472795604,0.2368421052631578,76.0,2.0,0.08060012060589897,0.13978494623655907,31.0,6.0,-0.016069664941131823,-0.12987534037315185,0.022327739979332684,0.9999998502425812
daily__vol_20,return_1,OPPORTUNITY_ENTRY,171,302,DESCRIBED,1.0,0.10527907379698771,-0.013945969998637878,0.11223336806409516,0.4024836228432657,0.382,-0.10112282174585381,0.07317949720816294,158.0,11.0,6.571028371446345e-05,-0.04013336433077859,0.0018181260889451837,33.0,11.0,-0.017881913369356694,,86.0,0.0,0.030162359292618568,,39.0,0.0,-0.0062626844485969,-0.0454003542628052,0.0,0.9999998502425812
daily__vol_20,return_3,OPPORTUNITY_ENTRY,169,296,DESCRIBED,1.0,0.28574394266001996,-0.11349648816551264,0.14017268424048082,0.7849672401367875,0.103,-0.2610463506478899,0.03224704797264854,154.0,11.0,-0.009557350250847326,-0.04795801363858247,-0.005152182652982058,33.0,11.0,-0.1491929401357151,,82.0,0.0,0.09513245778140234,,39.0,0.0,-0.029750382808652942,-0.07918668498525605,0.0,0.9999998502425812
daily__vol_20,return_5,OPPORTUNITY_ENTRY,167,290,DESCRIBED,1.0,0.3723453526530319,-0.12885559558687926,0.16161863419590458,0.8239656154665826,0.096,-0.2896801965306171,0.031772469780550976,152.0,11.0,-0.0071222115728052805,0.001492725455657206,-0.0008764039421519411,33.0,11.0,-0.18285603619601978,,80.0,0.0,0.120554723445853,,39.0,0.0,-0.03706565858878785,-0.07216042174312598,0.0,0.9999998502425812
daily__vol_20,return_10,OPPORTUNITY_ENTRY,162,275,DESCRIBED,1.0,0.476092624810429,-0.21548845217027948,0.25915351547849164,0.8970817206976796,0.018,-0.40014359177317765,-0.050224464403933855,92.0,13.0,-0.04328626238691279,0.07462328731214221,-0.05804423202798381,18.0,13.0,-0.3256262853670852,,37.0,0.0,0.19674859265319378,,37.0,0.0,-0.04306073080755968,-0.09319165103283211,0.0,0.9999998502425812
daily__vol_20,adverse_5,RISK_CONTEXT,167,290,DESCRIBED,-1.0,0.22382836715455592,-0.31275084602927344,0.1293295955382634,0.9969194476748598,0.002,-0.47696283896853725,-0.1389088932705047,11.0,152.0,-0.029119757074216164,-0.20928597156210627,-0.02166171102841482,11.0,33.0,-0.08850504340446746,,0.0,80.0,-0.11664960701239278,,0.0,39.0,-0.019125094559820255,-0.0606576011806943,0.0,0.9999998502425812
daily__vol_20,range_5,RISK_CONTEXT,167,290,DESCRIBED,1.0,0.24896420583961168,0.5048661217315126,-0.1017645459722962,4.182412814314584e-06,0.995,0.2644859558971642,0.6953511091089283,152.0,11.0,0.017579330007305632,0.343190416897093,0.01385119668455225,33.0,11.0,-0.11051952631420234,,80.0,0.0,0.589326159833398,,39.0,0.0,0.18250841959274566,0.05281824097993837,0.0,0.00018611737023699898
daily__vol_20,persistence_3,CONFIRMATION,169,296,DESCRIBED,1.0,0.18619374714012762,-0.08912994412527578,0.04755016958406789,0.8303077695254775,0.112,-0.2073476997549272,0.031878363489080616,154.0,11.0,-0.09090909090909083,-0.060413452096797556,-0.1010101010101011,33.0,11.0,-0.03500315112057607,,82.0,0.0,0.1083821282067904,,39.0,0.0,-0.016814220587339168,-0.12987534037315185,0.0,0.9999998502425812
daily__vol_60,return_1,OPPORTUNITY_ENTRY,131,302,DESCRIBED,1.0,0.05831332571351574,-0.03323507903777847,0.0077282661710979805,0.6634133743386299,0.209,-0.10688817689948499,0.03858653237686896,224.0,61.0,-0.0005171410436237759,-0.015370956517622611,0.0004181808700153026,47.0,61.0,-0.07504879583070156,,115.0,0.0,,,62.0,0.0,-0.007938555561921135,-0.04173144655508709,-0.003833032135827086,0.9999998502425812
daily__vol_60,return_3,OPPORTUNITY_ENTRY,129,296,DESCRIBED,1.0,0.03769877319021222,-0.11801058412870415,0.021681774224147105,0.8918348402438616,0.045,-0.23580357543991692,-0.007584026389882988,218.0,61.0,-0.006819514450805551,-0.008821730265399664,-0.005709539977650421,45.0,61.0,-0.216108132112878,,113.0,0.0,,,60.0,0.0,-0.021454759510142862,-0.05076505265394626,-0.007255038849791617,0.9999998502425812
daily__vol_60,return_5,OPPORTUNITY_ENTRY,127,290,DESCRIBED,1.0,0.022515192484968864,-0.16347462495193354,0.017664156898827367,0.9023533638486867,0.026,-0.2904642197246836,-0.02114709984028433,212.0,61.0,-0.010960034055380236,0.008998694517325812,-0.009443312259248,43.0,61.0,-0.3454400874809933,,111.0,0.0,,,58.0,0.0,-0.027248077530081183,-0.03690807291033393,-0.004073244548625121,0.9999998502425812
daily__vol_60,return_10,OPPORTUNITY_ENTRY,122,275,DESCRIBED,-1.0,0.043206357862470526,0.2228669418812818,-0.026502986065029866,0.05098335061108335,0.976,0.028598730698385273,0.4044136980812331,53.0,197.0,0.0186744937257363,0.017892438048185848,0.026164808726202762,53.0,38.0,0.34931924284534704,,0.0,106.0,,,0.0,53.0,-0.06122369475249356,-0.06383021307732051,-0.04175517202883139,0.5250021062926433
daily__vol_60,adverse_5,RISK_CONTEXT,127,290,DESCRIBED,-1.0,0.13490281644459232,-0.20549971325772817,0.005795386471855215,0.9985943778491513,0.033,-0.3650017016238897,-0.022506700666546427,61.0,212.0,-0.01799575633800367,-0.12878727622806074,-0.011802311339805329,61.0,43.0,0.008495795454719532,,0.0,111.0,,,0.0,58.0,0.04395421515182807,-0.06723728793010642,0.0054327084194518704,0.9999998502425812
daily__vol_60,range_5,RISK_CONTEXT,127,290,DESCRIBED,-1.0,0.3265905139651779,-0.3242404604818729,-0.1367331851500141,0.9999851241467608,0.042,-0.5775557213507395,-0.014634034973783967,61.0,212.0,-0.011403122087432379,-0.3161117443005022,-0.006913314868798724,61.0,43.0,0.3125650116679343,,0.0,111.0,,,0.0,58.0,0.006336269737890032,-0.010294744831212732,-0.11256023005531657,0.9999998502425812
daily__vol_60,persistence_3,CONFIRMATION,129,296,DESCRIBED,1.0,0.08395513433978155,-0.10971303518641029,-0.053469185672575505,0.9453303137713809,0.053,-0.21970742376925662,0.0025936479475232267,218.0,61.0,-0.11182132651526544,-0.0640742833079656,-0.1208257437765633,45.0,61.0,-0.09818314622349132,,113.0,0.0,,,60.0,0.0,-0.017102955853212976,-0.12518235445771575,-0.007297290690730263,0.9999998502425812
daily__range,return_1,OPPORTUNITY_ENTRY,191,302,DESCRIBED,1.0,0.03788189968540704,-0.015209056321131422,0.03507835987444645,0.6923738620512211,0.366,-0.09076413354794573,0.07138113496319666,153.0,22.0,-0.001306260840668806,0.0902122808626368,0.0007114050392521367,40.0,22.0,-0.03526989017992829,,79.0,0.0,-0.22236518973094702,,34.0,0.0,-0.006231969779568081,-0.0454003542628052,-0.0389035888123872,0.9999998502425812
daily__range,return_3,OPPORTUNITY_ENTRY,189,296,DESCRIBED,1.0,0.10596831073555457,-0.12824342439990288,-0.04538375046849623,0.9520644304106046,0.031,-0.24515567334533733,-0.014451147491755504,149.0,22.0,-0.007955002847598895,-0.1628100128450352,-0.0069519531358053725,39.0,22.0,-0.015007846213250225,,76.0,0.0,-0.19892371217102153,,34.0,0.0,-0.019215700803507874,-0.07918668498525605,-0.0031255193330725906,0.9999998502425812
daily__range,return_5,OPPORTUNITY_ENTRY,187,290,DESCRIBED,1.0,0.07466862905588934,-0.15630769278524048,-0.05057217048380173,0.9676572952090646,0.01,-0.2625988849880465,-0.052210306939637886,148.0,22.0,-0.012080394980512164,-0.119016083178159,-0.007419566255309054,39.0,22.0,-0.11240411785425473,,75.0,0.0,-0.19742567485721568,,34.0,0.0,-0.016266823790807905,-0.07216042174312598,-0.0011891320068697642,0.9999998502425812
daily__range,return_10,OPPORTUNITY_ENTRY,182,275,DESCRIBED,1.0,0.14908542229490201,-0.21807000055133743,-0.05138743833126569,0.9900128278934326,0.002,-0.3413753442138777,-0.0957062147725112,144.0,23.0,-0.023108202464399617,-0.13377551194879697,-0.01742366765391106,39.0,23.0,-0.2301560290780783,,72.0,0.0,-0.1875871937372797,,33.0,0.0,-0.006824904590901459,-0.09319165103283211,0.003330955339106323,0.9999998502425812
daily__range,adverse_5,RISK_CONTEXT,187,290,DESCRIBED,1.0,0.08954807351907818,0.36196883584468725,0.16746002556100753,0.00010076791398860878,1.0,0.2324394146445052,0.48048229294684525,148.0,22.0,0.024028651413824282,0.35858312597681913,0.01599073316604674,39.0,22.0,0.09361944846108433,,75.0,0.0,0.46912848709636923,,34.0,0.0,0.0870640461447052,-0.0606576011806943,0.06651338582179689,0.003062361483653818
daily__range,range_5,RISK_CONTEXT,187,290,DESCRIBED,1.0,0.5049819468086744,0.5616009331267368,0.3557258255971718,1.225807498524584e-11,1.0,0.42240078945545784,0.644848456283865,148.0,22.0,0.015109643445352944,0.45718738813277865,0.010444937863781555,39.0,22.0,0.19217676662384583,,75.0,0.0,0.6962403810398985,,34.0,0.0,0.3183158738095173,0.05281824097993837,0.25935322392876836,2.1819373473737595e-09
daily__range,persistence_3,CONFIRMATION,189,296,DESCRIBED,1.0,0.12005803806170912,-0.08613610943514612,-0.0328410074172786,0.966556738482855,0.081,-0.19065305836875657,0.014332919173060121,149.0,22.0,-0.13249949155989416,-0.05963345315727713,-0.11305361305361306,39.0,22.0,-0.037764468067035525,,76.0,0.0,-0.12051349479595388,,34.0,0.0,-0.004574015807716991,-0.12987534037315185,-0.021025354982016076,0.9999998502425812
daily__range_mean_5,return_1,OPPORTUNITY_ENTRY,187,302,DESCRIBED,-1.0,0.01886726664236288,0.02607360199391791,-0.031610366598693714,0.26779952131271123,0.67,-0.06565568161066497,0.10070949937908576,23.0,191.0,0.0003861419658213196,0.012224653836251173,-0.0004985706484990572,23.0,47.0,0.007988965500126989,,0.0,104.0,0.09257361429003315,,0.0,40.0,-0.004431650553043287,-0.0454003542628052,-0.010871758295677214,0.9999998502425812
daily__range_mean_5,return_3,OPPORTUNITY_ENTRY,185,296,DESCRIBED,1.0,0.020317710618644572,-0.15816374668364191,-0.021945057538277874,0.9469634548432783,0.021,-0.2716700200056799,-0.03344815213373109,189.0,23.0,-0.01000525838837853,-0.13182069445313993,-0.006921259992247475,47.0,23.0,-0.12255494716534739,,102.0,0.0,-0.11875769519667119,,40.0,0.0,-0.017046638385091795,-0.07918668498525605,-0.0036409203938421175,0.9999998502425812
daily__range_mean_5,return_5,OPPORTUNITY_ENTRY,183,290,DESCRIBED,1.0,0.03892782051768826,-0.21723756566789149,-0.06524748541435771,0.9750792472212596,0.007,-0.355705418138454,-0.0827256662214062,187.0,23.0,-0.015669788617101946,-0.15753212998960056,-0.012713184602902397,47.0,23.0,-0.23652591620230212,,100.0,0.0,-0.14386312365685688,,40.0,0.0,-0.007875909178819862,-0.07216042174312598,0.012489572224246182,0.9999998502425812
daily__range_mean_5,return_10,OPPORTUNITY_ENTRY,178,275,DESCRIBED,1.0,0.21423837008465935,-0.2487325330208163,0.01696661954357924,0.9725276358097544,0.012,-0.4108434349941113,-0.08408080256198183,177.0,25.0,-0.026607822486384138,-0.12373124763443366,-0.020096705793504577,43.0,25.0,-0.4313131987872951,,94.0,0.0,0.024986265990249328,,40.0,0.0,-0.012914407187285759,-0.09319165103283211,0.011247687150115038,0.9999998502425812
daily__range_mean_5,adverse_5,RISK_CONTEXT,183,290,DESCRIBED,1.0,0.20827139852761514,0.428960300762262,0.2091266819770295,3.231022245089908e-06,1.0,0.29922313308199633,0.5445495302918074,187.0,23.0,0.027441103404719024,0.4376223072338817,0.02006339008217862,47.0,23.0,0.13695321483897205,,100.0,0.0,0.4450021734769243,,40.0,0.0,0.14369688262093294,-0.0606576011806943,0.13046586221835388,0.00016103414869528103
daily__range_mean_5,range_5,RISK_CONTEXT,183,290,DESCRIBED,1.0,0.6161169550335625,0.6156982633635251,0.3326126720109428,6.6984599397721884e-15,1.0,0.44464411803001364,0.7392976357373578,187.0,23.0,0.016220736339686168,0.5163186775005593,0.011686929160920002,47.0,23.0,0.0666692175419395,,100.0,0.0,0.7729359232347993,,40.0,0.0,0.36935197854127,0.05281824097993837,0.24892135852026032,8.346281084956146e-12
daily__range_mean_5,persistence_3,CONFIRMATION,185,296,DESCRIBED,1.0,0.025611116810037984,-0.12194226963038753,-0.04108191396326989,0.9423038767411832,0.046,-0.2298855187726318,-0.003820500595361536,189.0,23.0,-0.096234951307415,-0.06598606066997453,-0.034844279987665594,47.0,23.0,-0.11860603995571586,,102.0,0.0,-0.037741413307275797,,40.0,0.0,-0.020137355692516845,-0.12987534037315185,-0.01220545558293118,0.9999998502425812
daily__range_mean_20,return_1,OPPORTUNITY_ENTRY,172,302,DESCRIBED,1.0,0.04655119960278987,-0.04152226906381137,0.05002994193943168,0.46369247324858287,0.189,-0.12211643804743702,0.04632228663553006,175.0,29.0,0.002122340926661446,-0.0033602007107908153,0.0019172228301270351,35.0,29.0,-0.11065265277624417,,96.0,0.0,0.04027753367829053,,44.0,0.0,-0.0024466542165053617,-0.0454003542628052,0.0020655533147730942,0.9999998502425812
daily__range_mean_20,return_3,OPPORTUNITY_ENTRY,170,296,DESCRIBED,1.0,0.20399559356367122,-0.1315835175111817,0.07375912121674832,0.8076235553462355,0.065,-0.27029091021076124,0.009340386219257854,168.0,32.0,-0.004619482063327346,-0.029771847359365992,-0.001110141454304157,34.0,32.0,-0.20468269722211177,,92.0,0.0,0.16947696295811507,,42.0,0.0,-0.02012589291069178,-0.07918668498525605,0.0058863918907366974,0.9999998502425812
daily__range_mean_20,return_5,OPPORTUNITY_ENTRY,168,290,DESCRIBED,1.0,0.27236874991035115,-0.16195797817453159,0.0866641163062745,0.8635100832899474,0.041,-0.3177157794203224,-0.01616121358169102,166.0,36.0,-0.007578608761071011,0.011629621384106784,-0.0020321362840965314,34.0,36.0,-0.22450028539546427,,90.0,0.0,0.1897015051014425,,42.0,0.0,-0.028124776164077936,-0.07216042174312598,0.005068381027467095,0.9999998502425812
daily__range_mean_20,return_10,OPPORTUNITY_ENTRY,163,275,DESCRIBED,1.0,0.37327479129595986,-0.19665178380897497,0.1433045786330458,0.9190396971374811,0.045,-0.38380966953302326,-0.010607539649864843,158.0,44.0,-0.016696120605184328,-0.006548183369376599,-0.009947697685937826,34.0,44.0,-0.18786138713018596,,83.0,0.0,0.34617398859091486,,41.0,0.0,-0.03893977764039391,-0.09319165103283211,-0.02357865535911685,0.9999998502425812
daily__range_mean_20,adverse_5,RISK_CONTEXT,168,290,DESCRIBED,-1.0,0.07890017064443682,-0.375873965979365,-0.045549026578281505,0.999811589926021,0.0,-0.5152081775751446,-0.22254661984311655,36.0,166.0,-0.02236517136681796,-0.2991752621835492,-0.016504262473528486,36.0,34.0,-0.19060516388164456,,0.0,90.0,-0.12961589899823422,,0.0,42.0,0.05964804323746631,-0.0606576011806943,0.0797148463924654,0.9999998502425812
daily__range_mean_20,range_5,RISK_CONTEXT,168,290,DESCRIBED,1.0,0.3763293362556375,0.5624415337006942,0.257125284609149,6.276861840831823e-11,0.999,0.3286096945726486,0.7245401292894026,166.0,36.0,0.014990931392232081,0.5473733722120799,0.011843063918572134,34.0,36.0,-0.10905310859603994,,90.0,0.0,0.6611591434758922,,42.0,0.0,0.3064696546870155,0.05281824097993837,0.13784067639851827,6.016130656674193e-09
daily__range_mean_20,persistence_3,CONFIRMATION,170,296,DESCRIBED,1.0,0.11243615897740251,-0.12993809124850822,-0.020107164174960782,0.8722196697412414,0.037,-0.2477836665129827,-0.009370053766760885,168.0,32.0,-0.008928571428571397,-0.04695485200739751,-0.030637254901960786,34.0,32.0,-0.18007477220218387,,92.0,0.0,0.127007712375282,,42.0,0.0,-0.010238502517943227,-0.12987534037315185,0.010280775298217693,0.9999998502425812
daily__body,return_1,OPPORTUNITY_ENTRY,191,302,DESCRIBED,-1.0,0.05938526905350757,0.13328359167054785,0.13654243248795192,0.021136662528132705,0.986,0.03396863804203524,0.22890690072248468,76.0,87.0,0.006148207552892575,0.08650186969587279,0.002204744020056021,23.0,28.0,0.17461940812749546,0.011379130051531143,30.0,41.0,0.17155939156301572,0.005245693506575857,23.0,18.0,0.014882689024045992,-0.0454003542628052,0.01773557203085585,0.2831858226887457
daily__body,return_3,OPPORTUNITY_ENTRY,189,296,DESCRIBED,-1.0,0.0826892055858264,0.09839742277699783,0.12966263644229745,0.038026497772168155,0.928,-0.015201866019333403,0.22715751293633268,69.0,87.0,0.008932157723346509,0.17376433607140038,0.0019237923585728191,21.0,28.0,0.1487936532218721,0.021729833766064414,28.0,41.0,0.02948705695666424,0.0034431196773191033,20.0,18.0,0.002957517478938132,-0.07918668498525605,0.014514625497623057,0.4512477735630621
daily__body,return_5,OPPORTUNITY_ENTRY,187,290,DESCRIBED,-1.0,0.0664349764992047,0.020597846766650767,0.04253582907829073,0.44273695906871213,0.679,-0.06868682056132515,0.12386459888027312,68.0,86.0,-0.0002692599005179744,0.05690372596247754,0.0005397383538173857,21.0,28.0,0.043355624544405905,0.007910211587739868,28.0,40.0,0.03489646340334146,-0.005697091789637714,19.0,18.0,-0.006003685892644439,-0.07216042174312598,0.00017108783119079707,0.9999998502425812
daily__body,return_10,OPPORTUNITY_ENTRY,182,275,DESCRIBED,-1.0,0.07043585970553028,-0.002051630533078508,0.028310204552667265,0.6472205349055237,0.491,-0.09551733752702864,0.10149075164352307,67.0,81.0,-0.0035798280271165106,0.05159459678044627,0.0018116758201150024,21.0,27.0,0.05174157301510595,0.010215973731230538,27.0,37.0,-0.09072199505579062,-0.020226465330904178,19.0,17.0,-0.009377313779249441,-0.09319165103283211,-0.002895239252207027,0.9999998502425812
daily__body,adverse_5,RISK_CONTEXT,187,290,DESCRIBED,1.0,0.07600723662821368,0.08938948504057223,0.08177480481747497,0.5172695446931506,0.925,-0.013892271455378302,0.215908986783314,86.0,68.0,-0.00127547288889409,0.10908930996043933,-0.0003987670625467364,28.0,21.0,0.16561738051219685,0.009011769264390127,40.0,28.0,-0.09464857196687405,-0.01387925384922059,18.0,19.0,-0.009122294182248858,-0.0606576011806943,0.003892495330635848,0.9999998502425812
daily__body,range_5,RISK_CONTEXT,187,290,DESCRIBED,-1.0,0.028775288488692728,0.014950203177660996,0.05800872616878875,0.22485227933054697,0.595,-0.07876011279123309,0.10270336208781004,68.0,86.0,0.001803154438478602,0.02777001469237128,-0.0007967102101432873,21.0,28.0,-0.033547374900638534,-0.0007782754385172799,28.0,40.0,0.3005469460633768,0.008729311759856286,19.0,18.0,-0.02093267777249941,0.05281824097993837,-4.551585816625625e-05,0.9999998502425812
daily__body,persistence_3,CONFIRMATION,189,296,DESCRIBED,-1.0,0.10051524669162547,0.12125920511551753,0.11933397187634474,0.04224669497316528,0.978,0.022593080547027657,0.22852356179455252,69.0,87.0,0.11427619523571542,0.16824731130084686,0.130952380952381,21.0,28.0,0.14052280973556494,0.1739256678281068,28.0,41.0,0.09850544301560926,0.04259259259259268,20.0,18.0,0.008578657517424704,-0.12987534037315185,0.00864311003163154,0.47250559243076756
daily__gap,return_1,OPPORTUNITY_ENTRY,190,302,DESCRIBED,-1.0,0.042018130872169046,-0.0011420193599838973,0.011601003888204273,0.6312041246145711,0.509,-0.08022486258305749,0.0725588124860938,101.0,77.0,-0.0019526823273909961,0.09752162520281914,0.002444770439606867,24.0,28.0,-0.0900404282234095,-0.0035580575475074837,48.0,33.0,0.03580854394459778,-0.0030814011851517955,29.0,16.0,-0.04510085582578127,-0.0454003542628052,-0.02452972664688824,0.9999998502425812
daily__gap,return_3,OPPORTUNITY_ENTRY,188,296,DESCRIBED,-1.0,0.13841933750029817,0.01694145537274326,0.057147285960845284,0.500077310490231,0.655,-0.05603262333578563,0.0926118108022824,97.0,77.0,-0.0012077855439487075,0.11470780734924664,0.006195200410738317,23.0,28.0,-0.012096189171038926,-0.003981169063472376,46.0,33.0,0.06026107414217848,-0.0030337473736683713,28.0,16.0,-0.03343868958762286,-0.07918668498525605,-0.013624208704239527,0.9999998502425812
daily__gap,return_5,OPPORTUNITY_ENTRY,186,290,DESCRIBED,-1.0,0.14333766071557263,-0.011068289375318952,0.01858573085661357,0.7125703578335607,0.395,-0.08351999643366739,0.06686411402650616,96.0,74.0,-0.00514057328261153,0.050525955578489636,-0.0005159516754261358,23.0,28.0,-0.03659014097278686,-0.01072773771357124,45.0,32.0,0.16438023553845038,0.0026926658899314527,28.0,14.0,-0.019885960266438518,-0.07216042174312598,-0.008156829849925051,0.9999998502425812
daily__gap,return_10,OPPORTUNITY_ENTRY,181,275,DESCRIBED,-1.0,0.1434372576438982,-0.06831061031714152,-0.01925853264475924,0.8092509005656296,0.074,-0.14264872977913962,0.009836041826161396,92.0,70.0,-0.008518901785216509,-0.004847745107933448,0.00026890939278860493,23.0,26.0,-0.02877837980779091,-0.0030691558212844403,43.0,31.0,-0.12467454029189125,-0.019783407828919592,26.0,13.0,-0.007903100445714628,-0.09319165103283211,-0.0005003941935064482,0.9999998502425812
daily__gap,adverse_5,RISK_CONTEXT,186,290,DESCRIBED,1.0,0.062128581902831825,-0.0395944039988492,0.011940852960242668,0.8340897982644039,0.191,-0.10880994186156737,0.0370959737530179,74.0,96.0,-0.005336305714975006,0.03486902708116578,-0.0024204900038883384,28.0,23.0,-0.07241287161167267,-0.004941075494465937,32.0,45.0,0.05889443816890644,-0.003929858495527384,14.0,28.0,0.0010375835041090964,-0.0606576011806943,-0.005827243842659202,0.9999998502425812
daily__gap,range_5,RISK_CONTEXT,186,290,DESCRIBED,-1.0,0.05974849055845336,0.07852967043446053,0.00012226968954077522,0.12121995654034412,0.929,-0.008730887110983838,0.15522412184623946,96.0,74.0,0.0017971030553236532,0.09540497318039562,0.0015743387754626505,23.0,28.0,0.029096092857735015,0.0002384511109095877,45.0,32.0,-0.005673600326219259,0.0012728751175641456,28.0,14.0,-0.00212860381558011,0.05281824097993837,4.68370974415766e-06,0.8253555510889005
daily__gap,persistence_3,CONFIRMATION,188,296,DESCRIBED,-1.0,0.07372405967585806,-0.006971240257320718,0.01053040714057663,0.4733233350608753,0.429,-0.07402379852440455,0.057551841548109536,97.0,77.0,-0.013834962288570618,0.09910621082952305,0.12422360248447217,23.0,28.0,-0.10324573853232365,-0.07422046552481343,46.0,33.0,0.039183136178398636,-0.011904761904761918,28.0,16.0,-0.031727227078015785,-0.12987534037315185,-0.017338458552023095,0.9999998502425812
daily__close_location,return_1,OPPORTUNITY_ENTRY,191,302,DESCRIBED,-1.0,0.11535334966206355,0.13634023034141682,0.1620469961013395,0.010177685807134329,0.999,0.052759340597873995,0.234437654659858,49.0,85.0,0.0053311504601735735,0.12983997393412308,0.0065523127124248685,16.0,41.0,0.16369256977346425,0.012044947152917061,16.0,31.0,0.09210443778617414,0.0015639538855581718,17.0,13.0,0.014040737648370438,-0.0454003542628052,0.01815021952798679,0.16243734962172096
daily__close_location,return_3,OPPORTUNITY_ENTRY,189,296,DESCRIBED,-1.0,0.1331476794128616,0.11377575626746395,0.1536778689321062,0.020375936614088142,0.975,0.01642404148373575,0.22507754585806533,47.0,82.0,0.007430426238590263,0.17228462223693441,0.012364331454527654,16.0,40.0,0.16261853742963658,0.019254115292071855,15.0,30.0,0.057308025471931694,0.009757315906735967,16.0,12.0,0.005443616090726189,-0.07918668498525605,0.015220587951100373,0.27604248140472604
daily__close_location,return_5,OPPORTUNITY_ENTRY,187,290,DESCRIBED,-1.0,0.08825319294784206,0.013471261064131702,0.04246202443671682,0.5248519872507489,0.64,-0.06658022509126468,0.10348689717353905,46.0,85.0,-0.00446952656593072,0.057550963406859855,-0.0031330452541248107,16.0,42.0,0.03778960437861328,0.012617715808069897,15.0,30.0,0.01449163923327425,-0.0033440536375094893,15.0,13.0,-0.006918079993730064,-0.07216042174312598,-0.0030740254041174975,0.9999998502425812
daily__close_location,return_10,OPPORTUNITY_ENTRY,182,275,DESCRIBED,-1.0,0.059696578126845964,-0.025862726892900114,0.02488618331842705,0.7935390127864431,0.375,-0.11167549996162791,0.08493778092865671,45.0,80.0,-0.018921535440135577,0.009045779643089965,-0.01009270081902813,15.0,39.0,0.033826887253505966,0.0036593968952170902,15.0,28.0,-0.07896435319833549,-0.027123167935687427,15.0,13.0,-0.003547839337449954,-0.09319165103283211,-0.007869211212866878,0.9999998502425812
daily__close_location,adverse_5,RISK_CONTEXT,187,290,DESCRIBED,1.0,0.09245843379315592,0.04502451493683556,0.08433385775631429,0.6476445518397019,0.801,-0.04658776392891978,0.1483511284929025,85.0,46.0,-0.005892242911664094,0.0832674414921576,0.004014602829472493,42.0,16.0,0.13378327882125818,0.007098686942337382,30.0,15.0,-0.060674124348231044,-0.016154965804105255,13.0,15.0,-0.005003550796950806,-0.0606576011806943,-4.952894279797171e-05,0.9999998502425812
daily__close_location,range_5,RISK_CONTEXT,187,290,DESCRIBED,-1.0,0.04554238957166718,0.09812918508189633,0.06989127346218804,0.048507250829737704,0.954,0.0033936478419848543,0.19150205429234798,46.0,85.0,0.00371176900363435,0.08920460568679835,-0.0019116793491586806,16.0,42.0,-0.021798487088418344,0.0007394643969860851,15.0,30.0,0.2791255862510913,0.009535444696550398,15.0,13.0,-0.006696540315033639,0.05281824097993837,0.001124868041088467,0.5122036824902811
daily__close_location,persistence_3,CONFIRMATION,189,296,DESCRIBED,-1.0,0.16149006709310698,0.13619373460767953,0.1633328243497735,0.014686268709111489,0.989,0.04353686441827332,0.23428432727960682,47.0,82.0,0.11105345096004154,0.19064490834098896,0.22083333333333333,16.0,40.0,0.12678772303154995,0.0888888888888888,15.0,30.0,0.15584785535553125,0.20138888888888884,16.0,12.0,0.005601554667661102,-0.12987534037315185,0.012596558397937385,0.21278012571573157
daily__distance_mean_20,return_1,OPPORTUNITY_ENTRY,172,302,DESCRIBED,-1.0,0.16000547149667596,-0.0034887289260000275,-0.06341526322221451,0.8536640527074941,0.487,-0.0945486147833455,0.10378238069418062,67.0,164.0,-0.00302522584946648,0.14328329885519359,0.00015193599698197307,12.0,84.0,0.04267958124706776,-0.001835717700450459,21.0,69.0,-0.1399873256631561,-0.0029621653875797306,34.0,11.0,-0.03647844482982321,-0.0454003542628052,-0.010597847326718757,0.9999998502425812
daily__distance_mean_20,return_3,OPPORTUNITY_ENTRY,170,296,DESCRIBED,-1.0,0.17357808944006878,0.008084491386854287,-0.024176719091973324,0.8767415906646256,0.559,-0.11837195285367635,0.16247745561737664,64.0,159.0,-0.010146079942440649,0.294436522734144,0.0010725030495437136,12.0,79.0,0.07437929947343977,-0.004914745255397276,19.0,69.0,-0.12241157381595966,-0.007528417236017335,33.0,11.0,-0.054937133718225395,-0.07918668498525605,-0.02455601004549335,0.9999998502425812
daily__distance_mean_20,return_5,OPPORTUNITY_ENTRY,168,290,DESCRIBED,-1.0,0.11880106854362178,0.019408115907078312,-0.029420744270607178,0.828730612897421,0.59,-0.14026708057151085,0.20374241445829405,64.0,154.0,-0.013009741586615617,0.2770886659490977,0.003329358155732938,12.0,77.0,0.09708728895675006,-0.001308418067840782,19.0,67.0,-0.08579727964881607,-0.011714912919278106,33.0,10.0,-0.05200620369298514,-0.07216042174312598,-0.02709145460125084,0.9999998502425812
daily__distance_mean_20,return_10,OPPORTUNITY_ENTRY,163,275,DESCRIBED,-1.0,0.17799684105673597,0.056175566700060596,0.07863419982112461,0.7372285789406507,0.688,-0.13563661547750225,0.2593182931188808,62.0,145.0,-0.019470795213504758,0.4464638952916524,0.017217361289568373,12.0,73.0,0.08830181373771355,-0.010473395073224097,19.0,62.0,0.04294167516896875,-0.0056865643981199795,31.0,10.0,-0.07716501028546285,-0.09319165103283211,-0.03034250605912936,0.9999998502425812
daily__distance_mean_20,adverse_5,RISK_CONTEXT,168,290,DESCRIBED,1.0,0.10066512210153111,0.09795772682380843,0.09895406522116176,0.7533755558469415,0.808,-0.08403359142297703,0.29408134548415094,154.0,64.0,-0.009797976166999744,0.42675937220016064,0.008167489159795512,77.0,12.0,0.23289889117331142,0.005749400518508977,67.0,19.0,-0.31535876235610966,-0.02317608659601297,10.0,33.0,-0.1385975655611047,-0.0606576011806943,-0.0722644963865755,0.9999998502425812
daily__distance_mean_20,range_5,RISK_CONTEXT,168,290,DESCRIBED,1.0,0.025557945114390745,0.12015490011969503,0.1703295500254011,0.5682947012772723,0.761,-0.1390685996744176,0.3914012042886059,154.0,64.0,-0.0016307492539088184,0.29632986587166593,0.004063428896565451,77.0,12.0,0.3548126234968859,0.005384383879953079,67.0,19.0,-0.5708183705222359,-0.00861804432946326,10.0,33.0,-0.20296167731577652,0.05281824097993837,-0.041415574468881555,0.9999998502425812
daily__distance_mean_20,persistence_3,CONFIRMATION,170,296,DESCRIBED,-1.0,0.28100698468111895,0.03319935446500528,-0.05909160315939976,0.80584913997201,0.699,-0.06767555917314683,0.16613787160384721,64.0,159.0,-0.10446147798742139,0.23213063301334502,0.023909985935302358,12.0,79.0,0.09953940052434923,-0.11873887617594714,19.0,69.0,-0.10254882200899641,-0.090909090909091,33.0,11.0,-0.13342677152375693,-0.12987534037315185,-0.04392102548612553,0.9999998502425812
daily__amount_activity,return_1,OPPORTUNITY_ENTRY,172,302,DESCRIBED,-1.0,0.10266687421579399,-0.09310720688134792,-0.08635325040501675,0.9904130741082168,0.022,-0.16222231522045746,-0.020315929564211535,33.0,92.0,-0.006711362222647729,0.021851121283964763,0.002851976783006967,6.0,54.0,-0.14592374729010735,-0.006936948015214641,12.0,34.0,-0.08459457188560766,-0.017548428636927765,15.0,4.0,-0.013382921838305695,-0.0454003542628052,-0.014644195502500956,0.9999998502425812
daily__amount_activity,return_3,OPPORTUNITY_ENTRY,170,296,DESCRIBED,-1.0,0.08991551071015234,-0.021636271579309,0.0075662719730516335,0.7787713885096322,0.359,-0.12023547594218263,0.09062518410227384,33.0,92.0,-0.0045250201116443295,0.253670487366277,0.009398601285133956,6.0,54.0,-0.09304020844081991,0.001291968159284661,13.0,34.0,-0.008287795790373679,-0.005097368374411885,14.0,4.0,-0.009086163280599635,-0.07918668498525605,-0.010811381437055623,0.9999998502425812
daily__amount_activity,return_5,OPPORTUNITY_ENTRY,168,290,DESCRIBED,-1.0,0.08145019693722125,-0.015016113359829336,0.008382485174492624,0.6864415545759947,0.432,-0.12373112098953008,0.11203966718403216,43.0,92.0,-0.007589092435166147,0.16429492611985905,0.003906164953099032,8.0,54.0,0.03058315407089401,0.010033974316547714,15.0,34.0,-0.06318028556755546,0.001665430336688034,20.0,4.0,-0.01219586396911132,-0.07216042174312598,-0.006371468680907322,0.9999998502425812
daily__amount_activity,return_10,OPPORTUNITY_ENTRY,163,275,DESCRIBED,-1.0,0.10417444567953504,0.008229587534568084,0.07627939182366349,0.4492022952026467,0.539,-0.15145860209175324,0.16254188538827566,41.0,90.0,-0.006790420431690665,0.2905395618670795,0.013452814232028154,8.0,53.0,0.15965981937161747,0.0418179483100955,15.0,33.0,-0.2761167920217276,-0.07062759194693152,18.0,4.0,-0.011994316061341603,-0.09319165103283211,0.006329420219605808,0.9999998502425812
daily__amount_activity,adverse_5,RISK_CONTEXT,168,290,DESCRIBED,-1.0,0.01947061581294884,-0.05418709611404301,-0.10911499624211365,0.5099258022232134,0.248,-0.18142471100179586,0.07816309866448973,43.0,92.0,-0.0015126911638322083,-0.40290250107748116,-0.019040388112338158,8.0,54.0,-0.05506847920410516,-0.015854539821730556,15.0,34.0,0.04486046592199236,0.0030461411913911413,20.0,4.0,-0.017216575932244682,-0.0606576011806943,-0.014184073914143669,0.9999998502425812
daily__amount_activity,range_5,RISK_CONTEXT,168,290,DESCRIBED,-1.0,0.10523838206933557,-0.106380851631963,-0.12910818161354165,0.8039372256965011,0.193,-0.3003004413125074,0.10817807650083217,43.0,92.0,-0.0037902634411345476,-0.2571989333592924,-0.009728891098100392,8.0,54.0,-0.34003234033745927,-0.008663609967486247,15.0,34.0,-0.119494487469631,-0.003800057909081736,20.0,4.0,-0.027889869698908498,0.05281824097993837,-0.02258242969873603,0.9999998502425812
daily__amount_activity,persistence_3,CONFIRMATION,170,296,DESCRIBED,-1.0,0.10129157787986988,-0.02804063955676437,-0.01511079646672867,0.6383576912983211,0.327,-0.12826431103806893,0.07740571919566704,33.0,92.0,-0.023935002195871746,0.18835731224720773,0.2716049382716048,6.0,54.0,-0.1141345356676223,-0.004524886877828038,13.0,34.0,-0.020793881280227154,-0.16666666666666663,14.0,4.0,-0.021933297691154596,-0.12987534037315185,-0.023713268221832173,0.9999998502425812
daily__log_amount_change,return_1,OPPORTUNITY_ENTRY,190,302,DESCRIBED,-1.0,0.08876822529648262,-0.09329743954390775,-0.09034449241496284,0.9229204896472849,0.034,-0.17523494529104763,-0.00799197490540775,40.0,33.0,-0.003941465848232049,-0.09578222916773535,-0.0006687761790051144,19.0,18.0,-0.17290400051513458,-0.020068903007245138,14.0,8.0,0.06116743387269376,0.007416143585607335,7.0,7.0,-0.005255165308194476,-0.0454003542628052,-0.005481030695669853,0.9999998502425812
daily__log_amount_change,return_3,OPPORTUNITY_ENTRY,188,296,DESCRIBED,-1.0,0.0045285806263604044,-0.08480670517105583,-0.07682875479485647,0.9682523804579427,0.019,-0.15821429530550277,-0.012843138265144527,41.0,35.0,-0.008633964865517539,0.022961294858322587,0.006756460383796654,19.0,19.0,-0.21746899853519713,-0.0441048901476173,14.0,9.0,0.03557284868491085,0.0029687695670428376,8.0,7.0,-0.0017661533637565174,-0.07918668498525605,-0.002547229405660323,0.9999998502425812
daily__log_amount_change,return_5,OPPORTUNITY_ENTRY,186,290,DESCRIBED,-1.0,0.06926924014884255,-0.07386504983250318,-0.07147905731791472,0.951131808250677,0.056,-0.1549915930796607,0.00253636435498583,40.0,48.0,-0.0008193842691135034,0.0371660950975889,0.0022630169829124056,18.0,23.0,-0.23374766490594892,-0.022244057396840964,13.0,16.0,0.0805464124728857,0.032685717161831745,9.0,9.0,-0.004405919257407742,-0.07216042174312598,-0.006292201359568983,0.9999998502425812
daily__log_amount_change,return_10,OPPORTUNITY_ENTRY,181,275,DESCRIBED,-1.0,0.08214774309557947,-0.04275572248098428,-0.0409128415221719,0.8513715488784348,0.187,-0.12365908955280566,0.03685381416471356,39.0,43.0,0.005520784282034674,0.052587158317523204,0.006432374315491464,18.0,22.0,-0.11518894959250424,0.0018834884612288563,13.0,14.0,0.0015727709623717995,0.021484689966411195,8.0,7.0,-0.0012043761702071887,-0.09319165103283211,-0.0008205666111391619,0.9999998502425812
daily__log_amount_change,adverse_5,RISK_CONTEXT,186,290,DESCRIBED,1.0,0.03136478161149073,-0.05033866024569243,-0.03149121048222723,0.8807888193997326,0.111,-0.11782690720698889,0.017420200949803785,48.0,40.0,0.0035822260751831626,0.04098137233152047,0.003970489147154799,23.0,18.0,-0.16722956444411646,-0.004007739335183402,16.0,13.0,0.04218072249821478,0.018217779543896348,9.0,9.0,-0.0010962581231503954,-0.0606576011806943,-0.00288621450515536,0.9999998502425812
daily__log_amount_change,range_5,RISK_CONTEXT,186,290,DESCRIBED,-1.0,0.0019422907468448264,-0.06689932508195098,-0.1008715098092519,0.9294309596230563,0.095,-0.14621861795409788,0.018948035715149875,40.0,48.0,-0.004427026412264414,-0.06025166051512714,-0.004204302281471898,18.0,23.0,-0.11412194943265772,-0.00639287986457791,13.0,16.0,-0.015690859572640076,-0.0024444544176593364,9.0,9.0,0.0024324852860273527,0.05281824097993837,0.003583912008155332,0.9999998502425812
daily__log_amount_change,persistence_3,CONFIRMATION,188,296,DESCRIBED,-1.0,0.036681194007604015,-0.06557135728479734,-0.053105956495787005,0.815522530943834,0.061,-0.13628059492016859,0.005233458416857092,41.0,35.0,-0.09570267131242738,0.01723541026648125,0.07017543859649128,19.0,19.0,-0.19870219442326337,-0.48148148148148145,14.0,9.0,0.07907505894596521,0.041666666666666685,8.0,7.0,-0.002368678519121037,-0.12987534037315185,-0.0016985493814496433,0.9999998502425812
daily__log_amount_change_mean_5,return_1,OPPORTUNITY_ENTRY,186,302,DESCRIBED,-1.0,0.19578658994374898,-0.1113940475287506,-0.11365803364345589,0.9936631915219308,0.003,-0.18928675744627427,-0.041886717265210614,42.0,77.0,-0.009097501235630039,-0.02331869480045519,-0.0016818552168914075,20.0,43.0,-0.27186511652948675,-0.02227315855792418,14.0,26.0,0.04862134923326342,-0.0014471641739298435,8.0,8.0,-0.022366763738463247,-0.0454003542628052,-0.02575231493707575,0.9999998502425812
daily__log_amount_change_mean_5,return_3,OPPORTUNITY_ENTRY,184,296,DESCRIBED,-1.0,0.1273876270573032,-0.07330023953767564,-0.05102976628400357,0.9021971526224799,0.144,-0.18944878976652688,0.036892993600258814,41.0,77.0,-0.008677041085242589,0.07019546261673132,-0.005149486425889071,20.0,43.0,-0.2658486812253842,-0.02750614869055526,14.0,26.0,0.2768944511376329,0.032067277471520717,7.0,8.0,-0.00927643005236134,-0.07918668498525605,-0.019250189819323804,0.9999998502425812
daily__log_amount_change_mean_5,return_5,OPPORTUNITY_ENTRY,182,290,DESCRIBED,-1.0,0.178414082670176,-0.045145536671152495,-0.015826421323637044,0.8026371632088101,0.302,-0.16096649789400366,0.08036366345315084,41.0,75.0,-0.00681050525421468,0.0177922050358039,-0.010537603653501888,21.0,43.0,-0.11095067397426278,-0.0028203878599415283,13.0,26.0,0.16662052307789166,0.01861666409638772,7.0,6.0,-0.006457774455980836,-0.07216042174312598,-0.013412091145296401,0.9999998502425812
daily__log_amount_change_mean_5,return_10,OPPORTUNITY_ENTRY,177,275,DESCRIBED,-1.0,0.21393203862684854,-0.03214591734267515,0.01977669426733216,0.5938566585263989,0.337,-0.16986971045139215,0.0935588425742677,41.0,73.0,0.002215353729799533,0.14858874746308007,0.00848206098004475,20.0,42.0,-0.050699075619626104,0.006714521606592805,14.0,25.0,-0.015971607332766594,-0.017383522518757386,7.0,6.0,-0.005596453536889756,-0.09319165103283211,0.005653793970772258,0.9999998502425812
daily__log_amount_change_mean_5,adverse_5,RISK_CONTEXT,182,290,DESCRIBED,1.0,0.025288113131007872,-0.017946090135181243,-0.002693131371031924,0.7911323857248018,0.403,-0.11977798739163503,0.10087832431507963,75.0,41.0,-0.002695054288342373,0.1605568357256619,0.0011829271448539208,43.0,21.0,-0.20030198016902706,-0.008824599994881777,26.0,13.0,0.18403966161909718,0.0072421719319350555,6.0,7.0,-0.005494368091553126,-0.0606576011806943,-0.021007487050790585,0.9999998502425812
daily__log_amount_change_mean_5,range_5,RISK_CONTEXT,182,290,DESCRIBED,-1.0,0.18533219339305743,-0.16735674443138268,-0.19289261301643257,0.9742943796930587,0.035,-0.3061385590248477,-0.013482442510843975,41.0,75.0,-0.006434754585348073,-0.17987738003729098,-0.006934863300795152,21.0,43.0,-0.3405284620027355,-0.00986887462878526,13.0,26.0,-0.15794172967043593,0.002464831435413116,7.0,6.0,-0.01530230534931043,0.05281824097993837,-0.005551924077871195,0.9999998502425812
daily__log_amount_change_mean_5,persistence_3,CONFIRMATION,184,296,DESCRIBED,-1.0,0.15961005418613697,-0.10106587612860261,-0.11743361234886657,0.9282336624617198,0.035,-0.20703918711543198,-0.009910876511658447,41.0,77.0,-0.14644704888607318,0.02004492724258046,-0.04031007751937987,20.0,43.0,-0.3484704163906514,-0.4120879120879121,14.0,26.0,0.24262151851181998,0.22023809523809523,7.0,8.0,-0.04794576107188653,-0.12987534037315185,-0.05389283317180582,0.9999998502425812
daily__log_amount_change_mean_20,return_1,OPPORTUNITY_ENTRY,171,302,DESCRIBED,-1.0,0.010272065742285766,-0.018597837646698454,-0.030535550089738687,0.7795651453078121,0.304,-0.08423879722331597,0.054918531159933524,65.0,133.0,-0.0023956738678201834,0.040564296533016436,0.0010398204720769126,18.0,79.0,0.042695978662540005,0.0016619883131722972,20.0,48.0,-0.057417841289695376,-0.006420625428273754,27.0,6.0,-0.003706051376628494,-0.0454003542628052,-0.0007042143227369291,0.9999998502425812
daily__log_amount_change_mean_20,return_3,OPPORTUNITY_ENTRY,169,296,DESCRIBED,-1.0,0.14841559997965068,0.02968783150541598,0.00896643947491405,0.6310822738473312,0.688,-0.0748282035294785,0.14305163002571833,61.0,130.0,9.487759752915825e-05,0.19348686477176436,0.010324740716384876,17.0,76.0,0.025410738559749593,0.003211024984360997,20.0,48.0,0.10596985061045025,-0.002123737408445079,24.0,6.0,-0.02728220179930041,-0.07918668498525605,-0.006368347680253628,0.9999998502425812
daily__log_amount_change_mean_20,return_5,OPPORTUNITY_ENTRY,167,290,DESCRIBED,-1.0,0.13296410312372972,0.05375520476183708,0.03186121775198442,0.4605222608581195,0.811,-0.058808000140552354,0.17857799903631372,62.0,130.0,0.0007059785346557011,0.2000172449786161,0.01119406724816451,18.0,76.0,0.11497458968885281,0.012064300776422277,19.0,48.0,0.13480450688034784,0.007486824308347453,25.0,6.0,-0.03275844230308911,-0.07216042174312598,-0.004792696019379594,0.9999998502425812
daily__log_amount_change_mean_20,return_10,OPPORTUNITY_ENTRY,162,275,DESCRIBED,-1.0,0.2195488721831296,0.028123200056551733,0.0012954040564323015,0.5003985861849243,0.605,-0.12805007079206784,0.19912897337759558,58.0,126.0,-0.006010496592090882,0.1649110116826763,0.004836879588312297,19.0,73.0,0.2293788205603079,0.034404847413090626,18.0,47.0,-0.061398212055497704,-0.03284767004198346,21.0,6.0,-0.056214018478051964,-0.09319165103283211,-0.00999082245624594,0.9999998502425812
daily__log_amount_change_mean_20,adverse_5,RISK_CONTEXT,167,290,DESCRIBED,1.0,0.0661986181600372,0.12224243510907508,0.08962269837150058,0.24220824066852664,0.917,-0.018694875591923628,0.2655212717284838,130.0,62.0,0.005503495249943022,0.3474504101426743,0.01724020767686056,76.0,18.0,0.23026019110226767,0.017130032260520206,48.0,19.0,0.0738654832221084,-0.0043695961261050395,6.0,25.0,0.0018492811070446313,-0.0606576011806943,-0.0037500086816892875,0.9999998502425812
daily__log_amount_change_mean_20,range_5,RISK_CONTEXT,167,290,DESCRIBED,1.0,0.0071964504725488794,0.11937785545411767,0.025269971228490562,0.2512074341310768,0.759,-0.13337191300436907,0.35741540597740223,130.0,62.0,0.0030739333188172027,0.25010678581087936,0.007839995882026829,76.0,18.0,0.2960584709441215,0.006581072275214456,48.0,19.0,0.15871845707350543,-0.0024634845390800394,6.0,25.0,-0.018006911359388145,0.05281824097993837,-0.012520311117884653,0.9999998502425812
daily__log_amount_change_mean_20,persistence_3,CONFIRMATION,169,296,DESCRIBED,-1.0,0.07947407292551004,0.000838366203132929,-0.010009393060240518,0.6053961167750632,0.521,-0.08554101662968024,0.08853434809136544,61.0,130.0,0.0016393442622952836,0.09901753357875182,0.13777089783281748,17.0,76.0,0.054235615486772686,0.03194444444444444,20.0,48.0,0.019124742608117355,-0.09722222222222215,24.0,6.0,-0.025043478104446404,-0.12987534037315185,-0.00619727055371988,0.9999998502425812
tsf__return__sum_values__20,return_1,OPPORTUNITY_ENTRY,171,302,DESCRIBED,-1.0,0.12483199893773587,0.006072012409948299,-0.04511724191714677,0.7690996855811694,0.574,-0.08417843562859231,0.10250861112000172,50.0,186.0,-0.0029338527587192873,0.1590634216683562,0.006839518468361359,7.0,96.0,0.06598359944117872,-0.003969387315514709,14.0,80.0,-0.028206733463086678,-0.0024313149633050017,29.0,10.0,-0.010263418307276062,-0.0454003542628052,-0.007343082986503102,0.9999998502425812
tsf__return__sum_values__20,return_3,OPPORTUNITY_ENTRY,169,296,DESCRIBED,-1.0,0.13576948847549217,0.0549779045443825,0.03699385055317258,0.6664251970648732,0.742,-0.09758799578033218,0.23272769008054697,48.0,183.0,-0.006262846042379697,0.2859652502578789,0.009729058083924193,7.0,94.0,0.11925986799510449,0.005011430059736769,13.0,79.0,0.09356426923302168,0.0003676684925934554,28.0,10.0,-0.013897992340319743,-0.07918668498525605,-0.01341487820333831,0.9999998502425812
tsf__return__sum_values__20,return_5,OPPORTUNITY_ENTRY,167,290,DESCRIBED,-1.0,0.14582532164830336,0.09480636084803902,0.06346338121204442,0.6264896826222333,0.799,-0.07323107601627953,0.29080775446814794,48.0,179.0,-0.009078965948175725,0.31102037984273345,0.006232826580009185,7.0,92.0,0.20394164390006364,0.01133156664818745,13.0,77.0,0.1671330453399686,0.00411227237752842,28.0,10.0,-0.017110795699940562,-0.07216042174312598,-0.01850919147098473,0.9999998502425812
tsf__return__sum_values__20,return_10,OPPORTUNITY_ENTRY,162,275,DESCRIBED,-1.0,0.1909993190413637,0.11372911608120369,0.09418943481145958,0.6331073380589944,0.791,-0.09313914479671556,0.3244097969467355,46.0,171.0,-0.013988205535487292,0.3657496159569877,0.013684951794375469,7.0,87.0,0.26275945136257883,0.022107278505026893,13.0,74.0,0.2868429683836744,0.0015871265569309852,26.0,10.0,-0.019118512948819832,-0.09319165103283211,-0.01741079975714155,0.9999998502425812
tsf__return__sum_values__20,adverse_5,RISK_CONTEXT,167,290,DESCRIBED,1.0,0.14157398416250128,0.20265370991062007,0.13759374727076587,0.6016555839815739,0.97,0.02325815124315424,0.39608818666490525,179.0,48.0,-0.009623710804151576,0.5335796702395941,0.0119405412112203,92.0,7.0,0.3302889256018476,0.01658759824755578,77.0,13.0,-0.09270857458613672,-0.01821682065263898,10.0,28.0,-0.11852453254518602,-0.0606576011806943,-0.06977371180751013,0.9999998502425812
tsf__return__sum_values__20,range_5,RISK_CONTEXT,167,290,DESCRIBED,1.0,0.09173735145887228,0.22412764994301618,0.15009625355338596,0.5691409340401308,0.96,0.012450684633325928,0.4561511677128921,179.0,48.0,-0.003449100956267045,0.5075552236232558,0.0019317531129924154,92.0,7.0,0.3437825666295193,0.009188971177424819,77.0,13.0,-0.5497483384218254,-0.012902302022565561,10.0,28.0,-0.18332536585680104,0.05281824097993837,-0.061184646761386574,0.9999998502425812
tsf__return__sum_values__20,persistence_3,CONFIRMATION,169,296,DESCRIBED,-1.0,0.20590593709418617,0.05315655675952425,-0.02773867858613621,0.6593118312036894,0.794,-0.054424456851414484,0.1707983817743261,48.0,183.0,-0.038365209471766915,0.21525365318881812,0.0851063829787233,7.0,94.0,0.12755422322918605,-0.03570269393054204,13.0,79.0,0.0805015801809104,0.05476190476190479,28.0,10.0,-0.046304101765869854,-0.12987534037315185,-0.024600044943690502,0.9999998502425812
tsf__return__median__20,return_1,OPPORTUNITY_ENTRY,171,302,DESCRIBED,-1.0,0.07026574452053544,0.009285464352718775,-0.0011713190856609589,0.4356061179182761,0.605,-0.07104225905531425,0.09596959520918195,68.0,184.0,0.0003797959451167388,0.15349381415218585,0.005477200348405071,28.0,69.0,0.03957756476370065,-0.004678036388941066,12.0,94.0,0.03465056435683506,0.0009625320527886572,28.0,21.0,-0.004356581092152423,-0.0454003542628052,-0.0024030788900375466,0.9999998502425812
tsf__return__median__20,return_3,OPPORTUNITY_ENTRY,169,296,DESCRIBED,-1.0,0.08026714442835524,0.04809177304538246,0.026141395632921057,0.6125423354276026,0.725,-0.08681923644836037,0.20119042153034314,66.0,182.0,-0.0029063020080952644,0.0810823986754704,0.0021733518657400695,28.0,69.0,0.20933749499013884,-0.005257312443222466,12.0,92.0,0.12360631922972326,0.0014109734484827638,26.0,21.0,0.0004564217345616184,-0.07918668498525605,-0.0043143940706995565,0.9999998502425812
tsf__return__median__20,return_5,OPPORTUNITY_ENTRY,167,290,DESCRIBED,-1.0,0.013341262377282148,0.09780446652600683,0.04729967267641461,0.47483464076796145,0.832,-0.06501000964574015,0.28043361040198106,65.0,178.0,-0.0020196416435793486,0.07402517811013923,-0.001320338957866228,28.0,67.0,0.25363237833890534,0.0005321802326659457,12.0,90.0,0.23782473208432317,0.012812551652777272,25.0,21.0,0.0005128208428510916,-0.07216042174312598,-0.00678876427449282,0.9999998502425812
tsf__return__median__20,return_10,OPPORTUNITY_ENTRY,162,275,DESCRIBED,-1.0,0.033374047390072124,0.17899744614484342,0.13873806295259802,0.3589412600504509,0.892,-0.05526264852743207,0.414970011569324,60.0,172.0,0.0005454505289965404,0.057791486407169655,-0.007560788779299648,28.0,66.0,0.3967712452210448,0.013880060791822729,12.0,85.0,0.3709812139148027,0.03883818710963806,20.0,21.0,-0.004301436916854806,-0.09319165103283211,-0.027978428713562264,0.9999998502425812
tsf__return__median__20,adverse_5,RISK_CONTEXT,167,290,DESCRIBED,-1.0,0.05256038015963487,-0.2228600738312457,-0.13550458388328043,0.7219454475450107,0.005,-0.399478077861543,-0.07383978694642292,65.0,178.0,-0.00042797771460479153,-0.2648143579024486,0.00023323941258293623,28.0,67.0,-0.3833612303465307,-0.01254841553109912,12.0,90.0,-0.06042739589404011,0.007957335470716417,25.0,21.0,-0.13751765704853547,-0.0606576011806943,-0.08563049530032218,0.9999998502425812
tsf__return__median__20,range_5,RISK_CONTEXT,167,290,DESCRIBED,-1.0,0.2346521128185925,-0.3312975446233589,-0.3148700361765751,0.8576852864110528,0.0,-0.5024796524186624,-0.16746686139495168,65.0,178.0,-0.001392078525360524,-0.30616315631598345,0.0002765813334788779,28.0,67.0,-0.5628173302666984,-0.010200758128165014,12.0,90.0,0.27644472632670536,0.008817978823450145,25.0,21.0,-0.3953398543002544,0.05281824097993837,-0.2086098793555793,0.9999998502425812
tsf__return__median__20,persistence_3,CONFIRMATION,169,296,DESCRIBED,-1.0,0.17303387964103661,0.07864263762529133,0.015226474548508446,0.27260886494302145,0.909,-0.013445306623472014,0.1843612142376072,66.0,182.0,0.00471750471750465,0.13994961381928372,0.006556245686680451,28.0,69.0,0.15428473037040594,-0.09661835748792263,12.0,92.0,0.1775009287841279,0.12942612942612935,26.0,21.0,-0.03212882017391028,-0.12987534037315185,-0.0141834040810076,0.9999998502425812
tsf__return__mean__20,return_1,OPPORTUNITY_ENTRY,171,302,DESCRIBED,-1.0,0.12483199893773587,0.006072012409948299,-0.04511724191714677,0.7690996855811694,0.58,-0.0785697619722613,0.1091265443878014,50.0,186.0,-0.0029338527587192873,0.1590634216683562,0.006839518468361359,7.0,96.0,0.06598359944117872,-0.003969387315514709,14.0,80.0,-0.028206733463086678,-0.0024313149633050017,29.0,10.0,-0.010263418307276062,-0.0454003542628052,-0.007343082986503102,0.9999998502425812
tsf__return__mean__20,return_3,OPPORTUNITY_ENTRY,169,296,DESCRIBED,-1.0,0.13576948847549217,0.0549779045443825,0.03699385055317258,0.6664251970648732,0.74,-0.08934865760918986,0.22151072481008385,48.0,183.0,-0.006262846042379697,0.2859652502578789,0.009729058083924193,7.0,94.0,0.11925986799510449,0.005011430059736769,13.0,79.0,0.09356426923302168,0.0003676684925934554,28.0,10.0,-0.013897992340319743,-0.07918668498525605,-0.01341487820333831,0.9999998502425812
tsf__return__mean__20,return_5,OPPORTUNITY_ENTRY,167,290,DESCRIBED,-1.0,0.14582532164830336,0.09480636084803902,0.06346338121204442,0.6264896826222333,0.813,-0.07717080245980784,0.2879367267341961,48.0,179.0,-0.009078965948175725,0.31102037984273345,0.006232826580009185,7.0,92.0,0.20394164390006364,0.01133156664818745,13.0,77.0,0.1671330453399686,0.00411227237752842,28.0,10.0,-0.017110795699940562,-0.07216042174312598,-0.01850919147098473,0.9999998502425812
tsf__return__mean__20,return_10,OPPORTUNITY_ENTRY,162,275,DESCRIBED,-1.0,0.1909993190413637,0.11372911608120369,0.09418943481145958,0.6331073380589944,0.814,-0.09657325518569528,0.3299548775875861,46.0,171.0,-0.013988205535487292,0.3657496159569877,0.013684951794375469,7.0,87.0,0.26275945136257883,0.022107278505026893,13.0,74.0,0.2868429683836744,0.0015871265569309852,26.0,10.0,-0.019118512948819832,-0.09319165103283211,-0.01741079975714155,0.9999998502425812
tsf__return__mean__20,adverse_5,RISK_CONTEXT,167,290,DESCRIBED,1.0,0.14157398416250128,0.20265370991062007,0.13759374727076587,0.6016555839815739,0.959,0.012586151098445174,0.390225714618741,179.0,48.0,-0.009623710804151576,0.5335796702395941,0.0119405412112203,92.0,7.0,0.3302889256018476,0.01658759824755578,77.0,13.0,-0.09270857458613672,-0.01821682065263898,10.0,28.0,-0.11852453254518602,-0.0606576011806943,-0.06977371180751013,0.9999998502425812
tsf__return__mean__20,range_5,RISK_CONTEXT,167,290,DESCRIBED,1.0,0.09173735145887228,0.22412764994301618,0.15009625355338596,0.5691409340401308,0.947,-0.0018162216663199062,0.44574878778398924,179.0,48.0,-0.003449100956267045,0.5075552236232558,0.0019317531129924154,92.0,7.0,0.3437825666295193,0.009188971177424819,77.0,13.0,-0.5497483384218254,-0.012902302022565561,10.0,28.0,-0.18332536585680104,0.05281824097993837,-0.061184646761386574,0.9999998502425812
tsf__return__mean__20,persistence_3,CONFIRMATION,169,296,DESCRIBED,-1.0,0.20590593709418617,0.05315655675952425,-0.02773867858613621,0.6593118312036894,0.786,-0.055842878095458806,0.1704251638133524,48.0,183.0,-0.038365209471766915,0.21525365318881812,0.0851063829787233,7.0,94.0,0.12755422322918605,-0.03570269393054204,13.0,79.0,0.0805015801809104,0.05476190476190479,28.0,10.0,-0.046304101765870076,-0.12987534037315185,-0.024600044943690502,0.9999998502425812
tsf__return__length__20,return_1,OPPORTUNITY_ENTRY,171,302,INSUFFICIENT_OR_CONSTANT,,,,,,,,,,,,,,,,,,,,,,,,,,,
tsf__return__length__20,return_3,OPPORTUNITY_ENTRY,169,296,INSUFFICIENT_OR_CONSTANT,,,,,,,,,,,,,,,,,,,,,,,,,,,
tsf__return__length__20,return_5,OPPORTUNITY_ENTRY,167,290,INSUFFICIENT_OR_CONSTANT,,,,,,,,,,,,,,,,,,,,,,,,,,,
tsf__return__length__20,return_10,OPPORTUNITY_ENTRY,162,275,INSUFFICIENT_OR_CONSTANT,,,,,,,,,,,,,,,,,,,,,,,,,,,
tsf__return__length__20,adverse_5,RISK_CONTEXT,167,290,INSUFFICIENT_OR_CONSTANT,,,,,,,,,,,,,,,,,,,,,,,,,,,
tsf__return__length__20,range_5,RISK_CONTEXT,167,290,INSUFFICIENT_OR_CONSTANT,,,,,,,,,,,,,,,,,,,,,,,,,,,
tsf__return__length__20,persistence_3,CONFIRMATION,169,296,INSUFFICIENT_OR_CONSTANT,,,,,,,,,,,,,,,,,,,,,,,,,,,
tsf__return__standard_deviation__20,return_1,OPPORTUNITY_ENTRY,171,302,DESCRIBED,1.0,0.10527907379698771,-0.013945969998637878,0.11223336806409516,0.4024836228432657,0.422,-0.0986068646421831,0.07292482993058987,158.0,11.0,6.571028371446345e-05,-0.04013336433077859,0.0018181260889451837,33.0,11.0,-0.017881913369356694,,86.0,0.0,0.030162359292618568,,39.0,0.0,-0.0062626844485969,-0.0454003542628052,-0.00026973169935606833,0.9999998502425812
tsf__return__standard_deviation__20,return_3,OPPORTUNITY_ENTRY,169,296,DESCRIBED,1.0,0.28574394266001996,-0.11349648816551264,0.14017268424048082,0.7849672401367875,0.09,-0.265888362162451,0.029151360861219895,154.0,11.0,-0.009557350250847326,-0.04795801363858247,-0.005152182652982058,33.0,11.0,-0.1491929401357151,,82.0,0.0,0.09513245778140234,,39.0,0.0,-0.02975038280865272,-0.07918668498525605,-0.0010331180107965299,0.9999998502425812
tsf__return__standard_deviation__20,return_5,OPPORTUNITY_ENTRY,167,290,DESCRIBED,1.0,0.3723453526530319,-0.12885559558687926,0.16161863419590458,0.8239656154665826,0.104,-0.28084500101137855,0.02947400638758345,152.0,11.0,-0.0071222115728052805,0.001492725455657206,-0.0008764039421519411,33.0,11.0,-0.18285603619601978,,80.0,0.0,0.120554723445853,,39.0,0.0,-0.03706565858878785,-0.07216042174312598,-0.0012741482550624461,0.9999998502425812
tsf__return__standard_deviation__20,return_10,OPPORTUNITY_ENTRY,162,275,DESCRIBED,1.0,0.476092624810429,-0.21548845217027948,0.25915351547849164,0.8970817206976796,0.022,-0.3910345346033658,-0.03989174197959433,92.0,13.0,-0.04328626238691279,0.07462328731214221,-0.05804423202798381,18.0,13.0,-0.3256262853670852,,37.0,0.0,0.19674859265319378,,37.0,0.0,-0.04306073080755968,-0.09319165103283211,-0.0014763259764125625,0.9999998502425812
tsf__return__standard_deviation__20,adverse_5,RISK_CONTEXT,167,290,DESCRIBED,-1.0,0.22382836715455592,-0.31275084602927344,0.1293295955382634,0.9969194476748598,0.001,-0.4661735003031538,-0.1332253499096239,11.0,152.0,-0.029119757074216164,-0.20928597156210627,-0.02166171102841482,11.0,33.0,-0.08850504340446746,,0.0,80.0,-0.11664960701239278,,0.0,39.0,-0.019125094559820033,-0.0606576011806943,-0.0011744526849977177,0.9999998502425812
tsf__return__standard_deviation__20,range_5,RISK_CONTEXT,167,290,DESCRIBED,1.0,0.24896420583961168,0.5048661217315126,-0.1017645459722962,4.182412814314584e-06,1.0,0.25927903310427,0.6816285968271989,152.0,11.0,0.017579330007305632,0.343190416897093,0.01385119668455225,33.0,11.0,-0.11051952631420234,,80.0,0.0,0.589326159833398,,39.0,0.0,0.18250841959274589,0.05281824097993837,0.0024077189375201202,0.00018611737023699898
tsf__return__standard_deviation__20,persistence_3,CONFIRMATION,169,296,DESCRIBED,1.0,0.18619374714012762,-0.08912994412527578,0.04755016958406789,0.8303077695254775,0.103,-0.2115262838768357,0.02976117757830981,154.0,11.0,-0.09090909090909083,-0.060413452096797556,-0.1010101010101011,33.0,11.0,-0.03500315112057607,,82.0,0.0,0.1083821282067904,,39.0,0.0,-0.016814220587339168,-0.12987534037315185,-0.0006653712491404562,0.9999998502425812
tsf__return__variance__20,return_1,OPPORTUNITY_ENTRY,171,302,DESCRIBED,1.0,0.10527907379698771,-0.013945969998637878,0.11223336806409516,0.4024836228432657,0.402,-0.09821983164892367,0.071281791706866,158.0,11.0,6.571028371446345e-05,-0.04013336433077859,0.0018181260889451837,33.0,11.0,-0.017881913369356694,,86.0,0.0,0.030162359292618568,,39.0,0.0,-0.008729389689360545,-0.0454003542628052,0.0017276082694739348,0.9999998502425812
tsf__return__variance__20,return_3,OPPORTUNITY_ENTRY,169,296,DESCRIBED,1.0,0.28574394266001996,-0.11349648816551264,0.14017268424048082,0.7849672401367875,0.109,-0.2565573853815364,0.045442980994622996,154.0,11.0,-0.009557350250847326,-0.04795801363858247,-0.005152182652982058,33.0,11.0,-0.1491929401357151,,82.0,0.0,0.09513245778140234,,39.0,0.0,-0.032428689099763375,-0.07918668498525605,0.006018628338094301,0.9999998502425812
tsf__return__variance__20,return_5,OPPORTUNITY_ENTRY,167,290,DESCRIBED,1.0,0.3723453526530319,-0.12885559558687926,0.16161863419590458,0.8239656154665826,0.099,-0.29200303117339094,0.029162118774226822,152.0,11.0,-0.0071222115728052805,0.001492725455657206,-0.0008764039421519411,33.0,11.0,-0.18285603619601978,,80.0,0.0,0.120554723445853,,39.0,0.0,-0.04183948944125504,-0.07216042174312598,0.00954830292972797,0.9999998502425812
tsf__return__variance__20,return_10,OPPORTUNITY_ENTRY,162,275,DESCRIBED,1.0,0.476092624810429,-0.21548845217027948,0.25915351547849164,0.8970817206976796,0.023,-0.4009477743793022,-0.05034090869688493,92.0,13.0,-0.04328626238691279,0.07462328731214221,-0.05804423202798381,18.0,13.0,-0.3256262853670852,,37.0,0.0,0.19674859265319378,,37.0,0.0,-0.04774030728227352,-0.09319165103283211,0.02189862304188317,0.9999998502425812
tsf__return__variance__20,adverse_5,RISK_CONTEXT,167,290,DESCRIBED,-1.0,0.22382836715455592,-0.31275084602927344,0.1293295955382634,0.9969194476748598,0.0,-0.47074359974764746,-0.13745982648432759,11.0,152.0,-0.029119757074216164,-0.20928597156210627,-0.02166171102841482,11.0,33.0,-0.08850504340446746,,0.0,80.0,-0.11664960701239278,,0.0,39.0,-0.0019085190802501373,-0.0606576011806943,0.0034156766945805384,0.9999998502425812
tsf__return__variance__20,range_5,RISK_CONTEXT,167,290,DESCRIBED,1.0,0.24896420583961168,0.5048661217315126,-0.1017645459722962,4.182412814314584e-06,0.999,0.2613201484082468,0.6935403182760813,152.0,11.0,0.017579330007305632,0.343190416897093,0.01385119668455225,33.0,11.0,-0.11051952631420234,,80.0,0.0,0.589326159833398,,39.0,0.0,0.17186305349352338,0.05281824097993837,-0.011007718552459966,0.00018611737023699898
tsf__return__variance__20,persistence_3,CONFIRMATION,169,296,DESCRIBED,1.0,0.18619374714012762,-0.08912994412527578,0.04755016958406789,0.8303077695254775,0.116,-0.21188962835692046,0.041094100734837415,154.0,11.0,-0.09090909090909083,-0.060413452096797556,-0.1010101010101011,33.0,11.0,-0.03500315112057607,,82.0,0.0,0.1083821282067904,,39.0,0.0,-0.0150565489704797,-0.12987534037315185,0.005439380808638372,0.9999998502425812
tsf__return__root_mean_square__20,return_1,OPPORTUNITY_ENTRY,171,302,DESCRIBED,1.0,0.10253825625547126,-0.021566270218708765,0.1002927535278445,0.36123977408379615,0.31,-0.10079375826018533,0.06198282518593166,165.0,11.0,-0.00013331964879993263,-0.053481576167207896,0.0018181260889451837,33.0,11.0,-0.05577221912461779,,93.0,0.0,0.049250031372068404,,39.0,0.0,-0.006079384369153118,-0.0454003542628052,0.00017511621416443912,0.9999998502425812
tsf__return__root_mean_square__20,return_3,OPPORTUNITY_ENTRY,169,296,DESCRIBED,1.0,0.2839439260023947,-0.10597428578984815,0.12494852325360797,0.7832126368198971,0.084,-0.24859967564226468,0.02313203478078422,161.0,11.0,-0.008710864209972413,-0.07140322259128291,-0.005152182652982058,33.0,11.0,-0.15005506421637266,,89.0,0.0,0.1555121154037903,,39.0,0.0,-0.028981377332521374,-0.07918668498525605,0.00010467167728123172,0.9999998502425812
tsf__return__root_mean_square__20,return_5,OPPORTUNITY_ENTRY,167,290,DESCRIBED,1.0,0.3697713053113413,-0.139261782490971,0.12427250149761919,0.8471134702372269,0.069,-0.3051838608918651,0.013773573446683549,159.0,11.0,-0.007314829146032349,-0.037584470074638665,-0.0008764039421519411,33.0,11.0,-0.2353842059212386,,87.0,0.0,0.1924302361358346,,39.0,0.0,-0.03601887553826133,-0.07216042174312598,0.0005016894995374388,0.9999998502425812
tsf__return__root_mean_square__20,return_10,OPPORTUNITY_ENTRY,162,275,DESCRIBED,1.0,0.4763381941537809,-0.219329502362227,0.18891145668041892,0.9179909512477616,0.024,-0.3940403405044364,-0.047047397066202666,89.0,11.0,-0.04307530792266288,0.02164961162198152,-0.05652067542113448,16.0,11.0,-0.3656614777009205,,37.0,0.0,0.3456102429759731,,36.0,0.0,-0.0405305789599808,-0.09319165103283211,-0.0002221978281351511,0.9999998502425812
tsf__return__root_mean_square__20,adverse_5,RISK_CONTEXT,167,290,DESCRIBED,-1.0,0.2203385998245051,-0.33000816350996237,0.06625270463259435,0.9981353886347398,0.0,-0.4806784144383409,-0.15874975565887678,11.0,159.0,-0.028545672528204072,-0.262249112186178,-0.02166171102841482,11.0,33.0,-0.10841751387094972,,0.0,87.0,-0.11421746074869558,,0.0,39.0,-0.011328902594678558,-0.0606576011806943,0.01431167047068238,0.9999998502425812
tsf__return__root_mean_square__20,range_5,RISK_CONTEXT,167,290,DESCRIBED,1.0,0.2526100982200831,0.5421529183277995,-0.002413165763994898,4.870121858681203e-08,1.0,0.3326207973188393,0.710718495678563,159.0,11.0,0.017429369906050797,0.4071865014003883,0.01385119668455225,33.0,11.0,-0.134111676790789,,87.0,0.0,0.6383895684149938,,39.0,0.0,0.2069741651663044,0.05281824097993837,0.03616059053133369,3.3712065755093216e-06
tsf__return__root_mean_square__20,persistence_3,CONFIRMATION,169,296,DESCRIBED,1.0,0.18128536155865724,-0.09469071019773283,0.02920501395077666,0.8445140807429707,0.088,-0.21569451135311501,0.01887148209783582,161.0,11.0,-0.08846226237530586,-0.09192298085901385,-0.1010101010101011,33.0,11.0,-0.05208307560500234,,89.0,0.0,0.13506136075223013,,39.0,0.0,-0.016161235607924818,-0.12987534037315185,0.001399345425348919,0.9999998502425812
tsf__return__maximum__20,return_1,OPPORTUNITY_ENTRY,171,302,DESCRIBED,1.0,0.018176367949056704,-0.05194273333890729,0.010414653927164737,0.7244693958044776,0.165,-0.15448719860358132,0.034322107415555234,192.0,9.0,-0.0002204943050966564,-0.06705065821918434,0.0004893256200237067,59.0,9.0,-0.12815760185797018,,98.0,0.0,-0.10798230452579721,,35.0,0.0,1.4696878826270243e-05,-0.0454003542628052,-0.00014263953237225735,0.9999998502425812
tsf__return__maximum__20,return_3,OPPORTUNITY_ENTRY,169,296,DESCRIBED,1.0,0.1926520231297775,-0.15474072051635276,-0.061998824710689106,0.8909797417182477,0.038,-0.3031836746273332,-0.01788004055266404,190.0,9.0,-0.003879811364328586,-0.16503687020953334,-0.0020426414815542214,59.0,9.0,-0.27524431425471835,,96.0,0.0,-0.15057570059458197,,35.0,0.0,-0.0031665449314060012,-0.07918668498525605,-0.0004480604596219795,0.9999998502425812
tsf__return__maximum__20,return_5,OPPORTUNITY_ENTRY,167,290,DESCRIBED,1.0,0.2840284319369739,-0.14843199297659704,-0.04775283317567842,0.8992241815534983,0.062,-0.31151366315347495,0.009926152021476614,188.0,9.0,-0.005255123668912269,-0.1537513922278637,-0.002918421982830129,59.0,9.0,-0.28089484369301376,,94.0,0.0,-0.14202496361246186,,35.0,0.0,0.0018714065123071055,-0.07216042174312598,0.0035352291210999365,0.9999998502425812
tsf__return__maximum__20,return_10,OPPORTUNITY_ENTRY,162,275,DESCRIBED,1.0,0.31906433851230687,-0.15291824083272654,0.005942125155073426,0.9445606178859078,0.106,-0.33966757039846684,0.03392032622648365,176.0,9.0,-0.02856334479149001,-0.08274456434321889,-0.018687426151831037,59.0,9.0,-0.3837244700503192,,84.0,0.0,-0.17179986102643027,,33.0,0.0,0.010082616016906076,-0.09319165103283211,0.015348808012056181,0.9999998502425812
tsf__return__maximum__20,adverse_5,RISK_CONTEXT,167,290,DESCRIBED,-1.0,0.16682811200970296,-0.2906884761341197,-0.12454557867144263,0.9994889072881958,0.001,-0.44870106121150966,-0.1318169081590713,9.0,188.0,-0.027807332434721534,-0.2628865583680144,-0.019390375517359667,9.0,59.0,-0.23118769955743834,,0.0,94.0,-0.3660551067007949,,0.0,35.0,0.006943600879035006,-0.0606576011806943,-0.0033100417503117985,0.9999998502425812
tsf__return__maximum__20,range_5,RISK_CONTEXT,167,290,DESCRIBED,1.0,0.2705899885745233,0.35628155136940065,0.06634127020248304,1.9091573974654717e-07,0.988,0.08948618212626588,0.5811538077113212,188.0,9.0,0.0184287300760718,0.16896513804165283,0.01286192318729593,59.0,9.0,-0.2962739881926334,,94.0,0.0,0.7173727505917425,,35.0,0.0,0.13767683259278407,0.05281824097993837,-0.024704427445969568,1.0812773260190807e-05
tsf__return__maximum__20,persistence_3,CONFIRMATION,169,296,DESCRIBED,1.0,0.0713845719144741,-0.10555103442973528,-0.08722219908660586,0.871461419099148,0.077,-0.2402006327463559,0.010448193612116363,190.0,9.0,-0.030994152046783685,-0.12006563267450251,-0.01883239171374773,59.0,9.0,-0.18018304660437323,,96.0,0.0,-0.10318642321087357,,35.0,0.0,-0.0012629576633931272,-0.12987534037315185,-0.0006805384022008365,0.9999998502425812
tsf__return__absolute_maximum__20,return_1,OPPORTUNITY_ENTRY,171,302,DESCRIBED,1.0,0.1176625981508951,-0.05274001866926233,0.025584946120846934,0.5840035453680305,0.098,-0.12836354320895757,0.01659838800959358,126.0,0.0,,-0.035410520107916975,,45.0,0.0,-0.11326063154796975,,26.0,0.0,0.10964561397894557,,55.0,0.0,-0.001160796953182608,-0.0454003542628052,0.0038800748869725066,0.9999998502425812
tsf__return__absolute_maximum__20,return_3,OPPORTUNITY_ENTRY,169,296,DESCRIBED,1.0,0.28837465100533005,-0.14850765169247518,-0.042021219987321674,0.9249584773364201,0.046,-0.28718693253399186,-0.007708623919187128,124.0,0.0,,-0.06061204085459955,,45.0,0.0,-0.1610274183891825,,24.0,0.0,0.07486379053180123,,55.0,0.0,-0.013183415871802495,-0.07918668498525605,0.010792573587623866,0.9999998502425812
tsf__return__absolute_maximum__20,return_5,OPPORTUNITY_ENTRY,167,290,DESCRIBED,1.0,0.3834797980432738,-0.13640977898554657,-0.02658664603416909,0.9418018682693785,0.074,-0.2916623984194753,0.018539419900699173,122.0,0.0,,-0.04516205468159887,,45.0,0.0,-0.07836515195226558,,22.0,0.0,0.0906817366280472,,55.0,0.0,-0.01508093713933234,-0.07216042174312598,0.019628805142349548,0.9999998502425812
tsf__return__absolute_maximum__20,return_10,OPPORTUNITY_ENTRY,162,275,DESCRIBED,1.0,0.4828969322731242,-0.16086291208925027,0.02249963936412683,0.9754106478674293,0.096,-0.36407337644925813,0.04087108344962423,0.0,0.0,,-0.045079737636192996,,0.0,0.0,0.06060672774575054,,0.0,0.0,,,0.0,0.0,-0.01720534001123264,-0.09319165103283211,0.03330318472447458,0.9999998502425812
tsf__return__absolute_maximum__20,adverse_5,RISK_CONTEXT,167,290,DESCRIBED,-1.0,0.2264571865622074,-0.23995350268865814,0.02452011607009965,0.9991247750424885,0.008,-0.3927069623666224,-0.07958100980872689,0.0,122.0,,-0.21563537370652142,,0.0,45.0,-0.135775050176255,,0.0,22.0,-0.08603139115994221,,0.0,55.0,-0.030716588406337397,-0.0606576011806943,0.06606372006732963,0.9999998502425812
tsf__return__absolute_maximum__20,range_5,RISK_CONTEXT,167,290,DESCRIBED,1.0,0.21537386648867926,0.17023449529812607,-0.1635582201764669,0.023473024063383356,0.866,-0.09672803135165742,0.3961061326416889,122.0,0.0,,0.2931484595608133,,45.0,0.0,-0.24327212446192512,,22.0,0.0,0.26739486441603666,,55.0,0.0,0.027446208994604815,0.05281824097993837,0.12371301106839616,0.31114242535080494
tsf__return__absolute_maximum__20,persistence_3,CONFIRMATION,169,296,DESCRIBED,1.0,0.16611867436244324,-0.1641115281842911,-0.08985364409093223,0.9624299473268275,0.009,-0.27836571487814243,-0.04867006434887781,124.0,0.0,,-0.11058065963506719,,45.0,0.0,-0.14149376433891095,,24.0,0.0,-0.05423815376466825,,55.0,0.0,-0.00929959969453198,-0.12987534037315185,-0.009662210619604483,0.9999998502425812
tsf__return__minimum__20,return_1,OPPORTUNITY_ENTRY,171,302,DESCRIBED,-1.0,0.14352665194862807,0.02512406598480555,0.10627417057342355,0.15595083511135366,0.734,-0.0442113168933299,0.09985128803076283,149.0,19.0,0.006109999188961818,0.04910964518775319,0.008484856278008483,40.0,11.0,0.0729394240795553,0.009428933640356334,54.0,8.0,0.06221210268718807,,55.0,0.0,-0.0004885300925023817,-0.0454003542628052,0.006167241729659545,0.9037894909244031
tsf__return__minimum__20,return_3,OPPORTUNITY_ENTRY,169,296,DESCRIBED,-1.0,0.29321741020071246,-0.023359375649564904,0.1344642022608124,0.46094183356694146,0.392,-0.14630304476274264,0.10425810332706897,147.0,19.0,0.012450042811812362,0.10910441096302412,0.018793565746657623,40.0,11.0,0.034212478317118836,0.021553109507966052,52.0,8.0,0.021244248897117315,,55.0,0.0,-0.014193675077255774,-0.07918668498525605,0.00733546920891659,0.9999998502425812
tsf__return__minimum__20,return_5,OPPORTUNITY_ENTRY,167,290,DESCRIBED,-1.0,0.366536351618236,-0.02197498081671439,0.1501174108839705,0.5941109310412104,0.374,-0.15938969528070007,0.11848741891015234,147.0,19.0,0.01548702064106212,0.18316488349469023,0.03327920141184326,40.0,11.0,-0.011450431570661,0.01834238347845002,52.0,8.0,0.10958790313966567,,55.0,0.0,-0.02112839302028191,-0.07216042174312598,0.004316885676585391,0.9999998502425812
tsf__return__minimum__20,return_10,OPPORTUNITY_ENTRY,162,275,DESCRIBED,-1.0,0.4630095873968732,-0.12833771502105001,0.049725051210294,0.859191293802924,0.141,-0.3051706597011441,0.06511689068238187,142.0,19.0,0.008127376798648318,0.20080571531071306,0.03435847945560106,39.0,11.0,-0.14559392244097133,0.011020922401570465,50.0,8.0,0.15300774894579094,,53.0,0.0,-0.03327350206951585,-0.09319165103283211,-0.0036371979394029808,0.9999998502425812
tsf__return__minimum__20,adverse_5,RISK_CONTEXT,167,290,DESCRIBED,1.0,0.1873240009903589,-0.07687989227996313,0.21154747422065373,0.7597872135855439,0.263,-0.2623231585334235,0.1283423852369311,19.0,147.0,0.009392882627808012,0.03696617006524663,0.01648027045257791,11.0,40.0,0.0741032091636895,0.017058434772933322,8.0,52.0,-0.06275546590049232,,0.0,55.0,-0.03743589153246352,-0.0606576011806943,0.0679427214594246,0.9999998502425812
tsf__return__minimum__20,range_5,RISK_CONTEXT,167,290,DESCRIBED,-1.0,0.26131472049693155,0.14277900420372275,-0.2093603966753469,0.1260661428434659,0.784,-0.15398709235839964,0.4127605405483473,147.0,19.0,-0.0010193844699132142,0.06930551422080275,-0.005424622496932284,40.0,11.0,0.17225696219474373,0.0028136697908338407,52.0,8.0,0.14283893357947877,,55.0,0.0,0.008067943947975942,0.05281824097993837,0.07837070797546342,0.8357281821477661
tsf__return__minimum__20,persistence_3,CONFIRMATION,169,296,DESCRIBED,-1.0,0.21323696550875984,-0.03492792982982023,0.08269733523970811,0.4971152889282694,0.31,-0.1464280144741093,0.08159880477151943,147.0,19.0,0.15371762740183792,0.044582203517591915,0.11515151515151517,40.0,11.0,0.0985471652868356,0.35256410256410253,52.0,8.0,-0.06436130649639772,,55.0,0.0,-0.011161390898206447,-0.12987534037315185,-0.000626099355679699,0.9999998502425812
tsf__return__sum_values__60,return_1,OPPORTUNITY_ENTRY,131,302,DESCRIBED,-1.0,0.1596403029065621,-0.0339656850308557,-0.06161547927471017,0.8918242102135201,0.278,-0.12858565245722797,0.05649556216707782,54.0,236.0,-0.00299264139648687,0.04045147941170007,,0.0,122.0,0.08718220686564222,,0.0,110.0,0.25260819773432996,0.016539537570973532,54.0,4.0,-0.041627069887369306,-0.04173144655508709,-0.03611290520032773,0.9999998502425812
tsf__return__sum_values__60,return_3,OPPORTUNITY_ENTRY,129,296,DESCRIBED,-1.0,0.24012108778121008,-0.04914058538360628,-0.07324689867062749,0.9338800683249533,0.28,-0.19215189975655558,0.09319524667840813,52.0,232.0,-0.00919832336504529,0.11673067203364909,,0.0,120.0,0.09451831948022923,,0.0,108.0,0.5472401354533633,0.052232647048612996,52.0,4.0,-0.09630253752931339,-0.05076505265394626,-0.06775727444235602,0.9999998502425812
tsf__return__sum_values__60,return_5,OPPORTUNITY_ENTRY,127,290,DESCRIBED,-1.0,0.3155730081743743,-0.02927961484121459,-0.08521065689821233,0.912247384775098,0.362,-0.18873485931814513,0.11130432388482765,50.0,228.0,-0.012032491459975307,0.1285407448885304,,0.0,118.0,0.20947672348008348,,0.0,106.0,0.6339707582501385,0.09163460133582917,50.0,4.0,-0.18952195344416656,-0.03690807291033393,-0.13999393072777333,0.9999998502425812
tsf__return__sum_values__60,return_10,OPPORTUNITY_ENTRY,122,275,DESCRIBED,-1.0,0.5119267722629606,-0.07183402133860203,-0.0878289720435071,0.9078061659528007,0.269,-0.26639076794734073,0.12346543044896777,45.0,218.0,-0.021205331776717455,0.09867788015802799,,0.0,113.0,0.28975021705438425,,0.0,101.0,0.668269355699355,0.17805549512398372,45.0,4.0,-0.5120499648819192,-0.06383021307732051,-0.39667976829209595,0.9999998502425812
tsf__return__sum_values__60,adverse_5,RISK_CONTEXT,127,290,DESCRIBED,1.0,0.24852277006499812,0.09648637932415295,-0.06503099179907425,0.7043658529380116,0.85,-0.06241733890746902,0.22402297395423773,228.0,50.0,-0.004446255861278732,0.48414248920894454,,118.0,0.0,0.17639878829765737,,106.0,0.0,0.6329424954455453,0.0800932817613911,4.0,50.0,-0.06912341498770136,-0.06723728793010642,-0.0515786860566807,0.9999998502425812
tsf__return__sum_values__60,range_5,RISK_CONTEXT,127,290,DESCRIBED,-1.0,0.11190609753787538,-0.20524990582899375,-0.11257791002476146,0.5578337055335971,0.111,-0.43928744789272167,0.07029335663982618,50.0,228.0,-0.00019263081568465096,-0.7032428176267495,,0.0,118.0,-0.015626162283186286,,0.0,106.0,-0.5524575613769268,-0.0165057495951594,50.0,4.0,-0.09671619259724662,-0.010294744831212732,-0.08439438645176489,0.9999998502425812
tsf__return__sum_values__60,persistence_3,CONFIRMATION,129,296,DESCRIBED,-1.0,0.25429059284753663,-0.01994167306262148,-0.10903260733769209,0.8841134633069593,0.37,-0.14393981831659672,0.10319855790943698,52.0,232.0,-0.08543324491600346,0.11825231819699492,,0.0,120.0,0.09938285275172837,,0.0,108.0,0.3415293313571999,0.4102564102564103,52.0,4.0,-0.20044082087329995,-0.12518235445771575,-0.1788753977561126,0.9999998502425812
tsf__return__median__60,return_1,OPPORTUNITY_ENTRY,131,302,DESCRIBED,1.0,0.037141031277685414,-0.009905692121204655,0.011179268022509717,0.5148714207034029,0.456,-0.08549479074676417,0.06970069087427812,217.0,29.0,0.0017419382693834972,-0.025695699695919137,0.0013434109208614255,66.0,13.0,-0.06537445985643835,-0.009456155222946249,110.0,2.0,-0.17709204088163863,-0.0006383384998769376,41.0,14.0,0.0006365114062946153,-0.04173144655508709,-0.012268225168154068,0.9999998502425812
tsf__return__median__60,return_3,OPPORTUNITY_ENTRY,129,296,DESCRIBED,1.0,0.020336735170348015,-0.07350904526943458,-0.028959313705076414,0.6877910665238932,0.203,-0.21459822886328495,0.06535469773398278,215.0,26.0,-0.002290351944875333,-0.06722285486368783,-0.006899854253158139,66.0,12.0,-0.11219837901608601,-0.024639620142098903,108.0,2.0,-0.35368562964126976,-0.005331197177691167,41.0,12.0,-0.0022085866326417847,-0.05076505265394626,-0.016827393103985955,0.9999998502425812
tsf__return__median__60,return_5,OPPORTUNITY_ENTRY,127,290,DESCRIBED,1.0,0.1089538265353286,-0.09923689571590043,-0.060926469665677274,0.8204451842211509,0.145,-0.25141833544993836,0.056680692870932546,213.0,24.0,-0.00719367541792309,-0.06331640333055219,-0.00533127471005642,66.0,12.0,-0.17176330730231687,-0.050817744689010284,106.0,2.0,-0.40885514475242624,-0.017676263158712346,41.0,10.0,-0.0048561778127473865,-0.03690807291033393,-0.01707497399314173,0.9999998502425812
tsf__return__median__60,return_10,OPPORTUNITY_ENTRY,122,275,DESCRIBED,1.0,0.06899022801679071,-0.1519542765047728,-0.09173711087389284,0.9260007565902536,0.094,-0.3369653341747846,0.033298403833567386,208.0,19.0,-0.028884034098605994,-0.13550125923325063,-0.01677038089910687,66.0,12.0,-0.28490203210121384,-0.1694907639844962,101.0,2.0,-0.5313380965289082,-0.016189671396157915,41.0,5.0,0.012171981238286,-0.06383021307732051,-0.017227492631471497,0.9999998502425812
tsf__return__median__60,adverse_5,RISK_CONTEXT,127,290,DESCRIBED,-1.0,0.11707484325949084,-0.2994168323523307,-0.21185056528205057,0.9993119575851104,0.0,-0.4058481568538968,-0.1613228044828229,24.0,213.0,-0.019106152845751026,-0.36298037930805993,-0.015160247692182044,12.0,66.0,0.013602944299338336,-0.0278504393568198,2.0,106.0,-0.5526993359614496,-0.02986258572363204,10.0,41.0,-0.2499493515186808,-0.06723728793010642,-0.2082565811300625,0.9999998502425812
tsf__return__median__60,range_5,RISK_CONTEXT,127,290,DESCRIBED,-1.0,0.5628219777209315,-0.5001202986581847,-0.36434325554734137,0.9999998502425812,0.001,-0.656073602884638,-0.30487826372089943,24.0,213.0,-0.009874746035610057,-0.5268770325503241,-0.0064210636248049485,12.0,66.0,0.279416483340766,-0.0015834075696520185,2.0,106.0,-0.6259915262271375,-0.01397020653645134,10.0,41.0,-0.5436671079642796,-0.010294744831212732,-0.5277854281269632,0.9999998502425812
tsf__return__median__60,persistence_3,CONFIRMATION,129,296,DESCRIBED,-1.0,0.06184973979677978,0.06313804493148838,0.03930741218876812,0.2893977426221314,0.819,-0.053806114495393034,0.18801667971582037,26.0,215.0,0.019916517590936156,0.0696160161681338,0.03535353535353525,12.0,66.0,0.0379820115017443,0.43827160493827166,2.0,108.0,0.22573022928858505,-0.0027100271002710175,12.0,41.0,-0.02758211862161497,-0.12518235445771575,-0.021991103115311494,0.9999998502425812
tsf__return__mean__60,return_1,OPPORTUNITY_ENTRY,131,302,DESCRIBED,-1.0,0.1596403029065621,-0.0339656850308557,-0.06161547927471017,0.8918242102135201,0.284,-0.12136847266089139,0.05661986590392668,54.0,236.0,-0.00299264139648687,0.04045147941170007,,0.0,122.0,0.08718220686564222,,0.0,110.0,0.25260819773432996,0.016539537570973532,54.0,4.0,-0.041627069887369306,-0.04173144655508709,-0.03611290520032773,0.9999998502425812
tsf__return__mean__60,return_3,OPPORTUNITY_ENTRY,129,296,DESCRIBED,-1.0,0.24012108778121008,-0.04914058538360628,-0.07324689867062749,0.9338800683249533,0.263,-0.18325625436943796,0.08305747847858877,52.0,232.0,-0.00919832336504529,0.11673067203364909,,0.0,120.0,0.09451831948022923,,0.0,108.0,0.5472401354533633,0.052232647048612996,52.0,4.0,-0.09630253752931339,-0.05076505265394626,-0.06775727444235558,0.9999998502425812
tsf__return__mean__60,return_5,OPPORTUNITY_ENTRY,127,290,DESCRIBED,-1.0,0.3155730081743743,-0.02927961484121459,-0.08521065689821233,0.912247384775098,0.393,-0.18383095501085028,0.13671340724366748,50.0,228.0,-0.012032491459975307,0.1285407448885304,,0.0,118.0,0.20947672348008348,,0.0,106.0,0.6339707582501385,0.09163460133582917,50.0,4.0,-0.18952195344416656,-0.03690807291033393,-0.13999393072777333,0.9999998502425812
tsf__return__mean__60,return_10,OPPORTUNITY_ENTRY,122,275,DESCRIBED,-1.0,0.5119267722629606,-0.07183402133860203,-0.0878289720435071,0.9078061659528007,0.26,-0.2725851876737995,0.12547576531651777,45.0,218.0,-0.021205331776717455,0.09867788015802799,,0.0,113.0,0.28975021705438425,,0.0,101.0,0.668269355699355,0.17805549512398372,45.0,4.0,-0.5120499648819192,-0.06383021307732051,-0.39667976829209595,0.9999998502425812
tsf__return__mean__60,adverse_5,RISK_CONTEXT,127,290,DESCRIBED,1.0,0.24852277006499812,0.09648637932415295,-0.06503099179907425,0.7043658529380116,0.853,-0.0520440892896337,0.23744243658686212,228.0,50.0,-0.004446255861278732,0.48414248920894454,,118.0,0.0,0.17639878829765737,,106.0,0.0,0.6329424954455453,0.0800932817613911,4.0,50.0,-0.06912341498770136,-0.06723728793010642,-0.0515786860566807,0.9999998502425812
tsf__return__mean__60,range_5,RISK_CONTEXT,127,290,DESCRIBED,-1.0,0.11190609753787538,-0.20524990582899375,-0.11257791002476146,0.5578337055335971,0.088,-0.43240459193533065,0.05455984752544942,50.0,228.0,-0.00019263081568465096,-0.7032428176267495,,0.0,118.0,-0.015626162283186286,,0.0,106.0,-0.5524575613769268,-0.0165057495951594,50.0,4.0,-0.09671619259724684,-0.010294744831212732,-0.08439438645176511,0.9999998502425812
tsf__return__mean__60,persistence_3,CONFIRMATION,129,296,DESCRIBED,-1.0,0.25429059284753663,-0.01994167306262148,-0.10903260733769209,0.8841134633069593,0.37,-0.1410031366980057,0.09965019046805805,52.0,232.0,-0.08543324491600346,0.11825231819699492,,0.0,120.0,0.09938285275172837,,0.0,108.0,0.3415293313571999,0.4102564102564103,52.0,4.0,-0.20044082087329995,-0.12518235445771575,-0.1788753977561126,0.9999998502425812
tsf__return__length__60,return_1,OPPORTUNITY_ENTRY,131,302,INSUFFICIENT_OR_CONSTANT,,,,,,,,,,,,,,,,,,,,,,,,,,,
tsf__return__length__60,return_3,OPPORTUNITY_ENTRY,129,296,INSUFFICIENT_OR_CONSTANT,,,,,,,,,,,,,,,,,,,,,,,,,,,
tsf__return__length__60,return_5,OPPORTUNITY_ENTRY,127,290,INSUFFICIENT_OR_CONSTANT,,,,,,,,,,,,,,,,,,,,,,,,,,,
tsf__return__length__60,return_10,OPPORTUNITY_ENTRY,122,275,INSUFFICIENT_OR_CONSTANT,,,,,,,,,,,,,,,,,,,,,,,,,,,
tsf__return__length__60,adverse_5,RISK_CONTEXT,127,290,INSUFFICIENT_OR_CONSTANT,,,,,,,,,,,,,,,,,,,,,,,,,,,
tsf__return__length__60,range_5,RISK_CONTEXT,127,290,INSUFFICIENT_OR_CONSTANT,,,,,,,,,,,,,,,,,,,,,,,,,,,
tsf__return__length__60,persistence_3,CONFIRMATION,129,296,INSUFFICIENT_OR_CONSTANT,,,,,,,,,,,,,,,,,,,,,,,,,,,
tsf__return__standard_deviation__60,return_1,OPPORTUNITY_ENTRY,131,302,DESCRIBED,1.0,0.05831332571351574,-0.03323507903777847,0.0077282661710979805,0.6634133743386299,0.238,-0.10394755070076747,0.040601929884170364,224.0,61.0,-0.0005171410436237759,-0.015370956517622611,0.0004181808700153026,47.0,61.0,-0.07504879583070156,,115.0,0.0,,,62.0,0.0,-0.007938555561921135,-0.04173144655508709,-0.003833032135827086,0.9999998502425812
tsf__return__standard_deviation__60,return_3,OPPORTUNITY_ENTRY,129,296,DESCRIBED,1.0,0.03769877319021222,-0.11801058412870415,0.021681774224147105,0.8918348402438616,0.045,-0.2259045426404376,-0.003040510851827016,218.0,61.0,-0.006819514450805551,-0.008821730265399664,-0.005709539977650421,45.0,61.0,-0.216108132112878,,113.0,0.0,,,60.0,0.0,-0.021454759510142862,-0.05076505265394626,-0.007255038849791617,0.9999998502425812
tsf__return__standard_deviation__60,return_5,OPPORTUNITY_ENTRY,127,290,DESCRIBED,1.0,0.022515192484968864,-0.16347462495193354,0.017664156898827367,0.9023533638486867,0.026,-0.2875953338283828,-0.03386364555694596,212.0,61.0,-0.010960034055380236,0.008998694517325812,-0.009443312259248,43.0,61.0,-0.3454400874809933,,111.0,0.0,,,58.0,0.0,-0.027248077530081183,-0.03690807291033393,-0.004073244548625121,0.9999998502425812
tsf__return__standard_deviation__60,return_10,OPPORTUNITY_ENTRY,122,275,DESCRIBED,-1.0,0.043206357862470526,0.2228669418812818,-0.026502986065029866,0.05098335061108335,0.979,0.03893622282026175,0.40119313550107594,53.0,197.0,0.0186744937257363,0.017892438048185848,0.026164808726202762,53.0,38.0,0.34931924284534704,,0.0,106.0,,,0.0,53.0,-0.06122369475249334,-0.06383021307732051,-0.04175517202883139,0.5250021062926433
tsf__return__standard_deviation__60,adverse_5,RISK_CONTEXT,127,290,DESCRIBED,-1.0,0.13490281644459232,-0.20549971325772817,0.005795386471855215,0.9985943778491513,0.036,-0.35590006812352337,-0.026343484815213758,61.0,212.0,-0.01799575633800367,-0.12878727622806074,-0.011802311339805329,61.0,43.0,0.008495795454719532,,0.0,111.0,,,0.0,58.0,0.04395421515182807,-0.06723728793010642,0.005432708419451426,0.9999998502425812
tsf__return__standard_deviation__60,range_5,RISK_CONTEXT,127,290,DESCRIBED,-1.0,0.3265905139651779,-0.3242404604818729,-0.1367331851500141,0.9999851241467608,0.036,-0.5681885706092336,-0.031727781164747094,61.0,212.0,-0.011403122087432379,-0.3161117443005022,-0.006913314868798724,61.0,43.0,0.3125650116679343,,0.0,111.0,,,0.0,58.0,0.006336269737889699,-0.010294744831212732,-0.11256023005531723,0.9999998502425812
tsf__return__standard_deviation__60,persistence_3,CONFIRMATION,129,296,DESCRIBED,1.0,0.08395513433978155,-0.10971303518641029,-0.053469185672575505,0.9453303137713809,0.059,-0.20690239921243977,0.004430615292096322,218.0,61.0,-0.11182132651526544,-0.0640742833079656,-0.1208257437765633,45.0,61.0,-0.09818314622349132,,113.0,0.0,,,60.0,0.0,-0.017102955853212976,-0.12518235445771575,-0.007297290690730485,0.9999998502425812
tsf__return__variance__60,return_1,OPPORTUNITY_ENTRY,131,302,DESCRIBED,1.0,0.05831332571351574,-0.03323507903777847,0.0077282661710979805,0.6634133743386299,0.237,-0.10331232296250292,0.03604710995732392,224.0,61.0,-0.0005171410436237759,-0.015370956517622611,0.0004181808700153026,47.0,61.0,-0.07504879583070156,,115.0,0.0,,,62.0,0.0,-0.007446084348106563,-0.04173144655508709,-0.002600386276021993,0.9999998502425812
tsf__return__variance__60,return_3,OPPORTUNITY_ENTRY,129,296,DESCRIBED,1.0,0.03769877319021222,-0.11801058412870415,0.021681774224147105,0.8918348402438616,0.033,-0.2224638073724194,-0.015435611680280261,218.0,61.0,-0.006819514450805551,-0.008821730265399664,-0.005709539977650421,45.0,61.0,-0.216108132112878,,113.0,0.0,,,60.0,0.0,-0.01995928068818409,-0.05076505265394626,-0.0064062594085678715,0.9999998502425812
tsf__return__variance__60,return_5,OPPORTUNITY_ENTRY,127,290,DESCRIBED,1.0,0.022515192484968864,-0.16347462495193354,0.017664156898827367,0.9023533638486867,0.032,-0.29609943049256315,-0.018344420746265102,212.0,61.0,-0.010960034055380236,0.008998694517325812,-0.009443312259248,43.0,61.0,-0.3454400874809933,,111.0,0.0,,,58.0,0.0,-0.02985451859731003,-0.03690807291033393,-0.007022040092764303,0.9999998502425812
tsf__return__variance__60,return_10,OPPORTUNITY_ENTRY,122,275,DESCRIBED,-1.0,0.043206357862470526,0.2228669418812818,-0.026502986065029866,0.05098335061108335,0.985,0.04578337571293369,0.39120773192559394,53.0,197.0,0.0186744937257363,0.017892438048185848,0.026164808726202762,53.0,38.0,0.34931924284534704,,0.0,106.0,,,0.0,53.0,-0.08058786326943368,-0.06383021307732051,-0.06888177697510822,0.5250021062926433
tsf__return__variance__60,adverse_5,RISK_CONTEXT,127,290,DESCRIBED,-1.0,0.13490281644459232,-0.20549971325772817,0.005795386471855215,0.9985943778491513,0.048,-0.36756422491557406,-0.003562241381692781,61.0,212.0,-0.01799575633800367,-0.12878727622806074,-0.011802311339805329,61.0,43.0,0.008495795454719532,,0.0,111.0,,,0.0,58.0,0.05903764961126867,-0.06723728793010642,0.018427265165402718,0.9999998502425812
tsf__return__variance__60,range_5,RISK_CONTEXT,127,290,DESCRIBED,-1.0,0.3265905139651779,-0.3242404604818729,-0.1367331851500141,0.9999851241467608,0.044,-0.5704980373053388,-0.012958716394302289,61.0,212.0,-0.011403122087432379,-0.3161117443005022,-0.006913314868798724,61.0,43.0,0.3125650116679343,,0.0,111.0,,,0.0,58.0,0.00924383394196615,-0.010294744831212732,-0.10924239677868486,0.9999998502425812
tsf__return__variance__60,persistence_3,CONFIRMATION,129,296,DESCRIBED,1.0,0.08395513433978155,-0.10971303518641029,-0.053469185672575505,0.9453303137713809,0.05,-0.21812413777755763,-0.00048799169035802304,218.0,61.0,-0.11182132651526544,-0.0640742833079656,-0.1208257437765633,45.0,61.0,-0.09818314622349132,,113.0,0.0,,,60.0,0.0,-0.014866606918640501,-0.12518235445771575,-0.008410062837441057,0.9999998502425812
tsf__return__root_mean_square__60,return_1,OPPORTUNITY_ENTRY,131,302,DESCRIBED,1.0,0.0607848946876031,-0.02735950153419476,0.012292859833165998,0.6393826834109304,0.278,-0.09820974770270417,0.0418179598474125,226.0,49.0,-0.0001622507116671903,-0.018443463878162942,0.0005835334236262541,49.0,49.0,-0.06977959692848056,,115.0,0.0,,,62.0,0.0,-0.0072466432727831265,-0.04173144655508709,-0.00344653234752057,0.9999998502425812
tsf__return__root_mean_square__60,return_3,OPPORTUNITY_ENTRY,129,296,DESCRIBED,1.0,0.04367763079846411,-0.10901905599052124,0.03388858812587626,0.8758611202725619,0.044,-0.22285659567769991,-0.003947326765100163,220.0,49.0,-0.0034168454274003494,-0.016019263301655578,-0.0018616453465281173,47.0,49.0,-0.1951532423408623,,113.0,0.0,,,60.0,0.0,-0.019552337401880227,-0.05076505265394626,-0.006506469970749329,0.9999998502425812
tsf__return__root_mean_square__60,return_5,OPPORTUNITY_ENTRY,127,290,DESCRIBED,1.0,0.030020212677103808,-0.14029025887344412,0.034822259971929635,0.8838247224693789,0.042,-0.2640833961021556,-0.010736946674902213,214.0,49.0,-0.005718765465695566,0.003081047544690338,-0.0028972256209909876,45.0,49.0,-0.2853401286563383,,111.0,0.0,,,58.0,0.0,-0.024516355296360315,-0.03690807291033393,-0.0025467078140886112,0.9999998502425812
tsf__return__root_mean_square__60,return_10,OPPORTUNITY_ENTRY,122,275,DESCRIBED,-1.0,0.03930037208819173,0.21656470709035036,-0.04526528374830502,0.06247501982269359,0.975,0.04384264772065889,0.38213326819995497,46.0,199.0,0.014775618995935626,0.024016698358035694,0.01864806614769765,46.0,40.0,0.3508277689052353,,0.0,106.0,,,0.0,53.0,-0.05637522651564986,-0.06383021307732051,-0.036214146600930475,0.5987990361467401
tsf__return__root_mean_square__60,adverse_5,RISK_CONTEXT,127,290,DESCRIBED,-1.0,0.14144013743333755,-0.20169824792452673,0.0099077811003534,0.9985841416595317,0.046,-0.36564324222635525,-0.006428440015761025,49.0,214.0,-0.017962196142796406,-0.13314238479554702,-0.011856588136465744,49.0,45.0,-0.004896790568663975,,0.0,111.0,,,0.0,58.0,0.046612425410409,-0.06723728793010642,0.005490891808043963,0.9999998502425812
tsf__return__root_mean_square__60,range_5,RISK_CONTEXT,127,290,DESCRIBED,-1.0,0.32716418260217467,-0.32899244690479346,-0.14370821580969226,0.999993411170198,0.04,-0.5720681795122369,-0.0408277658611542,49.0,214.0,-0.01245481445001452,-0.3127100943706605,-0.007854294381805956,49.0,45.0,0.23270463119822093,,0.0,111.0,,,0.0,58.0,0.018559887190825464,-0.010294744831212732,-0.11482462786191028,0.9999998502425812
tsf__return__root_mean_square__60,persistence_3,CONFIRMATION,129,296,DESCRIBED,1.0,0.0878091755732439,-0.10292110454564232,-0.04717213361281157,0.9372740547143704,0.076,-0.21462713388553706,0.01351033540445012,220.0,49.0,-0.0766542980828695,-0.06983292007650557,-0.08061948183528733,47.0,49.0,-0.09755114817752976,,113.0,0.0,,,60.0,0.0,-0.016374793242822427,-0.12518235445771575,-0.006667058527913383,0.9999998502425812
tsf__return__maximum__60,return_1,OPPORTUNITY_ENTRY,131,302,DESCRIBED,-1.0,0.04772456924553381,-0.02258066904999544,-0.03789327250693872,0.7861330751691467,0.147,-0.049764023264210276,0.0033328414960204647,14.0,288.0,-0.0010559896980444476,-0.045696509120856994,-0.0017745859356682616,14.0,111.0,,,0.0,115.0,,,0.0,62.0,-0.0018860241884188778,-0.04173144655508709,-0.0025944100946997395,0.9999998502425812
tsf__return__maximum__60,return_3,OPPORTUNITY_ENTRY,129,296,DESCRIBED,-1.0,0.0657631242877307,0.03166378624157025,-0.031098895505675166,0.14136407521960592,0.776,-0.025632513963619114,0.09355864919612264,14.0,282.0,0.00661257017849679,0.006128350903255232,0.004093573371328333,14.0,109.0,,,0.0,113.0,,,0.0,60.0,-0.010569307603188749,-0.05076505265394626,-0.00784573128804289,0.8592177449933122
tsf__return__maximum__60,return_5,OPPORTUNITY_ENTRY,127,290,DESCRIBED,-1.0,0.09180675661702578,0.0482336887538229,-0.02403054528099272,0.10620533382275243,0.752,-0.020026818407564404,0.12432542880539399,14.0,276.0,0.009820407647504121,0.02367090659952423,0.005818690746120849,14.0,107.0,,,0.0,111.0,,,0.0,58.0,-0.02328269400068228,-0.03690807291033393,-0.014765089288955924,0.7852671254379965
tsf__return__maximum__60,return_10,OPPORTUNITY_ENTRY,122,275,DESCRIBED,-1.0,0.2284047009154183,0.04167796683489848,-0.06256888145177578,0.16026677016660718,0.796,-0.04659772819809807,0.1204441021973858,14.0,261.0,0.010795952036340196,-0.014225160440833903,0.002934099224818982,14.0,102.0,,,0.0,106.0,,,0.0,53.0,-0.06454485160537193,-0.06383021307732051,-0.04969563057647841,0.9138605709580289
tsf__return__maximum__60,adverse_5,RISK_CONTEXT,127,290,DESCRIBED,1.0,0.17992493631887407,0.23329038016347337,0.06537295330503334,1.3512412248717303e-08,0.952,2.613418546230672e-17,0.3558367813903472,276.0,14.0,0.021954991005840974,0.2859030739223741,0.014358219723177327,107.0,14.0,,,111.0,0.0,,,58.0,0.0,0.05958109815772106,-0.06723728793010642,0.03483666661272988,1.05227910386886e-06
tsf__return__maximum__60,range_5,RISK_CONTEXT,127,290,DESCRIBED,1.0,0.6236925775778953,0.27825643080966944,0.029868492429488892,1.9614280348763683e-05,0.868,-1.352571424531518e-15,0.43700075785408876,276.0,14.0,0.013009041754295802,0.30624183549800665,0.00820748414818279,107.0,14.0,,,111.0,0.0,,,58.0,0.0,0.18271102670223327,-0.010294744831212732,0.09950442234187873,0.0006605241436367445
tsf__return__maximum__60,persistence_3,CONFIRMATION,129,296,DESCRIBED,-1.0,0.03961667162587006,0.004450779249594331,0.08388326693411438,0.40350243434814353,0.611,-0.04230683571537898,0.061663487976134336,14.0,282.0,0.015873015873015817,-0.03004080512964127,-0.02490170380078638,14.0,109.0,,,0.0,113.0,,,0.0,60.0,-0.001966497847892823,-0.12518235445771575,-0.0036252132552243577,0.9999998502425812
tsf__return__absolute_maximum__60,return_1,OPPORTUNITY_ENTRY,131,302,DESCRIBED,1.0,0.08940982883815014,-0.06102738334934143,-0.048918092838964214,0.9984720080936081,0.078,-0.13213685515626275,0.010297571938374462,3.0,108.0,-0.004319967009112801,-0.041421669879665314,-0.00356494724537621,3.0,69.0,-0.034028756223478174,,0.0,39.0,,,0.0,0.0,-0.007214099152496045,-0.04173144655508709,-0.007627998021207061,0.9999998502425812
tsf__return__absolute_maximum__60,return_3,OPPORTUNITY_ENTRY,129,296,DESCRIBED,1.0,0.05094791950622685,-0.06274527756722781,-0.015687798738646196,0.5802538069483629,0.157,-0.1737736855342201,0.04494251904660292,3.0,108.0,-0.0007991628419473807,-0.019463114825852498,-0.000626135881102002,3.0,69.0,0.018831974852341088,,0.0,39.0,,,0.0,0.0,-0.015544854242357298,-0.05076505265394626,-0.011242097979878851,0.9999998502425812
tsf__return__absolute_maximum__60,return_5,OPPORTUNITY_ENTRY,127,290,DESCRIBED,1.0,0.04713223726678614,-0.06287515212899325,0.0015442391171980804,0.6986148298076199,0.242,-0.19657288253412106,0.08120568770296985,3.0,108.0,-0.0033173106572118825,-0.010247618143725904,-0.0036527713205439776,3.0,69.0,0.07008638803007176,,0.0,39.0,,,0.0,0.0,-0.013223842976433753,-0.03690807291033393,-0.008549736299223731,0.9999998502425812
tsf__return__absolute_maximum__60,return_10,OPPORTUNITY_ENTRY,122,275,DESCRIBED,-1.0,0.00636828795967832,0.10289374007390624,-0.017705201811834628,0.1892509685162625,0.839,-0.0654528491964186,0.268629337825039,105.0,3.0,0.009351071024092276,0.05717097031656427,0.013039933962499986,69.0,3.0,-0.12174339843201144,,36.0,0.0,,,0.0,0.0,-0.004410824226820376,-0.06383021307732051,-0.0019159783169708788,0.9999998502425812
tsf__return__absolute_maximum__60,adverse_5,RISK_CONTEXT,127,290,DESCRIBED,-1.0,0.17544968739459155,-0.13492094216610784,0.08521754533142589,0.041550107781029334,0.091,-0.2855040949268063,0.02699542984906955,108.0,3.0,0.014676188688095074,-0.06345991103275499,0.010842096393086503,69.0,3.0,-0.002061377920327287,,39.0,0.0,,,0.0,0.0,-0.019469897262445635,-0.06723728793010642,0.003105828973943625,0.47250559243076756
tsf__return__absolute_maximum__60,range_5,RISK_CONTEXT,127,290,DESCRIBED,-1.0,0.6601687054315345,-0.17402792134853703,0.06328871022698618,0.0004925616339471522,0.188,-0.4433461199619944,0.1460608507304994,108.0,3.0,0.013643059890955277,-0.17540352684059557,0.009779389763379689,69.0,3.0,-0.015901953586654936,,39.0,0.0,,,0.0,0.0,0.01173535172257767,-0.010294744831212732,0.06579827326318588,0.012472607574020939
tsf__return__absolute_maximum__60,persistence_3,CONFIRMATION,129,296,DESCRIBED,1.0,0.06171446932378981,-0.10448996472904114,0.10016472558845439,0.7833027076811584,0.042,-0.20305059521379365,-0.006956055129094232,3.0,108.0,-0.05555555555555569,-0.10145127710756661,-0.07246376811594202,3.0,69.0,-0.018184510042215236,,0.0,39.0,,,0.0,0.0,-0.010928890759545284,-0.12518235445771575,-0.008360807441109896,0.9999998502425812
tsf__return__minimum__60,return_1,OPPORTUNITY_ENTRY,131,302,DESCRIBED,-1.0,0.08531936643100967,-0.0416598741514242,0.010796743136063623,0.529587182843884,0.165,-0.11964550279991272,0.028610622088236115,151.0,69.0,-0.00027060921093192926,-0.035667001753450736,0.0013180942138926793,56.0,69.0,0.06254173410543204,,33.0,0.0,,,62.0,0.0,-0.010797794708133024,-0.04173144655508709,-0.012053264287981369,0.9999998502425812
tsf__return__minimum__60,return_3,OPPORTUNITY_ENTRY,129,296,DESCRIBED,-1.0,0.046941385450297586,-0.0368891958129436,0.06850502274231088,0.755257799173605,0.317,-0.15702038578176086,0.08710060466613263,145.0,69.0,-0.003937590980237625,-0.019609633211062107,-0.0011099507095834182,54.0,69.0,0.23288477111210135,,31.0,0.0,,,60.0,0.0,-0.02563254993917008,-0.05076505265394626,-0.018820726472883464,0.9999998502425812
tsf__return__minimum__60,return_5,OPPORTUNITY_ENTRY,127,290,DESCRIBED,-1.0,0.04382206313112677,-0.04092292205508279,0.07828679745669205,0.7560326220884425,0.299,-0.1963799908936448,0.09604288567061416,141.0,69.0,-0.006353101255090936,-0.005018615250981302,-0.002234851145418406,52.0,69.0,0.2882818234285904,,31.0,0.0,,,58.0,0.0,-0.03129524626772473,-0.03690807291033393,-0.01896953657795941,0.9999998502425812
tsf__return__minimum__60,return_10,OPPORTUNITY_ENTRY,122,275,DESCRIBED,1.0,0.007639108618745188,0.07424036234624877,-0.11807103084157988,0.16767698939244619,0.736,-0.10230069226515551,0.2560342173271126,69.0,131.0,0.014116413168722572,0.046410748037896146,0.012282671159362834,69.0,47.0,-0.43954423314842606,,0.0,31.0,,,0.0,53.0,-0.042167157692470925,-0.06383021307732051,-0.02223214754065772,0.9368857792959101
tsf__return__minimum__60,adverse_5,RISK_CONTEXT,127,290,DESCRIBED,1.0,0.1716471356196546,-0.13703036214398975,0.04845053305402377,0.9860994488441588,0.106,-0.3144034218685736,0.044587924702985664,69.0,141.0,-0.013967775297808089,-0.08460037388152125,-0.006260275929514066,69.0,52.0,0.11625354389257829,,0.0,31.0,,,0.0,58.0,-0.029543141141253892,-0.06723728793010642,0.01342566747511742,0.9999998502425812
tsf__return__minimum__60,range_5,RISK_CONTEXT,127,290,DESCRIBED,1.0,0.6577420552286374,-0.21842171311802566,-0.03883624841166261,0.9972852813253067,0.119,-0.4930806846126788,0.09040085185204683,69.0,141.0,-0.00840363695321138,-0.2155611090518371,-0.004253592631810632,69.0,52.0,-0.16983559597640865,,0.0,31.0,,,0.0,58.0,0.04464928140065061,-0.010294744831212732,0.12660492721088756,0.9999998502425812
tsf__return__minimum__60,persistence_3,CONFIRMATION,129,296,DESCRIBED,-1.0,0.058078848127561804,-0.08475591798214815,-0.02396711040778837,0.9097701566990095,0.098,-0.1885452959951631,0.020360720978154126,145.0,69.0,-0.09698484091287685,-0.099729931180346,-0.07863660762211477,54.0,69.0,0.1343607831912806,,31.0,0.0,,,60.0,0.0,-0.015426541065807653,-0.12518235445771575,-0.012080711761383256,0.9999998502425812
tsf__range__sum_values__20,return_1,OPPORTUNITY_ENTRY,172,302,DESCRIBED,1.0,0.04655119960278987,-0.04152226906381137,0.05002994193943168,0.46369247324858287,0.19,-0.12148934840174297,0.0444805653451774,175.0,29.0,0.002122340926661446,-0.0033602007107908153,0.0019172228301270351,35.0,29.0,-0.11065265277624417,,96.0,0.0,0.04027753367829053,,44.0,0.0,-0.0024466542165053617,-0.0454003542628052,0.0020655533147730942,0.9999998502425812
tsf__range__sum_values__20,return_3,OPPORTUNITY_ENTRY,170,296,DESCRIBED,1.0,0.20399559356367122,-0.1315835175111817,0.07375912121674832,0.8076235553462355,0.057,-0.2763804258630263,0.0035218094105374602,168.0,32.0,-0.004619482063327346,-0.029771847359365992,-0.001110141454304157,34.0,32.0,-0.20468269722211177,,92.0,0.0,0.16947696295811507,,42.0,0.0,-0.02012589291069178,-0.07918668498525605,0.0058863918907366974,0.9999998502425812
tsf__range__sum_values__20,return_5,OPPORTUNITY_ENTRY,168,290,DESCRIBED,1.0,0.27236874991035115,-0.16195797817453159,0.0866641163062745,0.8635100832899474,0.042,-0.31075046184169114,-0.008594197686032552,166.0,36.0,-0.007578608761071011,0.011629621384106784,-0.0020321362840965314,34.0,36.0,-0.22450028539546427,,90.0,0.0,0.1897015051014425,,42.0,0.0,-0.028124776164078158,-0.07216042174312598,0.005068381027467317,0.9999998502425812
tsf__range__sum_values__20,return_10,OPPORTUNITY_ENTRY,163,275,DESCRIBED,1.0,0.37327479129595986,-0.19665178380897497,0.1433045786330458,0.9190396971374811,0.04,-0.381961996244281,-0.00814101861291842,158.0,44.0,-0.016696120605184328,-0.006548183369376599,-0.009947697685937826,34.0,44.0,-0.18786138713018596,,83.0,0.0,0.34617398859091486,,41.0,0.0,-0.038939777640394135,-0.09319165103283211,-0.02357865535911685,0.9999998502425812
tsf__range__sum_values__20,adverse_5,RISK_CONTEXT,168,290,DESCRIBED,-1.0,0.07890017064443682,-0.375873965979365,-0.045549026578281505,0.999811589926021,0.0,-0.506382216009634,-0.22385648440915235,36.0,166.0,-0.02236517136681796,-0.2991752621835492,-0.016504262473528486,36.0,34.0,-0.19060516388164456,,0.0,90.0,-0.12961589899823422,,0.0,42.0,0.059648043237466086,-0.0606576011806943,0.0797148463924654,0.9999998502425812
tsf__range__sum_values__20,range_5,RISK_CONTEXT,168,290,DESCRIBED,1.0,0.3763293362556375,0.5624415337006942,0.257125284609149,6.276861840831823e-11,1.0,0.33652699241770045,0.727748758207267,166.0,36.0,0.014990931392232081,0.5473733722120799,0.011843063918572134,34.0,36.0,-0.10905310859603994,,90.0,0.0,0.6611591434758922,,42.0,0.0,0.30646965468701537,0.05281824097993837,0.13784067639851816,6.016130656674193e-09
tsf__range__sum_values__20,persistence_3,CONFIRMATION,170,296,DESCRIBED,1.0,0.11243615897740251,-0.12993809124850822,-0.020107164174960782,0.8722196697412414,0.036,-0.24919621547288703,-0.012622996840356083,168.0,32.0,-0.008928571428571397,-0.04695485200739751,-0.030637254901960786,34.0,32.0,-0.18007477220218387,,92.0,0.0,0.127007712375282,,42.0,0.0,-0.010238502517943227,-0.12987534037315185,0.010280775298217804,0.9999998502425812
tsf__range__median__20,return_1,OPPORTUNITY_ENTRY,172,302,DESCRIBED,1.0,0.0011075379514134754,-0.012922969715476603,0.06463298196665282,0.4566132539307347,0.391,-0.10276322624692726,0.06849993299832305,195.0,29.0,0.00022599777133958934,-0.008667673351212544,0.0011369601794794825,44.0,29.0,-0.055518145773250704,,103.0,0.0,-0.0003280710484226419,,48.0,0.0,-0.0016910362871445095,-0.0454003542628052,0.0042148538455736295,0.9999998502425812
tsf__range__median__20,return_3,OPPORTUNITY_ENTRY,170,296,DESCRIBED,1.0,0.1246633758175167,-0.11640260240703172,0.06972241887496124,0.8168489826024945,0.076,-0.2687299640663472,0.02150329531926717,193.0,29.0,-0.0033903613180601678,-0.027039424111567862,-0.0014873697290290703,44.0,29.0,-0.17054267203441525,,101.0,0.0,0.0008829324503134071,,48.0,0.0,-0.0045270043988339115,-0.07918668498525605,0.018831947243134417,0.9999998502425812
tsf__range__median__20,return_5,OPPORTUNITY_ENTRY,168,290,DESCRIBED,1.0,0.13821782340986286,-0.15968715449039397,0.06427326414558211,0.8830091955460294,0.044,-0.3102387552832157,-0.008790774805019613,191.0,29.0,-0.004237522035357089,0.0015465704574509707,-0.00034670504230694017,44.0,29.0,-0.22215141074239306,,99.0,0.0,-0.053665699061781626,,48.0,0.0,-0.007152521183843907,-0.07216042174312598,0.018913686494382298,0.9999998502425812
tsf__range__median__20,return_10,OPPORTUNITY_ENTRY,163,275,DESCRIBED,1.0,0.22341902196416505,-0.18009833174205023,0.12657395920487002,0.9285984262116898,0.054,-0.376392363445804,0.005130896556488277,186.0,46.0,-0.015119853153940916,-0.042419663555961044,-0.008845781052397979,44.0,46.0,-0.13241168734683834,,94.0,0.0,-0.01472843652414013,,48.0,0.0,-0.017230193789956383,-0.09319165103283211,-0.00592918928978059,0.9999998502425812
tsf__range__median__20,adverse_5,RISK_CONTEXT,168,290,DESCRIBED,1.0,0.0409353948783569,0.36364739304291094,0.05379841738246918,0.00022192482274466626,1.0,0.20427870622270344,0.4956624020221759,191.0,29.0,0.02244729637673982,0.30881811673789544,0.017429562085683963,44.0,29.0,0.14233794372818973,,99.0,0.0,0.31558838394299765,,48.0,0.0,0.15944875187396346,-0.0606576011806943,0.17684905958088337,0.006583769741425098
tsf__range__median__20,range_5,RISK_CONTEXT,168,290,DESCRIBED,1.0,0.5626624715607069,0.5937483109400388,0.28342138637098885,1.9512190027491186e-11,0.999,0.3656347825416505,0.7530013506349494,191.0,29.0,0.01623182908490628,0.6168174302429787,0.014057165740413899,44.0,29.0,-0.017468865653016852,,99.0,0.0,0.7616440451606378,,48.0,0.0,0.45711713505530127,0.05281824097993837,0.31194704582133015,3.039023596781752e-09
tsf__range__median__20,persistence_3,CONFIRMATION,170,296,DESCRIBED,1.0,0.08917459972599358,-0.10025603207622073,-0.006342397867821596,0.8824759378650641,0.09,-0.22538907958425208,0.018736422048904834,193.0,29.0,-0.06979929724257039,-0.05556973736397174,-0.07105538140020895,44.0,29.0,-0.11299841326555563,,101.0,0.0,0.033117976875662786,,48.0,0.0,-0.002833126284890408,-0.12987534037315185,0.011824318120161381,0.9999998502425812
tsf__range__mean__20,return_1,OPPORTUNITY_ENTRY,172,302,DESCRIBED,1.0,0.04655119960278987,-0.04152226906381137,0.05002994193943168,0.46369247324858287,0.206,-0.12219516791541657,0.041528060050443974,175.0,29.0,0.002122340926661446,-0.0033602007107908153,0.0019172228301270351,35.0,29.0,-0.11065265277624417,,96.0,0.0,0.04027753367829053,,44.0,0.0,-0.0024466542165053617,-0.0454003542628052,0.0020655533147730942,0.9999998502425812
tsf__range__mean__20,return_3,OPPORTUNITY_ENTRY,170,296,DESCRIBED,1.0,0.20399559356367122,-0.1315835175111817,0.07375912121674832,0.8076235553462355,0.074,-0.2711895873694941,0.015806311615983074,168.0,32.0,-0.004619482063327346,-0.029771847359365992,-0.001110141454304157,34.0,32.0,-0.20468269722211177,,92.0,0.0,0.16947696295811507,,42.0,0.0,-0.02012589291069178,-0.07918668498525605,0.0058863918907366974,0.9999998502425812
tsf__range__mean__20,return_5,OPPORTUNITY_ENTRY,168,290,DESCRIBED,1.0,0.27236874991035115,-0.16195797817453159,0.0866641163062745,0.8635100832899474,0.05,-0.3299034846032829,-0.0020132578680884835,166.0,36.0,-0.007578608761071011,0.011629621384106784,-0.0020321362840965314,34.0,36.0,-0.22450028539546427,,90.0,0.0,0.1897015051014425,,42.0,0.0,-0.028124776164078158,-0.07216042174312598,0.005068381027467317,0.9999998502425812
tsf__range__mean__20,return_10,OPPORTUNITY_ENTRY,163,275,DESCRIBED,1.0,0.37327479129595986,-0.19665178380897497,0.1433045786330458,0.9190396971374811,0.046,-0.38974449942071726,-0.007346957281290894,158.0,44.0,-0.016696120605184328,-0.006548183369376599,-0.009947697685937826,34.0,44.0,-0.18786138713018596,,83.0,0.0,0.34617398859091486,,41.0,0.0,-0.038939777640394135,-0.09319165103283211,-0.02357865535911685,0.9999998502425812
tsf__range__mean__20,adverse_5,RISK_CONTEXT,168,290,DESCRIBED,-1.0,0.07890017064443682,-0.375873965979365,-0.045549026578281505,0.999811589926021,0.0,-0.5183765056057045,-0.20977373778978223,36.0,166.0,-0.02236517136681796,-0.2991752621835492,-0.016504262473528486,36.0,34.0,-0.19060516388164456,,0.0,90.0,-0.12961589899823422,,0.0,42.0,0.05964804323746631,-0.0606576011806943,0.0797148463924654,0.9999998502425812
tsf__range__mean__20,range_5,RISK_CONTEXT,168,290,DESCRIBED,1.0,0.3763293362556375,0.5624415337006942,0.257125284609149,6.276861840831823e-11,0.999,0.3352034044130308,0.7258681045771709,166.0,36.0,0.014990931392232081,0.5473733722120799,0.011843063918572134,34.0,36.0,-0.10905310859603994,,90.0,0.0,0.6611591434758922,,42.0,0.0,0.30646965468701537,0.05281824097993837,0.13784067639851816,6.016130656674193e-09
tsf__range__mean__20,persistence_3,CONFIRMATION,170,296,DESCRIBED,1.0,0.11243615897740251,-0.12993809124850822,-0.020107164174960782,0.8722196697412414,0.035,-0.24580500953879528,-0.009801437357897347,168.0,32.0,-0.008928571428571397,-0.04695485200739751,-0.030637254901960786,34.0,32.0,-0.18007477220218387,,92.0,0.0,0.127007712375282,,42.0,0.0,-0.010238502517943227,-0.12987534037315185,0.010280775298217915,0.9999998502425812
tsf__range__length__20,return_1,OPPORTUNITY_ENTRY,172,302,INSUFFICIENT_OR_CONSTANT,,,,,,,,,,,,,,,,,,,,,,,,,,,
tsf__range__length__20,return_3,OPPORTUNITY_ENTRY,170,296,INSUFFICIENT_OR_CONSTANT,,,,,,,,,,,,,,,,,,,,,,,,,,,
tsf__range__length__20,return_5,OPPORTUNITY_ENTRY,168,290,INSUFFICIENT_OR_CONSTANT,,,,,,,,,,,,,,,,,,,,,,,,,,,
tsf__range__length__20,return_10,OPPORTUNITY_ENTRY,163,275,INSUFFICIENT_OR_CONSTANT,,,,,,,,,,,,,,,,,,,,,,,,,,,
tsf__range__length__20,adverse_5,RISK_CONTEXT,168,290,INSUFFICIENT_OR_CONSTANT,,,,,,,,,,,,,,,,,,,,,,,,,,,
tsf__range__length__20,range_5,RISK_CONTEXT,168,290,INSUFFICIENT_OR_CONSTANT,,,,,,,,,,,,,,,,,,,,,,,,,,,
tsf__range__length__20,persistence_3,CONFIRMATION,170,296,INSUFFICIENT_OR_CONSTANT,,,,,,,,,,,,,,,,,,,,,,,,,,,
tsf__range__standard_deviation__20,return_1,OPPORTUNITY_ENTRY,172,302,DESCRIBED,1.0,0.028470556607892154,-0.022126265424304556,0.03495593448368181,0.29412799782909127,0.303,-0.09204728741810027,0.04851658662161768,10.0,17.0,-0.003184677363725793,-0.07765485183497282,-0.007178730720784152,10.0,14.0,-0.08629809934540517,,0.0,0.0,0.11687161874400102,,0.0,3.0,-0.004098698672246215,-0.0454003542628052,-0.03170520937322774,0.9999998502425812
tsf__range__standard_deviation__20,return_3,OPPORTUNITY_ENTRY,170,296,DESCRIBED,1.0,0.17270719905538726,-0.0618322570409142,0.03220153898119999,0.6335989341835857,0.183,-0.1673516371926659,0.050654580575819376,0.0,15.0,,-0.1096547723336894,,0.0,14.0,-0.07564216983370164,,0.0,0.0,0.11672063409727154,,0.0,1.0,-0.023864095926572126,-0.07918668498525605,-0.054385877009620165,0.9999998502425812
tsf__range__standard_deviation__20,return_5,OPPORTUNITY_ENTRY,168,290,DESCRIBED,1.0,0.25085749538171254,-0.07562782827380907,0.0699016061120084,0.7652314394108147,0.173,-0.20594236479852732,0.06682048042004765,0.0,14.0,,-0.03040058619559882,,0.0,14.0,-0.1342197226715859,,0.0,0.0,0.06995773699171574,,0.0,0.0,-0.0329143899718638,-0.07216042174312598,-0.0640770215748041,0.9999998502425812
tsf__range__standard_deviation__20,return_10,OPPORTUNITY_ENTRY,163,275,DESCRIBED,1.0,0.3242668447535599,-0.1311999918318462,0.06721156342863738,0.8840094602401658,0.125,-0.3040620424184982,0.05092310208074547,0.0,14.0,,0.020028425598555714,,0.0,14.0,-0.2630640455603627,,0.0,0.0,0.1122085626576083,,0.0,0.0,-0.03736834535009326,-0.09319165103283211,-0.07299209196109047,0.9999998502425812
tsf__range__standard_deviation__20,adverse_5,RISK_CONTEXT,168,290,DESCRIBED,-1.0,0.08484818934844453,-0.1958399086475182,-0.0010497480186528931,0.9982134264323971,0.015,-0.3240430019353467,-0.052719428217339825,14.0,0.0,,-0.2302143322709196,,14.0,0.0,-0.19880228828125923,,0.0,0.0,-0.07320367706424344,,0.0,0.0,-0.026763181892679677,-0.0606576011806943,-0.03024231072799277,0.9999998502425812
tsf__range__standard_deviation__20,range_5,RISK_CONTEXT,168,290,DESCRIBED,1.0,0.31906854085573577,0.2686565721633668,-0.031323919961326364,0.0007668587861892269,0.981,0.048459708913659055,0.451673405354964,0.0,14.0,,0.19930188678974944,,0.0,14.0,0.17956631807747328,,0.0,0.0,0.5396298086289837,,0.0,0.0,0.002634142427583197,0.05281824097993837,0.1340104009055465,0.01647424219985822
tsf__range__standard_deviation__20,persistence_3,CONFIRMATION,170,296,DESCRIBED,1.0,0.07626312830821791,-0.05827854301580253,0.006480748853630209,0.6060472141173666,0.168,-0.14201648379935866,0.03762071272115879,0.0,15.0,,-0.08083091039159673,,0.0,14.0,-0.1088083277463312,,0.0,0.0,0.14926264214733112,,0.0,1.0,-0.013749457722814995,-0.12987534037315185,-0.05028218958850328,0.9999998502425812
tsf__range__variance__20,return_1,OPPORTUNITY_ENTRY,172,302,DESCRIBED,1.0,0.028470556607892154,-0.022126265424304556,0.03495593448368181,0.29412799782909127,0.307,-0.08870610328205224,0.04896501928588741,10.0,17.0,-0.003184677363725793,-0.07765485183497282,-0.007178730720784152,10.0,14.0,-0.08629809934540517,,0.0,0.0,0.11687161874400102,,0.0,3.0,-0.007274088906782383,-0.0454003542628052,-0.022158967794132067,0.9999998502425812
tsf__range__variance__20,return_3,OPPORTUNITY_ENTRY,170,296,DESCRIBED,1.0,0.17270719905538726,-0.0618322570409142,0.03220153898119999,0.6335989341835857,0.201,-0.1623050611026426,0.05147035992527483,0.0,15.0,,-0.1096547723336894,,0.0,14.0,-0.07564216983370164,,0.0,0.0,0.11672063409727154,,0.0,1.0,-0.03026686768561193,-0.07918668498525605,-0.04652802182915128,0.9999998502425812
tsf__range__variance__20,return_5,OPPORTUNITY_ENTRY,168,290,DESCRIBED,1.0,0.25085749538171254,-0.07562782827380907,0.0699016061120084,0.7652314394108147,0.179,-0.2037006965187332,0.0597184328196162,0.0,14.0,,-0.03040058619559882,,0.0,14.0,-0.1342197226715859,,0.0,0.0,0.06995773699171574,,0.0,0.0,-0.04286093361660592,-0.07216042174312598,-0.06302807139681232,0.9999998502425812
tsf__range__variance__20,return_10,OPPORTUNITY_ENTRY,163,275,DESCRIBED,1.0,0.3242668447535599,-0.1311999918318462,0.06721156342863738,0.8840094602401658,0.149,-0.30528806747128023,0.07796247975048318,0.0,14.0,,0.020028425598555714,,0.0,14.0,-0.2630640455603627,,0.0,0.0,0.1122085626576083,,0.0,0.0,-0.05121197583344217,-0.09319165103283211,-0.07448593583664964,0.9999998502425812
tsf__range__variance__20,adverse_5,RISK_CONTEXT,168,290,DESCRIBED,-1.0,0.08484818934844453,-0.1958399086475182,-0.0010497480186528931,0.9982134264323971,0.007,-0.3210466726856872,-0.059241656891888476,14.0,0.0,,-0.2302143322709196,,14.0,0.0,-0.19880228828125923,,0.0,0.0,-0.07320367706424344,,0.0,0.0,-0.02506746324410991,-0.0606576011806943,0.004264862189576779,0.9999998502425812
tsf__range__variance__20,range_5,RISK_CONTEXT,168,290,DESCRIBED,1.0,0.31906854085573577,0.2686565721633668,-0.031323919961326364,0.0007668587861892269,0.978,0.04539072666888827,0.45943529562866625,0.0,14.0,,0.19930188678974944,,0.0,14.0,0.17956631807747328,,0.0,0.0,0.5396298086289837,,0.0,0.0,-0.0016648664316500916,0.05281824097993837,0.19957167989014535,0.01647424219985822
tsf__range__variance__20,persistence_3,CONFIRMATION,170,296,DESCRIBED,1.0,0.07626312830821791,-0.05827854301580253,0.006480748853630209,0.6060472141173666,0.167,-0.1454133219270228,0.03776258719890996,0.0,15.0,,-0.08083091039159673,,0.0,14.0,-0.1088083277463312,,0.0,0.0,0.14926264214733112,,0.0,1.0,-0.016728523875722878,-0.12987534037315185,-0.04132299449607757,0.9999998502425812
tsf__range__root_mean_square__20,return_1,OPPORTUNITY_ENTRY,172,302,DESCRIBED,1.0,0.03478869951317239,-0.04309858133262373,0.06485692022591624,0.3512556824321086,0.193,-0.12640018671911066,0.03902420975421957,121.0,21.0,7.776957078316378e-05,-0.00946528559215382,0.0003275809327971098,22.0,21.0,-0.09680818371472132,,65.0,0.0,0.042031967212897835,,34.0,0.0,-0.0029664993832638764,-0.0454003542628052,-0.008221300380780505,0.9999998502425812
tsf__range__root_mean_square__20,return_3,OPPORTUNITY_ENTRY,170,296,DESCRIBED,1.0,0.20299901563640008,-0.13303755317707058,0.09558202270066676,0.7679458095306229,0.05,-0.26174835543638303,-0.0009084897096822491,76.0,21.0,-0.011649631045089984,-0.032206965246568416,-0.020841257580291407,20.0,21.0,-0.1901907950535691,,27.0,0.0,0.17502641227745905,,29.0,0.0,-0.02375568433954367,-0.07918668498525605,-0.020943371297837965,0.9999998502425812
tsf__range__root_mean_square__20,return_5,OPPORTUNITY_ENTRY,168,290,DESCRIBED,1.0,0.27805438239444863,-0.16241786378854006,0.10254589111109197,0.8375310172891812,0.031,-0.3063909088672805,-0.022558135500733153,76.0,21.0,-0.01792322523047595,0.012664924321061288,-0.03183888005153235,20.0,21.0,-0.22020140207616798,,27.0,0.0,0.19438070517465317,,29.0,0.0,-0.032508561703329386,-0.07216042174312598,-0.027539892293421353,0.9999998502425812
tsf__range__root_mean_square__20,return_10,OPPORTUNITY_ENTRY,163,275,DESCRIBED,1.0,0.36895064221875673,-0.19209411826119088,0.17230951213179077,0.8894036524035146,0.038,-0.38247824845352213,-0.019346129393168376,54.0,23.0,-0.006888162348654756,0.011961238466473505,-0.04495522736456994,19.0,23.0,-0.18082944298741382,,10.0,0.0,0.3309665460252751,,25.0,0.0,-0.04048287901051073,-0.09319165103283211,-0.0500706576491492,0.9999998502425812
tsf__range__root_mean_square__20,adverse_5,RISK_CONTEXT,168,290,DESCRIBED,-1.0,0.07896219509995848,-0.35153155929003604,-0.023980850155666287,0.9996788197930928,0.0,-0.4858845419653427,-0.19460308942306034,21.0,76.0,-0.029267907947871215,-0.28098181914221965,-0.027022371870369148,21.0,20.0,-0.184017248239702,,0.0,27.0,-0.11208041301576957,,0.0,29.0,0.021660882437766316,-0.0606576011806943,-0.04190445648274044,0.9999998502425812
tsf__range__root_mean_square__20,range_5,RISK_CONTEXT,168,290,DESCRIBED,1.0,0.3687671149670229,0.5027654538269255,0.17734935550096745,1.4503963379625599e-08,0.998,0.2538899152958287,0.6967840511990548,76.0,21.0,0.01346904934439757,0.509724632323853,0.0060018140051328085,20.0,21.0,-0.10624924417302219,,27.0,0.0,0.6384035531809843,,29.0,0.0,0.18934523024306338,0.05281824097993837,-0.03447436951280891,1.0630551982949114e-06
tsf__range__root_mean_square__20,persistence_3,CONFIRMATION,170,296,DESCRIBED,1.0,0.10232625092040218,-0.12825433739911757,0.01037030867539342,0.8100846711804625,0.032,-0.2367418809126374,-0.011757701603231332,76.0,21.0,-0.0703842940685045,-0.04088940909578517,-0.18968253968253967,20.0,21.0,-0.16210777455466777,,27.0,0.0,0.13234653160754933,,29.0,0.0,-0.012238092466881012,-0.12987534037315185,-0.005398920582042388,0.9999998502425812
tsf__range__maximum__20,return_1,OPPORTUNITY_ENTRY,172,302,DESCRIBED,1.0,0.03863601830902601,-0.03851877522058852,0.020915789847449687,0.6330766218675818,0.222,-0.11843552536455854,0.04136599397914462,20.0,14.0,-0.003808932423443177,-0.024029422762691145,-0.003808932423443177,20.0,14.0,-0.09968636267681158,,0.0,0.0,-0.0077353608335870945,,0.0,0.0,-0.00547954165295006,-0.0454003542628052,-0.03662389890068085,0.9999998502425812
tsf__range__maximum__20,return_3,OPPORTUNITY_ENTRY,170,296,DESCRIBED,1.0,0.19972451509911682,-0.12859483915241757,-0.03858974536940638,0.9444199584237299,0.044,-0.2427247869205572,-0.005530023426907101,20.0,14.0,-0.024627893312423373,-0.09525555382402683,-0.024627893312423373,20.0,14.0,-0.12679079117120967,,0.0,0.0,-0.03135534487756565,,0.0,0.0,-0.03849297054414591,-0.07918668498525605,-0.0919843277767809,0.9999998502425812
tsf__range__maximum__20,return_5,OPPORTUNITY_ENTRY,168,290,DESCRIBED,1.0,0.27886481662792395,-0.14166237521193017,-0.03057406480293546,0.9574746703591255,0.055,-0.2755378364292552,0.0040423775960944895,20.0,14.0,-0.03922791335851995,-0.025752212326403415,-0.03922791335851995,20.0,14.0,-0.17382843658791441,,0.0,0.0,-0.07659432352569677,,0.0,0.0,-0.05111816872122943,-0.07216042174312598,-0.10966414312941208,0.9999998502425812
tsf__range__maximum__20,return_10,OPPORTUNITY_ENTRY,163,275,DESCRIBED,1.0,0.3614226842052833,-0.19752304416894584,0.006213323331698451,0.9558232665153721,0.046,-0.36226282813266164,-0.006194942646395955,20.0,14.0,-0.05531363940782315,0.015404727854302289,-0.05531363940782315,20.0,14.0,-0.30728186977119476,,0.0,0.0,-0.028750286813186088,,0.0,0.0,-0.051096255056504614,-0.09319165103283211,-0.10662782946863691,0.9999998502425812
tsf__range__maximum__20,adverse_5,RISK_CONTEXT,168,290,DESCRIBED,-1.0,0.07865089284031378,-0.2990982709705644,-0.06329953490775035,0.9996741674006019,0.0,-0.43175365332099813,-0.13913053555936084,14.0,20.0,-0.03161335572735431,-0.2562973321665153,-0.03161335572735431,14.0,20.0,-0.17212964361156194,,0.0,0.0,-0.3183585290677005,,0.0,0.0,-0.028043654834990273,-0.0606576011806943,-0.11144815773787942,0.9999998502425812
tsf__range__maximum__20,range_5,RISK_CONTEXT,168,290,DESCRIBED,1.0,0.3936003073950382,0.43108992614173713,-0.047633269656328685,0.001430792237851058,0.997,0.1877644243831913,0.6276708859742095,20.0,14.0,0.0077721891158911115,0.337101536962759,0.0077721891158911115,20.0,14.0,0.13410308100097426,,0.0,0.0,0.7762128652268936,,0.0,0.0,0.030539774794643315,0.05281824097993837,0.03370349503227854,0.028754308521974487
tsf__range__maximum__20,persistence_3,CONFIRMATION,170,296,DESCRIBED,1.0,0.0955419601912818,-0.11772664026228453,-0.056693827880268555,0.9385178003225938,0.035,-0.22091634278900443,-0.009287487265271841,20.0,14.0,-0.22142857142857142,-0.08541676462636871,-0.22142857142857142,20.0,14.0,-0.12094137920417142,,0.0,0.0,0.017685177360416693,,0.0,0.0,-0.020748567027787823,-0.12987534037315185,-0.0628048198270239,0.9999998502425812
tsf__range__absolute_maximum__20,return_1,OPPORTUNITY_ENTRY,172,302,DESCRIBED,1.0,0.03863601830902601,-0.03851877522058852,0.020915789847449687,0.6330766218675818,0.207,-0.1107966451386733,0.0418479280762424,20.0,14.0,-0.003808932423443177,-0.024029422762691145,-0.003808932423443177,20.0,14.0,-0.09968636267681158,,0.0,0.0,-0.0077353608335870945,,0.0,0.0,-0.00547954165295006,-0.0454003542628052,-0.03662389890068085,0.9999998502425812
tsf__range__absolute_maximum__20,return_3,OPPORTUNITY_ENTRY,170,296,DESCRIBED,1.0,0.19972451509911682,-0.12859483915241757,-0.03858974536940638,0.9444199584237299,0.057,-0.23145272995412605,0.003193316774280542,20.0,14.0,-0.024627893312423373,-0.09525555382402683,-0.024627893312423373,20.0,14.0,-0.12679079117120967,,0.0,0.0,-0.03135534487756565,,0.0,0.0,-0.03849297054414591,-0.07918668498525605,-0.0919843277767809,0.9999998502425812
tsf__range__absolute_maximum__20,return_5,OPPORTUNITY_ENTRY,168,290,DESCRIBED,1.0,0.27886481662792395,-0.14166237521193017,-0.03057406480293546,0.9574746703591255,0.069,-0.2812056504025215,0.015634561724333293,20.0,14.0,-0.03922791335851995,-0.025752212326403415,-0.03922791335851995,20.0,14.0,-0.17382843658791441,,0.0,0.0,-0.07659432352569677,,0.0,0.0,-0.05111816872122943,-0.07216042174312598,-0.10966414312941208,0.9999998502425812
tsf__range__absolute_maximum__20,return_10,OPPORTUNITY_ENTRY,163,275,DESCRIBED,1.0,0.3614226842052833,-0.19752304416894584,0.006213323331698451,0.9558232665153721,0.055,-0.3507627338025117,0.005158049342881253,20.0,14.0,-0.05531363940782315,0.015404727854302289,-0.05531363940782315,20.0,14.0,-0.30728186977119476,,0.0,0.0,-0.028750286813186088,,0.0,0.0,-0.051096255056504614,-0.09319165103283211,-0.10662782946863691,0.9999998502425812
tsf__range__absolute_maximum__20,adverse_5,RISK_CONTEXT,168,290,DESCRIBED,-1.0,0.07865089284031378,-0.2990982709705644,-0.06329953490775035,0.9996741674006019,0.0,-0.43377414732862973,-0.15076502493844524,14.0,20.0,-0.03161335572735431,-0.2562973321665153,-0.03161335572735431,14.0,20.0,-0.17212964361156194,,0.0,0.0,-0.3183585290677005,,0.0,0.0,-0.028043654834990273,-0.0606576011806943,-0.11144815773787942,0.9999998502425812
tsf__range__absolute_maximum__20,range_5,RISK_CONTEXT,168,290,DESCRIBED,1.0,0.3936003073950382,0.43108992614173713,-0.047633269656328685,0.001430792237851058,0.997,0.18719309775043458,0.630161417424563,20.0,14.0,0.0077721891158911115,0.337101536962759,0.0077721891158911115,20.0,14.0,0.13410308100097426,,0.0,0.0,0.7762128652268936,,0.0,0.0,0.030539774794643315,0.05281824097993837,0.03370349503227854,0.028754308521974487
tsf__range__absolute_maximum__20,persistence_3,CONFIRMATION,170,296,DESCRIBED,1.0,0.0955419601912818,-0.11772664026228453,-0.056693827880268555,0.9385178003225938,0.05,-0.21636959004168355,-0.0002847699225516844,20.0,14.0,-0.22142857142857142,-0.08541676462636871,-0.22142857142857142,20.0,14.0,-0.12094137920417142,,0.0,0.0,0.017685177360416693,,0.0,0.0,-0.020748567027787823,-0.12987534037315185,-0.0628048198270239,0.9999998502425812
tsf__range__minimum__20,return_1,OPPORTUNITY_ENTRY,172,302,DESCRIBED,-1.0,0.006342861820266106,0.010610977279742934,-0.02879719667639027,0.44347109254515027,0.615,-0.06111398519544007,0.08226253949881418,32.0,219.0,-0.001120563687409897,0.012334401036547855,-0.002009635023555377,32.0,42.0,,,0.0,115.0,,,0.0,62.0,-0.005501348211408574,-0.0454003542628052,-0.0005490905330312046,0.9999998502425812
tsf__range__minimum__20,return_3,OPPORTUNITY_ENTRY,170,296,DESCRIBED,1.0,0.12111821362039364,-0.031167432814128534,0.04991786856193635,0.8098986491893971,0.316,-0.13802897893573243,0.08611522323497903,215.0,32.0,-0.0032945738002625275,0.013018468051651227,-0.0021897023591800104,42.0,32.0,,,113.0,0.0,,,60.0,0.0,-0.01773909843422472,-0.07918668498525605,-0.01089053888685454,0.9999998502425812
tsf__range__minimum__20,return_5,OPPORTUNITY_ENTRY,168,290,DESCRIBED,1.0,0.13933962149514353,-0.06687034842995046,0.02836435383421263,0.8710017998702384,0.198,-0.21418390759677286,0.057635965955162335,211.0,32.0,-0.006762654031327465,0.0036859369862405874,-0.006890043619686333,42.0,32.0,,,111.0,0.0,,,58.0,0.0,-0.021013165607492557,-0.07216042174312598,-0.015004266666553079,0.9999998502425812
tsf__range__minimum__20,return_10,OPPORTUNITY_ENTRY,163,275,DESCRIBED,1.0,0.22502888933501888,-0.09296704877834952,0.05862035140359481,0.9051236854088576,0.194,-0.27569455763868445,0.09326194738631388,201.0,32.0,-0.01524514502228577,0.0005513466457924848,-0.015153035027101905,42.0,32.0,,,106.0,0.0,,,53.0,0.0,-0.03189422814909615,-0.09319165103283211,-0.03619308016412792,0.9999998502425812
tsf__range__minimum__20,adverse_5,RISK_CONTEXT,168,290,DESCRIBED,-1.0,0.000851611553614904,-0.26932190286634267,-0.08121388954151326,0.9999643147093322,0.012,-0.4114664094665537,-0.08276547189950123,32.0,211.0,-0.02241079288726182,-0.2842303444777651,-0.019717774499995983,32.0,42.0,,,0.0,111.0,,,0.0,58.0,0.0746517490409182,-0.0606576011806943,0.07447019232439733,0.9999998502425812
tsf__range__minimum__20,range_5,RISK_CONTEXT,168,290,DESCRIBED,1.0,0.42896747909672756,0.5234826903427032,0.3610471402546507,2.2408169020822797e-12,0.998,0.24129940850128612,0.71012530044616,211.0,32.0,0.016426741415765462,0.5793852306435766,0.014877245018119812,42.0,32.0,,,111.0,0.0,,,58.0,0.0,0.38169011285436705,0.05281824097993837,0.233181118615282,5.584115719989042e-10
tsf__range__minimum__20,persistence_3,CONFIRMATION,170,296,DESCRIBED,1.0,0.0788294067028989,-0.07456953434888693,-0.03469417028739062,0.8949805899061497,0.146,-0.17675156549202142,0.0398265532761542,215.0,32.0,-0.06506782945736433,-0.052734548299232575,-0.06994047619047628,42.0,32.0,,,113.0,0.0,,,60.0,0.0,-0.010857313395223,-0.12987534037315185,-0.024137437991015087,0.9999998502425812
tsf__range__sum_values__60,return_1,OPPORTUNITY_ENTRY,132,302,DESCRIBED,-1.0,0.07872004595005234,0.03917695604672906,-0.00816655778358633,0.3429250278871417,0.815,-0.03284420624782805,0.11859609817129464,65.0,230.0,0.00016362429356394075,0.018538580102711342,-0.0013558624428341116,65.0,53.0,0.0880718959381928,,0.0,115.0,,,0.0,62.0,-0.00851037165898294,-0.04167903413558394,-0.007238969356030633,0.9999998502425812
tsf__range__sum_values__60,return_3,OPPORTUNITY_ENTRY,130,296,DESCRIBED,-1.0,0.059375789482255595,0.13512040987651017,-0.02409158002378341,0.09522690008803136,0.973,0.017224671072148978,0.2604628432658904,65.0,224.0,0.006145638787325814,0.054396805094466295,0.0031174200564995473,65.0,51.0,0.21139156419609278,,0.0,113.0,,,0.0,60.0,-0.0189970870595233,-0.050350448205190634,-0.003937142855473752,0.7324241821585622
tsf__range__sum_values__60,return_5,OPPORTUNITY_ENTRY,128,290,DESCRIBED,-1.0,0.03588575614695422,0.17510671682740914,-0.022774390281404797,0.08813408271093454,0.98,0.0470989236055604,0.3121850043500073,65.0,218.0,0.009832507133951951,0.05715357913208659,0.005164868652668141,65.0,49.0,0.28953434554357543,,0.0,111.0,,,0.0,58.0,-0.03382026181551656,-0.0361983809290809,-0.00874539857315848,0.7094454175211733
tsf__range__sum_values__60,return_10,OPPORTUNITY_ENTRY,123,275,DESCRIBED,1.0,0.04430528729316264,-0.24128844596037458,0.062044949655232114,0.9404259831327404,0.005,-0.3829848513701357,-0.08395564015632755,203.0,66.0,-0.018886186015046706,-0.12033327687218622,-0.014182777330543763,44.0,66.0,-0.37889219889805753,,106.0,0.0,,,53.0,0.0,-0.07863004623019498,-0.06356163079817723,-0.07490359777393829,0.9999998502425812
tsf__range__sum_values__60,adverse_5,RISK_CONTEXT,128,290,DESCRIBED,1.0,0.08609315585032783,0.2667410512443502,0.012235579495594479,0.0005205261587873907,0.998,0.1166401505028428,0.3982088257989868,218.0,65.0,0.0179245859674503,0.19198327451993938,0.010598009923515214,49.0,65.0,0.11599176130694959,,111.0,0.0,,,58.0,0.0,0.12365137890708833,-0.06703855871079001,0.07880380495468997,0.012472607574020939
tsf__range__sum_values__60,range_5,RISK_CONTEXT,128,290,DESCRIBED,1.0,0.370290468778612,0.33538382893186797,0.16304896814960693,1.1104167157397013e-05,0.959,0.016216842686412804,0.5786513422237528,218.0,65.0,0.01160923854473029,0.3539085910093347,0.0073404700991535135,49.0,65.0,-0.3794575145047679,,111.0,0.0,,,58.0,0.0,0.22325919937436078,-0.009924793441471014,0.06521846864746428,0.00041926643267020235
tsf__range__sum_values__60,persistence_3,CONFIRMATION,130,296,DESCRIBED,-1.0,0.0066837224441478,0.13718291825500042,0.06822785805836652,0.04323084874567215,0.991,0.03253265108868014,0.24463571586175956,65.0,224.0,0.10679945054945061,0.09685379351918694,0.09200603318250378,65.0,51.0,0.12221475564102915,,0.0,113.0,,,0.0,60.0,-0.0076913536284941575,-0.12502772720757038,0.0011749023690212912,0.47250559243076756
tsf__range__median__60,return_1,OPPORTUNITY_ENTRY,132,302,DESCRIBED,-1.0,0.1015778665222431,0.022906752028115554,-0.011187545895906615,0.3618515787816359,0.7,-0.04698625150943,0.0869411090612512,64.0,222.0,0.00022509676544020573,0.023838114389787668,-0.00021531956555384058,64.0,45.0,,,0.0,115.0,,,0.0,62.0,-0.012160577198303768,-0.04167903413558394,-0.007766793498679592,0.9999998502425812
tsf__range__median__60,return_3,OPPORTUNITY_ENTRY,130,296,DESCRIBED,-1.0,0.08442279560317588,0.10156459755924106,-0.027587834367495383,0.12389085271672867,0.942,-0.004621760369876461,0.2189563561509207,64.0,216.0,0.0060413603878345535,0.055703402805081986,0.005000678729401209,64.0,43.0,,,0.0,113.0,,,0.0,60.0,-0.027658391440392283,-0.050350448205190634,-0.011718015802013149,0.8344216350542915
tsf__range__median__60,return_5,OPPORTUNITY_ENTRY,128,290,DESCRIBED,-1.0,0.08410132774533856,0.14304199055765487,-0.020235018580318516,0.1112178627608853,0.966,0.0100187023481576,0.2933883697972878,65.0,210.0,0.011002955711883894,0.06940068032057192,0.010249090445727579,65.0,41.0,,,0.0,111.0,,,0.0,58.0,-0.050262888793966676,-0.0361983809290809,-0.025840467119086608,0.7962582430790917
tsf__range__median__60,return_10,OPPORTUNITY_ENTRY,123,275,DESCRIBED,-1.0,0.041590231724392225,0.187474751710112,-0.04245520902455209,0.06562777848221449,0.982,0.041813069421364736,0.34904977553350086,66.0,195.0,0.022514795058624797,0.05436128613851538,0.03279254105336887,66.0,36.0,,,0.0,106.0,,,0.0,53.0,-0.11271803605450481,-0.06356163079817723,-0.12676003061834695,0.6176559223392641
tsf__range__median__60,adverse_5,RISK_CONTEXT,128,290,DESCRIBED,1.0,0.17820406410976544,0.29668883795330897,0.015814120550041392,0.0005811806321123361,1.0,0.15656883076605163,0.4211782335944023,210.0,65.0,0.01861596693325422,0.2785430689957732,0.012709653691011374,41.0,65.0,,,111.0,0.0,,,58.0,0.0,0.13217845118428662,-0.06703855871079001,0.09831225043107483,0.013410204955777237
tsf__range__median__60,range_5,RISK_CONTEXT,128,290,DESCRIBED,1.0,0.6807744926186586,0.4438552657719811,0.16717563167547606,9.865694141949777e-06,0.989,0.13508464200246914,0.6549465155999886,210.0,65.0,0.01177736391259204,0.4897735694557529,0.0073686696036987034,41.0,65.0,,,111.0,0.0,,,58.0,0.0,0.2672579487960933,-0.009924793441471014,0.12068192801027777,0.00039653725486675555
tsf__range__median__60,persistence_3,CONFIRMATION,130,296,DESCRIBED,-1.0,0.028265762987645496,0.12026602588242594,0.05587621519824909,0.04742271187788496,0.98,0.02226093568878487,0.22428074032138898,64.0,216.0,0.11072530864197538,0.1010137998857955,0.13154069767441878,64.0,43.0,,,0.0,113.0,,,0.0,60.0,-0.0162209192855145,-0.12502772720757038,-0.015492068397745529,0.5050316153832877
tsf__range__mean__60,return_1,OPPORTUNITY_ENTRY,132,302,DESCRIBED,-1.0,0.07872004595005234,0.03917695604672906,-0.00816655778358633,0.3429250278871417,0.797,-0.03834695051764792,0.11176812632023678,65.0,230.0,0.00016362429356394075,0.018538580102711342,-0.0013558624428341116,65.0,53.0,0.0880718959381928,,0.0,115.0,,,0.0,62.0,-0.00851037165898294,-0.04167903413558394,-0.007238969356030633,0.9999998502425812
tsf__range__mean__60,return_3,OPPORTUNITY_ENTRY,130,296,DESCRIBED,-1.0,0.059375789482255595,0.13512040987651017,-0.02409158002378341,0.09522690008803136,0.966,0.01606710435650904,0.25388176256892575,65.0,224.0,0.006145638787325814,0.054396805094466295,0.0031174200564995473,65.0,51.0,0.21139156419609278,,0.0,113.0,,,0.0,60.0,-0.0189970870595233,-0.050350448205190634,-0.003937142855473752,0.7324241821585622
tsf__range__mean__60,return_5,OPPORTUNITY_ENTRY,128,290,DESCRIBED,-1.0,0.03588575614695422,0.17510671682740914,-0.022774390281404797,0.08813408271093454,0.988,0.040098629052688246,0.31039176923541567,65.0,218.0,0.009832507133951951,0.05715357913208659,0.005164868652668141,65.0,49.0,0.28953434554357543,,0.0,111.0,,,0.0,58.0,-0.03382026181551656,-0.0361983809290809,-0.00874539857315848,0.7094454175211733
tsf__range__mean__60,return_10,OPPORTUNITY_ENTRY,123,275,DESCRIBED,1.0,0.04430528729316264,-0.24128844596037458,0.062044949655232114,0.9404259831327404,0.007,-0.39775663523571775,-0.09559011047437321,203.0,66.0,-0.018886186015046706,-0.12033327687218622,-0.014182777330543763,44.0,66.0,-0.37889219889805753,,106.0,0.0,,,53.0,0.0,-0.07863004623019498,-0.06356163079817723,-0.07490359777393851,0.9999998502425812
tsf__range__mean__60,adverse_5,RISK_CONTEXT,128,290,DESCRIBED,1.0,0.08609315585032783,0.2667410512443502,0.012235579495594479,0.0005205261587873907,0.996,0.1310226622637728,0.39754093102896737,218.0,65.0,0.0179245859674503,0.19198327451993938,0.010598009923515214,49.0,65.0,0.11599176130694959,,111.0,0.0,,,58.0,0.0,0.12365137890708833,-0.06703855871079001,0.07880380495468997,0.012472607574020939
tsf__range__mean__60,range_5,RISK_CONTEXT,128,290,DESCRIBED,1.0,0.370290468778612,0.33538382893186797,0.16304896814960693,1.1104167157397013e-05,0.955,0.024815490933326936,0.5804353751723923,218.0,65.0,0.01160923854473029,0.3539085910093347,0.0073404700991535135,49.0,65.0,-0.3794575145047679,,111.0,0.0,,,58.0,0.0,0.223259199374361,-0.009924793441471014,0.06521846864746406,0.00041926643267020235
tsf__range__mean__60,persistence_3,CONFIRMATION,130,296,DESCRIBED,-1.0,0.0066837224441478,0.13718291825500042,0.06822785805836652,0.04323084874567215,0.979,0.028027684985190093,0.24138842687434733,65.0,224.0,0.10679945054945061,0.09685379351918694,0.09200603318250378,65.0,51.0,0.12221475564102915,,0.0,113.0,,,0.0,60.0,-0.0076913536284941575,-0.12502772720757038,0.0011749023690212912,0.47250559243076756
tsf__range__length__60,return_1,OPPORTUNITY_ENTRY,132,302,INSUFFICIENT_OR_CONSTANT,,,,,,,,,,,,,,,,,,,,,,,,,,,
tsf__range__length__60,return_3,OPPORTUNITY_ENTRY,130,296,INSUFFICIENT_OR_CONSTANT,,,,,,,,,,,,,,,,,,,,,,,,,,,
tsf__range__length__60,return_5,OPPORTUNITY_ENTRY,128,290,INSUFFICIENT_OR_CONSTANT,,,,,,,,,,,,,,,,,,,,,,,,,,,
tsf__range__length__60,return_10,OPPORTUNITY_ENTRY,123,275,INSUFFICIENT_OR_CONSTANT,,,,,,,,,,,,,,,,,,,,,,,,,,,
tsf__range__length__60,adverse_5,RISK_CONTEXT,128,290,INSUFFICIENT_OR_CONSTANT,,,,,,,,,,,,,,,,,,,,,,,,,,,
tsf__range__length__60,range_5,RISK_CONTEXT,128,290,INSUFFICIENT_OR_CONSTANT,,,,,,,,,,,,,,,,,,,,,,,,,,,
tsf__range__length__60,persistence_3,CONFIRMATION,130,296,INSUFFICIENT_OR_CONSTANT,,,,,,,,,,,,,,,,,,,,,,,,,,,
tsf__range__standard_deviation__60,return_1,OPPORTUNITY_ENTRY,132,302,DESCRIBED,-1.0,0.007999060778936815,0.00887150162140972,-0.02630686381656581,0.48062428746283026,0.602,-0.060956210959764126,0.08023329805123523,41.0,2.0,0.0015128718135633884,0.038162313980830524,0.0015128718135633884,41.0,2.0,-0.0033205561352274583,,0.0,0.0,-0.14048353820665785,,0.0,0.0,-0.0022463311046772017,-0.04167903413558394,-0.004755562721650453,0.9999998502425812
tsf__range__standard_deviation__60,return_3,OPPORTUNITY_ENTRY,130,296,DESCRIBED,-1.0,0.05557672217913611,0.009478014469412438,-0.06837592600304464,0.2389934979209396,0.571,-0.11732392621430042,0.14430429895457483,36.0,2.0,0.005005277934012068,0.09974385243473446,0.005005277934012068,36.0,2.0,-0.10286519145894336,,0.0,0.0,-0.2569712373170222,,0.0,0.0,-0.010807272186910799,-0.050350448205190634,-0.01381866582161062,0.9999998502425812
tsf__range__standard_deviation__60,return_5,OPPORTUNITY_ENTRY,128,290,DESCRIBED,-1.0,0.062392345602015925,0.034478392422334206,-0.06574296057479054,0.21181152348847565,0.622,-0.11662783561036517,0.20568948453283917,36.0,2.0,-1.7877683652599285e-05,0.11343177397931485,-1.7877683652599285e-05,36.0,2.0,-0.06625337553782966,,0.0,0.0,-0.3296823146373062,,0.0,0.0,-0.011852572426372276,-0.0361983809290809,-0.015368381287873323,0.9999998502425812
tsf__range__standard_deviation__60,return_10,OPPORTUNITY_ENTRY,123,275,DESCRIBED,-1.0,0.14536584108173692,0.10458114298113677,-0.11269438273563948,0.1804791491834044,0.836,-0.06497495678868091,0.2919868849193122,36.0,3.0,0.005241129129989582,0.12148544390788184,0.008040970834721453,36.0,2.0,0.03328299064237042,,0.0,1.0,-0.44954154064351676,,0.0,0.0,-0.00656922869820753,-0.06356163079817723,-0.010924080480371634,0.9736689694781411
tsf__range__standard_deviation__60,adverse_5,RISK_CONTEXT,128,290,DESCRIBED,-1.0,0.03427412038921794,-0.12157813095551023,-0.05168858869534305,0.9997976770251534,0.101,-0.2833345556930101,0.051232315186090796,36.0,2.0,0.005813049734059253,-0.23311997248433836,0.005813049734059253,36.0,2.0,-0.013901874232246456,,0.0,0.0,0.5644780893790001,,0.0,0.0,-0.021337481315928386,-0.06703855871079001,-0.015387686685077062,0.9999998502425812
tsf__range__standard_deviation__60,range_5,RISK_CONTEXT,128,290,DESCRIBED,-1.0,0.3341077641457608,-0.19169807526697505,-0.18185291472980736,0.9999996601047069,0.152,-0.4757191050793878,0.15290466677939224,36.0,2.0,0.005429952521483466,-0.3493109653469182,0.005429952521483466,36.0,2.0,-0.08828040115805799,,0.0,0.0,0.7206051767072398,,0.0,0.0,-0.023653367321252672,-0.009924793441471014,0.0105093159782923,0.9999998502425812
tsf__range__standard_deviation__60,persistence_3,CONFIRMATION,130,296,DESCRIBED,1.0,0.025750487532058396,-0.06475836484720476,-0.041722770536329855,0.8529860324689198,0.147,-0.16761359622345104,0.04510465872031748,2.0,36.0,-0.11111111111111105,-0.12216886514888627,-0.11111111111111105,2.0,36.0,0.01456391469939432,,0.0,0.0,0.1815192393293877,,0.0,0.0,-0.006409092811514805,-0.12502772720757038,-0.007366812026684988,0.9999998502425812
tsf__range__variance__60,return_1,OPPORTUNITY_ENTRY,132,302,DESCRIBED,-1.0,0.007999060778936815,0.00887150162140972,-0.02630686381656581,0.48062428746283026,0.613,-0.06104880506870337,0.07920884994937469,41.0,2.0,0.0015128718135633884,0.038162313980830524,0.0015128718135633884,41.0,2.0,-0.0033205561352274583,,0.0,0.0,-0.14048353820665785,,0.0,0.0,-0.0032066964671277898,-0.04167903413558394,-0.006094500396042868,0.9999998502425812
tsf__range__variance__60,return_3,OPPORTUNITY_ENTRY,130,296,DESCRIBED,-1.0,0.05557672217913611,0.009478014469412438,-0.06837592600304464,0.2389934979209396,0.56,-0.12265693963602076,0.14689087410613397,36.0,2.0,0.005005277934012068,0.09974385243473446,0.005005277934012068,36.0,2.0,-0.10286519145894336,,0.0,0.0,-0.2569712373170222,,0.0,0.0,-0.011636078729682309,-0.050350448205190634,-0.015300016691703222,0.9999998502425812
tsf__range__variance__60,return_5,OPPORTUNITY_ENTRY,128,290,DESCRIBED,-1.0,0.062392345602015925,0.034478392422334206,-0.06574296057479054,0.21181152348847565,0.628,-0.11412963420859912,0.19366400086413751,36.0,2.0,-1.7877683652599285e-05,0.11343177397931485,-1.7877683652599285e-05,36.0,2.0,-0.06625337553782966,,0.0,0.0,-0.3296823146373062,,0.0,0.0,-0.012317252782380939,-0.0361983809290809,-0.016588637970974762,0.9999998502425812
tsf__range__variance__60,return_10,OPPORTUNITY_ENTRY,123,275,DESCRIBED,-1.0,0.14536584108173692,0.10458114298113677,-0.11269438273563948,0.1804791491834044,0.828,-0.06979109007601161,0.2859791702172331,36.0,3.0,0.005241129129989582,0.12148544390788184,0.008040970834721453,36.0,2.0,0.03328299064237042,,0.0,1.0,-0.44954154064351676,,0.0,0.0,-0.005111739875464316,-0.06356163079817723,-0.011987408891263485,0.9736689694781411
tsf__range__variance__60,adverse_5,RISK_CONTEXT,128,290,DESCRIBED,-1.0,0.03427412038921794,-0.12157813095551023,-0.05168858869534305,0.9997976770251534,0.123,-0.28042111862797586,0.050677680980561655,36.0,2.0,0.005813049734059253,-0.23311997248433836,0.005813049734059253,36.0,2.0,-0.013901874232246456,,0.0,0.0,0.5644780893790001,,0.0,0.0,-0.016746766180745887,-0.06703855871079001,-0.01010865507983616,0.9999998502425812
tsf__range__variance__60,range_5,RISK_CONTEXT,128,290,DESCRIBED,-1.0,0.3341077641457608,-0.19169807526697505,-0.18185291472980736,0.9999996601047069,0.159,-0.47548939883908947,0.15230724818959596,36.0,2.0,0.005429952521483466,-0.3493109653469182,0.005429952521483466,36.0,2.0,-0.08828040115805799,,0.0,0.0,0.7206051767072398,,0.0,0.0,0.012042182324511819,-0.009924793441471014,0.038074243864503976,0.9999998502425812
tsf__range__variance__60,persistence_3,CONFIRMATION,130,296,DESCRIBED,1.0,0.025750487532058396,-0.06475836484720476,-0.041722770536329855,0.8529860324689198,0.184,-0.1668713133110282,0.04625380658240127,2.0,36.0,-0.11111111111111105,-0.12216886514888627,-0.11111111111111105,2.0,36.0,0.01456391469939432,,0.0,0.0,0.1815192393293877,,0.0,0.0,-0.007475990019545797,-0.12502772720757038,-0.00979004135916206,0.9999998502425812
tsf__range__root_mean_square__60,return_1,OPPORTUNITY_ENTRY,132,302,DESCRIBED,1.0,0.0007879048777687274,-0.0883427649337458,-0.008466739613610655,0.7903100003128811,0.014,-0.16198441608576977,-0.01968155103199766,217.0,60.0,-0.0004434928948818947,-0.019168713606290404,-0.0011710294787097193,40.0,60.0,-0.19382226984556528,,115.0,0.0,0.3146281298151101,,62.0,0.0,-0.0031540158765615,-0.04167903413558394,0.0012920187625433677,0.9999998502425812
tsf__range__root_mean_square__60,return_3,OPPORTUNITY_ENTRY,130,296,DESCRIBED,-1.0,0.026555234642868956,0.18587414861836185,0.019803162176043526,0.04576010847932443,0.995,0.07485629031407481,0.2964329083727502,60.0,211.0,0.006176903220549583,0.05193891826494226,0.010409171417034967,60.0,38.0,0.2750716191099468,,0.0,113.0,-0.3472867376543335,,0.0,60.0,-0.01275513260618899,-0.050350448205190634,0.0035312742193839286,0.4937596311638114
tsf__range__root_mean_square__60,return_5,OPPORTUNITY_ENTRY,128,290,DESCRIBED,-1.0,0.011977178698066526,0.24937393844272243,0.0396687647686163,0.03991923380383544,1.0,0.11643637392108427,0.3713006240189132,60.0,205.0,0.012304355688582812,0.06553682009306727,0.02005608999987003,60.0,36.0,0.3748782448459113,,0.0,111.0,-0.42704982868602864,,0.0,58.0,-0.017825780766331123,-0.0361983809290809,0.007052206919699988,0.4688124091455364
tsf__range__root_mean_square__60,return_10,OPPORTUNITY_ENTRY,123,275,DESCRIBED,-1.0,0.033922243255027,0.3153567954850253,0.03555985112951156,0.024853846836525407,0.997,0.1519360772350871,0.47910019866501297,60.0,190.0,0.02468525898305433,0.12620616745848895,0.03983430323255015,60.0,31.0,0.4424868385863498,,0.0,106.0,-0.5063700831295038,,0.0,53.0,-0.03431162599966653,-0.06356163079817723,-0.012383349363846552,0.3259778227190595
tsf__range__root_mean_square__60,adverse_5,RISK_CONTEXT,128,290,DESCRIBED,-1.0,0.07283000145503463,-0.2839313482284279,-0.041795322507832515,0.999194692587685,0.003,-0.41487984657687715,-0.1416460668149417,60.0,205.0,-0.01828478922318824,-0.13583215957677472,-0.013245031430886395,60.0,36.0,-0.1869037140886461,,0.0,111.0,0.43400194962068356,,0.0,58.0,0.053234167060051574,-0.06703855871079001,0.012450956210063757,0.9999998502425812
tsf__range__root_mean_square__60,range_5,RISK_CONTEXT,128,290,DESCRIBED,-1.0,0.28518128547885,-0.22963856003861513,-0.10139404667159517,0.9997980156105812,0.102,-0.4802460582324345,0.07996496899769062,60.0,205.0,-0.01124149424029839,-0.283639227892489,-0.0038044973256516727,60.0,36.0,0.5056586632213809,,0.0,111.0,0.36587116446106555,,0.0,58.0,0.0032084745520036817,-0.009924793441471014,-0.0825624612566378,0.9999998502425812
tsf__range__root_mean_square__60,persistence_3,CONFIRMATION,130,296,DESCRIBED,1.0,0.03674912586650705,-0.18466283348221546,-0.09299546079207095,0.977352899114635,0.004,-0.2858456348526575,-0.0757731265623557,211.0,60.0,-0.11200631911532366,-0.11227878037897344,-0.15087719298245605,38.0,60.0,-0.2495824591843051,,113.0,0.0,0.2959137764689717,,60.0,0.0,-0.005863045118815524,-0.12502772720757038,0.008135365373229453,0.9999998502425812
tsf__range__maximum__60,return_1,OPPORTUNITY_ENTRY,132,302,DESCRIBED,1.0,0.004515705322741065,-0.02237301720035568,-0.014693443118266196,0.45362112014377576,0.292,-0.0849340302054212,0.042501338030855366,62.0,69.0,0.00021608170721304108,-0.05837421482419515,-0.0014319108628834268,43.0,69.0,-0.009169401610115825,,19.0,0.0,,,0.0,0.0,-0.0020753781325979492,-0.04167903413558394,-0.007116713819197873,0.9999998502425812
tsf__range__maximum__60,return_3,OPPORTUNITY_ENTRY,130,296,DESCRIBED,-1.0,0.07318651102826446,0.03285437670139762,-0.007928113012858774,0.5334436811775067,0.66,-0.09372119038272861,0.1570604605055236,69.0,60.0,0.0021949769753424,0.09027585415674502,0.009519159560616051,69.0,41.0,-0.12187051419482046,,0.0,19.0,,,0.0,0.0,-0.014936457309154827,-0.050350448205190634,-0.024185817216719085,0.9999998502425812
tsf__range__maximum__60,return_5,OPPORTUNITY_ENTRY,128,290,DESCRIBED,-1.0,0.09795822492399905,0.04779743972425329,-0.010752598230902742,0.5113293817028008,0.7,-0.1024607470464146,0.19878191545206325,69.0,58.0,0.004183861588781958,0.10632999261766468,0.016501297928993373,69.0,39.0,-0.15899891414720757,,0.0,19.0,,,0.0,0.0,-0.019403996754858266,-0.0361983809290809,-0.029727317778228235,0.9999998502425812
tsf__range__maximum__60,return_10,OPPORTUNITY_ENTRY,123,275,DESCRIBED,-1.0,0.1679693935810776,0.0887837919463967,0.009790254176163412,0.497071198410817,0.814,-0.06711701531765582,0.25130945751625827,69.0,53.0,0.011000726177654952,0.1320226985300521,0.034282882758474,69.0,34.0,-0.1684037217164684,,0.0,19.0,,,0.0,0.0,-0.0158738021601057,-0.06356163079817723,-0.029690541439060025,0.9999998502425812
tsf__range__maximum__60,adverse_5,RISK_CONTEXT,128,290,DESCRIBED,-1.0,0.0010637401893859443,-0.14085879777374996,0.02150495044633357,0.5377845781430977,0.091,-0.30985328931112016,0.03530126335965094,69.0,58.0,-0.009959865275241113,-0.12152286266021883,-0.008992048451775016,69.0,39.0,-0.007838026225290952,,0.0,19.0,,,0.0,0.0,-0.019590567663356095,-0.06703855871079001,-0.02115344537746644,0.9999998502425812
tsf__range__maximum__60,range_5,RISK_CONTEXT,128,290,DESCRIBED,-1.0,0.33368597213591966,-0.22720176991927543,0.0009429773038426386,0.5095926000621432,0.118,-0.5099777880881874,0.08859849733292034,69.0,58.0,-0.005994489365499043,-0.16321721674120632,-0.0007228200942507451,69.0,39.0,-0.23887160810848082,,0.0,19.0,,,0.0,0.0,-0.02272864015037168,-0.009924793441471014,-0.0013626884887834034,0.9999998502425812
tsf__range__maximum__60,persistence_3,CONFIRMATION,130,296,DESCRIBED,1.0,0.014269859372870139,-0.08992499050205298,-0.03290532443074816,0.7380787720237305,0.101,-0.19487777943306672,0.01983229154969505,60.0,69.0,-0.10579710144927523,-0.14099788150095094,-0.140214445622717,41.0,69.0,0.018189486653903707,,19.0,0.0,,,0.0,0.0,-0.007596701478636003,-0.12502772720757038,-0.012267546452809475,0.9999998502425812
tsf__range__absolute_maximum__60,return_1,OPPORTUNITY_ENTRY,132,302,DESCRIBED,1.0,0.004515705322741065,-0.02237301720035568,-0.014693443118266196,0.45362112014377576,0.29,-0.08719765535360716,0.04746646847787625,62.0,69.0,0.00021608170721304108,-0.05837421482419515,-0.0014319108628834268,43.0,69.0,-0.009169401610115825,,19.0,0.0,,,0.0,0.0,-0.0020753781325979492,-0.04167903413558394,-0.007116713819197873,0.9999998502425812
tsf__range__absolute_maximum__60,return_3,OPPORTUNITY_ENTRY,130,296,DESCRIBED,-1.0,0.07318651102826446,0.03285437670139762,-0.007928113012858774,0.5334436811775067,0.664,-0.08014935289415816,0.16159640704879608,69.0,60.0,0.0021949769753424,0.09027585415674502,0.009519159560616051,69.0,41.0,-0.12187051419482046,,0.0,19.0,,,0.0,0.0,-0.014936457309154827,-0.050350448205190634,-0.024185817216719085,0.9999998502425812
tsf__range__absolute_maximum__60,return_5,OPPORTUNITY_ENTRY,128,290,DESCRIBED,-1.0,0.09795822492399905,0.04779743972425329,-0.010752598230902742,0.5113293817028008,0.701,-0.10545616209915849,0.1989397541614421,69.0,58.0,0.004183861588781958,0.10632999261766468,0.016501297928993373,69.0,39.0,-0.15899891414720757,,0.0,19.0,,,0.0,0.0,-0.019403996754858266,-0.0361983809290809,-0.029727317778228235,0.9999998502425812
tsf__range__absolute_maximum__60,return_10,OPPORTUNITY_ENTRY,123,275,DESCRIBED,-1.0,0.1679693935810776,0.0887837919463967,0.009790254176163412,0.497071198410817,0.822,-0.07947937784311421,0.2621846513035566,69.0,53.0,0.011000726177654952,0.1320226985300521,0.034282882758474,69.0,34.0,-0.1684037217164684,,0.0,19.0,,,0.0,0.0,-0.0158738021601057,-0.06356163079817723,-0.029690541439060025,0.9999998502425812
tsf__range__absolute_maximum__60,adverse_5,RISK_CONTEXT,128,290,DESCRIBED,-1.0,0.0010637401893859443,-0.14085879777374996,0.02150495044633357,0.5377845781430977,0.102,-0.3083716597608053,0.04291182337809387,69.0,58.0,-0.009959865275241113,-0.12152286266021883,-0.008992048451775016,69.0,39.0,-0.007838026225290952,,0.0,19.0,,,0.0,0.0,-0.019590567663356095,-0.06703855871079001,-0.02115344537746644,0.9999998502425812
tsf__range__absolute_maximum__60,range_5,RISK_CONTEXT,128,290,DESCRIBED,-1.0,0.33368597213591966,-0.22720176991927543,0.0009429773038426386,0.5095926000621432,0.134,-0.5308257970153363,0.07661443463070747,69.0,58.0,-0.005994489365499043,-0.16321721674120632,-0.0007228200942507451,69.0,39.0,-0.23887160810848082,,0.0,19.0,,,0.0,0.0,-0.02272864015037168,-0.009924793441471014,-0.0013626884887834034,0.9999998502425812
tsf__range__absolute_maximum__60,persistence_3,CONFIRMATION,130,296,DESCRIBED,1.0,0.014269859372870139,-0.08992499050205298,-0.03290532443074816,0.7380787720237305,0.072,-0.193641853388778,0.016442455161036103,60.0,69.0,-0.10579710144927523,-0.14099788150095094,-0.140214445622717,41.0,69.0,0.018189486653903707,,19.0,0.0,,,0.0,0.0,-0.007596701478636003,-0.12502772720757038,-0.012267546452809475,0.9999998502425812
tsf__range__minimum__60,return_1,OPPORTUNITY_ENTRY,132,302,DESCRIBED,-1.0,0.07560210912639694,0.0012562827973700398,-0.05566325262479385,0.6062692764567805,0.526,-0.06438226975491868,0.06978581701566777,51.0,230.0,-0.0005562156618281807,0.0013566718895901906,-0.002075702398226233,51.0,53.0,,,0.0,115.0,,,0.0,62.0,-0.010511095382119029,-0.04167903413558394,-0.009388619921185448,0.9999998502425812
tsf__range__minimum__60,return_3,OPPORTUNITY_ENTRY,130,296,DESCRIBED,-1.0,0.10231254776566705,0.03952839971108523,-0.09637835061563875,0.25684342552886447,0.706,-0.07509902527311434,0.15051397215707815,51.0,224.0,0.003000163360892311,-0.010863661870541401,-2.8055369933955784e-05,51.0,51.0,,,0.0,113.0,,,0.0,60.0,-0.03884980091901369,-0.050350448205190634,-0.034310845592505856,0.9999998502425812
tsf__range__minimum__60,return_5,OPPORTUNITY_ENTRY,128,290,DESCRIBED,-1.0,0.13175014732903473,0.06302044038912628,-0.11486585391355263,0.2617561842696195,0.806,-0.06985873451278313,0.1939500148778133,51.0,218.0,0.004694168356492471,-0.04018137707502618,2.6529875208661582e-05,51.0,49.0,,,0.0,111.0,,,0.0,58.0,-0.06316351722230906,-0.0361983809290809,-0.05669326958378984,0.9999998502425812
tsf__range__minimum__60,return_10,OPPORTUNITY_ENTRY,123,275,DESCRIBED,-1.0,0.0775458045176433,0.11557192824767278,-0.15047863593087332,0.15935825240685902,0.866,-0.05171132055753607,0.2854014821546612,51.0,203.0,0.012484857922087828,-0.03157578677585364,0.007781449237584885,51.0,44.0,,,0.0,106.0,,,0.0,53.0,-0.09743656960369407,-0.06356163079817723,-0.10604761428838261,0.9138605709580289
tsf__range__minimum__60,adverse_5,RISK_CONTEXT,128,290,DESCRIBED,1.0,0.23270493415780902,0.23432812258433341,-0.0021538654565985654,0.0006994868734111753,0.994,0.07915487059192058,0.3802494139696724,218.0,51.0,0.017882362667149508,0.1490039069767253,0.010555786623214424,49.0,51.0,,,111.0,0.0,,,58.0,0.0,0.08206862741767074,-0.06703855871079001,0.06233775847286549,0.015563582933398651
tsf__range__minimum__60,range_5,RISK_CONTEXT,128,290,DESCRIBED,1.0,0.392290108009739,0.460449881344899,0.21990904808003375,5.2258649518542296e-08,0.996,0.20296500909392098,0.6723416965525504,218.0,51.0,0.012975339483902119,0.36461842161454877,0.008706571038325343,49.0,51.0,,,111.0,0.0,,,58.0,0.0,0.3187642562294245,-0.009924793441471014,0.15107349132829684,3.427067226321247e-06
tsf__range__minimum__60,persistence_3,CONFIRMATION,130,296,DESCRIBED,-1.0,0.12009727205603656,0.0749128385251955,0.005827861760065149,0.16135579904555886,0.857,-0.03574432681737088,0.17138746873108815,51.0,224.0,0.06054505135387489,0.04896281956138996,0.04575163398692805,51.0,51.0,,,0.0,113.0,,,0.0,60.0,-0.0802812077058237,-0.12502772720757038,-0.0765077578926614,0.9138605709580289
tsf__log_amount_change__sum_values__20,return_1,OPPORTUNITY_ENTRY,171,302,DESCRIBED,-1.0,0.010272065742285766,-0.018597837646698454,-0.030535550089738687,0.7795651453078121,0.346,-0.08568884631491144,0.059526310531029775,65.0,133.0,-0.0023956738678201834,0.040564296533016436,0.0010398204720769126,18.0,79.0,0.042695978662540005,0.0016619883131722972,20.0,48.0,-0.057417841289695376,-0.006420625428273754,27.0,6.0,-0.003706051376628494,-0.0454003542628052,-0.0007042143227369291,0.9999998502425812
tsf__log_amount_change__sum_values__20,return_3,OPPORTUNITY_ENTRY,169,296,DESCRIBED,-1.0,0.14841559997965068,0.02968783150541598,0.00896643947491405,0.6310822738473312,0.678,-0.08560389571276984,0.14734636082997504,61.0,130.0,9.487759752915825e-05,0.19348686477176436,0.010324740716384876,17.0,76.0,0.025410738559749593,0.003211024984360997,20.0,48.0,0.10596985061045025,-0.002123737408445079,24.0,6.0,-0.02728220179930041,-0.07918668498525605,-0.006368347680253628,0.9999998502425812
tsf__log_amount_change__sum_values__20,return_5,OPPORTUNITY_ENTRY,167,290,DESCRIBED,-1.0,0.13296410312372972,0.05375520476183708,0.03186121775198442,0.4605222608581195,0.778,-0.05794094496681357,0.17846281337777034,62.0,130.0,0.0007059785346557011,0.2000172449786161,0.01119406724816451,18.0,76.0,0.11497458968885281,0.012064300776422277,19.0,48.0,0.13480450688034784,0.007486824308347453,25.0,6.0,-0.03275844230308911,-0.07216042174312598,-0.004792696019379594,0.9999998502425812
tsf__log_amount_change__sum_values__20,return_10,OPPORTUNITY_ENTRY,162,275,DESCRIBED,-1.0,0.2195488721831296,0.028123200056551733,0.0012954040564323015,0.5003985861849243,0.601,-0.13485614662059964,0.1913036549053086,58.0,126.0,-0.006010496592090882,0.1649110116826763,0.004836879588312297,19.0,73.0,0.2293788205603079,0.034404847413090626,18.0,47.0,-0.061398212055497704,-0.03284767004198346,21.0,6.0,-0.056214018478051964,-0.09319165103283211,-0.00999082245624594,0.9999998502425812
tsf__log_amount_change__sum_values__20,adverse_5,RISK_CONTEXT,167,290,DESCRIBED,1.0,0.0661986181600372,0.12224243510907508,0.08962269837150058,0.24220824066852664,0.902,-0.03199324934765706,0.2641884742365967,130.0,62.0,0.005503495249943022,0.3474504101426743,0.01724020767686056,76.0,18.0,0.23026019110226767,0.017130032260520206,48.0,19.0,0.0738654832221084,-0.0043695961261050395,6.0,25.0,0.0018492811070446313,-0.0606576011806943,-0.0037500086816892875,0.9999998502425812
tsf__log_amount_change__sum_values__20,range_5,RISK_CONTEXT,167,290,DESCRIBED,1.0,0.0071964504725488794,0.11937785545411767,0.025269971228490562,0.2512074341310768,0.776,-0.12592511093653092,0.34023267518740297,130.0,62.0,0.0030739333188172027,0.25010678581087936,0.007839995882026829,76.0,18.0,0.2960584709441215,0.006581072275214456,48.0,19.0,0.15871845707350543,-0.0024634845390800394,6.0,25.0,-0.018006911359388145,0.05281824097993837,-0.012520311117884653,0.9999998502425812
tsf__log_amount_change__sum_values__20,persistence_3,CONFIRMATION,169,296,DESCRIBED,-1.0,0.07947407292551004,0.000838366203132929,-0.010009393060240518,0.6053961167750632,0.5,-0.09287466030385218,0.09339353040546872,61.0,130.0,0.0016393442622952836,0.09901753357875182,0.13777089783281748,17.0,76.0,0.054235615486772686,0.03194444444444444,20.0,48.0,0.019124742608117355,-0.09722222222222215,24.0,6.0,-0.025043478104446404,-0.12987534037315185,-0.00619727055371988,0.9999998502425812
tsf__log_amount_change__median__20,return_1,OPPORTUNITY_ENTRY,171,302,DESCRIBED,1.0,0.026769198823510996,0.0064134592718834,-0.010619858051898346,0.6035572814861829,0.582,-0.055654356872798634,0.07083945949610838,39.0,155.0,0.0005898214857275124,-0.1335654245947808,-0.005280049913979101,19.0,71.0,-0.060921164210482104,0.0010568144575928131,20.0,37.0,0.1158648945071439,,0.0,47.0,-0.015083859570587554,-0.0454003542628052,-0.039642848344283665,0.9999998502425812
tsf__log_amount_change__median__20,return_3,OPPORTUNITY_ENTRY,169,296,DESCRIBED,-1.0,0.09709338710726496,0.0826513488451391,0.10567285313048025,0.30260977503865943,0.884,-0.023021746416707383,0.20278487059701328,151.0,39.0,-0.0011495238084572937,0.2883217889883533,0.012353093231073652,69.0,19.0,0.17233418558731586,0.0008940592193849503,35.0,20.0,0.014839216254915267,,47.0,0.0,-0.02117869179056253,-0.07918668498525605,-0.05670405274311707,0.9999998502425812
tsf__log_amount_change__median__20,return_5,OPPORTUNITY_ENTRY,167,290,DESCRIBED,-1.0,0.030760826056085926,0.13566644169846878,0.11167601730472829,0.2682329273408218,0.938,-0.007919293629704512,0.28230167306051357,147.0,39.0,0.0008987693049145335,0.33513972094180694,0.01804515398099807,67.0,19.0,0.26469696502452705,0.010129519324100077,33.0,20.0,0.1526671596361467,,47.0,0.0,-0.029921569567014306,-0.07216042174312598,-0.07353466244024509,0.9999998502425812
tsf__log_amount_change__median__20,return_10,OPPORTUNITY_ENTRY,162,275,DESCRIBED,-1.0,0.1088148138545039,0.13109026753926162,0.14429589452121983,0.2318477859030489,0.908,-0.0328480004052337,0.29644068114553,135.0,37.0,0.005583308683752425,0.2716207325350276,0.022866148404431158,62.0,19.0,0.4392250924963523,0.04213841571492938,30.0,18.0,-0.008624093598949598,,43.0,0.0,-0.038504798076261615,-0.09319165103283211,-0.087593912287387,0.9999998502425812
tsf__log_amount_change__median__20,adverse_5,RISK_CONTEXT,167,290,DESCRIBED,-1.0,0.10520161528045575,-0.16621652464072362,-0.15344747631178524,0.782648176363244,0.048,-0.3124594197002716,-0.004448174412855402,147.0,39.0,-0.0010991158682023515,-0.2705312801320843,-0.005237964707307145,67.0,19.0,-0.3053078453835701,-0.013495924898239378,33.0,20.0,0.028756032060726168,,47.0,0.0,-0.06380701146110823,-0.0606576011806943,-0.09581892292561456,0.9999998502425812
tsf__log_amount_change__median__20,range_5,RISK_CONTEXT,167,290,DESCRIBED,-1.0,0.30779385421599165,-0.19606736158155105,-0.24956080087876728,0.8591708268143161,0.044,-0.3793550726722141,-0.008092609181688831,147.0,39.0,-0.0004624862072672292,-0.03531277768826277,0.0012070373214256823,67.0,19.0,-0.22608597298587035,-0.003792604213335507,33.0,20.0,0.057883763713306606,,47.0,0.0,-0.0336498850259066,0.05281824097993837,-0.03450371542569619,0.9999998502425812
tsf__log_amount_change__median__20,persistence_3,CONFIRMATION,169,296,DESCRIBED,-1.0,0.05934875374686221,0.07673602055954205,0.07792815928409147,0.09693431945878633,0.917,-0.016030009298431836,0.1711330791766959,151.0,39.0,0.0743759551706571,0.2734518386337304,0.20086448004068136,69.0,19.0,0.13390075080053765,0.11904761904761907,35.0,20.0,-0.16649268079620333,,47.0,0.0,-0.014106407774963081,-0.12987534037315185,-0.05238130324765611,0.7409825892371029
tsf__log_amount_change__mean__20,return_1,OPPORTUNITY_ENTRY,171,302,DESCRIBED,-1.0,0.010272065742285766,-0.018597837646698454,-0.030535550089738687,0.7795651453078121,0.328,-0.08804716567170875,0.05467111088382465,65.0,133.0,-0.0023956738678201834,0.040564296533016436,0.0010398204720769126,18.0,79.0,0.042695978662540005,0.0016619883131722972,20.0,48.0,-0.057417841289695376,-0.006420625428273754,27.0,6.0,-0.003706051376628494,-0.0454003542628052,-0.0007042143227369291,0.9999998502425812
tsf__log_amount_change__mean__20,return_3,OPPORTUNITY_ENTRY,169,296,DESCRIBED,-1.0,0.14841559997965068,0.02968783150541598,0.00896643947491405,0.6310822738473312,0.647,-0.07639222573752058,0.14807372363052296,61.0,130.0,9.487759752915825e-05,0.19348686477176436,0.010324740716384876,17.0,76.0,0.025410738559749593,0.003211024984360997,20.0,48.0,0.10596985061045025,-0.002123737408445079,24.0,6.0,-0.02728220179930041,-0.07918668498525605,-0.006368347680253628,0.9999998502425812
tsf__log_amount_change__mean__20,return_5,OPPORTUNITY_ENTRY,167,290,DESCRIBED,-1.0,0.13296410312372972,0.05375520476183708,0.03186121775198442,0.4605222608581195,0.776,-0.06617480303340141,0.17303922539547267,62.0,130.0,0.0007059785346557011,0.2000172449786161,0.01119406724816451,18.0,76.0,0.11497458968885281,0.012064300776422277,19.0,48.0,0.13480450688034784,0.007486824308347453,25.0,6.0,-0.03275844230308911,-0.07216042174312598,-0.004792696019379594,0.9999998502425812
tsf__log_amount_change__mean__20,return_10,OPPORTUNITY_ENTRY,162,275,DESCRIBED,-1.0,0.2195488721831296,0.028123200056551733,0.0012954040564323015,0.5003985861849243,0.607,-0.11932815030794121,0.18817839271508965,58.0,126.0,-0.006010496592090882,0.1649110116826763,0.004836879588312297,19.0,73.0,0.2293788205603079,0.034404847413090626,18.0,47.0,-0.061398212055497704,-0.03284767004198346,21.0,6.0,-0.056214018478051964,-0.09319165103283211,-0.00999082245624594,0.9999998502425812
tsf__log_amount_change__mean__20,adverse_5,RISK_CONTEXT,167,290,DESCRIBED,1.0,0.0661986181600372,0.12224243510907508,0.08962269837150058,0.24220824066852664,0.918,-0.024773485155696745,0.2583890608825863,130.0,62.0,0.005503495249943022,0.3474504101426743,0.01724020767686056,76.0,18.0,0.23026019110226767,0.017130032260520206,48.0,19.0,0.0738654832221084,-0.0043695961261050395,6.0,25.0,0.0018492811070446313,-0.0606576011806943,-0.0037500086816892875,0.9999998502425812
tsf__log_amount_change__mean__20,range_5,RISK_CONTEXT,167,290,DESCRIBED,1.0,0.0071964504725488794,0.11937785545411767,0.025269971228490562,0.2512074341310768,0.777,-0.12238768827480676,0.3544471310492588,130.0,62.0,0.0030739333188172027,0.25010678581087936,0.007839995882026829,76.0,18.0,0.2960584709441215,0.006581072275214456,48.0,19.0,0.15871845707350543,-0.0024634845390800394,6.0,25.0,-0.018006911359388145,0.05281824097993837,-0.012520311117884653,0.9999998502425812
tsf__log_amount_change__mean__20,persistence_3,CONFIRMATION,169,296,DESCRIBED,-1.0,0.07947407292551004,0.000838366203132929,-0.010009393060240518,0.6053961167750632,0.495,-0.08978829212632418,0.08767634317851761,61.0,130.0,0.0016393442622952836,0.09901753357875182,0.13777089783281748,17.0,76.0,0.054235615486772686,0.03194444444444444,20.0,48.0,0.019124742608117355,-0.09722222222222215,24.0,6.0,-0.025043478104446404,-0.12987534037315185,-0.00619727055371988,0.9999998502425812
tsf__log_amount_change__length__20,return_1,OPPORTUNITY_ENTRY,171,302,INSUFFICIENT_OR_CONSTANT,,,,,,,,,,,,,,,,,,,,,,,,,,,
tsf__log_amount_change__length__20,return_3,OPPORTUNITY_ENTRY,169,296,INSUFFICIENT_OR_CONSTANT,,,,,,,,,,,,,,,,,,,,,,,,,,,
tsf__log_amount_change__length__20,return_5,OPPORTUNITY_ENTRY,167,290,INSUFFICIENT_OR_CONSTANT,,,,,,,,,,,,,,,,,,,,,,,,,,,
tsf__log_amount_change__length__20,return_10,OPPORTUNITY_ENTRY,162,275,INSUFFICIENT_OR_CONSTANT,,,,,,,,,,,,,,,,,,,,,,,,,,,
tsf__log_amount_change__length__20,adverse_5,RISK_CONTEXT,167,290,INSUFFICIENT_OR_CONSTANT,,,,,,,,,,,,,,,,,,,,,,,,,,,
tsf__log_amount_change__length__20,range_5,RISK_CONTEXT,167,290,INSUFFICIENT_OR_CONSTANT,,,,,,,,,,,,,,,,,,,,,,,,,,,
tsf__log_amount_change__length__20,persistence_3,CONFIRMATION,169,296,INSUFFICIENT_OR_CONSTANT,,,,,,,,,,,,,,,,,,,,,,,,,,,
tsf__log_amount_change__standard_deviation__20,return_1,OPPORTUNITY_ENTRY,171,302,DESCRIBED,1.0,0.03154940191944335,-0.05576024298380732,-0.0659770471997806,0.6833150696458662,0.102,-0.12841461130390988,0.010383339833259658,34.0,217.0,-0.0007127535481414836,-0.10437589341062221,-0.0019990347634357957,34.0,51.0,0.05727642814030419,,0.0,111.0,-0.09473861985108802,,0.0,55.0,-0.008269021961399226,-0.0454003542628052,-0.022611425467075064,0.9999998502425812
tsf__log_amount_change__standard_deviation__20,return_3,OPPORTUNITY_ENTRY,169,296,DESCRIBED,1.0,0.08562510177985223,-0.017573565002859285,-0.07875132451403638,0.4025078861270904,0.411,-0.1264004659054744,0.09716923572317084,34.0,210.0,0.002877293842254846,-0.18571973046331766,-0.002621261797916729,34.0,48.0,0.215652991084514,,0.0,108.0,-0.14516059663363423,,0.0,54.0,-0.012950094941875712,-0.07918668498525605,-0.03211732188718042,0.9999998502425812
tsf__log_amount_change__standard_deviation__20,return_5,OPPORTUNITY_ENTRY,167,290,DESCRIBED,1.0,0.12190780968709837,0.02121882420952315,-0.059869095167395074,0.3500820026720227,0.616,-0.1213253896165777,0.17044692801268035,34.0,206.0,0.004262262418500086,-0.14794161877516063,-0.007430487296741048,34.0,46.0,0.22940694563947792,,0.0,106.0,-0.04067107856765278,,0.0,54.0,-0.021577744592027548,-0.07216042174312598,-0.0424325993568786,0.9999998502425812
tsf__log_amount_change__standard_deviation__20,return_10,OPPORTUNITY_ENTRY,162,275,DESCRIBED,1.0,0.0746643709235248,0.078905923630528,-0.052343556158218174,0.2856307782619577,0.728,-0.12693234360917185,0.28092399864566936,34.0,195.0,0.012179633072254767,-0.19257127509876856,-0.010968149730268918,34.0,41.0,0.34692649914088,,0.0,101.0,-0.014846341848320743,,0.0,53.0,-0.012291675833769222,-0.09319165103283211,-0.023475376073813337,0.9999998502425812
tsf__log_amount_change__standard_deviation__20,adverse_5,RISK_CONTEXT,167,290,DESCRIBED,-1.0,0.1526695885612227,0.18937488529149415,0.09238496009014008,0.002499379893730339,0.946,-0.004815938503004455,0.35303153491809275,206.0,34.0,0.02038776388035645,0.11586604870046072,0.007661080376775748,46.0,34.0,0.15355197011584587,,106.0,0.0,0.20864016064606683,,54.0,0.0,0.07544004419833517,-0.0606576011806943,0.020958787673044377,0.047185262842242455
tsf__log_amount_change__standard_deviation__20,range_5,RISK_CONTEXT,167,290,DESCRIBED,-1.0,0.3605851979345956,0.41118268875244474,0.3471512023391151,3.955656822586055e-09,0.99,0.11832160413040152,0.622054627685063,206.0,34.0,0.015243692412923119,0.3762269542975645,0.008687711011232939,46.0,34.0,0.13450174165899628,,106.0,0.0,0.47226044953822344,,54.0,0.0,0.2508614805243953,0.05281824097993837,0.13802671825188462,3.285832267294816e-07
tsf__log_amount_change__standard_deviation__20,persistence_3,CONFIRMATION,169,296,DESCRIBED,1.0,0.010888183933679406,-0.024983905659332888,0.00047150386133436973,0.38568168595289615,0.368,-0.1454279531064329,0.09634850716496339,34.0,210.0,0.06181139122315604,-0.1470831481601399,-0.024101307189542398,34.0,48.0,0.1658107063834797,,0.0,108.0,-0.14184413361698445,,0.0,54.0,-0.004667887755486211,-0.12987534037315185,-0.021731114389254014,0.9999998502425812
tsf__log_amount_change__variance__20,return_1,OPPORTUNITY_ENTRY,171,302,DESCRIBED,1.0,0.03154940191944335,-0.05576024298380732,-0.0659770471997806,0.6833150696458662,0.112,-0.134689705647949,0.019263890620717088,34.0,217.0,-0.0007127535481414836,-0.10437589341062221,-0.0019990347634357957,34.0,51.0,0.05727642814030419,,0.0,111.0,-0.09473861985108802,,0.0,55.0,-0.010531160642026194,-0.0454003542628052,-0.023845835939573012,0.9999998502425812
tsf__log_amount_change__variance__20,return_3,OPPORTUNITY_ENTRY,169,296,DESCRIBED,1.0,0.08562510177985223,-0.017573565002859285,-0.07875132451403638,0.4025078861270904,0.405,-0.12651643288971287,0.09678263733214383,34.0,210.0,0.002877293842254846,-0.18571973046331766,-0.002621261797916729,34.0,48.0,0.215652991084514,,0.0,108.0,-0.14516059663363423,,0.0,54.0,-0.013882527635938224,-0.07918668498525605,-0.030129739203162087,0.9999998502425812
tsf__log_amount_change__variance__20,return_5,OPPORTUNITY_ENTRY,167,290,DESCRIBED,1.0,0.12190780968709837,0.02121882420952315,-0.059869095167395074,0.3500820026720227,0.569,-0.12948007559749541,0.15502120449107443,34.0,206.0,0.004262262418500086,-0.14794161877516063,-0.007430487296741048,34.0,46.0,0.22940694563947792,,0.0,106.0,-0.04067107856765278,,0.0,54.0,-0.02761859281894008,-0.07216042174312598,-0.05407591941387757,0.9999998502425812
tsf__log_amount_change__variance__20,return_10,OPPORTUNITY_ENTRY,162,275,DESCRIBED,1.0,0.0746643709235248,0.078905923630528,-0.052343556158218174,0.2856307782619577,0.718,-0.1388752510447742,0.26938274357560393,34.0,195.0,0.012179633072254767,-0.19257127509876856,-0.010968149730268918,34.0,41.0,0.34692649914088,,0.0,101.0,-0.014846341848320743,,0.0,53.0,-0.007989670358290901,-0.09319165103283211,-0.02238576474501852,0.9999998502425812
tsf__log_amount_change__variance__20,adverse_5,RISK_CONTEXT,167,290,DESCRIBED,-1.0,0.1526695885612227,0.18937488529149415,0.09238496009014008,0.002499379893730339,0.943,-0.009435255292261718,0.35665917344311204,206.0,34.0,0.02038776388035645,0.11586604870046072,0.007661080376775748,46.0,34.0,0.15355197011584587,,106.0,0.0,0.20864016064606683,,54.0,0.0,0.04824158635419418,-0.0606576011806943,-0.019327305732872002,0.047185262842242455
tsf__log_amount_change__variance__20,range_5,RISK_CONTEXT,167,290,DESCRIBED,-1.0,0.3605851979345956,0.41118268875244474,0.3471512023391151,3.955656822586055e-09,0.994,0.13549445727922507,0.6297374983478411,206.0,34.0,0.015243692412923119,0.3762269542975645,0.008687711011232939,46.0,34.0,0.13450174165899628,,106.0,0.0,0.47226044953822344,,54.0,0.0,0.19944667259120852,0.05281824097993837,0.09085956848919063,3.285832267294816e-07
tsf__log_amount_change__variance__20,persistence_3,CONFIRMATION,169,296,DESCRIBED,1.0,0.010888183933679406,-0.024983905659332888,0.00047150386133436973,0.38568168595289615,0.366,-0.14303096218005387,0.0962949472506606,34.0,210.0,0.06181139122315604,-0.1470831481601399,-0.024101307189542398,34.0,48.0,0.1658107063834797,,0.0,108.0,-0.14184413361698445,,0.0,54.0,-0.007947461364313124,-0.12987534037315185,-0.022470046603302762,0.9999998502425812
tsf__log_amount_change__root_mean_square__20,return_1,OPPORTUNITY_ENTRY,171,302,DESCRIBED,1.0,0.03611663115018396,-0.05615924661534987,-0.07026019316635411,0.6616861610210634,0.1,-0.1336161319939108,0.021465249157555568,34.0,211.0,-0.0007191640526695831,-0.10963250284480625,-0.002113977168789556,34.0,48.0,0.06250468865409219,,0.0,109.0,-0.10002472808168744,,0.0,54.0,-0.008079691754019125,-0.0454003542628052,-0.021881218590469098,0.9999998502425812
tsf__log_amount_change__root_mean_square__20,return_3,OPPORTUNITY_ENTRY,169,296,DESCRIBED,1.0,0.0869092296854647,-0.014909382682947437,-0.08264736230837924,0.3922227771373592,0.404,-0.12896601226203627,0.09405545342929103,34.0,205.0,0.002441021511230785,-0.18226854548809596,-0.005055998254690266,34.0,45.0,0.22062719420910804,,0.0,107.0,-0.14670887420192055,,0.0,53.0,-0.012855921300714446,-0.07918668498525605,-0.031381863189604786,0.9999998502425812
tsf__log_amount_change__root_mean_square__20,return_5,OPPORTUNITY_ENTRY,167,290,DESCRIBED,1.0,0.12270140986852053,0.02525069203649093,-0.06806780678436868,0.3536014232752942,0.591,-0.11515151133407,0.16060479528747007,34.0,201.0,0.004198796242596267,-0.14576944689792998,-0.00894890381278984,34.0,43.0,0.23763777086210996,,0.0,105.0,-0.03834903058030994,,0.0,53.0,-0.02219745307853116,-0.07216042174312598,-0.04303092264913966,0.9999998502425812
tsf__log_amount_change__root_mean_square__20,return_10,OPPORTUNITY_ENTRY,162,275,DESCRIBED,1.0,0.07628597538048704,0.07781682873333981,-0.06250194743371512,0.31936725598499327,0.721,-0.13168351459757166,0.2668810395361685,34.0,190.0,0.012512889879890753,-0.19148067804546945,-0.013121366845352887,34.0,38.0,0.33905360120569633,,0.0,99.0,-0.02944509524493568,,0.0,53.0,-0.012519692620122091,-0.09319165103283211,-0.023716314952981987,0.9999998502425812
tsf__log_amount_change__root_mean_square__20,adverse_5,RISK_CONTEXT,167,290,DESCRIBED,-1.0,0.15799315903405872,0.18625554986364967,0.07933137915043477,0.004136458603340531,0.94,-0.010615992677217873,0.34620258112459174,201.0,34.0,0.020384077625694975,0.10622391673624973,0.00631940082686115,43.0,34.0,0.1520021427093291,,105.0,0.0,0.20935913149202243,,53.0,0.0,0.07130256389868717,-0.0606576011806943,0.015612867006455033,0.07691216942273131
tsf__log_amount_change__root_mean_square__20,range_5,RISK_CONTEXT,167,290,DESCRIBED,-1.0,0.35638275943809455,0.39827540414686263,0.3323223737540854,2.8244530840021975e-07,0.988,0.10273955316882638,0.637030338174402,201.0,34.0,0.015317744339611864,0.35210881935073995,0.00825904675934026,43.0,34.0,0.1276140471793295,,105.0,0.0,0.4711893781535584,,53.0,0.0,0.24013251695751636,0.05281824097993837,0.129194240385767,1.5301167576811905e-05
tsf__log_amount_change__root_mean_square__20,persistence_3,CONFIRMATION,169,296,DESCRIBED,1.0,0.015431696092623898,-0.022984859806010904,-0.0071410393444291745,0.39020287145789667,0.36,-0.14524703306889422,0.09325859525744663,34.0,205.0,0.056623625059780025,-0.14497976990057238,-0.04400871459694977,34.0,45.0,0.16404480338315922,,0.0,107.0,-0.14443792858282187,,0.0,53.0,-0.00503429020813706,-0.12987534037315185,-0.021390745088399,0.9999998502425812
tsf__log_amount_change__maximum__20,return_1,OPPORTUNITY_ENTRY,171,302,DESCRIBED,1.0,0.05665278975943021,-0.026011491688771815,-0.03978106331897849,0.4607145904455904,0.272,-0.10876663825122979,0.044890034938279824,34.0,146.0,-0.0004784074921443289,-0.09717323760064794,-0.0023175190204164134,34.0,33.0,0.06906139019920837,,0.0,91.0,0.17401350612193062,,0.0,22.0,-0.0027541772208417026,-0.0454003542628052,-0.05976511721275468,0.9999998502425812
tsf__log_amount_change__maximum__20,return_3,OPPORTUNITY_ENTRY,169,296,DESCRIBED,1.0,0.0399008954249936,0.019142573048174863,-0.024829143473211263,0.34843951082845953,0.596,-0.10785441437052184,0.13751780417053763,34.0,143.0,0.0033070698618160987,-0.17724105443879315,-0.00693143019635758,34.0,33.0,0.2642255485479056,,0.0,89.0,0.2741757116725958,,0.0,21.0,-0.0010427139243192052,-0.07918668498525605,-0.09925441794960665,0.9999998502425812
tsf__log_amount_change__maximum__20,return_5,OPPORTUNITY_ENTRY,167,290,DESCRIBED,1.0,0.03494890625975769,0.04473941974669252,-0.011658427198486513,0.2940891714517373,0.701,-0.09562888011434952,0.18208321481924492,59.0,141.0,0.0009200030377647262,-0.1591821774006644,-0.014791700294558889,59.0,33.0,0.28263136319624677,,0.0,87.0,0.3684297101976312,,0.0,21.0,-0.00014616735693717686,-0.07216042174312598,-0.09695781884721022,0.9999998502425812
tsf__log_amount_change__maximum__20,return_10,OPPORTUNITY_ENTRY,162,275,DESCRIBED,-1.0,0.022618195850069887,-0.05587916032943156,0.008621216929690432,0.7113008949338758,0.306,-0.23894092558540253,0.12186000448385724,136.0,59.0,0.001589279857897594,0.167691448282696,0.028734172782060297,33.0,59.0,-0.33153618309722654,,82.0,0.0,-0.3977114045033008,,21.0,0.0,-0.001173084930177204,-0.09319165103283211,-0.055914613323657214,0.9999998502425812
tsf__log_amount_change__maximum__20,adverse_5,RISK_CONTEXT,167,290,DESCRIBED,-1.0,0.06656500790239397,0.19829447202647743,0.10438953105760822,0.04025917157188796,0.943,-0.0072720959049974825,0.3671216920328889,141.0,59.0,0.0126644324808317,0.1380101875759899,-0.004030526010354793,33.0,59.0,0.11603548578421254,,87.0,0.0,0.4142539805945571,,21.0,0.0,0.01507361670743057,-0.0606576011806943,-0.15571184983197073,0.4688124091455364
tsf__log_amount_change__maximum__20,range_5,RISK_CONTEXT,167,290,DESCRIBED,-1.0,0.21830035219600596,0.36239283490128593,0.3900843464045454,0.0016755532182702148,0.981,0.07134158673306687,0.5930355947959811,141.0,59.0,0.010386883290968006,0.4131136352006153,0.002015513208356648,33.0,59.0,-0.12885910796701772,,87.0,0.0,0.22351810317994564,,21.0,0.0,0.04575460684001309,0.05281824097993837,-0.03746738642263403,0.033138719205788696
tsf__log_amount_change__maximum__20,persistence_3,CONFIRMATION,169,296,DESCRIBED,1.0,0.03844211871413092,-0.013371139319968585,-0.04170472475557221,0.568825533839439,0.412,-0.13464107283765755,0.10439364109216301,34.0,143.0,0.0390785684903332,-0.13858666588211202,-0.089126559714795,34.0,33.0,0.15975935791858603,,0.0,89.0,0.18340398404880873,,0.0,21.0,1.2198510035310584e-05,-0.12987534037315185,-0.10748978612933735,0.9999998502425812
tsf__log_amount_change__absolute_maximum__20,return_1,OPPORTUNITY_ENTRY,171,302,DESCRIBED,1.0,0.044577650313294165,-0.0367866297837066,-0.049360741226924625,0.5401162425535413,0.239,-0.14019460281013646,0.0442926116753848,34.0,167.0,-0.0009967412225734898,-0.12073495745916842,-0.0020546285638013985,34.0,51.0,0.052588078688703264,,0.0,95.0,0.1871012766165089,,0.0,21.0,-0.012308245593746436,-0.0454003542628052,-0.03447434892052281,0.9999998502425812
tsf__log_amount_change__absolute_maximum__20,return_3,OPPORTUNITY_ENTRY,169,296,DESCRIBED,1.0,0.08730093065811752,0.0036461182619868964,-0.04482248041570075,0.30486469464818444,0.491,-0.14153537496148513,0.14198848642617387,34.0,163.0,0.002232494724709882,-0.19838896732484218,-0.004783907573702222,34.0,49.0,0.17601402327967824,,0.0,93.0,0.32417801772165855,,0.0,21.0,-0.02603086949994826,-0.07918668498525605,-0.05862860829025229,0.9999998502425812
tsf__log_amount_change__absolute_maximum__20,return_5,OPPORTUNITY_ENTRY,167,290,DESCRIBED,1.0,0.1406910784677815,0.0320715464570477,-0.03664818680446814,0.25919181188709417,0.62,-0.13865775813666661,0.19561728443529394,34.0,159.0,0.004163492411958354,-0.17703403242316068,-0.007479523814909111,34.0,47.0,0.17934465366361166,,0.0,91.0,0.4126679313080453,,0.0,21.0,-0.05257878843174302,-0.07216042174312598,-0.0894896185260472,0.9999998502425812
tsf__log_amount_change__absolute_maximum__20,return_10,OPPORTUNITY_ENTRY,162,275,DESCRIBED,1.0,0.12039092738812521,0.06732459232904539,-0.030648856063010304,0.2065143633738602,0.691,-0.15674764486150763,0.2620164448894973,34.0,149.0,0.01196488866278558,-0.1719290434033975,-0.00915710018772603,34.0,42.0,0.2685053444439251,,0.0,86.0,0.4477322261106062,,0.0,21.0,-0.02656019685718869,-0.09319165103283211,-0.06231795754915437,0.9999998502425812
tsf__log_amount_change__absolute_maximum__20,adverse_5,RISK_CONTEXT,167,290,DESCRIBED,-1.0,0.13772255042189535,0.21524919935229941,0.1105281091127821,0.007327267711289693,0.956,0.004567645924671253,0.39429211478818366,159.0,34.0,0.02059042138881262,0.10399923635202973,0.0058132157974483695,47.0,34.0,0.06234197401464195,,91.0,0.0,0.47339859029329356,,21.0,0.0,0.015180347911769365,-0.0606576011806943,-0.03308524475344776,0.12506541874338298
tsf__log_amount_change__absolute_maximum__20,range_5,RISK_CONTEXT,167,290,DESCRIBED,-1.0,0.3220923218932304,0.44099244813491933,0.38198158082161787,6.052099182290424e-08,0.995,0.17255654006723142,0.6447566131471448,159.0,34.0,0.015453156110591105,0.3930836914463105,0.0076944475071584265,47.0,34.0,-0.11596561517018496,,91.0,0.0,0.30959895384787406,,21.0,0.0,0.16989322785344707,0.05281824097993837,0.10828358204996447,3.7704577905669345e-06
tsf__log_amount_change__absolute_maximum__20,persistence_3,CONFIRMATION,169,296,DESCRIBED,1.0,0.01921012576368049,-0.013872343296846126,-0.021572574114946994,0.42069887452638466,0.422,-0.1549898999454567,0.12064452903317355,34.0,163.0,0.029111030915433656,-0.16055809142017033,-0.052020808323329226,34.0,49.0,0.1261638429355481,,0.0,93.0,0.2290323655080357,,0.0,21.0,-0.019575879122585516,-0.12987534037315185,-0.059773687212143045,0.9999998502425812
tsf__log_amount_change__minimum__20,return_1,OPPORTUNITY_ENTRY,171,302,DESCRIBED,-1.0,0.013469345250569144,0.0318200451236175,-0.022421055773043368,0.5203734902666897,0.777,-0.036299560474940804,0.10403231539045361,13.0,213.0,-0.0014971761071930635,-0.02844416831421081,-0.0028753366242130294,13.0,69.0,0.093886103973897,,0.0,91.0,-0.014834171747123287,,0.0,53.0,-0.009800616722780653,-0.0454003542628052,-0.013567379785393685,0.9999998502425812
tsf__log_amount_change__minimum__20,return_3,OPPORTUNITY_ENTRY,169,296,DESCRIBED,-1.0,0.08418105509827378,0.13254457171241935,-0.023732052545611868,0.1408629140770537,0.953,0.0035984602991266526,0.26365965489009036,13.0,209.0,0.0075147897512376,0.018195126272887056,0.004014319726040482,13.0,67.0,0.13252322716139792,,0.0,89.0,0.018135836477105042,,0.0,53.0,-0.013544752119228898,-0.07918668498525605,-0.005756959885504731,0.8592177449933122
tsf__log_amount_change__minimum__20,return_5,OPPORTUNITY_ENTRY,167,290,DESCRIBED,-1.0,0.13137790478606481,0.18914180036495942,-0.002720193072942357,0.0908148245206093,0.989,0.052273230955549144,0.31745154427873234,13.0,205.0,0.012289684806968855,0.04639583340408936,0.0069652115208360035,13.0,65.0,0.13620421277983583,,0.0,87.0,0.09327108999807723,,0.0,53.0,-0.02434353959159785,-0.07216042174312598,-0.0038578489010099304,0.7161726034979695
tsf__log_amount_change__minimum__20,return_10,OPPORTUNITY_ENTRY,162,275,DESCRIBED,-1.0,0.10063951771046246,0.31961256739405136,0.012504544012001961,0.05620300195175037,0.999,0.1346746899485546,0.48240638291607985,13.0,198.0,0.01699773017611272,0.07328396301715441,0.009367969881066463,13.0,60.0,0.28911643324782055,,0.0,85.0,0.0699518040743403,,0.0,53.0,-0.01874373205392077,-0.09319165103283211,-0.0012189990339814827,0.5605933050256657
tsf__log_amount_change__minimum__20,adverse_5,RISK_CONTEXT,167,290,DESCRIBED,1.0,0.09680014245702263,0.3483941673142279,0.12653928805582582,0.0005133139643005855,1.0,0.1887511243233402,0.4837381602125444,205.0,13.0,0.026046003634445616,0.3415251786717318,0.018557536895148816,65.0,13.0,0.13039779136553578,,87.0,0.0,0.3554044987879556,,53.0,0.0,0.10167587539894218,-0.0606576011806943,0.07515896428139335,0.012472607574020939
tsf__log_amount_change__minimum__20,range_5,RISK_CONTEXT,167,290,DESCRIBED,1.0,0.1903143233208899,0.40887017910335083,0.1901623333091418,8.570307950840033e-07,0.992,0.14440175880741982,0.6251194858113961,205.0,13.0,0.015628500178908142,0.5631770305765188,0.01229128720919983,65.0,13.0,-0.05494772100305722,,87.0,0.0,0.6572193738364938,,53.0,0.0,0.2161697748906819,0.05281824097993837,0.10702888214805528,4.449418211144451e-05
tsf__log_amount_change__minimum__20,persistence_3,CONFIRMATION,169,296,DESCRIBED,-1.0,0.00452405719898385,0.12278299185962153,0.07010091755854467,0.17912740910213676,0.964,0.013499961606723343,0.2429918022983082,13.0,209.0,-0.000613421666053271,-0.003314912214106725,-0.05357826253348641,13.0,67.0,0.1377198388167055,,0.0,89.0,-0.016827902660519617,,0.0,53.0,-0.018362597613903908,-0.12987534037315185,-0.02216207887249877,0.9736689694781411
tsf__log_amount_change__sum_values__60,return_1,OPPORTUNITY_ENTRY,131,302,DESCRIBED,-1.0,0.14786640301689882,-0.08250035164048358,-0.08427463282730113,0.9545067887476002,0.062,-0.17159538084012277,0.0072309550346981,54.0,177.0,-0.0036020232224037337,-0.048014995589019976,-0.0017011794391268674,8.0,100.0,-0.03267024007305054,-0.0001649305826111427,7.0,76.0,0.10458704471628148,0.023922294986933042,39.0,1.0,-0.052500341953197305,-0.04173144655508709,-0.08121610749178143,0.9999998502425812
tsf__log_amount_change__sum_values__60,return_3,OPPORTUNITY_ENTRY,129,296,DESCRIBED,-1.0,0.22252223923172465,-0.09636145797553516,-0.10183743065098996,0.900213158452456,0.12,-0.2326467483601002,0.039494866473537046,52.0,175.0,-0.006103553602239888,0.07585042360034494,0.009021992908503517,8.0,98.0,-0.10658186877453146,-0.008761104142175659,7.0,76.0,0.2819538574485112,0.03837144828725057,37.0,1.0,-0.0687576406861341,-0.05076505265394626,-0.08925798563687759,0.9999998502425812
tsf__log_amount_change__sum_values__60,return_5,OPPORTUNITY_ENTRY,127,290,DESCRIBED,-1.0,0.2301666813490828,-0.11272726544924419,-0.12875391933398692,0.8574728569586805,0.104,-0.2637343846548613,0.0403332930423601,56.0,173.0,-0.011016744973597137,0.07554423497419849,0.0012907122354648415,8.0,96.0,-0.09474984673159828,-0.01293341140253135,10.0,76.0,0.3145153767254514,0.1013963010069971,38.0,1.0,-0.1386689149008331,-0.03690807291033393,-0.1377953611774756,0.9999998502425812
tsf__log_amount_change__sum_values__60,return_10,OPPORTUNITY_ENTRY,122,275,DESCRIBED,-1.0,0.10450468908509743,-0.09508784384061485,-0.1540324860794553,0.834357243723121,0.188,-0.2692333452179942,0.07861625285394803,51.0,165.0,-0.01720015658028548,0.18524346898583802,0.005799480982378348,8.0,89.0,0.05367165465641674,0.01624531388673006,10.0,75.0,0.1731160593702854,0.14175453888317482,33.0,1.0,-0.04545938394430071,-0.06383021307732051,-0.05477013641137751,0.9999998502425812
tsf__log_amount_change__sum_values__60,adverse_5,RISK_CONTEXT,127,290,DESCRIBED,1.0,0.16979673414218,0.0008103547296541117,-0.0622864431944125,0.6227293561745313,0.474,-0.16947243458219644,0.15384076276768335,173.0,56.0,-0.0009724286096527944,0.2994074745193616,0.017026141718682084,96.0,8.0,-0.0025844417922296138,-0.0017950517782659228,76.0,10.0,0.38977848431094236,0.07053792580868437,1.0,38.0,-0.014742972535749077,-0.06723728793010642,-0.010831681857952802,0.9999998502425812
tsf__log_amount_change__sum_values__60,range_5,RISK_CONTEXT,127,290,DESCRIBED,-1.0,0.13760779902512185,-0.10853570479387098,-0.023697932362966308,0.6837096190823355,0.283,-0.3577382563675507,0.1689166379084352,56.0,173.0,-0.002101945323431522,-0.37539691357791877,-0.010740715715595636,8.0,96.0,-0.12940252075946646,-0.0014344388072145761,10.0,76.0,-0.4648567459506647,-0.013732912239153214,38.0,1.0,-0.14914563603849396,-0.010294744831212732,-0.2423707500611345,0.9999998502425812
tsf__log_amount_change__sum_values__60,persistence_3,CONFIRMATION,129,296,DESCRIBED,-1.0,0.16823823289386278,-0.05881608863215035,-0.06350587876011604,0.8251551334783026,0.2,-0.17852832177956263,0.05238148009461626,52.0,175.0,-0.05410256410256409,0.05844309738273303,0.08503401360544216,8.0,98.0,-0.0214668650091274,0.048872180451127845,7.0,76.0,0.19303657709495073,0.46846846846846846,37.0,1.0,-0.19486847458812684,-0.12518235445771575,-0.26261894830897625,0.9999998502425812
tsf__log_amount_change__median__60,return_1,OPPORTUNITY_ENTRY,131,302,DESCRIBED,-1.0,0.008304238424003857,-0.00041609559128208173,0.002426506099158903,0.19599994028161094,0.462,-0.07519712572448932,0.06491242251253958,168.0,62.0,0.0025606167584739676,-0.04792131033889627,0.0015369086380839611,80.0,23.0,0.1824391247597229,0.009129439522921903,30.0,39.0,0.1802684060241374,,58.0,0.0,-0.0017409604416014357,-0.04173144655508709,-0.010537525415660554,0.9999998502425812
tsf__log_amount_change__median__60,return_3,OPPORTUNITY_ENTRY,129,296,DESCRIBED,1.0,0.007622605229926136,-0.09597408757884988,-0.11697922884363561,0.9017647808777509,0.091,-0.1924157655790186,0.02158801673448691,62.0,164.0,-0.009366444574635433,-0.04749315268603872,-0.0037248505672666226,23.0,78.0,-0.41233443059483943,-0.03513738618216798,39.0,30.0,-0.26032848266203906,,0.0,56.0,-0.027556264914222472,-0.05076505265394626,-0.049827735234428516,0.9999998502425812
tsf__log_amount_change__median__60,return_5,OPPORTUNITY_ENTRY,127,290,DESCRIBED,1.0,0.05696821502712643,-0.1419158228368782,-0.15571819911754248,0.934855331098133,0.055,-0.25702538591570606,0.002632233322176925,62.0,160.0,-0.016054975288610704,-0.055468925379391514,-0.0047729375638955705,23.0,76.0,-0.5420388852395909,-0.056822498565280814,39.0,30.0,-0.2850511062150586,,0.0,54.0,-0.03247994740341231,-0.03690807291033393,-0.039512759904480665,0.9999998502425812
tsf__log_amount_change__median__60,return_10,OPPORTUNITY_ENTRY,122,275,DESCRIBED,-1.0,0.010072162788870022,0.2049091332235861,0.2437529211505727,0.03482076625016369,0.971,0.02306563661008844,0.363041763315589,150.0,53.0,0.03899013218607523,0.17377820969558422,0.017625994967706574,71.0,14.0,0.7071089379723162,0.10639353154838636,30.0,39.0,0.153694734913543,,49.0,0.0,-0.04018304992230037,-0.06383021307732051,-0.05325082609209808,0.42392866402511625
tsf__log_amount_change__median__60,adverse_5,RISK_CONTEXT,127,290,DESCRIBED,-1.0,0.17893355070426187,-0.03571510710763961,-0.05469883400967087,0.5295716536161641,0.359,-0.18772895303037085,0.1096011407218516,160.0,62.0,-0.001133605373801274,0.2327606046445953,0.009960888681132407,76.0,23.0,-0.2868754902451426,-0.014693025718866423,30.0,39.0,-0.502341104730214,,54.0,0.0,-0.12501886266248108,-0.06723728793010642,-0.09012184529042955,0.9999998502425812
tsf__log_amount_change__median__60,range_5,RISK_CONTEXT,127,290,DESCRIBED,-1.0,0.2214433961369799,-0.023255974108828664,0.018710214685401568,0.10976048732766752,0.422,-0.31380486903303684,0.20035331647497528,160.0,62.0,0.004024287753113705,0.5241164206443364,0.010138202619014852,76.0,23.0,0.1921477144128697,0.00588385811830246,30.0,39.0,-0.7944464203554727,,54.0,0.0,-0.02355738297627452,-0.010294744831212732,-0.035545678494962374,0.7905292902327962
tsf__log_amount_change__median__60,persistence_3,CONFIRMATION,129,296,DESCRIBED,1.0,0.001682790064908108,-0.03973474103535925,-0.019479726259387275,0.7843700476516082,0.269,-0.1352525552114551,0.068736349751756,62.0,164.0,-0.0980199318122213,0.026924684827689397,-0.09698996655518399,23.0,78.0,-0.26319280193770517,-0.24957264957264946,39.0,30.0,-0.15312558980234622,,0.0,56.0,-0.003028852977717822,-0.12518235445771575,-0.03653579903142501,0.9999998502425812
tsf__log_amount_change__mean__60,return_1,OPPORTUNITY_ENTRY,131,302,DESCRIBED,-1.0,0.14786640301689882,-0.08250035164048358,-0.08427463282730113,0.9545067887476002,0.056,-0.1751418548628543,0.003336407886491476,54.0,177.0,-0.0036020232224037337,-0.048014995589019976,-0.0017011794391268674,8.0,100.0,-0.03267024007305054,-0.0001649305826111427,7.0,76.0,0.10458704471628148,0.023922294986933042,39.0,1.0,-0.052500341953197305,-0.04173144655508709,-0.08121610749178121,0.9999998502425812
tsf__log_amount_change__mean__60,return_3,OPPORTUNITY_ENTRY,129,296,DESCRIBED,-1.0,0.22252223923172465,-0.09636145797553516,-0.10183743065098996,0.900213158452456,0.11,-0.2291439068401287,0.036827381173898284,52.0,175.0,-0.006103553602239888,0.07585042360034494,0.009021992908503517,8.0,98.0,-0.10658186877453146,-0.008761104142175659,7.0,76.0,0.2819538574485112,0.03837144828725057,37.0,1.0,-0.0687576406861341,-0.05076505265394626,-0.08925798563687759,0.9999998502425812
tsf__log_amount_change__mean__60,return_5,OPPORTUNITY_ENTRY,127,290,DESCRIBED,-1.0,0.2301666813490828,-0.11272726544924419,-0.12875391933398692,0.8574728569586805,0.096,-0.2613333230886455,0.02821326511429621,56.0,173.0,-0.011016744973597137,0.07554423497419849,0.0012907122354648415,8.0,96.0,-0.09474984673159828,-0.01293341140253135,10.0,76.0,0.3145153767254514,0.1013963010069971,38.0,1.0,-0.1386689149008331,-0.03690807291033393,-0.1377953611774756,0.9999998502425812
tsf__log_amount_change__mean__60,return_10,OPPORTUNITY_ENTRY,122,275,DESCRIBED,-1.0,0.10450468908509743,-0.09508784384061485,-0.1540324860794553,0.834357243723121,0.166,-0.27329232837195977,0.06844931795211737,51.0,165.0,-0.01720015658028548,0.18524346898583802,0.005799480982378348,8.0,89.0,0.05367165465641674,0.01624531388673006,10.0,75.0,0.1731160593702854,0.14175453888317482,33.0,1.0,-0.04545938394430071,-0.06383021307732051,-0.05477013641137751,0.9999998502425812
tsf__log_amount_change__mean__60,adverse_5,RISK_CONTEXT,127,290,DESCRIBED,1.0,0.16979673414218,0.0008103547296541117,-0.0622864431944125,0.6227293561745313,0.491,-0.1643302561676405,0.142483772498688,173.0,56.0,-0.0009724286096527944,0.2994074745193616,0.017026141718682084,96.0,8.0,-0.0025844417922296138,-0.0017950517782659228,76.0,10.0,0.38977848431094236,0.07053792580868437,1.0,38.0,-0.014742972535749077,-0.06723728793010642,-0.010831681857952802,0.9999998502425812
tsf__log_amount_change__mean__60,range_5,RISK_CONTEXT,127,290,DESCRIBED,-1.0,0.13760779902512185,-0.10853570479387098,-0.023697932362966308,0.6837096190823355,0.245,-0.3506725525795393,0.16178222854056107,56.0,173.0,-0.002101945323431522,-0.37539691357791877,-0.010740715715595636,8.0,96.0,-0.12940252075946646,-0.0014344388072145761,10.0,76.0,-0.4648567459506647,-0.013732912239153214,38.0,1.0,-0.14914563603849396,-0.010294744831212732,-0.24237075006113473,0.9999998502425812
tsf__log_amount_change__mean__60,persistence_3,CONFIRMATION,129,296,DESCRIBED,-1.0,0.16823823289386278,-0.05881608863215035,-0.06350587876011604,0.8251551334783026,0.193,-0.18013464712464278,0.05447296254152222,52.0,175.0,-0.05410256410256409,0.05844309738273303,0.08503401360544216,8.0,98.0,-0.0214668650091274,0.048872180451127845,7.0,76.0,0.19303657709495073,0.46846846846846846,37.0,1.0,-0.19486847458812684,-0.12518235445771575,-0.2626189483089765,0.9999998502425812
tsf__log_amount_change__length__60,return_1,OPPORTUNITY_ENTRY,131,302,INSUFFICIENT_OR_CONSTANT,,,,,,,,,,,,,,,,,,,,,,,,,,,
tsf__log_amount_change__length__60,return_3,OPPORTUNITY_ENTRY,129,296,INSUFFICIENT_OR_CONSTANT,,,,,,,,,,,,,,,,,,,,,,,,,,,
tsf__log_amount_change__length__60,return_5,OPPORTUNITY_ENTRY,127,290,INSUFFICIENT_OR_CONSTANT,,,,,,,,,,,,,,,,,,,,,,,,,,,
tsf__log_amount_change__length__60,return_10,OPPORTUNITY_ENTRY,122,275,INSUFFICIENT_OR_CONSTANT,,,,,,,,,,,,,,,,,,,,,,,,,,,
tsf__log_amount_change__length__60,adverse_5,RISK_CONTEXT,127,290,INSUFFICIENT_OR_CONSTANT,,,,,,,,,,,,,,,,,,,,,,,,,,,
tsf__log_amount_change__length__60,range_5,RISK_CONTEXT,127,290,INSUFFICIENT_OR_CONSTANT,,,,,,,,,,,,,,,,,,,,,,,,,,,
tsf__log_amount_change__length__60,persistence_3,CONFIRMATION,129,296,INSUFFICIENT_OR_CONSTANT,,,,,,,,,,,,,,,,,,,,,,,,,,,
tsf__log_amount_change__standard_deviation__60,return_1,OPPORTUNITY_ENTRY,131,302,DESCRIBED,1.0,0.0403364215746304,0.002218109790334983,-0.019386561656759723,0.45395213556923886,0.494,-0.06520002501236212,0.07279085848807035,74.0,228.0,0.00031707826843338765,-0.0032269780742357687,-0.0008073828045396573,74.0,51.0,,,0.0,115.0,,,0.0,62.0,-0.020474657765358284,-0.04173144655508709,-0.05125614580374149,0.9999998502425812
tsf__log_amount_change__standard_deviation__60,return_3,OPPORTUNITY_ENTRY,129,296,DESCRIBED,-1.0,0.056541092780707285,-0.006518385671572682,0.07385952979173317,0.7669000537345639,0.478,-0.11133902302042895,0.09607398354062403,222.0,74.0,-0.004123839611130073,0.07447332969042639,-0.0010560539480636705,49.0,74.0,,,113.0,0.0,,,60.0,0.0,-0.00834373825691026,-0.05076505265394626,-0.028620243383981947,0.9999998502425812
tsf__log_amount_change__standard_deviation__60,return_5,OPPORTUNITY_ENTRY,127,290,DESCRIBED,-1.0,0.1604388200734093,-0.04918057382790845,0.07269929405860334,0.8045531463792894,0.306,-0.19125830512122888,0.101783622505954,216.0,74.0,-0.007221803474849173,0.019821856067089597,-0.003033066447156299,47.0,74.0,,,111.0,0.0,,,58.0,0.0,-0.01620016483623221,-0.03690807291033393,-0.0023004778669364345,0.9999998502425812
tsf__log_amount_change__standard_deviation__60,return_10,OPPORTUNITY_ENTRY,122,275,DESCRIBED,-1.0,0.32635864358647876,-0.10205503657414555,0.09091832318744411,0.8988394209333016,0.168,-0.2782785975369079,0.07027817320022489,201.0,74.0,-0.01776946382958881,-0.009779307260098997,-0.014697494203864007,42.0,74.0,,,106.0,0.0,,,53.0,0.0,-0.35603936652038803,-0.06383021307732051,-0.11363416417172201,0.9999998502425812
tsf__log_amount_change__standard_deviation__60,adverse_5,RISK_CONTEXT,127,290,DESCRIBED,1.0,0.025918579920400073,-0.2285978688882875,0.03952066345452465,0.9966383215155874,0.024,-0.3822250690350955,-0.04492766703818868,74.0,216.0,-0.015202733107814975,-0.11853930506769278,-0.008045877541084323,74.0,47.0,,,0.0,111.0,,,0.0,58.0,0.0690134469657423,-0.06723728793010642,-0.12206489268305765,0.9999998502425812
tsf__log_amount_change__standard_deviation__60,range_5,RISK_CONTEXT,127,290,DESCRIBED,-1.0,0.5108794994375703,0.4920144944519785,0.13242496220587313,0.0002974477240898957,0.999,0.2498056878964361,0.6850551652288513,216.0,74.0,0.009798390212275073,0.32381564135731017,0.005599339785742532,47.0,74.0,,,111.0,0.0,,,58.0,0.0,-0.001630003539929259,-0.010294744831212732,-0.3217514352542403,0.007885529025872553
tsf__log_amount_change__standard_deviation__60,persistence_3,CONFIRMATION,129,296,DESCRIBED,-1.0,0.046368983826508746,-0.05715059422620275,-0.030912422437846164,0.9303788278172117,0.187,-0.16315401959064063,0.048945913842087116,222.0,74.0,-0.09909909909909909,-0.006570943638535793,-0.09321566464423614,49.0,74.0,,,113.0,0.0,,,60.0,0.0,0.0010054677862082473,-0.12518235445771575,-0.0017054802844411743,0.9999998502425812
tsf__log_amount_change__variance__60,return_1,OPPORTUNITY_ENTRY,131,302,DESCRIBED,1.0,0.0403364215746304,0.002218109790334983,-0.019386561656759723,0.45395213556923886,0.505,-0.06167885913680602,0.0722127116991309,74.0,228.0,0.00031707826843338765,-0.0032269780742357687,-0.0008073828045396573,74.0,51.0,,,0.0,115.0,,,0.0,62.0,-0.02837201756195662,-0.04173144655508709,-0.07653022544812527,0.9999998502425812
tsf__log_amount_change__variance__60,return_3,OPPORTUNITY_ENTRY,129,296,DESCRIBED,-1.0,0.056541092780707285,-0.006518385671572682,0.07385952979173317,0.7669000537345639,0.465,-0.10879765465245535,0.11051748717148033,222.0,74.0,-0.004123839611130073,0.07447332969042639,-0.0010560539480636705,49.0,74.0,,,113.0,0.0,,,60.0,0.0,-0.008730025361177951,-0.05076505265394626,-0.05695758595136802,0.9999998502425812
tsf__log_amount_change__variance__60,return_5,OPPORTUNITY_ENTRY,127,290,DESCRIBED,-1.0,0.1604388200734093,-0.04918057382790845,0.07269929405860334,0.8045531463792894,0.301,-0.19818759647215492,0.09563701031130006,216.0,74.0,-0.007221803474849173,0.019821856067089597,-0.003033066447156299,47.0,74.0,,,111.0,0.0,,,58.0,0.0,-0.005352515669642122,-0.03690807291033393,-0.02544711289569257,0.9999998502425812
tsf__log_amount_change__variance__60,return_10,OPPORTUNITY_ENTRY,122,275,DESCRIBED,-1.0,0.32635864358647876,-0.10205503657414555,0.09091832318744411,0.8988394209333016,0.207,-0.2792373406474104,0.08504354283262248,201.0,74.0,-0.01776946382958881,-0.009779307260098997,-0.014697494203864007,42.0,74.0,,,106.0,0.0,,,53.0,0.0,-0.46525558543224643,-0.06383021307732051,-0.09967899315469375,0.9999998502425812
tsf__log_amount_change__variance__60,adverse_5,RISK_CONTEXT,127,290,DESCRIBED,1.0,0.025918579920400073,-0.2285978688882875,0.03952066345452465,0.9966383215155874,0.028,-0.3806064474322452,-0.0414186009154381,74.0,216.0,-0.015202733107814975,-0.11853930506769278,-0.008045877541084323,74.0,47.0,,,0.0,111.0,,,0.0,58.0,0.031374856484892355,-0.06723728793010642,-0.2585260531003746,0.9999998502425812
tsf__log_amount_change__variance__60,range_5,RISK_CONTEXT,127,290,DESCRIBED,-1.0,0.5108794994375703,0.4920144944519785,0.13242496220587313,0.0002974477240898957,0.999,0.22363898447964206,0.6790918561249345,216.0,74.0,0.009798390212275073,0.32381564135731017,0.005599339785742532,47.0,74.0,,,111.0,0.0,,,58.0,0.0,-0.15805183716094606,-0.010294744831212732,-0.551883997607904,0.007885529025872553
tsf__log_amount_change__variance__60,persistence_3,CONFIRMATION,129,296,DESCRIBED,-1.0,0.046368983826508746,-0.05715059422620275,-0.030912422437846164,0.9303788278172117,0.197,-0.16016502769090918,0.05406345593313779,222.0,74.0,-0.09909909909909909,-0.006570943638535793,-0.09321566464423614,49.0,74.0,,,113.0,0.0,,,60.0,0.0,-0.0038474535591612735,-0.12518235445771575,-0.0351856811163791,0.9999998502425812
tsf__log_amount_change__root_mean_square__60,return_1,OPPORTUNITY_ENTRY,131,302,DESCRIBED,1.0,0.04106777278634617,-0.010815930907135098,-0.019094657700132297,0.4517708250134461,0.387,-0.08524286507946835,0.0628176655117174,74.0,228.0,0.00031707826843338765,-0.013337018606377662,-0.0008073828045396573,74.0,51.0,0.0084640630247223,,0.0,115.0,,,0.0,62.0,-0.02027139809462497,-0.04173144655508709,-0.05054990191681519,0.9999998502425812
tsf__log_amount_change__root_mean_square__60,return_3,OPPORTUNITY_ENTRY,129,296,DESCRIBED,-1.0,0.05603795867449178,0.017737099229893402,0.07867312613075324,0.7553215255966368,0.6,-0.10356541429028486,0.15675184979238446,222.0,74.0,-0.004123839611130073,0.10429841456382438,-0.0010560539480636705,49.0,74.0,0.02751976259266584,,113.0,0.0,,,60.0,0.0,-0.008140789516900115,-0.05076505265394626,-0.02792259923805318,0.9999998502425812
tsf__log_amount_change__root_mean_square__60,return_5,OPPORTUNITY_ENTRY,127,290,DESCRIBED,-1.0,0.1601224478086623,-0.019104864105140007,0.07512254645694667,0.7936458324675151,0.402,-0.18414823051787674,0.15364869496124925,216.0,74.0,-0.007221803474849173,0.05114587395021943,-0.003033066447156299,47.0,74.0,0.09819805060619657,,111.0,0.0,,,58.0,0.0,-0.01619783157253596,-0.03690807291033393,-0.002642117567481117,0.9999998502425812
tsf__log_amount_change__root_mean_square__60,return_10,OPPORTUNITY_ENTRY,122,275,DESCRIBED,-1.0,0.3256118274684319,-0.06770136776096626,0.09530134733562218,0.8909509955140211,0.332,-0.26801596346943435,0.15006335261620934,201.0,74.0,-0.01776946382958881,0.02053056102233818,-0.014697494203864007,42.0,74.0,0.0940873964542026,,106.0,0.0,,,53.0,0.0,-0.35544962848517003,-0.06383021307732051,-0.11308978009339143,0.9999998502425812
tsf__log_amount_change__root_mean_square__60,adverse_5,RISK_CONTEXT,127,290,DESCRIBED,1.0,0.02579843726616193,-0.20182809661771797,0.03953493235189561,0.9964976154730594,0.056,-0.3903963879012995,0.009055542808306302,74.0,216.0,-0.015202733107814975,-0.08774570157409532,-0.008045877541084323,74.0,47.0,0.0,,0.0,111.0,,,0.0,58.0,0.06787496633508239,-0.06723728793010642,-0.12512755976329548,0.9999998502425812
tsf__log_amount_change__root_mean_square__60,range_5,RISK_CONTEXT,127,290,DESCRIBED,-1.0,0.5107506092988376,0.4987293746081036,0.14060546867792514,0.00026865203206508613,0.999,0.2624983342986527,0.6951328501765411,216.0,74.0,0.009798390212275073,0.31725676903195527,0.005599339785742532,47.0,74.0,0.12497933713515928,,111.0,0.0,,,58.0,0.0,-0.006444571012893752,-0.010294744831212732,-0.32656111150437384,0.007438676265624385
tsf__log_amount_change__root_mean_square__60,persistence_3,CONFIRMATION,129,296,DESCRIBED,-1.0,0.04760916898741819,-0.03860429140620863,-0.028651147295215087,0.927651088590995,0.319,-0.1402268650345683,0.08584924055736201,222.0,74.0,-0.09909909909909909,0.010488764529956174,-0.09321566464423614,49.0,74.0,-0.0045397524930917,,113.0,0.0,,,60.0,0.0,0.0009617902334533301,-0.12518235445771575,-0.0012560435863016028,0.9999998502425812
tsf__log_amount_change__maximum__60,return_1,OPPORTUNITY_ENTRY,131,302,DESCRIBED,1.0,0.06923463180976698,0.002108390842546939,-0.026356966734494405,0.348864481892254,0.479,-0.09492833328048306,0.08768490449849946,74.0,228.0,0.00031707826843338765,0.049469649269424834,-0.0008073828045396573,74.0,51.0,-0.009169401610115825,,0.0,115.0,0.2471742573283384,,0.0,62.0,-0.004568150493222678,-0.04173144655508709,0.0063728011510854055,0.9999998502425812
tsf__log_amount_change__maximum__60,return_3,OPPORTUNITY_ENTRY,129,296,DESCRIBED,-1.0,0.02069978253993912,-0.059045667231258335,0.053086522578048,0.8517334827326686,0.253,-0.19855716878010582,0.08229931195275439,222.0,74.0,-0.004123839611130073,0.020397287939887362,-0.0010560539480636705,49.0,74.0,-0.12187051419482046,,113.0,0.0,-0.3895528635230355,,60.0,0.0,-0.026476513303873572,-0.05076505265394626,-0.051362005497665786,0.9999998502425812
tsf__log_amount_change__maximum__60,return_5,OPPORTUNITY_ENTRY,127,290,DESCRIBED,-1.0,0.09330892715069183,-0.0935371303724357,0.040087975132756096,0.8693574467829444,0.175,-0.24753099039114188,0.0665631955272751,216.0,74.0,-0.007221803474849173,0.02183676378946697,-0.003033066447156299,47.0,74.0,-0.15899891414720757,,111.0,0.0,-0.4493421554077488,,58.0,0.0,-0.10384177046907284,-0.03690807291033393,-0.1633533333244066,0.9999998502425812
tsf__log_amount_change__maximum__60,return_10,OPPORTUNITY_ENTRY,122,275,DESCRIBED,-1.0,0.11410573266729589,-0.11005096862419596,0.06584403219757076,0.894852921992984,0.229,-0.3040726921227598,0.12142749275439953,201.0,74.0,-0.01776946382958881,0.0012314522036878993,-0.014697494203864007,42.0,74.0,-0.1684037217164684,,106.0,0.0,-0.4674987631588917,,53.0,0.0,-0.27597322362932686,-0.06383021307732051,-0.4581622142837327,0.9999998502425812
tsf__log_amount_change__maximum__60,adverse_5,RISK_CONTEXT,127,290,DESCRIBED,1.0,0.08787994388975261,-0.2565049640905541,0.025634074126921844,0.9943546644281225,0.016,-0.4091631004022577,-0.07367158828989932,74.0,216.0,-0.015202733107814975,-0.09659808511254857,-0.008045877541084323,74.0,47.0,0.007838026225290952,,0.0,111.0,-0.642904930044933,,0.0,58.0,-0.1773497584703967,-0.06723728793010642,-0.23817648130495717,0.9999998502425812
tsf__log_amount_change__maximum__60,range_5,RISK_CONTEXT,127,290,DESCRIBED,-1.0,0.21075593111427135,0.5208227268685762,0.20969202553148567,0.0002676933437263759,1.0,0.2905584303703737,0.719761144022895,216.0,74.0,0.009798390212275073,0.30506505020922126,0.005599339785742532,47.0,74.0,-0.23887160810848082,,111.0,0.0,0.7742510985487364,,58.0,0.0,0.002278416776002934,-0.010294744831212732,-0.008082417953640286,0.007438676265624385
tsf__log_amount_change__maximum__60,persistence_3,CONFIRMATION,129,296,DESCRIBED,-1.0,0.033151277006376614,-0.0706523627234854,-0.013272440391084456,0.9156009584329872,0.178,-0.18789292531609164,0.05501942697187178,222.0,74.0,-0.09909909909909909,-0.08428328394520583,-0.09321566464423614,49.0,74.0,-0.018189486653903707,,113.0,0.0,-0.2768405765071608,,60.0,0.0,-0.043648510694690446,-0.12518235445771575,-0.10240595338279879,0.9999998502425812
tsf__log_amount_change__absolute_maximum__60,return_1,OPPORTUNITY_ENTRY,131,302,DESCRIBED,1.0,0.1109958189736316,0.014560642433869755,-0.01686878111146135,0.42780310956834255,0.606,-0.07015881096706904,0.09240625596977603,74.0,228.0,0.00031707826843338765,0.049469649269424834,-0.0008073828045396573,74.0,51.0,-0.009169401610115825,,0.0,115.0,,,0.0,62.0,-0.04570559243354588,-0.04173144655508709,-0.03872765016129853,0.9999998502425812
tsf__log_amount_change__absolute_maximum__60,return_3,OPPORTUNITY_ENTRY,129,296,DESCRIBED,1.0,0.0022754916799910324,0.07453337889317152,-0.07018513120208035,0.21248253459218103,0.815,-0.06047000284637872,0.20570677727238193,74.0,222.0,0.004123839611130073,-0.020397287939887362,0.0010560539480636705,74.0,49.0,0.12187051419482046,,0.0,113.0,,,0.0,60.0,-0.018389545932164797,-0.05076505265394626,0.00037384890114378067,0.9999998502425812
tsf__log_amount_change__absolute_maximum__60,return_5,OPPORTUNITY_ENTRY,127,290,DESCRIBED,-1.0,0.053755265704706304,-0.1125705507659478,0.07238587034738614,0.8127085922264425,0.097,-0.25169524763659296,0.020613926497036292,216.0,74.0,-0.007221803474849173,0.02183676378946697,-0.003033066447156299,47.0,74.0,-0.15899891414720757,,111.0,0.0,,,58.0,0.0,-0.02045400892703575,-0.03690807291033393,-0.004990416639838013,0.9999998502425812
tsf__log_amount_change__absolute_maximum__60,return_10,OPPORTUNITY_ENTRY,122,275,DESCRIBED,-1.0,0.13174827998607436,-0.15246467576232936,0.09037881192117943,0.9039244369498647,0.092,-0.33342850417862463,0.038406194336565766,201.0,74.0,-0.01776946382958881,0.0012314522036878993,-0.014697494203864007,42.0,74.0,-0.1684037217164684,,106.0,0.0,,,53.0,0.0,-0.8110092357878478,-0.06383021307732051,-1.2832023307206408,0.9999998502425812
tsf__log_amount_change__absolute_maximum__60,adverse_5,RISK_CONTEXT,127,290,DESCRIBED,1.0,0.015045800910168378,-0.24179359927564278,0.03968303366598725,0.9966806618877203,0.012,-0.39553170904599955,-0.06522406640335085,74.0,216.0,-0.015202733107814975,-0.09659808511254857,-0.008045877541084323,74.0,47.0,0.007838026225290952,,0.0,111.0,,,0.0,58.0,0.03915653812951625,-0.06723728793010642,-0.026163955210869005,0.9999998502425812
tsf__log_amount_change__absolute_maximum__60,range_5,RISK_CONTEXT,127,290,DESCRIBED,-1.0,0.3694132152103959,0.43497175297762775,0.1293010577435215,0.00033704553282243505,0.996,0.16597899799000096,0.6589705495461873,216.0,74.0,0.009798390212275073,0.30506505020922126,0.005599339785742532,47.0,74.0,-0.23887160810848082,,111.0,0.0,,,58.0,0.0,-0.008295711844548803,-0.010294744831212732,-0.13894481597511588,0.00874914028951571
tsf__log_amount_change__absolute_maximum__60,persistence_3,CONFIRMATION,129,296,DESCRIBED,-1.0,0.024400888690531548,-0.08441565839602937,-0.03397233905708482,0.9400812291338514,0.128,-0.2019742165910124,0.04177737727296508,222.0,74.0,-0.09909909909909909,-0.08428328394520583,-0.09321566464423614,49.0,74.0,-0.018189486653903707,,113.0,0.0,,,60.0,0.0,-0.08786641766125469,-0.12518235445771575,-0.00945621337585556,0.9999998502425812
tsf__log_amount_change__minimum__60,return_1,OPPORTUNITY_ENTRY,131,302,DESCRIBED,-1.0,0.01604393584678364,0.018528359416747082,-0.05922709496093172,0.6949617986308247,0.663,-0.04926859369331596,0.09225767613452632,53.0,249.0,-0.0010052677329571477,0.014420248211380835,-0.002426462416950082,53.0,72.0,,,0.0,115.0,,,0.0,62.0,-0.023361014893379384,-0.04173144655508709,-0.030755696821841205,0.9999998502425812
tsf__log_amount_change__minimum__60,return_3,OPPORTUNITY_ENTRY,129,296,DESCRIBED,1.0,0.018831489355131608,-0.05843804707540251,0.10605782978664334,0.647709888091726,0.145,-0.15955514188596256,0.029305018768971243,243.0,53.0,-0.0014660881209168286,0.003453222110907412,0.002580533306598417,70.0,53.0,,,113.0,0.0,,,60.0,0.0,-0.01893586114302037,-0.05076505265394626,-0.022998727522825835,0.9999998502425812
tsf__log_amount_change__minimum__60,return_5,OPPORTUNITY_ENTRY,127,290,DESCRIBED,1.0,0.06011629897349242,-0.07661336428030695,0.12006268474224344,0.706653181044124,0.127,-0.19024496150596407,0.03305229829898875,237.0,53.0,-0.003613984684616562,0.028321086715444862,0.0022195801796738596,68.0,53.0,,,111.0,0.0,,,58.0,0.0,-0.0227872652834038,-0.03690807291033393,-0.05892893898049967,0.9999998502425812
tsf__log_amount_change__minimum__60,return_10,OPPORTUNITY_ENTRY,122,275,DESCRIBED,1.0,0.17801469745912668,-0.11587069967763756,0.15093621072675342,0.8158231438256744,0.095,-0.27997765762694327,0.030626341597496203,222.0,53.0,-0.010679065577977924,0.027994571605965326,-0.0017576067052250538,63.0,53.0,,,106.0,0.0,,,53.0,0.0,-0.22761480214075824,-0.06383021307732051,0.0059240134779691145,0.9999998502425812
tsf__log_amount_change__minimum__60,adverse_5,RISK_CONTEXT,127,290,DESCRIBED,1.0,0.04479062405091559,0.2692658159810748,-0.0008878698381341202,0.0008484357506373166,1.0,0.11795915337798758,0.38771269650571893,237.0,53.0,0.016570915927886537,0.2023335814430566,0.009509677202998446,68.0,53.0,,,111.0,0.0,,,58.0,0.0,0.05860526969513491,-0.06723728793010642,-0.08807247605646373,0.01791781263210333
tsf__log_amount_change__minimum__60,range_5,RISK_CONTEXT,127,290,DESCRIBED,1.0,0.28213207342856944,0.4859066156561141,0.23275499196144445,8.68359948329583e-08,0.998,0.22323630606143186,0.6611249923718555,237.0,53.0,0.012549447977636193,0.4618815175871875,0.009133306001334811,68.0,53.0,,,111.0,0.0,,,58.0,0.0,0.18162648117393587,-0.010294744831212732,-0.03485956521083833,5.152269026755526e-06
tsf__log_amount_change__minimum__60,persistence_3,CONFIRMATION,129,296,DESCRIBED,-1.0,0.04573740776914667,0.1018411444884151,-0.0028762198253723674,0.22388049533597376,0.955,0.0024986833983210426,0.20222443677179172,53.0,243.0,0.04249812356031779,0.0651330355191603,-0.0040431266846361336,53.0,70.0,,,0.0,113.0,,,0.0,60.0,-0.07384179151531911,-0.12518235445771575,-0.058463632544921706,0.9999998502425812
market__large_return_1,return_1,OPPORTUNITY_ENTRY,191,302,DESCRIBED,-1.0,0.06470599379644651,0.1587309396463281,0.17219915430631313,0.00061797639233152,1.0,0.09393129010850919,0.23658773353401305,76.0,71.0,0.007323511148481278,0.17969616897912857,0.01070617754088421,24.0,28.0,0.16371328143373748,0.009439504117787646,31.0,30.0,0.1349629143982162,-0.00038189384095663897,21.0,13.0,0.015282641004952802,-0.0454003542628052,0.018424923690494976,0.013999974269910436
market__large_return_1,return_3,OPPORTUNITY_ENTRY,189,296,DESCRIBED,-1.0,0.1045968767584285,0.12334232057242135,0.16856563805716346,0.00022963978494455116,1.0,0.055908104994434535,0.19971017111107617,73.0,69.0,0.011553452905768325,0.21974012188216444,0.01429592839700645,24.0,27.0,0.13573073347241854,0.013331272106361855,30.0,29.0,0.12514069152436327,0.007834817874454067,19.0,13.0,0.010448376480305388,-0.07918668498525605,0.02092317500121177,0.006654213303276995
market__large_return_1,return_5,OPPORTUNITY_ENTRY,187,290,DESCRIBED,-1.0,0.03449805680674703,0.0504859114684448,0.08353037122504633,0.2376956597389493,0.881,-0.018283027406204213,0.13195167731091068,73.0,69.0,0.005151279870469091,0.12138294804989191,0.007119363591975099,24.0,28.0,0.014595273195084729,0.0026521892848811214,30.0,28.0,0.15088070450165114,0.013604258655754752,19.0,13.0,-0.0007322832260727719,-0.07216042174312598,0.0042862879457398195,0.9999998502425812
market__large_return_1,return_10,OPPORTUNITY_ENTRY,182,275,DESCRIBED,-1.0,0.09626196967013573,-0.009436072009802779,0.032300279853437586,0.6247068135295006,0.439,-0.07532522596715595,0.06674257111431735,69.0,65.0,-0.00429767811252665,0.103903846019119,0.00014569552196754681,23.0,27.0,-0.00040312828242409506,0.0039132020167853415,29.0,26.0,-0.057786919991350216,-0.017806170346447693,17.0,12.0,-0.005654819293801738,-0.09319165103283211,-1.0074541305638007e-06,0.9999998502425812
market__large_return_1,adverse_5,RISK_CONTEXT,187,290,DESCRIBED,1.0,0.048120037831502684,0.065245342229418,0.09746025927570585,0.2873997225278164,0.928,-0.01056645015922672,0.15973589993340415,69.0,73.0,0.001983277527104789,0.11710541448374412,-0.0003778240897688301,28.0,24.0,0.0738413344531368,0.005589044915529969,28.0,30.0,0.09485424387817913,0.005825489508356443,13.0,19.0,-0.0017185177606593438,-0.0606576011806943,0.0003829137907034319,0.9999998502425812
market__large_return_1,range_5,RISK_CONTEXT,187,290,DESCRIBED,-1.0,0.005276023181469506,0.11734175954862794,0.10187230074899409,0.0009809296811933569,1.0,0.05855538084142414,0.16957313873694368,73.0,69.0,0.003500224511607558,0.10503350678056173,0.004798093467912396,24.0,28.0,0.12535435180119978,0.0018936889281054338,30.0,28.0,0.10811476256500858,0.0021941408149162324,19.0,13.0,0.007787541193045144,0.05281824097993837,0.01453330375618278,0.020370639712782045
market__large_return_1,persistence_3,CONFIRMATION,189,296,DESCRIBED,-1.0,0.13063300620619853,0.12341307161694517,0.14016990796651813,0.005801428144220827,0.999,0.05750347669626172,0.19646205565926403,73.0,69.0,0.11832439944411355,0.19953791344311333,0.18518518518518523,24.0,27.0,0.07119798171515737,0.05862068965517242,30.0,29.0,0.17993404679610217,0.15114709851551955,19.0,13.0,0.011504707869991804,-0.12987534037315185,0.0126051595112604,0.10181097841829789
market__large_return_5,return_1,OPPORTUNITY_ENTRY,191,302,DESCRIBED,-1.0,0.05786433450640822,0.07692387356807588,0.12450204779339126,0.12810921572249062,0.937,-0.00498099361434924,0.165284960353242,57.0,65.0,0.00198932548498527,0.12067206819244806,0.006007938760050926,16.0,30.0,0.058996029020661145,0.002188491169216856,21.0,29.0,0.14866363494594145,-0.0012805827930228442,20.0,6.0,-0.0018670989955702488,-0.0454003542628052,-0.0058205715540489145,0.8357281821477661
market__large_return_5,return_3,OPPORTUNITY_ENTRY,189,296,DESCRIBED,-1.0,0.12759236991203188,-0.016703692806960324,0.06495879546727004,0.41953812606412116,0.408,-0.10352074152188383,0.07789117334704454,51.0,65.0,-0.0028858571943451913,0.06758981810339808,-0.0036820024812655437,14.0,30.0,-0.047995743178323995,-0.006170193364846348,18.0,29.0,0.22030130748991184,0.0182341673195742,19.0,6.0,-0.012307475892410658,-0.07918668498525605,-0.0007086266395979202,0.9999998502425812
market__large_return_5,return_5,OPPORTUNITY_ENTRY,187,290,DESCRIBED,-1.0,0.14378120614535306,-0.05031997784454335,0.029029579670265464,0.768879351379768,0.248,-0.15112996794631872,0.07196779779343372,51.0,64.0,-0.009948850998305047,0.0680231574949708,-0.007694997435819939,14.0,30.0,-0.08069192729825768,-0.007338201922202518,18.0,29.0,0.16763851514235562,-0.00892372622112603,19.0,5.0,-0.01701732208190032,-0.07216042174312598,0.003023717537579129,0.9999998502425812
market__large_return_5,return_10,OPPORTUNITY_ENTRY,182,275,DESCRIBED,-1.0,0.2633153085386345,-0.07679456677020086,0.03640460459882865,0.8912626735260754,0.198,-0.2222466820210337,0.0770656747655986,41.0,57.0,-0.02736133102646561,0.10059355287817609,-0.01460964265613069,10.0,27.0,-0.1254265415613247,-0.024766364693571227,17.0,25.0,0.0546088890433766,-0.029246298622144763,14.0,5.0,-0.02394079321105469,-0.09319165103283211,-0.012540365069726667,0.9999998502425812
market__large_return_5,adverse_5,RISK_CONTEXT,187,290,DESCRIBED,1.0,0.0024792976781734875,-0.09171637455842425,0.019964893592158008,0.9262902075168481,0.058,-0.17628774692483912,0.0057180313154017726,64.0,51.0,-0.010229082237415893,0.06127804590848598,-0.005883449793680145,30.0,14.0,-0.06676528416449948,-0.002801014593446883,29.0,18.0,-0.01612382194100484,-0.019215697199088815,5.0,19.0,0.0032531014278966985,-0.0606576011806943,-0.011064572449809962,0.9999998502425812
market__large_return_5,range_5,RISK_CONTEXT,187,290,DESCRIBED,-1.0,0.05335665182651335,0.116420276036903,0.010591704112271621,0.08171770005370665,0.881,-0.04685012473004169,0.2638744176262072,51.0,64.0,0.0018946521329328836,0.059420636338676135,-0.0005517266086619739,14.0,30.0,-0.020734805513325134,-0.0007438563300792879,18.0,29.0,0.16148438463052173,0.0062757584887416645,19.0,5.0,-0.008360412840518583,0.05281824097993837,-0.012634513904623557,0.7094454175211733
market__large_return_5,persistence_3,CONFIRMATION,189,296,DESCRIBED,-1.0,0.1106589409866743,0.02171347380956223,0.06741949962288946,0.31533593060775,0.694,-0.05634546988450311,0.10727635882650655,51.0,65.0,0.015284062342885818,0.13165845813702964,0.07619047619047636,14.0,30.0,-0.08941848208592398,-0.12515964240102162,18.0,29.0,0.2841574280901951,0.2982456140350877,19.0,6.0,-0.014827273543254194,-0.12987534037315185,-0.09153933839196826,0.9999998502425812
market__large_return_20,return_1,OPPORTUNITY_ENTRY,191,302,DESCRIBED,-1.0,0.14001074688072074,0.035950800721142234,0.08658415950503547,0.22179027218794972,0.814,-0.028225432698182368,0.1160698087704101,36.0,58.0,0.0020389573419916096,0.13975080138393559,0.007044434582691132,5.0,36.0,0.0011010564990507215,5.8518848720695744e-06,13.0,22.0,0.24000153231793525,,18.0,0.0,1.1921517191315623e-05,-0.0454003542628052,0.00057895871874869,0.9999998502425812
market__large_return_20,return_3,OPPORTUNITY_ENTRY,189,296,DESCRIBED,-1.0,0.15512137201579876,-0.01981913544946267,0.12784371428439223,0.6405466752322619,0.418,-0.12312476476397181,0.08787797459394964,35.0,55.0,0.0029768802385605267,0.09123297571888339,0.010026629772359966,5.0,34.0,-0.06885901497882087,-0.010072269742339641,13.0,21.0,0.5909154747630008,,17.0,0.0,0.0001226352694618793,-0.07918668498525605,-0.0008558614279452481,0.9999998502425812
market__large_return_20,return_5,OPPORTUNITY_ENTRY,187,290,DESCRIBED,-1.0,0.15342308131957696,9.350046408083858e-06,0.1821181194085296,0.5125029861910593,0.527,-0.11291693138628742,0.12535377422622634,35.0,55.0,0.0044755246687575734,0.11224523278854347,0.009791476011370958,5.0,34.0,-0.0006670938687781884,-0.01298825356998865,13.0,21.0,0.6733350669238154,,17.0,0.0,0.0002883566626168399,-0.07216042174312598,-0.0020888550651865234,0.9999998502425812
market__large_return_20,return_10,OPPORTUNITY_ENTRY,182,275,DESCRIBED,-1.0,0.17489825594553804,-0.04776367210927781,0.19295577161651425,0.7016550316410626,0.333,-0.2168475162625463,0.12934474404964763,33.0,52.0,0.005776358255290881,0.039121207810704044,0.016144859132107343,5.0,34.0,0.015295915047952902,-0.009061906789875132,13.0,18.0,0.7347211801358604,,15.0,0.0,0.001995129850767996,-0.09319165103283211,-0.005959548083229738,0.9999998502425812
market__large_return_20,adverse_5,RISK_CONTEXT,187,290,DESCRIBED,1.0,0.14902313911654477,-0.038610278937393466,0.27955008690496547,0.693060994469286,0.314,-0.15715535011512993,0.09090221604057196,55.0,35.0,0.0038134182250248276,0.1534679798030326,0.01668962384518031,34.0,5.0,0.006067521995115237,0.00664407855006444,21.0,13.0,0.3944048305434087,,0.0,17.0,-0.0016507912104664069,-0.0606576011806943,-0.013178402024869529,0.9999998502425812
market__large_return_20,range_5,RISK_CONTEXT,187,290,DESCRIBED,1.0,0.0886243434792024,-0.07570878346383308,0.2978462575511374,0.710740038330332,0.333,-0.31490852251297524,0.19819470979652384,55.0,35.0,-0.0016506575042887113,0.0329640189687849,0.004557960419988866,34.0,5.0,0.18100626598696598,0.005871190240199806,21.0,13.0,-0.04527268870303192,,0.0,17.0,-0.0070111830792081165,0.05281824097993837,-0.02266435948936807,0.9999998502425812
market__large_return_20,persistence_3,CONFIRMATION,189,296,DESCRIBED,-1.0,0.20590517966647545,-0.01726003775238743,0.08467404230116093,0.554340195282252,0.41,-0.1006719166799975,0.07890895446012425,35.0,55.0,0.07965367965367975,0.09354882107678397,0.30000000000000004,5.0,34.0,-0.07629856745355375,-0.09035409035409048,13.0,21.0,0.46230716031193303,,17.0,0.0,-0.0030744733417562564,-0.12987534037315185,-0.0004182211948136061,0.9999998502425812
market__large_amount_z20,return_1,OPPORTUNITY_ENTRY,191,302,DESCRIBED,-1.0,0.02121129661827858,-0.025861182915590433,-0.010513117052833093,0.6269244096894894,0.321,-0.10809863638075154,0.06645303638275689,78.0,66.0,-0.0033587343879795946,0.047738883213191564,0.0012013981638980932,30.0,30.0,-0.06291286177884503,-0.003874529100340041,23.0,35.0,0.07547101013301122,0.022898399367467265,25.0,1.0,-0.0002208691579652644,-0.0454003542628052,0.0016452388442761423,0.9999998502425812
market__large_amount_z20,return_3,OPPORTUNITY_ENTRY,189,296,DESCRIBED,1.0,0.010199284201544104,0.010236056969911166,-0.044813688881485486,0.38915038835787763,0.537,-0.10197704173852376,0.12047697136868125,63.0,75.0,0.0036356881286519517,-0.1066948114281454,-0.006338772444648155,29.0,30.0,0.05749436839415812,6.32902840206305e-05,33.0,22.0,-0.16880342210923868,-0.030939664531421975,1.0,23.0,0.0004084077399734154,-0.07918668498525605,0.004006135752070983,0.9999998502425812
market__large_amount_z20,return_5,OPPORTUNITY_ENTRY,187,290,DESCRIBED,1.0,0.010977863968825208,-0.0008230914602910539,-0.04432239343532315,0.4547502558374898,0.497,-0.14898409823416814,0.13398104585286974,65.0,75.0,0.00430776309698995,-0.15655700107829362,-0.005150306479904624,30.0,30.0,0.06426777121561132,-0.0003210008480113852,34.0,22.0,-0.20046190256361518,-0.09805351153379009,1.0,23.0,0.0019475576446922327,-0.07216042174312598,-0.0004399515678752408,0.9999998502425812
market__large_amount_z20,return_10,OPPORTUNITY_ENTRY,182,275,DESCRIBED,1.0,0.033329451682163794,-0.04578192689709564,-0.126991719800352,0.6519386367704837,0.32,-0.24725290347476328,0.13818846944286972,59.0,72.0,0.0014718840862366113,-0.2459782874802056,-0.015784503975958927,29.0,29.0,-0.02564710359350399,-0.010057839986587436,29.0,22.0,-0.2507719299141145,-0.14314417035924482,1.0,21.0,0.0006813077091000208,-0.09319165103283211,-0.0014027696820029245,0.9999998502425812
market__large_amount_z20,adverse_5,RISK_CONTEXT,187,290,DESCRIBED,1.0,0.012769163273258565,0.017084677414479946,0.1482196475336334,0.37208110991038523,0.622,-0.09168787935696447,0.1408914841075964,65.0,75.0,-0.0010709736385531958,0.05691361297266904,-0.002298970796563781,30.0,30.0,-0.0011347126696380605,0.006236905211789129,34.0,22.0,0.19181042128264822,0.06621603225225814,1.0,23.0,-0.013679048372699398,-0.0606576011806943,-0.013501422373468186,0.9999998502425812
market__large_amount_z20,range_5,RISK_CONTEXT,187,290,DESCRIBED,1.0,0.17240208618544442,0.10959859955064612,0.3456928226216147,0.1348668244355959,0.812,-0.09640114873996555,0.32352175209650463,65.0,75.0,0.002415842165380558,-0.10800263670523141,-0.0011890524755307323,30.0,30.0,0.2567506458692932,0.006240467882840817,34.0,22.0,0.18771559206425462,0.011731309588988912,1.0,23.0,-0.025895510490521412,0.05281824097993837,-0.004981751590794836,0.8376140075612772
market__large_amount_z20,persistence_3,CONFIRMATION,189,296,DESCRIBED,-1.0,0.032374146439902204,-0.028539106156047458,0.0035267933573018316,0.5830749743967707,0.343,-0.13491818555097485,0.08545950511163122,75.0,63.0,-0.06518518518518501,0.08977598784465275,0.05862068965517242,30.0,29.0,-0.131012211475905,-0.09090909090909094,22.0,33.0,0.1171018349354169,0.4347826086956521,23.0,1.0,-0.0011859243416318943,-0.12987534037315185,-0.0011497912714668601,0.9999998502425812
market__large_amount_ratio20,return_1,OPPORTUNITY_ENTRY,191,302,DESCRIBED,-1.0,0.017399084449996695,-0.0039120367242791556,0.0053973912935506,0.5651929323181879,0.468,-0.09170119356058817,0.08866911240894572,60.0,41.0,-0.0024050357505903267,0.07243566913416612,-0.0002796249892762112,19.0,20.0,-0.03227722276181131,0.0017335648463029521,17.0,21.0,0.09495002002079425,,24.0,0.0,0.00023265909021097375,-0.0454003542628052,0.0027264720414251764,0.9999998502425812
market__large_amount_ratio20,return_3,OPPORTUNITY_ENTRY,189,296,DESCRIBED,1.0,0.01083740602593489,0.0073920347432047005,-0.05342892970011613,0.3719586987422686,0.555,-0.1125556182276498,0.12482619493574362,43.0,58.0,0.007463453621834641,-0.10598447591383277,-0.001523381300342179,22.0,19.0,0.0828437096213089,0.0014040287289498292,21.0,17.0,-0.19274906674289416,,0.0,22.0,0.0020629275691637083,-0.07918668498525605,0.007673645516993455,0.9999998502425812
market__large_amount_ratio20,return_5,OPPORTUNITY_ENTRY,187,290,DESCRIBED,1.0,0.02102071929637385,0.002755389657216036,-0.04218501101534275,0.40258014848200246,0.507,-0.14875650794598214,0.1560111778491424,44.0,58.0,0.0073640501487709994,-0.15220363195817205,-0.0026786591881681485,23.0,19.0,0.09234017060799514,0.004057300181377774,21.0,17.0,-0.24257463934280424,,0.0,22.0,0.003690742181249207,-0.07216042174312598,0.0016907784036753748,0.9999998502425812
market__large_amount_ratio20,return_10,OPPORTUNITY_ENTRY,182,275,DESCRIBED,1.0,0.05452028262446825,-0.049397279349324356,-0.14056893915351548,0.600455718846608,0.338,-0.2513047497955985,0.1594302118645824,41.0,55.0,0.002040979760231397,-0.240898958619701,-0.017163096815707823,22.0,19.0,-0.04734655385315558,-0.020132811099450414,19.0,16.0,-0.2854895875853048,,0.0,20.0,0.0011679032360409902,-0.09319165103283211,-0.0008307302933221461,0.9999998502425812
market__large_amount_ratio20,adverse_5,RISK_CONTEXT,187,290,DESCRIBED,1.0,0.02469659534663372,0.02163351338469494,0.1747406074368017,0.4306098496745938,0.623,-0.0896392599888637,0.14580094472392294,44.0,58.0,-0.0007318492365575649,0.059671964369576225,-0.0067711069208659415,23.0,19.0,0.017370125023697034,0.015257357971105617,21.0,17.0,0.22394347813899607,,0.0,22.0,-0.00886082961627288,-0.0606576011806943,-0.008830940091659523,0.9999998502425812
market__large_amount_ratio20,range_5,RISK_CONTEXT,187,290,DESCRIBED,1.0,0.1841451374335221,0.09020162025626659,0.36197511061470655,0.20316293553057507,0.772,-0.10896771709420638,0.3269630039457437,44.0,58.0,0.002902800487335027,-0.12818106903114765,-0.0030287062756828437,23.0,19.0,0.31187024780602474,0.012214119354555644,21.0,17.0,0.17701142909006456,,0.0,22.0,-0.029230664766407122,0.05281824097993837,-0.012614254207230946,0.9999998502425812
market__large_amount_ratio20,persistence_3,CONFIRMATION,189,296,DESCRIBED,-1.0,0.03714766576709524,-0.0038678004669887335,0.03058297126093736,0.5084872476907949,0.456,-0.11715303476696017,0.1105726844817704,58.0,43.0,-0.031943330660251235,0.11408029600078612,0.04385964912280693,19.0,22.0,-0.10794067741265312,0.05415499533146573,17.0,21.0,0.12693991842497718,,22.0,0.0,-0.00044507086361034176,-0.12987534037315185,-0.0008909934415213261,0.9999998502425812
market__small_return_1,return_1,OPPORTUNITY_ENTRY,191,302,DESCRIBED,-1.0,0.018145682134636496,0.08536507845632624,0.09468514781776742,0.05717049097771628,0.962,0.006329878345080493,0.16389774292376103,75.0,73.0,0.0034598515150977643,0.154132279823378,0.00867105429551147,22.0,27.0,0.03796509362882061,0.002301651027567131,31.0,33.0,0.0937224525656825,0.0014729858536949353,22.0,13.0,0.005814604543427193,-0.0454003542628052,0.0068911192359527584,0.5609010374664132
market__small_return_1,return_3,OPPORTUNITY_ENTRY,189,296,DESCRIBED,-1.0,0.07696122476757683,0.07787619197419442,0.12515350481452175,0.0636875062508247,0.939,-0.004009349817613747,0.17239686645320074,73.0,70.0,0.008319433134626089,0.2381616651943714,0.015907215362350312,22.0,26.0,0.04751595676177425,0.008133977550613975,30.0,31.0,0.06092781897052456,0.005040808907790359,21.0,13.0,-0.00019765015324968438,-0.07918668498525605,0.011287556239032881,0.6057605556376151
market__small_return_1,return_5,OPPORTUNITY_ENTRY,187,290,DESCRIBED,-1.0,0.016653063621715876,-0.008386291079121842,0.013467624978934924,0.6811153900417253,0.471,-0.08406468995356316,0.0769313091179185,73.0,76.0,-0.0027752637356469653,0.10362490890647791,0.008651312457077811,22.0,29.0,-0.07431998168976706,-0.00674372590555262,30.0,33.0,0.0946255820623713,-0.0007758717822321324,21.0,14.0,-0.004501931232980372,-0.07216042174312598,-0.0025686113965019963,0.9999998502425812
market__small_return_1,return_10,OPPORTUNITY_ENTRY,182,275,DESCRIBED,-1.0,0.017439563184963536,-0.0683307910247901,-0.023501918582845272,0.8841561354291885,0.138,-0.15013415522975543,0.02940336397978374,72.0,64.0,-0.012248160639547884,0.04871606168291627,0.005208126435255346,22.0,25.0,-0.08499648700427805,-0.007816651450673236,29.0,28.0,-0.07712166117997177,-0.022317801301204396,21.0,11.0,-0.0010154449753418948,-0.09319165103283211,-0.0017563670387603647,0.9999998502425812
market__small_return_1,adverse_5,RISK_CONTEXT,187,290,DESCRIBED,1.0,0.026565477269166568,0.0005630820477308402,0.03521047238660839,0.7239525468348129,0.558,-0.08927066333725052,0.10103178631630486,76.0,73.0,-0.0033869003334482464,0.08985795125409994,0.0017993058120063105,29.0,22.0,-0.004366371543422114,0.0006453030768361102,33.0,30.0,-0.06739187795661566,-0.008054058139385041,14.0,21.0,-0.0009187868960627288,-0.0606576011806943,-0.0020021553091396083,0.9999998502425812
market__small_return_1,range_5,RISK_CONTEXT,187,290,DESCRIBED,1.0,0.014686613398713202,-0.11576321750410828,-0.10578935909279333,0.9808053844570892,0.032,-0.19789725782851114,-0.021138513948744546,76.0,73.0,-0.003578643247413804,-0.1351003904735031,-0.004474091681324219,29.0,22.0,-0.07273142279913788,0.00023898483696208755,33.0,30.0,-0.23774869821589617,-0.006769387726652417,14.0,21.0,0.0069638916785956795,0.05281824097993837,0.01760741216826589,0.9999998502425812
market__small_return_1,persistence_3,CONFIRMATION,189,296,DESCRIBED,-1.0,0.06683019299989612,0.08572914894498711,0.1073524988779226,0.06592956474407875,0.967,0.00864562098697802,0.17744182233992117,73.0,70.0,0.08408349641226365,0.1909267412771722,0.20512820512820518,22.0,26.0,0.017316872078880607,0.01971326164874554,30.0,31.0,0.12736206346828566,0.0818070818070818,21.0,13.0,0.0021643739173242693,-0.12987534037315185,0.0010663814814321215,0.6176559223392641
market__small_return_5,return_1,OPPORTUNITY_ENTRY,191,302,DESCRIBED,-1.0,0.06659014112515686,0.03991769202345438,0.07021880379936962,0.367874839988525,0.816,-0.04031107145396557,0.12966163423614022,70.0,87.0,0.0009885180349618263,0.1289150941129468,0.004034178193310596,13.0,33.0,-0.0008189345981213644,0.0014052765529884359,31.0,42.0,0.042800447629025566,0.002885837353070988,26.0,12.0,-0.006923846388313004,-0.0454003542628052,-0.016042462873044894,0.9999998502425812
market__small_return_5,return_3,OPPORTUNITY_ENTRY,189,296,DESCRIBED,-1.0,0.09943768847070077,-0.05782495859846114,0.029016690033639183,0.7729327120707616,0.169,-0.1369508103825246,0.039767849424542374,70.0,86.0,-0.005526069627102187,0.07611611041609645,0.003539289641632166,13.0,32.0,-0.10246634589798016,-0.00875538042825442,31.0,42.0,0.112761522711253,0.0021086664644261854,26.0,12.0,-0.011822764655413431,-0.07918668498525605,-0.02464752418559013,0.9999998502425812
market__small_return_5,return_5,OPPORTUNITY_ENTRY,187,290,DESCRIBED,-1.0,0.038485836546676346,-0.1259286361561302,-0.05004815752862697,0.935544359382364,0.043,-0.2221866628411052,-0.0036775013556414916,70.0,80.0,-0.018766813733405788,0.03666170487554577,0.002511608919496788,13.0,30.0,-0.17934038280039452,-0.02537451586247292,31.0,40.0,0.08314989453814833,-0.008730257312680855,26.0,10.0,0.0009539801915308121,-0.07216042174312598,-0.03153908732087496,0.9999998502425812
market__small_return_5,return_10,OPPORTUNITY_ENTRY,182,275,DESCRIBED,-1.0,0.12117221892211996,-0.11245405402870524,0.010287066155044575,0.9193612015692837,0.144,-0.26767989309940515,0.06617426575039191,68.0,72.0,-0.026714503345942393,0.0906900817420573,0.005242313009660295,13.0,28.0,-0.18725494359643946,-0.03241177621126033,31.0,35.0,0.10664845067479148,-0.009775357386494134,24.0,9.0,-0.002097544285757591,-0.09319165103283211,-0.03283323369547464,0.9999998502425812
market__small_return_5,adverse_5,RISK_CONTEXT,187,290,DESCRIBED,-1.0,0.02457543011393513,0.11635640787559207,-0.018603936001535138,0.06965342137894732,0.945,-0.0021614171304928076,0.2030320084935487,70.0,80.0,0.01101237246615542,-0.02147783454590364,0.0032206301713762486,13.0,30.0,0.06436343584439268,0.0018607863396716828,31.0,40.0,0.16623819656182395,0.020709564305232367,26.0,10.0,0.008721621702110216,-0.0606576011806943,-0.005492737629557043,0.6428236857541543
market__small_return_5,range_5,RISK_CONTEXT,187,290,DESCRIBED,-1.0,0.012104573532164473,0.09537805610317757,-0.008924211243645112,0.23820172671656548,0.764,-0.11931366667569356,0.29303862428671434,70.0,80.0,0.002238265714275923,0.10117061629642114,0.0026875633140998195,13.0,30.0,-0.15444138395977297,-0.004307690536706269,31.0,40.0,0.34439454467411584,0.010105571595698803,26.0,10.0,-0.031897764833509035,0.05281824097993837,-0.05532669278973912,0.9999998502425812
market__small_return_5,persistence_3,CONFIRMATION,189,296,DESCRIBED,-1.0,0.12201576609902223,-0.006666041092415229,0.035523350777588066,0.5159006437085796,0.512,-0.0789470615649004,0.07758351708922041,70.0,86.0,0.001993355481727521,0.10509032257983282,0.13060897435897434,13.0,32.0,-0.08166851145224155,-0.05427547363031249,31.0,42.0,0.16073951082954513,0.11324786324786323,26.0,12.0,-0.022059395813900373,-0.12987534037315185,-0.07227638314177298,0.9999998502425812
market__small_return_20,return_1,OPPORTUNITY_ENTRY,191,302,DESCRIBED,-1.0,0.10046259778641002,0.050161347815143364,0.0659513422244955,0.11499330694648119,0.918,-0.00903958698346913,0.11894010814613837,48.0,57.0,0.0008653892831037297,0.11308269985864923,0.010164380700573437,6.0,23.0,-0.007467370196680994,-0.0045112177056797435,22.0,31.0,0.19639385475153964,0.015143961395062928,20.0,3.0,-5.733565315035882e-05,-0.0454003542628052,-0.00010372128133928626,0.8058227446673989
market__small_return_20,return_3,OPPORTUNITY_ENTRY,189,296,DESCRIBED,-1.0,0.1097391788140345,0.04672618093239556,0.15651660905898193,0.23178706070747834,0.788,-0.04191221449956984,0.14953990035352363,48.0,55.0,0.001871742611800807,0.10606242369746074,0.013527666599869488,6.0,22.0,-0.05423069162330999,-0.011198383842988636,22.0,30.0,0.569197497975919,0.049180867399502226,20.0,3.0,-0.0032531009868581595,-0.07918668498525605,-0.0067616925898996705,0.9999998502425812
market__small_return_20,return_5,OPPORTUNITY_ENTRY,187,290,DESCRIBED,-1.0,0.10045883324129808,0.06420380336688819,0.17709841971961618,0.2362335267148964,0.858,-0.032776323676184556,0.1749096258274275,48.0,55.0,0.008535768144667834,0.14425298689962174,0.015179367089997089,6.0,22.0,-0.04311406438351437,-0.006461480835377502,22.0,30.0,0.6634602651303603,0.08313971977412164,20.0,3.0,-0.003559849500105239,-0.07216042174312598,-0.011331406304167624,0.9999998502425812
market__small_return_20,return_10,OPPORTUNITY_ENTRY,182,275,DESCRIBED,-1.0,0.10957006231630327,0.0122215070032959,0.19027667984189725,0.4621317514083823,0.59,-0.11351044850332251,0.16078599147022998,46.0,54.0,0.00929062682410959,0.12496515737161253,0.02383037637709631,6.0,21.0,-0.07071466257204684,-0.00510566517608705,22.0,30.0,0.7766364955469319,0.10749394816426772,18.0,3.0,-0.004920337337328995,-0.09319165103283211,-0.01993714157562021,0.9999998502425812
market__small_return_20,adverse_5,RISK_CONTEXT,187,290,DESCRIBED,1.0,0.1291144062983646,0.07179300006965118,0.32260033433502633,0.1869615963471979,0.823,-0.05052713784692839,0.21424972241626733,55.0,48.0,0.008700405102386611,0.13491049430661492,0.018706494897946086,22.0,6.0,0.08805457112947505,0.006717022199477309,30.0,22.0,0.43742868613555513,0.04595551515992763,3.0,20.0,0.0012994291318740858,-0.0606576011806943,-0.007705880955224398,0.9999998502425812
market__small_return_20,range_5,RISK_CONTEXT,187,290,DESCRIBED,1.0,0.17543557012247715,-0.0043465348648434494,0.3076214363121297,0.5319224628335619,0.504,-0.257307966281078,0.24625866797432558,55.0,48.0,0.0025630847189208467,-0.0885861137824586,0.004825045843331852,22.0,6.0,0.23757723618194537,0.007838564274705969,30.0,22.0,-0.04915206580518095,-0.0021149940138082655,3.0,20.0,-0.010543436792824323,0.05281824097993837,-0.026911511797708787,0.9999998502425812
market__small_return_20,persistence_3,CONFIRMATION,189,296,DESCRIBED,-1.0,0.16382626089007127,0.037523357521057336,0.09914583304413811,0.3302216954995625,0.783,-0.0396553569963441,0.1303315552204394,48.0,55.0,0.036994949494949636,0.0597963150962767,0.3030303030303031,6.0,22.0,-0.011997986857917645,-0.13030303030303014,22.0,30.0,0.40501308479859116,0.6166666666666666,20.0,3.0,-0.0031379720041646575,-0.12987534037315185,-0.0007726890552248733,0.9999998502425812
market__small_amount_z20,return_1,OPPORTUNITY_ENTRY,191,302,DESCRIBED,1.0,0.04731207611243348,0.030748184262017444,0.007674242155244545,0.27989474119494484,0.719,-0.060070389531362615,0.10827312578393672,66.0,64.0,0.003149691647907639,-0.06767623615802904,7.474069058248053e-05,31.0,17.0,0.057436608977795116,0.0019325434036700224,34.0,22.0,-0.012204338109247573,-0.021224181206381382,1.0,25.0,0.0010691226887036276,-0.0454003542628052,0.003225949631466829,0.9999998502425812
market__small_amount_z20,return_3,OPPORTUNITY_ENTRY,189,296,DESCRIBED,1.0,0.05398883908950851,0.04575679506480282,-0.008811430845329149,0.19311877134485478,0.74,-0.06701281861399584,0.14115980929251976,66.0,58.0,0.0072971058557681975,-0.12205374126057499,-0.0028529868499976357,33.0,15.0,0.09748965199325371,0.005236664639310296,32.0,21.0,-0.09347119589691841,-0.026418917403001903,1.0,22.0,0.006390507926706923,-0.07918668498525605,0.009276824204401346,0.9999998502425812
market__small_amount_z20,return_5,OPPORTUNITY_ENTRY,187,290,DESCRIBED,1.0,0.12287334853973192,0.053938025656142204,-0.009264696656772745,0.2326300728983816,0.738,-0.08336363456426125,0.17657396318617016,72.0,58.0,0.004993664233024775,-0.10317424578236618,-0.00879563425360977,34.0,15.0,0.09763002435718776,0.003453250740127752,36.0,21.0,-0.16019201722303658,-0.07898720475012654,2.0,22.0,0.012367914647477107,-0.07216042174312598,0.005551135426178133,0.9999998502425812
market__small_amount_z20,return_10,OPPORTUNITY_ENTRY,182,275,DESCRIBED,1.0,0.14323393319890923,-0.006673786472827354,-0.11321831453218316,0.5129837870047318,0.481,-0.19432338879890154,0.18834381107217243,57.0,56.0,-0.0011253562952992478,-0.21984476591097318,-0.032591353294725914,28.0,15.0,-0.00047875827067104853,-0.008753068806820377,28.0,21.0,-0.21523199823052308,-0.13912103921058405,1.0,20.0,0.006812806464090104,-0.09319165103283211,-0.0017005158730023506,0.9999998502425812
market__small_amount_z20,adverse_5,RISK_CONTEXT,187,290,DESCRIBED,-1.0,0.08474131149622295,0.08179488909108737,-0.0672771130576402,0.18956551023721463,0.835,-0.048716616752430324,0.19240614348777688,58.0,72.0,0.006029990163517948,0.00032188279356890824,0.004194416132146286,15.0,34.0,0.04476439590751268,-0.004209593631880129,21.0,36.0,-0.02267797093610795,-0.04425647374595613,22.0,2.0,-0.006167048704162514,-0.0606576011806943,-0.007005165068975305,0.9999998502425812
market__small_amount_z20,range_5,RISK_CONTEXT,187,290,DESCRIBED,1.0,0.16316950440249728,-0.027830020838369447,0.20628323515265873,0.5519838230156915,0.431,-0.2663483034168352,0.22599417995760931,72.0,58.0,-0.0017261449959819763,-0.24472289264718153,-0.004442772716329497,34.0,15.0,0.22559140849556342,0.005644035288841991,36.0,21.0,-0.015262243669348087,0.00045817737629701843,2.0,22.0,-0.0304602474009823,0.05281824097993837,-0.02072085149551217,0.9999998502425812
market__small_amount_z20,persistence_3,CONFIRMATION,189,296,DESCRIBED,1.0,0.00339173537508962,0.053567423951649734,0.024677373829916197,0.21008168266737237,0.787,-0.05432783923415832,0.14557711526222386,66.0,58.0,0.06287008011145934,-0.09442332803795626,-0.03232323232323231,33.0,15.0,0.12336141692237791,0.07440476190476186,32.0,21.0,-0.033985380280552806,-0.4393939393939393,1.0,22.0,0.004162460801800827,-0.12987534037315185,0.009552186173455435,0.9999998502425812
market__small_amount_ratio20,return_1,OPPORTUNITY_ENTRY,191,302,DESCRIBED,1.0,0.030061966748299168,0.010613769713747228,-0.012544681455450556,0.38534223312442545,0.565,-0.08553593704906477,0.09290735376019858,34.0,53.0,0.0011551613048577315,-0.08652055830568381,-0.007778585132629568,20.0,17.0,0.04206056644110588,0.002063560256858688,14.0,14.0,-0.0023182275020296114,,0.0,22.0,-0.00048034349517434016,-0.0454003542628052,0.0006812210863123003,0.9999998502425812
market__small_amount_ratio20,return_3,OPPORTUNITY_ENTRY,189,296,DESCRIBED,1.0,0.051836288868513415,0.02928257812127958,-0.04525557915388423,0.29722447129958995,0.664,-0.09239277377745186,0.14661851430278525,35.0,51.0,0.0015364429659099864,-0.1481712087723639,-0.01799698411130644,21.0,17.0,0.1057276174090263,0.009291482240248321,14.0,14.0,-0.13571531153151448,,0.0,20.0,0.0039482240741963714,-0.07918668498525605,0.005795582743206573,0.9999998502425812
market__small_amount_ratio20,return_5,OPPORTUNITY_ENTRY,187,290,DESCRIBED,1.0,0.12595731717891792,0.0398484094304075,-0.03306866168813356,0.2921891398053384,0.685,-0.10582992811445116,0.17169426780839278,40.0,51.0,0.00376196007554264,-0.14305171636613334,-0.017852657021519808,24.0,17.0,0.1122489534677,0.012378382731930843,16.0,14.0,-0.2443049609113272,,0.0,20.0,0.00971336545016488,-0.07216042174312598,0.0038480163727016015,0.9999998502425812
market__small_amount_ratio20,return_10,OPPORTUNITY_ENTRY,182,275,DESCRIBED,1.0,0.16448746774129658,-0.016443214468022084,-0.13801275208447536,0.5183219197032307,0.438,-0.22140262594110355,0.16260175468263358,34.0,49.0,0.0086660247830299,-0.24671652700765243,-0.02705148507212999,20.0,17.0,-0.015783188204686865,0.008794472977830176,14.0,14.0,-0.31806821202076313,,0.0,18.0,0.0061006811768659075,-0.09319165103283211,0.0007657542029277931,0.9999998502425812
market__small_amount_ratio20,adverse_5,RISK_CONTEXT,187,290,DESCRIBED,-1.0,0.06777634308156082,0.05931372191917257,-0.1215481261616543,0.24674361696914837,0.752,-0.07861870557312783,0.18116400291155152,51.0,40.0,0.004687703649356147,-0.021937552414104056,-0.0012368329943111024,17.0,24.0,0.015454190755029807,-0.006727493776125682,14.0,16.0,-0.05821329146715219,,20.0,0.0,-0.004063244582631187,-0.0606576011806943,0.0007465126240565612,0.9999998502425812
market__small_amount_ratio20,range_5,RISK_CONTEXT,187,290,DESCRIBED,1.0,0.18158511922894824,-0.03800702820356873,0.23561615189979299,0.563136188106188,0.464,-0.27746608209468365,0.2550985232571872,40.0,51.0,-0.0015354785903329143,-0.26153318077510906,-0.006137008587971657,24.0,17.0,0.2837338274103009,0.01157749468141582,16.0,14.0,-0.03789559058490976,,0.0,20.0,-0.041266745519718206,0.05281824097993837,-0.027737046311312685,0.9999998502425812
market__small_amount_ratio20,persistence_3,CONFIRMATION,189,296,DESCRIBED,-1.0,0.017287058108391238,-0.027694111398988523,0.012001369628488273,0.6446010707509133,0.328,-0.13290984568225372,0.08329679698215711,51.0,35.0,-0.0011204481792717047,0.1127739402635327,0.17833800186741366,17.0,21.0,-0.09505258877094587,-0.023809523809523836,14.0,14.0,0.0420110290637858,,20.0,0.0,0.0007461758146203312,-0.12987534037315185,0.004247075701127367,0.9999998502425812
market__growth_return_1,return_1,OPPORTUNITY_ENTRY,191,302,DESCRIBED,-1.0,0.018330824582384542,0.1177358284603346,0.12247832558662348,0.013971555867481273,0.994,0.04417137912985731,0.19925442148820302,68.0,85.0,0.008690712452024917,0.13958894758278073,0.011012732073652332,22.0,36.0,0.12851029427873314,0.010625581029844275,24.0,35.0,0.08960131877967738,0.007031817882740385,22.0,14.0,0.007827953515348596,-0.0454003542628052,0.00802486203814523,0.2097416700106225
market__growth_return_1,return_3,OPPORTUNITY_ENTRY,189,296,DESCRIBED,-1.0,0.08270343243803487,0.07391038016601051,0.10145199128249974,0.056337700947650525,0.945,-0.0023899694302261004,0.15721947491643518,64.0,85.0,0.0076400840870180595,0.15665200086760536,0.009643922524228916,22.0,36.0,0.11384749924967333,0.017786301789347522,23.0,35.0,0.03661130463115503,-0.002436197025871851,19.0,14.0,-6.403108114416689e-05,-0.07918668498525605,0.010630047964131917,0.5605933050256657
market__growth_return_1,return_5,OPPORTUNITY_ENTRY,187,290,DESCRIBED,-1.0,0.04533461426845094,0.027899293923795324,0.04551655253598899,0.4287775370206015,0.735,-0.05263163907924576,0.11354408340438231,64.0,84.0,0.0037267627888094516,0.06281179514663612,0.006017734917692301,22.0,36.0,0.06102719913531068,0.017362496349152726,23.0,33.0,0.07138241548118336,-0.0035884305378669212,19.0,15.0,-0.005112680019469629,-0.07216042174312598,0.0021637237574820833,0.9999998502425812
market__growth_return_1,return_10,OPPORTUNITY_ENTRY,182,275,DESCRIBED,-1.0,0.06759746677509239,-0.03565331386556682,0.0015417904849831224,0.7835913785151586,0.249,-0.11486095304034172,0.04941533373493419,62.0,76.0,-0.005357257640783632,-0.020341499519852545,-0.0030979699662313925,21.0,35.0,0.0910705706113503,0.0239957208303985,22.0,29.0,-0.09825485388231371,-0.027519693868099077,19.0,12.0,-0.010511239883673307,-0.09319165103283211,-0.005951460243830642,0.9999998502425812
market__growth_return_1,adverse_5,RISK_CONTEXT,187,290,DESCRIBED,1.0,0.023033327152316665,0.016450886192460233,0.04531974015845856,0.623399620472212,0.66,-0.06709123309997839,0.11646071131213809,84.0,64.0,-0.0006932148436721748,0.09009383146046991,-0.00045369227070593196,36.0,22.0,0.05604472591479388,0.011784013979943615,33.0,23.0,-0.012343401728311566,-0.008315116831211444,15.0,19.0,-0.002648013482938083,-0.0606576011806943,-0.000647437940392237,0.9999998502425812
market__growth_return_1,range_5,RISK_CONTEXT,187,290,DESCRIBED,-1.0,0.02256302783171046,0.12140185149947955,0.0907976682653572,0.007502098315788292,0.994,0.03698866789043682,0.19351375917575644,64.0,84.0,0.004521062071283645,0.09736150549847612,0.00524694868439636,22.0,36.0,0.06247970527709452,0.0003627210214862432,23.0,33.0,0.193800641599625,0.0071654485503934474,19.0,15.0,0.006191341324016442,0.05281824097993837,0.017700551363239114,0.1263191148847596
market__growth_return_1,persistence_3,CONFIRMATION,189,296,DESCRIBED,-1.0,0.07463385937826386,0.07162230870902182,0.07948009642924897,0.1156171939428664,0.945,-0.0009745629554722491,0.15230328711545316,64.0,85.0,0.12046568627450971,0.14453760226215745,0.1515151515151515,22.0,36.0,0.0417694251677867,0.16231884057971024,23.0,35.0,0.10377879196404813,0.09273182957393478,19.0,14.0,0.0009389012099081384,-0.12987534037315185,0.0028499150921081906,0.8058227446673989
market__growth_return_5,return_1,OPPORTUNITY_ENTRY,191,302,DESCRIBED,-1.0,0.07144604002213936,0.05539681808429946,0.0884349177255628,0.29958158498918785,0.857,-0.031557847533998505,0.15609370470759293,61.0,83.0,0.003453455059182711,0.111492660706622,0.006962923298497037,15.0,43.0,0.08854785468087933,0.006678399502030462,18.0,30.0,0.028553077026211092,0.004519136343292339,28.0,10.0,-0.008299235151002282,-0.0454003542628052,-0.010201770802951815,0.9999998502425812
market__growth_return_5,return_3,OPPORTUNITY_ENTRY,189,296,DESCRIBED,-1.0,0.14081073466713517,-0.008255430174892138,0.07125260854074413,0.5050522748978487,0.479,-0.12118960954932911,0.10655524819771114,59.0,83.0,0.003311995084641536,-0.02532874552405331,-0.0012947465770285025,15.0,43.0,0.12193833784328743,0.020973369225136745,16.0,30.0,0.0979779087696102,0.013814057634136907,28.0,10.0,-0.024059864294954547,-0.07918668498525605,-0.0025779976335469357,0.9999998502425812
market__growth_return_5,return_5,OPPORTUNITY_ENTRY,187,290,DESCRIBED,-1.0,0.10304914668028119,-0.06033708820531339,0.013979337160514025,0.766698367806292,0.268,-0.19444141679611687,0.09431954458751371,59.0,83.0,-0.0037459671974973564,-0.07135379670946503,-0.011467192877021578,15.0,45.0,0.10394985104056684,0.027041027496610165,16.0,30.0,0.07883805196395782,-0.007190517719848343,28.0,8.0,-0.030936268718169346,-0.07216042174312598,-0.012038619551448804,0.9999998502425812
market__growth_return_5,return_10,OPPORTUNITY_ENTRY,182,275,DESCRIBED,-1.0,0.151118662085525,-0.08710028278160155,0.015410403623669255,0.8936615994549282,0.188,-0.24434741985338376,0.08973625889783007,54.0,71.0,-0.020544468099834096,-0.075699665610504,-0.011277190496760913,15.0,40.0,0.07715295256379284,0.009883703040867647,14.0,23.0,0.05182496812464553,-0.017726136238228468,25.0,8.0,-0.03279305523281928,-0.09319165103283211,-0.03805842556537775,0.9999998502425812
market__growth_return_5,adverse_5,RISK_CONTEXT,187,290,DESCRIBED,-1.0,0.008445767470149669,0.10013626347718371,-0.020275365117712253,0.10650894397995297,0.871,-0.037780705467640785,0.21544033565300513,59.0,83.0,0.00892579513380028,0.0007267245106395361,0.009186999940547311,15.0,45.0,-0.0972800064621188,-0.011931672257677044,16.0,30.0,0.1354894390309548,0.01377237346017697,28.0,8.0,-0.008331739840044872,-0.0606576011806943,-0.006465003084235699,0.7852671254379965
market__growth_return_5,range_5,RISK_CONTEXT,187,290,DESCRIBED,-1.0,0.0494734987649518,0.12528855551252596,-0.032235161269292226,0.09381221519441069,0.836,-0.06651665161870904,0.30443865041219775,59.0,83.0,0.004071331703041168,0.04116362764392835,0.004697880221449624,15.0,45.0,-0.17149728664728803,-0.0028706462671742525,16.0,30.0,0.291565395143833,0.007029409464034554,28.0,8.0,-0.02597262052571403,0.05281824097993837,-0.0006827102871216351,0.7324241821585622
market__growth_return_5,persistence_3,CONFIRMATION,189,296,DESCRIBED,-1.0,0.12021059173702867,0.01060390033428257,0.05044165891623518,0.4762226340463982,0.582,-0.08698987330258925,0.1106120390983579,59.0,83.0,0.037369818256075105,0.09465044079335518,0.07183462532299756,15.0,43.0,0.017133043044728236,0.08611111111111114,16.0,30.0,0.13067959789889014,0.16666666666666663,28.0,10.0,-0.028156125355880857,-0.12987534037315185,-0.06286002968993287,0.9999998502425812
market__growth_return_20,return_1,OPPORTUNITY_ENTRY,191,302,DESCRIBED,-1.0,0.09438648098961831,0.02308339156889569,0.0834207048347791,0.16106218564855918,0.664,-0.06160353655251797,0.11695043264750091,33.0,81.0,-0.0005731980492390772,0.041212338308282706,0.004124793118942319,5.0,51.0,0.05500664303959398,,0.0,29.0,0.20744565013135555,0.007337850821747276,28.0,1.0,-0.000297479407907808,-0.0454003542628052,-0.0001279752438467785,0.9138605709580289
market__growth_return_20,return_3,OPPORTUNITY_ENTRY,189,296,DESCRIBED,-1.0,0.09034667434577966,0.007304957581261811,0.17322977831452407,0.38469532558677366,0.565,-0.11325115785673585,0.14456575714211994,33.0,81.0,-0.0005437689186693819,0.019615091741288764,0.003523754354620507,5.0,51.0,0.09519184496076008,,0.0,29.0,0.5725889804479803,0.05725859307545459,28.0,1.0,0.0004452352912330815,-0.07918668498525605,-0.0005425561862690831,0.9999998502425812
market__growth_return_20,return_5,OPPORTUNITY_ENTRY,187,290,DESCRIBED,-1.0,0.0486883498757776,0.021970463246081047,0.20974122862586828,0.35012544656818867,0.643,-0.11918622242195587,0.16862874939309247,33.0,81.0,0.0027755078563281767,0.04072426789133065,0.0019842823119275363,5.0,51.0,0.15440491583074206,,0.0,29.0,0.6651887371088406,0.07357772149759026,28.0,1.0,0.0007509495875529515,-0.07216042174312598,-0.002183787720457353,0.9999998502425812
market__growth_return_20,return_10,OPPORTUNITY_ENTRY,182,275,DESCRIBED,-1.0,0.030276881182889553,-0.04820233765791364,0.19083119356048586,0.6816792549348469,0.353,-0.23479511345864973,0.12457896289855741,30.0,77.0,-0.0001482489725176568,0.025131810505204893,0.016778322481276288,5.0,50.0,0.08248535181148245,,0.0,26.0,0.7319530332785009,0.07190693225925307,25.0,1.0,0.006979777857011427,-0.09319165103283211,-0.00655189408225576,0.9999998502425812
market__growth_return_20,adverse_5,RISK_CONTEXT,187,290,DESCRIBED,1.0,0.0774989350871934,-0.0356570388961281,0.28549726492299105,0.6631773500043163,0.372,-0.18080290111061215,0.1282283167776431,81.0,33.0,0.00047749715811304383,0.07957836680218011,0.01154674626785078,51.0,5.0,0.06548865581744234,,29.0,0.0,0.4395509415488911,0.04794720897608344,1.0,28.0,0.0004739468355843268,-0.0606576011806943,-0.004698190621146958,0.9999998502425812
market__growth_return_20,range_5,RISK_CONTEXT,187,290,DESCRIBED,1.0,0.10039859208174441,-0.14218005349715215,0.23647868214432005,0.8403557791539679,0.192,-0.3699887836152806,0.1418984428299008,81.0,33.0,-0.0019923964419241644,-0.06931756905354497,0.002938528005472639,51.0,5.0,0.020364946260791453,,29.0,0.0,-0.07115011029143219,0.0006660438032419329,1.0,28.0,-0.005566156573992842,0.05281824097993837,-0.010435508174240438,0.9999998502425812
market__growth_return_20,persistence_3,CONFIRMATION,189,296,DESCRIBED,-1.0,0.14752803615728408,-0.03177317677388565,0.0980339353220709,0.5024275508880574,0.341,-0.13210428615256695,0.08503401208689451,33.0,81.0,-0.05387205387205385,-0.03136100671136641,0.15947712418300664,5.0,51.0,0.0006280351618101091,,0.0,29.0,0.3929796181397649,0.5357142857142857,28.0,1.0,-0.006365002336763181,-0.12987534037315185,-0.0031285452052256524,0.9999998502425812
market__growth_amount_z20,return_1,OPPORTUNITY_ENTRY,191,302,DESCRIBED,-1.0,0.028419796293157183,-0.013433955026496826,-0.004645411847074568,0.6382757898604243,0.386,-0.1093568142656469,0.07875501107026465,55.0,69.0,-0.0015539674972393203,0.092203693285944,-0.0005962417017888722,16.0,29.0,-0.04285959716277898,0.003306368747455812,17.0,38.0,0.0014988916691960853,0.007596448915444677,22.0,2.0,-0.0003821540730097883,-0.0454003542628052,0.0004220726752592885,0.9999998502425812
market__growth_amount_z20,return_3,OPPORTUNITY_ENTRY,189,296,DESCRIBED,-1.0,0.031370175536938154,-0.062067091087459,-0.014758672385791028,0.8072067118087116,0.182,-0.17186526741695357,0.05328512117571542,53.0,69.0,-0.003860561298894059,0.044569687728021855,0.0035943280848555097,16.0,30.0,-0.06592286933983446,0.0061475588161459815,17.0,36.0,0.015537057647083914,-0.0015397196425293311,20.0,3.0,0.007182707600536187,-0.07918668498525605,0.006393151387778961,0.9999998502425812
market__growth_amount_z20,return_5,OPPORTUNITY_ENTRY,187,290,DESCRIBED,1.0,0.010479620895014436,0.09941506678635113,0.0637462990047444,0.1221015199286663,0.868,-0.039431780373875534,0.23728722822930887,69.0,53.0,0.00734128061893358,-0.04799701962183207,0.0005563674414587085,31.0,16.0,0.12250388920529982,-0.003371295753468881,35.0,17.0,-0.04194169044824298,-0.020191198946320613,3.0,20.0,0.01655433448212007,-0.07216042174312598,0.0092973127837358,0.826839640386512
market__growth_amount_z20,return_10,OPPORTUNITY_ENTRY,182,275,DESCRIBED,1.0,0.07399323398354893,0.07939834410687131,0.019522229595222294,0.26676438483655407,0.766,-0.09107388712574858,0.23721980878773785,63.0,48.0,0.0034319342051754576,-0.0807377846298164,-0.020229476630368892,30.0,14.0,0.058284576710191875,-0.008800952855200106,30.0,16.0,-0.1100288480704338,-0.05168137693963119,3.0,18.0,0.01776405774657186,-0.09319165103283211,0.009319004610688797,0.9999998502425812
market__growth_amount_z20,adverse_5,RISK_CONTEXT,187,290,DESCRIBED,-1.0,0.019363489271036552,0.08984819992300497,-0.010731932931262048,0.1262556735730982,0.867,-0.04205648943245273,0.20189156862271745,53.0,69.0,0.005267048340620608,0.018249758048946036,0.008152340551784158,16.0,31.0,0.06363327407390656,-0.007717739354032218,17.0,35.0,0.0320024637316014,-0.00622522659675033,20.0,3.0,-0.0006529507715469229,-0.0606576011806943,-0.0038563759977752188,0.8357281821477661
market__growth_amount_z20,range_5,RISK_CONTEXT,187,290,DESCRIBED,1.0,0.10519747925375929,0.006986828287393755,0.2079044771125656,0.4344878587283667,0.537,-0.2013754042874663,0.24066959035256086,69.0,53.0,0.0003694891466760747,-0.14919093502425837,-0.0029087927742038264,31.0,16.0,0.2268119153845841,0.005278041452068477,35.0,17.0,0.04181860404927528,-0.0010223984563308072,3.0,20.0,-0.0327422204652108,0.05281824097993837,-0.02042609653359051,0.9999998502425812
market__growth_amount_z20,persistence_3,CONFIRMATION,189,296,DESCRIBED,-1.0,0.06508774314307146,-0.05099543342802949,-0.02296302465793991,0.7438652935172314,0.229,-0.16026666064198425,0.06721109428095343,53.0,69.0,-0.05815331328046658,0.09045611175574746,0.029166666666666785,16.0,30.0,-0.12756942027477727,-0.028867102396514244,17.0,36.0,-0.019338022359897136,0.09999999999999998,20.0,3.0,-0.0035371835572981514,-0.12987534037315185,-0.000245808924432378,0.9999998502425812
market__growth_amount_ratio20,return_1,OPPORTUNITY_ENTRY,191,302,DESCRIBED,-1.0,0.026390979516904167,-0.0040608967156500935,0.009651782542008575,0.5721112102819074,0.46,-0.08669508993890641,0.0895175296497394,44.0,32.0,-0.0010441967143430975,0.0999171905791027,0.005633324269135532,11.0,17.0,-0.02257246018118253,0.006897897632243157,12.0,15.0,-0.0009447153348432012,,21.0,0.0,-6.442145403418031e-05,-0.0454003542628052,0.0007673383002373413,0.9999998502425812
market__growth_amount_ratio20,return_3,OPPORTUNITY_ENTRY,189,296,DESCRIBED,-1.0,0.020756734273881364,-0.05588562872756705,0.0005918090663853375,0.7953862603659494,0.22,-0.17134665075344288,0.07144620888955938,41.0,32.0,-0.009114539566638217,0.05761580429094519,0.005992915876867423,10.0,17.0,-0.06812084070355837,0.0005770957800569354,12.0,15.0,0.03591183490415955,,19.0,0.0,0.009198039946201386,-0.07918668498525605,0.01014072161724866,0.9999998502425812
market__growth_amount_ratio20,return_5,OPPORTUNITY_ENTRY,187,290,DESCRIBED,1.0,0.035951495165708836,0.08450853176774632,0.041859778561473736,0.1455246204794941,0.842,-0.05323429684980434,0.21348252872684323,31.0,41.0,0.012750744101329176,-0.07715956998272083,-0.00987399126576203,17.0,10.0,0.12139541056375701,0.008676561503348348,14.0,12.0,-0.07628514404312796,,0.0,19.0,0.018371547076768135,-0.07216042174312598,0.0144279417678983,0.8802120248419886
market__growth_amount_ratio20,return_10,OPPORTUNITY_ENTRY,182,275,DESCRIBED,1.0,0.10467320973840004,0.0658098196679734,-0.005376648105940395,0.2628324966263822,0.726,-0.12072980529657742,0.23876768272045779,30.0,39.0,0.02015371498992162,-0.1317796994941861,-0.029084133456733614,17.0,10.0,0.03702667984444494,0.021784354816695467,13.0,12.0,-0.12858469381571472,,0.0,17.0,0.014789889442557658,-0.09319165103283211,0.011903047163651537,0.9999998502425812
market__growth_amount_ratio20,adverse_5,RISK_CONTEXT,187,290,DESCRIBED,-1.0,0.024480884515693045,0.08159624538906343,-0.046872589817173606,0.13879910638523063,0.87,-0.03795751432409144,0.1898493147109116,41.0,31.0,0.006052132109326262,0.02334019402488449,0.008477454456436457,10.0,17.0,0.0429196917584175,-0.011619000241030531,12.0,14.0,0.008154724958220618,,19.0,0.0,0.0032348720578161405,-0.0606576011806943,0.004583465325450731,0.8519393426403812
market__growth_amount_ratio20,range_5,RISK_CONTEXT,187,290,DESCRIBED,1.0,0.11322437504358455,0.003492743036772861,0.2339319299790764,0.4477303258959254,0.502,-0.21044082535814523,0.22237697155826885,31.0,41.0,0.0010084753437422447,-0.16197858586795102,-0.008317743663163384,17.0,10.0,0.24890053301936266,0.01286616090187415,14.0,12.0,0.05142092605730811,,0.0,19.0,-0.03430092202061141,0.05281824097993837,-0.0219137956577391,0.9999998502425812
market__growth_amount_ratio20,persistence_3,CONFIRMATION,189,296,DESCRIBED,-1.0,0.06520027828469804,-0.03719339659511093,0.000459473340829273,0.6919365590037025,0.288,-0.1461379061227997,0.08371240549982166,41.0,32.0,-0.07088414634146345,0.1012913034651097,0.039215686274509776,10.0,17.0,-0.10082863637912581,0.08888888888888902,12.0,15.0,-0.013854683391450904,,19.0,0.0,-0.0005132792768207661,-0.12987534037315185,0.0006377259012368963,0.9999998502425812
market__small_relative5,return_1,OPPORTUNITY_ENTRY,191,302,DESCRIBED,-1.0,0.10935287978897205,0.0018228741576585676,0.017406407204712464,0.576900003938016,0.517,-0.058184736195498535,0.0767449633926643,68.0,82.0,-0.00024008571121466,0.11260373647323532,0.0015624407331336606,15.0,23.0,-0.027206459180271786,-0.00043919871070427843,32.0,43.0,-0.051642025215393954,0.0005721402887565535,21.0,16.0,-0.00528293425283044,-0.0454003542628052,-0.007316377959405873,0.9999998502425812
market__small_relative5,return_3,OPPORTUNITY_ENTRY,189,296,DESCRIBED,-1.0,0.08451203677318145,-0.06709184117226884,-0.01969072308055359,0.8363999328704677,0.141,-0.14404790679430507,0.030388312721949882,67.0,78.0,-0.0065633723097158776,0.02550328517244077,0.0051220898840512105,15.0,21.0,-0.0975665320462849,-0.010100563225356799,31.0,41.0,-0.03501550435715942,-0.0036151012334928144,21.0,16.0,0.0041254249621500705,-0.07918668498525605,-0.011107858964867656,0.9999998502425812
market__small_relative5,return_5,OPPORTUNITY_ENTRY,187,290,DESCRIBED,1.0,0.06851622203411462,0.14645001313788333,0.11690925842326225,0.04225368113558678,0.976,0.02671401389029703,0.24333399204964976,72.0,67.0,0.019138839389315314,0.09954753062629883,-0.00020066652923062325,19.0,15.0,0.18948814993083837,0.026678408053993116,39.0,31.0,0.047411385136487044,0.007796063482708971,14.0,21.0,0.03135724652896976,-0.07216042174312598,-0.012240019235517652,0.47250559243076756
market__small_relative5,return_10,OPPORTUNITY_ENTRY,182,275,DESCRIBED,1.0,0.05310397749878607,0.11788645946775914,0.07799544156256312,0.10509106008563374,0.87,-0.058806484447786134,0.2767450771443602,64.0,68.0,0.016872801570233357,0.04472917354370531,-0.01618779489829312,18.0,15.0,0.1973790407628589,0.032412594427169344,34.0,32.0,-0.09905583644567252,-0.00970771095442898,12.0,21.0,0.01385649297361169,-0.09319165103283211,-0.026299666759920015,0.7840925800401176
market__small_relative5,adverse_5,RISK_CONTEXT,187,290,DESCRIBED,-1.0,0.07325356235059496,0.11203736169916914,0.0350500702989211,0.10750523228397535,0.927,-0.014052609660162677,0.22050453765918504,67.0,72.0,0.008711206342188919,0.07776996926586478,0.0018491982461631487,15.0,19.0,0.01920008186521821,0.0030854700548307787,31.0,39.0,0.2608397350124492,0.017326635185354745,21.0,14.0,0.0011702847778578551,-0.0606576011806943,0.0076117241945368175,0.7879501142696076
market__small_relative5,range_5,RISK_CONTEXT,187,290,DESCRIBED,-1.0,0.029576927170693573,0.058230685480656116,0.0473124654809541,0.37535400153711257,0.669,-0.1593421729742957,0.26525214472702546,67.0,72.0,0.00048297950909262713,0.19024177815785628,0.0012788736914460357,15.0,19.0,-0.23630478051410286,-0.005280685037066982,31.0,39.0,0.38607735612769806,0.009720651999560018,21.0,14.0,-0.06102902602426541,0.05281824097993837,-0.07029502483655103,0.9999998502425812
market__small_relative5,persistence_3,CONFIRMATION,189,296,DESCRIBED,-1.0,0.12403217445636407,-0.028046442808812935,-0.011407709712794456,0.6766904646444215,0.31,-0.10569083735778047,0.05201195950458692,67.0,78.0,-0.0040183696900113475,0.0020595471587403565,0.050793650793650835,15.0,21.0,-0.014230682781452711,-0.023603461841069984,31.0,41.0,0.011426217595719568,0.04365079365079372,21.0,16.0,-0.012697683357051792,-0.12987534037315185,-0.0025831956424815505,0.9999998502425812
market__growth_relative5,return_1,OPPORTUNITY_ENTRY,191,302,DESCRIBED,-1.0,0.1362786195851857,0.023775128350664226,0.04140265514967594,0.4230006330002812,0.674,-0.05824528319946517,0.12075857595085764,69.0,89.0,0.0022901143129240437,0.06752809481474022,0.005509179114793054,20.0,42.0,0.0770728900914616,0.008870734145188765,18.0,35.0,-0.034149075656251006,-0.0008978394055470661,31.0,12.0,-0.012466705964251146,-0.0454003542628052,-0.006662971415266616,0.9999998502425812
market__growth_relative5,return_3,OPPORTUNITY_ENTRY,189,296,DESCRIBED,-1.0,0.16467809064765684,0.0008881900330422673,0.06543215017791289,0.47258568266924367,0.516,-0.13255176330836327,0.14278243527481438,69.0,89.0,0.004781447108161583,-0.11414976163031959,-0.002434092460745059,20.0,42.0,0.2549786796265603,0.038036218841558805,18.0,35.0,0.023091994570747405,0.004185290741062145,31.0,12.0,-0.03780926906267079,-0.07918668498525605,-0.014777491619374139,0.9999998502425812
market__growth_relative5,return_5,OPPORTUNITY_ENTRY,187,290,DESCRIBED,-1.0,0.08677320626912925,-0.05146395870518557,0.0017189101022563307,0.680723963981573,0.302,-0.20732515002827118,0.12353961791048221,69.0,83.0,-0.003429582089071055,-0.20097986765002912,-0.01945126354130557,20.0,40.0,0.27371674417264635,0.05171947804151466,18.0,33.0,0.0021592359340765273,-0.018638525684144248,31.0,10.0,-0.04604392409351421,-0.07216042174312598,-0.03146346772487729,0.9999998502425812
market__growth_relative5,return_10,OPPORTUNITY_ENTRY,182,275,DESCRIBED,-1.0,0.04848182640696033,-0.07718239714410897,-0.025078330111652867,0.8482880418807159,0.246,-0.26309894329767664,0.11899272916517407,67.0,79.0,-0.01689261936802501,-0.25041649309510744,-0.035074108379078026,18.0,40.0,0.28328588922671194,0.04609039071053384,18.0,29.0,0.04215919261472105,-0.015779652574608706,31.0,10.0,-0.041586658283455424,-0.09319165103283211,-0.041171069946481786,0.9999998502425812
market__growth_relative5,adverse_5,RISK_CONTEXT,187,290,DESCRIBED,1.0,0.010849795837101304,-0.08446566662368503,0.002760539610336094,0.8326287997331637,0.189,-0.22446305965127167,0.07686344471835892,83.0,69.0,-0.007593721060877138,-0.07974270231425984,-0.011081695283360192,40.0,20.0,0.21829062788378267,0.025908899597905804,33.0,18.0,-0.20882896105282986,-0.02285957194978059,10.0,31.0,-0.025528204910271857,-0.0606576011806943,-0.014012095505022248,0.9999998502425812
market__growth_relative5,range_5,RISK_CONTEXT,187,290,DESCRIBED,-1.0,0.06542635772721768,0.09978118405320974,-0.039596928250817696,0.13192206172059112,0.778,-0.12234418725857987,0.29061712454833305,69.0,83.0,0.003181549954407857,0.029845541990276316,0.003198662587404158,20.0,40.0,-0.20027123183091283,-0.003920477722137439,18.0,33.0,0.36040732362500205,0.008494452678206282,31.0,10.0,-0.042101721589990815,0.05281824097993837,0.0017537738798324431,0.8376140075612772
market__growth_relative5,persistence_3,CONFIRMATION,189,296,DESCRIBED,-1.0,0.15348317447155616,-0.007243904731532916,0.021401370553912922,0.5661082587142572,0.463,-0.11895314174773583,0.11290937498430155,69.0,89.0,0.04836345872007808,0.018898373025470684,0.061111111111111005,20.0,42.0,0.09025881303492554,0.23544973544973546,18.0,35.0,0.03456647611612113,0.058243727598566386,31.0,12.0,-0.04517254766922285,-0.12987534037315185,-0.01685096883789705,0.9999998502425812
external__spx_1,return_1,OPPORTUNITY_ENTRY,191,302,DESCRIBED,1.0,0.03707773346845827,0.13362651717312737,0.12794869286933097,0.006288141124457513,0.995,0.04803314117565388,0.22598116299652973,53.0,55.0,0.005929180987053584,0.19445836254780732,0.006496178271215634,19.0,20.0,0.07858673368965904,0.0059850545710401345,24.0,25.0,0.0801949812505981,0.004790058631125538,10.0,10.0,-0.0027422563553070045,-0.0454003542628052,-0.0002924044269558834,0.10881977557047307
external__spx_1,return_3,OPPORTUNITY_ENTRY,189,296,DESCRIBED,-1.0,0.0294977123498029,-0.034801700301574943,-0.032888666786971874,0.7796439893241096,0.27,-0.12241775038338062,0.06324235325248116,50.0,53.0,-0.007828661804035363,0.047900108121117384,-0.005967695726558496,18.0,19.0,-0.059875931429341604,-0.010716856180533368,23.0,24.0,0.001473122545668096,-0.004597466703056151,9.0,10.0,-0.004147701659865222,-0.07918668498525605,0.00032595879295305163,0.9999998502425812
external__spx_1,return_5,OPPORTUNITY_ENTRY,187,290,DESCRIBED,-1.0,0.007712709706937183,-0.07858710478441049,-0.08191404957457774,0.9354734044437175,0.039,-0.15260759764885365,-0.00386967230465858,49.0,53.0,-0.009646207514170554,0.034514943528291084,-0.00729817704034983,18.0,20.0,-0.12658794530191664,-0.023272477391356253,22.0,24.0,0.013385027865256922,0.021221250355740233,9.0,9.0,-0.004790844128404359,-0.07216042174312598,-0.0025447234246878114,0.9999998502425812
external__spx_1,return_10,OPPORTUNITY_ENTRY,182,275,DESCRIBED,-1.0,0.038770904403957133,-0.11050274632482374,-0.117506707827241,0.9437714854088615,0.031,-0.20308047375631372,-0.013227702806296444,46.0,47.0,-0.016303306365830713,-0.12652002980099247,-0.029671079626680932,17.0,18.0,-0.056939000214542235,-0.010245025191838278,20.0,22.0,-0.041821263670415686,0.003052992444360846,9.0,7.0,-0.003865211555165615,-0.09319165103283211,-0.0010819658305369906,0.9999998502425812
external__spx_1,adverse_5,RISK_CONTEXT,187,290,DESCRIBED,1.0,0.03598899297911584,-0.10239568208191933,-0.10996276555832596,0.970019297260759,0.027,-0.19464437129771314,-0.01692928843350904,53.0,49.0,-0.00899989440008139,-0.08629670521748203,-0.015889060827665967,20.0,18.0,-0.1303428237567863,-0.008292938401741404,24.0,22.0,-0.026185422329502623,0.004829220761769219,9.0,9.0,0.0011884946738316415,-0.0606576011806943,-0.0020657017801362088,0.9999998502425812
external__spx_1,range_5,RISK_CONTEXT,187,290,DESCRIBED,-1.0,0.020626133776921903,0.08806496323064338,0.0896910906726924,0.02772530498828211,0.969,0.014534642466508325,0.1573225939801534,49.0,53.0,0.0028953732322225985,0.14972372849715707,0.0060708538622443915,18.0,20.0,0.13194142884560559,0.0009938959836379158,22.0,24.0,-0.05406320450403773,0.000705062249980782,9.0,9.0,0.004515633796516538,0.05281824097993837,0.008032129629208629,0.35198385657723974
external__spx_1,persistence_3,CONFIRMATION,189,296,DESCRIBED,1.0,0.012243785575292876,0.11482807805114496,0.11534863060286787,0.009844539536867933,0.987,0.022900015105075066,0.19692715815985135,53.0,50.0,0.14893081761006283,0.06698622975194284,0.11306042884990242,19.0,18.0,0.16530138790836116,0.17451690821256027,24.0,23.0,0.036800479513966367,0.15925925925925927,10.0,9.0,0.0017064621005670189,-0.12987534037315185,-0.0014151989994648506,0.15930254886931747
external__spx_5,return_1,OPPORTUNITY_ENTRY,191,302,DESCRIBED,-1.0,0.0663897270576109,-0.05079040288720536,-0.04531765358886112,0.8908089547062392,0.18,-0.13292835002833778,0.04089002156832177,32.0,57.0,-0.004475534637442779,-0.0012199188109934763,-0.0038441474912812063,10.0,23.0,-0.14158763188761714,-0.010134331897865986,19.0,23.0,0.10380008913323631,0.012887553044871245,3.0,11.0,-0.009808571033119051,-0.0454003542628052,-0.0024535063951405256,0.9999998502425812
external__spx_5,return_3,OPPORTUNITY_ENTRY,189,296,DESCRIBED,-1.0,0.07608518867768227,-0.06731294350219506,-0.0480350921028887,0.826718993703247,0.213,-0.1777015342938067,0.07159263795109548,30.0,60.0,-0.006890844046389233,0.01626784568517131,-0.007948533015367997,10.0,24.0,-0.21005532321660875,-0.019161303032433748,18.0,24.0,0.3265051046030778,0.03488303220154411,2.0,12.0,-0.012686583949645724,-0.07918668498525605,-0.0071956005802333856,0.9999998502425812
external__spx_5,return_5,OPPORTUNITY_ENTRY,187,290,DESCRIBED,-1.0,0.031483480612345995,-0.09698211933960522,-0.07251429042372474,0.7690691111097725,0.217,-0.2570180224619882,0.08905304188719791,28.0,57.0,-0.002661964450253909,-0.1388504029432694,-0.023067693166898138,10.0,22.0,-0.11575289126276156,-0.0038063381749601274,16.0,24.0,0.2714096870890351,0.048796765336617115,2.0,11.0,-0.010149946216367667,-0.07216042174312598,-0.009257692434403664,0.9999998502425812
external__spx_5,return_10,OPPORTUNITY_ENTRY,182,275,DESCRIBED,-1.0,0.10301142553151471,-0.1641977387559089,-0.13858573035977034,0.7749566466624,0.082,-0.35200690359971404,0.03326071103881712,24.0,49.0,-0.009071423302454971,-0.30441896753793246,-0.03662644597457192,7.0,20.0,-0.19465651135169218,-0.00500325664797608,15.0,21.0,0.392433685221765,0.05030731991170899,2.0,8.0,-0.022409178809378316,-0.09319165103283211,-0.020637950136179084,0.9999998502425812
external__spx_5,adverse_5,RISK_CONTEXT,187,290,DESCRIBED,1.0,0.05852990660300604,-0.10939353892478938,-0.07326070136550888,0.8024239040717609,0.126,-0.2535454977832353,0.04523940583234095,57.0,28.0,-0.004798882930974205,-0.1162959319322696,-0.015268671231198648,22.0,10.0,-0.16323029165349315,-0.008436494334871682,24.0,16.0,0.20029542553996932,0.03291282040207712,11.0,2.0,-0.0015364539626312457,-0.0606576011806943,-0.019660254943243638,0.9999998502425812
external__spx_5,range_5,RISK_CONTEXT,187,290,DESCRIBED,1.0,0.02400094693510209,-0.09773967198961207,-0.059720993853303435,0.6775642126595768,0.16,-0.26862464600040425,0.06256338748333627,57.0,28.0,-0.0005408611575920992,-0.27137541334102755,-0.0028216782908666166,22.0,10.0,-0.03478993562556577,-0.000357442085010002,24.0,16.0,0.22343602471127935,0.007298715558932363,11.0,2.0,-0.005039688629153716,0.05281824097993837,-0.004579981775644226,0.9999998502425812
external__spx_5,persistence_3,CONFIRMATION,189,296,DESCRIBED,-1.0,0.11085350431038017,-0.0866214872848853,-0.08715927021011766,0.9207524154763728,0.101,-0.1810217463848394,0.025617874570236957,30.0,60.0,-0.12777777777777777,0.07232115524850112,0.08333333333333337,10.0,24.0,-0.28311769003872755,-0.35648148148148157,18.0,24.0,0.18212629469264924,0.1111111111111111,2.0,12.0,-0.023875598252417918,-0.12987534037315185,-0.005981692333221211,0.9999998502425812
external__ixic_1,return_1,OPPORTUNITY_ENTRY,191,302,DESCRIBED,1.0,0.06500502900442215,0.10928368412526658,0.10376118248114444,0.008028315492875847,0.989,0.030871165677683703,0.20386340489403473,49.0,74.0,0.0054156747615580255,0.14444640976035392,0.00839906052411221,13.0,22.0,0.05730103943335419,0.005133570902330256,24.0,34.0,0.08480917597577907,0.0028251223819631688,12.0,18.0,-0.001158498006970543,-0.0454003542628052,0.00023023168676017391,0.13162211979109611
external__ixic_1,return_3,OPPORTUNITY_ENTRY,189,296,DESCRIBED,-1.0,0.037197835355111196,-0.07322102737845304,-0.06374371289625526,0.9272114293772294,0.114,-0.16941824400959024,0.024499797293971618,70.0,45.0,-0.006817595549786296,-0.032758996512694954,-0.007625443456323658,21.0,11.0,-0.06720696876409658,-0.003948906814670475,34.0,23.0,-0.05559030284800579,-0.013441763364368522,15.0,11.0,-0.004331656685513607,-0.07918668498525605,-0.0008026958523243977,0.9999998502425812
external__ixic_1,return_5,OPPORTUNITY_ENTRY,187,290,DESCRIBED,1.0,0.004130477769158314,0.10549784610549436,0.10136649293874092,0.018002426418541943,0.984,0.021586011385414633,0.18455167485282029,48.0,69.0,0.004072271644050161,0.07001285782509326,0.007529155720723356,13.0,21.0,0.11035266783399594,0.0059059002127315385,24.0,33.0,-0.006893156632336721,-0.002787602129309289,11.0,15.0,-0.002567337138753567,-0.07216042174312598,-0.0014137840710841676,0.2548979922443552
external__ixic_1,return_10,OPPORTUNITY_ENTRY,182,275,DESCRIBED,-1.0,0.026579451958676496,-0.1095643573671131,-0.1062237096448458,0.9391516968886996,0.043,-0.21262018521918322,-0.004180464976398029,64.0,43.0,-0.0046154931824068605,-0.179570936229729,-0.018297677758121224,20.0,11.0,-0.01580774744648472,0.011551829780038733,30.0,22.0,-0.06364186747135459,-0.02680783480429253,14.0,10.0,-0.004107038750585934,-0.09319165103283211,-0.0019266816665084452,0.9999998502425812
external__ixic_1,adverse_5,RISK_CONTEXT,187,290,DESCRIBED,1.0,0.021046569958471917,-0.12466769318325416,-0.11781607145273366,0.992695492599977,0.008,-0.20710903045687917,-0.038900990214146176,48.0,69.0,-0.007386006392931934,-0.11206778462470725,-0.010427136153547109,13.0,21.0,-0.11461007649897831,-0.006868419126830064,24.0,33.0,-0.1058284181187767,-0.006730793991934818,11.0,15.0,0.004268296928201187,-0.0606576011806943,0.0010188550096872362,0.9999998502425812
external__ixic_1,range_5,RISK_CONTEXT,187,290,DESCRIBED,-1.0,0.04977189144782439,0.0917156573346215,0.06412319470771517,0.02619350478678371,0.991,0.02343742925300346,0.1528947384628926,69.0,48.0,0.0027891751741448353,0.09623893241588818,0.0025244807868209478,21.0,13.0,0.13660788760775813,0.002810793537108256,33.0,24.0,0.08585672769740826,0.004221793064712369,15.0,11.0,0.006315833935083837,0.05281824097993837,0.01128238389041425,0.3399698642117969
external__ixic_1,persistence_3,CONFIRMATION,189,296,DESCRIBED,1.0,0.0080495197094651,0.11845816958807591,0.11132071979529605,0.007856868735738784,0.988,0.03663065534802259,0.2003267808200954,45.0,70.0,0.11693121693121677,0.09193690812574279,0.189033189033189,11.0,21.0,0.14274756089296198,0.1381074168797955,23.0,34.0,0.02554421736952353,0.004040404040404066,11.0,15.0,0.0018612346273600977,-0.12987534037315185,0.00042324394286685774,0.13052877926307366
external__ixic_5,return_1,OPPORTUNITY_ENTRY,191,302,DESCRIBED,-1.0,0.08692941484657704,-0.055961387083856895,-0.05050962291890451,0.9090226012989164,0.159,-0.13879540458799744,0.03503725596391565,44.0,60.0,-0.00447990355878159,-0.05618001801455353,-0.005984975706176668,14.0,19.0,-0.11758160349525998,-0.008961531713039074,20.0,30.0,0.06930169717577195,0.008767081993115308,10.0,11.0,-0.008744853416989162,-0.0454003542628052,-0.003219079340047948,0.9999998502425812
external__ixic_5,return_3,OPPORTUNITY_ENTRY,189,296,DESCRIBED,-1.0,0.1141948838090238,-0.07896397049261354,-0.054407566271973046,0.8788790248843577,0.18,-0.21300774285954613,0.05902409062269537,38.0,57.0,-0.008703997878740832,-0.10152890209539907,-0.014285788749497805,13.0,18.0,-0.15036695055785199,-0.01259031333449125,16.0,30.0,0.27881316393417305,0.013159788176748875,9.0,9.0,-0.009392023991228848,-0.07918668498525605,-0.006459929818300791,0.9999998502425812
external__ixic_5,return_5,OPPORTUNITY_ENTRY,187,290,DESCRIBED,-1.0,0.04815220418327345,-0.09306524069249868,-0.06577445055519542,0.7628932416478911,0.2,-0.24744595473982411,0.08913824898801262,36.0,54.0,-0.0012942260344810889,-0.2601381898286168,-0.037915451903312136,13.0,16.0,-0.023691618671294178,0.018297124594461093,14.0,30.0,0.2296519835312323,0.01907436515072876,9.0,8.0,-0.010466131156838587,-0.07216042174312598,-0.00928536963284321,0.9999998502425812
external__ixic_5,return_10,OPPORTUNITY_ENTRY,182,275,DESCRIBED,-1.0,0.12792375215670374,-0.13696160219787967,-0.11143129165344337,0.7437019653761865,0.125,-0.3160409776051457,0.06466333958700264,34.0,50.0,0.0012100667038729834,-0.36976115471208754,-0.06595592585052776,11.0,16.0,-0.09887803699875412,0.02383568934852502,14.0,26.0,0.3992901833191649,0.07106234452633738,9.0,8.0,-0.023303436054239235,-0.09319165103283211,-0.021245281641985914,0.9999998502425812
external__ixic_5,adverse_5,RISK_CONTEXT,187,290,DESCRIBED,1.0,0.0731588263067881,-0.1151849670259252,-0.07329760368629583,0.8448599570126085,0.083,-0.23502271106218176,0.024447985686432295,54.0,36.0,-0.004608803654427306,-0.17663938107254964,-0.01665643394746754,16.0,13.0,-0.07661759296197805,0.0003469115427623404,30.0,14.0,0.07809952220317132,0.0025958356328968646,8.0,9.0,0.0006812517440974997,-0.0606576011806943,-0.013705500493306877,0.9999998502425812
external__ixic_5,range_5,RISK_CONTEXT,187,290,DESCRIBED,1.0,0.005032885802616315,-0.0871406680292126,-0.022097355702700144,0.6263615165620449,0.178,-0.23368617416870913,0.07629819842647804,54.0,36.0,0.0004909918635986922,-0.16682815086922498,0.0021882104571767057,16.0,13.0,0.0006231172163963277,-0.00014925023062188972,30.0,14.0,0.043173218932643566,-0.0024590492465667475,8.0,9.0,-0.007806302161819323,0.05281824097993837,0.005001337086451452,0.9999998502425812
external__ixic_5,persistence_3,CONFIRMATION,189,296,DESCRIBED,-1.0,0.14230903305758344,-0.1018632641723444,-0.09967610137101661,0.9635969488928992,0.07,-0.20708534235200793,0.01423593108943913,38.0,57.0,-0.1403508771929825,-0.03793778258204574,-0.002849002849002913,13.0,18.0,-0.21982936170509038,-0.3333333333333333,16.0,30.0,0.16639820693254592,0.07407407407407413,9.0,9.0,-0.02589251448371499,-0.12987534037315185,-0.004647378744388142,0.9999998502425812
external__rate_0,return_1,OPPORTUNITY_ENTRY,191,302,DESCRIBED,1.0,0.050307603285348106,-0.07448505962778831,-0.0793079087891628,0.7284717251967756,0.041,-0.14675713203685792,-0.0026339361835123988,0.0,243.0,,-0.15045967743279146,,0.0,91.0,0.004312857717510119,,0.0,106.0,0.2613095997059368,,0.0,46.0,0.002633353541340533,-0.0454003542628052,-6.193465286719047e-05,0.9999998502425812
external__rate_0,return_3,OPPORTUNITY_ENTRY,189,296,DESCRIBED,1.0,0.09962267105539606,-0.11995409676184358,-0.10644141830582508,0.7882449795618647,0.057,-0.237991050305366,0.006412799934922472,0.0,239.0,,-0.1341795988856312,,0.0,90.0,-0.06440512183536319,,0.0,105.0,0.372842678751805,,0.0,44.0,0.0007979127681043696,-0.07918668498525605,-0.005789968507370569,0.9999998502425812
external__rate_0,return_5,OPPORTUNITY_ENTRY,187,290,DESCRIBED,1.0,0.1317212959331565,-0.06416170082775785,-0.07449865122017524,0.7211581273653673,0.232,-0.2085952204204506,0.08095153087730265,0.0,235.0,,-0.007895851915735958,,0.0,88.0,-0.015726047200303697,,0.0,104.0,0.3137197733619871,,0.0,43.0,-0.0016185382805937731,-0.07216042174312598,-0.009935697229645601,0.9999998502425812
external__rate_0,return_10,OPPORTUNITY_ENTRY,182,275,DESCRIBED,1.0,0.27346457981149297,-0.18583587610260716,-0.19876460575286345,0.8428768212466711,0.058,-0.377777755488431,0.00504656987582124,0.0,236.0,,-0.22122630898196202,,0.0,84.0,-0.06881191432598986,,0.0,105.0,0.34196397961692243,,0.0,47.0,-0.029527195802043993,-0.09319165103283211,-0.04511524572855552,0.9999998502425812
external__rate_0,adverse_5,RISK_CONTEXT,187,290,DESCRIBED,-1.0,0.1198906255122855,-0.11773929176303945,-0.12024375212957142,0.7041828670977562,0.085,-0.25568599375860773,0.01868617195930598,235.0,0.0,,-0.14678994929277484,,88.0,0.0,-0.15768196645335303,,104.0,0.0,0.27006267666541695,,43.0,0.0,-0.0004805725471344058,-0.0606576011806943,-0.0010295877694526112,0.9999998502425812
external__rate_0,range_5,RISK_CONTEXT,187,290,DESCRIBED,1.0,0.04983448913553192,0.024400666815613,0.07279966837114386,0.8259327755068269,0.58,-0.14742922353571397,0.19272868737362112,0.0,235.0,,0.0988802503929437,,0.0,88.0,0.3017815892365593,,0.0,104.0,-0.13291640825935977,,0.0,43.0,0.022889357912127872,0.05281824097993837,-0.017466254518335944,0.9999998502425812
external__rate_0,persistence_3,CONFIRMATION,189,296,DESCRIBED,1.0,0.00657749420334898,-0.07027061338617115,-0.0358680714612918,0.48423311718990647,0.155,-0.1769224262979869,0.04512196776618081,0.0,239.0,,-0.10635424264801957,,0.0,90.0,-0.05132299717469276,,0.0,105.0,0.4344426105750012,,0.0,44.0,0.006712353307077978,-0.12987534037315185,0.005121043955761184,0.9999998502425812
external__rate_1,return_1,OPPORTUNITY_ENTRY,191,302,DESCRIBED,-1.0,0.0755578558996864,-0.05151721302651912,-0.04493643573505665,0.9389769437177744,0.097,-0.11317334939307047,0.01623465921655168,33.0,28.0,-0.010348516890705556,0.0068509356492656255,-0.007328820770960686,21.0,15.0,-0.05336899897421981,-0.01621693715030257,8.0,10.0,-0.18507649545790347,-0.014157375929073873,4.0,3.0,-0.0012404220298773971,-0.0454003542628052,-0.0012396355459609598,0.9999998502425812
external__rate_1,return_3,OPPORTUNITY_ENTRY,189,296,DESCRIBED,1.0,0.03085795956145941,0.05172640834648632,0.04979848878153963,0.3223312943589247,0.883,-0.021371783731479087,0.12518631444373302,26.0,33.0,0.005127854893818517,0.010664803207873538,-0.008337569998639015,14.0,21.0,0.10406429657754243,0.02009708043396275,10.0,8.0,0.13963640133584326,0.02542774167928505,2.0,4.0,-0.0010910030400310688,-0.07918668498525605,-0.0005704117609213188,0.9999998502425812
external__rate_1,return_5,OPPORTUNITY_ENTRY,187,290,DESCRIBED,-1.0,0.023832333150009943,-0.08877741643346218,-0.08547586157693457,0.859303923522743,0.076,-0.1865010039531652,0.012079343679521775,31.0,26.0,-0.0038895354204719883,-0.10366864926431575,-0.0010108621395334546,21.0,14.0,-0.11507665628672728,-0.003981995396964408,7.0,10.0,-0.1284912068417246,-0.0022847794580692637,3.0,2.0,-0.0014048418608587632,-0.07216042174312598,-0.0012649803048414565,0.9999998502425812
external__rate_1,return_10,OPPORTUNITY_ENTRY,182,275,DESCRIBED,-1.0,0.007206768725458782,-0.057763234877431714,-0.048126713020397574,0.6455906102838656,0.151,-0.1504919015230376,0.03343228572684957,31.0,26.0,-0.004250297288056384,-0.013722633870104127,-0.0020852144964401756,21.0,14.0,-0.15900273280889365,0.0016899418930202484,7.0,10.0,-0.06034935954995044,-0.007425261353236826,3.0,2.0,-0.0006988507274123812,-0.09319165103283211,-0.0001721453841125875,0.9999998502425812
external__rate_1,adverse_5,RISK_CONTEXT,187,290,DESCRIBED,1.0,0.05577617509040089,-0.0059653014841348625,0.011749452923094332,0.20563779610749783,0.443,-0.0824210487224319,0.0720112628616238,26.0,31.0,0.004535971971105168,-0.0028040845407244033,0.001594445043135946,14.0,21.0,-0.02828516133912392,0.0079386156147992,10.0,7.0,-0.08971302226194665,-0.0036882407019796695,2.0,3.0,0.00016554115018463378,-0.0606576011806943,-8.062059086988427e-06,0.9999998502425812
external__rate_1,range_5,RISK_CONTEXT,187,290,DESCRIBED,1.0,0.09758700452768149,0.09370256453278553,0.09846646255583012,0.08470529849883396,0.972,0.01284908670012489,0.1655855771423055,26.0,31.0,0.0032361669067229835,0.09082547770044973,-0.0007601703330823474,14.0,21.0,0.1407902700927338,0.006120604276900237,10.0,7.0,0.020989461812229028,0.0009608787533069291,2.0,3.0,0.0007809279499048083,0.05281824097993837,-0.0003065417193106601,0.7094454175211733
external__rate_1,persistence_3,CONFIRMATION,189,296,DESCRIBED,-1.0,0.02573165714915298,-0.04901403267495847,-0.04735536769435074,0.9223144701235255,0.129,-0.11939269543522031,0.026051408391801846,33.0,26.0,-0.1635586635586636,-0.014656840891985814,-0.10317460317460314,21.0,14.0,-0.0335447362380016,-0.14166666666666666,8.0,10.0,-0.24544963825727645,-0.6666666666666667,4.0,2.0,-0.004999968669718413,-0.12987534037315185,-0.003843500887623641,0.9999998502425812
external__rate_5,return_1,OPPORTUNITY_ENTRY,191,302,DESCRIBED,1.0,0.015587217114221117,-0.004481721878059342,-0.00822711696264784,0.59250869336386,0.48,-0.0981981496988417,0.09648042366503728,24.0,27.0,-0.003100040635704648,-0.09632813501929652,-0.007782301908275452,18.0,18.0,-0.014578352942358635,-0.005763882740657552,6.0,6.0,0.19251760371730756,,0.0,3.0,-0.0010158019971078236,-0.0454003542628052,-0.0008902410898654622,0.9999998502425812
external__rate_5,return_3,OPPORTUNITY_ENTRY,189,296,DESCRIBED,-1.0,0.044848587199701945,-0.047441301147246796,-0.04414275600716278,0.6351917250719622,0.281,-0.1619867896029219,0.08120759215067784,26.0,21.0,-0.00627584082755564,0.07255952747549327,0.007965358472271004,18.0,17.0,-0.09082588432555283,-0.049594792669321486,6.0,4.0,-0.33420943903270084,,2.0,0.0,-0.004344609988727877,-0.07918668498525605,-0.00463972007709379,0.9999998502425812
external__rate_5,return_5,OPPORTUNITY_ENTRY,187,290,DESCRIBED,-1.0,0.04680791518387052,-0.07262529177677707,-0.053989817419617524,0.7521726419236627,0.139,-0.19387797629643275,0.03781883779526994,26.0,21.0,-0.016205479458549825,-0.0704795898322705,-0.005847411996971453,18.0,17.0,-0.06852967347269766,-0.037787406469726045,6.0,4.0,-0.2062808704002798,,2.0,0.0,-0.0027212358984838314,-0.07216042174312598,-0.003460079235401148,0.9999998502425812
external__rate_5,return_10,OPPORTUNITY_ENTRY,182,275,DESCRIBED,1.0,0.1359027378776896,-0.024469826508332928,-0.026205822105536486,0.4940876654958224,0.359,-0.16638721377984697,0.11421426980286128,21.0,24.0,0.012567498791089532,-0.010731671335671997,-0.007195619032941464,17.0,18.0,-0.1090026971138044,0.05471054128889191,4.0,4.0,0.20749357865328738,,0.0,2.0,-0.0011259216959433882,-0.09319165103283211,-0.0005272355787584448,0.9999998502425812
external__rate_5,adverse_5,RISK_CONTEXT,187,290,DESCRIBED,1.0,0.0212814992933208,0.0539365103941052,0.08475848046083619,0.21070840844665883,0.758,-0.07699433911023261,0.17500021617905093,21.0,26.0,-0.0032047250556573245,0.12284500132390569,0.0016673000355813018,17.0,18.0,0.03656536489684369,-0.005509558089032491,4.0,6.0,-0.11998157491789407,,0.0,2.0,0.0013291338607739345,-0.0606576011806943,0.0008941974195864066,0.9999998502425812
external__rate_5,range_5,RISK_CONTEXT,187,290,DESCRIBED,1.0,0.06644451817428819,0.12456574869722768,0.197632347098309,0.0701637409811918,0.915,-0.021927611700928495,0.26044889927334003,21.0,26.0,0.002270654214861726,0.1360621547747901,0.0012501888666022996,17.0,18.0,0.2941511882074121,0.010839905364662113,4.0,6.0,-0.1271860112870979,,0.0,2.0,0.004846647709901064,0.05281824097993837,0.005381134971148671,0.6428236857541543
external__rate_5,persistence_3,CONFIRMATION,189,296,DESCRIBED,-1.0,0.013653484993197375,-0.035041801954292386,-0.0271764831086865,0.5494128774061562,0.33,-0.1535362573663885,0.0879309878473548,26.0,21.0,0.02564102564102566,0.06527107098975127,0.11437908496732008,18.0,17.0,-0.02528524032652629,-0.08333333333333326,6.0,4.0,-0.37050447199605735,,2.0,0.0,-0.002558284978632974,-0.12987534037315185,-0.002388761533886674,0.9999998502425812
