Date,Year,State,Horizon,Outcome,Baseline,Extended
2019-01-02,2019,PERSIST,20,0.0007042253521127861,-0.0138509319980748,-0.015010796272212874
2019-01-03,2019,PERSIST,20,-0.014578271433529966,-0.013555570598692415,-0.015303497645115407
2019-01-04,2019,PERSIST,20,0.0024647887323943074,-0.01638662486157271,-0.01846832244655081
2019-01-07,2019,PERSIST,20,0.002467395135706596,-0.013082647963148805,-0.01185085119553873
2019-01-08,2019,PERSIST,20,0.006367173682348959,-0.00538424311127208,-0.00594383305378642
2019-01-09,2019,PERSIST,20,0.005657708628005631,-0.007530590839292504,-0.005530609175348471
2019-01-10,2019,PERSIST,20,0.013162575595873305,-0.00046482553944500286,-0.0005077038151844555
2019-01-11,2019,PERSIST,20,0.0257142857142858,-0.002044293526292736,-0.001347909006334358
2019-01-14,2019,PERSIST,20,0.026737967914438387,-0.00358097538073829,-0.004845338608083506
2019-01-15,2019,PERSIST,20,0.036007130124777076,0.0010327598906446885,-0.0027010413160397893
2019-01-16,2019,PERSIST,20,0.029579472558802555,-0.002741106989168282,-0.002990584507363475
2019-01-17,2019,PERSIST,20,0.019935920256318962,-0.00334457757507557,-0.004777155167808984
2019-01-18,2019,PERSIST,20,0.019292604501607746,0.0005656004876555838,-0.00081095937273549
2019-01-21,2019,PERSIST,20,0.020378977475866922,0.0032789544531080126,0.0022260014905329407
2019-01-22,2019,PERSIST,20,0.017094017094017033,0.0011383126593055687,-0.0013997093314294818
2019-01-23,2019,PERSIST,20,0.015357142857142847,0.005408349731675662,8.33309370003657e-06
2019-01-24,2019,PULLBACK,20,0.009642857142857286,-0.0018126171877887397,-0.002245666990499667
2019-01-25,2019,PULLBACK,20,-0.007449450159631055,-0.00029181361326826465,-0.0011966727517945695
2019-01-28,2019,PERSIST,20,-0.01555869872701554,0.005397482498537703,0.00186264097080459
2019-01-29,2019,PERSIST,20,-0.02324762240225431,-0.0007870619782841767,-0.004720598302809135
2019-01-30,2019,PERSIST,20,-0.02111189303307537,0.0023406752561487654,-0.0021974699545765503
2019-01-31,2019,PULLBACK,20,-0.01972525537160974,0.004892281079029346,0.0038677493375400118
2019-02-01,2019,PULLBACK,20,-0.013347383210396857,0.0051427159372412524,0.0041302118071135175
2019-02-11,2019,PULLBACK,20,-0.016174402250351605,0.0016693602511790673,0.0009977141530848315
2019-02-12,2019,PERSIST,20,-0.009490333919156435,0.000272304669933445,-0.0019617610973749365
2019-02-13,2019,PERSIST,20,-0.007735583684950753,-0.007123088546888534,-0.010998406419940099
2019-02-14,2019,PERSIST,20,-0.016502808988763995,-0.008524899522426469,-0.01050613391654591
2019-02-15,2019,PERSIST,20,-0.02263231197771587,-0.010682476663715315,-0.01218371113450097
2019-02-18,2019,PERSIST,20,-0.02256944444444442,-0.010458373316052599,-0.015861355944711088
2019-02-19,2019,PERSIST,20,-0.029593943565037972,-0.008159181979074835,-0.013112375899308377
2019-02-20,2019,PERSIST,20,-0.019383869851159474,-0.010571070930011235,-0.013539259966852409
2019-02-21,2019,PERSIST,20,-0.013612565445026203,-0.006348828901735691,-0.008405476328139478
2019-02-22,2019,PERSIST,20,-0.001402032947774301,-0.00816382169438921,-0.008364290037939637
2019-02-25,2019,PERSIST,20,0.0003503854239663706,-0.008806958222187281,-0.010422935296103988
2019-02-26,2019,PERSIST,20,-0.0021008403361343353,-0.013344189271015683,-0.015704237571926637
2019-02-27,2019,PERSIST,20,-0.000703482237073394,-0.013461372027593413,-0.01685628942876556
2019-02-28,2019,PERSIST,20,-0.006367173682348737,-0.014822716238428296,-0.017898826885594774
2019-03-01,2019,PERSIST,20,-0.0032165832737669486,-0.01779289846679976,-0.019710044593930807
2019-03-04,2019,PULLBACK,20,0.0021551724137931494,-0.016784379720600054,-0.01635089797173544
2019-03-05,2019,PULLBACK,20,0.008654886404615869,-0.020511255821305505,-0.01947797109129867
2019-03-06,2019,PULLBACK,20,0.004313443565780117,-0.015641634912499265,-0.01562679155394699
2019-03-07,2019,PULLBACK,20,0.006108515989938779,-0.01368910597189356,-0.0147411173143832
2019-03-08,2019,PULLBACK,20,0.0024919900320397037,-0.01392616012800626,-0.013739371752405275
2019-03-11,2019,PULLBACK,20,0.007505360972122954,-0.009904398995404979,-0.010888442122708526
2019-03-12,2019,PULLBACK,20,0.0035486160397444344,-0.010979103172009407,-0.01096598107752212
2019-03-13,2019,PULLBACK,20,-0.006378454996456506,-0.01585386935354232,-0.015838067128068276
2019-03-14,2019,PULLBACK,20,-0.004284184219921494,-0.012242716877809737,-0.012928699564349205
2019-03-15,2019,PULLBACK,20,-0.008193801211257568,-0.016454724249731097,-0.016188242627026374
2019-03-18,2019,PULLBACK,20,-0.015275310834813594,-0.012898918130547513,-0.013915170948197672
2019-03-19,2019,PULLBACK,20,-0.02163120567375887,-0.010360450541354075,-0.01072647272215368
2019-03-20,2019,PULLBACK,20,-0.024708789269325848,-0.010820658723232303,-0.011214197552127755
2019-03-21,2019,PULLBACK,20,-0.02158527954706302,-0.008585933673773824,-0.008271217509313988
2019-03-22,2019,PULLBACK,20,-0.027378027378027525,-0.011962452365977849,-0.012919328135644925
2019-03-25,2019,PULLBACK,20,-0.03467600700525397,-0.010260996752903498,-0.01094329945830656
2019-03-26,2019,PULLBACK,20,-0.029824561403508754,-0.013346353734876639,-0.013789264210565531
2019-03-27,2019,PULLBACK,20,-0.023583245336149306,-0.012548731388331087,-0.012416062976041994
2019-03-28,2019,PERSIST,20,-0.011035955856176671,0.0006705315624903401,-0.0002279845813376348
2019-03-29,2019,WEAK,20,-0.006812477590534272,-0.011429052525547873,-0.011629307874048771
2019-04-01,2019,START,20,0.0028673835125447855,0.0032984249327307324,0.0029327525229074503
2019-04-02,2019,START,20,-0.002145155523775588,0.0028907946513700685,0.0033859299036248236
2019-04-03,2019,START,20,0.0014316392269149159,0.0035543980327744805,0.0038715454207528394
2019-04-04,2019,START,20,0.0,0.008378594936942643,0.008749727419044753
2019-04-08,2019,START,20,-0.0035511363636362425,-0.002070980068862499,-0.0012324165842691973
2019-04-09,2019,START,20,0.0007094714437745342,-0.012707618659507845,-0.011990158775096195
2019-04-10,2019,START,20,0.012376237623762387,-0.012755687913163885,-0.012330262228301454
2019-04-11,2019,PERSIST,20,0.01925820256776034,-0.012343099483013507,-0.01364893450144658
2019-04-12,2019,WEAK,20,0.02258874148440282,-0.0177645506493797,-0.01747321128713753
2019-04-15,2019,WEAK,20,0.020474137931034697,-0.01541859857422017,-0.014561950305187758
2019-04-16,2019,WEAK,20,0.024170274170274286,-0.013227318574004072,-0.011828666770768603
2019-04-17,2019,WEAK,20,0.02754621239579569,-0.012901011698024168,-0.0094979586294545
2019-04-18,2019,WEAK,20,0.023525153818313438,-0.007870879773024437,-0.00490652592610274
2019-04-19,2019,WEAK,20,0.025678119349005435,-0.008073761998211849,-0.004220209188409117
2019-04-22,2019,WEAK,20,0.03031396607722847,-0.009369038430246905,-0.005025067118953127
2019-04-23,2019,WEAK,20,0.037010159651669206,-0.011352479955924834,-0.008276810667032104
2019-04-24,2019,WEAK,20,0.03182640144665472,-0.009690983500234718,-0.00807273527002025
2019-04-25,2019,WEAK,20,0.027397260273972712,-0.010085900512595083,-0.007657436887594168
2019-04-26,2019,WEAK,20,0.02591792656587466,-0.013661199677445064,-0.010826402388863624
2019-04-29,2019,WEAK,20,0.03826714801444031,-0.016241536366037656,-0.013625316644947288
2019-04-30,2019,WEAK,20,0.03859899928520383,-0.019614898485185887,-0.020037889812866895
2019-05-06,2019,START,20,0.05517735578645633,-0.01777951373059176,-0.017238961755476796
2019-05-07,2019,WEAK,20,0.05182273052180131,0.0012344904597290651,0.0002889531444320772
2019-05-08,2019,START,20,0.05535714285714288,0.00596354525647034,0.0064128855116357
2019-05-09,2019,WEAK,20,0.05488239486813962,0.0025188094482241907,0.002092903510571835
2019-05-10,2019,WEAK,20,0.04714640198511155,0.0013024011265406997,0.0030222988495578664
2019-05-13,2019,START,20,0.028292001397135946,0.00781327209469372,0.007811785654612869
2019-05-14,2019,PERSIST,20,0.03778866340097964,0.019304731675679337,0.02189879448540814
2019-05-15,2019,PERSIST,20,0.04698457223001418,0.021590725820511657,0.024290423591666818
2019-05-16,2019,START,20,0.05596620908130934,0.008217862235691873,0.008121263445443472
2019-05-17,2019,START,20,0.053539978865797755,0.013074796758473239,0.013434044292600252
2019-05-20,2019,START,20,0.051146384479717755,0.01801980759503941,0.018796326491931793
2019-05-21,2019,START,20,0.0785007072135786,0.02397942456966294,0.025004957279790394
2019-05-22,2019,START,20,0.08427362482369549,0.027178428268884055,0.028028858256083925
2019-05-23,2019,START,20,0.08896672504378289,0.021676024602654796,0.02295920301098938
2019-05-24,2019,START,20,0.1014695591322603,0.021087206809295912,0.02202272361015194
2019-05-27,2019,PERSIST,20,0.09779179810725558,0.004549516108607285,0.002807310898708824
2019-05-28,2019,PERSIST,20,0.09228070175438585,0.00019777253169976118,-0.001255558335413443
2019-05-29,2019,PERSIST,20,0.09614035087719297,0.0011196412651455403,-0.0010554695267770003
2019-05-30,2019,PERSIST,20,0.060500695410292016,0.00483074931604747,0.0009285544956878743
2019-05-31,2019,PERSIST,20,0.050240880935994436,-0.009126825974783823,-0.008546857988506771
2019-06-03,2019,PERSIST,20,0.07707979626485573,-0.003588145513705435,-0.007023742616110649
2019-06-04,2019,PERSIST,20,0.06761807679238863,-0.0005163935471328446,-0.004767389098136102
2019-06-05,2019,PERSIST,20,0.05922165820642977,0.0009776779079309055,-0.0025443596328130133
2019-06-06,2019,PERSIST,20,0.04425675675675689,0.002146325060747271,-0.0013472975281833555
2019-06-10,2019,PERSIST,20,0.043669600541638376,0.007313426683680631,0.006736405278433045
2019-06-11,2019,PERSIST,20,0.04755434782608692,0.0019281400609090713,0.0015009896090137833
2019-06-12,2019,PERSIST,20,0.058327714093054484,-0.002006282510318754,-0.00029633165398889466
2019-06-13,2019,PERSIST,20,0.042531815137307305,0.02009060416123665,0.016687856739960195
2019-06-14,2019,PERSIST,20,0.03933333333333322,0.0029758599713566748,0.0009998983241874745
2019-06-17,2019,PERSIST,20,0.043463724506853874,0.008882197739644748,0.00276517828608714
2019-06-18,2019,PERSIST,20,0.04328859060402679,0.0009903400711594708,0.004654437946140219
2019-06-19,2019,PERSIST,20,0.031803278688524506,0.004909059706265238,0.002449392853264152
2019-06-20,2019,PERSIST,20,0.03577235772357712,-0.0010499763147447383,-0.0017516442305799077
2019-06-21,2019,PERSIST,20,0.011579285944033568,0.008730406315192391,0.004736791343972709
2019-06-24,2019,PERSIST,20,-0.00571791613723005,0.007471275392031949,0.008341568535065999
2019-06-25,2019,PERSIST,20,0.0025542784163474774,0.015918892084760865,0.015141759232960454
2019-06-26,2019,PERSIST,20,0.008994539029874682,0.01039132496443082,0.007161039513435198
2019-06-27,2019,PERSIST,20,0.001920614596670811,-0.005576207843998707,0.001806379003946021
2019-06-28,2019,PERSIST,20,0.031803278688524506,-0.008022291076882782,-0.006283479680625106
2019-07-01,2019,PERSIST,20,0.029816513761467878,-0.006222321595988212,-0.0020883922959260143
2019-07-02,2019,PERSIST,20,-0.004413619167717653,-0.014749223767980608,-0.007130105378918637
2019-07-03,2019,PERSIST,20,-0.005410566518141313,-0.005302569103564279,-0.0047644595659032014
2019-07-04,2019,PERSIST,20,0.01821086261980831,0.014536529755119012,0.01378680694653045
2019-07-05,2019,PERSIST,20,0.04788094467809767,0.008645784630883654,0.014476636965991517
2019-07-08,2019,PERSIST,20,0.08076548816088214,0.01244544787954996,0.017198309791288075
2019-07-09,2019,PERSIST,20,0.08495460440985725,0.014778889535735782,0.014077950114361018
2019-07-10,2019,PERSIST,20,0.07773176170755014,0.0035080452234669685,0.007194749953560769
2019-07-11,2019,PERSIST,20,0.0934789592033407,-0.0013356033304435938,0.0032782659509631544
2019-07-12,2019,PERSIST,20,0.09108402822322015,0.007600455690150623,0.009871508558047262
2019-07-15,2019,PERSIST,20,0.10349247036206344,0.007927917727635316,0.01052972686176024
2019-07-16,2019,PERSIST,20,0.083628176262464,-0.0005446802373025297,0.0035400897935160235
2019-07-17,2019,PERSIST,20,0.09151572926596763,0.0018237991470721783,0.005443911609668681
2019-07-18,2019,PERSIST,20,0.07880690737833596,-0.006136180037576693,-0.0011452562321534084
2019-07-19,2019,PERSIST,20,0.07917329093799697,0.004601148693822554,0.009183464084456756
2019-07-22,2019,PERSIST,20,0.08434504792332276,0.011174670339325246,0.014058551467116945
2019-07-23,2019,PULLBACK,20,0.08248407643312095,0.021963112619413822,0.02321058044339394
2019-07-24,2019,PERSIST,20,0.08086596625278575,0.018746834464752178,0.023378027232453632
2019-07-25,2019,PERSIST,20,0.08594249201277959,0.008069859242970533,0.011653975869353548
2019-07-26,2019,PERSIST,20,0.11884334286622189,0.00395359079604176,0.006929358093579661
2019-07-29,2019,PERSIST,20,0.11708558701877192,0.001365543806909573,0.001086224684211443
2019-07-30,2019,PERSIST,20,0.12191260291323625,-0.01237046940548672,-0.009099011834665825
2019-07-31,2019,PERSIST,20,0.12959999999999994,-0.015635375125949577,-0.014551417838617402
2019-08-01,2019,PULLBACK,20,0.09915280828365236,0.016060522379660474,0.016055060238267974
2019-08-02,2019,PERSIST,20,0.08119790058660081,-0.006310354543696967,0.0006932203359049623
2019-08-05,2019,PERSIST,20,0.05342136854741897,-0.005497485359691025,-0.010070486203684118
2019-08-06,2019,PERSIST,20,0.0630603705917514,-0.0015191309849309548,-0.008664634213219061
2019-08-07,2019,PERSIST,20,0.04699970440437484,-0.0036795170662515934,0.003792396975202457
2019-08-08,2019,PERSIST,20,0.01762632197414815,-0.006196103129348071,-0.006010735265820306
2019-08-09,2019,PERSIST,20,0.009994121105232123,0.005157224211013944,0.010336291298618142
2019-08-12,2019,PERSIST,20,-0.018002322880371624,-0.00548070635028507,-0.0029609150428745942
2019-08-13,2019,PERSIST,20,0.008311071534579773,-0.018998867470097124,-0.01044034029866222
2019-08-14,2019,PERSIST,20,-0.011644832605531286,-0.006840521451102496,-0.008479979646792667
2019-08-15,2019,PERSIST,20,-0.00640279394644927,-0.024699978610014117,-0.01887721246203425
2019-08-16,2019,PERSIST,20,0.003241013553329397,-0.018821129891237846,-0.012539588309419515
2019-08-19,2019,PERSIST,20,0.0038302887448438128,-0.010223415991077827,-0.005448465524275421
2019-08-20,2019,PERSIST,20,-0.003530450132391838,-0.017482157311066768,-0.015185559509916013
2019-08-21,2019,PERSIST,20,0.003534609720176718,-0.02643443437693046,-0.02340040268631697
2019-08-22,2019,PERSIST,20,0.011179758752574154,-0.024693981150983445,-0.018421561934264266
2019-08-23,2019,PERSIST,20,-0.01647259301334847,-0.02836017036095088,-0.024888561830020382
2019-08-26,2019,PERSIST,20,-0.008829393335232139,-0.03137113458097139,-0.025270482309592238
2019-08-27,2019,PERSIST,20,-0.02794242167654537,-0.017973967463042258,-0.01916550396802527
2019-08-28,2019,PERSIST,20,-0.029461756373937553,-0.015239613556401263,-0.010768305636226098
2019-08-29,2019,PERSIST,20,-0.029403368541250363,-0.014242052077950791,-0.010708173939043414
2019-08-30,2019,PERSIST,20,-0.02855511136493427,-0.024540264584485987,-0.019741540151280795
2019-09-02,2019,PERSIST,20,-0.02136752136752129,-0.0206144028448766,-0.013186414308624987
2019-09-03,2019,PERSIST,20,-0.032892887264548754,-0.011727537448046867,-0.007182620128420081
2019-09-04,2019,PERSIST,20,-0.04263128176171649,-0.009956557537308458,-0.006278502381177886
2019-09-05,2019,PERSIST,20,-0.028002309468822206,0.0003425895219911195,0.007510435874909842
2019-09-06,2019,PERSIST,20,-0.02124563445867289,0.019721753432354522,0.02551054820568452
2019-09-09,2019,PERSIST,20,-0.007687758722649374,0.010655813736281109,0.020885783061999456
2019-09-10,2019,PULLBACK,20,-0.009125699146305455,0.005423707560271478,0.007420123623996414
2019-09-11,2019,PERSIST,20,-0.008247422680412342,0.008294266154269278,0.013376974504391652
2019-09-12,2019,PULLBACK,20,-0.015231400117164617,0.00010175039863645334,0.001478960218598866
2019-09-16,2019,PULLBACK,20,-0.01644640234948591,0.010544559287578189,0.011149249812787502
2019-09-17,2019,PULLBACK,20,-0.012914587613736428,-0.002792649539290315,-0.0013846395226210471
2019-09-18,2019,PERSIST,20,-0.005904930617065207,0.018222291879323265,0.021994989462469486
2019-09-19,2019,PERSIST,20,-0.005576753742295271,0.01107748366288842,0.015558507684366325
2019-09-20,2019,PERSIST,20,-0.012510910677916653,0.0053983151901362495,0.0114780299449813
2019-09-23,2019,PERSIST,20,-0.028587929540860535,0.011159541281663259,0.014542080806123195
2019-09-24,2019,PULLBACK,20,-0.03534482758620683,0.019858990534483954,0.020436793085629675
2019-09-25,2019,PULLBACK,20,-0.022938443670150965,0.01620439691221364,0.017879401162774634
2019-09-26,2019,PULLBACK,20,-0.008756567425569295,0.011442503929178336,0.012166090528946339
2019-09-27,2019,PULLBACK,20,-0.0026470588235293357,0.007889085862957626,0.010049901792409634
2019-09-30,2019,PULLBACK,20,-0.008230452674897082,-0.00020925880108844486,0.0017396468008485273
2019-10-08,2019,PULLBACK,20,-0.033478893740902516,-0.0017314350749991227,-0.0011265929014201651
2019-10-09,2019,PULLBACK,20,-0.03226744186046504,0.0028884247372029767,0.003655222475011823
2019-10-10,2019,PULLBACK,20,-0.040695959893836564,0.011024174669962365,0.011659246293159661
2019-10-11,2019,PULLBACK,20,-0.03177903177903185,0.004228219444006522,0.0056418416529738
2019-10-14,2019,PULLBACK,20,-0.03360095153137077,-0.003838624502176817,-0.003325702614725654
2019-10-15,2019,PULLBACK,20,-0.028903456495828372,-0.0083459994601199,-0.007587445527152393
2019-10-16,2019,PULLBACK,20,-0.029708853238265,-0.016724836741275464,-0.016082431817362648
2019-10-17,2019,PULLBACK,20,-0.027621027621027583,-0.01121548237278157,-0.010654072094062099
2019-10-18,2019,PULLBACK,20,-0.027067221891731164,-0.01283257079823946,-0.012215617705000462
2019-10-21,2019,PULLBACK,20,-0.017020005971931984,-0.012740134361087398,-0.011466394704152935
2019-10-22,2019,PULLBACK,20,-0.019625334522747506,-0.018521746309472814,-0.01769335303273458
2019-10-23,2019,PULLBACK,20,-0.019008019008019073,-0.01479825444313159,-0.013993680286556402
2019-10-24,2019,PULLBACK,20,-0.03246753246753242,-0.01838305523688082,-0.01784216944752538
2019-10-25,2019,PULLBACK,20,-0.03682969946965231,-0.01614165829061262,-0.01468392459792579
2019-10-28,2019,PULLBACK,20,-0.03269916765755054,-0.012649459679900261,-0.012263289039179389
2019-10-29,2019,PULLBACK,20,-0.025915996425379895,-0.012592182148776016,-0.011438454033583012
2019-10-30,2019,PULLBACK,20,-0.030014858841010517,-0.015859562233724322,-0.01501291976843139
2019-10-31,2019,PULLBACK,20,-0.03886925795053009,-0.016935708030403215,-0.016194574489541858
2019-11-01,2019,PULLBACK,20,-0.03538779121203184,-0.017727167902278733,-0.016795013631244384
2019-11-04,2019,PULLBACK,20,-0.02845287492590398,-0.018758546920374895,-0.01792783946947272
2019-11-05,2019,PULLBACK,20,0.001807228915662762,-0.023706341649173804,-0.022549277443604014
2019-11-06,2019,PULLBACK,20,-0.003604686091919551,-0.02767218339537619,-0.026482748627076363
2019-11-07,2019,WEAK,20,0.019059329849369755,-0.006156885764067728,-0.009875713764322346
2019-11-08,2019,WEAK,20,0.0036809815950920033,-0.001478900938835898,-0.007392792954967505
2019-11-11,2019,WEAK,20,0.008615384615384691,0.003020170755945165,-0.0004581468184290411
2019-11-12,2019,WEAK,20,0.007364222154035094,2.2876973700691056e-05,-6.375929873585033e-05
2019-11-13,2019,WEAK,20,0.011328842620943025,0.006647397812402001,0.0005983522837765612
2019-11-14,2019,WEAK,20,-0.004276114844227297,0.016681979060986715,0.014600105693239456
2019-11-15,2019,WEAK,20,0.0033628859675940426,0.019382722609761698,0.014685404918578154
2019-11-18,2019,WEAK,20,0.0,0.017108304954923867,0.008260815849956086
2019-11-19,2019,WEAK,20,-0.0012132241431604962,0.015424609120047741,0.007858013882847164
2019-11-20,2019,WEAK,20,-0.0036330608537693543,0.010113685947385296,0.003132071691771922
2019-11-21,2019,WEAK,20,0.005491153142159755,0.011786443634004284,0.006370565386677136
2019-11-22,2019,WEAK,20,0.00978892627714889,0.011519204830027307,0.003601163349706848
2019-11-25,2019,WEAK,20,0.019668100799016708,0.014888885759220715,0.01105182600623545
2019-11-26,2019,WEAK,20,0.023853211009174258,0.023630366424313345,0.013305904829551702
2019-11-27,2019,WEAK,20,0.027267156862745168,0.021805523693963047,0.0174777103684536
2019-11-28,2019,WEAK,20,0.030637254901960898,0.021039816339160085,0.016880072378046035
2019-11-29,2019,WEAK,20,0.030877407520635947,0.02345250419362053,0.017849521818745478
2019-12-02,2019,WEAK,20,0.029591214154972567,0.021886969323261903,0.017873618684257454
2019-12-03,2019,WEAK,20,0.013529765484064926,0.01944734312160601,0.013702432192486161
2019-12-04,2019,START,20,0.02261079288513712,0.0059362142860935095,0.005785591635887292
2019-12-05,2019,WEAK,20,0.05460030165912522,0.006089759968749445,0.004489632285744699
2019-12-06,2019,START,20,0.06112469437652823,0.014405894123955184,0.014079234970902552
2019-12-09,2019,START,20,0.08206223306894445,0.006558503808685856,0.005993813574424989
2019-12-10,2019,START,20,0.047822113920194864,0.004178591042011776,0.004059247537526121
2019-12-11,2019,START,20,0.03330305782621856,0.0007172262902749747,0.001515407177761316
2019-12-12,2019,START,20,0.050000000000000044,0.011408337942679654,0.011305875910052067
2019-12-13,2019,WEAK,20,0.026203534430225384,0.005334528378023885,0.004320678845507324
2019-12-16,2019,START,20,0.032199270959902826,0.008893141557570853,0.008258177820685655
2019-12-17,2019,START,20,0.03644093531733961,0.004867069499205526,0.005624199648277809
2019-12-18,2019,WEAK,20,0.03372835004557895,0.002103694655254835,-0.0001640251711414989
2019-12-19,2019,WEAK,20,0.03367718446601953,0.002208247646695356,0.0004567459261407593
2019-12-20,2019,START,20,0.03756437443199023,0.01135997460357686,0.01115222389256549
2019-12-23,2019,START,20,0.02742616033755274,0.010795643047049098,0.010955433465084267
2019-12-24,2019,START,20,0.0238948626045401,0.010607872890822927,0.010857570672163893
2019-12-25,2019,START,20,0.04682373993438693,0.010831876840477345,0.010581664280933715
2019-12-26,2019,START,20,0.0431034482758621,0.010516795126298661,0.010103889068702406
2019-12-27,2019,START,20,0.02580071174377241,0.0034076992013368813,0.0032979401125750613
2019-12-30,2019,START,20,0.021629629629629665,0.0071400774229054146,0.006506414763914213
2019-12-31,2019,START,20,0.03233461880747557,0.00438969659295651,0.0035830859445103213
2020-01-02,2020,START,20,0.029186320754716943,0.022454777903505915,0.017673975083743063
2020-01-03,2020,START,20,-0.00486270022883295,0.024208478302941483,0.02120343806352154
2020-01-06,2020,PERSIST,20,-0.001728110599078292,0.020213193407861742,0.019000933096883332
2020-01-07,2020,PERSIST,20,-0.02058077248378909,0.017665375971091204,0.014742257123023718
2020-01-08,2020,PERSIST,20,0.015988372093023395,0.009964980578465616,0.014925142287437278
2020-01-09,2020,PERSIST,20,0.0281277468502783,0.01127004737025503,0.014632114109048844
2020-01-10,2020,PERSIST,20,0.026584867075664542,0.010276808895732313,0.021327241304031887
2020-01-13,2020,PERSIST,20,0.05789786223277926,0.005539118650187679,0.006270885869262749
2020-01-14,2020,PERSIST,20,0.05002942907592689,0.0031425448225154418,0.008019964601255338
2020-01-15,2020,PERSIST,20,0.05801347787869915,0.0022181957471211853,0.0032109850610232693
2020-01-16,2020,PERSIST,20,0.09582598471487369,0.014063329876349824,0.014867943445896984
2020-01-17,2020,PERSIST,20,0.07983563252127968,0.012298557395027117,0.014179182062987565
2020-01-20,2020,PERSIST,20,0.07065693430656927,0.012717988659846104,0.014811111055273444
2020-01-21,2020,PERSIST,20,0.07509533587562345,0.016211526551248346,0.01900221624536589
2020-01-22,2020,PERSIST,20,0.06534422403733964,0.015505050534409781,0.017332961960732297
2020-01-23,2020,PERSIST,20,0.011111111111111072,0.01610198896312584,0.01889917586861944
2020-02-04,2020,PERSIST,20,0.043076033535703884,0.02364526991139687,0.028774591000065613
2020-02-05,2020,PERSIST,20,0.04495359628770301,0.020900444279891083,0.02597543703482749
2020-02-06,2020,PERSIST,20,0.05660919540229892,0.02361334311229712,0.026644934420252005
2020-02-07,2020,PERSIST,20,0.06445144657691215,0.01724513447377965,0.020784306944211947
2020-02-10,2020,PERSIST,20,0.04828973843058337,0.014541387350294447,0.018476619681410615
2020-02-11,2020,PULLBACK,20,0.0447201384881708,0.005884795844145064,0.007091687441348974
2020-02-12,2020,PULLBACK,20,0.042602187679907866,0.00577274077378407,0.00638116528148438
2020-02-13,2020,PULLBACK,20,-0.006580829756795414,0.008905725085817502,0.009954013890503538
2020-02-14,2020,PERSIST,20,-0.031062980906241044,0.027168852720233495,0.027643291631306195
2020-02-17,2020,PERSIST,20,-0.05663062037564026,0.007325862559231261,0.010000327536530353
2020-02-18,2020,PERSIST,20,-0.05136121246140901,0.007034342073286251,0.009487924545191144
2020-02-19,2020,PERSIST,20,-0.07651345291479827,0.002080073376090935,0.0029871159641586325
2020-02-20,2020,PERSIST,20,-0.081417889781224,-0.0037508431025261983,-0.0010465499542094484
2020-02-21,2020,PERSIST,20,-0.10810085836909866,0.0011694084915729666,0.004769683684952152
2020-02-24,2020,PERSIST,20,-0.03506387605327532,0.0004531102245340646,-4.902120528167339e-05
2020-02-25,2020,PERSIST,20,-0.01799836378511044,2.948526848898722e-06,0.0034029078513739194
2020-02-26,2020,PERSIST,20,-0.026466575716234675,-0.0038061292617713677,0.003256737304608487
2020-02-27,2020,PERSIST,20,-0.012869660460021914,-0.003388316600866855,-0.002063860839286561
2020-02-28,2020,PERSIST,20,0.013524936601859716,-0.012094775025509399,-0.008052288518971534
2020-03-02,2020,PERSIST,20,0.014439411098527755,-0.010428175984595632,-0.002465550573360481
2020-03-03,2020,PERSIST,20,-0.028547671840354782,0.004289465201271197,0.004662955504550238
2020-03-04,2020,PERSIST,20,-0.021371079655842506,-0.0034428186603950766,-0.003980463467464305
2020-03-05,2020,PERSIST,20,-0.025836279575741194,-0.008120650450875547,-0.0040627001250038985
2020-03-06,2020,PERSIST,20,-0.008073196986006503,-0.0065424793806781725,-0.005902796363015193
2020-03-09,2020,PERSIST,20,-0.0010967918837400115,0.0023529417229309485,0.008628151510804226
2020-03-10,2020,PERSIST,20,0.0057995028997515075,0.006349485682999034,0.011288279694447616
2020-03-11,2020,PERSIST,20,0.016289342904472814,-0.006261826210839799,-0.0016777846607094614
2020-03-12,2020,PERSIST,20,0.058467741935483764,-0.010471588594384185,-0.010510106959756186
2020-03-13,2020,PERSIST,20,0.08764705882352941,-0.009160279834237978,-0.008714924082085795
2020-03-16,2020,PULLBACK,20,0.12006033182503772,-0.027886551931952035,-0.031775761451856246
2020-03-17,2020,WEAK,20,0.09526627218934913,0.02358617212514887,0.021844874760731475
2020-03-18,2020,PULLBACK,20,0.11987860394537186,-0.058556152926675965,-0.057911107274812856
2020-03-19,2020,PULLBACK,20,0.09556828459451294,-0.04942663253357883,-0.049185351718623475
2020-03-20,2020,PULLBACK,20,0.10496240601503759,-0.04080532476669893,-0.04421704831039125
2020-03-23,2020,PULLBACK,20,0.03830985915492957,-0.03625871534001845,-0.0400436610488789
2020-03-24,2020,PULLBACK,20,0.0372118855873369,-0.03246606358936924,-0.03231387926376045
2020-03-25,2020,PULLBACK,20,0.04848654708520184,-0.029400080299490663,-0.029167076944500846
2020-03-26,2020,PULLBACK,20,0.043828016643550516,-0.019714055809739672,-0.017414800655967552
2020-03-27,2020,PULLBACK,20,0.033361134278565574,-0.024327344613381697,-0.023453029725834445
2020-03-30,2020,PERSIST,20,0.04074797655595863,0.03790407664743019,0.04560298213158133
2020-03-31,2020,PERSIST,20,0.06362339514978621,0.01116091837399364,0.016512304267780033
2020-04-01,2020,PULLBACK,20,0.06296086216676122,-0.03554468897800485,-0.03667838537294885
2020-04-02,2020,PULLBACK,20,0.041876046901172526,-0.03649600923581198,-0.039521420714678575
2020-04-03,2020,PULLBACK,20,0.024145415084102062,-0.03195630828663635,-0.0341534220999399
2020-04-07,2020,PERSIST,20,0.02964589623936309,0.033347180263065275,0.038451364473843834
2020-04-08,2020,PERSIST,20,0.027182866556836993,0.03701433941536576,0.04644064698830683
2020-04-09,2020,PERSIST,20,0.020103232817169303,0.030581488859014273,0.03555300194989181
2020-04-10,2020,PERSIST,20,0.026394557823129272,0.03274146722306712,0.03711163348038173
2020-04-13,2020,PERSIST,20,0.03244997295835583,0.012072620370368551,0.01765989774921637
2020-04-14,2020,PERSIST,20,0.050363587395636955,-0.0204678890787431,-0.018556588545182256
2020-04-15,2020,PERSIST,20,0.0448406266882766,-0.049803325641708335,-0.04993828109194344
2020-04-16,2020,PERSIST,20,0.059078590785907936,-0.08245397162872799,-0.0742316359126321
2020-04-17,2020,PERSIST,20,0.07044578976334614,-0.06866136511133238,-0.06935597702160427
2020-04-20,2020,PERSIST,20,0.04681545998911263,-0.07068205597159082,-0.06393669951915282
2020-04-21,2020,PERSIST,20,0.04584915897992414,-0.0684277147246994,-0.0696896306375361
2020-04-22,2020,PERSIST,20,0.03694779116465874,-0.07356455795617557,-0.07423390619834097
2020-04-23,2020,PERSIST,20,0.027800053461641383,-0.040758370621676296,-0.040922134231565314
2020-04-24,2020,PERSIST,20,0.023119851182567208,-0.026911221423807197,-0.025139634935928516
2020-04-27,2020,PERSIST,20,0.03766478342749524,-0.02739830977870793,-0.02633770845559961
2020-04-28,2020,PERSIST,20,0.04076159828372217,-0.02173195242947041,-0.020455633602089046
2020-04-29,2020,PERSIST,20,0.042113733905579265,-0.02832828204493041,-0.028422698358583347
2020-04-30,2020,PERSIST,20,0.02774813233724638,-0.036378363833987175,-0.036671123752418246
2020-05-06,2020,PERSIST,20,0.022240085744908766,-0.046269225272201696,-0.05040010921385826
2020-05-07,2020,PERSIST,20,0.018543046357615944,-0.044197166504718166,-0.0447340347955454
2020-05-08,2020,PERSIST,20,0.006131698213809766,-0.03932637530624195,-0.041000478703419344
2020-05-11,2020,PERSIST,20,0.013900026730820692,-0.029582706597340105,-0.03299902791273892
2020-05-12,2020,PERSIST,20,0.018109187749667077,-0.03248972220059924,-0.032161872279773726
2020-05-13,2020,PERSIST,20,0.019088016967126142,-0.03290162929910811,-0.03350453627908243
2020-05-14,2020,PERSIST,20,0.00838135149292829,-0.03060478021659121,-0.0301156555344205
2020-05-15,2020,PERSIST,20,-0.01025641025641022,-0.03433859868941022,-0.0345900761023985
2020-05-18,2020,PERSIST,20,-0.006721820062047468,-0.0216212686945055,-0.023142195618416978
2020-05-19,2020,PERSIST,20,-0.016888433981576245,0.047186254075575834,0.041934370657058725
2020-05-20,2020,PERSIST,20,-0.011053984575835507,0.045823796316896356,0.04497873288478155
2020-05-21,2020,PERSIST,20,-0.002340093603744098,0.032749894134041016,0.029377693496700014
2020-05-22,2020,PERSIST,20,0.009338521400778177,0.029034782374611667,0.03210148300892458
2020-05-25,2020,PERSIST,20,0.005938548928479115,0.030343688636995558,0.02443110998075823
2020-05-26,2020,PERSIST,20,0.01768530559167747,0.03154130373307482,0.030751425446686197
2020-05-27,2020,PERSIST,20,0.01740259740259731,0.037370923397243,0.034427030838515414
2020-05-28,2020,PERSIST,20,0.013481980814104233,0.04121788663838859,0.03851771555058685
2020-05-29,2020,PERSIST,20,0.01262561195568157,0.032527938916170555,0.02371441124557349
2020-06-01,2020,PERSIST,20,0.00411840411840414,0.027145000992425422,0.02467180493434294
2020-06-02,2020,PERSIST,20,0.016874350986500586,0.03167847395490965,0.028022219555404192
2020-06-03,2020,PERSIST,20,0.02542595019659233,0.036544952367824304,0.03500394186672014
2020-06-04,2020,PERSIST,20,0.016644993498049265,0.031421214861460156,0.0318278562896587
2020-06-05,2020,PERSIST,20,0.041070482246952755,0.03246664573409131,0.02968861814200164
2020-06-08,2020,PERSIST,20,0.04060110730292643,0.033360457992586336,0.03316921146357132
2020-06-09,2020,PERSIST,20,0.029557938791525018,0.03127962087372879,0.02498912668195579
2020-06-10,2020,PERSIST,20,0.02445369406867859,0.03258387517606906,0.028781395799633482
2020-06-11,2020,PERSIST,20,0.0202597402597402,0.02613255687902804,0.02343111504919444
2020-06-12,2020,PERSIST,20,0.022797927461139844,0.030295223068977736,0.024882766891626613
2020-06-15,2020,PULLBACK,20,0.025247267048412292,0.0252822767395742,0.02507371366419644
2020-06-16,2020,PULLBACK,20,0.016397709526288384,0.016307657234528383,0.018411602354677845
2020-06-17,2020,PULLBACK,20,0.017936054068105056,0.017668697958936518,0.01640188423085507
2020-06-18,2020,PULLBACK,20,0.027104508730779076,0.014818558234599155,0.013730563979461244
2020-06-19,2020,PULLBACK,20,0.044204574659470586,0.014905326030270174,0.014454922913860314
2020-06-22,2020,PERSIST,20,0.04106776180698146,0.02619464362707494,0.02262377494062975
2020-06-23,2020,PERSIST,20,0.04370048556095063,0.027164937346401716,0.025931456147030192
2020-06-24,2020,PERSIST,20,0.06331376053101878,0.025685476132180057,0.024478052893626957
2020-06-29,2020,PERSIST,20,0.09746738296239443,0.02170446971352677,0.02046657531808458
2020-06-30,2020,PERSIST,20,0.07430025445292632,0.022327931375128226,0.022261435619728046
2020-07-01,2020,PERSIST,20,0.08049218149192527,0.018102782639709075,0.016789421175260534
2020-07-02,2020,PERSIST,20,0.06739851927495533,0.02259061386216158,0.019138261614951482
2020-07-03,2020,PERSIST,20,0.07668711656441718,0.01371661667507121,0.012819571364253006
2020-07-06,2020,PERSIST,20,0.07776925044768501,0.008178015174533614,0.005869867792399108
2020-07-07,2020,PERSIST,20,0.09417154492237234,0.003472069683883392,0.0026360248019790945
2020-07-08,2020,PERSIST,20,0.09779579427413232,-0.0018410451186953777,-0.003591070159198434
2020-07-09,2020,PERSIST,20,0.11839430894308944,-0.006243704620072057,-0.007747545126332838
2020-07-10,2020,PERSIST,20,0.10081259522600305,-0.004105695760822779,-0.003917407540967259
2020-07-13,2020,PERSIST,20,0.10056008146639517,0.004523032306616468,0.004538699908409634
2020-07-14,2020,PERSIST,20,0.02254305977710236,0.00863849755057794,0.006384138107681886
2020-07-15,2020,PERSIST,20,0.03274942878903264,0.001233625816585997,0.0005696824420014911
2020-07-16,2020,PERSIST,20,0.06069142125480176,-0.0010785282904242494,-0.001103782884843116
2020-07-17,2020,PERSIST,20,0.04494382022471899,-0.000473823621417728,-0.0006116957824088415
2020-07-20,2020,PERSIST,20,0.06622684597817807,-0.0036142118520697455,-0.004441441543804365
2020-07-21,2020,PERSIST,20,0.03790302731971451,-0.003005060332815848,-0.00448779411287146
2020-07-22,2020,PERSIST,20,0.002218934911242698,0.0007839840817731852,-0.0012617774101087824
2020-07-23,2020,PERSIST,20,0.0012242899118513062,0.004677053011136809,0.0032301322991921443
2020-07-24,2020,PERSIST,20,-0.02953181272509009,0.01652942374706589,0.015537158983672764
2020-07-27,2020,PERSIST,20,-0.052913752913753,0.018259155872305727,0.01661285567855708
2020-07-28,2020,PERSIST,20,-0.037896731406916184,0.011074748798742325,0.00958626298394142
2020-07-29,2020,PERSIST,20,-0.026809015421114912,0.006835652263294627,0.015253103876130637
2020-07-30,2020,PERSIST,20,-0.023678545802439666,0.01123228176430675,0.011822662671599062
2020-07-31,2020,PERSIST,20,-0.017568850902184185,-0.0020103870413156182,0.007261275773467097
2020-08-03,2020,PERSIST,20,-0.01519107524329455,-0.0060776486863151225,-0.011523685992013307
2020-08-04,2020,PERSIST,20,-0.03814840660618757,-0.00589957185254973,-0.004745192623200875
2020-08-05,2020,PERSIST,20,-0.05723517193630279,-0.006374332082587962,-0.005103797890739857
2020-08-06,2020,PERSIST,20,-0.07723761926397088,-0.0028575487330841126,-0.0067764966333514615
2020-08-07,2020,PERSIST,20,-0.05905420991926191,-0.0008879769693937443,-0.0007940106496758803
2020-08-10,2020,PERSIST,20,-0.060837381448068606,-0.004124393531705998,-6.787342849520067e-05
2020-08-11,2020,PERSIST,20,0.005945008669804297,-0.00016125145613687583,0.0043918752897484994
2020-08-12,2020,PERSIST,20,0.009095378564405232,0.009260916153126157,0.024954225352349504
2020-08-13,2020,PERSIST,20,-0.01062288749396434,-0.004306324622764391,0.016115112375927467
2020-08-14,2020,PERSIST,20,-0.0009775171065492527,-0.0019404157362800751,0.0025353654283799248
2020-08-17,2020,PERSIST,20,-0.024750118990956693,-0.007438711257929955,0.0002675638159185447
2020-08-18,2020,PERSIST,20,-0.0331989566042209,0.0001452150947961581,0.0020976238095889834
2020-08-19,2020,PERSIST,20,0.002952029520295163,0.024693298240508716,0.029577435762159952
2020-08-20,2020,PERSIST,20,-0.005380288579114767,0.03368663305069613,0.04768572359395585
2020-08-21,2020,PULLBACK,20,0.010638297872340496,-0.027956257872807533,-0.02391878420899076
2020-08-24,2020,PULLBACK,20,-0.020920502092050097,-0.02616217077696746,-0.026225501811130404
2020-08-25,2020,PULLBACK,20,-0.020187099950763288,-0.031029519557009357,-0.0336754177186345
2020-08-26,2020,PULLBACK,20,-0.04436860068259396,-0.029304902469870445,-0.028080252718477507
2020-08-27,2020,PULLBACK,20,-0.04409603135717777,-0.0254179069885003,-0.0242858898114416
2020-08-28,2020,PULLBACK,20,-0.05219913001449972,-0.024085797457379318,-0.024371596358774957
2020-08-31,2020,PULLBACK,20,-0.04362496987225839,-0.0166848883415404,-0.017025809119292752
2020-09-01,2020,PULLBACK,20,-0.03627569528415964,-0.017596900283638684,-0.015691443347737505
2020-09-02,2020,PULLBACK,20,-0.030110159118726942,-0.009320426902604961,-0.01020349022473781
2020-09-03,2020,PULLBACK,20,-0.010585918266863614,-0.018304303592402763,-0.01559617922356641
2020-09-04,2020,PULLBACK,20,-0.01642559450845804,-0.02107504741303334,-0.01982952527791544
2020-09-07,2020,PULLBACK,20,-0.03201970443349744,-0.026520412276907688,-0.027080141419450744
2020-09-08,2020,PULLBACK,20,-0.02782565870475251,-0.0355638749551929,-0.03533564230259794
2020-09-09,2020,PERSIST,20,-0.03239951278928144,0.023602391094703464,0.02085998822762357
2020-09-10,2020,PERSIST,20,-0.03513909224011702,-0.013069748970081565,-0.01337166950133372
2020-09-11,2020,PULLBACK,20,-0.03277886497064575,-0.02833327709420548,-0.028188026869897912
2020-09-14,2020,PULLBACK,20,-0.030746705710102518,-0.027619721345554193,-0.0257360122983495
2020-09-15,2020,PULLBACK,20,-0.025018395879322974,-0.021957713554945007,-0.020619361054908057
2020-09-16,2020,PULLBACK,20,-0.030414520480745666,-0.01761509537589019,-0.0165791271167793
2020-09-17,2020,PULLBACK,20,-0.029505778214900413,-0.019529453181393073,-0.019676023324042845
2020-09-18,2020,PULLBACK,20,-0.028641370869033067,-0.02431084313407558,-0.022708050665579804
2020-09-21,2020,PERSIST,20,-0.0010055304172951196,-0.013930408350184813,-0.017333888707189268
2020-09-22,2020,PULLBACK,20,-0.016834170854271413,-0.030836493051034482,-0.030960625700215776
2020-09-23,2020,WEAK,20,-0.0035714285714285587,0.0029192330592668157,0.002581280550283567
2020-09-24,2020,WEAK,20,0.003075345976422339,0.0059579514897663164,-0.0022754892995286505
2020-09-25,2020,PULLBACK,20,0.004589495155532752,-0.048836844243808984,-0.04709587956055199
2020-09-28,2020,PULLBACK,20,0.0005040322580645018,-0.044970549835821626,-0.047551324346845655
2020-09-29,2020,PULLBACK,20,-0.008531994981179403,-0.034468176408168696,-0.03511853422445377
2020-09-30,2020,PULLBACK,20,0.01009591115598174,-0.03433493968285291,-0.035292322500875405
2020-10-09,2020,PULLBACK,20,-0.0012440905697934657,-0.03840231899837107,-0.03649613752771443
2020-10-12,2020,PULLBACK,20,-0.039381854436689845,-0.03948341057883296,-0.03958798562850879
2020-10-13,2020,PULLBACK,20,-0.011704834605598013,-0.03349330237190886,-0.03399187239979845
2020-10-14,2020,PULLBACK,20,-0.021023302938196542,-0.04147935249870169,-0.0403688449159042
2020-10-15,2020,PULLBACK,20,-0.02139979859013086,-0.04257595367471179,-0.04350714981063451
2020-10-16,2020,PULLBACK,20,-0.012392513909964653,-0.0402115675966819,-0.03988125380348308
2020-10-19,2020,PULLBACK,20,-0.01694486595852307,-0.041821019228436715,-0.04270769497460845
2020-10-20,2020,PULLBACK,20,-0.027945619335347338,-0.0403677443979388,-0.041829747970209635
2020-10-21,2020,PULLBACK,20,-0.030943396226415176,-0.04146679364390285,-0.040261599036059616
2020-10-22,2020,WEAK,20,-0.027826966860612146,-0.00108579634589024,-0.0005917436314021281
2020-10-23,2020,WEAK,20,-0.02432227007854071,-0.0007493184118205921,-0.0026576622805909948
2020-10-26,2020,WEAK,20,-0.04939516129032262,0.001266272952796169,0.0029487594080905323
2020-10-27,2020,WEAK,20,-0.06265727226975337,0.006467756308281716,0.004743992951914858
2020-10-28,2020,WEAK,20,-0.05008944543828253,0.0008030006169316498,0.0010391341581122244
2020-10-29,2020,WEAK,20,-0.04864311315924219,-0.002184489138774463,-0.0022432401056338667
2020-10-30,2020,START,20,-0.06591722023505364,-0.0020916627234529635,-0.0005122551093022579
2020-11-02,2020,START,20,-0.07614213197969544,-0.009693046925523098,-0.008340923043591977
2020-11-03,2020,START,20,-0.06801007556675065,-0.009756832241519022,-0.007696371529936949
2020-11-04,2020,WEAK,20,-0.05618830675778286,-0.0071240893647422235,-0.004330911615750861
2020-11-05,2020,WEAK,20,-0.06246876561719139,-0.0007563004217556422,-0.0037789066358083385
2020-11-06,2020,START,20,-0.06875934230194325,-0.002715580007679002,-0.0038030419540534058
2020-11-09,2020,WEAK,20,-0.015308770108977687,-0.005746380307238496,-0.008735478954645073
2020-11-10,2020,WEAK,20,-0.022142121524201808,0.003216008161002081,-0.006581052445694369
2020-11-11,2020,WEAK,20,-0.030789133247089318,0.006340475118676381,0.012427310364037523
2020-11-12,2020,WEAK,20,-0.03678929765886285,-0.004913374508266311,0.000659902348540054
2020-11-13,2020,WEAK,20,-0.041741357234314935,-0.0017756528771575297,0.002286823761889406
2020-11-16,2020,WEAK,20,-0.03936197581682532,0.0010978228724811655,0.002667591235395301
2020-11-17,2020,WEAK,20,-0.020461020461020496,0.002542852408518285,-0.0014993115403745122
2020-11-18,2020,WEAK,20,-0.013759086188992686,0.0008517116432718019,-0.00034410128983855537
2020-11-19,2020,WEAK,20,-0.004944054124382036,0.0030800091631390664,-0.0004698411537288963
2020-11-20,2020,WEAK,20,0.007011165930927099,0.000578045059424907,-0.0023404666799963884
2020-11-23,2020,WEAK,20,0.01802757158006374,0.00015173562874333524,0.0021162457915212575
2020-11-24,2020,WEAK,20,0.02604026845637586,0.002530683691942582,-0.0005707015865835698
2020-11-25,2020,WEAK,20,0.03416733925208493,0.012548132262720946,0.00401416571927779
2020-11-26,2020,WEAK,20,0.03175457481162547,0.015002740321126841,0.013223964004187662
2020-11-27,2020,WEAK,20,0.05990153172866508,0.012570295424841295,0.010425988222573554
2020-11-30,2020,WEAK,20,0.05824175824175826,0.02213831167708532,0.015710531323629876
2020-12-01,2020,WEAK,20,0.03702702702702698,0.028558842558457073,0.02286165968797501
2020-12-02,2020,WEAK,20,0.03700724054706361,0.024566280859800282,0.027900576862590128
2020-12-03,2020,WEAK,20,0.0386460554371002,0.016600462667794483,0.015921471533868137
2020-12-04,2020,WEAK,20,0.04949170679507753,0.009933554250286795,0.013112449498567519
2020-12-07,2020,WEAK,20,0.03583662714097491,0.012022101081708491,0.01162922131834173
2020-12-08,2020,WEAK,20,0.0239599789362821,0.005997299605811962,0.005253738248813366
2020-12-09,2020,WEAK,20,0.038441003737319734,-0.0007163272924145432,-0.0012531371203790926
2020-12-10,2020,WEAK,20,-0.003739316239316337,0.004906040230119795,-0.004838215022483258
2020-12-11,2020,WEAK,20,0.007215392838054502,0.00969491549335762,0.0016442769200183359
2020-12-14,2020,WEAK,20,0.018478843063738593,0.010507098153981766,0.004190907694516259
2020-12-15,2020,WEAK,20,0.003701745108408261,0.010191907729485429,0.0014597338186632877
2020-12-16,2020,WEAK,20,-0.0018425901553040802,0.009125536824261185,0.01211989220005995
2020-12-17,2020,WEAK,20,-0.021705020920501972,0.004321035193964609,0.00025578707753359624
2020-12-18,2020,WEAK,20,-0.021918514698298086,-0.002949256448399255,-0.0013166474665180679
2020-12-21,2020,START,20,-0.01302083333333326,-0.001063928203596326,-0.008063944297382584
2020-12-22,2020,START,20,-0.0023547880690737433,0.007605799287532878,0.00750280515026285
2020-12-23,2020,START,20,-0.00858480749219559,-5.56491871128665e-05,-0.006125338858369012
2020-12-24,2020,START,20,-0.007042253521126751,-0.007072967542805101,-0.010150252411496162
2020-12-25,2020,START,20,-0.02038709677419359,-0.007104667403860064,-0.01003249782188607
2020-12-28,2020,START,20,-0.01947040498442365,0.0009228822136497974,0.001403406217084291
2020-12-29,2020,START,20,-0.018243419338024536,0.00272499756311622,-0.004054950851226608
2020-12-30,2020,START,20,-0.026894233255753797,-0.001331472935722576,-0.008290529228205622
2020-12-31,2020,START,20,-0.03053630998203738,-0.0007417235473192244,-0.005397551081829954
2021-01-04,2021,START,20,-0.02752995156767779,-0.006723453650045539,-0.011574048752696815
2021-01-05,2021,START,20,-0.044772322564233025,0.003373684947943427,0.0013178521602287118
2021-01-06,2021,START,20,-0.03677037798920024,-0.0007194773944773775,-0.0026628284577413274
2021-01-07,2021,START,20,-0.05398457583547556,-0.0003258675264911637,-0.003059337337733993
2021-01-08,2021,START,20,-0.0058981233243967646,-0.0007962573354175495,-0.0006274686028121586
2021-01-11,2021,START,20,-0.007163703900238794,0.011938829683113356,0.010552600652832705
2021-01-12,2021,START,20,-0.01603996844596367,0.013414133699321706,0.012649515223749706
2021-01-13,2021,START,20,-0.039778714436248586,0.01757542967195029,0.02106816412680578
2021-01-14,2021,WEAK,20,-0.04298523206751048,-0.0026460894016475268,-0.00033609800801449874
2021-01-15,2021,WEAK,20,-0.020582731889869033,-0.0017628549702996127,-0.0074395432647789
2021-01-18,2021,WEAK,20,-0.023464276298444497,0.01263595654214709,0.01504713221095112
2021-01-19,2021,WEAK,20,-0.021372031662269086,0.0077536828340799115,0.01313078902052204
2021-01-20,2021,WEAK,20,-0.03383162863886702,0.009614578468504685,0.011322590096352496
2021-01-21,2021,START,20,-0.04224612962477037,0.02422436829945131,0.026959093740472513
2021-01-22,2021,WEAK,20,-0.061728395061728336,-0.00048077486868317954,0.004997276532104672
2021-01-25,2021,WEAK,20,-0.06743940990516328,0.0024952759212422044,0.0038907249789807844
2021-01-26,2021,WEAK,20,-0.05904156738151978,0.004178293426906891,0.004459170485280816
2021-01-27,2021,WEAK,20,-0.06610034510220342,0.004868404533186432,0.004457673946840584
2021-01-28,2021,WEAK,20,-0.07866064310390641,0.008828395996032223,0.008584143166409082
2021-01-29,2021,WEAK,20,-0.06749602964531498,0.010961181534010295,0.007046320211404201
2021-02-01,2021,WEAK,20,-0.08545216251638277,0.0077548290147718395,0.006753079322636557
2021-02-02,2021,WEAK,20,-0.05539280958721693,0.010321491095348245,0.012228648758620082
2021-02-03,2021,WEAK,20,-0.04991991457554723,0.014706292770742578,0.004170779056960819
2021-02-04,2021,WEAK,20,-0.03451086956521743,0.015614991139250509,0.01513251155175185
2021-02-05,2021,WEAK,20,-0.03640776699029136,0.01751508808225062,0.014793007158379704
2021-02-08,2021,WEAK,20,-0.0454302512025655,0.012710068946563789,0.016532069177692683
2021-02-09,2021,WEAK,20,-0.04596472474612512,0.006084185962642294,0.01193998039627795
2021-02-10,2021,WEAK,20,-0.009053497942386857,0.0017277696760853935,0.005668760085927309
2021-02-18,2021,WEAK,20,-0.01653348029760271,0.008355140634907393,0.01015740287816798
2021-02-19,2021,WEAK,20,-0.02265283842794763,0.011747011621132753,0.0149280935771677
2021-02-22,2021,WEAK,20,-0.03590712742980562,0.009425743959655708,0.00936624493428067
2021-02-23,2021,WEAK,20,-0.038285252089511945,0.00611199351097407,0.010596188638533073
2021-02-24,2021,WEAK,20,-0.026058631921824116,0.004424638021932274,0.006223759246081952
2021-02-25,2021,WEAK,20,-0.018904109589041096,0.006710499828304372,0.008351716156875326
2021-02-26,2021,WEAK,20,0.002239641657334923,0.008427220089497492,0.007085372918700655
2021-03-01,2021,WEAK,20,0.005084745762711895,0.011289917788243727,0.008232717345157415
2021-03-02,2021,WEAK,20,-0.01491277433877325,0.014879105385786861,0.02664911119207458
2021-03-03,2021,WEAK,20,0.005685048322910724,0.021620851499977948,0.023050890773638526
2021-03-04,2021,WEAK,20,0.03922699740409574,0.02275880799716342,0.026171425880113352
2021-03-05,2021,WEAK,20,0.02384331535623052,0.024436943399209977,0.028738187634825284
2021-03-08,2021,WEAK,20,0.03238750358268838,0.023310357918729728,0.02270461928083494
2021-03-09,2021,WEAK,20,0.0138144911192557,0.021291452774936014,0.025963663294002837
2021-03-10,2021,WEAK,20,0.02304017982579376,0.014780286497743631,0.020229392356317384
2021-03-11,2021,WEAK,20,0.017450042217844075,0.008658485868066557,0.009160572597949048
2021-03-12,2021,WEAK,20,0.0019591379792891495,0.004067076317006114,0.009968434599862115
2021-03-15,2021,WEAK,20,0.011758118701007847,0.0028943477485134225,0.00024262472149895464
2021-03-16,2021,WEAK,20,0.007843137254901933,0.003907014767053651,0.010681932150216992
2021-03-17,2021,WEAK,20,0.009136212624584639,0.005216007930659312,0.005467040735754548
2021-03-18,2021,WEAK,20,0.02857943401513019,9.750275333741346e-05,0.0021246650303380537
2021-03-19,2021,WEAK,20,0.017872102764590947,-0.003523328577254959,0.0016090076017645175
2021-03-22,2021,WEAK,20,0.02408288994679353,-0.003559611968022109,0.004075019380687731
2021-03-23,2021,WEAK,20,0.03252032520325199,0.002539947903338888,0.0014735394457075918
2021-03-24,2021,WEAK,20,0.02341137123745818,0.0021479621608131837,0.006198211875972175
2021-03-25,2021,WEAK,20,0.01954761239877123,0.0018658217173312145,0.0038087720216586915
2021-03-26,2021,WEAK,20,0.02067039106145252,-0.0011473302188890026,-0.00022177611385426968
2021-03-29,2021,WEAK,20,0.021922428330522825,-0.003402084441091698,-0.004590516469615834
2021-03-30,2021,WEAK,20,0.04655812624964306,-0.004421719512260116,-0.0031535037409025166
2021-03-31,2021,WEAK,20,0.024024872809496944,-0.00037083320289949765,-0.001272644617065534
2021-04-01,2021,START,20,0.016930335831251808,-0.004194336967344602,-0.002925604634251927
2021-04-02,2021,START,20,0.030219018574993095,-0.00011119505383819575,0.004758527048417047
2021-04-06,2021,START,20,0.033870072182121236,0.0053783404924805465,0.007189909672786363
2021-04-07,2021,START,20,0.03754171301446041,0.004783312431291629,0.0035932178283926697
2021-04-08,2021,START,20,0.023070585004119737,-0.00318576542069513,-0.0032179945949880467
2021-04-09,2021,START,20,0.028769017980636136,-0.00802408234332297,-0.006451890012972902
2021-04-12,2021,START,20,0.038826815642458046,0.009567525506915357,0.008089802152313818
2021-04-13,2021,START,20,0.04620918649695627,0.006255738165503767,0.0068182452049365475
2021-04-14,2021,START,20,0.05697609783212898,0.003063950216258722,0.0027018666776189165
2021-04-15,2021,START,20,0.04115226337448563,0.00782998163596381,0.008060876373232436
2021-04-16,2021,START,20,0.03677472078452748,0.005276607664384023,0.007448228518298072
2021-04-19,2021,START,20,0.0455418381344308,0.009027379995519624,0.00909886890840141
2021-04-20,2021,START,20,0.04894722450095701,0.010934119512048725,0.010271896106129207
2021-04-21,2021,START,20,0.029052402932392196,0.0006575685314663682,-0.0003352433796367047
2021-04-22,2021,START,20,0.0503812636165577,0.00913870568547618,0.010093510347798287
2021-04-23,2021,START,20,0.047110380717611644,0.01412695382877821,0.012898445225565422
2021-04-26,2021,START,20,0.046798029556650356,0.020339851928963492,0.01938491806554756
2021-04-27,2021,START,20,0.05500550055005493,0.01977490727843596,0.0185150373965121
2021-04-28,2021,START,20,0.04776200873362435,0.02123668386138767,0.021377384232319132
2021-04-29,2021,START,20,0.056582942313000206,0.01913640546356806,0.016700632831128326
2021-04-30,2021,START,20,0.0376637554585153,0.0169504874650536,0.017324723055203085
2021-05-06,2021,START,20,-0.0002691065662002723,0.01247604258216033,0.014050541841131914
2021-05-07,2021,START,20,0.009398496240601517,0.015842540673740257,0.016047690914937157
2021-05-10,2021,START,20,0.018225676762262166,0.014477501477932187,0.014802241387708885
2021-05-11,2021,START,20,0.014228187919463009,0.007478095573172111,0.00617221957807941
2021-05-12,2021,PERSIST,20,0.012906695348211983,-0.016827593924090778,-0.016102832974218842
2021-05-13,2021,PERSIST,20,0.020435600968002232,-0.018676501814383913,-0.019080696299469138
2021-05-14,2021,PERSIST,20,-0.016133298069293867,-0.026278766782400147,-0.025632427376871728
2021-05-17,2021,PERSIST,20,-0.022350775703392056,-0.02844880162263382,-0.02848714060043344
2021-05-18,2021,PERSIST,20,-0.03214756258234519,-0.028594290325769926,-0.02851584503571928
2021-05-19,2021,PERSIST,20,-0.047556489753021514,-0.031008433599284076,-0.030301063548252544
2021-05-20,2021,PERSIST,20,-0.05143007084754647,-0.028031329241883465,-0.027720188525597305
2021-05-21,2021,PERSIST,20,-0.050573514077163706,-0.029850969666788015,-0.028880971965486776
2021-05-24,2021,PERSIST,20,-0.0395778364116095,-0.030010451690092144,-0.029285958938280766
2021-05-25,2021,PERSIST,20,-0.058335493907181735,-0.02771501270987533,-0.02735769855899262
2021-05-26,2021,PERSIST,20,-0.05231493591420344,-0.03214352248067228,-0.03212071846613429
2021-05-27,2021,PERSIST,20,-0.054117647058823604,-0.032978010592788896,-0.03335242070151228
2021-05-28,2021,PERSIST,20,-0.05656934306569339,-0.03115221691843387,-0.03062107341386311
2021-05-31,2021,PERSIST,20,-0.06329773378483983,0.008227853443402792,0.00830557989271642
2021-06-01,2021,PERSIST,20,-0.05694879832810862,0.007083666090793184,0.006855009161177808
2021-06-02,2021,PERSIST,20,-0.04260915307732771,0.01150723348338437,0.010703407874474718
2021-06-03,2021,PERSIST,20,-0.017227456258411822,0.007267849794040555,0.008066892573787798
2021-06-04,2021,PERSIST,20,-0.02873104549082206,0.01840719827799154,0.01911317676448912
2021-06-07,2021,PERSIST,20,-0.03237694130034219,0.016973870988147403,0.013856285072953896
2021-06-08,2021,PERSIST,20,-0.025939650608787668,0.016668364698615865,0.01547159050965108
2021-06-09,2021,PERSIST,20,-0.022033448367401065,0.01706242574717424,0.016919980264292905
2021-06-10,2021,PERSIST,20,-0.02740447957839265,0.01741354367423796,0.016699941619834013
2021-06-11,2021,PERSIST,20,-0.009677419354838679,0.015653956708157772,0.015491713776413833
2021-06-15,2021,PULLBACK,20,-0.009413663259817184,0.01576083329638502,0.018378106488045092
2021-06-16,2021,PULLBACK,20,0.011434794445956964,0.011981888830244676,0.015068779796425893
2021-06-17,2021,PULLBACK,20,0.026206896551724146,0.01179239983234704,0.014571406441645679
2021-06-18,2021,PULLBACK,20,0.023513139695712226,0.00918842467106869,0.007906470628726238
2021-06-21,2021,PULLBACK,20,0.017298187808896248,0.01673555784406729,0.01988932467801581
2021-06-22,2021,PULLBACK,20,0.012362637362637319,0.019613857999219886,0.022506993520135837
2021-06-23,2021,PULLBACK,20,0.009636563876651794,0.013288433217944973,0.014761139561182938
2021-06-24,2021,PULLBACK,20,0.014352746342809697,0.01511395499457049,0.016882474132743932
2021-06-25,2021,PULLBACK,20,0.017412935323383172,0.007528488147121762,0.007371667768643033
2021-06-28,2021,PULLBACK,20,0.015473887814313247,0.006362344399167177,0.008053971062710677
2021-06-29,2021,PULLBACK,20,0.027530589543937722,0.007939513727923238,0.010103790748044576
2021-06-30,2021,PULLBACK,20,0.028808864265928102,0.013512452535602574,0.014655762616287238
2021-07-01,2021,PULLBACK,20,0.022252747252747174,0.0049536341280281195,0.006359659840050591
2021-07-02,2021,PULLBACK,20,0.009312517118597707,0.0008851071478517139,0.0042618797925912015
2021-07-05,2021,PULLBACK,20,0.008490824431662602,0.004169707945236015,0.006366021311030874
2021-07-06,2021,PULLBACK,20,0.0016322089227420733,0.005650502194344997,0.007090740428252544
2021-07-07,2021,PULLBACK,20,0.0024456521739129045,0.006539509005406465,0.009877021286265579
2021-07-08,2021,PULLBACK,20,-0.004885993485342133,4.93695828047494e-05,0.0013985815037616976
2021-07-09,2021,PULLBACK,20,-0.036846383094012336,0.0014726411685782124,0.0032311054549963416
2021-07-12,2021,PULLBACK,20,-0.03447339847991315,0.0030214970539685125,0.004363568408831213
2021-07-13,2021,PULLBACK,20,-0.03828400760249795,-0.006435202773454507,-0.006058742625373378
2021-07-14,2021,PULLBACK,20,-0.037685060565275874,-0.0016808058778520164,0.00018212164633507177
2021-07-15,2021,PERSIST,20,-0.03521505376344092,0.008991850028425282,0.00826648218419541
2021-07-16,2021,PERSIST,20,-0.01756756756756772,0.0021691781129262655,0.0012740777322817372
2021-07-19,2021,PERSIST,20,-0.01619433198380571,0.004094265187949591,0.0038664043326118256
2021-07-20,2021,PERSIST,20,-0.007327001356852159,0.0037722749498191885,0.00411277180372075
2021-07-21,2021,PERSIST,20,-0.0038178347422961334,0.0049956241691171,0.004423288763413973
2021-07-22,2021,START,20,-0.006258503401360471,0.013121937636167293,0.01544839404543639
2021-07-23,2021,PERSIST,20,-0.012224938875305624,0.0015483197712063777,0.000878362156691086
2021-07-26,2021,PERSIST,20,0.0005442176870749105,0.0008765010688253682,-3.798497077282456e-05
2021-07-27,2021,PERSIST,20,-0.006224627875507371,0.002625401961457667,0.0012048082451052433
2021-07-28,2021,PERSIST,20,-0.01561658589122239,-0.0025255553128956045,-0.0037894576548699876
2021-07-29,2021,PERSIST,20,-0.015049717817790964,-0.004129577276623757,-0.004637439834213771
2021-07-30,2021,PERSIST,20,0.005698778833107099,-0.0010101961079884642,-0.0018574657330701506
2021-08-02,2021,START,20,0.0019011406844107182,0.012411446889759236,0.015558311963728042
2021-08-03,2021,START,20,0.0021727322107549796,0.009606008564619746,0.010214225758369664
2021-08-04,2021,START,20,0.0,0.010114468168788578,0.012663093086169825
2021-08-05,2021,START,20,0.0035460992907800915,0.013922757376336055,0.01695600497219892
2021-08-06,2021,WEAK,20,0.043600562587904346,-0.0030458908447083145,-0.0019794457365738885
2021-08-09,2021,WEAK,20,0.043294911442226525,0.010026078154632544,0.012106558642036136
2021-08-10,2021,WEAK,20,0.033032185206098186,0.015008921390889062,0.01705973063754802
2021-08-11,2021,WEAK,20,0.017622377622377616,0.018515276479419574,0.023639837791425592
2021-08-12,2021,WEAK,20,0.0161604903872945,0.019028372885910604,0.024258507728486547
2021-08-13,2021,WEAK,20,0.0013755158184320937,0.015980280277297247,0.022381989148530387
2021-08-16,2021,WEAK,20,-0.0010973936899862924,0.009557543942519313,0.016193860001016202
2021-08-17,2021,WEAK,20,0.0016402405686168908,-0.001133139985365639,0.0030182658628074774
2021-08-18,2021,WEAK,20,-0.003832466465918505,-0.004844444462510015,0.0013066696300910027
2021-08-19,2021,WEAK,20,-0.01533406352683464,-0.0043736782737410045,-0.0014397550560616935
2021-08-20,2021,WEAK,20,-0.0011001100110010764,-0.002604072606081789,-0.0002823728119272983
2021-08-23,2021,WEAK,20,-0.01767745444655966,-0.0020574396527627417,0.0015323132221241337
2021-08-24,2021,START,20,-0.025599128540305105,0.01787873719454856,0.019481426133476032
2021-08-25,2021,WEAK,20,-0.018052516411378616,0.002171704644379133,0.0027536558929466973
2021-08-26,2021,WEAK,20,-0.023192360163710735,0.003086876032163146,0.0009552448184161374
2021-08-27,2021,WEAK,20,-0.040744738262277314,0.0010089316309447646,0.0016016107845949368
2021-08-30,2021,START,20,-0.037679587964218,0.0178633158871915,0.02062814571578139
2021-08-31,2021,START,20,-0.02981029810298097,0.018295837535703345,0.019933366981029405
2021-09-01,2021,START,20,-0.027649769585253448,0.023338482141608212,0.02375466008357914
2021-09-02,2021,START,20,-0.026909486273443806,0.020173696267410893,0.02146552036250895
2021-09-03,2021,START,20,-0.0320754716981132,0.018876618647297463,0.019371700938256575
2021-09-06,2021,START,20,-0.021018593371058936,0.021892982010351628,0.02352006859605785
2021-09-07,2021,START,20,-0.004919376878928627,0.016100096137265332,0.017733501889572033
2021-09-08,2021,START,20,-0.012919186366135205,0.01975162989236469,0.020819880474917174
2021-09-09,2021,START,20,-0.017274472168905874,0.01076984303948596,0.012739975321090273
2021-09-10,2021,PERSIST,20,-0.01813186813186818,-0.00913487137927341,-0.009844112833104761
2021-09-13,2021,PERSIST,20,-0.01235924196649274,-0.005733152386567094,-0.0066504660018572494
2021-09-14,2021,PULLBACK,20,-0.01719432314410485,-0.016939519240466192,-0.015959862657776144
2021-09-15,2021,PULLBACK,20,-0.009068425391591028,-0.018227027206129738,-0.0178298027928405
2021-09-16,2021,WEAK,20,0.009454949944382562,-0.00996587648923145,-0.007279799534659847
2021-09-17,2021,WEAK,20,-0.009911894273127775,-0.00620001217724456,-0.005341223259793863
2021-09-22,2021,PULLBACK,20,-0.0005537098560355336,-0.0181714051843554,-0.015854678261934985
2021-09-23,2021,WEAK,20,0.012576858580212624,-0.006921664226663086,-0.002865566861349978
2021-09-24,2021,PULLBACK,20,0.0011142061281337323,-0.02009016152827661,-0.020849028440288152
2021-09-27,2021,WEAK,20,0.006983240223463749,-0.0025290436874918247,0.002338976757010971
2021-09-28,2021,WEAK,20,0.012658227848101333,-0.003132639390168523,0.004215173369378084
2021-09-29,2021,WEAK,20,0.008732394366197216,-0.00023979620499119982,-0.0006965920254551573
2021-09-30,2021,WEAK,20,0.010055865921787754,0.005284409462437897,0.007928880155639932
2021-10-08,2021,WEAK,20,0.02397546696403685,0.0012811474152790237,0.002304290089562954
2021-10-11,2021,WEAK,20,0.026536312849162025,-0.002210421818051391,-0.003531133940400247
2021-10-12,2021,WEAK,20,0.023391812865497075,-0.0026471750606377404,-0.008457106194257238
2021-10-13,2021,WEAK,20,0.022846132672722286,-0.005781554012938121,-0.0037637970370199792
2021-10-14,2021,WEAK,20,0.024443834111507856,-0.00794762293589693,-0.008414148799532119
2021-10-15,2021,WEAK,20,0.03842940685045937,-0.013108089060285492,-0.01146568519441462
2021-10-18,2021,WEAK,20,0.0418526785714286,-0.007341751891060752,-0.011662693445283916
2021-10-19,2021,WEAK,20,0.04001119194180203,-0.006625903904789428,-0.009352630788617507
2021-10-20,2021,WEAK,20,0.04004449388209119,-0.00671986002102157,-0.004505373575523767
2021-10-21,2021,WEAK,20,0.036934184948625326,-0.00624773403913636,-0.004461209724555064
2021-10-22,2021,WEAK,20,0.02773155851358844,-0.005613667756351699,-0.005421055201357869
2021-10-25,2021,WEAK,20,0.005785123966942196,-0.008773441910881113,-0.00541824659212052
2021-10-26,2021,START,20,0.005283648498331406,-0.007403402374410301,-0.008433635096590165
2021-10-27,2021,WEAK,20,0.001108033240997175,-0.01331046187790401,-0.014292537413206052
2021-10-28,2021,START,20,-0.0027601435274634545,-0.010864474600761568,-0.010851232878556612
2021-10-29,2021,START,20,0.006677796327211993,-0.00038964560822944694,0.0019186243543469136
2021-11-01,2021,START,20,-0.0036061026352288694,0.0013743955962842724,0.000505562074217928
2021-11-02,2021,START,20,-0.007777777777777772,0.00013686846396904206,0.0012151150668958527
2021-11-03,2021,START,20,0.00027925160569663987,0.0006076870906791022,0.0010138672883676127
2021-11-04,2021,START,20,-0.014933628318584136,-0.0027406155774468074,-0.0037287924669073685
2021-11-05,2021,START,20,-0.023686359923768108,-0.003254550805020795,-0.002100519047496193
2021-11-08,2021,START,20,-0.025034013605442107,-0.005374331809211697,-0.004825730831453035
2021-11-09,2021,PERSIST,20,-0.023945578231292397,-0.014495015312231796,-0.014748865878684089
2021-11-10,2021,PERSIST,20,-0.037136706135629804,-0.017911553230474574,-0.017556389979011534
2021-11-11,2021,PERSIST,20,-0.03994638069705092,-0.018969919993601463,-0.01803478504339283
2021-11-12,2021,PERSIST,20,-0.0383480825958703,-0.01664428648139043,-0.016714281152115318
2021-11-15,2021,PERSIST,20,-0.03802892340653452,-0.02365705207988807,-0.023022767715641435
2021-11-16,2021,PERSIST,20,-0.041700295937584175,-0.02854830503424956,-0.02757945687865528
2021-11-17,2021,PERSIST,20,-0.04465240641711232,-0.02631282719909235,-0.025666426780251397
2021-11-18,2021,PERSIST,20,-0.03186930905195495,-0.028514190049556836,-0.02774452752894899
2021-11-19,2021,PERSIST,20,-0.022396114409066303,-0.02628393822031435,-0.02577188576750669
2021-11-22,2021,PERSIST,20,-0.01342098055327301,-0.022919436842916932,-0.022828146328604117
2021-11-23,2021,START,20,-0.005255878284923909,0.0145956562227011,0.010942752098240761
2021-11-24,2021,START,20,0.0016602102933038765,0.013922057989507807,0.011455517904292872
2021-11-25,2021,WEAK,20,0.006365900913368527,-0.008557920285915517,-0.004654352274333397
2021-11-26,2021,START,20,0.004975124378109541,0.011328950300377862,0.01264405673787419
2021-11-29,2021,START,20,0.010579064587973308,0.024853720620246787,0.02808890267103991
2021-11-30,2021,WEAK,20,0.013157894736842257,-0.0035984147595997415,-0.0045107376750827015
2021-12-01,2021,START,20,0.01005025125628145,0.011092118533625428,0.011547713490886857
2021-12-02,2021,WEAK,20,0.02386299831555294,-0.007151867500105645,-0.005540086627734439
2021-12-03,2021,WEAK,20,0.008923591745677584,-0.004980967529261927,-0.005761071350301695
2021-12-06,2021,WEAK,20,0.013675690761931314,-0.0026245578993548506,0.0006254718032539268
2021-12-07,2021,WEAK,20,0.011151379983272758,-0.0036286312952527296,0.002286163524257006
2021-12-08,2021,WEAK,20,0.005589714924538747,-0.0031682135687215642,-0.0007229012963477595
2021-12-09,2021,WEAK,20,0.005305780508237934,-0.003325343311704962,-0.00014584294736766455
2021-12-10,2021,WEAK,20,0.01115448968209698,-0.0014709813836639865,0.0010099051858349336
2021-12-13,2021,WEAK,20,0.01586859688195985,-0.002702932452921785,-0.0027980288147477547
2021-12-14,2021,WEAK,20,0.024985962942167372,-0.002256249857282568,-0.0008133395388350518
2021-12-15,2021,WEAK,20,0.02071088720962777,0.0003770786609552119,-1.9643386945195247e-05
2021-12-16,2021,WEAK,20,0.0055325034578146415,0.0007940606497505547,-0.0009475156001599924
2021-12-17,2021,WEAK,20,0.0049682583494341515,-0.00402067115246725,0.0013076747083201417
2021-12-20,2021,WEAK,20,0.006940588561910044,-0.009120047462527921,-0.0043668642372693585
2021-12-21,2021,PULLBACK,20,0.02280311457174644,-0.02452165023443694,-0.02575713556297115
2021-12-22,2021,WEAK,20,0.013535911602210016,-0.012989355274142486,-0.014135186810665975
2021-12-23,2021,PERSIST,20,0.0066006600660066805,-0.009050879118162268,-0.008501694263640516
2021-12-24,2021,PERSIST,20,0.009075907590759158,-0.00857456818160176,-0.00930577082884362
2021-12-27,2021,PERSIST,20,0.012396694214876103,-0.011073942931519257,-0.011422192559143327
2021-12-28,2021,PERSIST,20,0.000828958275766789,-0.015686452943927832,-0.015434285864245296
2021-12-29,2021,PERSIST,20,-0.007186290768380288,-0.015099944931222553,-0.01550881835080595
2021-12-30,2021,PERSIST,20,-0.007403345215245327,-0.017192137990882504,-0.016804081077395283
2021-12-31,2021,PERSIST,20,0.005804311774461057,-0.02060291893681508,-0.02061414222831808
2022-01-04,2022,PERSIST,20,0.005781938325991165,-0.018321197780028012,-0.019213419836992717
2022-01-05,2022,PERSIST,20,0.011304108078301622,-0.01998894000920898,-0.020248602851470458
2022-01-06,2022,PERSIST,20,0.015564202334630295,-0.017865575752055045,-0.018456143431697807
2022-01-07,2022,START,20,0.03166666666666673,-0.006374113348347345,-0.007052726169106974
2022-01-10,2022,START,20,0.02868174296745729,-0.011706425661599629,-0.011306979585232805
2022-01-11,2022,PERSIST,20,0.012332145793368054,-0.023562829572566557,-0.024214835520677915
2022-01-12,2022,PERSIST,20,0.01670775130101343,-0.0208614756803622,-0.02268318333353206
2022-01-13,2022,PERSIST,20,0.0340005483959418,-0.025357527838693064,-0.02628604028065314
2022-01-14,2022,PERSIST,20,0.03521320495185698,-0.02481532101764174,-0.02500819922642776
2022-01-17,2022,PERSIST,20,0.04147212304311987,-0.019237489575689784,-0.019748870407428152
2022-01-18,2022,PERSIST,20,0.043010752688172005,-0.018583197003241368,-0.0188086959297245
2022-01-19,2022,PERSIST,20,0.031810766721044104,-0.022236033655662832,-0.02232543771804068
2022-01-20,2022,PERSIST,20,0.0357045516489507,0.0007814670715103576,0.00011931713661091515
2022-01-21,2022,PERSIST,20,0.03770491803278686,0.004689562783982521,0.003624810434154777
2022-01-24,2022,PERSIST,20,0.029435813573180702,0.006577544350042424,0.006511382128111175
2022-01-25,2022,PERSIST,20,0.041088435374149634,0.005124112944587675,0.004846714786888084
2022-01-26,2022,PERSIST,20,0.05742683600220877,0.007845104606129593,0.007029051598396586
2022-01-27,2022,PULLBACK,20,0.07182628062360807,-0.007947770878115736,-0.007535580260289671
2022-01-28,2022,PULLBACK,20,0.08756906077348048,-0.003784576619953662,-0.004839565559931297
2022-02-07,2022,WEAK,20,0.07914262159934049,-0.0037374744936292874,-0.000775823829380524
2022-02-08,2022,START,20,0.10758280865042447,0.016112637324622966,0.016894804181786408
2022-02-09,2022,START,20,0.06052344601962911,0.015130269998058945,0.015919395892575405
2022-02-10,2022,START,20,0.07963875205254523,0.012527440866946116,0.013095216437291946
2022-02-11,2022,START,20,0.05573505654281097,0.012487639056472828,0.013055900269413702
2022-02-14,2022,START,20,0.03967828418230557,0.0017444771965303219,0.001759397231782406
2022-02-15,2022,PERSIST,20,0.03519220357336228,0.0040004245125531725,0.002559933789540749
2022-02-16,2022,START,20,0.031788793103448176,0.01950762716277664,0.020505279139339565
2022-02-17,2022,PERSIST,20,0.0236011667992575,0.010860339395405484,0.00983357835688897
2022-02-18,2022,PERSIST,20,0.020196651607759852,0.009057536643791348,0.007664860030060953
2022-02-21,2022,PERSIST,20,0.016350210970464296,0.0094149445418054,0.009087463289825477
2022-02-22,2022,PERSIST,20,0.015331747290510345,0.0012392520008223757,0.0010572068051637792
2022-02-23,2022,PERSIST,20,0.02371541501976271,-0.00020509079208826282,-0.0019072740708007
2022-02-24,2022,PERSIST,20,0.02947368421052632,-0.0009072552380346064,-0.0008778449694646761
2022-02-25,2022,PERSIST,20,0.028436018957346043,0.0042935362632465345,0.0009896082129232367
2022-02-28,2022,PERSIST,20,0.021975112523166418,0.0041063159069016815,0.006220310535555922
2022-03-01,2022,PERSIST,20,0.003659174072137894,0.0036723318981842024,0.0025260920559979742
2022-03-02,2022,PERSIST,20,0.0033942558746735685,-0.0009090720712193476,-0.0013877346018033804
2022-03-03,2022,PERSIST,20,0.0,-0.007192368716882339,-0.010069383194436562
2022-03-04,2022,PERSIST,20,-0.02413004826009646,-0.016442004839333838,-0.016972291312853226
2022-03-07,2022,PERSIST,20,-0.022663610898905007,-0.01908075415940306,-0.019675843980228067
2022-03-08,2022,PERSIST,20,-0.046465645081562035,-0.015219264740598287,-0.01634358014278192
2022-03-09,2022,PERSIST,20,-0.0012853470437018677,-0.01872348512230635,-0.023120496308542546
2022-03-10,2022,PERSIST,20,-0.011153358681875836,-0.0004959758632935643,-0.0010657729008155155
2022-03-11,2022,PERSIST,20,-0.0017852588625349997,-0.006753379409336467,-0.006229239853011861
2022-03-14,2022,PERSIST,20,0.01598762248581731,-0.004036446136139642,-0.0034029461045264617
2022-03-15,2022,PERSIST,20,0.029811715481171674,0.005485318263248743,0.005535286863763497
2022-03-16,2022,PERSIST,20,0.034725848563968764,0.0022229655481417407,0.0030914865456023854
2022-03-17,2022,PERSIST,20,0.020466321243523433,-0.0037025114122882083,-0.0039140738852175075
2022-03-18,2022,PERSIST,20,0.015108101067986324,0.004640436338857341,0.002419567907832633
2022-03-21,2022,PERSIST,20,0.017384535547483093,0.007593041428155256,0.007280940649403225
2022-03-22,2022,PERSIST,20,0.026034886748242503,0.008796176031304663,0.00927209112334585
2022-03-23,2022,PERSIST,20,0.010038610038610063,0.014023758533698414,0.013101074301636937
2022-03-24,2022,PERSIST,20,-0.004089979550102263,0.009666680362846475,0.009321659686739125
2022-03-25,2022,PERSIST,20,-0.0017921146953405742,0.010565774762671688,0.009839108269385402
2022-03-28,2022,PERSIST,20,0.0028497409326424528,0.009139814211940111,0.009681400406110643
2022-03-29,2022,PERSIST,20,0.025260416666666563,0.007702458566270144,0.009353602831257472
2022-03-30,2022,PERSIST,20,0.021597710122300384,0.012520963730080078,0.013743083996138135
2022-03-31,2022,PERSIST,20,0.01298701298701288,0.014485758228662455,0.012308347934448526
2022-04-01,2022,PERSIST,20,0.02602811035918795,0.009011529313627087,0.008749635344763949
2022-04-06,2022,PULLBACK,20,0.021104742053152714,0.001534614430391202,0.001043601626793014
2022-04-07,2022,PULLBACK,20,0.0038880248833592645,0.0018818142963928737,0.0012084302038132448
2022-04-08,2022,PULLBACK,20,0.008751608751608853,-0.0008101356223211105,-0.0009777353855148097
2022-04-11,2022,PULLBACK,20,-0.0038451679056651367,-0.0132061187371115,-0.013562232099110366
2022-04-12,2022,PULLBACK,20,-0.00945324476239151,-0.0080218753080427,-0.008116779785016756
2022-04-13,2022,PERSIST,20,-0.017258883248730927,-0.0011648564682883809,-0.000841569255549738
2022-04-14,2022,PERSIST,20,-0.024631792788217366,-0.010180334816359434,-0.009707976009897843
2022-04-15,2022,PERSIST,20,-0.028009084027252107,-0.01773014930464368,-0.01719563455806105
2022-04-18,2022,PERSIST,20,-0.017517136329017524,-0.019402797911917465,-0.01955750907903017
2022-04-19,2022,PERSIST,20,-0.005645368231973258,-0.015773555355386763,-0.016064847730192042
2022-04-20,2022,PERSIST,20,-0.012496812037745442,-0.01308435092392108,-0.012704524718474192
2022-04-21,2022,PERSIST,20,-0.01243339253996445,-0.017900640315873934,-0.016969022639156277
2022-04-22,2022,PERSIST,20,-0.00917431192660556,-0.020743059662254003,-0.021577661344416302
2022-04-25,2022,PERSIST,20,0.004363449691991761,-0.01595126412590369,-0.01710796733156961
2022-04-26,2022,PULLBACK,20,-0.0015388561169531467,-0.01186508715134629,-0.01236507045139551
2022-04-27,2022,PERSIST,20,0.0005166623611470023,-0.01444915941148642,-0.0144872540472059
2022-04-28,2022,PERSIST,20,-0.023114046228092433,-0.01606371405855248,-0.01604714214035437
2022-04-29,2022,PERSIST,20,-0.012735608762098893,-0.021446138658454978,-0.02266436529333723
2022-05-05,2022,PERSIST,20,-0.00846153846153841,-0.023702772721615004,-0.024855383481091013
2022-05-06,2022,PERSIST,20,-0.023338406900050734,-0.023786959850839444,-0.023014401413589524
2022-05-09,2022,PERSIST,20,-0.012503189589180841,-0.024373746520707527,-0.024185010225817632
2022-05-10,2022,PERSIST,20,0.004647560030983655,-0.023151515255338484,-0.022613941610358724
2022-05-11,2022,PERSIST,20,-0.012503189589180841,-0.021022449490489314,-0.020848100420114424
2022-05-12,2022,PERSIST,20,0.013896037056098764,-0.023915964623538198,-0.023963562656304394
2022-05-13,2022,PULLBACK,20,-0.0030951766830021876,-0.013524767515309875,-0.013328269469384757
2022-05-16,2022,PULLBACK,20,-0.010330578512396715,-0.014719863050354606,-0.01609999461371235
2022-05-17,2022,PULLBACK,20,0.0005206977349647701,-0.01640729418163818,-0.01663989488583604
2022-05-18,2022,PULLBACK,20,0.004413291796469432,-0.012086660708743941,-0.011967382548778948
2022-05-19,2022,PULLBACK,20,-0.0005167958656331351,-0.016191289996129406,-0.01632790305639322
2022-05-20,2022,PULLBACK,20,-0.004129032258064491,-0.01842816399696983,-0.01870320410297742
2022-05-23,2022,PULLBACK,20,-0.0064566115702479054,-0.023218288314316604,-0.0238523888702546
2022-05-24,2022,PULLBACK,20,-0.008478931140801671,-0.02574286888048956,-0.02510910459984376
2022-05-25,2022,PULLBACK,20,-0.016975308641975273,-0.02559842180547639,-0.0246284257504644
2022-05-26,2022,PULLBACK,20,-0.018144646051622693,-0.03547147975247232,-0.03551363119680659
2022-05-27,2022,PERSIST,20,-0.014898535833547388,-0.013117274706101339,-0.014533969875908482
2022-05-30,2022,PULLBACK,20,-0.011102504518461176,-0.031168024817486963,-0.03052519570470205
2022-05-31,2022,PULLBACK,20,-0.0049401976079043175,-0.024528290066612134,-0.02489907290364851
2022-06-01,2022,PULLBACK,20,-0.020123839009287936,-0.023138801230307586,-0.023068593129443975
2022-06-02,2022,PULLBACK,20,-0.01887768295836567,-0.02646930773772708,-0.027004709662975572
2022-06-06,2022,PULLBACK,20,-0.013246753246753284,-0.02729222255855456,-0.02676057964006036
2022-06-07,2022,WEAK,20,-0.035400516795865644,-0.002362075231128878,-0.002456408322434366
2022-06-08,2022,WEAK,20,-0.05422770496016449,-0.004035108956906665,-0.002694569620165373
2022-06-09,2022,WEAK,20,-0.05167958656330751,-0.006176642341904832,-0.006768279867124635
2022-06-10,2022,WEAK,20,-0.06979695431472077,-0.005631449986193716,-0.0066276212827357855
2022-06-13,2022,START,20,-0.05459249676584743,-0.015101801432064414,-0.014980410746562558
2022-06-14,2022,START,20,-0.04645093945720247,-0.006064900062998214,-0.005108336793981222
2022-06-15,2022,PULLBACK,20,-0.04787926099401518,-0.02816689485525728,-0.028871107477679035
2022-06-16,2022,PERSIST,20,-0.06048074437839246,-0.007877834714841688,-0.008700350336944017
2022-06-17,2022,PERSIST,20,-0.05997931747673213,-0.007260862671244378,-0.008115259711926018
2022-06-20,2022,PULLBACK,20,-0.061155739828971156,-0.030977722060729032,-0.030009345682241277
2022-06-21,2022,PULLBACK,20,-0.0569274759552898,-0.02400995161782961,-0.024673731132412516
2022-06-22,2022,WEAK,20,-0.06582016066338425,-0.007001365094035729,-0.007819050122236005
2022-06-23,2022,PULLBACK,20,-0.04578754578754585,-0.030718848573122477,-0.03071734343183391
2022-06-24,2022,WEAK,20,-0.048412285268089494,-0.0038426416713195875,-0.005748689726721403
2022-06-27,2022,WEAK,20,-0.04485006518904833,-0.004074102803396115,-0.006443778674013262
2022-06-28,2022,WEAK,20,-0.044386422976501305,-0.0066407585764411,-0.003068269361888613
2022-06-29,2022,WEAK,20,-0.03553697413117329,-0.005017083453420449,-0.0049032009777441946
2022-06-30,2022,WEAK,20,-0.01948393891521849,-0.005570330484770605,-0.006627188709230476
2022-07-01,2022,WEAK,20,-0.01238798102266736,-0.002248336802313483,-0.004342683173661932
2022-07-04,2022,WEAK,20,-0.002369044485390881,-0.00025360445530686095,-0.0039528324747296634
2022-07-05,2022,WEAK,20,0.0021430484864719546,-0.003923421206872703,-0.0004666842653219148
2022-07-06,2022,WEAK,20,0.019565217391304346,0.0024009912927253525,0.0021631368537455026
2022-07-07,2022,WEAK,20,0.03242506811989099,0.010646676637898637,0.007447019301639523
2022-07-08,2022,WEAK,20,0.026193724420191078,0.013649681745137327,0.012726332056774422
2022-07-11,2022,WEAK,20,0.03612479474548436,0.01664060422863035,0.016337963022427498
2022-07-12,2022,WEAK,20,0.039135194307608145,0.012224631037741416,0.012319113611789487
2022-07-13,2022,WEAK,20,0.03416233943700475,0.02123916941507474,0.02584315607520104
2022-07-14,2022,WEAK,20,0.04071526822558469,0.022093867531655775,0.024113359324488805
2022-07-15,2022,WEAK,20,0.04675467546754675,0.024509573327988594,0.025192495007490875
2022-07-18,2022,WEAK,20,0.04581838255589288,0.024107547849020205,0.02627475316693549
2022-07-19,2022,WEAK,20,0.042723263506063924,0.02198943236689893,0.02768200446630282
2022-07-20,2022,WEAK,20,0.043550624133148474,0.022529067209895743,0.024492292914624472
2022-07-21,2022,WEAK,20,0.029887578831916617,0.024395854957967332,0.026065752942447604
2022-07-22,2022,WEAK,20,0.02653172866520781,0.021105284265512298,0.020993052892416042
2022-07-25,2022,WEAK,20,0.02648102648102646,0.01671127975194407,0.023378593860842393
2022-07-26,2022,WEAK,20,0.031147540983606614,0.013821034766108242,0.017240098845599888
2022-07-27,2022,WEAK,20,0.02817664589542135,0.013433710054803497,0.019402032219809184
2022-07-28,2022,WEAK,20,0.019065520945220182,0.01152715701516781,0.015214826617510804
2022-07-29,2022,WEAK,20,0.0021350413664265044,0.006919919266667533,0.013580672290857309
2022-08-01,2022,WEAK,20,-0.0015831134564644467,0.004556024551914811,0.009111657177359907
2022-08-02,2022,WEAK,20,0.007484629778134133,0.001223269297690286,0.00459693417989199
2022-08-03,2022,START,20,-0.003997867803837818,0.003224311965225503,0.0037341698668561032
2022-08-04,2022,START,20,-0.0182106096595408,-0.002239580913742987,-0.0018376327038112294
2022-08-05,2022,START,20,-0.0029247540547726603,0.003594905398725097,0.005276496612078199
2022-08-08,2022,START,20,-0.002641310089804616,0.009343918983209968,0.010765099403697957
2022-08-09,2022,START,20,-0.011324730050039533,0.004955563935279434,0.006388023945393931
2022-08-10,2022,START,20,0.0005285412262157063,0.011556493885746373,0.01247591971280052
2022-08-11,2022,START,20,-0.0007930214115781098,0.0057030000767472906,0.006474339733647272
2022-08-12,2022,START,20,-0.006305832895428298,0.007511992992493935,0.008244599795634572
2022-08-16,2022,START,20,-0.008194554586307246,0.012543599633753007,0.013408931615431368
2022-08-17,2022,START,20,-0.009037745879851067,0.017907800542329187,0.019184289744163238
2022-08-18,2022,START,20,-0.004792332268370503,0.020840553438284146,0.02161515212426021
2022-08-19,2022,START,20,0.0015987210231813709,0.01824555267804912,0.019404416700150605
2022-08-22,2022,START,20,-0.0026595744680850686,0.022033500573534086,0.022808248125382617
2022-08-23,2022,START,20,-0.005829358770535253,0.018790382002294107,0.019220229840627955
2022-08-24,2022,START,20,-0.006851119894598079,0.01581858823876598,0.01734545674439677
2022-08-25,2022,START,20,-0.015019762845849827,0.009351622082239462,0.010919470462031297
2022-08-26,2022,START,20,-0.00612516644474026,0.009328034211968088,0.010653390763813532
2022-08-29,2022,START,20,-0.010835095137420647,0.01408150883977828,0.01524935663039717
2022-08-30,2022,START,20,0.0026532236667551334,0.007743961176842241,0.008460836309276286
2022-08-31,2022,WEAK,20,0.011774150388011773,-0.01461183798716213,-0.012057964774190251
2022-09-01,2022,WEAK,20,0.030376344086021412,-0.011782714217356934,-0.009058910335053409
2022-09-02,2022,WEAK,20,0.014399999999999968,-0.007488481814844078,-0.0037219247992007773
2022-09-05,2022,WEAK,20,0.0068855932203391035,-0.010931253530400666,-0.003051522261603143
2022-09-06,2022,WEAK,20,0.015982951518380473,-0.013606456769114046,-0.006352624203201344
2022-09-07,2022,WEAK,20,0.004754358161648042,-0.012480352912621479,-0.007454015922985027
2022-09-08,2022,START,20,0.005291005291005346,0.00858337308204973,0.009676568896695815
2022-09-09,2022,WEAK,20,0.003701745108408261,-0.015165292163154067,-0.009678900906288566
2022-09-13,2022,WEAK,20,0.008762612851832108,-0.015061460803216947,-0.008359004896765712
2022-09-14,2022,WEAK,20,0.006130063965885002,-0.0128861805141254,-0.010044932637286974
2022-09-15,2022,WEAK,20,0.013680257510729543,-0.011931070992640869,-0.01067373369951059
2022-09-16,2022,WEAK,20,0.020599250936329527,-0.00986492998197055,-0.009723253601189698
2022-09-19,2022,WEAK,20,0.019420058526203876,-0.011489255016946207,-0.007470535880470936
2022-09-20,2022,START,20,0.020533333333333292,0.019151920699287353,0.019719191208224875
2022-09-21,2022,WEAK,20,0.016524520255863706,-0.014054765691030787,-0.01069618241220795
2022-09-22,2022,WEAK,20,0.014062085433802052,-0.013786222761044856,-0.008557070578119955
2022-09-23,2022,WEAK,20,0.018459069020866803,-0.013998758347481932,-0.011575574012445114
2022-09-26,2022,WEAK,20,0.020364415862808016,-0.013191689678306787,-0.010258359399871072
2022-09-27,2022,WEAK,20,0.019503072401816812,-0.014050975207261882,-0.009794286377352095
2022-09-28,2022,WEAK,20,0.007409367557554836,-0.013787112728051554,-0.007929614191553807
2022-09-29,2022,PERSIST,20,0.0063475271092303664,-0.009839583385710357,-0.011051580439727397
2022-09-30,2022,PERSIST,20,0.0002608922515001666,-0.015776132991292286,-0.01690010203002689
2022-10-10,2022,PERSIST,20,0.007886435331230457,-0.02111056804385563,-0.02232198744079162
2022-10-11,2022,PERSIST,20,0.02656496580746981,-0.020984352350145778,-0.019971601819971596
2022-10-12,2022,PERSIST,20,0.03224960671211319,-0.019218156518688065,-0.019438853911608316
2022-10-13,2022,PERSIST,20,0.04547844374342791,-0.022787460074779504,-0.02338248142229304
2022-10-14,2022,PERSIST,20,0.03894736842105262,-0.02407094513152538,-0.024367537896422597
2022-10-17,2022,PERSIST,20,0.034510010537407876,-0.02409146409591465,-0.025279702341146355
2022-10-18,2022,PERSIST,20,0.03816793893129766,-0.02471358806122485,-0.025443642797279183
2022-10-19,2022,PERSIST,20,0.04741721854304637,-0.02745557005027555,-0.02784869953066646
2022-10-20,2022,PERSIST,20,0.046043926964805415,-0.029752667640029175,-0.03000373054453454
2022-10-21,2022,PERSIST,20,0.029882044560943566,-0.032731972342743235,-0.033331463458759425
2022-10-24,2022,PERSIST,20,0.02713987473903967,-0.03134273220640604,-0.032318019743768536
2022-10-25,2022,PERSIST,20,0.026914031878756184,-0.031203144885994332,-0.033511092064655405
2022-10-26,2022,PERSIST,20,0.03696906135291034,-0.028661163220489377,-0.029168236487563313
2022-10-27,2022,PERSIST,20,0.03610675039246458,-0.02762807737170464,-0.028007335672033593
2022-10-28,2022,PERSIST,20,0.04386656159705815,-0.025833031661164484,-0.026652491207189814
2022-10-31,2022,PERSIST,20,0.037289915966386644,-0.02611183842097893,-0.02648570685764865
2022-11-01,2022,PERSIST,20,0.03380503144654079,-0.029396513189658666,-0.03037493401055898
2022-11-02,2022,PERSIST,20,0.03624901497241928,-0.029093249698363906,-0.030092724460065372
2022-11-03,2022,PERSIST,20,0.04494086727989477,-0.027891089212448594,-0.02880577496514776
2022-11-04,2022,PERSIST,20,0.03495044340114761,-0.02605990295032446,-0.026577227035937727
2022-11-07,2022,PERSIST,20,0.01851851851851838,-0.02499859714115461,-0.027057847590691526
2022-11-08,2022,PERSIST,20,-0.000768639508070712,-0.025171530935149573,-0.0267453223603748
2022-11-09,2022,PERSIST,20,-0.00762001524003042,-0.02262097205154846,-0.02311985878871263
2022-11-10,2022,PERSIST,20,-0.014835302992205146,-0.01806519493783033,-0.02024996178986025
2022-11-11,2022,PERSIST,20,-0.0037993920972644313,-0.02041708155593024,-0.020089042415023347
2022-11-14,2022,PERSIST,20,-0.002037178507766746,-0.01753677690300069,-0.017333435774213465
2022-11-15,2022,PERSIST,20,0.005324543610547572,-0.02188726274004801,-0.02005307385520367
2022-11-16,2022,PERSIST,20,-0.002781992918563514,-0.011557137430229547,-0.012485606464805064
2022-11-17,2022,PERSIST,20,-0.010877814318239198,-0.01646166611857815,-0.017779742246953306
2022-11-18,2022,PERSIST,20,0.0010180707559175328,-0.017898620343287135,-0.018653087729352175
2022-11-21,2022,PERSIST,20,0.0,-0.016049551884186393,-0.016221492042304504
2022-11-22,2022,PERSIST,20,0.015521628498727624,-0.013158704209667142,-0.01376207085368392
2022-11-23,2022,PERSIST,20,0.008091024020227655,-0.01326776487604298,-0.014396706005033833
2022-11-24,2022,PERSIST,20,-0.002020202020202033,-0.01515655006927837,-0.015993688468505598
2022-11-25,2022,PERSIST,20,-0.006039255158530432,-0.015425712691929508,-0.016467069511491454
2022-11-28,2022,PERSIST,20,0.00025316455696189344,-0.017894922713992838,-0.0180896887024455
2022-11-29,2022,PERSIST,20,0.008365019011406849,-0.01774153762979839,-0.017960876825023883
2022-11-30,2022,PERSIST,20,0.006337135614702172,-0.015645536416747555,-0.01607638189518407
2022-12-01,2022,PERSIST,20,-0.0015090543259557165,-0.019288352161761307,-0.020157053463025064
2022-12-02,2022,PERSIST,20,0.0037802419354839856,-0.023042717764032324,-0.02556492207076627
2022-12-05,2022,PERSIST,20,0.02432778489116516,-0.017725708747432487,-0.019063790506558893
2022-12-06,2022,PERSIST,20,0.029743589743589816,-0.012563594081208211,-0.012532287494171502
2022-12-07,2022,PULLBACK,20,0.016124904018428587,-0.010053909779167189,-0.009287918153726671
2022-12-08,2022,PULLBACK,20,0.025012761613067758,-0.014682821660024499,-0.014168706572825705
2022-12-09,2022,PULLBACK,20,0.01779811848461743,-0.014160167724079221,-0.013278143045353782
2022-12-12,2022,PERSIST,20,0.025006379178361904,-0.01603177499740526,-0.01765075483499815
2022-12-13,2022,PULLBACK,20,0.012105926860025207,-0.015256297573728272,-0.015572501523683491
2022-12-14,2022,PERSIST,20,0.020542733958914594,-0.016155797764092684,-0.017597162463334745
2022-12-15,2022,PULLBACK,20,0.0378516624040921,-0.015841048061476546,-0.01476932272078047
2022-12-16,2022,PULLBACK,20,0.034833460462751153,-0.013873653182383469,-0.014641248777657935
2022-12-19,2022,PERSIST,20,0.034044715447154594,-0.01588792443970421,-0.01730680801796895
2022-12-20,2022,PERSIST,20,0.015033826108744597,-0.016186845220006765,-0.017456510315642854
2022-12-21,2022,PERSIST,20,0.028342111863556507,-0.017245470194944726,-0.018502471558685632
2022-12-22,2022,PERSIST,20,0.03491902834008087,-0.017958010085980726,-0.019047469305001456
2022-12-23,2022,PULLBACK,20,0.03468354430379739,-0.01691173830956641,-0.017055289202144573
2022-12-26,2022,PULLBACK,20,0.033662363958491426,-0.017751947826643025,-0.01712449901001456
2022-12-27,2022,PERSIST,20,0.036701860231271866,-0.01531667400081465,-0.01586039900960641
2022-12-28,2022,PERSIST,20,0.02745591939546599,-0.015429188272687156,-0.01650482610450293
2022-12-29,2022,PERSIST,20,0.012846347607052833,-0.014553098257833897,-0.014813635664485413
2022-12-30,2022,PERSIST,20,0.006778809942254549,-0.013442574966299942,-0.012828046739848484
2023-01-03,2023,PERSIST,20,0.0024999999999999467,-0.0037362904108309974,-0.0036226196193349935
2023-01-04,2023,PERSIST,20,-0.0014940239043825798,-0.0011196753049740097,-0.0009101970407751165
2023-01-05,2023,PERSIST,20,0.006801007556674898,-0.001036272174902006,-0.0008416264718501135
2023-01-06,2023,PERSIST,20,0.003486055776892538,0.0028043621730228585,0.0027664148519937794
2023-01-09,2023,PERSIST,20,-0.000999250562078391,3.746341603035443e-05,7.28180204807383e-05
2023-01-10,2023,PERSIST,20,0.0,-0.0006922897673670007,-0.0005065273220626861
2023-01-11,2023,PERSIST,20,-0.0044854223772737845,-0.0019656350386138455,-0.001803860160718592
2023-01-12,2023,PERSIST,20,-0.0062127236580517,0.0003314789004740912,0.0004661834981917407
2023-01-13,2023,PERSIST,20,-0.012321340561853078,-0.0034034914076625463,-0.0032649614094871736
2023-01-16,2023,PERSIST,20,-0.014742014742014864,-0.007610494695884949,-0.007550885323915069
2023-01-17,2023,PERSIST,20,-0.0144963144963145,-0.006857444145417422,-0.006773575511745429
2023-01-18,2023,PERSIST,20,-0.010861515675142042,-0.005453005968404045,-0.005427035164529777
2023-01-19,2023,PERSIST,20,-0.02121951219512186,-0.005289859547568051,-0.005322081527401534
2023-01-20,2023,PERSIST,20,-0.017114914425427896,-0.006715125171682847,-0.006690018897548806
2023-01-30,2023,PERSIST,20,-0.017127477367261945,-0.009930091205993197,-0.009834803688622874
2023-01-31,2023,PERSIST,20,-0.01346718903036237,-0.010253549123940695,-0.010122893456306554
2023-02-01,2023,PERSIST,20,-0.02521823472356932,-0.01314278726348838,-0.013284548393137932
2023-02-02,2023,PERSIST,20,-0.010051483206668155,-0.01488236754874498,-0.014755342307441868
2023-02-03,2023,PERSIST,20,0.010445162894802351,-0.007929042541086253,-0.0076398273170512655
2023-02-06,2023,PERSIST,20,0.015461346633416584,-0.002689534541318892,-0.002732577318462893
2023-02-07,2023,PERSIST,20,0.005486284289276888,-0.002633425222402743,-0.0025905392820775724
2023-02-08,2023,PERSIST,20,0.005486284289276888,-0.00033936771788305436,-0.00022510267793994163
2023-02-09,2023,PERSIST,20,0.015511633725294072,0.0017452792024869792,0.0019345702314065294
2023-02-10,2023,PERSIST,20,0.018858560794044577,0.0003217606662918402,0.0005377763470637859
2023-02-13,2023,PERSIST,20,0.03150787696924229,0.0025369295995454153,0.0026394418458556626
2023-02-14,2023,PERSIST,20,0.03061986557132168,0.003295385728148196,0.003481207357466976
2023-02-15,2023,PULLBACK,20,0.04330413016270329,-0.02027009581131263,-0.019553844528433825
2023-02-16,2023,PULLBACK,20,0.044761190297574416,-0.02181541430160851,-0.021648922924397275
2023-02-17,2023,PULLBACK,20,0.06511976047904189,-0.021345058551725186,-0.020761960709169868
2023-02-20,2023,PULLBACK,20,0.07730673316708248,-0.022912679687056712,-0.022600260237927126
2023-02-21,2023,PULLBACK,20,0.053602592869608445,-0.021686653392636104,-0.021085536398863035
2023-02-22,2023,PULLBACK,20,0.06288994260044944,-0.02330134053631591,-0.023322238358427547
2023-02-23,2023,PULLBACK,20,0.06653376526289567,-0.022550037357911105,-0.021904276743221505
2023-02-24,2023,PULLBACK,20,0.06144278606965203,-0.022002843959956893,-0.021845138229709404
2023-02-27,2023,PULLBACK,20,0.053771471247199276,-0.02303105221554682,-0.022204173892657143
2023-02-28,2023,PULLBACK,20,0.054355919583023216,-0.024023439056764836,-0.02373181766393912
2023-03-01,2023,PULLBACK,20,0.054975124378109586,-0.024426950253365047,-0.02428702143721453
2023-03-02,2023,PULLBACK,20,0.05547300643883091,-0.02219485595115117,-0.02166789748377842
2023-03-03,2023,PULLBACK,20,0.05094757568299291,-0.028840035155067473,-0.02837498160405409
2023-03-06,2023,PERSIST,20,0.046168958742632604,-0.005568875895659586,-0.005429137610357912
2023-03-07,2023,PERSIST,20,0.07366071428571419,-0.008270087697340861,-0.008019026814521203
2023-03-08,2023,PERSIST,20,0.07242063492063489,-0.0053255470730058435,-0.00523322558532819
2023-03-09,2023,PERSIST,20,0.05962059620596216,-0.006974074976883607,-0.006969775217244997
2023-03-10,2023,PERSIST,20,0.04310764734534844,-0.010875224064406726,-0.010725313144515292
2023-03-13,2023,PERSIST,20,0.048969696969696885,-0.011955025460095121,-0.011807684239500928
2023-03-14,2023,PERSIST,20,0.047101449275362306,-0.015499093755236185,-0.0153385935615407
2023-03-15,2023,PERSIST,20,0.0513435700575815,-0.0047560864547476454,-0.004532439244185014
2023-03-16,2023,PERSIST,20,0.028482527525131696,-0.0046704340279767964,-0.004576121690075177
2023-03-17,2023,PERSIST,20,0.007495900679316048,-0.008206939331090016,-0.008240619048894521
2023-03-20,2023,PERSIST,20,-0.001388888888888995,-0.012259345262328462,-0.012171618632782839
2023-03-21,2023,PERSIST,20,0.017037387600567833,-0.004499639689213061,-0.003832082829977299
2023-03-22,2023,PERSIST,20,0.01267903263676895,0.00026272100431935525,0.00025929543499118466
2023-03-23,2023,PERSIST,20,0.002336448598130758,-0.004082203939367753,-0.004144584638951549
2023-03-24,2023,PERSIST,20,0.010077337707991463,-0.005651422136609857,-0.005504443830261189
2023-03-27,2023,PERSIST,20,0.022442712024568934,-0.007084658032003217,-0.006956532247114176
2023-03-28,2023,PERSIST,20,0.017419962335216477,-0.00876694502414364,-0.008948098455030105
2023-03-29,2023,PERSIST,20,0.013911813251591632,-0.006719908326929772,-0.006650501103546771
2023-03-30,2023,PERSIST,20,0.0347254809948383,-0.005860654561549683,-0.005830617177451234
2023-03-31,2023,PERSIST,20,0.03419203747072608,-0.00936208312584967,-0.009352029180234804
2023-04-03,2023,PERSIST,20,0.023004694835680795,0.001439748910801758,0.0015912695014553427
2023-04-04,2023,PERSIST,20,0.009702009702009962,-0.002078238497342081,-0.002170264048502981
2023-04-06,2023,PERSIST,20,0.015957446808510634,-0.009859019822095649,-0.009844062127169515
2023-04-07,2023,PERSIST,20,0.02371541501976271,-0.009282664904350847,-0.009252052392062601
2023-04-10,2023,PERSIST,20,0.022647676862012522,-0.004813835129998205,-0.004772979067279752
2023-04-11,2023,PERSIST,20,0.012710885139819661,-0.004494153736470868,-0.004584101208057013
2023-04-12,2023,PERSIST,20,0.011534025374855705,-0.0013630363888073376,-0.0012314021680697035
2023-04-13,2023,PERSIST,20,-0.006846188954815036,-0.002049317670431922,-0.001976706672787155
2023-04-14,2023,PERSIST,20,0.011636025133814565,-0.003114195288956855,-0.003040907120487736
2023-04-17,2023,PERSIST,20,0.006045105789351357,0.005098719006361699,0.004955068455245782
2023-04-18,2023,PULLBACK,20,0.008576726935558554,-0.011727091298880683,-0.011489497234311486
2023-04-19,2023,PERSIST,20,0.009539320614239344,0.009074996263089236,0.00919213002722904
2023-04-20,2023,PERSIST,20,0.011592858798979977,-0.0012472558751026475,-0.0012811897795880836
2023-04-21,2023,PERSIST,20,0.008624708624708655,0.0014300729928847303,0.0015472270943663012
2023-04-24,2023,PERSIST,20,0.0016241299303945134,0.0050480987241244574,0.004944295805607794
2023-04-25,2023,PERSIST,20,-0.004158964879852234,0.0004976009298839831,0.0005619955947599627
2023-04-26,2023,PERSIST,20,-0.002776492364646055,-0.001847527653451031,-0.001628860917023597
2023-04-27,2023,PERSIST,20,0.009534883720930365,-0.0012890311928774306,-0.001235064062580296
2023-04-28,2023,PERSIST,20,-0.008390022675736963,0.004506587543415168,0.004520885042030175
2023-05-04,2023,PERSIST,20,-0.007699275362318958,-0.0007803127972263405,-0.0008233679928443191
2023-05-05,2023,PERSIST,20,-0.0064249655805413974,0.001214024765343429,0.0010694602966635385
2023-05-08,2023,PERSIST,20,-0.003202928391672466,0.006899390338242661,0.00678762412394164
2023-05-09,2023,PERSIST,20,-0.005690871841566025,0.007598870955028246,0.007685194084314673
2023-05-10,2023,PERSIST,20,-0.014081308198955145,0.006103978389431854,0.0060593298409276275
2023-05-11,2023,PERSIST,20,-0.0031963470319634757,0.0015617171376256637,0.0015811215933432916
2023-05-12,2023,PERSIST,20,-0.0031948881789135575,0.0031766588967437745,0.0031237795143909466
2023-05-15,2023,PERSIST,20,-0.0004561003420752163,0.0032780390008267735,0.0031718771840129143
2023-05-16,2023,PERSIST,20,0.0022977941176469674,0.005513375587983258,0.0055240697621882
2023-05-17,2023,PULLBACK,20,0.00023004370830448373,-0.004248048141374693,-0.004569183560107775
2023-05-18,2023,PERSIST,20,0.007626531083891885,0.002479867444475859,0.0024473930707097063
2023-05-19,2023,PERSIST,20,0.003217651114686415,0.002045996226622394,0.0021140584034619863
2023-05-22,2023,PERSIST,20,0.006683567642313815,-0.000443355747281886,-0.0003651969178159612
2023-05-23,2023,PERSIST,20,-0.0006876002750401122,0.0019101346457686338,0.0020156627625599133
2023-05-24,2023,PERSIST,20,0.006008782066096563,-0.0022907205797924332,-0.0023790604647577745
2023-05-25,2023,PERSIST,20,0.009497336113041266,-0.0003688120582252454,-0.0003237914330012342
2023-05-26,2023,PULLBACK,20,0.0046403712296985145,-0.008766104037987851,-0.008709857963913213
2023-05-29,2023,PULLBACK,20,0.0058004640371229765,-0.01026190084504636,-0.010049821046442899
2023-05-30,2023,PULLBACK,20,0.0020732550103661485,-0.010303069823576767,-0.010165106532579411
2023-05-31,2023,PERSIST,20,-0.002058083695403723,-0.0019695272420709627,-0.001965374839206096
2023-06-01,2023,PULLBACK,20,-0.005476951163852162,-0.012587605524107294,-0.012232070468866985
2023-06-02,2023,PULLBACK,20,0.008314087759815125,-0.014916761080232205,-0.01556393603036768
2023-06-05,2023,PULLBACK,20,0.0018361257746155601,-0.01826776964050305,-0.018543656471511245
2023-06-06,2023,PULLBACK,20,-0.005265567765567858,-0.018209146808216663,-0.018814653679319705
2023-06-07,2023,PULLBACK,20,0.0059894033632803545,-0.01914987326005816,-0.019023548172651606
2023-06-08,2023,PULLBACK,20,0.000916170407695871,-0.016573183569947473,-0.016966867706310583
2023-06-09,2023,PERSIST,20,0.0016025641025640969,0.0004138202889838252,0.0003365138141081577
2023-06-12,2023,PULLBACK,20,0.005475701574264136,-0.01985543848279183,-0.019842802254871197
2023-06-13,2023,PERSIST,20,0.008482347546996838,0.0022271912579455693,0.0022458630442037577
2023-06-14,2023,PERSIST,20,0.01057957681692745,0.0034864766562567578,0.003623699173787234
2023-06-15,2023,PULLBACK,20,0.011467889908256756,-0.022789694198569334,-0.022865557704573023
2023-06-16,2023,PERSIST,20,0.02245131729667804,0.006721081015893526,0.0065509998064063445
2023-06-19,2023,PERSIST,20,0.024954212454212366,0.005157705517674008,0.005240748915770746
2023-06-20,2023,PERSIST,20,0.01903669724770629,0.0003721847069091677,0.0004092392962390459
2023-06-21,2023,PERSIST,20,0.022283482655639952,0.003463337828782463,0.0035048313788690715
2023-06-26,2023,PERSIST,20,0.015603487838458108,0.004213206060976507,0.004304948127156481
2023-06-27,2023,PERSIST,20,0.021939953810623525,0.0012641628476945423,0.001361811424725648
2023-06-28,2023,PERSIST,20,0.023990772779700187,0.0004244144589361787,0.00045276153191236256
2023-06-29,2023,PERSIST,20,0.01632183908045981,-0.002167253717902483,-0.002141736990549632
2023-06-30,2023,PULLBACK,20,0.010082493125572967,-0.02581366803952189,-0.025816668555998283
2023-07-03,2023,PULLBACK,20,0.014915098669114446,-0.029100106319315606,-0.028762477424934912
2023-07-04,2023,PULLBACK,20,0.010994044892350008,-0.02688945450283884,-0.026943778164639158
2023-07-05,2023,PERSIST,20,0.010309278350515427,-0.004495201990683869,-0.004501748651978785
2023-07-06,2023,PERSIST,20,0.010126582278481067,-0.0011193257890844445,-0.0010709423568616566
2023-07-07,2023,PULLBACK,20,0.011220517517746886,-0.026605457841895854,-0.02652257181479102
2023-07-10,2023,PERSIST,20,0.009153318077803174,0.005131880180089539,0.005254606145342454
2023-07-11,2023,PULLBACK,20,0.00845714285714294,-0.025980612013375554,-0.025623056546526395
2023-07-12,2023,PULLBACK,20,-0.002722940776038185,-0.027067584625936524,-0.026928503572001997
2023-07-13,2023,PERSIST,20,0.0004546487838144042,0.006083117950865657,0.006104006422006805
2023-07-14,2023,PERSIST,20,0.004779244424214735,0.007969377655755415,0.008071419469227426
2023-07-17,2023,PERSIST,20,0.0024943310657596918,-7.895256942634741e-05,-0.00014734142111412496
2023-07-18,2023,PERSIST,20,-0.0067219359175443305,-0.0017245695408533803,-0.001683170717719778
2023-07-19,2023,PERSIST,20,-0.012285012285012442,-0.002482148857943332,-0.002351349253725846
2023-07-20,2023,PERSIST,20,-0.005851901868107134,-0.0003086307245778533,-0.00011957397080975506
2023-07-21,2023,PERSIST,20,-0.006292134831460738,-0.002399065894413228,-0.0024444746322872983
2023-07-24,2023,PERSIST,20,0.0018075011296883048,-0.0029600849224349045,-0.0029674796153488243
2023-07-25,2023,PERSIST,20,0.003389830508474745,-0.0006150823860005773,-0.0005080731254180834
2023-07-26,2023,PERSIST,20,0.004956071187204314,-0.005221440494333741,-0.005281877630470491
2023-07-27,2023,PERSIST,20,0.007011988237955125,-0.006223705513750644,-0.006048111026466527
2023-07-28,2023,PERSIST,20,0.006805807622504378,-0.001753888265215246,-0.0016530622543994879
2023-07-31,2023,PERSIST,20,0.00813927198733877,0.002274815157025498,0.002335808324750062
2023-08-01,2023,PERSIST,20,0.014272768463978291,0.0023976965264281454,0.0023969289977328057
2023-08-02,2023,PERSIST,20,0.017687074829932037,0.0020327901111255355,0.0020256238391828715
2023-08-03,2023,PERSIST,20,0.018910913647755878,0.003451954895959908,0.0035915071093115952
2023-08-04,2023,PERSIST,20,0.016983695652173836,0.00332193065993743,0.003337365862228955
2023-08-07,2023,PERSIST,20,0.020634920634920784,0.003916802882457832,0.003962684551319921
2023-08-08,2023,PERSIST,20,0.020852221214868516,0.0024840217201250042,0.0025098972671757404
2023-08-09,2023,PERSIST,20,0.025028441410694047,0.002502356865921193,0.0025374351471129097
2023-08-10,2023,PULLBACK,20,0.02953874119518285,-0.027079728022069233,-0.026856230898689486
2023-08-11,2023,PERSIST,20,0.026953567383918298,0.0023872982166421117,0.0024248110110789266
2023-08-14,2023,PERSIST,20,0.027369373444921852,0.002806116022371916,0.002915300072588743
2023-08-15,2023,PERSIST,20,0.02549063839386423,0.00178885758926897,0.0018607252688498492
2023-08-16,2023,PULLBACK,20,0.03256445047489831,-0.029492675936552207,-0.0291282660883262
2023-08-17,2023,PULLBACK,20,0.04958116368575971,-0.029489233673412663,-0.029265701390991303
2023-08-18,2023,PULLBACK,20,0.027815468113975728,-0.03229668715486962,-0.032114966338053434
2023-08-21,2023,PULLBACK,20,0.023004059539918575,-0.031528993475757994,-0.03129117977999969
2023-08-22,2023,PERSIST,20,0.030180180180179983,-0.002079933419548244,-0.0018885195279195969
2023-08-23,2023,PERSIST,20,0.029813943062093617,-0.003266105741859252,-0.0031171056135748786
2023-08-24,2023,PERSIST,20,0.03032345013477089,-0.004035345341221802,-0.00391596578119908
2023-08-25,2023,PERSIST,20,0.026363226678684182,-0.0048897587176399155,-0.00483335892690832
2023-08-28,2023,PERSIST,20,0.027136129176945634,-0.006074616226084322,-0.006050894151789405
2023-08-29,2023,PERSIST,20,0.019656019656019597,-0.006717436693887003,-0.006650825189827802
2023-08-30,2023,PERSIST,20,-0.005570409982174729,-0.009348232324743896,-0.009262830683848046
2023-08-31,2023,PERSIST,20,-0.01610017889087656,-0.01031981231372366,-0.010193630369997491
2023-09-01,2023,PERSIST,20,-0.020262747717657348,-0.010464719795433876,-0.010336331848788358
2023-09-04,2023,PERSIST,20,-0.033103754721173106,-0.01283919479493733,-0.012701214913436275
2023-09-05,2023,PERSIST,20,-0.03019538188277071,-0.011538406185018061,-0.011379485587928674
2023-09-06,2023,PERSIST,20,-0.02663706992230852,-0.0026921197999214717,-0.0024913899891009905
2023-09-07,2023,PERSIST,20,-0.011476495254910568,-0.005066105395328235,-0.004960888095941161
2023-09-08,2023,PERSIST,20,-0.012792236435818172,-0.007909585980252827,-0.007799375691363597
2023-09-11,2023,PERSIST,20,-0.009247027741083214,-0.008840160023945946,-0.008619481969447493
2023-09-12,2023,PERSIST,20,0.0006599208095028342,-0.009461238422460782,-0.009297091802057468
2023-09-13,2023,PERSIST,20,0.005475251861585706,-0.009400864467607087,-0.009141053358426273
2023-09-14,2023,PERSIST,20,-0.014236410698878266,-0.010419475608099138,-0.010132600651216413
2023-09-15,2023,PERSIST,20,0.006380638063806288,-0.006010607431803695,-0.00560643000548115
2023-09-18,2023,PERSIST,20,0.007054673721340388,-0.004877194405733029,-0.005063497830205168
2023-09-19,2023,PERSIST,20,0.0021862702229995534,-0.008318364554054545,-0.008253791746520259
2023-09-20,2023,PERSIST,20,-0.0008707009142360222,-0.009718424522494173,-0.009443942785332646
2023-09-21,2023,PERSIST,20,0.01046435578809679,-0.007839002989385082,-0.007693141009226496
2023-09-22,2023,PERSIST,20,0.013611416026344747,-0.007597717440595457,-0.007448828209690514
2023-09-25,2023,PERSIST,20,0.003493449781659441,-0.008151413541903437,-0.007981514184600212
2023-09-26,2023,PERSIST,20,0.01139101861993419,-0.005906371944782714,-0.005511641934722327
2023-09-27,2023,PERSIST,20,0.031817163343042854,0.0014023892616422517,0.0016940220634640638
2023-09-28,2023,PULLBACK,20,0.04704545454545461,-0.009285529730589796,-0.010541572482790817
2023-10-10,2023,WEAK,20,0.04802389705882337,0.011190947595828817,-0.018604068694740496
2023-10-11,2023,WEAK,20,0.03800366300366287,0.005158483985064838,0.004314955512296435
2023-10-12,2023,PULLBACK,20,0.03603192702394531,-0.00733901139797993,-0.0071601795373219795
2023-10-13,2023,WEAK,20,0.009823621344049904,-0.001533490708293935,-0.0016705424776177645
2023-10-16,2023,PULLBACK,20,0.016532618409293987,-0.019147475949481012,-0.018829099724403484
2023-10-17,2023,PULLBACK,20,0.014000000000000012,-0.026202587765450758,-0.026523857171256732
2023-10-18,2023,PULLBACK,20,0.0037370850736424543,-0.021839640699353034,-0.02166372018253899
2023-10-19,2023,PULLBACK,20,-0.0028316270964930945,-0.023893855908211074,-0.023678772072868882
2023-10-20,2023,PERSIST,20,-0.005032822757111699,0.016605660571898165,0.016510306987836586
2023-10-23,2023,PERSIST,20,-0.012680367293397388,0.015807640397903458,0.015859575302320954
2023-10-24,2023,PERSIST,20,-0.009851138353765276,0.009318953374952888,0.009075023835409878
2023-10-25,2023,PULLBACK,20,-0.018760907504362878,-0.01738084667713523,-0.017762693144287713
2023-10-26,2023,PULLBACK,20,-0.0209150326797386,-0.016256283338838214,-0.01685196452404574
2023-10-27,2023,PERSIST,20,-0.022437971952535052,0.007457587585265196,0.007406928478635602
2023-10-30,2023,PERSIST,20,-0.013861815031405711,0.0033860795431648674,0.003409383931116547
2023-10-31,2023,PERSIST,20,0.0008703220191470518,0.003020741812823099,0.0029473823244386046
2023-11-01,2023,PERSIST,20,-0.004548408057179931,0.004688049521183589,0.00457052218925596
2023-11-02,2023,PERSIST,20,-0.0034744842562431932,-0.002937617156378079,-0.0030958267915839055
2023-11-03,2023,PERSIST,20,0.01324072064250048,-0.0032218100767144433,-0.003219449536994961
2023-11-06,2023,PERSIST,20,0.0015307238136890167,-0.0076373285073616905,-0.007576876442590818
2023-11-07,2023,PERSIST,20,0.0030695023021267698,-0.015585614609533146,-0.015720162993438716
2023-11-08,2023,PERSIST,20,0.011248345831495365,-0.011123254784738634,-0.011220120764465854
2023-11-09,2023,PERSIST,20,0.009465111160026352,-0.0061747415648534445,-0.00611867586507663
2023-11-10,2023,PERSIST,20,0.00530621269069198,-0.009269765001626875,-0.009308028450086709
2023-11-13,2023,PERSIST,20,-0.0015384615384614886,-0.0032283888554990015,-0.0031863196474432795
2023-11-14,2023,PERSIST,20,-0.006574621959237192,-0.0019743000980241236,-0.0018683860523379166
2023-11-15,2023,PERSIST,20,0.005256241787122251,0.0008612883505868161,0.0010090285679054218
2023-11-16,2023,PERSIST,20,0.00262123197902997,0.004680523887541453,0.004675498474387006
2023-11-17,2023,PULLBACK,20,0.006157906311853978,-0.018007106539102303,-0.017931811974384683
2023-11-20,2023,PULLBACK,20,0.015057573073516295,-0.015701392329382058,-0.015661077246165164
2023-11-21,2023,PULLBACK,20,0.01613973026752169,-0.018445037370599836,-0.019317079903791383
2023-11-22,2023,PULLBACK,20,0.021565140062249855,-0.017263908516309788,-0.0164957669223461
2023-11-23,2023,PULLBACK,20,0.02937249666221642,-0.01764446082080073,-0.017920614827535035
2023-11-24,2023,PULLBACK,20,0.02207018318252052,-0.018805287441612428,-0.018807839437995737
2023-11-27,2023,PULLBACK,20,0.018669009444322482,-0.015771441016198696,-0.015562099163558805
2023-11-28,2023,PULLBACK,20,0.010869565217391353,-0.01787705874948688,-0.017063964846269083
2023-11-29,2023,PULLBACK,20,0.01849434290687557,-0.019458232838845672,-0.01902213381174552
2023-11-30,2023,PULLBACK,20,0.010677707561560057,-0.021137499833419896,-0.020832553580663667
2023-12-01,2023,PULLBACK,20,-0.005355612682090949,-0.02190419391652321,-0.02200711887594453
2023-12-04,2023,PERSIST,20,0.017030567685589526,0.005118120994739982,0.005128184410121826
2023-12-05,2023,PERSIST,20,0.014207650273224015,0.011267573406211477,0.01136332596185537
2023-12-06,2023,PERSIST,20,0.01613958560523443,0.006072668057411749,0.006035279780052272
2023-12-07,2023,PERSIST,20,0.016790231138246847,0.0019357031007715053,0.002052370652947777
2023-12-08,2023,PERSIST,20,0.02287222344402906,0.002645471853344789,0.0026843079249585285
2023-12-11,2023,PERSIST,20,0.02289236187541266,0.00547206595425941,0.005527699069532901
2023-12-12,2023,WEAK,20,0.021839841164791318,-0.008125632318179326,-0.010787012456483709
2023-12-13,2023,WEAK,20,0.010239651416122042,-0.006598654678542844,-0.007396347233968734
2023-12-14,2023,PERSIST,20,0.01612200435729849,0.0042279906751709236,0.00407663316624058
2023-12-15,2023,START,20,0.02163934426229508,0.0020464682464338465,0.0018161221836967352
2023-12-18,2023,PERSIST,20,0.01679755671902261,0.00425403100289312,0.004215130266529225
2023-12-19,2023,PERSIST,20,0.006092254134029584,0.0019419066271308093,0.0019161562249620373
2023-12-20,2023,PERSIST,20,0.008922742110990312,0.001188570570456779,0.0011406397739249802
2023-12-21,2023,PERSIST,20,0.004323389537397304,0.002140949152272014,0.002207871690768892
2023-12-22,2023,PERSIST,20,-0.001727488663355703,-0.0024227246344006234,-0.002424845001975054
2023-12-25,2023,PERSIST,20,-0.0017248814144027458,-4.173868580703219e-05,-6.425159760662172e-06
2023-12-26,2023,PERSIST,20,-0.009247311827957017,0.0005468455391258922,0.0004456222763337698
2023-12-27,2023,PERSIST,20,-0.012390514847254841,0.0014056967112572073,0.001395714027076294
2023-12-28,2023,PERSIST,20,-0.0004312203536006587,-0.001070835080024854,-0.0010000066022157117
2023-12-29,2023,PERSIST,20,-0.0004307559767391389,-0.0028236094526946295,-0.002912997332980767
2024-01-02,2024,PERSIST,20,-0.0008587376556462578,0.001015244064501957,-0.00020473278824379403
2024-01-03,2024,PERSIST,20,0.002586206896551868,-0.006507092303348984,-0.005738155415965369
2024-01-04,2024,PERSIST,20,0.0025756600128783447,-0.00015227546592767058,-0.0005006076572508103
2024-01-05,2024,PERSIST,20,-0.0008578168561013122,-0.00012781159245667175,0.0007399636748643852
2024-01-08,2024,PERSIST,20,-0.0021500752526337763,0.001433971917549087,0.000996621800907975
2024-01-09,2024,PERSIST,20,0.0004303851947493609,0.0009162821709274454,-0.0002151856999293494
2024-01-10,2024,PERSIST,20,0.004965457685665031,0.00017412229152511142,-0.00010657405123728515
2024-01-11,2024,PERSIST,20,0.0002156566745741273,0.000913985241779582,-0.00016262972308384374
2024-01-12,2024,PERSIST,20,-0.004073756432247055,0.00120809871641288,0.0003117972273116989
2024-01-15,2024,PERSIST,20,-0.005562687205819539,0.0018936772454190825,0.0020144720488422994
2024-01-16,2024,PERSIST,20,-0.004720017163698631,0.0005555364255653205,0.0010376826523748007
2024-01-17,2024,PERSIST,20,0.0032439446366783198,0.006956627547316716,0.006976998873535468
2024-01-18,2024,PERSIST,20,0.0023727351164797295,0.0074696942437969555,0.0053209246823940765
2024-01-19,2024,PERSIST,20,0.00021523891519592553,0.006363406858827513,0.004865309953446409
2024-01-22,2024,PULLBACK,20,0.005191434133679396,0.001975006656534003,0.003362884938742477
2024-01-23,2024,PULLBACK,20,0.004319654427645814,0.004924473635897366,0.0034874860144039135
2024-01-24,2024,PULLBACK,20,0.01128717169524629,0.007278167619235803,0.0078317856316212
2024-01-25,2024,PULLBACK,20,0.022279904823707453,0.004440024429685203,0.005121875797761638
2024-01-26,2024,PULLBACK,20,0.031492666091458066,0.0017479692150545636,0.0010124435200650032
2024-01-29,2024,PULLBACK,20,0.03512174100409404,0.0038636220495873496,0.006493975902009067
2024-01-30,2024,PULLBACK,20,0.04168457241082946,0.001606687231456069,0.0027479846586265593
2024-01-31,2024,PULLBACK,20,0.0500859845227859,0.002320826245424908,0.0030962567524370414
2024-02-01,2024,PERSIST,20,0.05159494754870475,0.006380910708831847,0.00563850047714978
2024-02-02,2024,PERSIST,20,0.05194247692637899,0.005297833684806232,0.0038683289738265115
2024-02-05,2024,PULLBACK,20,0.047403576815341575,0.0022014513581831807,0.0035884739360832977
2024-02-06,2024,PULLBACK,20,0.053129705312970454,0.0015465514690734207,-0.0015964988673638995
2024-02-07,2024,PERSIST,20,0.04812030075187956,0.0057957300038244996,0.004965094348031773
2024-02-08,2024,PERSIST,20,0.05196205260888309,0.005051669611355653,0.004239782569502962
2024-02-20,2024,PULLBACK,20,0.04948364888123935,0.004801195185506139,0.0038162857543680684
2024-02-21,2024,PULLBACK,20,0.071351584393188,0.0008508513078704576,0.000235464015018093
2024-02-22,2024,PERSIST,20,0.06553136451821495,0.0016027842618288948,0.0007032958463721924
2024-02-23,2024,PERSIST,20,0.06821605336776426,-0.00032137355389847116,-0.0007398162998694703
2024-02-26,2024,PERSIST,20,0.06714009038089075,-0.0017093108931540276,-0.002882285180888483
2024-02-27,2024,PERSIST,20,0.07101355713363455,-0.0018634706743188732,-0.0021233883817983797
2024-02-28,2024,PERSIST,20,0.07526881720430101,0.0006541879731338093,0.0006492489373470731
2024-02-29,2024,PERSIST,20,0.09465550547327739,0.00020030661121421805,-0.0008852424320735745
2024-03-01,2024,PERSIST,20,0.0950063478628862,-0.0017927634394110624,-0.002445844412543986
2024-03-04,2024,PERSIST,20,0.07423672103722279,-0.003247458837205644,-0.003307826535316343
2024-03-05,2024,PERSIST,20,0.08326394671107407,-0.005591991786099183,-0.005272033353778156
2024-03-06,2024,PERSIST,20,0.09096534653465338,0.0043394944298227245,0.0052120258021308595
2024-03-07,2024,PERSIST,20,0.10194472876151495,-0.0008469780634166587,-0.0006636254607938603
2024-03-08,2024,PERSIST,20,0.09527687296416931,0.0013488391344774506,0.002460218717689296
2024-03-11,2024,PERSIST,20,0.0956947561722099,0.00011535154108937098,0.000517629655093185
2024-03-12,2024,PERSIST,20,0.12240279777823515,-0.002160347565156117,-0.0024151677277287273
2024-03-13,2024,PERSIST,20,0.10089869281045738,-0.00692373764606064,-0.007999188044487762
2024-03-14,2024,PERSIST,20,0.1213363394138145,-0.009071863417946366,-0.00848490056873108
2024-03-15,2024,PERSIST,20,0.12092641934822734,-0.010982491883116051,-0.011797975465884623
2024-03-18,2024,PERSIST,20,0.11154398195612059,-0.005701340091288587,-0.004609966090984944
2024-03-19,2024,PERSIST,20,0.12013120131201327,-0.009325969981409976,-0.010201999719625748
2024-03-20,2024,PERSIST,20,0.09597585513078477,-0.009547200026125378,-0.009868159975181546
2024-03-21,2024,PERSIST,20,0.07728100343920707,-0.014275309180160555,-0.013861219584821265
2024-03-22,2024,PERSIST,20,0.063859790491539,-0.009826533604739047,-0.006938245425953254
2024-03-25,2024,PERSIST,20,0.06372252470256123,-0.011244773879036673,-0.011255998720744967
2024-03-26,2024,PERSIST,20,0.06288929073739191,-0.010841837022133736,-0.012120378874427013
2024-03-27,2024,PERSIST,20,0.059800000000000075,-0.012309390599236166,-0.01307458564993813
2024-03-28,2024,PERSIST,20,0.03843137254901974,-0.015200344859807303,-0.015035199046985342
2024-03-29,2024,PERSIST,20,0.009468599033816583,-0.020661562179481015,-0.020049531524011264
2024-04-01,2024,PERSIST,20,0.027447926805528544,-0.01527888804278062,-0.01408870330663245
2024-04-02,2024,PERSIST,20,0.010376633358954779,-0.009492907894574996,-0.009144619962526891
2024-04-03,2024,PERSIST,20,-0.006995651351862309,-0.010759366663277346,-0.00988007368623766
2024-04-08,2024,PERSIST,20,-0.009845810886123019,-0.013167842079598046,-0.01370948947074083
2024-04-09,2024,PERSIST,20,-0.0074349442379182396,-0.01257401755527603,-0.012772978134761439
2024-04-10,2024,PERSIST,20,-0.007448789571694592,-0.014839966577070603,-0.015366406363291575
2024-04-11,2024,PERSIST,20,-0.017595307917888547,-0.014456594981747478,-0.01522982271507981
2024-04-12,2024,PERSIST,20,0.010204081632653184,-0.027134537550898945,-0.028088451037859424
2024-04-15,2024,PERSIST,20,-0.011880826174374026,-0.017577247686589373,-0.015036807337212995
2024-04-16,2024,PERSIST,20,0.00914243920277924,-0.02536500628937967,-0.03204213932584663
2024-04-17,2024,PERSIST,20,0.02361187972698775,-0.028881007036486647,-0.029126866230505408
2024-04-18,2024,PERSIST,20,0.0065885797950218095,-0.026911059789908452,-0.029038615079964504
2024-04-19,2024,PERSIST,20,-0.01230034881586195,-0.02811669792082312,-0.028989361438197074
2024-04-22,2024,PERSIST,20,-0.007136150234741789,-0.01572235857989584,-0.016916904664763418
2024-04-23,2024,PERSIST,20,0.00795303919712187,-0.0055158740702565615,-0.009155511166782013
2024-04-24,2024,PERSIST,20,0.017440758293838732,-0.012561398919658198,-0.015220195914440727
2024-04-25,2024,PERSIST,20,0.014744801512287298,-0.012577563951931828,-0.012590222999497577
2024-04-26,2024,PERSIST,20,0.005850160407623983,-0.014133357132096677,-0.014616401233564036
2024-04-29,2024,PERSIST,20,0.007175226586102701,-0.008160758082050093,-0.006983401208591925
2024-04-30,2024,PERSIST,20,0.01818529862174567,-0.0024647789186283218,-0.004808877853765672
2024-05-06,2024,PERSIST,20,0.011746873815839276,0.004133631887949252,0.001603177122461892
2024-05-07,2024,PERSIST,20,0.009128946367439994,0.009394065222175152,0.009537927584363733
2024-05-08,2024,PERSIST,20,0.027418126428027545,0.014081657624366285,0.012386194910351348
2024-05-09,2024,PULLBACK,20,0.015572232645403306,0.016394011525524995,0.012815163325560581
2024-05-10,2024,PULLBACK,20,-0.016853932584269593,0.009503848732827825,0.005741980205275651
2024-05-13,2024,PULLBACK,20,-0.014446529080675452,0.009817729040359768,0.014280236479149909
2024-05-14,2024,PULLBACK,20,-0.01847014925373136,0.007220229450345515,0.0027658006604868446
2024-05-15,2024,PULLBACK,20,-0.035996326905417875,0.00800808484924803,0.004096021864251457
2024-05-16,2024,PULLBACK,20,-0.019237883832778357,0.004016533034249637,0.003573919818071314
2024-05-17,2024,PULLBACK,20,-0.042761369813371974,0.0009123070431581368,0.0006220389450735941
2024-05-20,2024,PERSIST,20,-0.04469273743016766,0.006352510940290844,0.005930661752788351
2024-05-21,2024,PERSIST,20,-0.03400000000000003,0.013836246265457406,0.013715851581391344
2024-05-22,2024,PERSIST,20,0.0005576208178439401,0.014069349269370117,0.011163643320286434
2024-05-23,2024,PERSIST,20,0.00245886135804807,0.01640411427238789,0.014235337962241579
2024-05-24,2024,PERSIST,20,-0.0043208716888973875,0.005497510093932666,0.0029295985206902776
2024-05-27,2024,PERSIST,20,-0.014905906465436991,0.004554423589513095,0.00413849093881417
2024-05-28,2024,PERSIST,20,-0.024590163934426368,0.0026404332740267746,0.0019160208258869327
2024-05-29,2024,PERSIST,20,-0.00881801125703563,0.0020605653763039458,0.0001539863277429986
2024-05-30,2024,PERSIST,20,-0.0069366329208848665,0.005389428301955373,0.004336854130464026
2024-05-31,2024,PERSIST,20,-0.001504042113179116,0.004223087618569478,0.0030289460553980328
2024-06-03,2024,PERSIST,20,-0.005617977528089901,0.009254731962688362,0.008796776212205303
2024-06-04,2024,PERSIST,20,0.014134941575574933,0.007789862529996292,0.005997845089865557
2024-06-05,2024,PERSIST,20,-0.0057449962935507415,0.00991622964569106,0.00994827419264078
2024-06-06,2024,PERSIST,20,0.0025863661555514117,0.00690280172916574,0.006619319415346895
2024-06-07,2024,PERSIST,20,0.02190476190476187,0.01361858084424947,0.013945170606000383
2024-06-11,2024,PULLBACK,20,0.023034456501046963,-0.00036334494182109587,-0.001279457714838823
2024-06-12,2024,PULLBACK,20,0.025850598745485565,-0.012507859372885961,-0.012672404393260547
2024-06-13,2024,PULLBACK,20,0.04096018289197967,-0.008806664541430621,-0.009039966734950573
2024-06-14,2024,PULLBACK,20,0.028291210863825134,-0.011615348271336944,-0.013665646333004104
2024-06-17,2024,PULLBACK,20,0.03804656445201582,-0.006930311656492553,-0.0062985888880021795
2024-06-18,2024,PULLBACK,20,0.05621580833804951,0.003807794817271275,-0.0004154728508922456
2024-06-19,2024,PULLBACK,20,0.04554865424430643,-0.011631567777736123,-0.01323042341404555
2024-06-20,2024,PULLBACK,20,0.01393275125394755,-0.01178961051053884,-0.012348437842047092
2024-06-21,2024,PERSIST,20,0.02396226415094338,0.01590465330620438,0.01647859121529098
2024-06-24,2024,PULLBACK,20,0.024528301886792336,-0.014853785577344516,-0.01688832397172476
2024-06-25,2024,PULLBACK,20,0.026858331757140252,-0.016513457717765256,-0.019628950691036977
2024-06-26,2024,PULLBACK,20,0.029029793735676046,-0.016216279664143563,-0.01774380787267375
2024-06-27,2024,PULLBACK,20,0.005489305318947535,-0.012595298984487132,-0.01568400460634132
2024-06-28,2024,PULLBACK,20,0.0185010383235793,-0.015994844162513865,-0.01638770702365925
2024-07-01,2024,PULLBACK,20,0.0128036151383919,-0.008454553240006499,-0.008438684324926074
2024-07-02,2024,PERSIST,20,0.018832391713747842,0.017641852762487396,0.01684428268335536
2024-07-03,2024,PULLBACK,20,0.022300687604534408,-0.015135820268005997,-0.016938410479041273
2024-07-04,2024,PERSIST,20,0.02050326188257201,0.019173847393825286,0.01999441943133523
2024-07-05,2024,PULLBACK,20,-0.006817763036668478,-0.015006284244231179,-0.016279347261461425
2024-07-08,2024,PULLBACK,20,-0.002795899347623587,-0.010383313382077432,-0.010549266840860614
2024-07-09,2024,START,20,-0.012467435802009597,-0.023422941274130048,-0.023191383918929994
2024-07-10,2024,PERSIST,20,-0.009634982397628389,0.008727641025373475,0.0070287179014084065
2024-07-11,2024,START,20,-0.010614934114202224,-0.020303126712459922,-0.02043405809961637
2024-07-12,2024,PERSIST,20,-0.007703595011005149,0.01570254046105035,0.014862290098332835
2024-07-15,2024,START,20,-0.0014587892049598983,-0.008235009630232354,-0.007956253566300147
2024-07-16,2024,PERSIST,20,-0.0225040185747456,0.014039009845108507,0.011628407337024747
2024-07-17,2024,PERSIST,20,-0.02232223222322227,0.012222935356116032,0.011594096710706598
2024-07-18,2024,PERSIST,20,0.00128252106998894,0.016209258723321927,0.014565747980183827
2024-07-19,2024,PERSIST,20,0.013819789939192972,0.0296276235382008,0.028869242056526228
2024-07-22,2024,PERSIST,20,0.0151012891344382,0.01564160861844347,0.010660619252813659
2024-07-23,2024,PERSIST,20,0.015656658684840563,0.01873482270771415,0.019590570608448682
2024-07-24,2024,PERSIST,20,0.02728285077950998,0.01057819379884992,0.009966415045786842
2024-07-25,2024,START,20,0.036144578313252795,0.01893417571710425,0.018911511489165946
2024-07-26,2024,PERSIST,20,0.024281742354031577,0.02050133546579828,0.01554002008141887
2024-07-29,2024,PERSIST,20,0.02770031604387424,0.02178904682680772,0.02323005110945517
2024-07-30,2024,PERSIST,20,0.024953789279112737,0.02041593393383995,0.02033705715238976
2024-07-31,2024,PERSIST,20,0.006907834939101853,0.01999047746173847,0.02046984836163998
2024-08-01,2024,PERSIST,20,0.009680365296803606,0.018732024598851364,0.01912425357037313
2024-08-02,2024,PERSIST,20,0.02133580705009286,0.021112180490163533,0.021286442096713987
2024-08-05,2024,WEAK,20,0.025420560747663634,-0.009569582644481232,-0.011119434472034112
2024-08-06,2024,WEAK,20,0.03241002449594865,-0.0031293305692714664,-0.006477577465447773
2024-08-07,2024,PULLBACK,20,0.025818521983161924,-0.008937965905329536,-0.005997101665583682
2024-08-08,2024,WEAK,20,0.01923788383277847,0.002524347378797389,0.003986621453718374
2024-08-09,2024,WEAK,20,0.013863216266173817,0.0026375176191205992,0.002139906403088484
2024-08-12,2024,PULLBACK,20,0.006574141709276837,0.002152572217135716,0.0036093796727874675
2024-08-13,2024,WEAK,20,0.011511054266398535,-0.005509084513090955,-0.005552084113079112
2024-08-14,2024,WEAK,20,0.01786043085987843,-0.004657501182792797,-0.00958744141491308
2024-08-15,2024,WEAK,20,0.027081427264409985,-0.002827411238320483,-0.00824710222795805
2024-08-16,2024,PERSIST,20,0.021628498727735535,0.028824773498245693,0.029898289547411343
2024-08-19,2024,PERSIST,20,0.014332365747460107,0.02136059104684508,0.021233614854097735
2024-08-20,2024,PERSIST,20,0.0190424374319913,0.020300991924361002,0.020207008507295187
2024-08-21,2024,PERSIST,20,0.027100271002709952,0.020970919552858354,0.02077605304736358
2024-08-22,2024,PERSIST,20,0.03978924418604657,0.012522101434025469,0.012066579215517511
2024-08-23,2024,PERSIST,20,0.03583061889250816,0.01199486445420141,0.011362210178929848
2024-08-26,2024,PERSIST,20,0.04196816208393628,0.01167155145303116,0.012116862888253584
2024-08-27,2024,PERSIST,20,0.03715058611361588,0.009179773349064894,0.009465802989156736
2024-08-28,2024,PERSIST,20,0.018956490341216936,0.011655391575226838,0.010817284371828217
2024-08-29,2024,PERSIST,20,0.02785817655571643,0.011643569453428523,0.01036857425629596
2024-08-30,2024,PERSIST,20,0.02997275204359684,0.016136570451406006,0.015808004354000073
2024-09-02,2024,PERSIST,20,0.029347429821363624,0.005525765330106316,0.005094788527161432
2024-09-03,2024,PERSIST,20,0.04307355356816922,-0.006239424526748847,-0.006514578036730596
2024-09-04,2024,PERSIST,20,0.05234360751413458,-0.0005535805137966447,-0.0007344810330590784
2024-09-05,2024,PERSIST,20,0.048275862068965614,-0.0037827356120517033,-0.004674959262584058
2024-09-06,2024,PERSIST,20,0.067092069279854,-0.0022283375192079504,-0.0014906222166632356
2024-09-09,2024,PERSIST,20,0.06875907111756185,0.0036929076568188272,0.0033671366603742203
2024-09-10,2024,PERSIST,20,0.07677023121387294,0.003760554570828094,0.003212090169561423
2024-09-11,2024,PERSIST,20,0.08447901591895812,0.0020958815275090113,0.0020592784982477585
2024-09-12,2024,PERSIST,20,0.07215392838054502,0.0044533027537394815,0.004818400840431492
2024-09-13,2024,PERSIST,20,0.07489770503469129,-0.0007185589490229672,-0.00044171727741302257
2024-09-18,2024,PERSIST,20,0.07315328206045435,0.0009145583595443121,0.000695886081581781
2024-09-19,2024,PERSIST,20,0.06673785371062468,0.001786660632250206,0.0002674377450998591
2024-09-20,2024,PERSIST,20,0.0529463500439753,-0.0019940855843095812,-0.002492967678932083
2024-09-23,2024,PERSIST,20,0.054691595317141406,0.001063060861204836,0.0018905478749366832
2024-09-24,2024,PERSIST,20,0.06761006289308158,0.00228194727225493,0.002191401320213081
2024-09-25,2024,PERSIST,20,0.0659722222222221,-0.0018293059270731086,-0.0034377258157596083
2024-09-26,2024,PERSIST,20,0.04625282559554855,-0.0020820532228537033,-0.002894110069976844
2024-09-27,2024,PERSIST,20,0.06502480510276398,0.0018542427579488958,0.0006740173611334355
2024-09-30,2024,PERSIST,20,0.056494192185849945,0.0007101652365303591,-4.8588913360379966e-05
2024-10-08,2024,PERSIST,20,0.06313932980599635,-0.0032380822389218773,-0.0034169775269384615
2024-10-09,2024,PERSIST,20,0.038604568797591554,-0.0004754308273815667,-0.001996415340765006
2024-10-10,2024,PERSIST,20,0.036745406824147064,-0.0053365124993465015,-0.006020249216545871
2024-10-11,2024,PERSIST,20,0.02270363951473131,-0.009629158199166342,-0.008406271685423242
2024-10-14,2024,PERSIST,20,0.009349030470914066,-0.011935066461107187,-0.010608815863250912
2024-10-15,2024,PERSIST,20,-0.008200922603792904,-0.007866512349960105,-0.007494164698611437
2024-10-16,2024,PERSIST,20,-0.028348327957901875,-0.015343596011730555,-0.014673422768091398
2024-10-17,2024,PERSIST,20,-0.041939271934239186,-0.011039057346808274,-0.01011739867365057
2024-10-18,2024,PERSIST,20,-0.041201000834028334,-0.009489996112491128,-0.009779026162309083
2024-10-21,2024,PERSIST,20,-0.0343968095712861,-0.015762711698690944,-0.016574096650881068
2024-10-22,2024,PERSIST,20,-0.023502151605428567,-0.014857329831357069,-0.01453360116863087
2024-10-23,2024,PERSIST,20,-0.01433333333333342,-0.01589125098126678,-0.01631211753578377
2024-10-24,2024,PERSIST,20,-0.004337671004337684,-0.013774686746800257,-0.013672438694437829
2024-10-25,2024,PERSIST,20,0.003842298696959734,-0.010373243357398625,-0.010283285516826746
2024-10-28,2024,PERSIST,20,-0.033300198807156955,-0.01597552972636342,-0.01695362749700683
2024-10-29,2024,PERSIST,20,-0.04107347406316475,-0.0194638730023003,-0.01959198380453535
2024-10-30,2024,PERSIST,20,-0.050325732899022646,-0.019591383538250382,-0.019426505498768894
2024-10-31,2024,PERSIST,20,-0.022935017450556927,-0.014115623974376938,-0.013770366423234095
2024-11-01,2024,PERSIST,20,-0.026784228913658392,-0.011428813680437749,-0.012775960398942712
2024-11-04,2024,PERSIST,20,-0.014326170248209258,-0.00768317100127391,-0.008075663739414905
2024-11-05,2024,PERSIST,20,-0.01874585268745843,-0.008339770248178462,-0.010228037568479812
2024-11-06,2024,PERSIST,20,0.012276214833759624,-0.021170715151071627,-0.02104058762934677
2024-11-07,2024,PERSIST,20,-0.00995780590717299,-0.00901373067154536,-0.00962318157655966
2024-11-08,2024,PERSIST,20,0.006778512116590418,-0.009973138233434941,-0.011599641951849893
2024-11-11,2024,PERSIST,20,0.02401372212692965,-0.006619043074175001,-0.007959281005885332
2024-11-12,2024,PERSIST,20,0.03841515934539186,0.002883076986587527,0.0010386541082402685
2024-11-13,2024,PULLBACK,20,0.054856743535988794,0.007576942390783568,0.0029412824522187875
2024-11-14,2024,PULLBACK,20,0.05340570828226232,0.01918000509177612,0.017164668118230482
2024-11-15,2024,PULLBACK,20,0.03427279053583865,0.007430089524879012,-0.0012091618047086975
2024-11-18,2024,PULLBACK,20,0.025124763379796855,0.007778899074415315,0.004898955953366783
2024-11-19,2024,PULLBACK,20,0.007118644067796609,0.006360409957138867,0.0068967018818148085
2024-11-20,2024,PULLBACK,20,-0.00794724382820422,0.003270265204677379,0.0043501691158600005
2024-11-21,2024,PULLBACK,20,-0.015247989276139462,0.0032565286548424765,-0.00030409728877831216
2024-11-22,2024,PERSIST,20,-0.014977533699450984,0.01597124017897008,0.015968987706790932
2024-11-25,2024,PULLBACK,20,0.01593830334190227,-0.0014661247213475703,0.0014275786174524699
2024-11-26,2024,PULLBACK,20,0.012286689419795271,0.0016328699276937006,-0.004457238295052471
2024-11-27,2024,PULLBACK,20,0.02126564911678952,0.005447870084026342,0.0007230586100841875
2024-11-28,2024,PULLBACK,20,0.012076883823779694,0.003625976627206201,0.006339124713735465
2024-11-29,2024,PULLBACK,20,0.014358974358974486,0.0040339294975856735,0.003912115461307057
2024-12-02,2024,PULLBACK,20,-0.0005070136893696731,0.009136852771175255,0.010155823515204377
2019-01-02,2019,PERSIST,60,-0.016197183098591528,0.0163147049904869,0.015499980513534446
2019-01-03,2019,PERSIST,60,-0.02811523776466507,0.02147507889982762,0.020086390435883186
2019-01-04,2019,PERSIST,60,-0.008450704225352101,0.010889058915704287,0.009037654904999807
2019-01-07,2019,PERSIST,60,-0.006344730348960215,0.004061969584111946,0.005890614743839053
2019-01-08,2019,PERSIST,60,0.00035373187124165817,0.005470727163238721,0.005281836596316217
2019-01-09,2019,PERSIST,60,-0.008486562942008447,-0.004172116300723524,-0.0016136323713392894
2019-01-10,2019,PERSIST,60,-0.00782639630024895,0.008452715937176197,0.00881898766117142
2019-01-11,2019,PERSIST,60,-0.005714285714285672,0.001133507248541477,0.002317930755038196
2019-01-14,2019,PERSIST,60,-0.011764705882353121,-0.0013045490106691447,-0.002303948150778336
2019-01-15,2019,PERSIST,60,-0.016399286987522355,-0.00020193826124050192,-0.003925215236776541
2019-01-16,2019,PERSIST,60,-0.015324305060584464,-0.001394372552733475,-0.0013065289920257944
2019-01-17,2019,PERSIST,60,-0.015663937344250645,-0.003039409916715633,-0.004242116296299732
2019-01-18,2019,PERSIST,60,-0.010003572704537333,-0.001112101757907111,-0.0022549688753496426
2019-01-21,2019,PERSIST,60,-0.014658562745799242,-0.002589554557635202,-0.0034050775835825203
2019-01-22,2019,PERSIST,60,-0.015313390313390185,-0.00530046965260422,-0.007741311610474309
2019-01-23,2019,PERSIST,60,-0.00928571428571423,0.0030118205568519917,-0.002575644127307448
2019-01-24,2019,PULLBACK,60,-0.007857142857142785,-0.03721183233573715,-0.03728119049900127
2019-01-25,2019,PULLBACK,60,-0.017382050372472535,-0.030352962270639057,-0.03184836509191438
2019-01-28,2019,PERSIST,60,-0.010608203677510586,0.011015919989467441,0.007454938295535598
2019-01-29,2019,PERSIST,60,-0.016907361747094063,0.00705500372901733,0.0029819879532419647
2019-01-30,2019,PERSIST,60,-0.015482054890921915,0.010632466976416045,0.005901902772950521
2019-01-31,2019,PULLBACK,60,-0.013737231419513996,-0.030172895509435443,-0.03173289025809077
2019-02-01,2019,PULLBACK,60,-0.014401123990165021,-0.029953689357866606,-0.031382296071486036
2019-02-11,2019,PULLBACK,60,-0.008087201125175691,-0.033576403483055406,-0.03371705327832129
2019-02-12,2019,PERSIST,60,0.006326889279437475,0.021302608397983997,0.019199762274572874
2019-02-13,2019,PERSIST,60,0.004922644163150469,0.01788829887769602,0.013976447307033409
2019-02-14,2019,PERSIST,60,0.001404494382022392,0.014975267933419401,0.013248269698555038
2019-02-15,2019,PERSIST,60,-0.010793871866295213,0.022103900211743494,0.020884353370356133
2019-02-18,2019,PERSIST,60,-0.014236111111111116,0.01705698954405686,0.011520855812297223
2019-02-19,2019,PERSIST,60,-0.024432209222298717,0.02185003934550432,0.016822950330060284
2019-02-20,2019,PERSIST,60,-0.021114572516441665,0.018560751935187934,0.01571730201963928
2019-02-21,2019,PERSIST,60,-0.01012216404886579,0.014335025803871648,0.01247108507594863
2019-02-22,2019,PERSIST,60,0.000701016473886984,0.011450538624192576,0.011554526826803238
2019-02-25,2019,PERSIST,60,0.0014015416958654825,0.011008781696128045,0.009568123843881813
2019-02-26,2019,PERSIST,60,-0.0010504201680671121,0.003355971523892131,0.0010702866113871164
2019-02-27,2019,PERSIST,60,0.0024621878297572675,0.005558052365191181,0.002138626661577633
2019-02-28,2019,PERSIST,60,0.008135833038556806,-0.00551044647286862,-0.008594298584463105
2019-03-01,2019,PERSIST,60,0.027877055039313703,-0.005575022233732874,-0.00744071089848891
2019-03-04,2019,PULLBACK,60,0.04382183908045989,-0.051684895225726196,-0.05002022715179635
2019-03-05,2019,PULLBACK,60,0.06202668589974736,-0.054309891966711966,-0.05063557253408871
2019-03-06,2019,PULLBACK,60,0.05787203450754852,-0.03739522501760537,-0.037169625986444105
2019-03-07,2019,PULLBACK,60,0.06180380883938197,-0.03811247392105386,-0.04169509510206662
2019-03-08,2019,PULLBACK,60,0.053755784976859955,-0.03504302019234585,-0.03447015031789012
2019-03-11,2019,PULLBACK,60,0.05575411007862763,-0.03422982420044686,-0.037813956961739004
2019-03-12,2019,PULLBACK,60,0.04471256210078067,-0.035631194173753475,-0.03573076014380392
2019-03-13,2019,PULLBACK,60,0.051027639971651384,-0.04648193008748317,-0.046756834616674035
2019-03-14,2019,PULLBACK,60,0.0660478400571225,-0.04360104206698751,-0.04637486694619878
2019-03-15,2019,PULLBACK,60,0.06875667972924826,-0.04642263219443819,-0.045678473639112656
2019-03-18,2019,PULLBACK,60,0.0625222024866785,-0.041060354913397296,-0.04464258684632433
2019-03-19,2019,PULLBACK,60,0.05673758865248235,-0.033894670290781546,-0.03515176378373924
2019-03-20,2019,PULLBACK,60,0.07659724673490986,-0.03589865837555359,-0.03706132349561286
2019-03-21,2019,PULLBACK,60,0.08811040339702769,-0.0345192387592014,-0.03329005914164622
2019-03-22,2019,PULLBACK,60,0.09126009126009116,-0.04647924476334293,-0.04974628077867685
2019-03-25,2019,PULLBACK,60,0.10262697022767076,-0.04053018728744534,-0.042965426668894864
2019-03-26,2019,PULLBACK,60,0.09894736842105267,-0.048934689992037365,-0.050669088920754196
2019-03-27,2019,PULLBACK,60,0.09574093629003855,-0.04970896313012508,-0.04951386983958136
2019-03-28,2019,PERSIST,60,0.11213955144179422,-0.0027040279391704718,-0.00367379007978293
2019-03-29,2019,WEAK,60,0.09358192900681228,-0.04698495869689884,-0.04743389645972201
2019-04-01,2019,START,60,0.09390681003584223,-0.036062630392874814,-0.03688747882042561
2019-04-02,2019,START,60,0.1340722202359672,-0.03275922230022804,-0.031613497544872596
2019-04-03,2019,START,60,0.12455261274158902,-0.029913934880168892,-0.029177578653310436
2019-04-04,2019,START,60,0.11785714285714288,-0.02003141232041285,-0.01917115895862886
2019-04-08,2019,START,60,0.09765625000000022,-0.036382428712020014,-0.034453436283300776
2019-04-09,2019,START,60,0.09365023057821942,-0.04317049253070704,-0.04151730436485408
2019-04-10,2019,START,60,0.09052333804809054,-0.049264648946922715,-0.04827787757098232
2019-04-11,2019,PERSIST,60,0.119472182596291,-0.021661782456126533,-0.023131250669579034
2019-04-12,2019,WEAK,60,0.11617067049121532,-0.04244626480043154,-0.041678293541565006
2019-04-15,2019,WEAK,60,0.11997126436781613,-0.03430844047846071,-0.032141924121842684
2019-04-16,2019,WEAK,60,0.12590187590187596,-0.035150387755732274,-0.03164210573009059
2019-04-17,2019,WEAK,60,0.12685755708590074,-0.029151003094730944,-0.02061203321456985
2019-04-18,2019,WEAK,60,0.13897937024972862,-0.029004064294373882,-0.021560479840790275
2019-04-19,2019,WEAK,60,0.1518987341772151,-0.024695534760411874,-0.015050593346811345
2019-04-22,2019,WEAK,60,0.13496932515337434,-0.030464705820733358,-0.019606004099381045
2019-04-23,2019,WEAK,60,0.13570391872278664,-0.022997079648739073,-0.01526720002326144
2019-04-24,2019,WEAK,60,0.13562386980108498,-0.022979911841109413,-0.018903786953498262
2019-04-25,2019,WEAK,60,0.13229992790194656,-0.023620291689110787,-0.01755172764528969
2019-04-26,2019,WEAK,60,0.12670986321094313,-0.026963116752454976,-0.019871305137946233
2019-04-29,2019,WEAK,60,0.1361010830324909,-0.04343768832756955,-0.03688245202635543
2019-04-30,2019,WEAK,60,0.123302358827734,-0.03552889917028923,-0.0365539544380863
2019-05-06,2019,START,60,0.13149408814045138,-0.034076528511344406,-0.03282485217848369
2019-05-07,2019,WEAK,60,0.1168691922802001,0.027831233347108974,0.02546749597718188
2019-05-08,2019,START,60,0.13821428571428562,0.028670194806446593,0.029696266175928767
2019-05-09,2019,WEAK,60,0.15431218816821102,0.015957984358999342,0.014866149570519996
2019-05-10,2019,WEAK,60,0.18114143920595516,0.013692555796262863,0.017970755682740345
2019-05-13,2019,START,60,0.16870415647921755,0.020796101069488412,0.02078843160498687
2019-05-14,2019,PERSIST,60,0.18369489153254026,0.010226279085234267,0.013489708409122095
2019-05-15,2019,PERSIST,60,0.19354838709677424,0.01702937327579402,0.020445239503048364
2019-05-16,2019,START,60,0.19746568109820473,0.007170759154506108,0.006945464554266589
2019-05-17,2019,START,60,0.21310320535399785,0.01102448139432938,0.011841967648011415
2019-05-20,2019,START,60,0.1883597883597885,0.023893562861460757,0.025669028668829676
2019-05-21,2019,START,60,0.21463932107496464,0.038043473599486774,0.04039092924471672
2019-05-22,2019,START,60,0.21156558533145287,0.03310705389838004,0.03505288901535136
2019-05-23,2019,START,60,0.18879159369527154,0.021342617403696047,0.0242831924470517
2019-05-24,2019,START,60,0.18754373687893633,0.02195221364721864,0.02409822198433794
2019-05-27,2019,PERSIST,60,0.19137749737118814,-0.0038288118657050004,-0.005265871876015713
2019-05-28,2019,PERSIST,60,0.19122807017543852,-0.007797934799995463,-0.008978827713136904
2019-05-29,2019,PERSIST,60,0.1926315789473685,-4.803147847824013e-05,-0.0020243116209940687
2019-05-30,2019,PERSIST,60,0.22426981919332412,0.0036893798032717282,-0.0001770614344709983
2019-05-31,2019,PERSIST,60,0.20818995182381284,0.0035891752824755534,0.004528159633165279
2019-06-03,2019,PERSIST,60,0.20305602716468596,0.00870356671851018,0.005405391001174136
2019-06-04,2019,PERSIST,60,0.19945633707101584,0.012560851311673477,0.008289668619691312
2019-06-05,2019,PERSIST,60,0.18544839255499146,0.0172450517488911,0.013923148251911585
2019-06-06,2019,PERSIST,60,0.18310810810810807,0.010509992292484572,0.007091408876409308
2019-06-10,2019,PERSIST,60,0.18821936357481373,0.018229375697035918,0.018068376922922583
2019-06-11,2019,PERSIST,60,0.2082201086956521,0.007024923790545885,0.0069788111671175174
2019-06-12,2019,PERSIST,60,0.19420094403236665,0.003641871795173897,0.005895302458001624
2019-06-13,2019,PERSIST,60,0.16008037508372386,0.025482499948261066,0.0225340035483087
2019-06-14,2019,PERSIST,60,0.14533333333333331,0.01214394986976457,0.010410541285445536
2019-06-17,2019,PERSIST,60,0.13072550986292208,0.004197831262538128,-0.0021843464863034717
2019-06-18,2019,PERSIST,60,0.13993288590604025,0.0011456774623763103,0.005393979197713401
2019-06-19,2019,PERSIST,60,0.1131147540983608,0.007822017415686357,0.0054327962886013045
2019-06-20,2019,PERSIST,60,0.11024390243902427,-0.0003275354070013791,-0.0009501759422612596
2019-06-21,2019,PERSIST,60,0.09520746220649712,0.013707652610427643,0.009797064270977677
2019-06-24,2019,PERSIST,60,0.08227445997458704,-0.0016450839597262658,-0.0002079917323806954
2019-06-25,2019,PERSIST,60,0.0814176245210727,0.0210320138476471,0.020723536204966232
2019-06-26,2019,PERSIST,60,0.09444265981368449,-0.008716630380775449,-0.012091071298417164
2019-06-27,2019,PERSIST,60,0.10019206145966697,-0.00954582598032288,-0.0015244657561441048
2019-06-28,2019,PERSIST,60,0.13540983606557377,-0.0027154350466085143,-0.0006216706106379893
2019-07-01,2019,PERSIST,60,0.1402359108781126,-0.02837981265609351,-0.02369004824431795
2019-07-02,2019,PERSIST,60,0.08575031525851196,-0.02207483381656198,-0.013764241960522807
2019-07-03,2019,PERSIST,60,0.09038828771483143,-0.02454117517395849,-0.023956122864697244
2019-07-04,2019,PERSIST,60,0.08626198083067083,-0.01201074776141606,-0.012663660609889577
2019-07-05,2019,PERSIST,60,0.10061468780329985,-0.01235129273022409,-0.005979528577943077
2019-07-08,2019,PERSIST,60,0.11417450535192986,-0.021183113818823762,-0.015980509659594588
2019-07-09,2019,PERSIST,60,0.11543450064850846,-0.010126487694114816,-0.011019958181793299
2019-07-10,2019,PERSIST,60,0.0802803440586175,-0.014442839856318343,-0.010526185518499742
2019-07-11,2019,PERSIST,60,0.08159331834243488,-0.020384233737800694,-0.015459658317178672
2019-07-12,2019,PERSIST,60,0.0785760102629891,-0.011116359520127038,-0.008546091845138135
2019-07-15,2019,PERSIST,60,0.07529637936558786,-0.0011422976396692763,0.0016031110207671406
2019-07-16,2019,PERSIST,60,0.08266323576712775,-0.009870392052937015,-0.005415014352062292
2019-07-17,2019,PERSIST,60,0.06990784874483635,0.00039363008736745687,0.0042967503228195595
2019-07-18,2019,PERSIST,60,0.05557299843014141,0.0032068901634219253,0.008724759171977582
2019-07-19,2019,PERSIST,60,0.06486486486486487,0.0075644470459099175,0.012640946460568323
2019-07-22,2019,PERSIST,60,0.07444089456869007,0.016015111557871244,0.019268213030814395
2019-07-23,2019,PULLBACK,60,0.07229299363057318,0.0562146388645983,0.060484187386009254
2019-07-24,2019,PERSIST,60,0.07863737663164594,0.03249442918476563,0.0376415319079829
2019-07-25,2019,PERSIST,60,0.08434504792332276,0.026642929056830543,0.03063422621640833
2019-07-26,2019,PERSIST,60,0.06895455989831589,0.022047953768742884,0.02538076539392367
2019-07-29,2019,PERSIST,60,0.0680878141902641,0.025024259272243884,0.02484683121774668
2019-07-30,2019,PERSIST,60,0.06554781507283103,0.006368240151982601,0.010142027081676264
2019-07-31,2019,PERSIST,60,0.08671999999999991,0.020074917069398353,0.021642116450989124
2019-08-01,2019,PULLBACK,60,0.06401004079071226,0.026857516211281074,0.02848163454193739
2019-08-02,2019,PERSIST,60,0.041679530719357816,0.020435262683141983,0.02827643268681142
2019-08-05,2019,PERSIST,60,-0.0036014405762304635,0.02740389873545125,0.02224340467677262
2019-08-06,2019,PERSIST,60,-0.005080693365212219,0.028384054907251693,0.020494692843067857
2019-08-07,2019,PERSIST,60,-0.038427431274017154,0.025682334967713185,0.033959101633804264
2019-08-08,2019,PERSIST,60,-0.042303172737955363,0.01728417875071672,0.017645543267297052
2019-08-09,2019,PERSIST,60,-0.044679600235155825,0.050632290961354944,0.05646931804632975
2019-08-12,2019,PERSIST,60,-0.05371660859465743,0.0365362146290758,0.039463404172740205
2019-08-13,2019,PERSIST,60,-0.03057287028791933,0.02816378308767006,0.03767902950803155
2019-08-14,2019,PERSIST,60,-0.04687045123726352,0.017933998736422496,0.01619997163703097
2019-08-15,2019,PERSIST,60,-0.04802095459837019,0.0035085814493058145,0.00993155524247328
2019-08-16,2019,PERSIST,60,-0.03005303476723642,0.005596674509259156,0.012618642681098944
2019-08-19,2019,PERSIST,60,-0.02857984678845016,0.010027398530682092,0.015315725498970215
2019-08-20,2019,PERSIST,60,-0.028243601059135037,0.01625469322210314,0.01876159087796838
2019-08-21,2019,PERSIST,60,-0.03446244477172311,-0.01313507181399644,-0.009776789502078083
2019-08-22,2019,PERSIST,60,-0.03824654310091202,0.0074461629893736395,0.014302342212100683
2019-08-23,2019,PERSIST,60,-0.0758307299062766,0.005647114757245382,0.009431947561802838
2019-08-26,2019,PERSIST,60,-0.06864141270293367,0.006218982296666061,0.012727151076672298
2019-08-27,2019,PERSIST,60,-0.07874682472480954,0.004709661180269412,0.003298526819881492
2019-08-28,2019,PERSIST,60,-0.07535410764872519,0.003118108872899328,0.007882801669555543
2019-08-29,2019,PERSIST,60,-0.06622894661718537,0.019924631122322768,0.023631600968001855
2019-08-30,2019,PERSIST,60,-0.0639634494574528,-0.012237318005604375,-0.007057123172653102
2019-09-02,2019,PERSIST,60,-0.05242165242165231,0.015687009751267775,0.023879780636933974
2019-09-03,2019,PERSIST,60,-0.06747258926061284,0.02011820468705007,0.025143166411634093
2019-09-04,2019,PERSIST,60,-0.06408808582721626,0.014849237903525107,0.018972766561787584
2019-09-05,2019,PERSIST,60,-0.05542725173210161,0.03172170888079764,0.039676013551847585
2019-09-06,2019,PERSIST,60,-0.04598370197904533,0.0020160175119421538,0.00828395306061145
2019-09-09,2019,PERSIST,60,-0.029272619751626316,0.016947651343974118,0.028096654203022122
2019-09-10,2019,PULLBACK,60,-0.027671474830732956,0.023631719637550983,0.028379172134530412
2019-09-11,2019,PERSIST,60,-0.0397643593519883,0.02798216238716958,0.03337334940851318
2019-09-12,2019,PULLBACK,60,-0.038664323374341,0.007250243629012842,0.01025325637802637
2019-09-16,2019,PULLBACK,60,-0.033186490455212936,0.016789043756453584,0.01681827037598116
2019-09-17,2019,PULLBACK,60,-0.033460522453771624,-0.006172108667278523,-0.0034945842338784013
2019-09-18,2019,PERSIST,60,-0.02834366696191326,-0.005023141154221422,-0.0011531562503391529
2019-09-19,2019,PERSIST,60,-0.03257998238919879,0.0067293217950617846,0.011413298965700532
2019-09-20,2019,PERSIST,60,-0.03956939191155073,0.0044020987030342325,0.010823872042340693
2019-09-23,2019,PERSIST,60,-0.04187120993358362,0.01344405373835885,0.016931059314878805
2019-09-24,2019,PULLBACK,60,-0.037931034482758696,0.04275292503188144,0.04415982797624462
2019-09-25,2019,PULLBACK,60,-0.026422764227642226,0.026573352826211177,0.03210988998275659
2019-09-26,2019,PULLBACK,60,-0.018096906012843084,0.001313333704337746,0.0025601437889982044
2019-09-27,2019,PULLBACK,60,-0.008235294117647118,0.006253395403263428,0.01273239077446845
2019-09-30,2019,PULLBACK,60,-0.00793650793650802,-0.010651851700100773,-0.004603641334524565
2019-10-08,2019,PULLBACK,60,-0.018631732168850057,-0.008655110679207084,-0.007463980312793561
2019-10-09,2019,PULLBACK,60,-0.013953488372092981,0.015497928449582529,0.01719221472979565
2019-10-10,2019,PULLBACK,60,0.030964317310527845,0.023584914505306958,0.02483486464966072
2019-10-11,2019,PULLBACK,60,0.031185031185031242,0.002250648878910196,0.005685188550521771
2019-10-14,2019,PULLBACK,60,0.05471305382099323,-0.01926499318494084,-0.017894500614624907
2019-10-15,2019,PULLBACK,60,0.025029797377830842,-0.020416096544344158,-0.018768887653304374
2019-10-16,2019,PULLBACK,60,0.01396316102198436,-0.03939337720872388,-0.037741659545094286
2019-10-17,2019,PULLBACK,60,0.016632016632016633,-0.025654709534922424,-0.024492996164939294
2019-10-18,2019,PULLBACK,60,0.0017846519928612636,-0.034238204859509354,-0.03309460981089067
2019-10-21,2019,PULLBACK,60,0.014631233203941552,-0.04003935425161202,-0.03695768424675468
2019-10-22,2019,PULLBACK,60,0.014867677668748192,-0.04544384488816122,-0.04389622758936874
2019-10-23,2019,PULLBACK,60,0.01039501039501034,-0.0337041630407353,-0.0321629746203763
2019-10-24,2019,PULLBACK,60,0.005608028335301052,-0.03957573336197931,-0.0389761264615269
2019-10-25,2019,PULLBACK,60,0.009133765468473776,-0.031940776809359445,-0.02831319861437396
2019-10-28,2019,PULLBACK,60,0.013376932223543303,-0.02758292945083881,-0.027427764578721817
2019-10-29,2019,PULLBACK,60,0.021149836163240954,-0.028101600172767548,-0.025424041203667536
2019-10-30,2019,PULLBACK,60,0.043090638930163294,-0.03106624441466063,-0.02946779193751029
2019-10-31,2019,PULLBACK,60,0.03327444051825679,-0.03706269467607516,-0.03557378344338263
2019-11-01,2019,PULLBACK,60,0.020053081686818075,-0.023479971244614442,-0.020972714435329862
2019-11-04,2019,PULLBACK,60,0.0219324244220509,-0.04252650400363971,-0.04091330863751792
2019-11-05,2019,PULLBACK,60,0.048192771084337505,-0.06879123224108337,-0.06697563913573808
2019-11-06,2019,PULLBACK,60,0.04866326224091311,-0.07466871278968078,-0.0728807420954901
2019-11-07,2019,WEAK,60,0.06947433138641257,-0.05404509353988367,-0.06336311196188599
2019-11-08,2019,WEAK,60,0.06319018404907983,-0.047310378065582824,-0.06203739054125444
2019-11-11,2019,WEAK,60,0.06892307692307709,-0.053241518804443805,-0.06195695016101263
2019-11-12,2019,WEAK,60,0.07241485118134405,-0.035533202387267204,-0.03573234474946771
2019-11-13,2019,WEAK,60,0.07440293937538267,-0.049194864206321735,-0.06434923412943998
2019-11-14,2019,WEAK,60,0.07330482590103848,0.027037775434233687,0.021675038473923488
2019-11-15,2019,WEAK,60,0.0892693365943138,0.021665272891543692,0.009821013096241935
2019-11-18,2019,WEAK,60,0.08383961117861483,0.029249304160132654,0.007045423214997529
2019-11-19,2019,WEAK,60,0.09523809523809534,0.026230725921828468,0.0071883225283822655
2019-11-20,2019,WEAK,60,0.1286709052376629,0.030279559670019843,0.012717609033844553
2019-11-21,2019,WEAK,60,0.12233068944478331,0.022936960096093348,0.009314525067109978
2019-11-22,2019,WEAK,60,0.12174977057204028,0.023968526446589374,0.00409248336426998
2019-11-25,2019,WEAK,60,0.12630608481868477,0.018627418948548108,0.008969183714209347
2019-11-26,2019,WEAK,60,0.11681957186544345,0.007360888151201259,-0.018471865879219996
2019-11-27,2019,WEAK,60,0.08731617647058831,0.009392194879621058,-0.0014682540983210687
2019-11-28,2019,WEAK,60,0.08210784313725505,0.009555293295615396,-0.0008739650294303722
2019-11-29,2019,WEAK,60,0.10302659737083464,0.007518135959713495,-0.006508162440697372
2019-12-02,2019,WEAK,60,0.0991458206223308,0.0012641187209229687,-0.00881571958274397
2019-12-03,2019,WEAK,60,0.10553217077570665,0.0030568129993809104,-0.011332738095987439
2019-12-04,2019,START,60,0.1202894181489298,-0.000828875718128997,-0.0011843284516959186
2019-12-05,2019,WEAK,60,0.10015082956259413,-0.01521403096808258,-0.019243122000079167
2019-12-06,2019,START,60,0.10666259168704162,0.033035026032170074,0.03227058808599193
2019-12-09,2019,START,60,0.10494203782794376,0.017444770651726407,0.016137077518236505
2019-12-10,2019,START,60,0.05756929637526653,0.02591482327939311,0.02563124255624339
2019-12-11,2019,START,60,0.0293672419013018,0.015226360692881993,0.01704711372021173
2019-12-12,2019,START,60,0.016871165644171793,0.010332949864409541,0.010090488031930644
2019-12-13,2019,WEAK,60,0.029859841560024414,0.0009017677871450084,-0.0016138817799849978
2019-12-16,2019,START,60,0.0009113001215066419,0.011603193027466131,0.010140035819956492
2019-12-17,2019,START,60,0.00728818706346801,0.00616511536635574,0.007893032262579777
2019-12-18,2019,WEAK,60,0.010331206320267405,0.008443415436761022,0.002760902844308622
2019-12-19,2019,WEAK,60,0.0770631067961165,0.0002776682223990905,-0.004119185200222173
2019-12-20,2019,START,60,0.09088155104513773,0.0047719590429667336,0.00428908865700918
2019-12-23,2019,START,60,0.0753465943339362,0.015549698794703457,0.01591105616181524
2019-12-24,2019,START,60,0.07676224611708493,0.006054275519156499,0.006618193194541919
2019-12-25,2019,START,60,0.07277065314643605,0.007777797286884526,0.007195476701555525
2019-12-26,2019,START,60,0.065101070154578,0.001051594553689297,9.955966402592706e-05
2019-12-27,2019,START,60,0.039442467378410395,-0.012819529840514056,-0.013076207256821201
2019-12-30,2019,START,60,0.04474074074074075,-0.013605395562447853,-0.015062519181631021
2019-12-31,2019,START,60,0.0625927024621773,-0.024341851999743546,-0.026194149372987557
2020-01-02,2020,START,60,0.08667452830188682,0.039643865648809395,0.02357124452768423
2020-01-03,2020,START,60,0.042048054919908484,0.027966678414429638,0.017864008414680867
2020-01-06,2020,PERSIST,60,0.048963133640552936,0.026600263898517794,0.026463364542538406
2020-01-07,2020,PERSIST,60,0.03777840428531154,0.02776982438337261,0.02743971946768109
2020-01-08,2020,PERSIST,60,0.0683139534883721,0.01898029471236777,0.01954044086032173
2020-01-09,2020,PERSIST,60,0.08350424846176385,-0.009082867712209048,-0.00870319284606642
2020-01-10,2020,PERSIST,60,0.08472100496640378,-0.011093403305954704,-0.00984548892132111
2020-01-13,2020,PERSIST,60,0.09916864608076015,-0.009899053082151422,-0.009816415335034693
2020-01-14,2020,PERSIST,60,0.08593290170688639,-0.021383530379311635,-0.02083272819556954
2020-01-15,2020,PERSIST,60,0.06475241722824499,-0.01807314676995765,-0.01796103205625662
2020-01-16,2020,PERSIST,60,0.07995296884185765,-0.013057491109114285,-0.012966626895804878
2020-01-17,2020,PERSIST,60,0.08189022600528317,-0.012140507352476366,-0.011928130271785664
2020-01-20,2020,PERSIST,60,0.09051094890510947,-0.013974880757043407,-0.01373850651850315
2020-01-21,2020,PERSIST,60,0.09738926371369905,-0.012592453639297042,-0.012277303816768644
2020-01-22,2020,PERSIST,60,0.09772462077012833,-0.012784105992076317,-0.01257768176554282
2020-01-23,2020,PERSIST,60,0.05897435897435899,-0.01335648245316399,-0.013040598906991422
2020-02-04,2020,PERSIST,60,0.07776814108123742,-0.011888208947537105,-0.011308959798413646
2020-02-05,2020,PERSIST,60,0.08700696055684465,-0.017074430481790977,-0.01650131657757492
2020-02-06,2020,PERSIST,60,0.07241379310344831,-0.020147474401067813,-0.019805119797940685
2020-02-07,2020,PERSIST,60,0.08135204812374663,-0.02170549019933901,-0.021305814958374317
2020-02-10,2020,PERSIST,60,0.07818338603046837,-0.02101879999427094,-0.02057439810560037
2020-02-11,2020,PULLBACK,60,0.07934218118869008,-0.03319414286819835,-0.03135783992725437
2020-02-12,2020,PULLBACK,60,0.08088658606793309,-0.027647446226807874,-0.02700794675786242
2020-02-13,2020,PULLBACK,60,0.07925608011444907,-0.005548105771624744,-0.003917467896648267
2020-02-14,2020,PERSIST,60,0.08805927614705045,0.017588752620926462,0.017642330537145652
2020-02-17,2020,PERSIST,60,0.10984632896983504,0.0034026082955759393,0.0037046329759733766
2020-02-18,2020,PERSIST,60,0.08560202076901469,0.0026811283851556405,0.002958209023038655
2020-02-19,2020,PERSIST,60,0.09529147982062769,0.005113101493856866,0.005215532914755362
2020-02-20,2020,PERSIST,60,0.07726391581279413,0.002566393661250282,0.0028717868074511392
2020-02-21,2020,PERSIST,60,0.031652360515021405,0.004340469307695904,0.004747044818630911
2020-02-24,2020,PERSIST,60,0.04783908670834469,0.005496307193601355,0.005439601988674422
2020-02-25,2020,PERSIST,60,0.056176711208072216,-0.005616063048472821,-0.0052321090101623245
2020-02-26,2020,PERSIST,60,0.049113233287858105,-0.008226911798354289,-0.007429309273921587
2020-02-27,2020,PERSIST,60,0.054216867469879526,-0.007219430986758068,-0.0070698615096898825
2020-02-28,2020,PERSIST,60,0.08678500986193294,-0.018899817846208103,-0.018443303849759708
2020-03-02,2020,PERSIST,60,0.09881087202718009,-0.02437127144964193,-0.023472060050215973
2020-03-03,2020,PERSIST,60,0.07677383592017728,-0.018922566459858365,-0.018880388569911498
2020-03-04,2020,PERSIST,60,0.06910907577019132,-0.022791132641321057,-0.022851848336759517
2020-03-05,2020,PERSIST,60,0.03753059559423444,-0.024147136925383297,-0.023688876615136963
2020-03-06,2020,PERSIST,60,0.03471474703982769,-0.02793685675583868,-0.027864617986363267
2020-03-09,2020,PERSIST,60,0.03482314230874706,-0.024102406674789904,-0.023393753450052887
2020-03-10,2020,PERSIST,60,0.04750069041701188,-0.02288849640514895,-0.02233076329010818
2020-03-11,2020,PERSIST,60,0.05549420209828826,-0.02821082157984721,-0.02769315030882357
2020-03-12,2020,PERSIST,60,0.1071428571428572,-0.037915847162844546,-0.037920197003687414
2020-03-13,2020,PERSIST,60,0.13235294117647056,-0.05101295935416238,-0.050962665770268575
2020-03-16,2020,PULLBACK,60,0.16440422322775272,-0.09822512627949434,-0.10528102015839692
2020-03-17,2020,WEAK,60,0.1366863905325444,0.04609271304139523,0.044418444697054756
2020-03-18,2020,PULLBACK,60,0.16600910470409724,-0.11748059645407045,-0.11599260153127036
2020-03-19,2020,PULLBACK,60,0.15978293638830254,-0.11093729261036421,-0.11031251256619434
2020-03-20,2020,PULLBACK,60,0.153984962406015,-0.07980218309934055,-0.08557151174420338
2020-03-23,2020,PULLBACK,60,0.09605633802816915,-0.06343147002647528,-0.06994135522049519
2020-03-24,2020,PULLBACK,60,0.08192168841988345,-0.07401405576312182,-0.07366621298299549
2020-03-25,2020,PULLBACK,60,0.09669282511210753,-0.11877029272790918,-0.11862836805162923
2020-03-26,2020,PULLBACK,60,0.08654646324549242,-0.11223007103954026,-0.10852087617535063
2020-03-27,2020,PULLBACK,60,0.08673894912427027,-0.12436724890159441,-0.12325393521466035
2020-03-30,2020,PERSIST,60,0.09684621825286066,-0.0675006502337196,-0.06663122046440222
2020-03-31,2020,PERSIST,60,0.11298145506419388,-0.08147286164238488,-0.08086853493481053
2020-04-01,2020,PULLBACK,60,0.11089052750992634,-0.15162405227633988,-0.15383746214671662
2020-04-02,2020,PULLBACK,60,0.09212730318257956,-0.1367097549024677,-0.14225400743206676
2020-04-03,2020,PULLBACK,60,0.06049918610960381,-0.11682958152344279,-0.12087794167985418
2020-04-07,2020,PERSIST,60,0.07850672522646174,-0.07209498251928068,-0.07151857205287535
2020-04-08,2020,PERSIST,60,0.08374519494783095,-0.06931236311081886,-0.0682478595348848
2020-04-09,2020,PERSIST,60,0.06927465362673191,-0.07450484542482855,-0.07394341737656152
2020-04-10,2020,PERSIST,60,0.07156462585034018,-0.0717697152615659,-0.07127619671548205
2020-04-13,2020,PERSIST,60,0.06219578150351546,-0.07116052319769295,-0.0705295574983992
2020-04-14,2020,PERSIST,60,0.06329113924050622,-0.0840893298319514,-0.08387348855614787
2020-04-15,2020,PERSIST,60,0.06401944894651534,-0.07958622480529301,-0.07960146519059294
2020-04-16,2020,PERSIST,60,0.05826558265582649,-0.10316511850267551,-0.10223657827580662
2020-04-17,2020,PERSIST,60,0.07760044028618607,-0.09844979184174142,-0.09852823367664332
2020-04-20,2020,PERSIST,60,0.07267283614588993,-0.10582252376311987,-0.10506077734130967
2020-04-21,2020,PERSIST,60,0.10227889310906124,-0.10035644812421352,-0.10049895503811898
2020-04-22,2020,PERSIST,60,0.08594377510040174,-0.08135559213042257,-0.08143118096431298
2020-04-23,2020,PERSIST,60,0.09168671478214363,-0.05509803259898413,-0.055116526261214674
2020-04-24,2020,PERSIST,60,0.10682965718841353,-0.042002234920082065,-0.04180217141304816
2020-04-27,2020,PERSIST,60,0.1541565778853915,-0.045081137388096965,-0.044961364731375075
2020-04-28,2020,PERSIST,60,0.1322070260123358,-0.04414711953992935,-0.04400298611915286
2020-04-29,2020,PERSIST,60,0.13063304721030033,-0.050904578886626105,-0.0509152412273924
2020-04-30,2020,PERSIST,60,0.11552828175026675,-0.04550128605158909,-0.045534347139151596
2020-05-06,2020,PERSIST,60,0.12861736334405127,-0.052361483443539025,-0.052827980074763484
2020-05-07,2020,PERSIST,60,0.11602649006622512,-0.05514958784140838,-0.055210215845636915
2020-05-08,2020,PERSIST,60,0.14609437483337784,-0.044222667852374095,-0.04441172269054797
2020-05-11,2020,PERSIST,60,0.1582464581662657,-0.031118052082408233,-0.03150385386413894
2020-05-12,2020,PERSIST,60,0.1723035952063916,-0.03449780651453939,-0.03446078274776882
2020-05-13,2020,PERSIST,60,0.14925768822905616,-0.03631853245047078,-0.03638661813844272
2020-05-14,2020,PERSIST,60,0.13226820324777377,-0.03550591736109131,-0.035450680995290695
2020-05-15,2020,PERSIST,60,0.03512820512820514,-0.03693183255791356,-0.03696023165303343
2020-05-18,2020,PERSIST,60,0.05170630816959654,-0.029902873870585808,-0.030074630641379756
2020-05-19,2020,PERSIST,60,0.05987717502558865,0.05028792891380183,0.04969483892218636
2020-05-20,2020,PERSIST,60,0.05192802056555257,0.05447257825862202,0.05437714608240497
2020-05-21,2020,PERSIST,60,0.09256370254810187,0.04063010391012778,0.04024928463286158
2020-05-22,2020,PERSIST,60,0.09390402075226967,0.03283900676081506,0.03318532622538646
2020-05-25,2020,PERSIST,60,0.04957397366382654,0.03990353125624272,0.03923582960595674
2020-05-26,2020,PERSIST,60,0.06345903771131334,0.038533342432180345,0.03844414225980035
2020-05-27,2020,PERSIST,60,0.04987012987012984,0.04085106959291012,0.04051861872265349
2020-05-28,2020,PERSIST,60,0.05340938553279728,0.04591019478398795,0.04560526713799752
2020-05-29,2020,PERSIST,60,0.04663746457098705,0.04523243618800735,0.044237133239387605
2020-06-01,2020,PERSIST,60,0.05585585585585595,0.04143386897572117,0.041154573394981554
2020-06-02,2020,PERSIST,60,0.059709241952232706,0.04259390902843754,0.04218101184121115
2020-06-03,2020,PERSIST,60,0.08466579292267373,0.040225238924939816,0.040051214135669616
2020-06-04,2020,PERSIST,60,0.07906371911573462,0.02942424199437477,0.029470163608017373
2020-06-05,2020,PERSIST,60,0.09565447800741911,0.031443008571318085,0.03112928866742784
2020-06-08,2020,PERSIST,60,0.07698391774321123,0.032824543922364315,0.032802946641303225
2020-06-09,2020,PERSIST,60,0.06251634841747333,0.028550242534020918,0.02783986325669315
2020-06-10,2020,PERSIST,60,0.06113423517169614,0.030575678005157137,0.03014626777614542
2020-06-11,2020,PERSIST,60,0.05454545454545445,0.029574725192534984,0.02926965404290574
2020-06-12,2020,PERSIST,60,0.052072538860103545,0.03980007554515942,0.039188852230961996
2020-06-15,2020,PULLBACK,60,0.06845393024466428,0.07971517096634442,0.07962122218443825
2020-06-16,2020,PULLBACK,60,0.06663196251952108,0.06650246228267882,0.07039608628203749
2020-06-17,2020,PULLBACK,60,0.06264621783207702,0.07065686892824377,0.06865238857636842
2020-06-18,2020,PULLBACK,60,0.06802189210320564,0.06372248151031679,0.061963170096695455
2020-06-19,2020,PULLBACK,60,0.04780262143407854,0.06458508783150214,0.06406702960381538
2020-06-22,2020,PERSIST,60,0.04645790554414786,0.04749001975206168,0.04708676508882283
2020-06-23,2020,PERSIST,60,0.03935599284436497,0.04614444947950665,0.046005153669623725
2020-06-24,2020,PERSIST,60,0.04288996681133517,0.049125988454298726,0.04898963534411643
2020-06-29,2020,PERSIST,60,0.0176515732924023,0.04417170177537716,0.04403190758763397
2020-06-30,2020,PERSIST,60,0.012722646310432628,0.04578484412892858,0.04577733482914603
2020-07-01,2020,PERSIST,60,0.004870546013842736,0.044223899769000596,0.044075583159916824
2020-07-02,2020,PERSIST,60,-0.0038294613224405527,0.0464112564849771,0.04602138576581144
2020-07-03,2020,PERSIST,60,0.002556237218813928,0.04088015049415902,0.040778848055876435
2020-07-06,2020,PERSIST,60,0.015093374264517845,0.03790450540920533,0.03764384861193319
2020-07-07,2020,PERSIST,60,0.01425299058284546,0.028890303227733564,0.028795889507457456
2020-07-08,2020,PERSIST,60,0.003800354699772024,0.03040343755781092,0.030205808963669034
2020-07-09,2020,PERSIST,60,0.02108739837398388,0.026524331765384622,0.026354504546809206
2020-07-10,2020,PERSIST,60,0.018791264601320412,0.02550549122904243,0.0255267544311809
2020-07-13,2020,PERSIST,60,0.0005091649694501932,0.03488558071322395,0.03488735003997319
2020-07-14,2020,PERSIST,60,0.0,0.03621009900251501,0.03595551642393544
2020-07-15,2020,PERSIST,60,0.008377760853008454,0.03098140370131936,0.030906425233770574
2020-07-16,2020,PERSIST,60,0.012548015364916898,0.029170465550295795,0.029167613573966862
2020-07-17,2020,PERSIST,60,0.009703779366700749,0.027003971986700355,0.026988402220144262
2020-07-20,2020,PERSIST,60,0.00786602385181423,0.025577795783318123,0.02548437755373499
2020-07-21,2020,PERSIST,60,-0.021658872754122482,0.024732365090648013,0.02456492143375332
2020-07-22,2020,PERSIST,60,-0.025394477317554287,0.022563091054321555,0.022332065235700044
2020-07-23,2020,PERSIST,60,-0.03354554358472073,0.024164410406587875,0.024001011083996326
2020-07-24,2020,PERSIST,60,-0.04729891956782717,0.03497798330745683,0.034865927830725126
2020-07-27,2020,PERSIST,60,-0.07365967365967363,0.03582113818790481,0.03563522313795066
2020-07-28,2020,PERSIST,60,-0.07318806252960697,0.0303734059450649,0.030205312716584727
2020-07-29,2020,PERSIST,60,-0.07330960854092516,0.028771211666349453,0.029721786138143524
2020-07-30,2020,PERSIST,60,-0.06386032049748858,0.03246413968125731,0.032530810812250344
2020-07-31,2020,PERSIST,60,-0.06457739791073125,0.022763525670211348,0.023810565366807264
2020-08-03,2020,PERSIST,60,-0.057678613814383994,0.02332991598863786,0.022714900390883766
2020-08-04,2020,PERSIST,60,-0.08094905792044671,0.01899100850647918,0.01912137140925074
2020-08-05,2020,PERSIST,60,-0.0763904915762752,0.015800277257568232,0.015943757425184578
2020-08-06,2020,PERSIST,60,-0.08814175374829625,0.020826062530547057,0.020383499626519856
2020-08-07,2020,PERSIST,60,-0.11095732410611303,0.02962817637046078,0.029638787893857738
2020-08-10,2020,PERSIST,60,-0.10154984964145275,0.02051788002662594,0.020975978823244076
2020-08-11,2020,PERSIST,60,-0.04260589546693083,0.005626823550395702,0.006141003643202105
2020-08-12,2020,PERSIST,60,-0.04449360865290064,-0.04502532348030771,-0.043253093619193446
2020-08-13,2020,PERSIST,60,-0.05721873491067131,-0.061778120005987626,-0.059471947356452656
2020-08-14,2020,PERSIST,60,-0.05009775171065489,-0.056571144122359585,-0.056065698589417755
2020-08-17,2020,PERSIST,60,-0.08115183246073288,-0.06083965076986341,-0.05996938876008222
2020-08-18,2020,PERSIST,60,-0.08655442257529045,-0.0569268548232452,-0.0567063712412595
2020-08-19,2020,PERSIST,60,-0.0546125461254614,-0.043448879024633576,-0.042897318212839666
2020-08-20,2020,PERSIST,60,-0.058204940083150025,-0.041310434961776936,-0.03972953153508388
2020-08-21,2020,PULLBACK,60,-0.06679861454725389,-0.12674473018344087,-0.11951558655286725
2020-08-24,2020,PULLBACK,60,-0.08318976126015254,-0.11077414077561072,-0.11073628328208945
2020-08-25,2020,PULLBACK,60,-0.08493353028064998,-0.1111800510796467,-0.11575401546764788
2020-08-26,2020,PULLBACK,60,-0.09410043881033647,-0.10255900971919488,-0.10008832363663073
2020-08-27,2020,PULLBACK,60,-0.10436060754532084,-0.09538564229967461,-0.09320530949440904
2020-08-28,2020,PULLBACK,60,-0.12034799420009656,-0.10062777742521152,-0.10098554888510677
2020-08-31,2020,PULLBACK,60,-0.10821884791516023,-0.08114944676545638,-0.08176812261936144
2020-09-01,2020,PULLBACK,60,-0.09818621523579196,-0.08081270656159333,-0.07735353778681947
2020-09-02,2020,PULLBACK,60,-0.08151774785801713,-0.060244741223069075,-0.061659580937674006
2020-09-03,2020,PULLBACK,60,-0.07976366322008865,-0.059856597930580305,-0.054904284577459384
2020-09-04,2020,PULLBACK,60,-0.06962490806570232,-0.05392738528558483,-0.0514463301433496
2020-09-07,2020,PULLBACK,60,-0.06453201970443345,-0.06619446429017256,-0.06685149415026645
2020-09-08,2020,PULLBACK,60,-0.07756710169908887,-0.08265331999790768,-0.08179351517199587
2020-09-09,2020,PERSIST,60,-0.08794153471376376,0.00643203950272005,0.006122342663733078
2020-09-10,2020,PERSIST,60,-0.08687164470473396,-0.023435625480972763,-0.023469721067466164
2020-09-11,2020,PULLBACK,60,-0.08659491193737767,-0.05825772557187161,-0.057162933286584894
2020-09-14,2020,PULLBACK,60,-0.07711078574914587,-0.045280113264328854,-0.04109487732969438
2020-09-15,2020,PULLBACK,60,-0.06818739269070395,-0.013817151073610976,-0.010471794778196961
2020-09-16,2020,PULLBACK,60,-0.062055432916360065,-0.01037182096159046,-0.00798251274442981
2020-09-17,2020,PULLBACK,60,-0.04647160068846812,-0.016870545760092965,-0.016669788841203903
2020-09-18,2020,PULLBACK,60,-0.059975520195838405,-0.026180274641867635,-0.022689041067040647
2020-09-21,2020,PERSIST,60,-0.03921568627450989,-0.010215775945331886,-0.01060012761035216
2020-09-22,2020,PULLBACK,60,-0.0341708542713568,-0.05737900612258689,-0.057075495287725
2020-09-23,2020,WEAK,60,-0.021938775510204067,0.01099699963407014,0.0060160417148442235
2020-09-24,2020,WEAK,60,-0.006919528446950318,0.02852909763749244,0.00026860408452629957
2020-09-25,2020,PULLBACK,60,-0.017848036715961357,-0.053821983159475284,-0.04979383721162185
2020-09-28,2020,PULLBACK,60,-0.033014112903225756,-0.05148897394856627,-0.05529381874234643
2020-09-29,2020,PULLBACK,60,-0.02961104140526971,-0.027217164588171763,-0.02760050992565199
2020-09-30,2020,PULLBACK,60,-0.016405855628470523,-0.038227169240013244,-0.039300465745618546
2020-10-09,2020,PULLBACK,60,-0.023886538940034896,-0.052177809944442446,-0.04814383755895165
2020-10-12,2020,PULLBACK,60,-0.020189431704885186,-0.057551419946121445,-0.05711136860806232
2020-10-13,2020,PULLBACK,60,-0.010432569974554773,-0.0549260391546502,-0.05523556982076597
2020-10-14,2020,PULLBACK,60,-0.014690982776089156,-0.06980899893630782,-0.06726810972173451
2020-10-15,2020,PULLBACK,60,-0.06092648539778445,-0.061874409954912446,-0.062901210742671
2020-10-16,2020,PULLBACK,60,-0.046788062721294876,-0.05194233279924433,-0.05070338751100759
2020-10-19,2020,PULLBACK,60,-0.03818917551846235,-0.05273496438595622,-0.05366690191821184
2020-10-20,2020,PULLBACK,60,-0.04431017119838876,-0.05261903706859336,-0.05452861752754946
2020-10-21,2020,PULLBACK,60,-0.04603773584905668,-0.04997742949431278,-0.047072505978086446
2020-10-22,2020,WEAK,60,-0.053630154313179745,0.006572098512150806,0.0035386169337321936
2020-10-23,2020,WEAK,60,-0.039016974917658986,0.004718360687887738,-0.004537508483156238
2020-10-26,2020,WEAK,60,-0.04485887096774188,0.00835034085176753,0.009891905049595893
2020-10-27,2020,WEAK,60,-0.04051333668847512,-0.011612283322799498,-0.020042497225788887
2020-10-28,2020,WEAK,60,-0.026066956299514388,-0.030384665847985607,-0.033767597560934864
2020-10-29,2020,WEAK,60,-0.025345622119815725,-0.02195725593867112,-0.025636733982331586
2020-10-30,2020,START,60,-0.03014818599897806,0.025603251066365837,0.030913074779054136
2020-11-02,2020,START,60,-0.041370558375634525,0.024260216493756585,0.02880593311968958
2020-11-03,2020,START,60,-0.051133501259445935,0.019337015779956827,0.026264095937984497
2020-11-04,2020,WEAK,60,-0.04758289040749186,-0.011270986856410946,-0.00688095623160198
2020-11-05,2020,WEAK,60,-0.055972013993003444,-0.04014098130409886,-0.051587884005736245
2020-11-06,2020,START,60,-0.049576482311908365,0.02221955911834208,0.01856361167464814
2020-11-09,2020,WEAK,60,-0.02568759730150494,-0.044916360184310986,-0.05666679591474244
2020-11-10,2020,WEAK,60,-0.035530381050463467,-0.04395755661627425,-0.07361954504927484
2020-11-11,2020,WEAK,60,-0.047865459249676556,-0.028046793976727026,-0.012337968056830212
2020-11-12,2020,WEAK,60,-0.04605093902752766,0.013676413233765533,0.028514159825360236
2020-11-13,2020,WEAK,60,-0.041741357234314935,0.0053763889206899194,0.015009934750528522
2020-11-16,2020,WEAK,60,-0.03730383329045539,-0.009431036459516998,-0.005546045421157756
2020-11-17,2020,WEAK,60,-0.05594405594405594,-0.02197929424371252,-0.03390196214862297
2020-11-18,2020,WEAK,60,-0.05789200415368634,-0.012262299065304044,-0.01709551663291582
2020-11-19,2020,WEAK,60,-0.04657819411917763,-0.01105023619374227,-0.02249533465164611
2020-11-20,2020,WEAK,60,-0.038171903401713836,0.0005615226347335869,-0.009412079687886606
2020-11-23,2020,WEAK,60,-0.016702014846235347,-0.007109577145989074,-0.003246764667335738
2020-11-24,2020,WEAK,60,-0.011006711409395908,0.01611699505177413,0.006390514047190501
2020-11-25,2020,WEAK,60,-0.018025289211729967,0.01826526254090234,-0.00694573175277205
2020-11-26,2020,WEAK,60,-0.038751345532830994,0.015000179618798334,0.008942421074510779
2020-11-27,2020,WEAK,60,-0.03172866520787754,0.014735806673591187,0.007192935082128107
2020-11-30,2020,WEAK,60,-0.023626373626373653,0.04438181113378291,0.024677840996026913
2020-12-01,2020,WEAK,60,-0.04918918918918924,0.038411152563727846,0.02059354937169839
2020-12-02,2020,WEAK,60,-0.07026012335746845,0.03387723060819889,0.041148070679811896
2020-12-03,2020,WEAK,60,-0.06103411513859269,0.02994511331706192,0.025043560113986493
2020-12-04,2020,WEAK,60,-0.0666131621187801,0.03591226607423606,0.042453993754696565
2020-12-07,2020,WEAK,60,-0.0653491436100131,0.02334243863923126,0.02078671592278237
2020-12-08,2020,WEAK,60,-0.0629278567667193,0.012785612947552788,0.008005670111982943
2020-12-09,2020,WEAK,60,-0.051521623064602284,0.022915816907782133,0.018863480603292793
2020-12-10,2020,WEAK,60,-0.04567307692307698,0.018594528565102287,-0.011113034242061814
2020-12-11,2020,WEAK,60,-0.0454302512025655,0.01534333763806741,-0.009062917594691255
2020-12-14,2020,WEAK,60,-0.043920728441349755,0.00951913563520209,-0.009576566037449023
2020-12-15,2020,WEAK,60,-0.04494976203067158,0.005422822376846943,-0.021127144910854677
2020-12-16,2020,WEAK,60,-0.060542247959989415,-0.013703166770486967,-0.00567035520810244
2020-12-17,2020,WEAK,60,-0.0635460251046025,-0.012915621196600755,-0.024803798625490647
2020-12-18,2020,WEAK,60,-0.07916451779267664,-0.00711042476251042,-0.003132365498680241
2020-12-21,2020,START,60,-0.07109374999999996,-0.04610025812910497,-0.0696336709802094
2020-12-22,2020,START,60,-0.061224489795918324,-0.026978455131692683,-0.027324711986126033
2020-12-23,2020,START,60,-0.06841831425598333,-0.023772630759894747,-0.04417837140362716
2020-12-24,2020,START,60,-0.06624934793948878,-0.03490252692975125,-0.045248076754936375
2020-12-25,2020,START,60,-0.08180645161290323,-0.04095255813283675,-0.050795655786082264
2020-12-28,2020,START,60,-0.09112149532710279,-0.0017478788749129906,-0.00013240119512201998
2020-12-29,2020,START,60,-0.07792546260099042,-0.009550716057853001,-0.032344281530588936
2020-12-30,2020,START,60,-0.06826997672614421,-0.006587614837598184,-0.029983324588959415
2020-12-31,2020,START,60,-0.07441621760328443,-0.009139664747711485,-0.02479213040853216
2021-01-04,2021,START,60,-0.08182513382615353,-0.01495218696351926,-0.03647756367993571
2021-01-05,2021,START,60,-0.0852200457898753,-0.016379099381618276,-0.02552636701659743
2021-01-06,2021,START,60,-0.06376960658266906,-0.02925078565516376,-0.03800729629003417
2021-01-07,2021,START,60,-0.07069408740359895,-0.031118075189274605,-0.04339936157718617
2021-01-08,2021,START,60,-0.04021447721179627,-0.020074597517902817,-0.019272707140371506
2021-01-11,2021,START,60,-0.041124966834704235,-0.027265924752806016,-0.033075440730129496
2021-01-12,2021,START,60,-0.05390481199053376,-0.011746698788221807,-0.014696149513843071
2021-01-13,2021,START,60,-0.039778714436248586,-0.020844425636917036,-0.004810154429922935
2021-01-14,2021,WEAK,60,-0.031909282700421926,-0.030356243285105177,-0.0256718042836876
2021-01-15,2021,WEAK,60,-0.02566158781074579,-0.029495822975077836,-0.043215856316744634
2021-01-18,2021,WEAK,60,-0.035855523332454564,0.00042328623999388386,0.005624831565422022
2021-01-19,2021,WEAK,60,-0.028232189973614874,0.024643993634384895,0.0369565812006854
2021-01-20,2021,WEAK,60,-0.036978756884343045,-0.011636393475142403,-0.007411615968504634
2021-01-21,2021,START,60,-0.0419837313041197,0.010676969219754084,0.022857160382666646
2021-01-22,2021,WEAK,60,-0.04018912529550833,0.006969894639000148,0.019836772214324394
2021-01-25,2021,WEAK,60,-0.04214963119072701,0.010633843757684532,0.013721301774613573
2021-01-26,2021,WEAK,60,-0.029917924278527908,0.004910543303366807,0.0055557196703893835
2021-01-27,2021,WEAK,60,-0.03822670560127417,-0.0015897675315011068,-0.0028263117738853774
2021-01-28,2021,WEAK,60,-0.02630879617326598,-0.0012619366725746522,-0.0021914751388198983
2021-01-29,2021,WEAK,60,-0.01641079936474321,-0.0029541060701103274,-0.012282456019398393
2021-02-01,2021,WEAK,60,-0.023853211009174258,-0.0057505286608367815,-0.008648627862132063
2021-02-02,2021,WEAK,60,-0.006391478029294295,-0.02083898811371539,-0.017327149183109403
2021-02-03,2021,WEAK,60,-0.00560597971169241,-0.010480831238028227,-0.03580635899834125
2021-02-04,2021,WEAK,60,0.010597826086956363,-0.006041458746750507,-0.0077315453784162595
2021-02-05,2021,WEAK,60,0.0029665587918015213,0.008759077012604314,0.0018026028088238208
2021-02-08,2021,WEAK,60,0.010422234099412009,-0.008978246251675977,0.000593905546382039
2021-02-09,2021,WEAK,60,0.016301443078567512,0.0032793824790560942,0.01705345489541634
2021-02-10,2021,WEAK,60,0.04115226337448563,-0.006906667834924971,0.0022900160302679815
2021-02-18,2021,WEAK,60,0.04877376687792778,0.011604149298393686,0.014948736040786045
2021-02-19,2021,WEAK,60,0.04012008733624439,0.03705107241884035,0.04411466876029861
2021-02-22,2021,WEAK,60,0.035637149028077575,0.03598189023335184,0.036264772671319084
2021-02-23,2021,WEAK,60,0.021838770558101794,0.02571575957839685,0.03664004083429206
2021-02-24,2021,WEAK,60,0.0469598262757871,0.02600458385411924,0.03057723942111707
2021-02-25,2021,WEAK,60,0.04739726027397251,0.02908698103413414,0.03267373712152152
2021-02-26,2021,WEAK,60,0.07082866741321392,0.05009528067198282,0.04685342904930128
2021-03-01,2021,WEAK,60,0.08361581920903949,0.06143852965807249,0.054591144342234055
2021-03-02,2021,WEAK,60,0.0801913337084974,0.08179701522232784,0.10926668234296318
2021-03-03,2021,WEAK,60,0.08811824900511667,0.07033428660403085,0.0744019263720084
2021-03-04,2021,WEAK,60,0.09662532448802996,0.06400229459584698,0.07189453888929401
2021-03-05,2021,WEAK,60,0.05449900652852668,0.07738162672150792,0.08671820938182338
2021-03-08,2021,WEAK,60,0.07738607050730861,0.08427155105613962,0.08254593626203027
2021-03-09,2021,WEAK,60,0.07104595432760075,0.06427057788372233,0.07475443909698057
2021-03-10,2021,WEAK,60,0.0615341388030346,0.07056030132879873,0.08344487496837018
2021-03-11,2021,WEAK,60,0.06023079088094563,0.06025624504947217,0.06173988205825324
2021-03-12,2021,WEAK,60,0.06213266162888331,0.06730373079778508,0.08095522530494456
2021-03-15,2021,WEAK,60,0.04143337066069441,0.09059009649477574,0.08479267369699606
2021-03-16,2021,WEAK,60,0.041456582633053296,0.0757249220069311,0.09138914024507944
2021-03-17,2021,WEAK,60,0.016888150609080776,0.06438380934207018,0.06499487339262357
2021-03-18,2021,WEAK,60,0.015690669655365586,0.028358573929984733,0.03403996641866737
2021-03-19,2021,WEAK,60,0.009494554593689086,0.03527912215894424,0.04725452624213296
2021-03-22,2021,WEAK,60,0.019882385886306198,0.053223475812420935,0.07048900912506786
2021-03-23,2021,WEAK,60,0.020465377067563795,0.03580585038542072,0.0326081798575047
2021-03-24,2021,WEAK,60,0.012263099219620877,0.02868387634409612,0.03767487621011067
2021-03-25,2021,WEAK,60,0.011728567439262871,0.022293290950918896,0.02689484869691293
2021-03-26,2021,WEAK,60,0.010614525139664766,0.011299608781993806,0.01343963795172617
2021-03-29,2021,WEAK,60,0.017144463181562708,0.014477722048084809,0.011497682424081099
2021-03-30,2021,WEAK,60,0.027135104255926912,0.010574977695164713,0.013354697896991369
2021-03-31,2021,WEAK,60,0.020350480497456136,0.03677658215817867,0.033999907070079396
2021-04-01,2021,START,60,0.010269220094365705,0.02212218790709235,0.02835815508227688
2021-04-02,2021,START,60,0.012198502911006326,0.014524329477913218,0.036638470697746464
2021-04-06,2021,START,60,0.013603553581343686,0.011775734811463968,0.02024770059262492
2021-04-07,2021,START,60,0.022246941045606317,0.01470699172871483,0.009689677140835542
2021-04-08,2021,START,60,0.010711343037627108,0.003525525600901965,0.003616828774802787
2021-04-09,2021,START,60,0.019087136929460513,-0.0025237050478885033,0.0048157758695927776
2021-04-12,2021,START,60,0.03100558659217878,0.014631073732484876,0.008309693634308842
2021-04-13,2021,START,60,0.019369120088544634,-0.008796624303149939,-0.00605729220167411
2021-04-14,2021,START,60,0.023624235686492412,-0.004996739527397553,-0.006360259188263252
2021-04-15,2021,START,60,0.019204389574760006,-0.01097347092553283,-0.00973398641926088
2021-04-16,2021,START,60,0.013347861618087764,-0.020523910174017154,-0.010677215422716869
2021-04-19,2021,START,60,0.015089163237311354,-0.02251391762181871,-0.02219549583893581
2021-04-20,2021,START,60,0.01312551271534046,-0.028668093779471784,-0.03165119788543677
2021-04-21,2021,START,60,0.0005430355688298416,-0.03068269662390817,-0.035049075956532026
2021-04-22,2021,START,60,-0.0013616557734206225,-0.030911487852856162,-0.026664513102991873
2021-04-23,2021,START,60,0.006573541495480617,-0.02596338777721885,-0.0314093944177668
2021-04-26,2021,START,60,0.00738916256157629,-0.02045813947443799,-0.02461163164672675
2021-04-27,2021,START,60,0.010726072607260662,-0.024509077705116754,-0.030087100960095533
2021-04-28,2021,START,60,0.008460698689956248,-0.011485171533627561,-0.010711933269348078
2021-04-29,2021,START,60,0.025117306099917025,-0.002123000233961128,-0.01288878441494331
2021-04-30,2021,START,60,0.015556768558951939,-0.013720794797224382,-0.01199805637464333
2021-05-06,2021,START,60,-0.008342303552206665,-0.018636509819067344,-0.011632814300610184
2021-05-07,2021,START,60,-0.011278195488721887,-0.019104716036524225,-0.01832530823678969
2021-05-10,2021,START,60,-0.013133208255159512,-0.03612532175445495,-0.034974521444042686
2021-05-11,2021,START,60,-0.009664429530201302,-0.04434708920992783,-0.050416509538583704
2021-05-12,2021,PERSIST,60,-0.01425114278031725,0.007850810803600894,0.007066461002907004
2021-05-13,2021,PERSIST,60,-0.04409787577305724,0.005624996155376566,0.006062422956412249
2021-05-14,2021,PERSIST,60,-0.05924358635281679,-0.0036128506432481187,-0.0043123311878282625
2021-05-17,2021,PERSIST,60,-0.06863002892453329,-0.004943999970068717,-0.0049025088141210725
2021-05-18,2021,PERSIST,60,-0.05797101449275355,-0.004242947235774133,-0.004327842189934549
2021-05-19,2021,PERSIST,60,-0.057015239096164017,-0.00836685138962344,-0.00913238043563705
2021-05-20,2021,PERSIST,60,-0.046182104434531634,-0.006617609153783982,-0.006954331432833272
2021-05-21,2021,PERSIST,60,-0.049791449426485834,-0.007319587788318909,-0.008369337369644412
2021-05-24,2021,PERSIST,60,-0.034828496042216384,-0.0069564930325957015,-0.007740552584352469
2021-05-25,2021,PERSIST,60,-0.05289084780917819,-0.006255381509480523,-0.0066420735395622856
2021-05-26,2021,PERSIST,60,-0.04472927020664397,-0.014136955882097537,-0.014161634811420491
2021-05-27,2021,PERSIST,60,-0.04941176470588238,-0.01491934047114165,-0.014514146877023749
2021-05-28,2021,PERSIST,60,-0.04144942648592276,-0.014491450810260799,-0.015066264204971877
2021-05-31,2021,PERSIST,60,-0.043500911695754096,0.012045575540393176,0.011961458529068946
2021-06-01,2021,PERSIST,60,-0.04493207941483801,0.011247744230260514,0.011495201018878668
2021-06-02,2021,PERSIST,60,-0.03603366649132034,0.017367184320287395,0.018237099367796942
2021-06-03,2021,PERSIST,60,-0.0024226110363391173,0.012123539198002707,0.01125880021730671
2021-06-04,2021,PERSIST,60,-0.01862197392923648,0.02282844806440152,0.02206442499544851
2021-06-07,2021,PERSIST,60,-0.02869176098973414,0.019366416484508073,0.022740326035871096
2021-06-08,2021,PERSIST,60,-0.023557437797776637,0.01868333929941477,0.019978510620049385
2021-06-09,2021,PERSIST,60,-0.023360764534112066,0.02136504619256408,0.0215192033475922
2021-06-10,2021,PERSIST,60,-0.022397891963109373,0.02206792211330811,0.02284019554946018
2021-06-11,2021,PERSIST,60,-0.0024193548387098085,0.022755063735654297,0.022930646058625534
2021-06-15,2021,PULLBACK,60,-0.015868746637977438,0.00011764042757456648,0.006252149639428552
2021-06-16,2021,PULLBACK,60,-0.009528995371630877,0.0020723568797506964,0.009299680243486496
2021-06-17,2021,PULLBACK,60,0.006068965517241232,-0.007427078982500425,-0.0009077478953333886
2021-06-18,2021,PULLBACK,60,0.006915629322268302,-0.007107573180608653,-0.010107165730974334
2021-06-21,2021,PULLBACK,60,-0.0002745744096649405,0.011615903714733651,0.019033195324639936
2021-06-22,2021,PULLBACK,60,0.00659340659340657,0.02099059170313349,0.027740861074271646
2021-06-23,2021,PULLBACK,60,0.0019273127753303143,0.010819484240268332,0.014274209451570897
2021-06-24,2021,PULLBACK,60,-0.007452387524151338,0.017133384680981387,0.021245344589947503
2021-06-25,2021,PULLBACK,60,0.003869541182974112,0.009383311185490096,0.008997763481295516
2021-06-28,2021,PULLBACK,60,-0.0019342359767892114,0.0060989593900281705,0.010054917562431563
2021-06-29,2021,PULLBACK,60,-0.0050055617352614545,0.013147140523477978,0.018212981315367
2021-06-30,2021,PULLBACK,60,-0.005540166204986208,0.02853157764956696,0.03122392641275884
2021-07-01,2021,PULLBACK,60,-0.016483516483516536,0.0142086951041104,0.017494551939262283
2021-07-02,2021,PULLBACK,60,-0.02629416598192269,-0.0043083984860351615,0.0035852992930214926
2021-07-05,2021,PULLBACK,60,-0.027663653793481235,0.002280986074282832,0.0074191059973233945
2021-07-06,2021,PULLBACK,60,-0.02611534276387384,0.006271019765980012,0.00960752506587596
2021-07-07,2021,PULLBACK,60,-0.02527173913043479,0.007011988150394856,0.014786314508364946
2021-07-08,2021,PULLBACK,60,-0.028230184581976125,-0.007216575624834333,-0.004052729576667368
2021-07-09,2021,PULLBACK,60,-0.027092928745597322,-0.0030148939315601223,0.0010902070025047787
2021-07-12,2021,PULLBACK,60,-0.013843648208469062,0.004033670004839729,0.007167162981227197
2021-07-13,2021,PULLBACK,60,-0.011403746945424897,-0.012985011008801938,-0.012091302922220003
2021-07-14,2021,PULLBACK,60,-0.03337819650067286,-0.007269285882523728,-0.002922705175900344
2021-07-15,2021,PERSIST,60,-0.03655913978494629,0.020516099355204837,0.02130110594827788
2021-07-16,2021,PERSIST,60,-0.03405405405405415,0.017821185457334212,0.01878987976306843
2021-07-19,2021,PERSIST,60,-0.02941970310391362,0.018556163614054686,0.01880275887626034
2021-07-20,2021,PERSIST,60,-0.02279511533242884,0.017247693832081655,0.016879201794063096
2021-07-21,2021,PERSIST,60,-0.016634851377147486,0.01967256693260342,0.020291958970036675
2021-07-22,2021,START,60,-0.01224489795918371,0.01654554579006312,0.026935306034647725
2021-07-23,2021,PERSIST,60,-0.0230915512089106,0.013030069873035243,0.013755110483337451
2021-07-26,2021,PERSIST,60,-0.017687074829931926,0.014529251058673386,0.015518924885640537
2021-07-27,2021,PERSIST,60,-0.019485791610284076,0.01741668282699154,0.018954075809442864
2021-07-28,2021,PERSIST,60,-0.03231017770597744,0.010476143782158089,0.011843962440433196
2021-07-29,2021,PERSIST,60,-0.031174415479709783,0.010951428882655248,0.011501047202869614
2021-07-30,2021,PERSIST,60,-0.023066485753052923,0.015152247006216065,0.01606917797729577
2021-08-02,2021,START,60,-0.027430744160782172,0.008923511513237278,0.02294202404854657
2021-08-03,2021,START,60,-0.017925040738728915,0.013826143316802576,0.016520363693982652
2021-08-04,2021,START,60,-0.004337218758471151,0.01588959933509487,0.027301849984658434
2021-08-05,2021,START,60,0.002454991816693841,0.0191591714508857,0.03275064785542386
2021-08-06,2021,WEAK,60,0.033755274261603185,0.010460470982523846,0.013254417492954182
2021-08-09,2021,WEAK,60,0.04470059038515606,0.013957568682294062,0.018121499326672785
2021-08-10,2021,WEAK,60,0.05307735742518349,0.034366854595470446,0.03877363570020135
2021-08-11,2021,WEAK,60,0.04307692307692301,0.028187567037160514,0.03979524665073672
2021-08-12,2021,WEAK,60,0.040401225968236254,0.024410827383476486,0.0363888672526268
2021-08-13,2021,WEAK,60,0.022558459422283406,0.0073061606385444455,0.021913020728366938
2021-08-16,2021,WEAK,60,0.026063100137174278,-0.0032940489443601525,0.012135416557683916
2021-08-17,2021,WEAK,60,0.020776380535811878,0.013922685663282957,0.02338562841497383
2021-08-18,2021,WEAK,60,0.014508623049548364,0.006163170111801272,0.02031293350200269
2021-08-19,2021,WEAK,60,-0.00027382256297925345,0.0036866623504876626,0.01028612625747849
2021-08-20,2021,WEAK,60,-0.005775577557755707,0.004352496907999668,0.00951336045976306
2021-08-23,2021,WEAK,60,-0.017133532771280935,0.003058163214675718,0.011124574783728268
2021-08-24,2021,START,60,-0.016067538126361747,0.014302189998317671,0.02171235328701459
2021-08-25,2021,WEAK,60,-0.010393873085339234,-0.022898035708486357,-0.022408309162918395
2021-08-26,2021,WEAK,60,-0.019918144611186905,-0.01455420089384416,-0.02018993371827066
2021-08-27,2021,WEAK,60,-0.03615758229897459,-0.011464984240390354,-0.010150320247542817
2021-08-30,2021,START,60,-0.029005150447275696,-0.006683753983413687,0.005714656723207133
2021-08-31,2021,START,60,-0.03468834688346889,-0.00528749530048842,0.0021365629713194006
2021-09-01,2021,START,60,-0.027920845757657964,-0.0038370184755934303,-0.0019240950527957476
2021-09-02,2021,START,60,-0.02609404729546061,-0.0062929946834964995,-0.00047310424955289074
2021-09-03,2021,START,60,-0.03315363881401612,-0.0012939009070311869,0.0010429571150218381
2021-09-06,2021,START,60,-0.03583939638911349,0.041828585015242364,0.04911637318146996
2021-09-07,2021,START,60,-0.021317299808690904,0.025007717398402185,0.03226490769733821
2021-09-08,2021,START,60,-0.014293567894447468,0.02083064487349187,0.025672369164221318
2021-09-09,2021,START,60,-0.01508088840142574,0.008986303671040759,0.017876641553654232
2021-09-10,2021,PERSIST,60,-0.021428571428571463,0.005185676840351423,0.005953231153335141
2021-09-13,2021,PERSIST,60,-0.018676187860477866,0.009213121448647887,0.010205855330700522
2021-09-14,2021,PULLBACK,60,-0.013373362445414871,-0.024476792795902244,-0.02220131976354585
2021-09-15,2021,PULLBACK,60,-0.004396812311074361,-0.02216405642983584,-0.02126859278918466
2021-09-16,2021,WEAK,60,0.0016685205784203738,-0.01120218018598806,-0.004773844637609076
2021-09-17,2021,WEAK,60,-0.009911894273127775,0.0069706111429098175,0.008911868996280964
2021-09-22,2021,PULLBACK,60,0.00221483942414169,-0.020247956788249522,-0.014846452114001502
2021-09-23,2021,WEAK,60,0.01621017328116281,0.0066924351410623355,0.016033471382309136
2021-09-24,2021,PULLBACK,60,0.012813370473537589,-0.023828435278272393,-0.025586443033540372
2021-09-27,2021,WEAK,60,0.013966480446927276,0.0023794669308202752,0.014106585647692068
2021-09-28,2021,WEAK,60,0.018002812939521773,0.013205549846717454,0.029922472906504884
2021-09-29,2021,WEAK,60,0.019154929577464896,0.018666634726966207,0.017462683194833156
2021-09-30,2021,WEAK,60,0.018715083798882537,0.001497756326093981,0.007172190125278697
2021-10-08,2021,WEAK,60,0.00864231948703642,0.006709984554610748,0.009272250727721705
2021-10-11,2021,WEAK,60,0.01452513966480451,0.00418596886031054,0.0008598128443221865
2021-10-12,2021,WEAK,60,0.010025062656641381,-0.002736506189775341,-0.016468778453489288
2021-10-13,2021,WEAK,60,-0.009633911368015502,0.003695903411516495,0.007943597011622408
2021-10-14,2021,WEAK,60,-0.011260642680582245,-0.008059226348454542,-0.00895450069234214
2021-10-15,2021,WEAK,60,0.009746588693956948,-0.01554015997257567,-0.011534900309475488
2021-10-18,2021,WEAK,60,0.01813616071428581,-0.015587838862048082,-0.026302819475146594
2021-10-19,2021,WEAK,60,0.021544487968662596,-0.000993793994227974,-0.007592178260080615
2021-10-20,2021,WEAK,60,0.014182424916573844,-0.008994623019410179,-0.003996728995321518
2021-10-21,2021,WEAK,60,0.009441821716189791,-0.007418665457953683,-0.0032405837668872256
2021-10-22,2021,WEAK,60,0.009706045479755954,-0.017977237446752507,-0.017679227224058985
2021-10-25,2021,WEAK,60,-0.0008264462809918216,-0.026242637922841823,-0.018442214036666967
2021-10-26,2021,START,60,0.02280311457174644,-0.022207605609581252,-0.026612080401545682
2021-10-27,2021,WEAK,60,0.016343490304709274,-0.009089217767183626,-0.012105738956634915
2021-10-28,2021,START,60,0.01021253105161457,-0.02194128934799975,-0.02169290569635874
2021-10-29,2021,START,60,0.0208681135225377,-0.01708659404945367,-0.006582725696268062
2021-11-01,2021,START,60,0.01941747572815533,-0.014247593813772844,-0.017885121468480022
2021-11-02,2021,START,60,0.006111111111110956,-0.007201750319215643,-0.002150896210888667
2021-11-03,2021,START,60,0.003071767662664149,-0.020415320011708538,-0.01843517255421914
2021-11-04,2021,START,60,0.0011061946902655162,-0.013644430666677136,-0.017761825681568016
2021-11-05,2021,START,60,-0.009256738361012817,-0.02249846446004931,-0.01718742683852344
2021-11-08,2021,START,60,-0.005986394557823127,-0.031796779997939874,-0.02930804421778209
2021-11-09,2021,PERSIST,60,-0.0019047619047618536,0.006581723186845814,0.006856444998552123
2021-11-10,2021,PERSIST,60,-0.01668460710441344,0.0013356885286824778,0.0009513242420192865
2021-11-11,2021,PERSIST,60,-0.00428954423592498,-0.000280219603845399,-0.0012922400665201922
2021-11-12,2021,PERSIST,60,0.00026816840976140455,0.0037768325175650715,0.0038525820540740684
2021-11-15,2021,PERSIST,60,-0.010712372790573133,-0.0030637426580788635,-0.003750177012424298
2021-11-16,2021,PERSIST,60,-0.0013451708366962745,-0.008252798110009993,-0.009301303631557841
2021-11-17,2021,PERSIST,60,0.008288770053475947,-0.005119788672789217,-0.0058193352471127
2021-11-18,2021,PERSIST,60,0.00776647027316546,-0.005727520618112629,-0.006560463735076898
2021-11-19,2021,PERSIST,60,0.02320561252023734,-0.006386397602668735,-0.006940550305536433
2021-11-22,2021,PERSIST,60,0.03615447822514373,-0.003167120007624629,-0.0032659163027605534
2021-11-23,2021,START,60,0.04979253112033177,-0.050730312762047994,-0.06696899671133191
2021-11-24,2021,START,60,0.051466519092418395,-0.03696320487744846,-0.04779966350988721
2021-11-25,2021,WEAK,60,0.05120398560752837,-0.02941405450258283,-0.020558617831209443
2021-11-26,2021,START,60,0.043946932006633466,-0.0338222339981225,-0.027760953000479968
2021-11-29,2021,START,60,0.06514476614699327,-0.013582889974517733,0.0009395099856190185
2021-11-30,2021,WEAK,60,0.07222844344904811,-0.019478343910531718,-0.021755096287471173
2021-12-01,2021,START,60,0.0748185371300949,-0.00576903134000209,-0.003565440664452916
2021-12-02,2021,WEAK,60,0.1052779337450871,-0.006291938305022289,-0.0024442207754125714
2021-12-03,2021,WEAK,60,0.09509202453987742,0.005517716162214189,0.0033502103172161485
2021-12-06,2021,WEAK,60,0.12922132291375954,-0.008093072312022068,-0.0007361646578891573
2021-12-07,2021,WEAK,60,0.08447170337329246,-0.015660767600991297,-0.0023344946648426387
2021-12-08,2021,WEAK,60,0.10257126886528778,-0.021934006548353143,-0.016672089242931978
2021-12-09,2021,WEAK,60,0.09494554593688909,-0.013064513380206203,-0.006742171023499541
2021-12-10,2021,WEAK,60,0.0814277746793084,-0.01839192467185809,-0.013262051588130666
2021-12-13,2021,WEAK,60,0.06458797327394206,-0.015943401171511527,-0.0163695238492098
2021-12-14,2021,WEAK,60,0.07523862998315556,-0.023572876488365244,-0.020922582667549115
2021-12-15,2021,WEAK,60,0.08032465715085357,-0.023141503019118607,-0.02492438071815429
2021-12-16,2021,WEAK,60,0.06196403872752421,-0.018433402964112888,-0.022903045968723085
2021-12-17,2021,WEAK,60,0.06375931548440517,-0.028594283586295555,-0.016294248307235214
2021-12-20,2021,WEAK,60,0.06635202665186024,-0.034749055016974145,-0.023724644092177317
2021-12-21,2021,PULLBACK,60,0.08036707452725245,-0.023543023620602625,-0.026430829205353158
2021-12-22,2021,WEAK,60,0.08066298342541423,-0.028123613069181614,-0.030919742184885468
2021-12-23,2021,PERSIST,60,0.07425742574257432,0.00868654951490931,0.008092211435209516
2021-12-24,2021,PERSIST,60,0.06160616061606161,0.00827708332968708,0.009068404455269543
2021-12-27,2021,PERSIST,60,0.05785123966942152,0.005536118497473678,0.00591300073163218
2021-12-28,2021,PERSIST,60,0.06189555125725321,0.001373044518389521,0.0011001446074250278
2021-12-29,2021,PERSIST,60,0.06412382531785532,0.003603898988168045,0.004046389419276177
2021-12-30,2021,PERSIST,60,0.05346860433232803,0.001277862109686851,0.0008578996892426929
2021-12-31,2021,PERSIST,60,0.06080707573244881,-0.0034534762150905535,-0.003441330159960235
2022-01-04,2022,PERSIST,60,0.06222466960352424,-0.005646091297317319,-0.005640524446370185
2022-01-05,2022,PERSIST,60,0.07113316790736146,-0.008552574212275484,-0.008551232453614381
2022-01-06,2022,PERSIST,60,0.084213451917732,-0.005640434856394653,-0.0056368885532303535
2022-01-07,2022,START,60,0.08722222222222231,-0.03355487301779346,-0.0400067528250477
2022-01-10,2022,START,60,0.08659680088251509,-0.03418276336563851,-0.030467863244664422
2022-01-11,2022,PERSIST,60,0.07919978076185252,-0.012809672254795748,-0.012805738891159477
2022-01-12,2022,PERSIST,60,0.08545603944124913,-0.008555303853652243,-0.00854349064350227
2022-01-13,2022,PERSIST,60,0.0800658075130245,-0.013265501691533569,-0.013259694251730788
2022-01-14,2022,PERSIST,60,0.07207702888583212,-0.010395760513108008,-0.010394988367562849
2022-01-17,2022,PERSIST,60,0.07690195001373246,-0.004344908914052682,-0.004341982028083394
2022-01-18,2022,PERSIST,60,0.08657292528260263,-0.005304982484103398,-0.005303914711595217
2022-01-19,2022,PERSIST,60,0.06688417618270792,-0.010242522749026681,-0.010242350643374743
2022-01-20,2022,PERSIST,60,0.061869719269555645,0.00892764692326218,0.008931986093010161
2022-01-21,2022,PERSIST,60,0.06530054644808736,0.015186779838985547,0.015193783679886986
2022-01-24,2022,PERSIST,60,0.05505587353502306,0.01662435115660634,0.016624667983669853
2022-01-25,2022,PERSIST,60,0.07129251700680284,0.014724390306105709,0.014726129489232383
2022-01-26,2022,PERSIST,60,0.08393152954168981,0.018155451813888737,0.018160808152554855
2022-01-27,2022,PULLBACK,60,0.08574610244988867,-0.03289032133577633,-0.03220643356478753
2022-01-28,2022,PULLBACK,60,0.08895027624309404,-0.020154659033693727,-0.021905048303552183
2022-02-07,2022,WEAK,60,0.07694421544380337,0.014346775705516443,0.02191480774499988
2022-02-08,2022,START,60,0.06022447303586098,0.007182367450468771,0.014636522864220791
2022-02-09,2022,START,60,0.06842966194111222,0.0032977902954319073,0.010788462294627862
2022-02-10,2022,START,60,0.06349206349206349,0.0016300888093841916,0.0072624015800958
2022-02-11,2022,START,60,0.043887991383952496,0.009912634713020176,0.015308584542163975
2022-02-14,2022,START,60,0.03806970509383367,-0.006954056866818289,-0.006586467198783527
2022-02-15,2022,PERSIST,60,0.03979426096372496,0.018492686318949177,0.01850210446448871
2022-02-16,2022,START,60,0.037715517241379226,-0.015844296090696625,-0.006735753285450405
2022-02-17,2022,PERSIST,60,0.026252983293556076,0.022995653438017592,0.023002376057202793
2022-02-18,2022,PERSIST,60,0.029763486579856613,0.02246462223380074,0.022473784791249594
2022-02-21,2022,PERSIST,60,0.021097046413502074,0.02415826192210539,0.02416028987651835
2022-02-22,2022,PERSIST,60,0.02881311128733799,0.013086165620493246,0.013087236731642023
2022-02-23,2022,PERSIST,60,0.02450592885375502,0.012929292263315014,0.012940531635109519
2022-02-24,2022,PERSIST,60,0.02973684210526306,0.01029272857981673,0.010292335721653745
2022-02-25,2022,PERSIST,60,0.025013164823591394,0.01856215816302824,0.018584201509120317
2022-02-28,2022,PERSIST,60,0.025416997617156545,0.015459217024571748,0.015444852852779823
2022-03-01,2022,PERSIST,60,0.005227391531625658,0.013056506110212421,0.013064101185197897
2022-03-02,2022,PERSIST,60,0.01201044386422967,0.006902065315879674,0.006905169392008465
2022-03-03,2022,PERSIST,60,0.004415584415584428,0.003946130260196381,0.003965385046298056
2022-03-04,2022,PERSIST,60,-0.022098044196088296,-0.008144046254725913,-0.008140631051811426
2022-03-07,2022,PERSIST,60,-0.014514896867838023,-0.008773628204586527,-0.008769852296144446
2022-03-08,2022,PERSIST,60,-0.038309441423628354,-0.0025474001143984864,-0.0025400587917862555
2022-03-09,2022,PERSIST,60,-0.005141388174807249,-0.003306553565185501,-0.0032772306585050095
2022-03-10,2022,PERSIST,60,-0.0012674271229403677,0.01695538029700895,0.016958980774357743
2022-03-11,2022,PERSIST,60,-0.014282070900280441,0.005665630188676742,0.005661914023809648
2022-03-14,2022,PERSIST,60,-0.011861784424961441,0.008371163400552146,0.008366703660783572
2022-03-15,2022,PERSIST,60,0.004968619246861872,0.0151860270537009,0.015185584162265887
2022-03-16,2022,PERSIST,60,0.010182767624020927,0.006123710778692436,0.006117892521378121
2022-03-17,2022,PERSIST,60,0.002072538860103723,-0.0017936448211897148,-0.0017923041008383565
2022-03-18,2022,PERSIST,60,0.005209690023443514,0.010983980214855787,0.010998807635978405
2022-03-21,2022,PERSIST,60,-0.0018162947586922717,0.014810026830084349,0.014812024434298084
2022-03-22,2022,PERSIST,60,0.004686279614683597,0.0161567275496226,0.01615335295523393
2022-03-23,2022,PERSIST,60,-0.01621621621621616,0.0237271481690521,0.02373319455787
2022-03-24,2022,PERSIST,60,-0.017893660531697275,0.018967234332125747,0.018969334752566635
2022-03-25,2022,PERSIST,60,-0.01817716333845365,0.019418764915626455,0.019423530684319686
2022-03-28,2022,PERSIST,60,-0.007772020725388518,0.02001881626058471,0.02001497986357557
2022-03-29,2022,PERSIST,60,-0.0033854166666666963,0.018405448430370557,0.018394122528136558
2022-03-30,2022,PERSIST,60,-0.011709601873536313,0.02129475703541089,0.021286325503983627
2022-03-31,2022,PERSIST,60,-0.014545454545454528,0.02247133443396388,0.02248584602096408
2022-04-01,2022,PERSIST,60,-0.011192087454450883,0.01603562244288692,0.016037223457557762
2022-04-06,2022,PULLBACK,60,-0.027357998957790564,-0.00029853683978379314,-0.00111320276680255
2022-04-07,2022,PULLBACK,60,-0.04613789528252976,0.016110790795645324,0.014993542789073956
2022-04-08,2022,PULLBACK,60,-0.05534105534105527,0.01521577069368852,0.014937696852334906
2022-04-11,2022,PULLBACK,60,-0.06049730838246603,0.008802310827742804,0.00821146386804928
2022-04-12,2022,PULLBACK,60,-0.06642820643842617,0.016170110581582353,0.016012649425486754
2022-04-13,2022,PERSIST,60,-0.07258883248730963,0.006422967972038755,0.006420603713896498
2022-04-14,2022,PERSIST,60,-0.07084814626714075,-0.0010552327942296366,-0.0010586173276587
2022-04-15,2022,PERSIST,60,-0.0827655816300783,-0.007373195318853778,-0.007377059197638782
2022-04-18,2022,PERSIST,60,-0.07692307692307687,-0.008718123356515357,-0.008717392265992734
2022-04-19,2022,PERSIST,60,-0.07031049525275845,-0.005273396392973606,-0.005271711565766385
2022-04-20,2022,PERSIST,60,-0.07472583524611065,-0.003599533852145429,-0.0036023338469768768
2022-04-21,2022,PERSIST,60,-0.08525754884547065,-0.01110058910264827,-0.011107119322072374
2022-04-22,2022,PERSIST,60,-0.07059123343527018,-0.013587031943286604,-0.013581654080910912
2022-04-25,2022,PERSIST,60,-0.06160164271047219,-0.006782649020295278,-0.0067751549874735875
2022-04-26,2022,PULLBACK,60,-0.060528340600153885,0.0017312311385252288,0.0009016817751611168
2022-04-27,2022,PERSIST,60,-0.054507879101007406,-0.00777833512465358,-0.0077783396013760935
2022-04-28,2022,PERSIST,60,-0.062484124968249954,-0.00766557893072352,-0.007665969027698016
2022-04-29,2022,PERSIST,60,-0.05145185939887931,-0.014795503177753626,-0.014787587012924272
2022-05-05,2022,PERSIST,60,-0.03923076923076929,-0.015936737240754135,-0.015929298478596258
2022-05-06,2022,PERSIST,60,-0.038559107052257735,-0.016303588433517174,-0.016309137157349753
2022-05-09,2022,PERSIST,60,-0.04541974993620823,-0.015720663464109046,-0.01572228689513249
2022-05-10,2022,PERSIST,60,-0.031241931319390792,-0.012898502670558126,-0.012902521614207794
2022-05-11,2022,PERSIST,60,-0.033171727481500324,-0.010988496107667237,-0.010990047270231363
2022-05-12,2022,PERSIST,60,-0.03216675244467315,-0.016255030789743562,-0.016255095683610405
2022-05-13,2022,PULLBACK,60,-0.02347175651276756,0.0086961454376107,0.009022165984463796
2022-05-16,2022,PULLBACK,60,-0.019369834710743716,-0.000545809074503632,-0.002835660074785888
2022-05-17,2022,PULLBACK,60,-0.014839885446498391,0.0007551139938139981,0.000369193571939137
2022-05-18,2022,PULLBACK,60,-0.01791277258566981,0.00814646646395469,0.008344367317148063
2022-05-19,2022,PULLBACK,60,-0.016537467700258435,0.0015666034391985176,0.001339941314367679
2022-05-20,2022,PULLBACK,60,-0.02219354838709675,-0.00080069498732543,-0.0012570289185101936
2022-05-23,2022,PULLBACK,60,-0.022985537190082672,-0.006604997094260052,-0.007657067658287697
2022-05-24,2022,PULLBACK,60,-0.033401849948612505,-0.014293307662374695,-0.013241795030891096
2022-05-25,2022,PULLBACK,60,-0.03395061728395066,-0.008085735857553254,-0.006476362884852659
2022-05-26,2022,PULLBACK,60,-0.040889343214924545,-0.030313294519729368,-0.03038323026320106
2022-05-27,2022,PERSIST,60,-0.03416388389416902,-0.0014361891221813042,-0.0014270743017261792
2022-05-30,2022,PULLBACK,60,-0.025561580170410547,-0.023757016479320596,-0.022690463894043996
2022-05-31,2022,PULLBACK,60,-0.013260530421216887,-0.028271222643187606,-0.028886408523155147
2022-06-01,2022,PULLBACK,60,-0.02089783281733748,-0.030225308621868747,-0.030108822560496948
2022-06-02,2022,PULLBACK,60,-0.028963020429273345,-0.02911461838342221,-0.030002932705500706
2022-06-06,2022,PULLBACK,60,-0.017142857142857237,-0.036407461558792036,-0.03552538400834088
2022-06-07,2022,WEAK,60,-0.026098191214470323,-0.031547326877374646,-0.03189351679084366
2022-06-08,2022,WEAK,60,-0.03957851452068872,-0.04683170961690396,-0.04347535224242166
2022-06-09,2022,WEAK,60,-0.03875968992248058,-0.05855887331798788,-0.06015398011085531
2022-06-10,2022,WEAK,60,-0.048223350253807085,-0.02464614258359752,-0.027275837712548698
2022-06-13,2022,START,60,-0.023027166882276906,-0.02604057454241407,-0.024577762025549836
2022-06-14,2022,START,60,-0.020354906054279698,-0.031886679834897146,-0.023042356075786558
2022-06-15,2022,PULLBACK,60,-0.014832162373145996,-0.03989285067908509,-0.04106124796864539
2022-06-16,2022,PERSIST,60,-0.023003360041354504,0.0015549750973208633,0.001560169611485373
2022-06-17,2022,PERSIST,60,-0.022233712512926496,0.002887356536244617,0.0028927268383560044
2022-06-20,2022,PULLBACK,60,-0.024099507644467444,-0.045523413192705385,-0.04391672751301912
2022-06-21,2022,PULLBACK,60,-0.02469456719521712,-0.028546416329670497,-0.02964772886087337
2022-06-22,2022,WEAK,60,-0.03394661829489498,-0.018191550404864212,-0.02036438619556031
2022-06-23,2022,PULLBACK,60,-0.02197802197802201,-0.035921988955803806,-0.035919491694400105
2022-06-24,2022,WEAK,60,-0.021603331598125997,-0.013891854565872986,-0.018790363396821615
2022-06-27,2022,WEAK,60,-0.022164276401564487,-0.02514814148924704,-0.031277301677851865
2022-06-28,2022,WEAK,60,-0.020365535248041855,-0.027781328540906664,-0.01871686460360572
2022-06-29,2022,WEAK,60,-0.015155474261823842,-0.012896831124488018,-0.012643638801186609
2022-06-30,2022,WEAK,60,-0.01579778830963663,-0.011711033333418448,-0.014398218381340692
2022-07-01,2022,WEAK,60,-0.016341591987348414,-0.00235034626583697,-0.007770965892069916
2022-07-04,2022,WEAK,60,-0.014740721242432198,-0.002438760419431807,-0.011859484072819355
2022-07-05,2022,WEAK,60,0.01232252879721396,-0.009329112009416947,-0.0005482838682908039
2022-07-06,2022,WEAK,60,0.027445652173913038,0.0024059785907150147,0.0017507726948069388
2022-07-07,2022,WEAK,60,0.044414168937329856,0.015787063309264875,0.007614154966366214
2022-07-08,2022,WEAK,60,0.03792633015006808,0.00999966986211076,0.007629944514302031
2022-07-11,2022,WEAK,60,0.04050355774493708,0.02045767309355019,0.019622558529767735
2022-07-12,2022,WEAK,60,0.04378762999452657,-0.010294708269347329,-0.01001697978298633
2022-07-13,2022,WEAK,60,0.039628313746925325,0.035192960828707244,0.04689014760606088
2022-07-14,2022,WEAK,60,0.0453920220082531,0.04699316871950243,0.05204496948547029
2022-07-15,2022,WEAK,60,0.044004400440043945,0.053350159444159606,0.05498363060083766
2022-07-18,2022,WEAK,60,0.04857852608335622,0.052017649289673284,0.0574915340875772
2022-07-19,2022,WEAK,60,0.04051819184123473,0.05496740188250138,0.069417115572536
2022-07-20,2022,WEAK,60,0.048266296809986065,0.04446196737085625,0.04935921078735661
2022-07-21,2022,WEAK,60,0.04606525911708248,0.04642933016903411,0.050594577256617215
2022-07-22,2022,WEAK,60,0.04814004376367609,0.04353524947214532,0.04316238141443403
2022-07-25,2022,WEAK,60,0.04477204477204477,0.049636106505130305,0.06650511797215185
2022-07-26,2022,WEAK,60,0.042076502732240506,0.032021679584852795,0.040618303521880506
2022-07-27,2022,WEAK,60,0.035491736656732664,0.03677441235761687,0.051881685319689466
2022-07-28,2022,WEAK,60,0.022287862513426404,0.023872589452294007,0.03310620019517875
2022-07-29,2022,WEAK,60,0.016279690419001902,0.02380315969638638,0.04073649986965612
2022-08-01,2022,WEAK,60,0.0068601583113456766,0.015270670401318154,0.026757789954908573
2022-08-02,2022,WEAK,60,0.017642341619887647,-0.000540097383274592,0.007941445590700391
2022-08-03,2022,START,60,0.01412579957356086,0.016558559283628038,0.021500582788337826
2022-08-04,2022,START,60,0.01187648456057011,0.021147630233913663,0.025019531799278114
2022-08-05,2022,START,60,0.019409731454400392,0.025097826654950143,0.04102627190935475
2022-08-08,2022,START,60,0.030903328050713164,0.019418016386434166,0.032787724846136915
2022-08-09,2022,START,60,0.03687121411640759,0.012266770016646514,0.025844912591456153
2022-08-10,2022,START,60,0.051004228329809775,0.020281983389989374,0.029129289194365825
2022-08-11,2022,START,60,0.04361617763679626,0.01003243842011913,0.017301793634426275
2022-08-12,2022,START,60,0.03179190751445082,0.01773629114256382,0.02476399682473699
2022-08-16,2022,START,60,0.04520222045995248,0.019656847662933383,0.02789168839660961
2022-08-17,2022,START,60,0.05077086656034013,0.022908732993133046,0.0349457874111825
2022-08-18,2022,START,60,0.04605963791267298,0.03174042595094378,0.03913565229882196
2022-08-19,2022,START,60,0.048760991207034365,0.034011779099154225,0.04490693468545925
2022-08-22,2022,START,60,0.04521276595744683,0.039541798948063374,0.04683553331727737
2022-08-23,2022,START,60,0.04795972443031271,0.03303620694354609,0.037219036728477047
2022-08-24,2022,START,60,0.04347826086956519,0.025798333663933196,0.04042566064239253
2022-08-25,2022,START,60,0.04716732542819502,0.01519911305635149,0.030156081108611676
2022-08-26,2022,START,60,0.051930758988016024,0.02179185282401975,0.03434466766751954
2022-08-29,2022,START,60,0.04254756871035936,0.021802054948483272,0.03274522584237187
2022-08-30,2022,START,60,0.046696736534889816,0.01689872491253023,0.023676580113065435
2022-08-31,2022,WEAK,60,0.06395504415306386,-0.0288895979192256,-0.022362864808592633
2022-09-01,2022,WEAK,60,0.06666666666666665,-0.023900769897663227,-0.016931395644642445
2022-09-02,2022,WEAK,60,0.04133333333333322,-0.021720849957392745,-0.012128942289722083
2022-09-05,2022,WEAK,60,0.03283898305084754,-0.0486190989361376,-0.028555428217676416
2022-09-06,2022,WEAK,60,0.040756526371870105,-0.03169393461165998,-0.013231502621580814
2022-09-07,2022,WEAK,60,0.03486529318542009,-0.03722693258731988,-0.02450240839015974
2022-09-08,2022,START,60,0.040476190476190554,0.004640052308946032,0.015168370321761626
2022-09-09,2022,WEAK,60,0.0362242199894236,-0.042636107287369336,-0.028782815591497986
2022-09-13,2022,WEAK,60,0.05284121083377591,-0.0370122248299478,-0.019999408276672008
2022-09-14,2022,WEAK,60,0.050906183368869984,-0.041948642163172255,-0.03474236537505113
2022-09-15,2022,WEAK,60,0.04881974248927046,-0.04408367008586675,-0.04092869043377147
2022-09-16,2022,WEAK,60,0.05216693418940599,-0.036539475812126736,-0.03614855523170732
2022-09-19,2022,WEAK,60,0.04708699122106941,-0.03453536047632627,-0.024287308426922886
2022-09-20,2022,START,60,0.0642666666666667,0.011364325175456685,0.016784130789244102
2022-09-21,2022,WEAK,60,0.062633262260128,-0.03900032699270493,-0.030502719474824268
2022-09-22,2022,WEAK,60,0.04855399310161834,-0.03854372711700461,-0.025315199970558526
2022-09-23,2022,WEAK,60,0.05671482075976453,-0.040108345779080096,-0.034051546210542294
2022-09-26,2022,WEAK,60,0.0586816720257235,-0.03476785468349092,-0.027381308784086733
2022-09-27,2022,WEAK,60,0.062783863211328,-0.03935074008630973,-0.028513272683188554
2022-09-28,2022,WEAK,60,0.050542471553321144,-0.034204171373509534,-0.01933052844783959
2022-09-29,2022,PERSIST,60,0.04998677598518908,0.0002894617362917719,0.00029733435567967995
2022-09-30,2022,PERSIST,60,0.03913383772501944,-0.00439939643023686,-0.004392140858730752
2022-10-10,2022,PERSIST,60,0.051524710830704645,-0.009369375308227908,-0.009361591161369438
2022-10-11,2022,PERSIST,60,0.05628616517622298,-0.007188407581996743,-0.007195638203661155
2022-10-12,2022,PERSIST,60,0.040901940220241295,-0.006504995935748971,-0.00650389645978623
2022-10-13,2022,PERSIST,60,0.05573080967402744,-0.010605139351478863,-0.010601490534011715
2022-10-14,2022,PERSIST,60,0.053421052631579036,-0.01223150816215529,-0.012229895469187036
2022-10-17,2022,PERSIST,60,0.0582191780821919,-0.01310531754223091,-0.013097674826189606
2022-10-18,2022,PERSIST,60,0.056330613319294454,-0.015147769879845684,-0.015143200275761118
2022-10-19,2022,PERSIST,60,0.06596026490066231,-0.017765396726797337,-0.017763097985248413
2022-10-20,2022,PERSIST,60,0.07382905530563644,-0.019831153911000224,-0.019829833300278342
2022-10-21,2022,PERSIST,60,0.06684141546526878,-0.023889855603635962,-0.023886188119931828
2022-10-24,2022,PERSIST,60,0.06210855949895633,-0.02169641795699972,-0.021690258109132474
2022-10-25,2022,PERSIST,60,0.05853148680428544,-0.018710486055507958,-0.018695417528420893
2022-10-26,2022,PERSIST,60,0.07498689040377537,-0.016323405488057233,-0.016320431782422533
2022-10-27,2022,PERSIST,60,0.07012035583464149,-0.01519551501091278,-0.015193396871666365
2022-10-28,2022,PERSIST,60,0.07354872603099549,-0.012729248958596366,-0.01272419015961872
2022-10-31,2022,PERSIST,60,0.07247899159663862,-0.013180695059808534,-0.013178580468035921
2022-11-01,2022,PERSIST,60,0.08071278825995809,-0.017766453105993202,-0.01776029017504958
2022-11-02,2022,PERSIST,60,0.0714473338586814,-0.016999547875611122,-0.016993254827116777
2022-11-03,2022,PERSIST,60,0.05676741130091978,-0.015455153438066539,-0.015449456660279377
2022-11-04,2022,PERSIST,60,0.045905059989566954,-0.014135317614091153,-0.014132263724261098
2022-11-07,2022,PERSIST,60,0.045905059989566954,-0.01245229609077669,-0.01243888996423885
2022-11-08,2022,PERSIST,60,0.027414809121188766,-0.012459514675209869,-0.012449356519835312
2022-11-09,2022,PERSIST,60,0.015240030480061062,-0.010334811642969703,-0.010331883008541994
2022-11-10,2022,PERSIST,60,0.01332662811164198,-0.0021040411463725435,-0.002089803304967358
2022-11-11,2022,PERSIST,60,0.012917933130699222,-0.005369304899599445,-0.005371962358735945
2022-11-14,2022,PERSIST,60,0.02291825821237592,-6.199661289281108e-05,-6.381721030784826e-05
2022-11-15,2022,PERSIST,60,0.012931034482758674,-0.006732520009201723,-0.006745316197538799
2022-11-16,2022,PERSIST,60,0.011380880121395931,0.0022944330107456667,0.0023004171841824895
2022-11-17,2022,PERSIST,60,0.013913483430306073,-0.00441103202591876,-0.004402420774606356
2022-11-18,2022,PERSIST,60,0.020615932807330095,-0.005454328067380251,-0.005449515453804302
2022-11-21,2022,PERSIST,60,0.019054878048780477,-0.004665509347255423,-0.0046646417984235935
2022-11-22,2022,PERSIST,60,0.019592875318066083,-0.002192106090594651,-0.002188293209224791
2022-11-23,2022,PERSIST,60,0.014664981036662361,-0.0030661521399266804,-0.0030587846445254453
2022-11-24,2022,PERSIST,60,0.015151515151515138,-0.005448857345650768,-0.005443451385291929
2022-11-25,2022,PERSIST,60,0.010820332159033663,-0.005120538233510672,-0.005113778552695944
2022-11-28,2022,PERSIST,60,0.020000000000000018,-0.006846647432120594,-0.0068456090262191335
2022-11-29,2022,PERSIST,60,0.019011406844106293,-0.006203539017469831,-0.006202353930871847
2022-11-30,2022,PERSIST,60,0.02357414448669215,-0.004090652513580673,-0.004088043800298785
2022-12-01,2022,PERSIST,60,0.021881287726358112,-0.00855930478883761,-0.008553738863889925
2022-12-02,2022,PERSIST,60,0.02620967741935476,-0.012688005063351864,-0.012671323337439465
2022-12-05,2022,PERSIST,60,0.03252240717029453,-0.0058104140545018525,-0.0058017201894809255
2022-12-06,2022,PERSIST,60,0.03384615384615386,-0.00139789145417887,-0.0013983902368803168
2022-12-07,2022,PULLBACK,60,0.03890453033017671,-0.005125586899330525,-0.0038546887210036563
2022-12-08,2022,PULLBACK,60,0.04798366513527297,-0.005565143980059716,-0.004712147803508111
2022-12-09,2022,PULLBACK,60,0.048817696414950484,-0.0068115398488990085,-0.005348124949569209
2022-12-12,2022,PERSIST,60,0.056391936718550584,-0.008182027584995973,-0.008171363551547116
2022-12-13,2022,PULLBACK,60,0.05119798234552331,-0.0017242269810580587,-0.0022488580744420674
2022-12-14,2022,PERSIST,60,0.05959928988080132,-0.006670933815599802,-0.00666154824179107
2022-12-15,2022,PULLBACK,60,0.0918158567774936,-0.0023138153591824094,-0.0005356578207444881
2022-12-16,2022,PULLBACK,60,0.09839816933638446,0.004496835756285194,0.0032232763447641566
2022-12-19,2022,PERSIST,60,0.07367886178861793,-0.007566281639081926,-0.007557020088512865
2022-12-20,2022,PERSIST,60,0.06715108995239305,-0.006407428800035423,-0.00639919861508758
2022-12-21,2022,PERSIST,60,0.07348883872585898,-0.008755861052101289,-0.008747681160507805
2022-12-22,2022,PERSIST,60,0.0797064777327936,-0.008391352937017161,-0.008384345274322145
2022-12-23,2022,PULLBACK,60,0.07164556962025292,-0.0051313697305750425,-0.005369542788628882
2022-12-26,2022,PULLBACK,60,0.0751708428246014,-0.0020729742569376578,-0.001031939953739036
2022-12-27,2022,PERSIST,60,0.06611362493715411,-0.006204640919001775,-0.00620129060087646
2022-12-28,2022,PERSIST,60,0.0735516372795968,-0.006582309273873911,-0.0065753567842640045
2022-12-29,2022,PERSIST,60,0.07556675062972285,-0.005685613644651064,-0.005684163468942707
2022-12-30,2022,PERSIST,60,0.06954556866683403,-0.005720555867887922,-0.005724993219622312
2023-01-03,2023,PERSIST,60,0.08224999999999993,-0.004344970783361759,-0.003822978903972046
2023-01-04,2023,PERSIST,60,0.0766932270916334,0.0006739667630675573,0.0015860712292883154
2023-01-05,2023,PERSIST,60,0.08337531486146088,0.001807082103826943,0.0026583721221857225
2023-01-06,2023,PERSIST,60,0.06648406374501992,0.005492247845105576,0.005381722405132426
2023-01-09,2023,PERSIST,60,0.08093929552835366,0.0016554593344067837,0.0018437157048436289
2023-01-10,2023,PERSIST,60,0.07916355489171023,0.00035634012094117734,0.0011699184579962605
2023-01-11,2023,PERSIST,60,0.09195115873411397,-0.0004947730720459096,0.00021652252249901392
2023-01-12,2023,PERSIST,60,0.06784294234592436,0.0006409051984384009,0.0012412625858896405
2023-01-13,2023,PERSIST,60,0.05988171513060636,-0.0036919693213870986,-0.0030743463227518022
2023-01-16,2023,PERSIST,60,0.0599508599508598,-0.007043347501940862,-0.006753595720726551
2023-01-17,2023,PERSIST,60,0.05601965601965597,-0.005071202059263141,-0.00467867243175445
2023-01-18,2023,PERSIST,60,0.06467538879289059,-0.0038737818252117143,-0.003720025840443973
2023-01-19,2023,PERSIST,60,0.04634146341463419,-0.004636538187226108,-0.004720045353895471
2023-01-20,2023,PERSIST,60,0.05378973105134466,-0.006449981256505456,-0.006300763624764581
2023-01-30,2023,PERSIST,60,0.05896745779300239,-0.008585765406273763,-0.008146119631546994
2023-01-31,2023,PERSIST,60,0.05827619980411369,-0.00969406556876551,-0.00910457820185787
2023-02-01,2023,PERSIST,60,0.04267701260911738,-0.013524982684297377,-0.014062025320759003
2023-02-02,2023,PERSIST,60,0.08114734003432234,-0.01421211246278081,-0.013638699325091258
2023-02-03,2023,PERSIST,60,0.09823427008206931,-0.006887075130465242,-0.005643137200491058
2023-02-06,2023,PERSIST,60,0.08678304239401502,-0.003183918196699158,-0.003317931477153929
2023-02-07,2023,PERSIST,60,0.09002493765586062,-0.004479940691199993,-0.00425284184600876
2023-02-08,2023,PERSIST,60,0.09551122194513706,-0.002424738926679504,-0.0019041428495770712
2023-02-09,2023,PERSIST,60,0.10157618213660236,0.00086494363022337,0.0016994517133388978
2023-02-10,2023,PERSIST,60,0.08684863523573183,-0.0001334968755128882,0.000813423681971577
2023-02-13,2023,PERSIST,60,0.09577394348587132,0.003859731189342127,0.004338024291241752
2023-02-14,2023,PERSIST,60,0.09161065471745067,0.004692909845456245,0.005511011906316636
2023-02-15,2023,PULLBACK,60,0.08936170212765959,-0.025148080505911205,-0.023391823841494956
2023-02-16,2023,PULLBACK,60,0.0870217554388597,-0.029502597759757384,-0.029094358922655675
2023-02-17,2023,PULLBACK,60,0.07959081836327342,-0.02956568092792517,-0.028135918082854212
2023-02-20,2023,PULLBACK,60,0.08503740648379066,-0.02818136515972649,-0.02741530895467265
2023-02-21,2023,PULLBACK,60,0.08177511842433316,-0.02582140036879109,-0.02434745435062183
2023-02-22,2023,PULLBACK,60,0.08884452208634919,-0.024631110126451337,-0.024682351834819125
2023-02-23,2023,PULLBACK,60,0.0782457014702218,-0.0257394782183395,-0.02415606551071006
2023-02-24,2023,PULLBACK,60,0.07388059701492544,-0.021794034005938594,-0.02140733767968476
2023-02-27,2023,PULLBACK,60,0.07294000497883979,-0.026776492010071623,-0.024748976527796195
2023-02-28,2023,PULLBACK,60,0.06974435343757746,-0.02638493358425699,-0.025669874460623653
2023-03-01,2023,PULLBACK,60,0.07985074626865685,-0.023009192110308066,-0.02266608498885133
2023-03-02,2023,PULLBACK,60,0.08296186230807323,-0.01968724815553912,-0.018395139726114344
2023-03-03,2023,PULLBACK,60,0.07851341373369425,-0.026313525024226465,-0.025173208185986347
2023-03-06,2023,PERSIST,60,0.06335952848722992,-0.005080738504744239,-0.004442006813525001
2023-03-07,2023,PERSIST,60,0.08060515873015883,-0.00635589883727644,-0.0052583208097863165
2023-03-08,2023,PERSIST,60,0.08333333333333348,-0.003960299537664856,-0.0035206790345494975
2023-03-09,2023,PERSIST,60,0.06947524020694762,-0.0072821824103034925,-0.007205918703017011
2023-03-10,2023,PERSIST,60,0.0633219678519239,-0.011217636546724344,-0.01053715800797262
2023-03-13,2023,PERSIST,60,0.05890909090909102,-0.011894149012468665,-0.011223839847605107
2023-03-14,2023,PERSIST,60,0.05869565217391304,-0.015068313981630634,-0.01434604743916796
2023-03-15,2023,PERSIST,60,0.046545105566218714,-0.00021888594156262414,0.0007517719478286672
2023-03-16,2023,PERSIST,60,0.04068932503590239,0.0018505944545688519,0.002282205568612585
2023-03-17,2023,PERSIST,60,0.02131646755680494,-0.0017076741372782514,-0.0018062216878818108
2023-03-20,2023,PERSIST,60,0.01041666666666674,-0.0046632777645518615,-0.004274992139354426
2023-03-21,2023,PERSIST,60,0.03360151443445347,0.005956657253406006,0.008753909721306196
2023-03-22,2023,PERSIST,60,0.023714486968771986,0.009122117413280721,0.009134303472911245
2023-03-23,2023,PERSIST,60,0.017056074766355067,0.002758506758043789,0.0025304270023855623
2023-03-24,2023,PERSIST,60,0.021326458870400522,0.0011549308334612134,0.0017954977120773399
2023-03-27,2023,PERSIST,60,0.02291519017245469,-0.003394380758175997,-0.0028243900554648354
2023-03-28,2023,PERSIST,60,0.020480225988700473,-0.0073456935791582564,-0.008056311314432475
2023-03-29,2023,PERSIST,60,0.025701485498703214,-0.0030845450350433174,-0.0027632999525400125
2023-03-30,2023,PERSIST,60,0.023932426091037184,-0.0016415930962454892,-0.0014815315504738032
2023-03-31,2023,PERSIST,60,0.02060889929742382,-0.006018917762748041,-0.005943355809097821
2023-04-03,2023,PERSIST,60,0.024882629107981113,0.005955857186276921,0.006618641914460779
2023-04-04,2023,PERSIST,60,0.008316008316008316,0.0019437773531584875,0.0015886983949587926
2023-04-06,2023,PERSIST,60,0.004856614246068425,-0.004439419620042705,-0.0043453502249055495
2023-04-07,2023,PERSIST,60,0.01534526854219953,-0.0010429041171799488,-0.0008877800447935381
2023-04-10,2023,PERSIST,60,0.020312864814382436,0.0017792080224937074,0.001976691142706176
2023-04-11,2023,PERSIST,60,0.01109313612202456,0.0015734084733715903,0.001231979018944132
2023-04-12,2023,PERSIST,60,0.01660899653979242,0.004107347080674976,0.0046769041719067535
2023-04-13,2023,PERSIST,60,0.0038795070743953275,0.0015360994507176515,0.0018687132777167482
2023-04-14,2023,PERSIST,60,0.02257388875959987,-0.0005711435818055235,-0.0002410988981871396
2023-04-17,2023,PERSIST,60,0.02534294350151134,0.008192218766250094,0.007622993602412651
2023-04-18,2023,PULLBACK,60,0.034538711172925396,-0.015984401432721985,-0.01540181796055264
2023-04-19,2023,PERSIST,60,0.041647277803629645,0.005500877939647125,0.006020971282327956
2023-04-20,2023,PERSIST,60,0.030141432877347496,-0.004129833728944734,-0.004229353368398725
2023-04-21,2023,PERSIST,60,0.037296037296037365,-0.00021603788351644976,0.0003069232691079154
2023-04-24,2023,PERSIST,60,0.026914153132250762,0.0028237963352454876,0.0024368240918519295
2023-04-25,2023,PERSIST,60,0.022412199630314156,-0.0008356855866317164,-0.0005309307229859807
2023-04-26,2023,PERSIST,60,0.027070800555298424,-0.001867082317718335,-0.00092479741495375
2023-04-27,2023,PERSIST,60,0.028139534883721007,-0.0007019682882786777,-0.00044055180294635607
2023-04-28,2023,PERSIST,60,-0.00045351473922894403,0.006309932557491772,0.006405207207309962
2023-05-04,2023,PERSIST,60,0.0015851449275361418,-0.00041398667012964435,-0.000561887294882879
2023-05-05,2023,PERSIST,60,0.012849931161083017,0.0032072708562175226,0.002631066863010038
2023-05-08,2023,PERSIST,60,0.008922443376801592,0.009440956215736271,0.008997770448889754
2023-05-09,2023,PERSIST,60,-0.0009105394946504752,0.007182271720864602,0.007558685870431857
2023-05-10,2023,PERSIST,60,0.0029525323642971557,0.005573215785744929,0.005410769471798289
2023-05-11,2023,PERSIST,60,0.006849315068493178,0.000156217763855865,0.0002607536435586897
2023-05-12,2023,PERSIST,60,0.006846188954815258,0.0011275039107792456,0.0009364893533415821
2023-05-15,2023,PERSIST,60,0.0022805017103761926,3.684700602607765e-05,-0.00037475515107842673
2023-05-16,2023,PERSIST,60,0.011259191176470562,0.002554613271794232,0.0026251015872614455
2023-05-17,2023,PULLBACK,60,0.01564297216471111,0.004816647640741352,0.0040292197745554325
2023-05-18,2023,PERSIST,60,0.021724058238964616,-0.0023867555257136696,-0.0024897538339147254
2023-05-19,2023,PERSIST,60,0.01884624224316256,-0.001570656875393187,-0.0012539808693280436
2023-05-22,2023,PERSIST,60,0.0191288315280016,-0.003934260376146619,-0.0035789209433099625
2023-05-23,2023,PERSIST,60,0.012376804950721798,-0.0011283691881399192,-0.0006579099107870915
2023-05-24,2023,PERSIST,60,0.02195516524150687,-0.0057931647771482,-0.006122713987875837
2023-05-25,2023,PERSIST,60,0.02710215427380125,-0.001798873530220897,-0.0015781006001444019
2023-05-26,2023,PULLBACK,60,0.030162412993039567,0.00349914118529482,0.003637057227893299
2023-05-29,2023,PULLBACK,60,0.035034802784222885,0.005055143672596099,0.005575165861161369
2023-05-30,2023,PULLBACK,60,0.02557014512785072,0.0032871740758128737,0.0036254617062167877
2023-05-31,2023,PERSIST,60,0.014863937800137172,-0.005309186535647792,-0.005253831371067525
2023-06-01,2023,PULLBACK,60,0.01757188498402562,0.005271236059905085,0.006143012243941573
2023-06-02,2023,PULLBACK,60,0.03394919168591226,0.0024048458556229233,0.0008179651806587366
2023-06-05,2023,PULLBACK,60,0.03006655955932991,-0.009826929367176437,-0.010503407158092724
2023-06-06,2023,PULLBACK,60,0.023809523809523725,0.004209535379776452,0.0027248253301827303
2023-06-07,2023,PULLBACK,60,0.03455425017277114,0.0011113741126083517,0.0014211247293877075
2023-06-08,2023,PULLBACK,60,0.03092075125973448,-0.0016783109198173427,-0.0026436291044965674
2023-06-09,2023,PERSIST,60,0.031135531135531025,-0.0032683630289408044,-0.003551006538289313
2023-06-12,2023,PULLBACK,60,0.02783481633584306,-0.01125095925026312,-0.011219975069111678
2023-06-13,2023,PERSIST,60,0.03874369555249868,0.0011239820755117695,0.001242272572564592
2023-06-14,2023,PERSIST,60,0.04277828886844515,0.0035778680924729786,0.004188919612525238
2023-06-15,2023,PULLBACK,60,0.041743119266054896,-0.024905674740940523,-0.025091692959950885
2023-06-16,2023,PERSIST,60,0.04146620847651783,0.009013327688794504,0.008354876674436199
2023-06-19,2023,PERSIST,60,0.04532967032967017,0.007203739718329173,0.007591914715855968
2023-06-20,2023,PERSIST,60,0.06330275229357785,0.0006006589926985991,0.0008002723002436679
2023-06-21,2023,PERSIST,60,0.04410751206064778,0.005059380242041294,0.005276869233087501
2023-06-26,2023,PERSIST,60,0.04084442404772837,0.006619935610233534,0.00704502052442435
2023-06-27,2023,PERSIST,60,0.05635103926096985,0.00333403830297087,0.0037829797644269164
2023-06-28,2023,PERSIST,60,0.05974625144175327,0.0017058223215252015,0.0018691331401939695
2023-06-29,2023,PERSIST,60,0.05448275862068974,-0.0012008762605692606,-0.001046740138069463
2023-06-30,2023,PULLBACK,60,0.0437671860678277,-0.02195556702733925,-0.021962924329426415
2023-07-03,2023,PULLBACK,60,0.050940798531436515,-0.029842841979463013,-0.02901497191482274
2023-07-04,2023,PULLBACK,60,0.04557947778286775,-0.019889954243618935,-0.02002315650845662
2023-07-05,2023,PERSIST,60,0.02245131729667804,-0.003805322803578256,-0.0037758196595277967
2023-07-06,2023,PERSIST,60,0.012658227848101333,0.0017132752420667436,0.0019705457718346246
2023-07-07,2023,PULLBACK,60,0.007556675062972307,-0.04048158860368575,-0.04027835107941248
2023-07-10,2023,PERSIST,60,-0.004118993135011406,0.007440927256945692,0.00799210657158671
2023-07-11,2023,PULLBACK,60,-0.0015999999999999348,-0.03493695763404369,-0.0340602273767123
2023-07-12,2023,PULLBACK,60,-0.004992058089403284,-0.03830062921501181,-0.037959600816591665
2023-07-13,2023,PERSIST,60,0.018185951352580165,0.008701301978416266,0.008833208824080218
2023-07-14,2023,PERSIST,60,0.01866181156121982,0.012050551923389247,0.012517157990557037
2023-07-17,2023,PERSIST,60,0.020408163265306145,0.0028259071277265766,0.002592891234223174
2023-07-18,2023,PERSIST,60,0.01926954963029348,0.0015454207085211329,0.0017628402182061943
2023-07-19,2023,PERSIST,60,0.025463480008934614,0.0012380992184513875,0.001821224384338323
2023-07-20,2023,PERSIST,60,0.028584289894215686,0.004243488028220442,0.005067927692384366
2023-07-21,2023,PERSIST,60,0.027865168539325857,0.0009534180484188819,0.0008123808730369081
2023-07-24,2023,PERSIST,60,0.032083145051965634,0.00010096396047028916,0.00011588454072787926
2023-07-25,2023,PERSIST,60,0.035932203389830386,0.003061790264283335,0.0035504315705219107
2023-07-26,2023,PERSIST,60,0.034016670421266104,-0.0036086694046114144,-0.0038063637787873333
2023-07-27,2023,PERSIST,60,0.04840533815878745,-0.0036762146499124287,-0.0029038496430098155
2023-07-28,2023,PERSIST,60,0.047413793103448176,0.0009368561412101866,0.0013994203292585477
2023-07-31,2023,PERSIST,60,0.03911372371693411,0.005972540970896625,0.006273317810403946
2023-08-01,2023,PERSIST,60,0.045990031717263236,0.0060329830878186694,0.006080511991971564
2023-08-02,2023,PERSIST,60,0.04421768707483009,0.005189581870733562,0.005207800062153609
2023-08-03,2023,PERSIST,60,0.049669628616997086,0.006360006196549731,0.00698481002196554
2023-08-04,2023,PERSIST,60,0.035552536231884035,0.0065156159308984475,0.006630662547710995
2023-08-07,2023,PERSIST,60,0.034240362811791325,0.0073175334348909715,0.007555470926911724
2023-08-08,2023,PERSIST,60,0.02765185856754293,0.005127480394532549,0.005282355932491685
2023-08-09,2023,PERSIST,60,0.033674630261661065,0.005478113029983063,0.005671943651218259
2023-08-10,2023,PULLBACK,60,0.02772097250624861,-0.038745074884328684,-0.038197057279619
2023-08-11,2023,PERSIST,60,0.0305775764439411,0.0036807524462465855,0.0038872917052678556
2023-08-14,2023,PERSIST,60,0.032119429993214155,0.004607667551515494,0.005108548029612107
2023-08-15,2023,PERSIST,60,0.030002255808707412,0.0026208680373026212,0.002970315490368804
2023-08-16,2023,PULLBACK,60,0.03527815468113982,-0.03243356417470323,-0.03154002689271259
2023-08-17,2023,PULLBACK,60,0.029431741000679246,-0.03130356301997787,-0.030755459204879848
2023-08-18,2023,PULLBACK,60,0.021257349615558585,-0.03865755404420863,-0.03821197244006284
2023-08-21,2023,PULLBACK,60,0.0200721695985564,-0.034411141567112905,-0.033828019556655514
2023-08-22,2023,PERSIST,60,0.01306306306306304,-0.00315367586260739,-0.002303071602484212
2023-08-23,2023,PERSIST,60,0.007397444519166019,-0.0041287971979094215,-0.00345175013990982
2023-08-24,2023,PERSIST,60,0.017744833782569636,-0.005533382139333129,-0.004979390988492547
2023-08-25,2023,PERSIST,60,0.025912573231185343,-0.004913826340694963,-0.004613428389267479
2023-08-28,2023,PERSIST,60,0.031621439784705,-0.006004475800227224,-0.005838170804577478
2023-08-29,2023,PERSIST,60,0.026580299307571886,-0.006499128434013164,-0.006156058287554601
2023-08-30,2023,PERSIST,60,0.0225044563279857,-0.009989050263668614,-0.009572820408727475
2023-08-31,2023,PERSIST,60,0.043828264758497326,-0.009800159811197032,-0.009219948520901265
2023-09-01,2023,PERSIST,60,0.019817412602983753,-0.009216400963639512,-0.00862216098558237
2023-09-04,2023,PERSIST,60,0.01644079093534767,-0.012265717802657438,-0.011628360679198962
2023-09-05,2023,PERSIST,60,0.017984014209591503,-0.009728816897493785,-0.009008244986890165
2023-09-06,2023,PERSIST,60,0.017980022197558343,0.0007119255226610932,0.0015920162468698353
2023-09-07,2023,PERSIST,60,0.003531229309203354,-0.0025572522421395292,-0.0020683878090796796
2023-09-08,2023,PERSIST,60,0.001985002205558084,-0.005796566595441359,-0.005288088085856275
2023-09-11,2023,PERSIST,60,-0.0019815059445177363,-0.007033434135833842,-0.006068879929559001
2023-09-12,2023,PERSIST,60,0.009678838539375123,-0.0071781599440710235,-0.006443407128766426
2023-09-13,2023,PERSIST,60,0.005256241787122251,-0.006801817554530099,-0.0056719535841913814
2023-09-14,2023,PERSIST,60,-0.013157894736842146,-0.007506770997235567,-0.006264414384026454
2023-09-15,2023,PERSIST,60,0.00858085808580844,-0.002516557725504795,-0.0007872858245666099
2023-09-18,2023,PERSIST,60,0.013227513227513255,-0.0026666959843683665,-0.00338543549410065
2023-09-19,2023,PERSIST,60,0.004591167468299018,-0.007109597099914023,-0.006785609751827515
2023-09-20,2023,PERSIST,60,0.006965607313887734,-0.008810170509971117,-0.007619845214850655
2023-09-21,2023,PERSIST,60,0.009592326139088891,-0.007198055610722827,-0.006540290707904718
2023-09-22,2023,PERSIST,60,0.018221734357848574,-0.006752840257148085,-0.006081165153977736
2023-09-25,2023,PERSIST,60,0.015283842794759916,-0.005905307575731133,-0.00514894075638413
2023-09-26,2023,PERSIST,60,0.02541073384446868,-0.003399710058949992,-0.0017133150425266523
2023-09-27,2023,PERSIST,60,0.03921129285234137,0.0030771443141862937,0.004336403304036323
2023-09-28,2023,PULLBACK,60,0.05522727272727268,-0.01784292156252268,-0.020922753329774457
2023-10-10,2023,WEAK,60,0.06617647058823506,0.02958723857113975,-0.042598739699914796
2023-10-11,2023,WEAK,60,0.0666208791208791,0.014038407518210644,0.011994746007424756
2023-10-12,2023,PULLBACK,60,0.06339794754846073,-0.008095780181745067,-0.0076572823324595335
2023-10-13,2023,WEAK,60,0.03840142889037734,0.009787480645809258,0.009455437999954054
2023-10-16,2023,PULLBACK,60,0.038203753351206515,-0.017444093568982445,-0.016663431278456597
2023-10-17,2023,PULLBACK,60,0.02933333333333321,-0.029966630081391214,-0.030754386485472924
2023-10-18,2023,PULLBACK,60,0.019344910969443685,-0.025441851876398,-0.025010492676843573
2023-10-19,2023,PULLBACK,60,0.015900675234153727,-0.034107105486768846,-0.03357971736439105
2023-10-20,2023,PERSIST,60,0.022757111597374147,0.024475581189865404,0.024112643143515453
2023-10-23,2023,PERSIST,60,0.019020550940096248,0.02310280082367945,0.02334919980564204
2023-10-24,2023,PERSIST,60,0.012259194395796813,0.01500921662318187,0.014039667718022206
2023-10-25,2023,PULLBACK,60,0.011343804537521818,-0.02559520504692153,-0.02653149712590381
2023-10-26,2023,PULLBACK,60,0.012200435729847525,-0.020179065889319853,-0.02163968324023509
2023-10-27,2023,PERSIST,60,-0.0025889967637539035,0.010144235187489229,0.009972547630726603
2023-10-30,2023,PERSIST,60,0.002815681178254259,0.0049574092444393605,0.00509124330237927
2023-10-31,2023,PERSIST,60,0.002393385552654559,0.005661066127610916,0.005394348007100629
2023-11-01,2023,PERSIST,60,0.001299545159194393,0.006727077692677694,0.006284998459922524
2023-11-02,2023,PERSIST,60,0.006731813246471097,-0.0014298986324923976,-0.002031906792208188
2023-11-03,2023,PERSIST,60,0.007380073800737907,0.0015215224240372432,0.0015707194869316841
2023-11-06,2023,PERSIST,60,0.017712661272687447,-0.00014660250406716346,0.00014444010318933297
2023-11-07,2023,PERSIST,60,0.01995176496382367,-0.007546318801320003,-0.008050600647803843
2023-11-08,2023,PERSIST,60,0.030216144684605206,-0.005596453402610223,-0.005948424681229992
2023-11-09,2023,PERSIST,60,0.025533788245652556,-0.0011235345126581228,-0.0008446875436504565
2023-11-10,2023,PERSIST,60,0.02608887906256907,-0.006023604762599022,-0.006129545436266528
2023-11-13,2023,PERSIST,60,0.021758241758241814,0.00015638362411615541,0.00037745640809897386
2023-11-14,2023,PERSIST,60,0.020162174008327982,0.0007178305196364528,0.0012017818512405545
2023-11-15,2023,PERSIST,60,0.01576872536136653,0.004045247915678776,0.004699977642393197
2023-11-16,2023,PERSIST,60,0.014635211882918053,0.00771997334396084,0.007744978520491684
2023-11-17,2023,PULLBACK,60,0.02221244776775899,-0.01898505676675982,-0.01880043359854973
2023-11-20,2023,PULLBACK,60,0.027236492471213403,-0.020893950549975414,-0.020795097486436605
2023-11-21,2023,PULLBACK,60,0.02564669467167824,-0.024003910137129273,-0.026142168800229335
2023-11-22,2023,PULLBACK,60,0.03312583370386846,-0.022071978781852308,-0.02018848645749399
2023-11-23,2023,PULLBACK,60,0.03404539385847816,-0.024203383990653846,-0.024880516899628342
2023-11-24,2023,PULLBACK,60,0.025601412491723874,-0.024964599649221854,-0.02497085717470618
2023-11-27,2023,PULLBACK,60,0.02130463430705043,-0.014375365445822417,-0.013862056733323684
2023-11-28,2023,PULLBACK,60,0.012826086956521765,-0.01742853017660391,-0.015434814255310122
2023-11-29,2023,PULLBACK,60,0.02828546562228018,-0.019974181632604393,-0.018904861631372668
2023-11-30,2023,PULLBACK,60,0.042057093048594396,-0.025612090241134703,-0.024864358402471292
2023-12-01,2023,PULLBACK,60,0.029134532990574113,-0.02820443354965877,-0.028456806774306734
2023-12-04,2023,PERSIST,60,0.058515283842794696,0.00874293398771955,0.008827248210802347
2023-12-05,2023,PERSIST,60,0.06775956284152995,0.016982868013499408,0.017415480579635007
2023-12-06,2023,PERSIST,60,0.07131952017448207,0.00970610776889118,0.009598128706403666
2023-12-07,2023,PERSIST,60,0.06868730920191868,0.005406736105033576,0.005937060851587702
2023-12-08,2023,PERSIST,60,0.0690565207829339,0.0064803665788623,0.006687731280000071
2023-12-11,2023,PERSIST,60,0.07770195905789112,0.008927818552785828,0.009205264170681873
2023-12-12,2023,WEAK,60,0.07632914184866513,-0.011298865926514932,-0.017746733816940086
2023-12-13,2023,WEAK,60,0.06296296296296289,-0.004369483318325571,-0.006302095702604805
2023-12-14,2023,PERSIST,60,0.06252723311546848,0.006779332770039576,0.006199423316161192
2023-12-15,2023,START,60,0.06622950819672124,-0.01384030336054104,-0.003632430302891492
2023-12-18,2023,PERSIST,60,0.0842059336823735,0.008897902678885383,0.00878467921776646
2023-12-19,2023,PERSIST,60,0.07550043516100957,0.00799557821557714,0.007935324563153934
2023-12-20,2023,PERSIST,60,0.08030467899891192,0.008515445317600638,0.008362539673450419
2023-12-21,2023,PERSIST,60,0.07198443579766511,0.010193362533344413,0.010516523040286002
2023-12-22,2023,PERSIST,60,0.07471388469013163,0.0039323830853080066,0.003971409987483061
2023-12-25,2023,PERSIST,60,0.07805088400172489,0.006744693573487986,0.006934378559683726
2023-12-26,2023,PERSIST,60,0.09677419354838701,0.006399650874918209,0.006028891346380738
2023-12-27,2023,PERSIST,60,0.10553300576799818,0.006747327178385432,0.0067536451545524056
2023-12-28,2023,PERSIST,60,0.10758947822337217,0.002500164180254184,0.002840027576666508
2023-12-29,2023,PERSIST,60,0.12082705147533912,-0.0010379736656711703,-0.001359377151356482
2024-01-02,2024,PERSIST,60,0.13546586517818793,0.018982710707105003,0.015639661593394843
2024-01-03,2024,PERSIST,60,0.16012931034482758,0.011521693045772309,0.013530141661717255
2024-01-04,2024,PERSIST,60,0.15475423910710462,0.014414866386401621,0.013459424084849127
2024-01-05,2024,PERSIST,60,0.15161912931589105,0.014380451118225892,0.016702809496347084
2024-01-08,2024,PERSIST,60,0.17308105783702454,0.016400001618050705,0.015203094406422264
2024-01-09,2024,PERSIST,60,0.15988809984936503,0.018021774113859603,0.014940181043343005
2024-01-10,2024,PERSIST,60,0.18113126079447328,0.017423025395334874,0.01664524404479134
2024-01-11,2024,PERSIST,60,0.17942635324563305,0.020152925524728735,0.01722137298874287
2024-01-12,2024,PERSIST,60,0.16230703259005153,0.02242865878763802,0.019989846592629163
2024-01-15,2024,PERSIST,60,0.16902011125374417,0.02247836802843687,0.022760170353927026
2024-01-16,2024,PERSIST,60,0.16863334048487455,0.02237354352864229,0.02362325524698449
2024-01-17,2024,PERSIST,60,0.15160034602076133,0.02916274756341741,0.029157120345818466
2024-01-18,2024,PERSIST,60,0.13912855910267452,0.02904244702857095,0.023198748410981074
2024-01-19,2024,PERSIST,60,0.13538527765820074,0.027173663383011193,0.023079053531036398
2024-01-22,2024,PULLBACK,60,0.14427860696517403,-0.0032286558833237713,-0.0010507611722126407
2024-01-23,2024,PULLBACK,60,0.14449244060475164,-0.000409604944348085,-0.0029700777805978158
2024-01-24,2024,PULLBACK,60,0.14955502496201434,0.0019811176047245032,0.0028313286461128188
2024-01-25,2024,PULLBACK,60,0.13000216309755563,0.00030561216919589235,0.0013513777726509042
2024-01-26,2024,PULLBACK,60,0.13848144952545294,-0.00207684362429325,-0.0034270700242503946
2024-01-29,2024,PULLBACK,60,0.13294548588666233,0.0004155958401791189,0.004789334404423608
2024-01-30,2024,PULLBACK,60,0.12849162011173187,0.003080073323600548,0.004941328255998982
2024-01-31,2024,PULLBACK,60,0.14574376612209794,0.005207456940224155,0.006463595616433886
2024-02-01,2024,PERSIST,60,0.14322414900449565,0.026870365495873752,0.024804687204573704
2024-02-02,2024,PERSIST,60,0.14402232238677826,0.025639842462916614,0.021725231586135742
2024-02-05,2024,PULLBACK,60,0.15492350786468445,0.0035851008452433414,0.005810976514740719
2024-02-06,2024,PULLBACK,60,0.17121961712196176,0.005789969270509658,0.000355194763824224
2024-02-07,2024,PERSIST,60,0.16133190118152507,0.026519499764988914,0.024215518424990267
2024-02-08,2024,PERSIST,60,0.1899525657611041,0.02611078662136054,0.02385486003009253
2024-02-20,2024,PULLBACK,60,0.183304647160069,0.011957112165170902,0.010222956465110497
2024-02-21,2024,PULLBACK,60,0.1597327010131493,0.012772225436502024,0.011670100733189958
2024-02-22,2024,PERSIST,60,0.1396852769993533,0.022976635619104638,0.020480103424361754
2024-02-23,2024,PERSIST,60,0.14547019582526355,0.02108306749648049,0.01989374484987833
2024-02-26,2024,PERSIST,60,0.15493867010974816,0.019209151615863774,0.015999006371223368
2024-02-27,2024,PERSIST,60,0.15515386270712295,0.019901731956962244,0.01913631287082122
2024-02-28,2024,PERSIST,60,0.14623655913978495,0.023433258763482432,0.023349280793968336
2024-02-29,2024,PERSIST,60,0.14488087572440445,0.0235893186204934,0.02059171935925236
2024-03-01,2024,PERSIST,60,0.12547608971646218,0.022253622433612733,0.020418562188637926
2024-03-04,2024,PERSIST,60,0.11668757841907151,0.020202232723829223,0.019964087705239726
2024-03-05,2024,PERSIST,60,0.10449625312239785,0.016911347012658805,0.017693994390395394
2024-03-06,2024,PERSIST,60,0.11303630363036299,0.024812999956612344,0.02710608553723451
2024-03-07,2024,PERSIST,60,0.10808597748208815,0.018551954551302513,0.01899300074710727
2024-03-08,2024,PERSIST,60,0.06881107491856686,0.022120078305865633,0.02505177194891991
2024-03-11,2024,PERSIST,60,0.07182207712711697,0.020077173333640223,0.021104128057655124
2024-03-12,2024,PERSIST,60,0.08228759514503192,0.017354642692624187,0.016609048208932737
2024-03-13,2024,PERSIST,60,0.07209967320261423,0.010493078698442083,0.007567957556654566
2024-03-14,2024,PERSIST,60,0.08669809387169503,0.006908740489641261,0.008471547088966842
2024-03-15,2024,PERSIST,60,0.08280385324861661,0.003997232964863174,0.00179540628973461
2024-03-18,2024,PERSIST,60,0.08693869181874114,0.011141465732213411,0.014054682988594216
2024-03-19,2024,PERSIST,60,0.0891758917589176,0.006378093587926146,0.004006834738494638
2024-03-20,2024,PERSIST,60,0.08309859154929589,0.00633618388127551,0.005457830610793383
2024-03-21,2024,PERSIST,60,0.07222334614606529,0.00015015902759329264,0.0012537687772675853
2024-03-22,2024,PERSIST,60,0.06768734891216743,0.006439242399380922,0.014188894760613397
2024-03-25,2024,PERSIST,60,0.06614236741278501,0.004846010325017491,0.004799295099270945
2024-03-26,2024,PERSIST,60,0.052039381153305087,0.006437024494317648,0.0029594249898448523
2024-03-27,2024,PERSIST,60,0.056599999999999984,0.004885925606426951,0.0027915038692229227
2024-03-28,2024,PERSIST,60,0.03862745098039211,0.002421985712666596,0.0028306935011069728
2024-03-29,2024,PERSIST,60,0.026280193236714933,-0.005061462935450883,-0.003427283844004255
2024-04-01,2024,PERSIST,60,0.033677243527350686,0.0020582486886865925,0.005232346917628923
2024-04-02,2024,PERSIST,60,0.034012298232129146,0.009273615091058895,0.010162535987367046
2024-04-03,2024,PERSIST,60,0.014369446020041643,0.006166690105182357,0.008481638782577088
2024-04-08,2024,PERSIST,60,0.008173880735649286,0.0017901018078049261,0.0002839541940542925
2024-04-09,2024,PERSIST,60,-0.0027881040892192566,0.005276671932373302,0.0046616555865985915
2024-04-10,2024,PERSIST,60,0.0007448789571693482,0.0010184163396608813,-0.0004581620609145371
2024-04-11,2024,PERSIST,60,-0.010813782991202392,0.0006003380790012445,-0.0015360106601558306
2024-04-12,2024,PERSIST,60,0.013729128014842384,-0.015778501467150197,-0.01838101069336861
2024-04-15,2024,PERSIST,60,-0.0034728568817401495,-0.00576573515824819,0.0010221480385127126
2024-04-16,2024,PERSIST,60,0.0027427317608337276,-0.01736293156162549,-0.03535471914740472
2024-04-17,2024,PERSIST,60,0.032835270245342274,-0.02043106261466777,-0.02110550043386396
2024-04-18,2024,PERSIST,60,0.016654465592972123,-0.016296895708278393,-0.022038450655003733
2024-04-19,2024,PERSIST,60,0.0020194602533505357,-0.018176478419549596,-0.020546300307312738
2024-04-22,2024,PERSIST,60,0.019154929577464674,-0.007787730188709846,-0.011005303904810968
2024-04-23,2024,PERSIST,60,0.02821435334217015,0.0017189551069967568,-0.008130560065741102
2024-04-24,2024,PERSIST,60,0.029194312796208433,-0.008121559402647442,-0.015297134626204118
2024-04-25,2024,PERSIST,60,0.018525519848771266,-0.009506703788126571,-0.009544631824616002
2024-04-26,2024,PERSIST,60,0.002453293074164975,-0.011280717407947581,-0.012585812867016695
2024-04-29,2024,PERSIST,60,0.018693353474320107,-0.0052732642162901765,-0.0021079384026028293
2024-04-30,2024,PERSIST,60,0.029670750382848166,0.002146036411862802,-0.004180097352889989
2024-05-06,2024,PERSIST,60,0.025009473285335426,0.009457109750405916,0.0025897368842030585
2024-05-07,2024,PERSIST,60,0.046215290985165414,0.009037290319813042,0.009408881617141505
2024-05-08,2024,PERSIST,60,0.04246001523229248,0.014597738199140939,0.010012736788195111
2024-05-09,2024,PULLBACK,60,0.011257035647279423,0.03643346356291428,0.030351995464736277
2024-05-10,2024,PULLBACK,60,0.001872659176029856,0.034451889230983426,0.02821441898596721
2024-05-13,2024,PULLBACK,60,-0.0043151969981237714,0.02824208870452351,0.03582195844643749
2024-05-14,2024,PULLBACK,60,-0.002798507462686728,0.028564628178815277,0.021029668818659003
2024-05-15,2024,PULLBACK,60,-0.007162534435261825,0.044677326350159106,0.038183097367530984
2024-05-16,2024,PULLBACK,60,0.0007399186089531717,0.04017105054791378,0.039580127315124884
2024-05-17,2024,PULLBACK,60,-0.0077912665337923626,0.03287336395253175,0.03235228391196457
2024-05-20,2024,PERSIST,60,-0.013696161470535317,0.004726282215756914,0.0035749691705200693
2024-05-21,2024,PERSIST,60,-0.012545454545454526,0.015659244411628366,0.015283211818612624
2024-05-22,2024,PERSIST,60,0.01579925650557623,0.015317582873062625,0.007444556549179109
2024-05-23,2024,PERSIST,60,0.04066578399848675,0.017390255685345295,0.011490813286778184
2024-05-24,2024,PERSIST,60,0.03550629344354661,0.005350945790689811,-0.001586072108061741
2024-05-27,2024,PERSIST,60,0.027389603130240303,0.0029369101572133136,0.0018260612426661549
2024-05-28,2024,PERSIST,60,0.031110283159463403,6.966778518105194e-05,-0.0018575009268291514
2024-05-29,2024,PERSIST,60,0.03264540337711064,0.0002517238188722436,-0.004863420060590765
2024-05-30,2024,PERSIST,60,0.03599550056242973,0.005137483279304132,0.0023065190578144823
2024-05-31,2024,PERSIST,60,0.039293100206805764,0.006190163165146072,0.0029662987477475184
2024-06-03,2024,PERSIST,60,0.03838951310861427,0.013527622855049914,0.012265820494280565
2024-06-04,2024,PERSIST,60,0.04391255182811915,0.013292497163209904,0.008435853645309771
2024-06-05,2024,PERSIST,60,0.024462564862861358,0.016362679573228633,0.016407792393161532
2024-06-06,2024,PERSIST,60,0.016996120450766705,0.012992482696164645,0.01219663109626666
2024-06-07,2024,PERSIST,60,0.044952380952380855,0.022894069266322627,0.023730802939814315
2024-06-11,2024,PULLBACK,60,0.04302303445650102,-0.0008139400350496671,-0.002550906188234286
2024-06-12,2024,PULLBACK,60,0.04219730089336626,-0.001098725952315493,-0.0014590571275487855
2024-06-13,2024,PULLBACK,60,0.04972375690607733,0.00522435342106096,0.004785060066794787
2024-06-14,2024,PULLBACK,60,0.034515277253866605,0.0007031686795754841,-0.0028922109282915704
2024-06-17,2024,PULLBACK,60,0.04334658338065478,0.005376899246802077,0.006393496436733944
2024-06-18,2024,PULLBACK,60,0.044331258253159644,0.03145080216752645,0.02445289468108993
2024-06-19,2024,PULLBACK,60,0.04046677959721445,0.012925433110642932,0.0102886519325984
2024-06-20,2024,PULLBACK,60,0.04272710384543932,0.014284722912610591,0.013430047519949351
2024-06-21,2024,PERSIST,60,0.06056603773584923,0.026686650976240168,0.028143221466263107
2024-06-24,2024,PULLBACK,60,0.054905660377358556,-0.0033803548025517823,-0.00693176081652799
2024-06-25,2024,PULLBACK,60,0.06279553622091916,-0.00031228366187239717,-0.005631257592701655
2024-06-26,2024,PULLBACK,60,0.08575248281130632,-0.002798618126682294,-0.005480864482273211
2024-06-27,2024,PULLBACK,60,0.08328601173575612,-0.002746897912537148,-0.008118228067284334
2024-06-28,2024,PULLBACK,60,0.08061166698131017,-0.004752819418653296,-0.0054779664610536925
2024-07-01,2024,PULLBACK,60,0.08454151760497086,-0.005108052381768705,-0.0051184320330448785
2024-07-02,2024,PERSIST,60,0.08305084745762725,0.032784940347717346,0.03054160811847695
2024-07-03,2024,PULLBACK,60,0.048875673666604724,-0.009431623841393169,-0.012491011917027036
2024-07-04,2024,PERSIST,60,0.059086672879776314,0.03668922292239629,0.03879149277655289
2024-07-05,2024,PULLBACK,60,0.044776119402985204,-0.024974565394978984,-0.02724565532410831
2024-07-08,2024,PULLBACK,60,0.05256290773532157,-0.02185836963576334,-0.022211654614257868
2024-07-09,2024,START,60,0.06345366579828804,-0.018225997737154314,-0.02848754967930655
2024-07-10,2024,PERSIST,60,0.06911246989067998,0.031608302809186986,0.02693955050633475
2024-07-11,2024,START,60,0.0571010248901902,-0.014671065223151817,-0.008868791186107446
2024-07-12,2024,PERSIST,60,0.07355099046221558,0.03547531025254719,0.03314758223207208
2024-07-15,2024,START,60,0.07421590080233398,0.000890031480536806,-0.011463149124585377
2024-07-16,2024,PERSIST,60,0.06465440257188781,0.034439025579818185,0.027878353901728728
2024-07-17,2024,PERSIST,60,0.07920792079207928,0.032485709368421066,0.03071761334033449
2024-07-18,2024,PERSIST,60,0.10260168559912053,0.039222917009280024,0.03470718601796882
2024-07-19,2024,PERSIST,60,0.11332227750138202,0.04871978226051522,0.04657251754316085
2024-07-22,2024,PERSIST,60,0.1049723756906078,0.03157837816549349,0.01808920747197243
2024-07-23,2024,PERSIST,60,0.10407073125805844,0.033853575406612164,0.03609093423141368
2024-07-24,2024,PERSIST,60,0.11098737936154413,0.023363846577036614,0.021667401961714437
2024-07-25,2024,START,60,0.13629518072289137,-0.017411414699325924,-0.016407040849848863
2024-07-26,2024,PERSIST,60,0.13271547729379063,0.037416156407995387,0.023992384137723904
2024-07-29,2024,PERSIST,60,0.1414761108012641,0.034622164118737905,0.03843418564377658
2024-07-30,2024,PERSIST,60,0.11219963031423297,0.03366104326684319,0.033382786128709166
2024-07-31,2024,PERSIST,60,0.09271041628794752,0.03311482187344801,0.03433509723158295
2024-08-01,2024,PERSIST,60,0.09643835616438357,0.03108668757548198,0.03208410270003093
2024-08-02,2024,PERSIST,60,0.1183673469387756,0.03580911180961583,0.03618692993928294
2024-08-05,2024,WEAK,60,0.0962616822429907,-0.01638867509370789,-0.020061090716916016
2024-08-06,2024,WEAK,60,0.11644997173544369,-0.00850642943662231,-0.01873437751780388
2024-08-07,2024,PULLBACK,60,0.10402245088868112,-0.033249109787280635,-0.02847970056559319
2024-08-08,2024,WEAK,60,0.07843137254901977,-0.007267195754658132,-0.004271237252207079
2024-08-09,2024,WEAK,60,0.07301293900184835,-0.01407284458039973,-0.017094176180447885
2024-08-12,2024,PULLBACK,60,0.04528853177501824,-0.02166108074148388,-0.019211532503663975
2024-08-13,2024,WEAK,60,0.04348620500639511,-0.03919669517295382,-0.03908815531355452
2024-08-14,2024,WEAK,60,0.05836862456269576,-0.029177744990797803,-0.042635935190791445
2024-08-15,2024,WEAK,60,0.0633119853613906,-0.035664536911518344,-0.05089946738435938
2024-08-16,2024,PERSIST,60,0.07233733187931679,0.04552127326505366,0.04826890670488747
2024-08-19,2024,PERSIST,60,0.07293178519593613,0.03718272335469165,0.0367361395091669
2024-08-20,2024,PERSIST,60,0.08233587232499096,0.037016013455406865,0.036649868228832774
2024-08-21,2024,PERSIST,60,0.08563685636856366,0.0379510346500106,0.03732933967973406
2024-08-22,2024,PERSIST,60,0.06013808139534893,0.03174464020518327,0.030408961381863366
2024-08-23,2024,PERSIST,60,0.0604415490408976,0.031777501289310915,0.029987354485743096
2024-08-26,2024,PERSIST,60,0.0548118668596238,0.03038570908315967,0.031498478971557255
2024-08-27,2024,PERSIST,60,0.06023444544634793,0.026506507290194818,0.02719943512471129
2024-08-28,2024,PERSIST,60,0.05614731901065184,0.029866070719479484,0.027527364394202666
2024-08-29,2024,PERSIST,60,0.07036903039073805,0.0286929895659242,0.025182734870838365
2024-08-30,2024,PERSIST,60,0.07447774750227065,0.034585198282433775,0.03360370437233076
2024-09-02,2024,PERSIST,60,0.08220925993437844,0.026375137294672234,0.025115869948314842
2024-09-03,2024,PERSIST,60,0.07063332724949811,0.012239550281741968,0.011445350983453473
2024-09-04,2024,PERSIST,60,0.08353091373335775,0.019664576480836627,0.01912034177078239
2024-09-05,2024,PERSIST,60,0.08348457350272231,0.015250732710488494,0.01279697485975775
2024-09-06,2024,PERSIST,60,0.09899726526891506,0.017322212619097384,0.019260503380088778
2024-09-09,2024,PERSIST,60,0.0954281567489117,0.02377975981321469,0.02283816341192672
2024-09-10,2024,PERSIST,60,0.08670520231213885,0.02378469226757166,0.02223749852156334
2024-09-11,2024,PERSIST,60,0.07543415340086845,0.022014812658389223,0.021842618186198745
2024-09-12,2024,PERSIST,60,0.06128629966150001,0.026432991907856786,0.027323999215459287
2024-09-13,2024,PERSIST,60,0.05710727628535839,0.019553799870913855,0.020219801411601433
2024-09-18,2024,PERSIST,60,0.049365050974780944,0.021647313410263564,0.02098527524625369
2024-09-19,2024,PERSIST,60,0.04591564335290976,0.022744952453858665,0.018561741789603826
2024-09-20,2024,PERSIST,60,0.04116094986807384,0.017751818187405316,0.016325217083365005
2024-09-23,2024,PERSIST,60,0.03582037392975712,0.0161179014996206,0.018304414805613463
2024-09-24,2024,PERSIST,60,0.036338225017470416,0.019072526997587907,0.018771223352249587
2024-09-25,2024,PERSIST,60,0.03385416666666674,0.013108118958842136,0.00874380932984266
2024-09-26,2024,PERSIST,60,0.034602677795166015,0.013743823300892244,0.011513890553267509
2024-09-27,2024,PERSIST,60,0.05138199858256565,0.018243004587690178,0.015010980534075725
2024-09-30,2024,PERSIST,60,0.040830693417810426,0.016313123831515043,0.014224801326717933
